{"credit":"MadewithBlockbench","textures":{"particle":"cosmetic:hand/mctown_icecream"},"elements":[{"from":[6,0,6],"to":[10,8,10],"rotation":{"angle":0,"axis":"y","origin":[14,8,14]},"faces":{"north":{"uv":[0.33333,8.33333,1.66667,11],"texture":"#particle"},"east":{"uv":[0.33333,8.33333,1.66667,11],"texture":"#particle"},"south":{"uv":[0.33333,8.33333,1.66667,11],"texture":"#particle"},"west":{"uv":[0.33333,8.33333,1.66667,11],"texture":"#particle"},"down":{"uv":[1.66667,12.33333,0.33333,11],"texture":"#particle"}}},{"from":[5,8,5],"to":[11,12,11],"rotation":{"angle":0,"axis":"y","origin":[14,10,14]},"faces":{"north":{"uv":[2.33333,10.33333,4.33333,11.66667],"texture":"#particle"},"east":{"uv":[2.33333,10.33333,4.33333,11.66667],"texture":"#particle"},"south":{"uv":[2.33333,10.33333,4.33333,11.66667],"texture":"#particle"},"west":{"uv":[2.33333,10.33333,4.33333,11.66667],"texture":"#particle"},"up":{"uv":[4.33333,10.33333,2.33333,8.33333],"texture":"#particle"},"down":{"uv":[4.33333,13.66667,2.33333,11.66667],"texture":"#particle"}}},{"from":[3,13,3],"to":[9,19,9],"rotation":{"angle":45,"axis":"z","origin":[8,15,8]},"faces":{"north":{"uv":[2.33333,5.66667,4.33333,7.66667],"texture":"#particle"},"east":{"uv":[0.33333,5.66667,2.33333,7.66667],"texture":"#particle"},"south":{"uv":[6.33333,5.66667,8.33333,7.66667],"texture":"#particle"},"west":{"uv":[4.33333,5.66667,6.33333,7.66667],"texture":"#particle"},"up":{"uv":[11,7.66667,9,5.66667],"texture":"#particle"},"down":{"uv":[13.66667,7.66667,11.66667,5.66667],"texture":"#particle"}}},{"from":[6,19,6],"to":[8,25,8],"rotation":{"angle":45,"axis":"z","origin":[8,15,8]},"faces":{"north":{"uv":[5,9,5.66667,11],"texture":"#particle"},"east":{"uv":[5.66667,9,6.33333,11],"texture":"#particle"},"south":{"uv":[5,9,5.66667,11],"texture":"#particle"},"west":{"uv":[5.66667,9,6.33333,11],"texture":"#particle"},"up":{"uv":[5.66667,9,5,8.33333],"texture":"#particle"}}},{"from":[8,15,5],"to":[14,21,11],"rotation":{"angle":45,"axis":"z","origin":[8,15,8]},"faces":{"north":{"uv":[2.33333,3,4.33333,5],"texture":"#particle"},"east":{"uv":[0.33333,3,2.33333,5],"texture":"#particle"},"south":{"uv":[6.33333,3,8.33333,5],"texture":"#particle"},"west":{"uv":[4.33333,3,6.33333,5],"texture":"#particle"},"up":{"uv":[11,5,9,3],"texture":"#particle"},"down":{"uv":[13.66667,5,11.66667,3],"texture":"#particle"}}},{"from":[6,10,7],"to":[12,16,13],"rotation":{"angle":45,"axis":"z","origin":[8,15,8]},"faces":{"north":{"uv":[2.33333,0.33333,4.33333,2.33333],"texture":"#particle"},"east":{"uv":[0.33333,0.33333,2.33333,2.33333],"texture":"#particle"},"south":{"uv":[6.33333,0.33333,8.33333,2.33333],"texture":"#particle"},"west":{"uv":[4.33333,0.33333,6.33333,2.33333],"texture":"#particle"},"up":{"uv":[11,2.33333,9,0.33333],"texture":"#particle"},"down":{"uv":[13.66667,2.33333,11.66667,0.33333],"texture":"#particle"}}}],"display":{"thirdperson_righthand":{"rotation":[45,-22.5,0],"translation":[0,1.5,0.5],"scale":[0.55,0.55,0.55]},"thirdperson_lefthand":{"rotation":[45,-22.5,0],"translation":[0,1.5,0.5],"scale":[0.55,0.55,0.55]},"firstperson_righthand":{"translation":[1,1,-0.5],"scale":[0.4,0.4,0.4]},"firstperson_lefthand":{"translation":[1,1,-0.5],"scale":[0,0,0]},"ground":{"translation":[0,3.5,0],"scale":[0.5,0.5,0.5]},"gui":{"rotation":[-45,-180,45],"translation":[-2.5,-1,0],"scale":[0.65,0.65,0.65]},"head":{"rotation":[11,0,0],"translation":[0,-61.25,7.75],"scale":[1.41,1.41,1.41]},"fixed":{"rotation":[-90,0,0],"translation":[0,-2,-12],"scale":[1.5,1.5,1.5]}}}