{"credit":"MadewithBlockbench","textures":{"particle":"cosmetic:hand/mctown_easter_basket_multicolour"},"elements":[{"from":[5.5,0,5.5],"to":[10.5,0.5,10.5],"rotation":{"angle":0,"axis":"y","origin":[13,8,13]},"faces":{"up":{"uv":[3.66667,10.33333,0.33333,7],"texture":"#particle"},"down":{"uv":[3.66667,14.33333,0.33333,11],"texture":"#particle"}}},{"from":[5,0,5],"to":[10.5,4.5,5.5],"rotation":{"angle":0,"axis":"y","origin":[13,8.5,13]},"faces":{"north":{"uv":[0.33333,0.66667,4,3.66667],"texture":"#particle"},"south":{"uv":[4.33333,0.66667,8,3.66667],"texture":"#particle"},"west":{"uv":[4,0.66667,4.33333,3.66667],"texture":"#particle"},"up":{"uv":[0.33333,0.33333,4,0.66667],"texture":"#particle"},"down":{"uv":[0.33333,3.66667,4,4],"texture":"#particle"}}},{"from":[10.5,0,5],"to":[11,4.5,10.5],"rotation":{"angle":0,"axis":"y","origin":[10.75,2.25,7.75]},"faces":{"north":{"uv":[4,0.66667,4.33333,3.66667],"texture":"#particle"},"east":{"uv":[0.33333,0.66667,4,3.66667],"texture":"#particle"},"west":{"uv":[4.33333,0.66667,8,3.66667],"texture":"#particle"},"up":{"uv":[0.33333,0.33333,4,0.66667],"rotation":90,"texture":"#particle"},"down":{"uv":[0.33333,3.66667,4,4],"rotation":270,"texture":"#particle"}}},{"from":[5.5,0,10.5],"to":[11,4.5,11],"rotation":{"angle":0,"axis":"y","origin":[8.25,2.25,10.75]},"faces":{"north":{"uv":[4.33333,0.66667,8,3.66667],"texture":"#particle"},"east":{"uv":[4,0.66667,4.33333,3.66667],"texture":"#particle"},"south":{"uv":[0.33333,0.66667,4,3.66667],"texture":"#particle"},"up":{"uv":[0.33333,0.33333,4,0.66667],"rotation":180,"texture":"#particle"},"down":{"uv":[0.33333,3.66667,4,4],"rotation":180,"texture":"#particle"}}},{"from":[5,0,5.5],"to":[5.5,4.5,11],"rotation":{"angle":0,"axis":"y","origin":[5.25,2.25,8.25]},"faces":{"east":{"uv":[4.33333,0.66667,8,3.66667],"texture":"#particle"},"south":{"uv":[4,0.66667,4.33333,3.66667],"texture":"#particle"},"west":{"uv":[0.33333,0.66667,4,3.66667],"texture":"#particle"},"up":{"uv":[0.33333,0.33333,4,0.66667],"rotation":270,"texture":"#particle"},"down":{"uv":[0.33333,3.66667,4,4],"rotation":90,"texture":"#particle"}}},{"from":[7,0.5,4.5],"to":[9,2.5,5],"rotation":{"angle":0,"axis":"y","origin":[13,8,13]},"faces":{"north":{"uv":[6.33333,4.66667,7.66667,6],"texture":"#particle"},"east":{"uv":[6,4.66667,6.33333,6],"texture":"#particle"},"west":{"uv":[7.66667,4.66667,8,6],"texture":"#particle"},"up":{"uv":[7.66667,4.66667,6.33333,4.33333],"texture":"#particle"},"down":{"uv":[7.66667,6.33333,6.33333,6],"texture":"#particle"}}},{"from":[7.75,0.75,4.25],"to":[8.25,1.25,4.5],"rotation":{"angle":0,"axis":"y","origin":[13,7.5,13]},"faces":{"north":{"uv":[4.66667,14.33333,5,14.66667],"texture":"#particle"},"east":{"uv":[4.33333,14.33333,4.66667,14.66667],"texture":"#particle"},"west":{"uv":[5,14.33333,5.33333,14.66667],"texture":"#particle"},"up":{"uv":[5,14.33333,4.66667,14],"texture":"#particle"},"down":{"uv":[5,15,4.66667,14.66667],"texture":"#particle"}}},{"from":[7.25,2.5,4.5],"to":[7.75,4,5],"rotation":{"angle":0,"axis":"y","origin":[13,8,13]},"faces":{"north":{"uv":[4.66667,12.33333,5,13.33333],"texture":"#particle"},"east":{"uv":[4.33333,12.33333,4.66667,13.33333],"texture":"#particle"},"west":{"uv":[5,12.33333,5.33333,13.33333],"texture":"#particle"},"up":{"uv":[4.66667,12,5,12.33333],"texture":"#particle"}}},{"from":[8.25,2.5,4.5],"to":[8.75,4,5],"rotation":{"angle":0,"axis":"y","origin":[14,8,13]},"faces":{"north":{"uv":[4.66667,12.33333,5,13.33333],"texture":"#particle"},"east":{"uv":[4.33333,12.33333,4.66667,13.33333],"texture":"#particle"},"west":{"uv":[5,12.33333,5.33333,13.33333],"texture":"#particle"},"up":{"uv":[4.66667,12,5,12.33333],"texture":"#particle"}}},{"from":[4.5,3,7.5],"to":[5,8.5,8.5],"rotation":{"angle":0,"axis":"y","origin":[12.5,11,15.5]},"faces":{"north":{"uv":[5,7,5.33333,10.66667],"texture":"#particle"},"east":{"uv":[4.33333,7,5,10.66667],"texture":"#particle"},"south":{"uv":[5,7,5.33333,10.66667],"texture":"#particle"},"west":{"uv":[5.33333,7,6,10.66667],"texture":"#particle"},"down":{"uv":[5.33333,11.33333,5,10.66667],"texture":"#particle"}}},{"from":[11,3,7.5],"to":[11.5,8.5,8.5],"rotation":{"angle":0,"axis":"y","origin":[3.5,11,15.5]},"faces":{"north":{"uv":[5.33333,7,5,10.66667],"texture":"#particle"},"east":{"uv":[6,7,5.33333,10.66667],"texture":"#particle"},"south":{"uv":[5.33333,7,5,10.66667],"texture":"#particle"},"west":{"uv":[5,7,4.33333,10.66667],"texture":"#particle"},"down":{"uv":[5,11.33333,5.33333,10.66667],"texture":"#particle"}}},{"from":[4.5,8.5,7.5],"to":[11.5,9,8.5],"rotation":{"angle":0,"axis":"y","origin":[13,16.5,15.5]},"faces":{"north":{"uv":[0.33333,5.33333,4.66667,5.66667],"texture":"#particle"},"east":{"uv":[5.33333,5.33333,4.66667,5.66667],"texture":"#particle"},"south":{"uv":[4.66667,5.33333,0.33333,5.66667],"texture":"#particle"},"west":{"uv":[4.66667,5.33333,5.33333,5.66667],"texture":"#particle"},"up":{"uv":[4.66667,5.33333,0.33333,4.66667],"texture":"#particle"},"down":{"uv":[4.66667,6.33333,0.33333,5.66667],"texture":"#particle"}}},{"from":[8.5,5.18087,2.97762],"to":[10.5,8.18087,4.97762],"rotation":{"angle":-22.5,"axis":"x","origin":[16.5,12.18087,10.97762]},"faces":{"north":{"uv":[10,6.33333,11.33333,8.33333],"texture":"#particle"},"east":{"uv":[8.66667,6.33333,10,8.33333],"texture":"#particle"},"south":{"uv":[12.66667,6.33333,14,8.33333],"texture":"#particle"},"west":{"uv":[11.33333,6.33333,12.66667,8.33333],"texture":"#particle"},"up":{"uv":[11.33333,6.33333,10,5],"texture":"#particle"}}},{"from":[7,3,7.5],"to":[8.5,6,9],"faces":{"north":{"uv":[7.66667,10,8.66667,12],"texture":"#particle"},"east":{"uv":[6.66667,10,7.66667,12],"texture":"#particle"},"south":{"uv":[9.66667,10,10.66667,12],"texture":"#particle"},"west":{"uv":[8.66667,10,9.66667,12],"texture":"#particle"},"up":{"uv":[8.66667,10,7.66667,9],"texture":"#particle"}}},{"from":[5.5,2.25,8.25],"to":[7,5.25,9.75],"faces":{"north":{"uv":[12.33333,10,13.33333,12],"texture":"#particle"},"east":{"uv":[11.33333,10,12.33333,12],"texture":"#particle"},"south":{"uv":[14.33333,10,15.33333,12],"texture":"#particle"},"west":{"uv":[13.33333,10,14.33333,12],"texture":"#particle"},"up":{"uv":[13.33333,10,12.33333,9],"texture":"#particle"}}},{"from":[7,1.75,9],"to":[8.5,4.75,10.5],"faces":{"north":{"uv":[12.33333,13.66667,13.33333,15.66667],"texture":"#particle"},"east":{"uv":[11.33333,13.66667,12.33333,15.66667],"texture":"#particle"},"south":{"uv":[14.33333,13.66667,15.33333,15.66667],"texture":"#particle"},"west":{"uv":[13.33333,13.66667,14.33333,15.66667],"texture":"#particle"},"up":{"uv":[13.33333,13.66667,12.33333,12.66667],"texture":"#particle"}}},{"from":[11.14645,3.68198,9],"to":[12.64645,6.68198,10.5],"rotation":{"angle":-45,"axis":"z","origin":[10.14645,7.68198,8.5]},"faces":{"north":{"uv":[7.66667,13.66667,8.66667,15.66667],"texture":"#particle"},"east":{"uv":[6.66667,13.66667,7.66667,15.66667],"texture":"#particle"},"south":{"uv":[9.66667,13.66667,10.66667,15.66667],"texture":"#particle"},"west":{"uv":[8.66667,13.66667,9.66667,15.66667],"texture":"#particle"},"up":{"uv":[8.66667,13.66667,7.66667,12.66667],"texture":"#particle"}}},{"from":[5.5,1.25,5.5],"to":[7.5,5.25,7.5],"faces":{"north":{"uv":[10,1.66667,11.33333,4.33333],"texture":"#particle"},"east":{"uv":[8.66667,1.66667,10,4.33333],"texture":"#particle"},"south":{"uv":[12.66667,1.66667,14,4.33333],"texture":"#particle"},"west":{"uv":[11.33333,1.66667,12.66667,4.33333],"texture":"#particle"},"up":{"uv":[11.33333,1.66667,10,0.33333],"texture":"#particle"}}}],"display":{"thirdperson_righthand":{"rotation":[80,15,5],"translation":[0,-1.5,0.5]},"thirdperson_lefthand":{"rotation":[80,15,5],"translation":[0,-1.5,0.5]},"firstperson_righthand":{"rotation":[5,110,10],"translation":[2.5,5,-1],"scale":[0.85,0.85,0.85]},"firstperson_lefthand":{"rotation":[5,110,10],"translation":[2.5,5,-1],"scale":[0,0,0]},"ground":{"rotation":[40,35,0],"translation":[0,6,3]},"gui":{"rotation":[30,225,0],"translation":[0,4,0],"scale":[1.2,1.2,1.2]},"fixed":{"rotation":[-90,0,0],"translation":[0,0,-22],"scale":[3,3,3]}}}