{"textures":{"0":"modelengine:entity/flamentalgeyser"},"elements":[{"from":[-5.714287,8.571428,-5.714287],"to":[21.714287,8.571428,21.714287],"rotation":{"angle":0.0,"axis":"y","origin":[8.0,8.571428,8.0]},"faces":{"east":{"uv":[6.125,0.125,12.125,0.125],"rotation":0,"texture":"#0","tintindex":0},"south":{"uv":[6.125,0.25,12.125,0.25],"rotation":0,"texture":"#0","tintindex":0},"north":{"uv":[6.125,0.0,12.125,0.0],"rotation":0,"texture":"#0","tintindex":0},"west":{"uv":[6.125,0.375,12.125,0.375],"rotation":0,"texture":"#0","tintindex":0},"up":{"uv":[6.0,6.0,0.0,0.0],"rotation":0,"texture":"#0","tintindex":0},"down":{"uv":[6.0,6.125,0.0,12.125],"rotation":0,"texture":"#0","tintindex":0}}}],"display":{"head":{"translation":[0.0,-6.4,0.0],"scale":[4.0,4.0,4.0]}}}