{"credit":"MadewithBlockbench","texture_size":[32,32],"textures":{"0":"elitecreatures:restaurant_decoration_v1/restaurant_sign_flag","particle":"elitecreatures:restaurant_decoration_v1/restaurant_sign_flag"},"elements":[{"from":[1,27,14],"to":[15,29,16],"faces":{"north":{"uv":[6,0,13,1],"texture":"#0"},"east":{"uv":[8.5,2,9.5,3],"texture":"#0"},"south":{"uv":[6,0,13,1],"texture":"#0"},"west":{"uv":[8.5,2,9.5,3],"texture":"#0"},"up":{"uv":[13,2,6,1],"texture":"#0"},"down":{"uv":[13,2,6,1],"texture":"#0"}}},{"from":[1,2,14],"to":[15,4,16],"faces":{"north":{"uv":[6,0,13,1],"texture":"#0"},"east":{"uv":[8.5,2,9.5,3],"texture":"#0"},"south":{"uv":[6,0,13,1],"texture":"#0"},"west":{"uv":[8.5,2,9.5,3],"texture":"#0"},"up":{"uv":[13,2,6,1],"texture":"#0"},"down":{"uv":[13,2,6,1],"texture":"#0"}}},{"from":[2,4,15],"to":[14,27,15],"faces":{"north":{"uv":[0,0,6,11.5],"texture":"#0"},"south":{"uv":[0,0,6,11.5],"texture":"#0"}}},{"from":[5.2,28,13],"to":[8.2,32,15],"faces":{"north":{"uv":[6,2,7.5,4],"texture":"#0"},"east":{"uv":[6,4,7,6],"texture":"#0"},"south":{"uv":[6,2,7.5,4],"texture":"#0"},"west":{"uv":[6,4,7,6],"texture":"#0"},"up":{"uv":[8.5,5,7,4],"texture":"#0"},"down":{"uv":[8.5,5,7,4],"texture":"#0"}}},{"from":[8.2,28.5,13],"to":[10.7,31.5,15],"faces":{"north":{"uv":[6,6,7.25,7.5],"texture":"#0"},"east":{"uv":[6,7.5,7,9],"texture":"#0"},"south":{"uv":[6,6,7.25,7.5],"texture":"#0"},"west":{"uv":[6,7.5,7,9],"texture":"#0"},"up":{"uv":[9.25,9,8,8],"texture":"#0"},"down":{"uv":[9.25,9,8,8],"texture":"#0"}}},{"from":[10.7,29.5,13],"to":[11.7,30.5,15],"faces":{"north":{"uv":[7,7.5,7.5,8],"texture":"#0"},"east":{"uv":[7.5,3.5,8.5,4],"texture":"#0"},"south":{"uv":[7,7.5,7.5,8],"texture":"#0"},"west":{"uv":[7.5,3.5,8.5,4],"texture":"#0"},"up":{"uv":[9,8,8.5,7],"texture":"#0"},"down":{"uv":[9,8,8.5,7],"texture":"#0"}}},{"from":[11.7,28.5,13],"to":[13.7,31.5,15],"faces":{"north":{"uv":[7.5,6.5,8.5,8],"texture":"#0"},"east":{"uv":[7,8,8,9.5],"texture":"#0"},"south":{"uv":[7.5,6.5,8.5,8],"texture":"#0"},"west":{"uv":[7,8,8,9.5],"texture":"#0"},"up":{"uv":[9.5,6,8.5,5],"texture":"#0"},"down":{"uv":[9.5,6,8.5,5],"texture":"#0"}}},{"from":[3.2,28.5,13],"to":[5.2,31.5,15],"faces":{"north":{"uv":[7.5,2,8.5,3.5],"texture":"#0"},"east":{"uv":[7.5,5,8.5,6.5],"texture":"#0"},"south":{"uv":[7.5,2,8.5,3.5],"texture":"#0"},"west":{"uv":[7.5,5,8.5,6.5],"texture":"#0"},"up":{"uv":[9.5,4,8.5,3],"texture":"#0"},"down":{"uv":[9.5,4,8.5,3],"texture":"#0"}}},{"from":[2.2,29,13],"to":[3.2,31,15],"faces":{"north":{"uv":[7,5,7.5,6],"texture":"#0"},"east":{"uv":[8.5,4,9.5,5],"texture":"#0"},"south":{"uv":[7,5,7.5,6],"texture":"#0"},"west":{"uv":[8.5,4,9.5,5],"texture":"#0"},"up":{"uv":[9,7,8.5,6],"texture":"#0"},"down":{"uv":[9,7,8.5,6],"texture":"#0"}}}],"gui_light":"front","display":{"thirdperson_righthand":{"translation":[0,3,1],"scale":[0.55,0.55,0.55]},"thirdperson_lefthand":{"translation":[0,3,1],"scale":[0.55,0.55,0.55]},"firstperson_righthand":{"rotation":[0,-90,25],"translation":[1.13,3.2,1.13],"scale":[0.68,0.68,0.68]},"firstperson_lefthand":{"rotation":[0,-90,25],"translation":[3.38,3.2,1.13],"scale":[0.68,0.68,0.68]},"ground":{"translation":[0,2,-2.75],"scale":[0.5,0.5,0.5]},"gui":{"rotation":[30,225,0],"translation":[2.25,-4.25,0],"scale":[0.43,0.43,0.43]},"head":{"rotation":[0,180,0],"translation":[0,13,7]},"fixed":{"rotation":[0,180,0],"translation":[0,-36,9.5],"scale":[2,2,2]}}}