{"credit":"MadewithBlockbench","texture_size":[64,64],"textures":{"0":"elitecreatures:restaurant_decoration_v1/restaurant_food_bigmeat","particle":"elitecreatures:restaurant_decoration_v1/restaurant_food_bigmeat"},"elements":[{"from":[-1,0,1],"to":[17,2,15],"faces":{"north":{"uv":[7.5,3.75,12,4.25],"texture":"#0"},"east":{"uv":[8.25,4.25,11.75,4.75],"texture":"#0"},"south":{"uv":[7.5,3.75,12,4.25],"texture":"#0"},"west":{"uv":[8.75,3.25,12.25,3.75],"texture":"#0"},"up":{"uv":[4.5,3.5,0,0],"texture":"#0"},"down":{"uv":[4.5,3.5,0,0],"texture":"#0"}}},{"from":[-3,0,4],"to":[-2,2,12],"faces":{"north":{"uv":[9.375,1.625,9.625,2.125],"texture":"#0"},"east":{"uv":[10.625,0,12.625,0.5],"texture":"#0"},"south":{"uv":[9.375,1.625,9.625,1.875],"texture":"#0"},"west":{"uv":[10.625,0,12.625,0.5],"texture":"#0"},"up":{"uv":[9.875,0,10.125,2],"texture":"#0"},"down":{"uv":[9.875,0,10.125,2],"texture":"#0"}}},{"from":[-2,0,4],"to":[-1,2,6],"faces":{"north":{"uv":[10.25,0,10.5,0.5],"texture":"#0"},"east":{"uv":[9.25,0.625,9.5,1.125],"texture":"#0"},"south":{"uv":[10.5,0,10.25,0.5],"texture":"#0"},"west":{"uv":[9.25,0.625,9.75,1.125],"texture":"#0"},"up":{"uv":[10.25,0.625,10.5,1.125],"texture":"#0"},"down":{"uv":[10.25,0.625,10.5,1.125],"texture":"#0"}}},{"from":[-2,0,10],"to":[-1,2,12],"faces":{"north":{"uv":[10.25,0,10.5,0.5],"texture":"#0"},"east":{"uv":[9.25,0.625,9.5,1.125],"texture":"#0"},"south":{"uv":[10.5,0,10.25,0.5],"texture":"#0"},"west":{"uv":[9.25,0.625,9.5,1.125],"texture":"#0"},"up":{"uv":[10.25,0.625,10.5,1.125],"texture":"#0"},"down":{"uv":[10.25,0.625,10.5,1.125],"texture":"#0"}}},{"from":[10,2,3],"to":[15,14,13],"faces":{"north":{"uv":[0,6.5,1,9.5],"texture":"#0"},"east":{"uv":[0,3.5,2.5,6.5],"texture":"#0"},"south":{"uv":[0,6.5,1,9.5],"texture":"#0"},"west":{"uv":[2.5,3.5,5,6.5],"texture":"#0"},"up":{"uv":[8,2.5,7,0],"texture":"#0"},"down":{"uv":[8,2.5,7,0],"texture":"#0"}}},{"from":[12,3,2],"to":[15,5,3],"faces":{"north":{"uv":[8,1,8.75,1.5],"texture":"#0"},"east":{"uv":[7.5,4.25,7.75,4.75],"texture":"#0"},"south":{"uv":[8,1,8.75,1.5],"texture":"#0"},"west":{"uv":[7.5,4.25,7.75,4.75],"texture":"#0"},"up":{"uv":[8.75,6.75,8,6.5],"texture":"#0"},"down":{"uv":[8.75,6.75,8,6.5],"texture":"#0"}}},{"from":[10,5,2],"to":[15,10,3],"faces":{"north":{"uv":[7.5,2.5,8.75,3.75],"texture":"#0"},"east":{"uv":[6.5,7.75,6.75,9],"texture":"#0"},"south":{"uv":[7.5,2.5,8.75,3.75],"texture":"#0"},"west":{"uv":[6.5,7.75,6.75,9],"texture":"#0"},"up":{"uv":[9.25,1.75,8,1.5],"texture":"#0"},"down":{"uv":[9.25,1.75,8,1.5],"texture":"#0"}}},{"from":[11,10,2],"to":[15,13,3],"faces":{"north":{"uv":[5,7.75,6,8.5],"texture":"#0"},"east":{"uv":[8,6.75,8.25,7.5],"texture":"#0"},"south":{"uv":[5,7.75,6,8.5],"texture":"#0"},"west":{"uv":[8,6.75,8.25,7.5],"texture":"#0"},"up":{"uv":[9,2.5,8,2.25],"texture":"#0"},"down":{"uv":[9,2.5,8,2.25],"texture":"#0"}}},{"from":[11,10,13],"to":[15,13,14],"rotation":{"angle":0,"axis":"y","origin":[0,0,16]},"faces":{"north":{"uv":[6,7.75,5,8.5],"texture":"#0"},"east":{"uv":[8.25,6.75,8,7.5],"texture":"#0"},"south":{"uv":[6,7.75,5,8.5],"texture":"#0"},"west":{"uv":[8.25,6.75,8,7.5],"texture":"#0"},"up":{"uv":[9,2.25,8,2.5],"texture":"#0"},"down":{"uv":[9,2.25,8,2.5],"texture":"#0"}}},{"from":[10,5,13],"to":[15,10,14],"rotation":{"angle":0,"axis":"y","origin":[0,0,16]},"faces":{"north":{"uv":[8.75,2.5,7.5,3.75],"texture":"#0"},"east":{"uv":[6.75,7.75,6.5,9],"texture":"#0"},"south":{"uv":[8.75,2.5,7.5,3.75],"texture":"#0"},"west":{"uv":[6.75,7.75,6.5,9],"texture":"#0"},"up":{"uv":[9.25,1.5,8,1.75],"texture":"#0"},"down":{"uv":[9.25,1.5,8,1.75],"texture":"#0"}}},{"from":[12,3,13],"to":[15,5,14],"rotation":{"angle":0,"axis":"y","origin":[0,0,16]},"faces":{"north":{"uv":[8.75,1,8,1.5],"texture":"#0"},"east":{"uv":[7.75,4.25,7.5,4.75],"texture":"#0"},"south":{"uv":[8.75,1,8,1.5],"texture":"#0"},"west":{"uv":[7.75,4.25,7.5,4.75],"texture":"#0"},"up":{"uv":[8.75,6.5,8,6.75],"texture":"#0"},"down":{"uv":[8.75,6.5,8,6.75],"texture":"#0"}}},{"from":[6,2,3],"to":[10,13,13],"faces":{"north":{"uv":[1,6.5,2,9.25],"texture":"#0"},"east":{"uv":[4.5,0,7,2.75],"texture":"#0"},"south":{"uv":[1,6.5,2,9.25],"texture":"#0"},"west":{"uv":[4.5,0,7,2.75],"texture":"#0"},"up":{"uv":[4.5,9,3.5,6.5],"texture":"#0"},"down":{"uv":[4.5,9,3.5,6.5],"texture":"#0"}}},{"from":[3,2,4],"to":[6,11,12],"faces":{"north":{"uv":[7,4.75,7.75,7],"texture":"#0"},"east":{"uv":[5,4.75,7,7],"texture":"#0"},"south":{"uv":[7,4.75,7.75,7],"texture":"#0"},"west":{"uv":[5,4.75,7,7],"texture":"#0"},"up":{"uv":[7.75,9,7,7],"texture":"#0"},"down":{"uv":[7.75,9,7,7],"texture":"#0"}}},{"from":[1,3,5],"to":[3,10,11],"faces":{"north":{"uv":[7.75,4.25,8.25,6],"texture":"#0"},"east":{"uv":[2,6.5,3.5,8.25],"texture":"#0"},"south":{"uv":[7.75,4.25,8.25,6],"texture":"#0"},"west":{"uv":[2,6.5,3.5,8.25],"texture":"#0"},"up":{"uv":[5,9.25,4.5,7.75],"texture":"#0"},"down":{"uv":[5,9.25,4.5,7.75],"texture":"#0"}}},{"from":[-2,5.5,7],"to":[1,7.5,9],"faces":{"north":{"uv":[8,0,8.75,0.5],"texture":"#0"},"east":{"uv":[4.5,2.75,5,3.25],"texture":"#0"},"south":{"uv":[8,0,8.75,0.5],"texture":"#0"},"west":{"uv":[4.5,2.75,5,3.25],"texture":"#0"},"up":{"uv":[8.75,1,8,0.5],"texture":"#0"},"down":{"uv":[8.75,1,8,0.5],"texture":"#0"}}},{"from":[-3,3.5,7],"to":[-1,5.5,9],"faces":{"north":{"uv":[4.5,6.5,5,7],"texture":"#0"},"east":{"uv":[8,1.75,8.5,2.25],"texture":"#0"},"south":{"uv":[4.5,6.5,5,7],"texture":"#0"},"west":{"uv":[8,1.75,8.5,2.25],"texture":"#0"},"up":{"uv":[8.5,6.5,8,6],"texture":"#0"},"down":{"uv":[8.5,6.5,8,6],"texture":"#0"}}},{"from":[-3,7.5,7],"to":[-1,9.5,9],"faces":{"north":{"uv":[4.5,6.5,5,7],"texture":"#0"},"east":{"uv":[8,1.75,8.5,2.25],"texture":"#0"},"south":{"uv":[4.5,6.5,5,7],"texture":"#0"},"west":{"uv":[8,1.75,8.5,2.25],"texture":"#0"},"up":{"uv":[8.5,6.5,8,6],"texture":"#0"},"down":{"uv":[8.5,6.5,8,6],"texture":"#0"}}},{"from":[15,7,7],"to":[16,9,9],"faces":{"north":{"uv":[8.875,0,9.125,0.5],"texture":"#0"},"east":{"uv":[9.25,0,9.75,0.5],"texture":"#0"},"south":{"uv":[8.875,0,9.125,0.5],"texture":"#0"},"up":{"uv":[8.875,0.625,9.125,1.125],"texture":"#0"},"down":{"uv":[8.875,0.625,9.125,1.125],"texture":"#0"}}},{"from":[0,2.25,0],"to":[18,2.25,17],"faces":{"up":{"uv":[0,11.75,4.5,16],"texture":"#0"},"down":{"uv":[0,11.75,4.5,16],"texture":"#0"}}}],"gui_light":"front","display":{"thirdperson_righthand":{"translation":[0,3,1],"scale":[0.55,0.55,0.55]},"thirdperson_lefthand":{"translation":[0,3,1],"scale":[0.55,0.55,0.55]},"firstperson_righthand":{"rotation":[0,-90,25],"translation":[-2.87,3.2,1.13],"scale":[0.43,0.43,0.43]},"firstperson_lefthand":{"rotation":[0,-90,25],"translation":[-2.87,3.2,1.13],"scale":[0.43,0.43,0.43]},"ground":{"translation":[0,2,0],"scale":[0.5,0.5,0.5]},"gui":{"rotation":[30,225,0],"scale":[0.52,0.52,0.52]},"head":{"translation":[0,-35.25,0]},"fixed":{"rotation":[-90,0,0],"translation":[1,0,-11.5],"scale":[1.33,1.33,1.33]}}}