{"credit":"MadewithBlockbench","texture_size":[64,64],"textures":{"0":"elitecreatures:restaurant_decoration_v1/restaurant_food_soup","particle":"elitecreatures:restaurant_decoration_v1/restaurant_food_soup"},"elements":[{"from":[1,0,1],"to":[15,2,15],"faces":{"north":{"uv":[6.5,1.75,10,2.25],"texture":"#0"},"east":{"uv":[6.5,2.25,10,2.75],"texture":"#0"},"south":{"uv":[6.5,1.75,10,2.25],"texture":"#0"},"west":{"uv":[6.5,2.25,10,2.75],"texture":"#0"},"up":{"uv":[3.5,3.5,0,0],"texture":"#0"},"down":{"uv":[3.5,3.5,0,0],"texture":"#0"}}},{"from":[2,0,0],"to":[14,2,1],"faces":{"north":{"uv":[3,6.5,6,7],"texture":"#0"},"east":{"uv":[7,7.5,7.25,8],"texture":"#0"},"south":{"uv":[3,6.5,6,7],"texture":"#0"},"west":{"uv":[7,7.5,7.25,8],"texture":"#0"},"up":{"uv":[9.5,2.75,6.5,3],"texture":"#0"},"down":{"uv":[9.5,3,6.5,2.75],"texture":"#0"}}},{"from":[2,0,15],"to":[14,2,16],"faces":{"north":{"uv":[3,6.5,6,7],"texture":"#0"},"east":{"uv":[7,7.5,7.25,8],"texture":"#0"},"south":{"uv":[3,6.5,6,7],"texture":"#0"},"west":{"uv":[7,7.5,7.25,8],"texture":"#0"},"up":{"uv":[9.5,3,6.5,2.75],"texture":"#0"},"down":{"uv":[9.5,3,6.5,2.75],"texture":"#0"}}},{"from":[0,0,2],"to":[1,2,14],"faces":{"north":{"uv":[7,7.5,7.25,8],"texture":"#0"},"east":{"uv":[3,6.5,6,7],"texture":"#0"},"south":{"uv":[7,7.5,7.25,8],"texture":"#0"},"west":{"uv":[3,6.5,6,7],"texture":"#0"},"up":{"uv":[9.5,3,6.5,2.75],"rotation":90,"texture":"#0"},"down":{"uv":[9.5,3,6.5,2.75],"rotation":270,"texture":"#0"}}},{"from":[15,0,2],"to":[16,2,14],"faces":{"north":{"uv":[7,7.5,7.25,8],"texture":"#0"},"east":{"uv":[3,6.5,6,7],"texture":"#0"},"south":{"uv":[7,7.5,7.25,8],"texture":"#0"},"west":{"uv":[3,6.5,6,7],"texture":"#0"},"up":{"uv":[9.5,2.75,6.5,3],"rotation":90,"texture":"#0"},"down":{"uv":[9.5,3,6.5,2.75],"rotation":270,"texture":"#0"}}},{"from":[2,3,2],"to":[14,5,14],"faces":{"north":{"uv":[6,6.5,9,7],"texture":"#0"},"east":{"uv":[3,7,6,7.5],"texture":"#0"},"south":{"uv":[6,6.5,9,7],"texture":"#0"},"west":{"uv":[3,7,6,7.5],"texture":"#0"},"up":{"uv":[3,6.5,0,3.5],"texture":"#0"},"down":{"uv":[3,6.5,0,3.5],"texture":"#0"}}},{"from":[3,2,3],"to":[13,3,13],"faces":{"north":{"uv":[3,6,5.5,6.25],"texture":"#0"},"east":{"uv":[3,6.25,5.5,6.5],"texture":"#0"},"south":{"uv":[3,6,5.5,6.25],"texture":"#0"},"west":{"uv":[3,6.25,5.5,6.5],"texture":"#0"},"up":{"uv":[5.5,6,3,3.5],"texture":"#0"},"down":{"uv":[5.5,6,3,3.5],"texture":"#0"}}},{"from":[14,5,1],"to":[15,12,15],"faces":{"north":{"uv":[3.75,7.5,4,9.25],"texture":"#0"},"east":{"uv":[5.5,3,9,4.75],"texture":"#0"},"south":{"uv":[3.75,7.5,4,9.25],"texture":"#0"},"west":{"uv":[5.5,4.75,9,6.5],"texture":"#0"},"up":{"uv":[6.25,10.5,6,7],"texture":"#0"},"down":{"uv":[6.25,10.5,6,7],"texture":"#0"}}},{"from":[1,5,1],"to":[2,12,15],"rotation":{"angle":0,"axis":"y","origin":[16,0,0]},"faces":{"north":{"uv":[4,7.5,3.75,9.25],"texture":"#0"},"east":{"uv":[9,4.75,5.5,6.5],"texture":"#0"},"south":{"uv":[4,7.5,3.75,9.25],"texture":"#0"},"west":{"uv":[9,3,5.5,4.75],"texture":"#0"},"up":{"uv":[6,10.5,6.25,7],"texture":"#0"},"down":{"uv":[6,10.5,6.25,7],"texture":"#0"}}},{"from":[2,5,1],"to":[14,12,2],"faces":{"north":{"uv":[0,6.5,3,8.25],"texture":"#0"},"south":{"uv":[6.5,0,9.5,1.75],"texture":"#0"},"up":{"uv":[9.25,7.25,6.25,7],"texture":"#0"},"down":{"uv":[9.25,7.25,6.25,7.5],"texture":"#0"}}},{"from":[2,5,14],"to":[14,12,15],"rotation":{"angle":0,"axis":"y","origin":[0,0,16]},"faces":{"north":{"uv":[9.5,0,6.5,1.75],"texture":"#0"},"south":{"uv":[3,6.5,0,8.25],"texture":"#0"},"up":{"uv":[9.25,7,6.25,7.25],"texture":"#0"},"down":{"uv":[9.25,7.5,6.25,7.25],"texture":"#0"}}},{"from":[10,10,0],"to":[12,13,1],"faces":{"north":{"uv":[4,7.5,4.5,8.25],"texture":"#0"},"east":{"uv":[5.75,7.5,6,8.25],"texture":"#0"},"south":{"uv":[4,7.5,4.5,8.25],"texture":"#0"},"west":{"uv":[5.75,7.5,6,8.25],"texture":"#0"},"up":{"uv":[7.75,7.75,7.25,7.5],"texture":"#0"},"down":{"uv":[7.75,7.75,7.25,7.5],"texture":"#0"}}},{"from":[4,10,0],"to":[6,13,1],"faces":{"north":{"uv":[4,7.5,4.5,8.25],"texture":"#0"},"east":{"uv":[5.75,7.5,6,8.25],"texture":"#0"},"south":{"uv":[4,7.5,4.5,8.25],"texture":"#0"},"west":{"uv":[5.75,7.5,6,8.25],"texture":"#0"},"up":{"uv":[7.75,7.75,7.25,7.5],"texture":"#0"},"down":{"uv":[7.75,7.75,7.25,7.5],"texture":"#0"}}},{"from":[5,13,-1],"to":[11,14,0],"faces":{"north":{"uv":[3.5,3,5,3.25],"texture":"#0"},"east":{"uv":[5.5,7.75,5.75,8],"texture":"#0"},"south":{"uv":[3.5,3,5,3.25],"texture":"#0"},"west":{"uv":[5.5,7.75,5.75,8],"texture":"#0"},"up":{"uv":[5,3.5,3.5,3.25],"texture":"#0"},"down":{"uv":[5,3.5,3.5,3.25],"texture":"#0"}}},{"from":[10,10,15],"to":[12,13,16],"rotation":{"angle":0,"axis":"y","origin":[0,0,16]},"faces":{"north":{"uv":[4.5,7.5,4,8.25],"texture":"#0"},"east":{"uv":[6,7.5,5.75,8.25],"texture":"#0"},"south":{"uv":[4.5,7.5,4,8.25],"texture":"#0"},"west":{"uv":[6,7.5,5.75,8.25],"texture":"#0"},"up":{"uv":[7.75,7.5,7.25,7.75],"texture":"#0"},"down":{"uv":[7.75,7.5,7.25,7.75],"texture":"#0"}}},{"from":[5,13,16],"to":[11,14,17],"rotation":{"angle":0,"axis":"y","origin":[0,0,16]},"faces":{"north":{"uv":[5,3,3.5,3.25],"texture":"#0"},"east":{"uv":[5.75,7.75,5.5,8],"texture":"#0"},"south":{"uv":[5,3,3.5,3.25],"texture":"#0"},"west":{"uv":[5.75,7.75,5.5,8],"texture":"#0"},"up":{"uv":[5,3.25,3.5,3.5],"texture":"#0"},"down":{"uv":[5,3.25,3.5,3.5],"texture":"#0"}}},{"from":[4,10,15],"to":[6,13,16],"rotation":{"angle":0,"axis":"y","origin":[0,0,16]},"faces":{"north":{"uv":[4.5,7.5,4,8.25],"texture":"#0"},"east":{"uv":[6,7.5,5.75,8.25],"texture":"#0"},"south":{"uv":[4.5,7.5,4,8.25],"texture":"#0"},"west":{"uv":[6,7.5,5.75,8.25],"texture":"#0"},"up":{"uv":[7.75,7.5,7.25,7.75],"texture":"#0"},"down":{"uv":[7.75,7.5,7.25,7.75],"texture":"#0"}}},{"from":[2,10,2],"to":[14,11,14],"faces":{"up":{"uv":[6.5,3,3.5,0],"texture":"#0"}}},{"from":[7,11,9],"to":[10,12,12],"faces":{"north":{"uv":[5,7.5,5.75,7.75],"texture":"#0"},"east":{"uv":[6.25,7.5,7,7.75],"texture":"#0"},"south":{"uv":[5,7.5,5.75,7.75],"texture":"#0"},"west":{"uv":[6.25,7.5,7,7.75],"texture":"#0"},"up":{"uv":[3.75,8.25,3,7.5],"texture":"#0"},"down":{"uv":[3.75,8.25,3,7.5],"texture":"#0"}}},{"from":[5,11,6],"to":[7,12,8],"faces":{"north":{"uv":[5,7.75,5.5,8],"texture":"#0"},"east":{"uv":[6.25,7.75,6.75,8],"texture":"#0"},"south":{"uv":[5,7.75,5.5,8],"texture":"#0"},"west":{"uv":[6.25,7.75,6.75,8],"texture":"#0"},"up":{"uv":[5.5,3.5,5,3],"texture":"#0"},"down":{"uv":[5.5,3.5,5,3],"texture":"#0"}}},{"from":[9,10.5,4],"to":[11,11.5,6],"faces":{"north":{"uv":[7.25,7.75,7.75,8],"texture":"#0"},"east":{"uv":[7.75,7.5,8.25,7.75],"texture":"#0"},"south":{"uv":[7.25,7.75,7.75,8],"texture":"#0"},"west":{"uv":[7.75,7.5,8.25,7.75],"texture":"#0"},"up":{"uv":[5,8,4.5,7.5],"texture":"#0"},"down":{"uv":[5,8,4.5,7.5],"texture":"#0"}}},{"from":[8,10.5,7],"to":[9,11.5,8],"faces":{"north":{"uv":[6.75,7.75,7,8],"texture":"#0"},"east":{"uv":[7.75,7.75,8,8],"texture":"#0"},"south":{"uv":[6.75,7.75,7,8],"texture":"#0"},"west":{"uv":[7.75,7.75,8,8],"texture":"#0"},"up":{"uv":[4.75,8.25,4.5,8],"texture":"#0"},"down":{"uv":[4.75,8.25,4.5,8],"texture":"#0"}}},{"from":[5,10.5,10],"to":[6,11.5,11],"faces":{"north":{"uv":[4.75,8,5,8.25],"texture":"#0"},"east":{"uv":[5,8,5.25,8.25],"texture":"#0"},"south":{"uv":[4.75,8,5,8.25],"texture":"#0"},"west":{"uv":[5,8,5.25,8.25],"texture":"#0"},"up":{"uv":[5.5,8.25,5.25,8],"texture":"#0"},"down":{"uv":[5.5,8.25,5.25,8],"texture":"#0"}}},{"from":[4,10.5,4],"to":[5,11.5,5],"faces":{"north":{"uv":[5.5,8,5.75,8.25],"texture":"#0"},"east":{"uv":[6.25,8,6.5,8.25],"texture":"#0"},"south":{"uv":[5.5,8,5.75,8.25],"texture":"#0"},"west":{"uv":[6.25,8,6.5,8.25],"texture":"#0"},"up":{"uv":[6.75,8.25,6.5,8],"texture":"#0"},"down":{"uv":[6.75,8.25,6.5,8],"texture":"#0"}}},{"from":[11,10.5,8],"to":[12,11.5,9],"faces":{"north":{"uv":[6.75,8,7,8.25],"texture":"#0"},"east":{"uv":[7,8,7.25,8.25],"texture":"#0"},"south":{"uv":[6.75,8,7,8.25],"texture":"#0"},"west":{"uv":[7,8,7.25,8.25],"texture":"#0"},"up":{"uv":[7.5,8.25,7.25,8],"texture":"#0"},"down":{"uv":[7.5,8.25,7.25,8],"texture":"#0"}}},{"from":[6.5,7,11],"to":[7,13,12],"rotation":{"angle":22.5,"axis":"z","origin":[0,0,0]},"faces":{"north":{"uv":[9.25,5.5,9.375,7],"texture":"#0"},"east":{"uv":[9,5.5,9.25,7],"texture":"#0"},"south":{"uv":[9.25,5.5,9.375,7],"texture":"#0"},"west":{"uv":[9,5.5,9.25,7],"texture":"#0"},"up":{"uv":[9,5.25,9.125,5.5],"texture":"#0"},"down":{"uv":[9,5.25,9.125,5.5],"texture":"#0"}}},{"from":[6.5,13,10.7],"to":[7,17,12.3],"rotation":{"angle":22.5,"axis":"z","origin":[0,0,0]},"faces":{"north":{"uv":[9.5,5.625,9.625,6.625],"texture":"#0"},"east":{"uv":[9,4.5,9.4,5.5],"texture":"#0"},"south":{"uv":[9.5,5.625,9.625,6.625],"texture":"#0"},"west":{"uv":[9,4.5,9.4,5.5],"texture":"#0"},"up":{"uv":[9.5,5.125,9.625,5.525],"texture":"#0"},"down":{"uv":[9.5,5.125,9.625,5.525],"texture":"#0"}}}],"gui_light":"front","display":{"thirdperson_righthand":{"translation":[0,3,1],"scale":[0.55,0.55,0.55]},"thirdperson_lefthand":{"translation":[0,3,1],"scale":[0.55,0.55,0.55]},"ground":{"translation":[0,2,0],"scale":[0.5,0.5,0.5]},"gui":{"rotation":[30,225,0],"translation":[0,-0.5,0],"scale":[0.49,0.49,0.49]},"head":{"translation":[0,-35.25,0]},"fixed":{"rotation":[-90,0,0],"translation":[0,0,-8]}}}