{"credit":"MadewithBlockbench","texture_size":[64,64],"textures":{"0":"elitecreatures:restaurant_decoration_v1/restaurant_chair_one","particle":"elitecreatures:restaurant_decoration_v1/restaurant_chair_one"},"elements":[{"from":[1,7,8],"to":[15,10,16],"faces":{"north":{"uv":[4.125,13.125,7.625,13.875],"texture":"#0"},"east":{"uv":[4.125,12.25,6.125,13],"texture":"#0"},"south":{"uv":[4.125,13.125,7.625,13.875],"texture":"#0"},"west":{"uv":[6.125,12.25,4.125,13],"texture":"#0"},"up":{"uv":[4.125,14,7.625,16],"texture":"#0"},"down":{"uv":[4.125,14,7.625,16],"texture":"#0"}}},{"from":[0,7,1],"to":[16,10,8],"faces":{"north":{"uv":[0,13.375,4,14.125],"texture":"#0"},"east":{"uv":[0,12.5,1.75,13.25],"texture":"#0"},"south":{"uv":[0,13.375,4,14.125],"texture":"#0"},"west":{"uv":[0,12.5,1.75,13.25],"texture":"#0"},"up":{"uv":[0,14.25,4,16],"texture":"#0"},"down":{"uv":[0,14.25,4,16],"texture":"#0"}}},{"from":[11,10,13],"to":[14,22,16],"faces":{"north":{"uv":[15.25,11.75,16,14.75],"texture":"#0"},"east":{"uv":[14.375,11.75,15.125,14.75],"texture":"#0"},"south":{"uv":[16,11.75,15.25,14.75],"texture":"#0"},"west":{"uv":[14.375,11.75,15.125,14.75],"texture":"#0"},"up":{"uv":[15.25,10.875,16,11.625],"texture":"#0"},"down":{"uv":[15.25,10.875,16,11.625],"texture":"#0"}}},{"from":[2,10,13],"to":[5,22,16],"faces":{"north":{"uv":[16,11.75,15.25,14.75],"texture":"#0"},"east":{"uv":[14.375,11.75,15.125,14.75],"texture":"#0"},"south":{"uv":[15.25,11.75,16,14.75],"texture":"#0"},"west":{"uv":[15.125,11.75,14.375,14.75],"texture":"#0"},"up":{"uv":[15.25,10.875,16,11.625],"texture":"#0"},"down":{"uv":[15.25,10.875,16,11.625],"texture":"#0"}}},{"from":[3,22,13],"to":[13,24,16],"faces":{"north":{"uv":[10,11.75,12.5,12.25],"texture":"#0"},"east":{"uv":[9,11.75,9.75,12.25],"texture":"#0"},"south":{"uv":[10,11.75,12.5,12.25],"texture":"#0"},"west":{"uv":[9.75,11.75,9,12.25],"texture":"#0"},"up":{"uv":[10,10.875,12.5,11.625],"texture":"#0"},"down":{"uv":[10,10.875,12.5,11.625],"texture":"#0"}}},{"from":[7,10,13],"to":[9,22,16],"faces":{"north":{"uv":[13.75,11.75,14.25,14.75],"texture":"#0"},"east":{"uv":[12.75,11.75,13.5,14.75],"texture":"#0"},"south":{"uv":[13.75,11.75,14.25,14.75],"texture":"#0"},"west":{"uv":[12.75,11.75,13.5,14.75],"texture":"#0"},"up":{"uv":[12.125,13.5,12.625,14.25],"texture":"#0"},"down":{"uv":[12.125,13.5,12.625,14.25],"texture":"#0"}}},{"from":[11,0,2],"to":[14,6,5],"faces":{"north":{"uv":[8.625,14.5,9.375,16],"texture":"#0"},"east":{"uv":[7.75,14.5,8.5,16],"texture":"#0"},"south":{"uv":[8.625,14.5,9.375,16],"texture":"#0"},"west":{"uv":[7.75,14.5,8.5,16],"texture":"#0"},"up":{"uv":[7.75,13.625,8.5,14.375],"texture":"#0"},"down":{"uv":[7.75,13.625,8.5,14.375],"texture":"#0"}}},{"from":[11,0,12],"to":[14,6,15],"faces":{"north":{"uv":[8.625,14.5,9.375,16],"texture":"#0"},"east":{"uv":[7.75,14.5,8.5,16],"texture":"#0"},"south":{"uv":[8.625,14.5,9.375,16],"texture":"#0"},"west":{"uv":[7.75,14.5,8.5,16],"texture":"#0"},"up":{"uv":[7.75,13.625,8.5,14.375],"texture":"#0"},"down":{"uv":[7.75,13.625,8.5,14.375],"texture":"#0"}}},{"from":[11,6,3],"to":[14,7,14],"faces":{"north":{"uv":[9.5,12.875,10.25,13.125],"texture":"#0"},"east":{"uv":[10.5,15.75,13.25,16],"texture":"#0"},"south":{"uv":[9.5,12.875,10.25,13.125],"texture":"#0"},"west":{"uv":[10.5,15.75,13.25,16],"texture":"#0"},"up":{"uv":[9.5,13.25,10.25,16],"texture":"#0"},"down":{"uv":[9.5,13.25,10.25,16],"texture":"#0"}}},{"from":[5,4,3],"to":[11,6,5],"rotation":{"angle":0,"axis":"y","origin":[11,2,3]},"faces":{"north":{"uv":[14.5,15.5,16,16],"texture":"#0"},"east":{"uv":[15.5,14.875,16,15.375],"texture":"#0"},"south":{"uv":[14.5,15.5,16,16],"texture":"#0"},"west":{"uv":[15.5,14.875,16,15.375],"texture":"#0"},"up":{"uv":[14.5,15.5,16,16],"texture":"#0"},"down":{"uv":[14.5,15.5,16,16],"texture":"#0"}}},{"from":[5,4,12],"to":[11,6,14],"rotation":{"angle":0,"axis":"y","origin":[11,2,3]},"faces":{"north":{"uv":[14.5,15.5,16,16],"texture":"#0"},"east":{"uv":[15.5,14.875,16,15.375],"texture":"#0"},"south":{"uv":[14.5,15.5,16,16],"texture":"#0"},"west":{"uv":[15.5,14.875,16,15.375],"texture":"#0"},"up":{"uv":[14.5,15.5,16,16],"texture":"#0"},"down":{"uv":[14.5,15.5,16,16],"texture":"#0"}}},{"from":[11,4,5],"to":[14,6,12],"faces":{"north":{"uv":[11.375,14.5,12.125,15],"texture":"#0"},"east":{"uv":[10.5,15.125,12.25,15.625],"texture":"#0"},"south":{"uv":[11.375,14.5,12.125,15],"texture":"#0"},"west":{"uv":[10.5,15.125,12.25,15.625],"texture":"#0"},"up":{"uv":[10.5,13.25,11.25,15],"texture":"#0"},"down":{"uv":[10.5,13.25,11.25,15],"texture":"#0"}}},{"from":[2,0,2],"to":[5,6,5],"rotation":{"angle":0,"axis":"y","origin":[16,0,0]},"faces":{"north":{"uv":[9.375,14.5,8.625,16],"texture":"#0"},"east":{"uv":[8.5,14.5,7.75,16],"texture":"#0"},"south":{"uv":[9.375,14.5,8.625,16],"texture":"#0"},"west":{"uv":[8.5,14.5,7.75,16],"texture":"#0"},"up":{"uv":[8.5,13.625,7.75,14.375],"texture":"#0"},"down":{"uv":[8.5,13.625,7.75,14.375],"texture":"#0"}}},{"from":[2,6,3],"to":[5,7,14],"rotation":{"angle":0,"axis":"y","origin":[16,0,0]},"faces":{"north":{"uv":[10.25,12.875,9.5,13.125],"texture":"#0"},"east":{"uv":[13.25,15.75,10.5,16],"texture":"#0"},"south":{"uv":[10.25,12.875,9.5,13.125],"texture":"#0"},"west":{"uv":[13.25,15.75,10.5,16],"texture":"#0"},"up":{"uv":[10.25,13.25,9.5,16],"texture":"#0"},"down":{"uv":[10.25,13.25,9.5,16],"texture":"#0"}}},{"from":[2,4,5],"to":[5,6,12],"rotation":{"angle":0,"axis":"y","origin":[16,0,0]},"faces":{"north":{"uv":[12.125,14.5,11.375,15],"texture":"#0"},"east":{"uv":[12.25,15.125,10.5,15.625],"texture":"#0"},"south":{"uv":[12.125,14.5,11.375,15],"texture":"#0"},"west":{"uv":[12.25,15.125,10.5,15.625],"texture":"#0"},"up":{"uv":[11.25,13.25,10.5,15],"texture":"#0"},"down":{"uv":[11.25,13.25,10.5,15],"texture":"#0"}}},{"from":[2,0,12],"to":[5,6,15],"rotation":{"angle":0,"axis":"y","origin":[16,0,0]},"faces":{"north":{"uv":[9.375,14.5,8.625,16],"texture":"#0"},"east":{"uv":[8.5,14.5,7.75,16],"texture":"#0"},"south":{"uv":[9.375,14.5,8.625,16],"texture":"#0"},"west":{"uv":[8.5,14.5,7.75,16],"texture":"#0"},"up":{"uv":[8.5,13.625,7.75,14.375],"texture":"#0"},"down":{"uv":[8.5,13.625,7.75,14.375],"texture":"#0"}}}],"gui_light":"front","display":{"thirdperson_righthand":{"scale":[0.44,0.44,0.44]},"thirdperson_lefthand":{"scale":[0.44,0.44,0.44]},"firstperson_righthand":{"translation":[-2,0,0],"scale":[0.44,0.44,0.44]},"firstperson_lefthand":{"translation":[-2.25,0,0],"scale":[0.44,0.44,0.44]},"ground":{"translation":[0,4,0],"scale":[0.57,0.57,0.57]},"gui":{"rotation":[30,225,0],"translation":[0,-1.25,0],"scale":[0.4,0.4,0.4]},"head":{"rotation":[0,-180,0],"translation":[0,-30.5,0.75],"scale":[1.6,1.6,1.6]},"fixed":{"translation":[0,-3.75,-5.75],"scale":[0.72,0.72,0.72]}}}