{"credit":"MadewithBlockbench","texture_size":[64,64],"textures":{"0":"elitecreatures:restaurant_decoration_v1/restaurant_table_cart","particle":"elitecreatures:restaurant_decoration_v1/restaurant_table_cart"},"elements":[{"from":[-15,13,0],"to":[17,16,17],"rotation":{"angle":0,"axis":"y","origin":[1,0,0]},"faces":{"north":{"uv":[8,0,16,0.75],"texture":"#0"},"east":{"uv":[8,3.25,12.25,4],"texture":"#0"},"south":{"uv":[16,0,8,0.75],"texture":"#0"},"west":{"uv":[8,3.25,12.25,4],"texture":"#0"},"up":{"uv":[8,4.25,0,0],"texture":"#0"},"down":{"uv":[8,4.25,0,0],"texture":"#0"}}},{"from":[-16,19,-2],"to":[-14,21,19],"rotation":{"angle":0,"axis":"y","origin":[1,0,0]},"faces":{"north":{"uv":[7,9.5,7.5,10],"texture":"#0"},"east":{"uv":[0,9.5,5.25,10],"texture":"#0"},"south":{"uv":[7,9.5,7.5,10],"texture":"#0"},"west":{"uv":[0,9.5,5.25,10],"texture":"#0"},"up":{"uv":[7,13.25,6.5,8],"texture":"#0"},"down":{"uv":[7,13.25,6.5,8],"texture":"#0"}}},{"from":[-14,11,1],"to":[16,13,16],"rotation":{"angle":0,"axis":"y","origin":[1,0,0]},"faces":{"north":{"uv":[8,2.25,15.5,2.75],"texture":"#0"},"east":{"uv":[0,10,3.75,10.5],"texture":"#0"},"south":{"uv":[8,2.25,15.5,2.75],"texture":"#0"},"west":{"uv":[0,10,3.75,10.5],"texture":"#0"},"up":{"uv":[7.5,8,0,4.25],"texture":"#0"},"down":{"uv":[7.5,8,0,4.25],"texture":"#0"}}},{"from":[-13,4,2],"to":[15,6,15],"rotation":{"angle":0,"axis":"y","origin":[1,0,0]},"faces":{"north":{"uv":[8,2.75,15,3.25],"texture":"#0"},"east":{"uv":[7,10.25,10.25,10.75],"texture":"#0"},"south":{"uv":[8,2.75,15,3.25],"texture":"#0"},"west":{"uv":[7,10.25,10.25,10.75],"texture":"#0"},"up":{"uv":[14.5,7.5,7.5,4.25],"texture":"#0"},"down":{"uv":[14.5,7.5,7.5,4.25],"texture":"#0"}}},{"from":[-12,5,3],"to":[14,11,14],"rotation":{"angle":0,"axis":"y","origin":[1,0,0]},"faces":{"north":{"uv":[0,8,6.5,9.5],"texture":"#0"},"east":{"uv":[8,0.75,10.75,2.25],"texture":"#0"},"south":{"uv":[0,8,6.5,9.5],"texture":"#0"},"west":{"uv":[8,0.75,10.75,2.25],"texture":"#0"},"up":{"uv":[14,10.25,7.5,7.5],"texture":"#0"},"down":{"uv":[14,10.25,7.5,7.5],"texture":"#0"}}},{"from":[-11,0,3],"to":[-7,4,5],"rotation":{"angle":0,"axis":"y","origin":[1,0,0]},"faces":{"north":{"uv":[10.25,10.25,11.25,11.25],"texture":"#0"},"east":{"uv":[6,9.5,6.5,10.5],"texture":"#0"},"south":{"uv":[10.25,10.25,11.25,11.25],"texture":"#0"},"west":{"uv":[6,9.5,6.5,10.5],"texture":"#0"},"up":{"uv":[4,11,3,10.5],"texture":"#0"},"down":{"uv":[4,11,3,10.5],"texture":"#0"}}},{"from":[13,0,7.5],"to":[17,4,9.5],"rotation":{"angle":0,"axis":"y","origin":[2,0,0]},"faces":{"north":{"uv":[10.25,10.25,11.25,11.25],"texture":"#0"},"east":{"uv":[6,9.5,6.5,10.5],"texture":"#0"},"south":{"uv":[10.25,10.25,11.25,11.25],"texture":"#0"},"west":{"uv":[6,9.5,6.5,10.5],"texture":"#0"},"up":{"uv":[4,11,3,10.5],"texture":"#0"},"down":{"uv":[4,11,3,10.5],"texture":"#0"}}},{"from":[-13,6,2],"to":[-10,8,5],"rotation":{"angle":0,"axis":"y","origin":[1,0,0]},"faces":{"north":{"uv":[5.25,9.5,6,10],"texture":"#0"},"east":{"uv":[4.5,10.5,5.25,11],"texture":"#0"},"south":{"uv":[5.25,9.5,6,10],"texture":"#0"},"west":{"uv":[4.5,10.5,5.25,11],"texture":"#0"},"up":{"uv":[3,11.25,2.25,10.5],"texture":"#0"},"down":{"uv":[3,11.25,2.25,10.5],"texture":"#0"}}},{"from":[-14,8,1],"to":[-11,11,4],"rotation":{"angle":0,"axis":"y","origin":[1,0,0]},"faces":{"north":{"uv":[0,10.5,0.75,11.25],"texture":"#0"},"east":{"uv":[0.75,10.5,1.5,11.25],"texture":"#0"},"south":{"uv":[0,10.5,0.75,11.25],"texture":"#0"},"west":{"uv":[0.75,10.5,1.5,11.25],"texture":"#0"},"up":{"uv":[2.25,11.25,1.5,10.5],"texture":"#0"},"down":{"uv":[2.25,11.25,1.5,10.5],"texture":"#0"}}},{"from":[-14,8,13],"to":[-11,11,16],"rotation":{"angle":0,"axis":"y","origin":[1,0,16]},"faces":{"north":{"uv":[0.75,10.5,0,11.25],"texture":"#0"},"east":{"uv":[1.5,10.5,0.75,11.25],"texture":"#0"},"south":{"uv":[0.75,10.5,0,11.25],"texture":"#0"},"west":{"uv":[1.5,10.5,0.75,11.25],"texture":"#0"},"up":{"uv":[2.25,10.5,1.5,11.25],"texture":"#0"},"down":{"uv":[2.25,10.5,1.5,11.25],"texture":"#0"}}},{"from":[-13,6,12],"to":[-10,8,15],"rotation":{"angle":0,"axis":"y","origin":[1,0,16]},"faces":{"north":{"uv":[6,9.5,5.25,10],"texture":"#0"},"east":{"uv":[5.25,10.5,4.5,11],"texture":"#0"},"south":{"uv":[6,9.5,5.25,10],"texture":"#0"},"west":{"uv":[5.25,10.5,4.5,11],"texture":"#0"},"up":{"uv":[3,10.5,2.25,11.25],"texture":"#0"},"down":{"uv":[3,10.5,2.25,11.25],"texture":"#0"}}},{"from":[13,8,1],"to":[16,11,4],"rotation":{"angle":0,"axis":"y","origin":[15,0,0]},"faces":{"north":{"uv":[0.75,10.5,0,11.25],"texture":"#0"},"east":{"uv":[1.5,10.5,0.75,11.25],"texture":"#0"},"south":{"uv":[0.75,10.5,0,11.25],"texture":"#0"},"west":{"uv":[1.5,10.5,0.75,11.25],"texture":"#0"},"up":{"uv":[1.5,11.25,2.25,10.5],"texture":"#0"},"down":{"uv":[1.5,11.25,2.25,10.5],"texture":"#0"}}},{"from":[12,6,2],"to":[15,8,5],"rotation":{"angle":0,"axis":"y","origin":[15,0,0]},"faces":{"north":{"uv":[6,9.5,5.25,10],"texture":"#0"},"east":{"uv":[5.25,10.5,4.5,11],"texture":"#0"},"south":{"uv":[6,9.5,5.25,10],"texture":"#0"},"west":{"uv":[5.25,10.5,4.5,11],"texture":"#0"},"up":{"uv":[2.25,11.25,3,10.5],"texture":"#0"},"down":{"uv":[2.25,11.25,3,10.5],"texture":"#0"}}},{"from":[13,8,13],"to":[16,11,16],"rotation":{"angle":0,"axis":"y","origin":[15,0,16]},"faces":{"north":{"uv":[0,10.5,0.75,11.25],"texture":"#0"},"east":{"uv":[0.75,10.5,1.5,11.25],"texture":"#0"},"south":{"uv":[0,10.5,0.75,11.25],"texture":"#0"},"west":{"uv":[0.75,10.5,1.5,11.25],"texture":"#0"},"up":{"uv":[1.5,10.5,2.25,11.25],"texture":"#0"},"down":{"uv":[1.5,10.5,2.25,11.25],"texture":"#0"}}},{"from":[12,6,12],"to":[15,8,15],"rotation":{"angle":0,"axis":"y","origin":[15,0,16]},"faces":{"north":{"uv":[5.25,9.5,6,10],"texture":"#0"},"east":{"uv":[4.5,10.5,5.25,11],"texture":"#0"},"south":{"uv":[5.25,9.5,6,10],"texture":"#0"},"west":{"uv":[4.5,10.5,5.25,11],"texture":"#0"},"up":{"uv":[2.25,10.5,3,11.25],"texture":"#0"},"down":{"uv":[2.25,10.5,3,11.25],"texture":"#0"}}},{"from":[-10,1,2.5],"to":[-8,5,3],"rotation":{"angle":-22.5,"axis":"z","origin":[-8,2,0]},"faces":{"north":{"uv":[4,10.5,4.5,11.5],"texture":"#0"},"east":{"uv":[5.5,10.5,5.625,11.5],"texture":"#0"},"south":{"uv":[4,10.5,4.5,11.5],"texture":"#0"},"west":{"uv":[5.5,10.5,5.625,11.5],"texture":"#0"},"up":{"uv":[10.75,4.125,10.25,4],"texture":"#0"},"down":{"uv":[10.75,4.125,10.25,4],"texture":"#0"}}},{"from":[-10,1,11.5],"to":[-8,5,12],"rotation":{"angle":-22.5,"axis":"z","origin":[-8,2,0]},"faces":{"north":{"uv":[4,10.5,4.5,11.5],"texture":"#0"},"east":{"uv":[5.5,10.5,5.625,11.5],"texture":"#0"},"south":{"uv":[4,10.5,4.5,11.5],"texture":"#0"},"west":{"uv":[5.5,10.5,5.625,11.5],"texture":"#0"},"up":{"uv":[10.75,4.125,10.25,4],"texture":"#0"},"down":{"uv":[10.75,4.125,10.25,4],"texture":"#0"}}},{"from":[-11,0,12],"to":[-7,4,14],"rotation":{"angle":0,"axis":"y","origin":[1,0,17]},"faces":{"north":{"uv":[11.25,10.25,10.25,11.25],"texture":"#0"},"east":{"uv":[6.5,9.5,6,10.5],"texture":"#0"},"south":{"uv":[11.25,10.25,10.25,11.25],"texture":"#0"},"west":{"uv":[6.5,9.5,6,10.5],"texture":"#0"},"up":{"uv":[4,10.5,3,11],"texture":"#0"},"down":{"uv":[4,10.5,3,11],"texture":"#0"}}},{"from":[-10,1,14],"to":[-8,5,14.5],"rotation":{"angle":-22.5,"axis":"z","origin":[-8,2,17]},"faces":{"north":{"uv":[4.5,10.5,4,11.5],"texture":"#0"},"east":{"uv":[5.625,10.5,5.5,11.5],"texture":"#0"},"south":{"uv":[4.5,10.5,4,11.5],"texture":"#0"},"west":{"uv":[5.625,10.5,5.5,11.5],"texture":"#0"},"up":{"uv":[10.75,4,10.25,4.125],"texture":"#0"},"down":{"uv":[10.75,4,10.25,4.125],"texture":"#0"}}},{"from":[-10,1,5],"to":[-8,5,5.5],"rotation":{"angle":-22.5,"axis":"z","origin":[-8,2,17]},"faces":{"north":{"uv":[4.5,10.5,4,11.5],"texture":"#0"},"east":{"uv":[5.625,10.5,5.5,11.5],"texture":"#0"},"south":{"uv":[4.5,10.5,4,11.5],"texture":"#0"},"west":{"uv":[5.625,10.5,5.5,11.5],"texture":"#0"},"up":{"uv":[10.75,4,10.25,4.125],"texture":"#0"},"down":{"uv":[10.75,4,10.25,4.125],"texture":"#0"}}},{"from":[15,0.5,7],"to":[17,6,8],"rotation":{"angle":45,"axis":"z","origin":[15,1,7]},"faces":{"north":{"uv":[7,8,7.5,9.375],"texture":"#0"},"east":{"uv":[5.25,10.5,5.5,11.875],"texture":"#0"},"south":{"uv":[7,8,7.5,9.375],"texture":"#0"},"west":{"uv":[5.25,10.5,5.5,11.875],"texture":"#0"},"up":{"uv":[7.5,10.25,7,10],"texture":"#0"},"down":{"uv":[7.5,10.25,7,10],"texture":"#0"}}},{"from":[15,0.5,9],"to":[17,6,10],"rotation":{"angle":45,"axis":"z","origin":[15,1,9]},"faces":{"north":{"uv":[7.5,8,7,9.375],"texture":"#0"},"east":{"uv":[5.5,10.5,5.25,11.875],"texture":"#0"},"south":{"uv":[7.5,8,7,9.375],"texture":"#0"},"west":{"uv":[5.5,10.5,5.25,11.875],"texture":"#0"},"up":{"uv":[7.5,10,7,10.25],"texture":"#0"},"down":{"uv":[7.5,10,7,10.25],"texture":"#0"}}},{"from":[-16,19.5,-1],"to":[-7,21.5,1],"rotation":{"angle":-45,"axis":"z","origin":[-16,19,0]},"faces":{"north":{"uv":[3.75,10,6,10.5],"texture":"#0"},"east":{"uv":[5.75,10.5,6,11],"texture":"#0"},"south":{"uv":[6,10,3.75,10.5],"texture":"#0"},"west":{"uv":[5.75,10.5,6,11],"texture":"#0"},"up":{"uv":[10.25,4.25,8,4],"texture":"#0"},"down":{"uv":[10.25,4.25,8,4],"texture":"#0"}}},{"from":[-16,19.5,16],"to":[-7,21.5,18],"rotation":{"angle":-45,"axis":"z","origin":[-16,19,16]},"faces":{"north":{"uv":[3.75,10,6,10.5],"texture":"#0"},"east":{"uv":[6,10.5,5.75,11],"texture":"#0"},"south":{"uv":[6,10,3.75,10.5],"texture":"#0"},"west":{"uv":[6,10.5,5.75,11],"texture":"#0"},"up":{"uv":[10.25,4,8,4.25],"texture":"#0"},"down":{"uv":[10.25,4,8,4.25],"texture":"#0"}}},{"from":[-6,16.1,-0.1],"to":[10,16.1,17.1],"faces":{"up":{"uv":[7.375,11.7,11.375,16],"texture":"#0"},"down":{"uv":[7.375,11.7,11.375,16],"texture":"#0"}}},{"from":[-6,9,-0.1],"to":[10,16.1,-0.1],"faces":{"north":{"uv":[0,13.275,4,11.5],"texture":"#0"},"south":{"uv":[0,11.5,4,13.275],"texture":"#0"}}},{"from":[-6,9,17.1],"to":[10,16.1,17.1],"rotation":{"angle":0,"axis":"y","origin":[0,0,16]},"faces":{"north":{"uv":[4,11.5,0,13.275],"texture":"#0"},"south":{"uv":[4,13.275,0,11.5],"texture":"#0"}}}],"gui_light":"front","display":{"thirdperson_righthand":{"translation":[0,3,1],"scale":[0.55,0.55,0.55]},"thirdperson_lefthand":{"translation":[-6,3,1],"scale":[0.55,0.55,0.55]},"firstperson_righthand":{"rotation":[0,-90,25],"translation":[1.13,3.2,1.13],"scale":[0.68,0.68,0.68]},"firstperson_lefthand":{"rotation":[0,-90,25],"translation":[1.13,3.2,1.13],"scale":[0.68,0.68,0.68]},"ground":{"translation":[2.75,2,0],"scale":[0.36,0.36,0.36]},"gui":{"rotation":[30,225,0],"translation":[-1.5,-2.75,0],"scale":[0.33,0.33,0.33]},"head":{"rotation":[0,-90,0],"translation":[0.75,-30.5,9.75],"scale":[1.6,1.6,1.5]},"fixed":{"rotation":[0,180,0],"translation":[-5,0,0],"scale":[0.79,0.79,0.79]}}}