{"credit":"MadewithBlockbench","texture_size":[128,128],"textures":{"0":"elitecreatures:restaurant_decoration_v1/restaurant_table","particle":"elitecreatures:restaurant_decoration_v1/restaurant_table"},"elements":[{"from":[-13,10,2],"to":[14,12,14],"faces":{"north":{"uv":[0,10.8125,3.375,11.0625],"texture":"#0"},"east":{"uv":[0,10.4375,1.5,10.6875],"texture":"#0"},"south":{"uv":[0,10.8125,3.375,11.0625],"texture":"#0"},"west":{"uv":[0,10.4375,1.5,10.6875],"texture":"#0"},"up":{"uv":[3.375,12.6875,0,11.1875],"texture":"#0"},"down":{"uv":[3.375,12.6875,0,11.1875],"texture":"#0"}}},{"from":[-15,12,0],"to":[15,16,16],"faces":{"north":{"uv":[0,13.4375,3.875,13.9375],"texture":"#0"},"east":{"uv":[0,12.875,2,13.375],"texture":"#0"},"south":{"uv":[0,13.4375,3.875,13.9375],"texture":"#0"},"west":{"uv":[0,12.875,2,13.375],"texture":"#0"},"up":{"uv":[0,14,3.875,16],"texture":"#0"},"down":{"uv":[0,14,3.875,16],"texture":"#0"}}},{"from":[9,4,1],"to":[13,8,6],"rotation":{"angle":0,"axis":"y","origin":[2,0,0]},"faces":{"north":{"uv":[4,14.25,4.5,14.75],"texture":"#0"},"east":{"uv":[4.5625,14.9375,5.1875,15.4375],"texture":"#0"},"south":{"uv":[4,14.25,4.5,14.75],"texture":"#0"},"west":{"uv":[5.1875,14.9375,4.5625,15.4375],"texture":"#0"},"up":{"uv":[4.5,15.4375,4,14.8125],"texture":"#0"},"down":{"uv":[4.5,15.4375,4,14.8125],"texture":"#0"}}},{"from":[8.5,0,0],"to":[13.5,4,5],"rotation":{"angle":0,"axis":"y","origin":[2,0,0]},"faces":{"north":{"uv":[4,15.5,4.625,16],"texture":"#0"},"east":{"uv":[4.6875,15.5,5.3125,16],"texture":"#0"},"south":{"uv":[4,15.5,4.625,16],"texture":"#0"},"west":{"uv":[4.6875,15.5,5.3125,16],"texture":"#0"},"up":{"uv":[6,16,5.375,15.375],"texture":"#0"},"down":{"uv":[6,16,5.375,15.375],"texture":"#0"}}},{"from":[9,8,3],"to":[13,11,13],"rotation":{"angle":0,"axis":"y","origin":[2,0,0]},"faces":{"north":{"uv":[7.3125,15.125,6.8125,15.5],"texture":"#0"},"east":{"uv":[6.0625,15.625,7.3125,16],"texture":"#0"},"south":{"uv":[6.8125,15.125,7.3125,15.5],"texture":"#0"},"west":{"uv":[6.0625,15.625,7.3125,16],"texture":"#0"},"up":{"uv":[7.875,16,7.375,14.75],"texture":"#0"},"down":{"uv":[7.875,16,7.375,14.75],"texture":"#0"}}},{"from":[8.5,0,11],"to":[13.5,4,16],"rotation":{"angle":0,"axis":"y","origin":[2,0,16]},"faces":{"north":{"uv":[4.625,15.5,4,16],"texture":"#0"},"east":{"uv":[5.3125,15.5,4.6875,16],"texture":"#0"},"south":{"uv":[4.625,15.5,4,16],"texture":"#0"},"west":{"uv":[5.3125,15.5,4.6875,16],"texture":"#0"},"up":{"uv":[6,15.375,5.375,16],"texture":"#0"},"down":{"uv":[6,15.375,5.375,16],"texture":"#0"}}},{"from":[9,6,6],"to":[13,8,10],"rotation":{"angle":0,"axis":"y","origin":[2,0,16]},"faces":{"north":{"uv":[5.0625,14.625,4.5625,14.875],"texture":"#0"},"east":{"uv":[5.0625,14.625,4.5625,14.875],"texture":"#0"},"south":{"uv":[5.0625,14.625,4.5625,14.875],"texture":"#0"},"west":{"uv":[5.0625,14.625,4.5625,14.875],"texture":"#0"},"up":{"uv":[5.0625,14.0625,4.5625,14.5625],"texture":"#0"},"down":{"uv":[5.0625,14.0625,4.5625,14.5625],"texture":"#0"}}},{"from":[9,4,10],"to":[13,8,15],"rotation":{"angle":0,"axis":"y","origin":[2,0,16]},"faces":{"north":{"uv":[4.5,14.25,4,14.75],"texture":"#0"},"east":{"uv":[5.1875,14.9375,4.5625,15.4375],"texture":"#0"},"south":{"uv":[4.5,14.25,4,14.75],"texture":"#0"},"west":{"uv":[4.5625,14.9375,5.1875,15.4375],"texture":"#0"},"up":{"uv":[4.5,14.8125,4,15.4375],"texture":"#0"},"down":{"uv":[4.5,14.8125,4,15.4375],"texture":"#0"}}},{"from":[0,7,6],"to":[10,9,10],"rotation":{"angle":-22.5,"axis":"z","origin":[9,6,4]},"faces":{"north":{"uv":[5.375,15.0625,6.625,15.3125],"texture":"#0"},"south":{"uv":[5.375,15.0625,6.625,15.3125],"texture":"#0"},"up":{"uv":[6.625,15,5.375,14.5],"texture":"#0"},"down":{"uv":[6.625,15,5.375,14.5],"texture":"#0"}}},{"from":[-12.5,0,11],"to":[-7.5,4,16],"rotation":{"angle":0,"axis":"y","origin":[-1,0,16]},"faces":{"north":{"uv":[4,15.5,4.625,16],"texture":"#0"},"east":{"uv":[4.6875,15.5,5.3125,16],"texture":"#0"},"south":{"uv":[4,15.5,4.625,16],"texture":"#0"},"west":{"uv":[4.6875,15.5,5.3125,16],"texture":"#0"},"up":{"uv":[5.375,15.375,6,16],"texture":"#0"},"down":{"uv":[5.375,15.375,6,16],"texture":"#0"}}},{"from":[-12,4,10],"to":[-8,8,15],"rotation":{"angle":0,"axis":"y","origin":[-1,0,16]},"faces":{"north":{"uv":[4,14.25,4.5,14.75],"texture":"#0"},"east":{"uv":[5.1875,14.9375,4.5625,15.4375],"texture":"#0"},"south":{"uv":[4,14.25,4.5,14.75],"texture":"#0"},"west":{"uv":[4.5625,14.9375,5.1875,15.4375],"texture":"#0"},"up":{"uv":[4,14.8125,4.5,15.4375],"texture":"#0"},"down":{"uv":[4,14.8125,4.5,15.4375],"texture":"#0"}}},{"from":[-12,8,3],"to":[-8,11,13],"rotation":{"angle":0,"axis":"y","origin":[-1,0,0]},"faces":{"north":{"uv":[6.8125,15.125,7.3125,15.5],"texture":"#0"},"east":{"uv":[7.3125,15.625,6.0625,16],"texture":"#0"},"south":{"uv":[7.3125,15.125,6.8125,15.5],"texture":"#0"},"west":{"uv":[7.3125,15.625,6.0625,16],"texture":"#0"},"up":{"uv":[7.375,16,7.875,14.75],"texture":"#0"},"down":{"uv":[7.375,16,7.875,14.75],"texture":"#0"}}},{"from":[-12,6,6],"to":[-8,8,10],"rotation":{"angle":0,"axis":"y","origin":[-1,0,0]},"faces":{"north":{"uv":[5.0625,14.625,4.5625,14.875],"texture":"#0"},"east":{"uv":[5.0625,14.625,4.5625,14.875],"texture":"#0"},"south":{"uv":[5.0625,14.625,4.5625,14.875],"texture":"#0"},"west":{"uv":[5.0625,14.625,4.5625,14.875],"texture":"#0"},"up":{"uv":[4.5625,14.5625,5.0625,14.0625],"texture":"#0"},"down":{"uv":[4.5625,14.5625,5.0625,14.0625],"texture":"#0"}}},{"from":[-12,4,1],"to":[-8,8,6],"rotation":{"angle":0,"axis":"y","origin":[-1,0,0]},"faces":{"north":{"uv":[4.5,14.25,4,14.75],"texture":"#0"},"east":{"uv":[4.5625,14.9375,5.1875,15.4375],"texture":"#0"},"south":{"uv":[4.5,14.25,4,14.75],"texture":"#0"},"west":{"uv":[5.1875,14.9375,4.5625,15.4375],"texture":"#0"},"up":{"uv":[4,15.4375,4.5,14.8125],"texture":"#0"},"down":{"uv":[4,15.4375,4.5,14.8125],"texture":"#0"}}},{"from":[-12.5,0,0],"to":[-7.5,4,5],"rotation":{"angle":0,"axis":"y","origin":[-1,0,0]},"faces":{"north":{"uv":[4.625,15.5,4,16],"texture":"#0"},"east":{"uv":[5.3125,15.5,4.6875,16],"texture":"#0"},"south":{"uv":[4.625,15.5,4,16],"texture":"#0"},"west":{"uv":[5.3125,15.5,4.6875,16],"texture":"#0"},"up":{"uv":[5.375,16,6,15.375],"texture":"#0"},"down":{"uv":[5.375,16,6,15.375],"texture":"#0"}}},{"from":[-9,7,6],"to":[1,9,10],"rotation":{"angle":22.5,"axis":"z","origin":[-8,6,4]},"faces":{"north":{"uv":[6.625,15.0625,5.375,15.3125],"texture":"#0"},"south":{"uv":[6.625,15.0625,5.375,15.3125],"texture":"#0"},"up":{"uv":[5.375,15,6.625,14.5],"texture":"#0"},"down":{"uv":[5.375,15,6.625,14.5],"texture":"#0"}}},{"from":[-15.1,16.1,2],"to":[15.1,16.1,14],"faces":{"up":{"uv":[12.225,14.5,16,16],"texture":"#0"},"down":{"uv":[12.225,14.5,16,16],"texture":"#0"}}},{"from":[15.1,10,2],"to":[15.1,16.1,14],"faces":{"east":{"uv":[10.625,15.2375,12.125,16],"texture":"#0"},"west":{"uv":[10.625,15.2375,12.125,16],"texture":"#0"}}},{"from":[-15.1,10,2],"to":[-15.1,16.1,14],"rotation":{"angle":0,"axis":"y","origin":[16,0,0]},"faces":{"east":{"uv":[12.125,15.2375,10.625,16],"texture":"#0"},"west":{"uv":[12.125,15.2375,10.625,16],"texture":"#0"}}}],"gui_light":"front","display":{"thirdperson_righthand":{"translation":[-1.75,0.5,1],"scale":[0.55,0.55,0.55]},"thirdperson_lefthand":{"translation":[-10.75,0.5,1],"scale":[0.55,0.55,0.55]},"firstperson_righthand":{"rotation":[0,-90,25],"translation":[1.13,3.2,1.13],"scale":[0.68,0.68,0.68]},"firstperson_lefthand":{"rotation":[0,-90,25],"translation":[1.13,3.2,1.13],"scale":[0.68,0.68,0.68]},"ground":{"translation":[4,2,0],"scale":[0.5,0.5,0.5]},"gui":{"rotation":[30,225,0],"translation":[-2,-2.75,0],"scale":[0.36,0.36,0.36]},"head":{"rotation":[0,180,0],"translation":[-12.75,-30.75,0],"scale":[1.7,1.6,1.6]},"fixed":{"rotation":[0,180,0],"translation":[-8,0,0]}}}