{"credit":"MadewithBlockbench","texture_size":[128,128],"textures":{"0":"elitecreatures:restaurant_decoration_v1/restaurant_bar_table","particle":"elitecreatures:restaurant_decoration_v1/restaurant_bar_table"},"elements":[{"from":[-16,12,0],"to":[32,16,16],"faces":{"north":{"uv":[2.5,5.5,8.5,6],"texture":"#0"},"east":{"uv":[6,0,8,0.5],"texture":"#0"},"south":{"uv":[2.5,5.5,8.5,6],"texture":"#0"},"west":{"uv":[6,0,8,0.5],"texture":"#0"},"up":{"uv":[6,2,0,0],"texture":"#0"},"down":{"uv":[6,2,0,0],"texture":"#0"}}},{"from":[-16,10,1],"to":[32,12,15],"faces":{"north":{"uv":[5.5,4.5,11.5,4.75],"texture":"#0"},"east":{"uv":[6,2.875,7.75,3.125],"texture":"#0"},"south":{"uv":[5.5,4.5,11.5,4.75],"texture":"#0"},"west":{"uv":[6,2.875,7.75,3.125],"texture":"#0"},"up":{"uv":[6,3.75,0,2],"texture":"#0"},"down":{"uv":[6,3.75,0,2],"texture":"#0"}}},{"from":[27,0,-1],"to":[32,4,3],"faces":{"north":{"uv":[2.5,6.25,3.125,6.75],"texture":"#0"},"east":{"uv":[2.75,6.75,3.25,7.25],"texture":"#0"},"south":{"uv":[2.5,6.25,3.125,6.75],"texture":"#0"},"west":{"uv":[2.75,6.75,3.25,7.25],"texture":"#0"},"up":{"uv":[3.75,6.75,3.125,6.25],"texture":"#0"},"down":{"uv":[3.75,6.75,3.125,6.25],"texture":"#0"}}},{"from":[28,4,0],"to":[31,7,4],"faces":{"north":{"uv":[6.5,6.75,6.875,7.125],"texture":"#0"},"east":{"uv":[3.25,6.75,3.75,7.125],"texture":"#0"},"south":{"uv":[6.5,6.75,6.875,7.125],"texture":"#0"},"west":{"uv":[3.25,6.75,3.75,7.125],"texture":"#0"},"up":{"uv":[4.125,7.25,3.75,6.75],"texture":"#0"},"down":{"uv":[4.125,7.25,3.75,6.75],"texture":"#0"}}},{"from":[27,0,13],"to":[32,4,17],"rotation":{"angle":0,"axis":"y","origin":[0,0,16]},"faces":{"north":{"uv":[3.125,6.25,2.5,6.75],"texture":"#0"},"east":{"uv":[3.25,6.75,2.75,7.25],"texture":"#0"},"south":{"uv":[3.125,6.25,2.5,6.75],"texture":"#0"},"west":{"uv":[3.25,6.75,2.75,7.25],"texture":"#0"},"up":{"uv":[3.75,6.25,3.125,6.75],"texture":"#0"},"down":{"uv":[3.75,6.25,3.125,6.75],"texture":"#0"}}},{"from":[28,4,12],"to":[31,7,16],"rotation":{"angle":0,"axis":"y","origin":[0,0,16]},"faces":{"north":{"uv":[6.875,6.75,6.5,7.125],"texture":"#0"},"east":{"uv":[3.75,6.75,3.25,7.125],"texture":"#0"},"south":{"uv":[6.875,6.75,6.5,7.125],"texture":"#0"},"west":{"uv":[3.75,6.75,3.25,7.125],"texture":"#0"},"up":{"uv":[4.125,6.75,3.75,7.25],"texture":"#0"},"down":{"uv":[4.125,6.75,3.75,7.25],"texture":"#0"}}},{"from":[28,7,2],"to":[31,10,14],"faces":{"north":{"uv":[6.125,6.75,6.5,7.125],"texture":"#0"},"east":{"uv":[6,2.5,7.5,2.875],"texture":"#0"},"south":{"uv":[6.125,6.75,6.5,7.125],"texture":"#0"},"west":{"uv":[6,2.5,7.5,2.875],"texture":"#0"},"up":{"uv":[5.375,7.5,5,6],"texture":"#0"},"down":{"uv":[5.375,7.5,5,6],"texture":"#0"}}},{"from":[28,6,4],"to":[31,7,12],"faces":{"north":{"uv":[6.875,6.75,7.25,6.875],"texture":"#0"},"east":{"uv":[6.75,1.625,7.75,1.75],"texture":"#0"},"south":{"uv":[6.875,6.75,7.25,6.875],"texture":"#0"},"west":{"uv":[6.75,1.625,7.75,1.75],"texture":"#0"},"up":{"uv":[6.125,7,5.75,6],"texture":"#0"},"down":{"uv":[6.125,7,5.75,6],"texture":"#0"}}},{"from":[-16,0,-1],"to":[-11,4,3],"rotation":{"angle":0,"axis":"y","origin":[16,0,0]},"faces":{"north":{"uv":[3.125,6.25,2.5,6.75],"texture":"#0"},"east":{"uv":[3.25,6.75,2.75,7.25],"texture":"#0"},"south":{"uv":[3.125,6.25,2.5,6.75],"texture":"#0"},"west":{"uv":[3.25,6.75,2.75,7.25],"texture":"#0"},"up":{"uv":[3.125,6.75,3.75,6.25],"texture":"#0"},"down":{"uv":[3.125,6.75,3.75,6.25],"texture":"#0"}}},{"from":[-15,4,0],"to":[-12,7,4],"rotation":{"angle":0,"axis":"y","origin":[16,0,0]},"faces":{"north":{"uv":[6.875,6.75,6.5,7.125],"texture":"#0"},"east":{"uv":[3.25,6.75,3.75,7.125],"texture":"#0"},"south":{"uv":[6.875,6.75,6.5,7.125],"texture":"#0"},"west":{"uv":[3.75,6.75,3.25,7.125],"texture":"#0"},"up":{"uv":[3.75,7.25,4.125,6.75],"texture":"#0"},"down":{"uv":[3.75,7.25,4.125,6.75],"texture":"#0"}}},{"from":[-15,7,2],"to":[-12,10,14],"rotation":{"angle":0,"axis":"y","origin":[16,0,0]},"faces":{"north":{"uv":[6.5,6.75,6.125,7.125],"texture":"#0"},"east":{"uv":[7.5,2.5,6,2.875],"texture":"#0"},"south":{"uv":[6.5,6.75,6.125,7.125],"texture":"#0"},"west":{"uv":[7.5,2.5,6,2.875],"texture":"#0"},"up":{"uv":[5,7.5,5.375,6],"texture":"#0"},"down":{"uv":[5,7.5,5.375,6],"texture":"#0"}}},{"from":[-15,6,4],"to":[-12,7,12],"rotation":{"angle":0,"axis":"y","origin":[16,0,0]},"faces":{"north":{"uv":[7.25,6.75,6.875,6.875],"texture":"#0"},"east":{"uv":[7.75,1.625,6.75,1.75],"texture":"#0"},"south":{"uv":[7.25,6.75,6.875,6.875],"texture":"#0"},"west":{"uv":[7.75,1.625,6.75,1.75],"texture":"#0"},"up":{"uv":[5.75,7,6.125,6],"texture":"#0"},"down":{"uv":[5.75,7,6.125,6],"texture":"#0"}}},{"from":[-15,4,12],"to":[-12,7,16],"rotation":{"angle":0,"axis":"y","origin":[16,0,16]},"faces":{"north":{"uv":[6.5,6.75,6.875,7.125],"texture":"#0"},"east":{"uv":[3.25,6.75,3.75,7.125],"texture":"#0"},"south":{"uv":[6.5,6.75,6.875,7.125],"texture":"#0"},"west":{"uv":[3.25,6.75,3.75,7.125],"texture":"#0"},"up":{"uv":[3.75,6.75,4.125,7.25],"texture":"#0"},"down":{"uv":[3.75,6.75,4.125,7.25],"texture":"#0"}}},{"from":[-16,0,13],"to":[-11,4,17],"rotation":{"angle":0,"axis":"y","origin":[16,0,16]},"faces":{"north":{"uv":[2.5,6.25,3.125,6.75],"texture":"#0"},"east":{"uv":[2.75,6.75,3.25,7.25],"texture":"#0"},"south":{"uv":[2.5,6.25,3.125,6.75],"texture":"#0"},"west":{"uv":[2.75,6.75,3.25,7.25],"texture":"#0"},"up":{"uv":[3.125,6.25,3.75,6.75],"texture":"#0"},"down":{"uv":[3.125,6.25,3.75,6.75],"texture":"#0"}}},{"from":[-2,8,3],"to":[18,10,13],"faces":{"north":{"uv":[2.5,6,5,6.25],"texture":"#0"},"east":{"uv":[3.75,6.25,5,6.5],"texture":"#0"},"south":{"uv":[2.5,6,5,6.25],"texture":"#0"},"west":{"uv":[3.75,6.5,5,6.75],"texture":"#0"},"up":{"uv":[2.5,6.75,0,5.5],"texture":"#0"},"down":{"uv":[2.5,6.75,0,5.5],"texture":"#0"}}},{"from":[-2,4,5],"to":[18,8,11],"faces":{"north":{"uv":[5.5,5,8,5.5],"texture":"#0"},"east":{"uv":[6.125,6,6.875,6.5],"texture":"#0"},"south":{"uv":[5.5,5,8,5.5],"texture":"#0"},"west":{"uv":[6.125,6,6.875,6.5],"texture":"#0"},"up":{"uv":[8,4.5,5.5,3.75],"texture":"#0"},"down":{"uv":[8,4.5,5.5,3.75],"texture":"#0"}}},{"from":[18,7,3],"to":[24,9,13],"faces":{"north":{"uv":[4.125,6.75,4.875,7],"texture":"#0"},"east":{"uv":[6.125,6.5,7.375,6.75],"texture":"#0"},"south":{"uv":[4.125,6.75,4.875,7],"texture":"#0"},"west":{"uv":[0,6.75,1.25,7],"texture":"#0"},"up":{"uv":[6.75,1.75,6,0.5],"texture":"#0"},"down":{"uv":[6.75,1.75,6,0.5],"texture":"#0"}}},{"from":[18,4,5],"to":[26,7,11],"faces":{"north":{"uv":[6,3.375,7,3.75],"texture":"#0"},"east":{"uv":[6.75,1.25,7.5,1.625],"texture":"#0"},"south":{"uv":[6,3.375,7,3.75],"texture":"#0"},"west":{"uv":[6.75,1.25,7.5,1.625],"texture":"#0"},"up":{"uv":[7,2.5,6,1.75],"texture":"#0"},"down":{"uv":[7,2.5,6,1.75],"texture":"#0"}}},{"from":[24,6,3],"to":[27,8,13],"faces":{"north":{"uv":[6.875,6,7.25,6.25],"texture":"#0"},"east":{"uv":[6.75,0.5,8,0.75],"texture":"#0"},"south":{"uv":[6.875,6,7.25,6.25],"texture":"#0"},"west":{"uv":[6.75,0.75,8,1],"texture":"#0"},"up":{"uv":[5.75,7.25,5.375,6],"texture":"#0"},"down":{"uv":[5.75,7.25,5.375,6],"texture":"#0"}}},{"from":[26,4,3],"to":[28,6,13],"faces":{"north":{"uv":[6.875,6.25,7.125,6.5],"texture":"#0"},"east":{"uv":[6.75,1,8,1.25],"texture":"#0"},"south":{"uv":[6.875,6.25,7.125,6.5],"texture":"#0"},"west":{"uv":[1.25,6.75,2.5,7],"texture":"#0"},"up":{"uv":[2.75,8,2.5,6.75],"texture":"#0"},"down":{"uv":[2.75,8,2.5,6.75],"texture":"#0"}}},{"from":[-8,7,3],"to":[-2,9,13],"rotation":{"angle":0,"axis":"y","origin":[16,0,0]},"faces":{"north":{"uv":[4.875,6.75,4.125,7],"texture":"#0"},"east":{"uv":[1.25,6.75,0,7],"texture":"#0"},"south":{"uv":[4.875,6.75,4.125,7],"texture":"#0"},"west":{"uv":[7.375,6.5,6.125,6.75],"texture":"#0"},"up":{"uv":[6,1.75,6.75,0.5],"texture":"#0"},"down":{"uv":[6,1.75,6.75,0.5],"texture":"#0"}}},{"from":[-11,6,3],"to":[-8,8,13],"rotation":{"angle":0,"axis":"y","origin":[16,0,0]},"faces":{"north":{"uv":[7.25,6,6.875,6.25],"texture":"#0"},"east":{"uv":[8,0.75,6.75,1],"texture":"#0"},"south":{"uv":[7.25,6,6.875,6.25],"texture":"#0"},"west":{"uv":[8,0.5,6.75,0.75],"texture":"#0"},"up":{"uv":[5.375,7.25,5.75,6],"texture":"#0"},"down":{"uv":[5.375,7.25,5.75,6],"texture":"#0"}}},{"from":[-12,4,3],"to":[-10,6,13],"rotation":{"angle":0,"axis":"y","origin":[16,0,0]},"faces":{"north":{"uv":[7.125,6.25,6.875,6.5],"texture":"#0"},"east":{"uv":[2.5,6.75,1.25,7],"texture":"#0"},"south":{"uv":[7.125,6.25,6.875,6.5],"texture":"#0"},"west":{"uv":[8,1,6.75,1.25],"texture":"#0"},"up":{"uv":[2.5,8,2.75,6.75],"texture":"#0"},"down":{"uv":[2.5,8,2.75,6.75],"texture":"#0"}}},{"from":[-10,4,5],"to":[-2,7,11],"rotation":{"angle":0,"axis":"y","origin":[16,0,0]},"faces":{"north":{"uv":[7,3.375,6,3.75],"texture":"#0"},"east":{"uv":[7.5,1.25,6.75,1.625],"texture":"#0"},"south":{"uv":[7,3.375,6,3.75],"texture":"#0"},"west":{"uv":[7.5,1.25,6.75,1.625],"texture":"#0"},"up":{"uv":[6,2.5,7,1.75],"texture":"#0"},"down":{"uv":[6,2.5,7,1.75],"texture":"#0"}}},{"from":[-14,3,1],"to":[30,5,15],"faces":{"north":{"uv":[5.5,4.75,11,5],"texture":"#0"},"east":{"uv":[6,3.125,7.75,3.375],"texture":"#0"},"south":{"uv":[5.5,4.75,11,5],"texture":"#0"},"west":{"uv":[6,3.125,7.75,3.375],"texture":"#0"},"up":{"uv":[5.5,5.5,0,3.75],"texture":"#0"},"down":{"uv":[5.5,5.5,0,3.75],"texture":"#0"}}}],"gui_light":"front","display":{"thirdperson_righthand":{"translation":[-5.75,0,0],"scale":[0.26,0.26,0.26]},"thirdperson_lefthand":{"translation":[-5.75,0,0],"scale":[0.26,0.26,0.26]},"firstperson_righthand":{"translation":[-9,0,0],"scale":[0.33,0.33,0.33]},"firstperson_lefthand":{"translation":[-9,0,0],"scale":[0.33,0.33,0.33]},"ground":{"translation":[0,2,0],"scale":[0.5,0.5,0.5]},"gui":{"rotation":[30,225,0],"translation":[0,-0.5,0],"scale":[0.25,0.25,0.25]},"head":{"translation":[0,-30.5,0],"scale":[1.6,1.6,1.6]},"fixed":{"scale":[0.5,0.5,0.5]}}}