{"credit":"MadewithBlockbench","texture_size":[128,128],"textures":{"0":"elitecreatures:restaurant_decoration_v1/restaurant_bed","particle":"elitecreatures:restaurant_decoration_v1/restaurant_bed"},"elements":[{"from":[-13,7,-9],"to":[13,12,19],"faces":{"north":{"uv":[0,6.125,3.25,6.75],"texture":"#0"},"east":{"uv":[0,5.5,3.5,6.125],"texture":"#0"},"south":{"uv":[0,6.125,3.25,6.75],"texture":"#0"},"west":{"uv":[3.5,5.5,0,6.125],"texture":"#0"},"up":{"uv":[6.75,3.5,3.5,0],"texture":"#0"},"down":{"uv":[6.75,3.5,3.5,0],"texture":"#0"}}},{"from":[-12,7,19],"to":[12,11,27],"faces":{"north":{"uv":[6.625,5.375,9.625,5.875],"texture":"#0"},"east":{"uv":[5,7.25,6,7.75],"texture":"#0"},"south":{"uv":[6.625,5.375,9.625,5.875],"texture":"#0"},"west":{"uv":[5,7.25,6,7.75],"texture":"#0"},"up":{"uv":[6.5,5.125,3.5,4.125],"texture":"#0"},"down":{"uv":[6.5,5.125,3.5,4.125],"texture":"#0"}}},{"from":[10,0,25],"to":[15,15,31],"faces":{"north":{"uv":[2.125,6.75,1.5,8.625],"texture":"#0"},"east":{"uv":[0,6.75,0.75,8.625],"texture":"#0"},"south":{"uv":[1.5,6.75,2.125,8.625],"texture":"#0"},"west":{"uv":[0,6.75,0.75,8.625],"texture":"#0"},"up":{"uv":[7.625,8.125,7,7.375],"texture":"#0"},"down":{"uv":[7.625,8.125,7,7.375],"texture":"#0"}}},{"from":[10,0,-15],"to":[15,13,-9],"faces":{"north":{"uv":[2.125,6.75,2.75,8.375],"texture":"#0"},"east":{"uv":[0.75,6.75,1.5,8.375],"texture":"#0"},"south":{"uv":[2.125,6.75,2.75,8.375],"texture":"#0"},"west":{"uv":[0.75,6.75,1.5,8.375],"texture":"#0"},"up":{"uv":[4.125,8.375,3.5,7.625],"texture":"#0"},"down":{"uv":[4.125,8.375,3.5,7.625],"texture":"#0"}}},{"from":[8,15,25],"to":[14,20,31],"faces":{"north":{"uv":[8.375,2.5,7.625,3.125],"texture":"#0"},"east":{"uv":[2.75,7.625,3.5,8.25],"texture":"#0"},"south":{"uv":[7.625,2.5,8.375,3.125],"texture":"#0"},"west":{"uv":[2.75,7.625,3.5,8.25],"texture":"#0"},"up":{"uv":[7.875,6.875,7.125,6.125],"texture":"#0"},"down":{"uv":[7.875,6.875,7.125,6.125],"texture":"#0"}}},{"from":[-15,0,25],"to":[-10,15,31],"rotation":{"angle":0,"axis":"y","origin":[16,0,0]},"faces":{"north":{"uv":[1.5,6.75,2.125,8.625],"texture":"#0"},"east":{"uv":[0.75,6.75,0,8.625],"texture":"#0"},"south":{"uv":[2.125,6.75,1.5,8.625],"texture":"#0"},"west":{"uv":[0.75,6.75,0,8.625],"texture":"#0"},"up":{"uv":[7,8.125,7.625,7.375],"texture":"#0"},"down":{"uv":[7,8.125,7.625,7.375],"texture":"#0"}}},{"from":[-14,15,25],"to":[-8,20,31],"rotation":{"angle":0,"axis":"y","origin":[16,0,0]},"faces":{"north":{"uv":[7.625,2.5,8.375,3.125],"texture":"#0"},"east":{"uv":[3.5,7.625,2.75,8.25],"texture":"#0"},"south":{"uv":[8.375,2.5,7.625,3.125],"texture":"#0"},"west":{"uv":[3.5,7.625,2.75,8.25],"texture":"#0"},"up":{"uv":[7.125,6.875,7.875,6.125],"texture":"#0"},"down":{"uv":[7.125,6.875,7.875,6.125],"texture":"#0"}}},{"from":[-12,20,25],"to":[12,24,31],"faces":{"north":{"uv":[6.625,4.875,9.625,5.375],"texture":"#0"},"east":{"uv":[7.625,7.375,8.375,7.875],"texture":"#0"},"south":{"uv":[6.625,4.875,9.625,5.375],"texture":"#0"},"west":{"uv":[8.375,7.375,7.625,7.875],"texture":"#0"},"up":{"uv":[6.5,5.875,3.5,5.125],"texture":"#0"},"down":{"uv":[6.625,5.875,3.5,5.125],"texture":"#0"}}},{"from":[-8,19,25],"to":[8,20,31],"faces":{"north":{"uv":[7.75,3.125,9.75,3.25],"texture":"#0"},"east":{"uv":[7.875,6.125,8.625,6.25],"texture":"#0"},"south":{"uv":[7.75,3.125,9.75,3.25],"texture":"#0"},"west":{"uv":[7.875,6.125,8.625,6.25],"texture":"#0"},"up":{"uv":[7.125,7.25,5,6.5],"texture":"#0"},"down":{"uv":[7.125,7.25,5,6.5],"texture":"#0"}}},{"from":[-9,24,25],"to":[9,26,31],"faces":{"north":{"uv":[7,5.875,9.25,6.125],"texture":"#0"},"east":{"uv":[7.625,3.25,8.375,3.5],"texture":"#0"},"south":{"uv":[7,5.875,9.25,6.125],"texture":"#0"},"west":{"uv":[8.375,3.25,7.625,3.5],"texture":"#0"},"up":{"uv":[8.75,4.875,6.5,4.125],"texture":"#0"},"down":{"uv":[8.875,4.875,6.5,4.125],"texture":"#0"}}},{"from":[-1,7,27],"to":[1,19,29],"faces":{"north":{"uv":[5,7.75,5.25,9.25],"texture":"#0"},"east":{"uv":[5.25,7.75,5.5,9.25],"texture":"#0"},"south":{"uv":[5,7.75,5.25,9.25],"texture":"#0"},"west":{"uv":[5.25,7.75,5.5,9.25],"texture":"#0"},"up":{"uv":[3.5,6.375,3.25,6.125],"texture":"#0"},"down":{"uv":[3.5,6.375,3.25,6.125],"texture":"#0"}}},{"from":[-7,7,27],"to":[-5,19,29],"faces":{"north":{"uv":[5,7.75,5.25,9.25],"texture":"#0"},"east":{"uv":[5.25,7.75,5.5,9.25],"texture":"#0"},"south":{"uv":[5,7.75,5.25,9.25],"texture":"#0"},"west":{"uv":[5.25,7.75,5.5,9.25],"texture":"#0"},"up":{"uv":[3.5,6.375,3.25,6.125],"texture":"#0"},"down":{"uv":[3.5,6.375,3.25,6.125],"texture":"#0"}}},{"from":[5,7,27],"to":[7,19,29],"faces":{"north":{"uv":[5,7.75,5.25,9.25],"texture":"#0"},"east":{"uv":[5.25,7.75,5.5,9.25],"texture":"#0"},"south":{"uv":[5,7.75,5.25,9.25],"texture":"#0"},"west":{"uv":[5.25,7.75,5.5,9.25],"texture":"#0"},"up":{"uv":[3.5,6.375,3.25,6.125],"texture":"#0"},"down":{"uv":[3.5,6.375,3.25,6.125],"texture":"#0"}}},{"from":[-1,7,-12],"to":[1,9,-10],"faces":{"north":{"uv":[2.75,7.375,3,7.625],"texture":"#0"},"east":{"uv":[3,7.375,3.25,7.625],"texture":"#0"},"south":{"uv":[2.75,7.375,3,7.625],"texture":"#0"},"west":{"uv":[3,7.375,3.25,7.625],"texture":"#0"},"up":{"uv":[6.625,8,6.375,7.75],"texture":"#0"},"down":{"uv":[6.625,8,6.375,7.75],"texture":"#0"}}},{"from":[-7,7,-12],"to":[-5,9,-10],"faces":{"north":{"uv":[2.75,7.375,3,7.625],"texture":"#0"},"east":{"uv":[3,7.375,3.25,7.625],"texture":"#0"},"south":{"uv":[2.75,7.375,3,7.625],"texture":"#0"},"west":{"uv":[3,7.375,3.25,7.625],"texture":"#0"},"up":{"uv":[6.625,8,6.375,7.75],"texture":"#0"},"down":{"uv":[6.625,8,6.375,7.75],"texture":"#0"}}},{"from":[5,7,-12],"to":[7,9,-10],"faces":{"north":{"uv":[2.75,7.375,3,7.625],"texture":"#0"},"east":{"uv":[3,7.375,3.25,7.625],"texture":"#0"},"south":{"uv":[2.75,7.375,3,7.625],"texture":"#0"},"west":{"uv":[3,7.375,3.25,7.625],"texture":"#0"},"up":{"uv":[6.625,8,6.375,7.75],"texture":"#0"},"down":{"uv":[6.625,8,6.375,7.75],"texture":"#0"}}},{"from":[-11,9,26],"to":[11,13,30],"faces":{"north":{"uv":[6.75,0,9.5,0.5],"texture":"#0"},"east":{"uv":[2.75,6.75,3.25,7.25],"texture":"#0"},"south":{"uv":[6.75,0,9.5,0.5],"texture":"#0"},"west":{"uv":[2.75,6.75,3.25,7.25],"texture":"#0"},"up":{"uv":[6.75,0,9.5,0.5],"texture":"#0"},"down":{"uv":[6.75,0,9.5,0.5],"texture":"#0"}}},{"from":[-10,9,-13],"to":[10,13,-9],"faces":{"north":{"uv":[6.75,1,9.25,1.5],"texture":"#0"},"east":{"uv":[5.5,7.75,6,8.25],"texture":"#0"},"south":{"uv":[6.75,1,9.25,1.5],"texture":"#0"},"west":{"uv":[5.5,7.75,6,8.25],"texture":"#0"},"up":{"uv":[9.25,2,6.75,1.5],"texture":"#0"},"down":{"uv":[9.25,2,6.75,1.5],"texture":"#0"}}},{"from":[-14,2,-14],"to":[14,7,30],"faces":{"north":{"uv":[3.5,5.875,7,6.5],"texture":"#0"},"east":{"uv":[3.5,3.5,9,4.125],"texture":"#0"},"south":{"uv":[3.5,5.875,7,6.5],"texture":"#0"},"west":{"uv":[3.5,3.5,9,4.125],"texture":"#0"},"up":{"uv":[3.5,5.5,0,0],"texture":"#0"},"down":{"uv":[3.5,5.5,0,0],"texture":"#0"}}},{"from":[11,13,-14],"to":[14,14,-10],"faces":{"north":{"uv":[6.625,7.75,7,7.875],"texture":"#0"},"east":{"uv":[2.75,7.25,3.25,7.375],"texture":"#0"},"south":{"uv":[6.625,7.75,7,7.875],"texture":"#0"},"west":{"uv":[2.75,7.25,3.25,7.375],"texture":"#0"},"up":{"uv":[6.375,8.25,6,7.75],"texture":"#0"},"down":{"uv":[6.375,8.25,6,7.75],"texture":"#0"}}},{"from":[-7.25,9,19.75],"to":[7.25,13,29.25],"rotation":{"angle":-22.5,"axis":"x","origin":[0,9,20]},"faces":{"north":{"uv":[6.75,2,8.5,2.5],"texture":"#0"},"east":{"uv":[7.125,6.875,8.25,7.375],"texture":"#0"},"south":{"uv":[6.75,2,8.5,2.5],"texture":"#0"},"west":{"uv":[7.125,6.875,8.25,7.375],"texture":"#0"},"up":{"uv":[5,7.625,3.25,6.5],"texture":"#0"},"down":{"uv":[5,7.625,3.25,6.5],"texture":"#0"}}},{"from":[9,0,-16],"to":[16,4,-8],"faces":{"north":{"uv":[4.125,7.625,5,8.125],"texture":"#0"},"east":{"uv":[6,7.25,7,7.75],"texture":"#0"},"south":{"uv":[4.125,7.625,5,8.125],"texture":"#0"},"west":{"uv":[6,7.25,7,7.75],"texture":"#0"},"up":{"uv":[7.625,3.5,6.75,2.5],"texture":"#0"},"down":{"uv":[7.625,3.5,6.75,2.5],"texture":"#0"}}},{"from":[-14,13,-14],"to":[-11,14,-10],"rotation":{"angle":0,"axis":"y","origin":[16,0,0]},"faces":{"north":{"uv":[7,7.75,6.625,7.875],"texture":"#0"},"east":{"uv":[3.25,7.25,2.75,7.375],"texture":"#0"},"south":{"uv":[7,7.75,6.625,7.875],"texture":"#0"},"west":{"uv":[3.25,7.25,2.75,7.375],"texture":"#0"},"up":{"uv":[6,8.25,6.375,7.75],"texture":"#0"},"down":{"uv":[6,8.25,6.375,7.75],"texture":"#0"}}},{"from":[-16,0,-16],"to":[-9,4,-8],"rotation":{"angle":0,"axis":"y","origin":[16,0,0]},"faces":{"north":{"uv":[5,7.625,4.125,8.125],"texture":"#0"},"east":{"uv":[7,7.25,6,7.75],"texture":"#0"},"south":{"uv":[5,7.625,4.125,8.125],"texture":"#0"},"west":{"uv":[7,7.25,6,7.75],"texture":"#0"},"up":{"uv":[6.75,3.5,7.625,2.5],"texture":"#0"},"down":{"uv":[6.75,3.5,7.625,2.5],"texture":"#0"}}},{"from":[9,0,24],"to":[16,4,32],"faces":{"north":{"uv":[4.125,7.625,5,8.125],"texture":"#0"},"east":{"uv":[6,7.25,7,7.75],"texture":"#0"},"south":{"uv":[4.125,7.625,5,8.125],"texture":"#0"},"west":{"uv":[6,7.25,7,7.75],"texture":"#0"},"up":{"uv":[7.625,3.5,6.75,2.5],"texture":"#0"},"down":{"uv":[7.625,3.5,6.75,2.5],"texture":"#0"}}},{"from":[-16,0,24],"to":[-9,4,32],"rotation":{"angle":0,"axis":"y","origin":[16,0,0]},"faces":{"north":{"uv":[5,7.625,4.125,8.125],"texture":"#0"},"east":{"uv":[7,7.25,6,7.75],"texture":"#0"},"south":{"uv":[5,7.625,4.125,8.125],"texture":"#0"},"west":{"uv":[7,7.25,6,7.75],"texture":"#0"},"up":{"uv":[6.75,3.5,7.625,2.5],"texture":"#0"},"down":{"uv":[6.75,3.5,7.625,2.5],"texture":"#0"}}},{"from":[-15,0,-15],"to":[-10,13,-9],"rotation":{"angle":0,"axis":"y","origin":[16,0,0]},"faces":{"north":{"uv":[2.75,6.75,2.125,8.375],"texture":"#0"},"east":{"uv":[1.5,6.75,0.75,8.375],"texture":"#0"},"south":{"uv":[2.75,6.75,2.125,8.375],"texture":"#0"},"west":{"uv":[1.5,6.75,0.75,8.375],"texture":"#0"},"up":{"uv":[3.5,8.375,4.125,7.625],"texture":"#0"},"down":{"uv":[3.5,8.375,4.125,7.625],"texture":"#0"}}}],"display":{"thirdperson_righthand":{"translation":[1.25,0,0],"scale":[0.14,0.14,0.14]},"thirdperson_lefthand":{"translation":[-1,0,0],"scale":[0.14,0.14,0.14]},"firstperson_righthand":{"scale":[0.21,0.21,0.21]},"firstperson_lefthand":{"scale":[0.21,0.21,0.21]},"ground":{"translation":[2,-1,0],"scale":[0.25,0.25,0.25]},"gui":{"rotation":[30,225,0],"translation":[-1,-1.25,0],"scale":[0.2,0.2,0.2]},"head":{"rotation":[0,-180,0],"translation":[-12.75,-30.5,0.25],"scale":[1.6,1.6,1.6]},"fixed":{"translation":[4.25,0,0],"scale":[0.5,0.5,0.5]}}}