{"credit":"MadewithBlockbench","texture_size":[128,128],"textures":{"1":"elitecreatures:restaurant_decoration_v1/restaurant_grill_meat"},"elements":[{"from":[-13,-8,0],"to":[13,-3,16],"rotation":{"angle":0,"axis":"y","origin":[0,-16,0]},"faces":{"north":{"uv":[1.5,3.875,4.75,4.5],"texture":"#1"},"east":{"uv":[4.5,2.875,6.5,3.5],"texture":"#1"},"south":{"uv":[1.5,3.875,4.75,4.5],"texture":"#1"},"west":{"uv":[4.5,2.875,6.5,3.5],"texture":"#1"},"up":{"uv":[3.25,9.75,0,7.75],"texture":"#1"},"down":{"uv":[3.25,2,0,0],"texture":"#1"}}},{"from":[-13,-3,-1],"to":[13,0,2],"rotation":{"angle":0,"axis":"y","origin":[0,-16,0]},"faces":{"north":{"uv":[4.5,3.5,7.75,3.875],"texture":"#1"},"east":{"uv":[0,0,0,0],"texture":"#1"},"south":{"uv":[4.75,0,8,0.375],"texture":"#1"},"west":{"uv":[0,0,0,0],"texture":"#1"},"up":{"uv":[8,0.75,4.75,0.375],"texture":"#1"},"down":{"uv":[8,0.75,4.75,0.375],"texture":"#1"}}},{"from":[-13,-3,14],"to":[13,0,17],"rotation":{"angle":0,"axis":"y","origin":[0,-16,16]},"faces":{"north":{"uv":[8,0,4.75,0.375],"texture":"#1"},"east":{"uv":[0,0,0,0],"texture":"#1"},"south":{"uv":[7.75,3.5,4.5,3.875],"texture":"#1"},"west":{"uv":[0,0,0,0],"texture":"#1"},"up":{"uv":[8,0.375,4.75,0.75],"texture":"#1"},"down":{"uv":[8,0.375,4.75,0.75],"texture":"#1"}}},{"from":[12,-6,5],"to":[16,1,11],"rotation":{"angle":0,"axis":"y","origin":[16,-16,0]},"faces":{"north":{"uv":[6.25,5.625,5.75,6.5],"texture":"#1"},"east":{"uv":[5.75,2,6.5,2.875],"texture":"#1"},"south":{"uv":[5.75,5.625,6.25,6.5],"texture":"#1"},"west":{"uv":[5.75,2,6.5,2.875],"texture":"#1"},"up":{"uv":[2,6.625,1.5,5.875],"texture":"#1"},"down":{"uv":[2,6.625,1.5,5.875],"texture":"#1"}}},{"from":[-16,-6,5],"to":[-12,1,11],"rotation":{"angle":0,"axis":"y","origin":[0,-16,0]},"faces":{"north":{"uv":[5.75,5.625,6.25,6.5],"texture":"#1"},"east":{"uv":[6.5,2,5.75,2.875],"texture":"#1"},"south":{"uv":[6.25,5.625,5.75,6.5],"texture":"#1"},"west":{"uv":[6.5,2,5.75,2.875],"texture":"#1"},"up":{"uv":[1.5,6.625,2,5.875],"texture":"#1"},"down":{"uv":[1.5,6.625,2,5.875],"texture":"#1"}}},{"from":[13,-3,-1],"to":[15,0,17],"rotation":{"angle":0,"axis":"y","origin":[16,-16,0]},"faces":{"north":{"uv":[0.875,6.625,0.625,7],"texture":"#1"},"east":{"uv":[5.75,1.25,8,1.625],"texture":"#1"},"south":{"uv":[0.625,6.625,0.875,7],"texture":"#1"},"west":{"uv":[5.75,1.625,8,2],"texture":"#1"},"up":{"uv":[1.25,7.625,1.5,5.375],"texture":"#1"},"down":{"uv":[1.5,7.625,1.25,5.375],"texture":"#1"}}},{"from":[-15,-3,-1],"to":[-13,0,17],"rotation":{"angle":0,"axis":"y","origin":[10,-16,0]},"faces":{"north":{"uv":[0.625,6.625,0.875,7],"texture":"#1"},"east":{"uv":[5.75,1.25,8,1.625],"texture":"#1"},"south":{"uv":[0.875,6.625,0.625,7],"texture":"#1"},"west":{"uv":[5.75,1.625,8,2],"texture":"#1"},"up":{"uv":[1.5,7.625,1.25,5.375],"texture":"#1"},"down":{"uv":[1.5,7.625,1.25,5.375],"texture":"#1"}}},{"from":[7,-16,-1],"to":[13,-13,5],"rotation":{"angle":0,"axis":"y","origin":[0,-16,0]},"faces":{"north":{"uv":[3.25,1.5,4,1.875],"texture":"#1"},"east":{"uv":[6.25,6.125,7,6.5],"texture":"#1"},"south":{"uv":[3.25,1.5,4,1.875],"texture":"#1"},"west":{"uv":[6.25,6.125,7,6.5],"texture":"#1"},"up":{"uv":[6.5,5.625,5.75,4.875],"texture":"#1"},"down":{"uv":[6.5,5.625,5.75,4.875],"texture":"#1"}}},{"from":[8,-13,0],"to":[12,-10,5],"rotation":{"angle":0,"axis":"y","origin":[0,-16,0]},"faces":{"north":{"uv":[4,1.5,4.5,1.875],"texture":"#1"},"east":{"uv":[6.375,4.125,7,4.5],"texture":"#1"},"south":{"uv":[4,1.5,4.5,1.875],"texture":"#1"},"west":{"uv":[6.375,4.125,7,4.5],"texture":"#1"},"up":{"uv":[5.25,4.5,4.75,3.875],"texture":"#1"},"down":{"uv":[5.25,4.5,4.75,3.875],"texture":"#1"}}},{"from":[8,-13,11],"to":[12,-10,16],"rotation":{"angle":0,"axis":"y","origin":[0,-16,16]},"faces":{"north":{"uv":[4.5,1.5,4,1.875],"texture":"#1"},"east":{"uv":[7,4.125,6.375,4.5],"texture":"#1"},"south":{"uv":[4.5,1.5,4,1.875],"texture":"#1"},"west":{"uv":[7,4.125,6.375,4.5],"texture":"#1"},"up":{"uv":[5.25,3.875,4.75,4.5],"texture":"#1"},"down":{"uv":[5.25,3.875,4.75,4.5],"texture":"#1"}}},{"from":[7,-16,11],"to":[13,-13,17],"rotation":{"angle":0,"axis":"y","origin":[0,-16,16]},"faces":{"north":{"uv":[4,1.5,3.25,1.875],"texture":"#1"},"east":{"uv":[7,6.125,6.25,6.5],"texture":"#1"},"south":{"uv":[4,1.5,3.25,1.875],"texture":"#1"},"west":{"uv":[7,6.125,6.25,6.5],"texture":"#1"},"up":{"uv":[6.5,4.875,5.75,5.625],"texture":"#1"},"down":{"uv":[6.5,4.875,5.75,5.625],"texture":"#1"}}},{"from":[8,-10,1],"to":[12,-8,15],"rotation":{"angle":0,"axis":"y","origin":[0,-16,16]},"faces":{"north":{"uv":[6.5,3.25,7,3.5],"texture":"#1"},"east":{"uv":[6.25,5.625,8,5.875],"texture":"#1"},"south":{"uv":[6.5,3.25,7,3.5],"texture":"#1"},"west":{"uv":[6.25,5.625,8,5.875],"texture":"#1"},"up":{"uv":[5.75,6.625,5.25,4.875],"texture":"#1"},"down":{"uv":[5.75,6.625,5.25,4.875],"texture":"#1"}}},{"from":[8,-11,5],"to":[12,-10,11],"rotation":{"angle":0,"axis":"y","origin":[0,-16,16]},"faces":{"north":{"uv":[4,1.875,4.5,2],"texture":"#1"},"east":{"uv":[3.25,1.875,4,2],"texture":"#1"},"south":{"uv":[0,0,0,0],"texture":"#1"},"west":{"uv":[0,0,0,0],"texture":"#1"},"up":{"uv":[2.5,6.625,2,5.875],"texture":"#1"},"down":{"uv":[0,0,0,0],"texture":"#1"}}},{"from":[-13,-16,-1],"to":[-7,-13,5],"rotation":{"angle":0,"axis":"y","origin":[16,-16,0]},"faces":{"north":{"uv":[4,1.5,3.25,1.875],"texture":"#1"},"east":{"uv":[7,6.125,6.25,6.5],"texture":"#1"},"south":{"uv":[4,1.5,3.25,1.875],"texture":"#1"},"west":{"uv":[7,6.125,6.25,6.5],"texture":"#1"},"up":{"uv":[5.75,5.625,6.5,4.875],"texture":"#1"},"down":{"uv":[5.75,5.625,6.5,4.875],"texture":"#1"}}},{"from":[-13,-16,11],"to":[-7,-13,17],"rotation":{"angle":0,"axis":"y","origin":[16,-16,16]},"faces":{"north":{"uv":[3.25,1.5,4,1.875],"texture":"#1"},"east":{"uv":[6.25,6.125,7,6.5],"texture":"#1"},"south":{"uv":[3.25,1.5,4,1.875],"texture":"#1"},"west":{"uv":[6.25,6.125,7,6.5],"texture":"#1"},"up":{"uv":[5.75,4.875,6.5,5.625],"texture":"#1"},"down":{"uv":[5.75,4.875,6.5,5.625],"texture":"#1"}}},{"from":[-12,-13,11],"to":[-8,-10,16],"rotation":{"angle":0,"axis":"y","origin":[16,-16,16]},"faces":{"north":{"uv":[4,1.5,4.5,1.875],"texture":"#1"},"east":{"uv":[6.375,4.125,7,4.5],"texture":"#1"},"south":{"uv":[4,1.5,4.5,1.875],"texture":"#1"},"west":{"uv":[6.375,4.125,7,4.5],"texture":"#1"},"up":{"uv":[4.75,3.875,5.25,4.5],"texture":"#1"},"down":{"uv":[4.75,3.875,5.25,4.5],"texture":"#1"}}},{"from":[-12,-13,0],"to":[-8,-10,5],"rotation":{"angle":0,"axis":"y","origin":[16,-16,0]},"faces":{"north":{"uv":[4.5,1.5,4,1.875],"texture":"#1"},"east":{"uv":[7,4.125,6.375,4.5],"texture":"#1"},"south":{"uv":[4.5,1.5,4,1.875],"texture":"#1"},"west":{"uv":[7,4.125,6.375,4.5],"texture":"#1"},"up":{"uv":[4.75,4.5,5.25,3.875],"texture":"#1"},"down":{"uv":[4.75,4.5,5.25,3.875],"texture":"#1"}}},{"from":[-12,-10,1],"to":[-8,-8,15],"rotation":{"angle":0,"axis":"y","origin":[16,-16,16]},"faces":{"north":{"uv":[7,3.25,6.5,3.5],"texture":"#1"},"east":{"uv":[8,5.625,6.25,5.875],"texture":"#1"},"south":{"uv":[7,3.25,6.5,3.5],"texture":"#1"},"west":{"uv":[8,5.625,6.25,5.875],"texture":"#1"},"up":{"uv":[5.25,6.625,5.75,4.875],"texture":"#1"},"down":{"uv":[5.25,6.625,5.75,4.875],"texture":"#1"}}},{"from":[-12,-11,5],"to":[-8,-10,11],"rotation":{"angle":0,"axis":"y","origin":[16,-16,16]},"faces":{"north":{"uv":[4.5,1.875,4,2],"texture":"#1"},"east":{"uv":[0,0,0,0],"texture":"#1"},"south":{"uv":[0,0,0,0],"texture":"#1"},"west":{"uv":[4,1.875,3.25,2],"texture":"#1"},"up":{"uv":[2,6.625,2.5,5.875],"texture":"#1"},"down":{"uv":[0,0,0,0],"texture":"#1"}}},{"from":[-1,-11,4],"to":[8,-9,12],"rotation":{"angle":-22.5,"axis":"z","origin":[8,-11,-2]},"faces":{"north":{"uv":[6.375,3.875,7.5,4.125],"texture":"#1"},"east":{"uv":[4.75,1.25,5.75,1.5],"texture":"#1"},"south":{"uv":[7.5,3.875,6.375,4.125],"texture":"#1"},"west":{"uv":[4.75,1.25,5.75,1.5],"texture":"#1"},"up":{"uv":[6.375,4.875,5.25,3.875],"texture":"#1"},"down":{"uv":[6.375,4.875,5.25,3.875],"texture":"#1"}}},{"from":[-8,-11,4],"to":[1,-9,12],"rotation":{"angle":22.5,"axis":"z","origin":[-8,-11,-2]},"faces":{"north":{"uv":[7.5,3.875,6.375,4.125],"texture":"#1"},"east":{"uv":[5.75,1.25,4.75,1.5],"texture":"#1"},"south":{"uv":[6.375,3.875,7.5,4.125],"texture":"#1"},"west":{"uv":[5.75,1.25,4.75,1.5],"texture":"#1"},"up":{"uv":[5.25,4.875,6.375,3.875],"texture":"#1"},"down":{"uv":[5.25,4.875,6.375,3.875],"texture":"#1"}}},{"from":[8,-2,2],"to":[10,0,14],"rotation":{"angle":0,"axis":"y","origin":[0,-16,0]},"faces":{"north":{"uv":[1.5,6.625,1.75,6.875],"texture":"#1"},"east":{"uv":[6.25,5.875,7.75,6.125],"texture":"#1"},"south":{"uv":[1.5,6.625,1.75,6.875],"texture":"#1"},"west":{"uv":[6.25,5.875,7.75,6.125],"texture":"#1"},"up":{"uv":[2.75,7.375,2.5,5.875],"texture":"#1"},"down":{"uv":[2.75,7.375,2.5,5.875],"texture":"#1"}}},{"from":[2,-2,2],"to":[4,0,14],"rotation":{"angle":0,"axis":"y","origin":[0,-16,0]},"faces":{"north":{"uv":[1.5,6.625,1.75,6.875],"texture":"#1"},"east":{"uv":[6.25,5.875,7.75,6.125],"texture":"#1"},"south":{"uv":[1.5,6.625,1.75,6.875],"texture":"#1"},"west":{"uv":[6.25,5.875,7.75,6.125],"texture":"#1"},"up":{"uv":[2.75,7.375,2.5,5.875],"texture":"#1"},"down":{"uv":[2.75,7.375,2.5,5.875],"texture":"#1"}}},{"from":[-4,-2,2],"to":[-2,0,14],"rotation":{"angle":0,"axis":"y","origin":[0,-16,0]},"faces":{"north":{"uv":[1.5,6.625,1.75,6.875],"texture":"#1"},"east":{"uv":[6.25,5.875,7.75,6.125],"texture":"#1"},"south":{"uv":[1.5,6.625,1.75,6.875],"texture":"#1"},"west":{"uv":[6.25,5.875,7.75,6.125],"texture":"#1"},"up":{"uv":[2.75,7.375,2.5,5.875],"texture":"#1"},"down":{"uv":[2.75,7.375,2.5,5.875],"texture":"#1"}}},{"from":[-10,-2,2],"to":[-8,0,14],"rotation":{"angle":0,"axis":"y","origin":[0,-16,0]},"faces":{"north":{"uv":[1.5,6.625,1.75,6.875],"texture":"#1"},"east":{"uv":[6.25,5.875,7.75,6.125],"texture":"#1"},"south":{"uv":[1.5,6.625,1.75,6.875],"texture":"#1"},"west":{"uv":[6.25,5.875,7.75,6.125],"texture":"#1"},"up":{"uv":[2.75,7.375,2.5,5.875],"texture":"#1"},"down":{"uv":[2.75,7.375,2.5,5.875],"texture":"#1"}}},{"from":[13,1,7],"to":[15,8,9],"rotation":{"angle":0,"axis":"y","origin":[16,-16,0]},"faces":{"north":{"uv":[6.5,2.375,6.75,3.25],"texture":"#1"},"east":{"uv":[5.75,6.5,6,7.375],"texture":"#1"},"south":{"uv":[6.5,2.375,6.75,3.25],"texture":"#1"},"west":{"uv":[5.75,6.5,6,7.375],"texture":"#1"},"up":{"uv":[2,6.875,1.75,6.625],"texture":"#1"},"down":{"uv":[2,6.875,1.75,6.625],"texture":"#1"}}},{"from":[13,7,6],"to":[15,10,7],"rotation":{"angle":0,"axis":"y","origin":[16,-16,0]},"faces":{"north":{"uv":[0.875,6.625,1.125,7],"texture":"#1"},"east":{"uv":[1.125,6.625,1.25,7],"texture":"#1"},"south":{"uv":[0.875,6.625,1.125,7],"texture":"#1"},"west":{"uv":[1.125,6.625,1.25,7],"texture":"#1"},"up":{"uv":[0.25,6.875,0,6.75],"texture":"#1"},"down":{"uv":[0.25,6.875,0,6.75],"texture":"#1"}}},{"from":[13,7,9],"to":[15,10,10],"rotation":{"angle":0,"axis":"y","origin":[16,-16,16]},"faces":{"north":{"uv":[1.125,6.625,0.875,7],"texture":"#1"},"east":{"uv":[1.25,6.625,1.125,7],"texture":"#1"},"south":{"uv":[1.125,6.625,0.875,7],"texture":"#1"},"west":{"uv":[1.25,6.625,1.125,7],"texture":"#1"},"up":{"uv":[0.25,6.75,0,6.875],"texture":"#1"},"down":{"uv":[0.25,6.75,0,6.875],"texture":"#1"}}},{"from":[-15,7,9],"to":[-13,10,10],"rotation":{"angle":0,"axis":"y","origin":[0,-16,16]},"faces":{"north":{"uv":[0.875,6.625,1.125,7],"texture":"#1"},"east":{"uv":[1.125,6.625,1.25,7],"texture":"#1"},"south":{"uv":[0.875,6.625,1.125,7],"texture":"#1"},"west":{"uv":[1.125,6.625,1.25,7],"texture":"#1"},"up":{"uv":[0,6.75,0.25,6.875],"texture":"#1"},"down":{"uv":[0,6.75,0.25,6.875],"texture":"#1"}}},{"from":[-15,7,6],"to":[-13,10,7],"rotation":{"angle":0,"axis":"y","origin":[0,-16,0]},"faces":{"north":{"uv":[1.125,6.625,0.875,7],"texture":"#1"},"east":{"uv":[1.25,6.625,1.125,7],"texture":"#1"},"south":{"uv":[1.125,6.625,0.875,7],"texture":"#1"},"west":{"uv":[1.25,6.625,1.125,7],"texture":"#1"},"up":{"uv":[0,6.875,0.25,6.75],"texture":"#1"},"down":{"uv":[0,6.875,0.25,6.75],"texture":"#1"}}},{"from":[-15,1,7],"to":[-13,8,9],"rotation":{"angle":0,"axis":"y","origin":[0,-16,0]},"faces":{"north":{"uv":[6.75,2.375,6.5,3.25],"texture":"#1"},"east":{"uv":[6,6.5,5.75,7.375],"texture":"#1"},"south":{"uv":[6.75,2.375,6.5,3.25],"texture":"#1"},"west":{"uv":[6,6.5,5.75,7.375],"texture":"#1"},"up":{"uv":[1.75,6.875,2,6.625],"texture":"#1"},"down":{"uv":[1.75,6.875,2,6.625],"texture":"#1"}}},{"from":[-16,8,7],"to":[16,10,9],"rotation":{"angle":0,"axis":"y","origin":[0,-16,0]},"faces":{"north":{"uv":[4.75,0.75,8.75,1],"texture":"#1"},"east":{"uv":[2,6.625,2.25,6.875],"texture":"#1"},"south":{"uv":[4.75,0.75,8.75,1],"texture":"#1"},"west":{"uv":[2,6.625,2.25,6.875],"texture":"#1"},"up":{"uv":[8.75,1.25,4.75,1],"texture":"#1"},"down":{"uv":[8.75,1.25,4.75,1],"texture":"#1"}}},{"from":[16,8,7],"to":[18,14,9],"rotation":{"angle":0,"axis":"y","origin":[0,-16,0]},"faces":{"north":{"uv":[6.5,4.875,6.75,5.625],"texture":"#1"},"east":{"uv":[6,6.5,6.25,7.25],"texture":"#1"},"south":{"uv":[6.5,4.875,6.75,5.625],"texture":"#1"},"west":{"uv":[6,6.5,6.25,7.25],"texture":"#1"},"up":{"uv":[2.5,6.875,2.25,6.625],"texture":"#1"},"down":{"uv":[2.5,6.875,2.25,6.625],"texture":"#1"}}},{"from":[18,12,7],"to":[20,14,9],"rotation":{"angle":0,"axis":"y","origin":[0,-16,0]},"faces":{"north":{"uv":[5.25,6.625,5.5,6.875],"texture":"#1"},"east":{"uv":[5.5,6.625,5.75,6.875],"texture":"#1"},"south":{"uv":[5.25,6.625,5.5,6.875],"texture":"#1"},"west":{"uv":[5.5,6.625,5.75,6.875],"texture":"#1"},"up":{"uv":[6.875,6.75,6.625,6.5],"texture":"#1"},"down":{"uv":[0,0,0,0],"texture":"#1"}}},{"from":[20,11.5,6.5],"to":[25,14.5,9.5],"rotation":{"angle":0,"axis":"y","origin":[0,-16,0]},"faces":{"north":{"uv":[6.375,4.5,7,4.875],"texture":"#1"},"east":{"uv":[6.25,6.5,6.625,6.875],"texture":"#1"},"south":{"uv":[6.375,4.5,7,4.875],"texture":"#1"},"west":{"uv":[6.25,6.5,6.625,6.875],"texture":"#1"},"up":{"uv":[7.125,2.375,6.5,2],"texture":"#1"},"down":{"uv":[7.125,2.375,6.5,2],"texture":"#1"}}},{"from":[-6,3,2],"to":[6,18,14],"rotation":{"angle":0,"axis":"y","origin":[0,-16,0]},"faces":{"north":{"uv":[0,2,1.5,3.875],"texture":"#1"},"east":{"uv":[1.5,2,3,3.875],"texture":"#1"},"south":{"uv":[0,2,1.5,3.875],"texture":"#1"},"west":{"uv":[1.5,2,3,3.875],"texture":"#1"},"up":{"uv":[4.75,1.5,3.25,0],"texture":"#1"},"down":{"uv":[1.5,3.875,0,5.375],"texture":"#1"}}},{"from":[-11,4,3],"to":[-6,15,13],"rotation":{"angle":0,"axis":"y","origin":[0,-16,0]},"faces":{"north":{"uv":[0.625,5.375,0,6.75],"texture":"#1"},"east":{"uv":[1.5,4.5,2.75,5.875],"texture":"#1"},"south":{"uv":[0,5.375,0.625,6.75],"texture":"#1"},"west":{"uv":[4.5,1.5,5.75,2.875],"texture":"#1"},"up":{"uv":[4.625,7,4,5.75],"texture":"#1"},"down":{"uv":[3.375,5.75,2.75,7],"texture":"#1"}}},{"from":[6,4,3],"to":[11,14,13],"rotation":{"angle":0,"axis":"y","origin":[0,-16,0]},"faces":{"north":{"uv":[4,5.75,3.375,7],"texture":"#1"},"east":{"uv":[2.75,4.5,4,5.75],"texture":"#1"},"south":{"uv":[3.375,5.75,4,7],"texture":"#1"},"west":{"uv":[4,4.5,5.25,5.75],"texture":"#1"},"up":{"uv":[4.625,7,4,5.75],"texture":"#1"},"down":{"uv":[5.25,5.75,4.625,7],"texture":"#1"}}}],"gui_light":"front","display":{"thirdperson_righthand":{"translation":[1.75,3,1],"scale":[0.21,0.21,0.21]},"thirdperson_lefthand":{"translation":[-1.75,3,1],"scale":[0.21,0.21,0.21]},"firstperson_righthand":{"rotation":[0,-90,25],"translation":[1.13,3.2,1.13],"scale":[0.31,0.31,0.31]},"firstperson_lefthand":{"rotation":[0,-90,25],"translation":[1.13,3.2,1.13],"scale":[0.31,0.31,0.31]},"ground":{"translation":[2,3,0],"scale":[0.25,0.25,0.25]},"gui":{"rotation":[30,225,0],"translation":[-1.25,1,0],"scale":[0.28,0.28,0.28]},"head":{"rotation":[0,180,0],"translation":[-12.75,-4.75,0.25],"scale":[1.6,1.6,1.6]}}}