{"credit":"MadewithBlockbench","texture_size":[32,32],"textures":{"0":"elitecreatures:restaurant_decoration_v1/restaurant_food_steak","particle":"elitecreatures:restaurant_decoration_v1/restaurant_food_steak"},"elements":[{"from":[3,0,3],"to":[13,2,13],"faces":{"north":{"uv":[5,0,10,1],"texture":"#0"},"east":{"uv":[5,1,10,2],"texture":"#0"},"south":{"uv":[5,0,10,1],"texture":"#0"},"west":{"uv":[5,1,10,2],"texture":"#0"},"up":{"uv":[5,5,0,0],"texture":"#0"},"down":{"uv":[5,5,0,0],"texture":"#0"}}},{"from":[4,0,2],"to":[12,2,3],"faces":{"north":{"uv":[5.5,4.5,9.5,5.5],"texture":"#0"},"east":{"uv":[6,7,6.5,8],"texture":"#0"},"south":{"uv":[5.5,4.5,9.5,5.5],"texture":"#0"},"west":{"uv":[6,7,6.5,8],"texture":"#0"},"up":{"uv":[9.5,7,5.5,6.5],"texture":"#0"},"down":{"uv":[9.5,7,5.5,6.5],"texture":"#0"}}},{"from":[4,0,13],"to":[12,2,14],"rotation":{"angle":0,"axis":"y","origin":[0,0,16]},"faces":{"north":{"uv":[9.5,4.5,5.5,5.5],"texture":"#0"},"east":{"uv":[6.5,7,6,8],"texture":"#0"},"south":{"uv":[9.5,4.5,5.5,5.5],"texture":"#0"},"west":{"uv":[6.5,7,6,8],"texture":"#0"},"up":{"uv":[9.5,6.5,5.5,7],"texture":"#0"},"down":{"uv":[9.5,6.5,5.5,7],"texture":"#0"}}},{"from":[2,0,4],"to":[3,2,12],"rotation":{"angle":0,"axis":"y","origin":[0,0,16]},"faces":{"north":{"uv":[6.5,7,6,8],"texture":"#0"},"east":{"uv":[9.5,4.5,5.5,5.5],"texture":"#0"},"south":{"uv":[6.5,7,6,8],"texture":"#0"},"west":{"uv":[9.5,4.5,5.5,5.5],"texture":"#0"},"up":{"uv":[9.5,6.5,5.5,7],"rotation":90,"texture":"#0"},"down":{"uv":[9.5,6.5,5.5,7],"rotation":270,"texture":"#0"}}},{"from":[13,0,4],"to":[14,2,12],"rotation":{"angle":0,"axis":"y","origin":[16,0,16]},"faces":{"north":{"uv":[6,7,6.5,8],"texture":"#0"},"east":{"uv":[5.5,4.5,9.5,5.5],"texture":"#0"},"south":{"uv":[6,7,6.5,8],"texture":"#0"},"west":{"uv":[5.5,4.5,9.5,5.5],"texture":"#0"},"up":{"uv":[9.5,7,5.5,6.5],"rotation":90,"texture":"#0"},"down":{"uv":[9.5,7,5.5,6.5],"rotation":270,"texture":"#0"}}},{"from":[8,2.1,-1],"to":[12,2.1,4],"rotation":{"angle":-22.5,"axis":"y","origin":[0,0,0]},"faces":{"up":{"uv":[5.5,7.5,3.5,5],"texture":"#0"}}},{"from":[9.5,2,1],"to":[10.5,2.5,2],"rotation":{"angle":-22.5,"axis":"y","origin":[0,0,0]},"faces":{"north":{"uv":[0,7.5,0.5,7.75],"texture":"#0"},"east":{"uv":[0,7.5,0.5,7.75],"texture":"#0"},"south":{"uv":[0,7.5,0.5,7.75],"texture":"#0"},"west":{"uv":[0,7.5,0.5,7.75],"texture":"#0"},"up":{"uv":[5.5,5,5,4.5],"texture":"#0"},"down":{"uv":[5.5,5,5,4.5],"texture":"#0"}}},{"from":[-8,3.25,9.75],"to":[-7.5,3.75,10.25],"rotation":{"angle":45,"axis":"y","origin":[0,0,0]},"faces":{"north":{"uv":[3,15.25,3.25,15.5],"texture":"#0"},"east":{"uv":[3,15.25,3.25,15.5],"texture":"#0"},"south":{"uv":[3,15.25,3.25,15.5],"texture":"#0"},"west":{"uv":[3,15.25,3.25,15.5],"texture":"#0"},"up":{"uv":[3,15.25,3.25,15.5],"rotation":270,"texture":"#0"},"down":{"uv":[3,15.25,3.25,15.5],"rotation":90,"texture":"#0"}}},{"from":[-8,2.25,9.75],"to":[-7.5,2.75,10.25],"rotation":{"angle":45,"axis":"y","origin":[0,0,0]},"faces":{"north":{"uv":[3,15.25,3.25,15.5],"texture":"#0"},"east":{"uv":[3,15.25,3.25,15.5],"texture":"#0"},"south":{"uv":[3,15.25,3.25,15.5],"texture":"#0"},"west":{"uv":[3,15.25,3.25,15.5],"texture":"#0"},"up":{"uv":[3,15.25,3.25,15.5],"rotation":270,"texture":"#0"},"down":{"uv":[3,15.25,3.25,15.5],"rotation":90,"texture":"#0"}}},{"from":[-7.5,2.75,9.75],"to":[-6,3.25,10.25],"rotation":{"angle":45,"axis":"y","origin":[0,0,0]},"faces":{"north":{"uv":[3,15.75,3.75,16],"texture":"#0"},"east":{"uv":[4,15.75,4.25,16],"texture":"#0"},"south":{"uv":[3,15.75,3.75,16],"texture":"#0"},"west":{"uv":[4,15.75,4.25,16],"texture":"#0"},"up":{"uv":[3,15.75,3.75,16],"rotation":270,"texture":"#0"},"down":{"uv":[3,15.75,3.75,16],"rotation":90,"texture":"#0"}}},{"from":[-6,2.5,9.5],"to":[-5,3.5,10.5],"rotation":{"angle":45,"axis":"y","origin":[0,0,0]},"faces":{"north":{"uv":[1.25,14.25,1.75,14.75],"texture":"#0"},"east":{"uv":[1.25,13.5,1.75,14],"texture":"#0"},"south":{"uv":[1.25,14.25,1.75,14.75],"texture":"#0"},"west":{"uv":[1.25,13.5,1.75,14],"texture":"#0"},"up":{"uv":[1.25,14.25,1.75,14.75],"rotation":270,"texture":"#0"},"down":{"uv":[1.25,14.25,1.75,14.75],"rotation":90,"texture":"#0"}}},{"from":[-5,2,9],"to":[-2,4,11],"rotation":{"angle":45,"axis":"y","origin":[0,0,0]},"faces":{"north":{"uv":[1.25,15,2.75,16],"texture":"#0"},"east":{"uv":[0,13.25,1,14.25],"texture":"#0"},"south":{"uv":[1.25,15,2.75,16],"texture":"#0"},"west":{"uv":[0,13.25,1,14.25],"texture":"#0"},"up":{"uv":[0,14.5,1,16],"rotation":270,"texture":"#0"},"down":{"uv":[0,14.5,1,16],"rotation":90,"texture":"#0"}}},{"from":[1,2,6],"to":[4,4,8],"rotation":{"angle":22.5,"axis":"y","origin":[0,0,0]},"faces":{"north":{"uv":[1.25,15,2.75,16],"texture":"#0"},"east":{"uv":[0,13.25,1,14.25],"texture":"#0"},"south":{"uv":[1.25,15,2.75,16],"texture":"#0"},"west":{"uv":[0,13.25,1,14.25],"texture":"#0"},"up":{"uv":[0,14.5,1,16],"rotation":270,"texture":"#0"},"down":{"uv":[0,14.5,1,16],"rotation":90,"texture":"#0"}}},{"from":[0,2.5,6.5],"to":[1,3.5,7.5],"rotation":{"angle":22.5,"axis":"y","origin":[0,0,0]},"faces":{"north":{"uv":[1.25,14.25,1.75,14.75],"texture":"#0"},"east":{"uv":[1.25,13.5,1.75,14],"texture":"#0"},"south":{"uv":[1.25,14.25,1.75,14.75],"texture":"#0"},"west":{"uv":[1.25,13.5,1.75,14],"texture":"#0"},"up":{"uv":[1.25,14.25,1.75,14.75],"rotation":270,"texture":"#0"},"down":{"uv":[1.25,14.25,1.75,14.75],"rotation":90,"texture":"#0"}}},{"from":[-1.5,2.75,6.75],"to":[0,3.25,7.25],"rotation":{"angle":22.5,"axis":"y","origin":[0,0,0]},"faces":{"north":{"uv":[3,15.75,3.75,16],"texture":"#0"},"east":{"uv":[4,15.75,4.25,16],"texture":"#0"},"south":{"uv":[3,15.75,3.75,16],"texture":"#0"},"west":{"uv":[4,15.75,4.25,16],"texture":"#0"},"up":{"uv":[3,15.75,3.75,16],"rotation":270,"texture":"#0"},"down":{"uv":[3,15.75,3.75,16],"rotation":90,"texture":"#0"}}},{"from":[-2,3.25,6.75],"to":[-1.5,3.75,7.25],"rotation":{"angle":22.5,"axis":"y","origin":[0,0,0]},"faces":{"north":{"uv":[3,15.25,3.25,15.5],"texture":"#0"},"east":{"uv":[3,15.25,3.25,15.5],"texture":"#0"},"south":{"uv":[3,15.25,3.25,15.5],"texture":"#0"},"west":{"uv":[3,15.25,3.25,15.5],"texture":"#0"},"up":{"uv":[3,15.25,3.25,15.5],"rotation":270,"texture":"#0"},"down":{"uv":[3,15.25,3.25,15.5],"rotation":90,"texture":"#0"}}},{"from":[-2,2.25,6.75],"to":[-1.5,2.75,7.25],"rotation":{"angle":22.5,"axis":"y","origin":[0,0,0]},"faces":{"north":{"uv":[3,15.25,3.25,15.5],"texture":"#0"},"east":{"uv":[3,15.25,3.25,15.5],"texture":"#0"},"south":{"uv":[3,15.25,3.25,15.5],"texture":"#0"},"west":{"uv":[3,15.25,3.25,15.5],"texture":"#0"},"up":{"uv":[3,15.25,3.25,15.5],"rotation":270,"texture":"#0"},"down":{"uv":[3,15.25,3.25,15.5],"rotation":90,"texture":"#0"}}},{"from":[10.5,2,8],"to":[14.5,4,9],"rotation":{"angle":-22.5,"axis":"y","origin":[0,0,0]},"faces":{"north":{"uv":[14,9.5,16,10.5],"texture":"#0"},"east":{"uv":[13.25,9.5,13.75,10.5],"texture":"#0"},"south":{"uv":[14,9.5,16,10.5],"texture":"#0"},"west":{"uv":[13.25,9.5,13.75,10.5],"texture":"#0"},"up":{"uv":[14,10.75,16,11.25],"texture":"#0"},"down":{"uv":[14,10.75,16,11.25],"texture":"#0"}}},{"from":[10,2,4],"to":[15,4,8],"rotation":{"angle":-22.5,"axis":"y","origin":[0,0,0]},"faces":{"north":{"uv":[13.5,12.75,16,13.75],"texture":"#0"},"east":{"uv":[14,11.5,16,12.5],"texture":"#0"},"south":{"uv":[13.5,12.75,16,13.75],"texture":"#0"},"west":{"uv":[14,11.5,16,12.5],"texture":"#0"},"up":{"uv":[13.5,14,16,16],"texture":"#0"},"down":{"uv":[13.5,14,16,16],"texture":"#0"}}},{"from":[12,2,3],"to":[15,4,4],"rotation":{"angle":-22.5,"axis":"y","origin":[0,0,0]},"faces":{"north":{"uv":[11.75,15,13.25,16],"texture":"#0"},"east":{"uv":[12.75,13,13.25,14],"texture":"#0"},"south":{"uv":[11.75,15,13.25,16],"texture":"#0"},"west":{"uv":[12.75,13,13.25,14],"texture":"#0"},"up":{"uv":[11.75,14.25,13.25,14.75],"texture":"#0"},"down":{"uv":[11.75,14.25,13.25,14.75],"texture":"#0"}}},{"from":[13,2,1],"to":[15,4,3],"rotation":{"angle":-22.5,"axis":"y","origin":[0,0,0]},"faces":{"north":{"uv":[9.25,15,10.25,16],"texture":"#0"},"east":{"uv":[10.5,13.75,11.5,14.75],"texture":"#0"},"south":{"uv":[9.25,15,10.25,16],"texture":"#0"},"west":{"uv":[10.5,13.75,11.5,14.75],"texture":"#0"},"up":{"uv":[10.5,15,11.5,16],"texture":"#0"},"down":{"uv":[10.5,15,11.5,16],"texture":"#0"}}}],"gui_light":"front","display":{"thirdperson_righthand":{"translation":[0,3.75,1],"scale":[0.55,0.55,0.55]},"thirdperson_lefthand":{"translation":[0,3.75,1],"scale":[0.55,0.55,0.55]},"firstperson_righthand":{"rotation":[0,-90,25],"translation":[-2.12,5.7,-0.62],"scale":[0.68,0.68,0.68]},"firstperson_lefthand":{"rotation":[0,-90,25],"translation":[-2.12,5.7,-0.62],"scale":[0.68,0.68,0.68]},"ground":{"translation":[0,2,0],"scale":[0.5,0.5,0.5]},"gui":{"rotation":[30,225,0],"translation":[0,1.5,0],"scale":[0.72,0.72,0.72]},"head":{"translation":[0,-35.25,0]},"fixed":{"rotation":[-90,0,0],"translation":[0,0,-11],"scale":[1.33,1.33,1.33]}}}