{"credit":"MadewithBlockbench","texture_size":[256,256],"textures":{"0":"elitecreatures:restaurant_decoration_v1/restaurant_bar","particle":"elitecreatures:restaurant_decoration_v1/restaurant_bar"},"elements":[{"from":[-13,-16,6],"to":[29,-14,26],"faces":{"north":{"uv":[5.5625,4.1875,8.1875,4.3125],"texture":"#0"},"east":{"uv":[6.125,1.375,7.375,1.5],"texture":"#0"},"south":{"uv":[5.5625,4.1875,8.1875,4.3125],"texture":"#0"},"west":{"uv":[6.125,1.375,7.375,1.5],"texture":"#0"},"up":{"uv":[5.25,4.625,2.625,3.375],"texture":"#0"},"down":{"uv":[5.25,4.625,2.625,3.375],"texture":"#0"}}},{"from":[-13,-2,1],"to":[29,0,26],"faces":{"north":{"uv":[5,5.875,7.625,6],"texture":"#0"},"east":{"uv":[6.125,1.125,7.6875,1.25],"texture":"#0"},"south":{"uv":[5,5.875,7.625,6],"texture":"#0"},"west":{"uv":[6.125,1.125,7.6875,1.25],"texture":"#0"},"up":{"uv":[5.25,3.375,2.625,1.8125],"texture":"#0"},"down":{"uv":[5.25,1.8125,2.625,3.375],"texture":"#0"}}},{"from":[-13,-14,3],"to":[29,-12,28],"faces":{"north":{"uv":[5,5.875,7.625,6],"texture":"#0"},"east":{"uv":[6.125,1.125,7.6875,1.25],"texture":"#0"},"south":{"uv":[5,5.875,7.625,6],"texture":"#0"},"west":{"uv":[6.125,1.125,7.6875,1.25],"texture":"#0"},"up":{"uv":[5.25,3.375,2.625,1.8125],"texture":"#0"},"down":{"uv":[5.25,1.8125,2.625,3.375],"texture":"#0"}}},{"from":[-13,-12,16],"to":[29,-2,26],"faces":{"north":{"uv":[5,0,7.625,0.625],"texture":"#0"},"east":{"uv":[1.875,5.6875,2.5,6.3125],"texture":"#0"},"south":{"uv":[5,0,7.625,0.625],"texture":"#0"},"west":{"uv":[1.875,5.6875,2.5,6.3125],"texture":"#0"},"up":{"uv":[7.125,5.3125,4.5,4.625],"texture":"#0"},"down":{"uv":[7.125,5.3125,4.5,4.625],"texture":"#0"}}},{"from":[24,-5,4],"to":[28,-2,12],"faces":{"north":{"uv":[6.5,3.375,6.75,3.5625],"texture":"#0"},"east":{"uv":[6.375,6.125,6.875,6.3125],"texture":"#0"},"south":{"uv":[6.5,3.375,6.75,3.5625],"texture":"#0"},"west":{"uv":[6.375,6.125,6.875,6.3125],"texture":"#0"},"up":{"uv":[3.4375,6.6875,3.1875,6.1875],"texture":"#0"},"down":{"uv":[3.4375,6.6875,3.1875,6.1875],"texture":"#0"}}},{"from":[28,-16,14],"to":[32,27,18],"faces":{"north":{"uv":[4.5,5.3125,4.75,8],"texture":"#0"},"east":{"uv":[4.75,5.3125,5,8],"texture":"#0"},"south":{"uv":[4.5,5.3125,4.75,8],"texture":"#0"},"west":{"uv":[4.75,5.3125,5,8],"texture":"#0"},"up":{"uv":[6.625,6.5625,6.375,6.3125],"texture":"#0"},"down":{"uv":[6.625,6.5625,6.375,6.3125],"texture":"#0"}}},{"from":[24,-8,9],"to":[28,-5,14],"faces":{"north":{"uv":[6.5,5.3125,6.75,5.5],"texture":"#0"},"east":{"uv":[2.125,6.5,2.4375,6.6875],"texture":"#0"},"south":{"uv":[6.5,5.3125,6.75,5.5],"texture":"#0"},"west":{"uv":[2.125,6.5,2.4375,6.6875],"texture":"#0"},"up":{"uv":[3.1875,6.625,2.9375,6.3125],"texture":"#0"},"down":{"uv":[3.1875,6.625,2.9375,6.3125],"texture":"#0"}}},{"from":[24,-12,12],"to":[28,-8,15],"faces":{"north":{"uv":[5,1.5625,5.25,1.8125],"texture":"#0"},"east":{"uv":[6.5,5.5,6.6875,5.75],"texture":"#0"},"south":{"uv":[5,1.5625,5.25,1.8125],"texture":"#0"},"west":{"uv":[6.5,5.5,6.6875,5.75],"texture":"#0"},"up":{"uv":[6.625,6.75,6.375,6.5625],"texture":"#0"},"down":{"uv":[6.625,6.75,6.375,6.5625],"texture":"#0"}}},{"from":[-12,-12,12],"to":[-8,-8,15],"rotation":{"angle":0,"axis":"y","origin":[16,0,0]},"faces":{"north":{"uv":[5.25,1.5625,5,1.8125],"texture":"#0"},"east":{"uv":[6.6875,5.5,6.5,5.75],"texture":"#0"},"south":{"uv":[5.25,1.5625,5,1.8125],"texture":"#0"},"west":{"uv":[6.6875,5.5,6.5,5.75],"texture":"#0"},"up":{"uv":[6.375,6.75,6.625,6.5625],"texture":"#0"},"down":{"uv":[6.375,6.75,6.625,6.5625],"texture":"#0"}}},{"from":[-12,-8,9],"to":[-8,-5,14],"rotation":{"angle":0,"axis":"y","origin":[16,0,0]},"faces":{"north":{"uv":[6.75,5.3125,6.5,5.5],"texture":"#0"},"east":{"uv":[2.4375,6.5,2.125,6.6875],"texture":"#0"},"south":{"uv":[6.75,5.3125,6.5,5.5],"texture":"#0"},"west":{"uv":[2.4375,6.5,2.125,6.6875],"texture":"#0"},"up":{"uv":[2.9375,6.625,3.1875,6.3125],"texture":"#0"},"down":{"uv":[2.9375,6.625,3.1875,6.3125],"texture":"#0"}}},{"from":[-12,-5,4],"to":[-8,-2,12],"rotation":{"angle":0,"axis":"y","origin":[16,0,0]},"faces":{"north":{"uv":[6.75,3.375,6.5,3.5625],"texture":"#0"},"east":{"uv":[6.875,6.125,6.375,6.3125],"texture":"#0"},"south":{"uv":[6.75,3.375,6.5,3.5625],"texture":"#0"},"west":{"uv":[6.875,6.125,6.375,6.3125],"texture":"#0"},"up":{"uv":[3.1875,6.6875,3.4375,6.1875],"texture":"#0"},"down":{"uv":[3.1875,6.6875,3.4375,6.1875],"texture":"#0"}}},{"from":[-16,-16,14],"to":[-12,27,18],"rotation":{"angle":0,"axis":"y","origin":[16,0,0]},"faces":{"north":{"uv":[4.75,5.3125,4.5,8],"texture":"#0"},"east":{"uv":[5,5.3125,4.75,8],"texture":"#0"},"south":{"uv":[4.75,5.3125,4.5,8],"texture":"#0"},"west":{"uv":[5,5.3125,4.75,8],"texture":"#0"},"up":{"uv":[6.375,6.5625,6.625,6.3125],"texture":"#0"},"down":{"uv":[6.375,6.5625,6.625,6.3125],"texture":"#0"}}},{"from":[-13,16,15],"to":[29,19,27],"faces":{"north":{"uv":[5.5625,2.875,8.1875,3.0625],"texture":"#0"},"east":{"uv":[1.875,6.3125,2.625,6.5],"texture":"#0"},"south":{"uv":[5.5625,2.875,8.1875,3.0625],"texture":"#0"},"west":{"uv":[1.875,6.3125,2.625,6.5],"texture":"#0"},"up":{"uv":[4.5,5.375,1.875,4.625],"texture":"#0"},"down":{"uv":[4.5,5.375,1.875,4.625],"texture":"#0"}}},{"from":[10,5,15],"to":[29,8,27],"faces":{"north":{"uv":[6.84375,3.09375,8.03125,3.28125],"texture":"#0"},"east":{"uv":[6.84375,3.34375,7.59375,3.53125],"texture":"#0"},"south":{"uv":[6.84375,3.09375,8.03125,3.28125],"texture":"#0"},"west":{"uv":[6.84375,3.34375,7.59375,3.53125],"texture":"#0"},"up":{"uv":[8.125,2.8125,6.9375,2.0625],"texture":"#0"},"down":{"uv":[8.125,2.8125,6.9375,2.0625],"texture":"#0"}}},{"from":[-11,28,7],"to":[27,32,32],"faces":{"north":{"uv":[5.5625,1.5625,7.9375,1.8125],"texture":"#0"},"east":{"uv":[5.5625,3.5625,7.125,3.8125],"texture":"#0"},"south":{"uv":[5.5625,1.5625,7.9375,1.8125],"texture":"#0"},"west":{"uv":[5.5625,3.5625,7.125,3.8125],"texture":"#0"},"up":{"uv":[5,1.5625,2.625,0],"texture":"#0"},"down":{"uv":[5,1.5625,2.625,0],"texture":"#0"}}},{"from":[-12,-16,26],"to":[28,28,31],"faces":{"north":{"uv":[0,0,2.5,2.75],"texture":"#0"},"east":{"uv":[5.25,1.5625,5.5625,4.3125],"texture":"#0"},"south":{"uv":[0,7.3125,2.5,10.0625],"texture":"#0"},"west":{"uv":[5.25,1.5625,5.5625,4.3125],"texture":"#0"},"up":{"uv":[7.75,4.625,5.25,4.3125],"texture":"#0"},"down":{"uv":[7.75,4.625,5.25,4.3125],"texture":"#0"}}},{"from":[-14,-16,18],"to":[-12,27,31],"rotation":{"angle":0,"axis":"y","origin":[16,0,0]},"faces":{"north":{"uv":[4.3125,5.375,4.1875,8.0625],"texture":"#0"},"east":{"uv":[1.75,4.1875,0.9375,6.875],"texture":"#0"},"south":{"uv":[4.3125,5.375,4.1875,8.0625],"texture":"#0"},"west":{"uv":[0.8125,4.1875,0,6.875],"texture":"#0"},"up":{"uv":[3.5625,7.125,3.6875,6.1875],"texture":"#0"},"down":{"uv":[3.5625,7.125,3.6875,6.1875],"texture":"#0"}}},{"from":[28,-16,18],"to":[30,27,31],"faces":{"north":{"uv":[4.1875,5.375,4.3125,8.0625],"texture":"#0"},"east":{"uv":[0,4.1875,0.8125,6.875],"texture":"#0"},"south":{"uv":[4.1875,5.375,4.3125,8.0625],"texture":"#0"},"west":{"uv":[0.9375,4.1875,1.75,6.875],"texture":"#0"},"up":{"uv":[3.6875,7.125,3.5625,6.1875],"texture":"#0"},"down":{"uv":[3.6875,7.125,3.5625,6.1875],"texture":"#0"}}},{"from":[27,27,6],"to":[32,32,32],"faces":{"north":{"uv":[2.625,6.3125,2.9375,6.625],"texture":"#0"},"east":{"uv":[1.875,5.375,3.5,5.6875],"texture":"#0"},"south":{"uv":[2.625,6.3125,2.9375,6.625],"texture":"#0"},"west":{"uv":[1.875,5.375,3.5,5.6875],"texture":"#0"},"up":{"uv":[4.1875,7,3.875,5.375],"texture":"#0"},"down":{"uv":[4.1875,7,3.875,5.375],"texture":"#0"}}},{"from":[-16,27,6],"to":[-11,32,32],"rotation":{"angle":0,"axis":"y","origin":[16,0,0]},"faces":{"north":{"uv":[2.9375,6.3125,2.625,6.625],"texture":"#0"},"east":{"uv":[3.5,5.375,1.875,5.6875],"texture":"#0"},"south":{"uv":[2.9375,6.3125,2.625,6.625],"texture":"#0"},"west":{"uv":[3.5,5.375,1.875,5.6875],"texture":"#0"},"up":{"uv":[3.875,7,4.1875,5.375],"texture":"#0"},"down":{"uv":[3.875,7,4.1875,5.375],"texture":"#0"}}},{"from":[8,0,14],"to":[10,28,30],"faces":{"north":{"uv":[3.6875,6.1875,3.8125,6.75],"texture":"#0"},"east":{"uv":[5.5625,2.3125,6.5,2.875],"texture":"#0"},"south":{"uv":[3.6875,6.1875,3.8125,6.75],"texture":"#0"},"west":{"uv":[5.5625,2.3125,6.5,2.875],"texture":"#0"},"up":{"uv":[3.5625,7.125,3.4375,6.1875],"texture":"#0"},"down":{"uv":[3.5625,7.125,3.4375,6.1875],"texture":"#0"}}},{"from":[10,19,16],"to":[28,28,16],"faces":{"north":{"uv":[5,5.3125,6.125,5.875],"texture":"#0"},"south":{"uv":[5,5.3125,6.125,5.875],"texture":"#0"}}},{"from":[10,8,16],"to":[28,16,16],"faces":{"north":{"uv":[5.0625,6.875,6.1875,7.375],"texture":"#0"},"south":{"uv":[5.0625,6.875,6.1875,7.375],"texture":"#0"}}},{"from":[16,22,15],"to":[22,24,16],"faces":{"north":{"uv":[6.5,5.75,6.875,5.875],"texture":"#0"},"east":{"uv":[2,6.75,2.0625,6.875],"texture":"#0"},"south":{"uv":[6.5,5.75,6.875,5.875],"texture":"#0"},"west":{"uv":[2,6.75,2.0625,6.875],"texture":"#0"},"up":{"uv":[2.25,4.625,1.875,4.5625],"texture":"#0"},"down":{"uv":[2.25,4.625,1.875,4.5625],"texture":"#0"}}},{"from":[16,11,15],"to":[22,13,16],"faces":{"north":{"uv":[6.5,5.75,6.875,5.875],"texture":"#0"},"east":{"uv":[2,6.75,2.0625,6.875],"texture":"#0"},"south":{"uv":[6.5,5.75,6.875,5.875],"texture":"#0"},"west":{"uv":[2,6.75,2.0625,6.875],"texture":"#0"},"up":{"uv":[2.25,4.625,1.875,4.5625],"texture":"#0"},"down":{"uv":[2.25,4.625,1.875,4.5625],"texture":"#0"}}},{"from":[-1,8,19],"to":[5,16,30],"faces":{"north":{"uv":[6.125,5.3125,6.5,5.8125],"texture":"#0"},"east":{"uv":[3.1875,5.6875,3.875,6.1875],"texture":"#0"},"south":{"uv":[6.125,5.3125,6.5,5.8125],"texture":"#0"},"west":{"uv":[3.1875,5.6875,3.875,6.1875],"texture":"#0"},"up":{"uv":[6.375,6.8125,6,6.125],"texture":"#0"},"down":{"uv":[6.375,6.8125,6,6.125],"texture":"#0"}}},{"from":[5,9,19],"to":[6,15,30],"faces":{"north":{"uv":[2.5625,4.1875,2.625,4.5625],"texture":"#0"},"east":{"uv":[1.875,4.1875,2.5625,4.5625],"texture":"#0"},"south":{"uv":[2.5625,4.1875,2.625,4.5625],"texture":"#0"},"west":{"uv":[1.875,4.1875,2.5625,4.5625],"texture":"#0"},"up":{"uv":[3.875,6.875,3.8125,6.1875],"texture":"#0"},"down":{"uv":[3.875,6.875,3.8125,6.1875],"texture":"#0"}}},{"from":[-2,9,19],"to":[-1,15,30],"faces":{"north":{"uv":[2.5625,4.1875,2.625,4.5625],"texture":"#0"},"east":{"uv":[1.875,4.1875,2.5625,4.5625],"texture":"#0"},"south":{"uv":[2.5625,4.1875,2.625,4.5625],"texture":"#0"},"west":{"uv":[1.875,4.1875,2.5625,4.5625],"texture":"#0"},"up":{"uv":[3.875,6.875,3.8125,6.1875],"texture":"#0"},"down":{"uv":[3.875,6.875,3.8125,6.1875],"texture":"#0"}}},{"from":[0,1,16],"to":[1,7,27],"faces":{"north":{"uv":[2.5625,4.1875,2.625,4.5625],"texture":"#0"},"east":{"uv":[1.875,4.1875,2.5625,4.5625],"texture":"#0"},"south":{"uv":[2.5625,4.1875,2.625,4.5625],"texture":"#0"},"west":{"uv":[1.875,4.1875,2.5625,4.5625],"texture":"#0"},"up":{"uv":[3.875,6.875,3.8125,6.1875],"texture":"#0"},"down":{"uv":[3.875,6.875,3.8125,6.1875],"texture":"#0"}}},{"from":[1,0,16],"to":[7,8,27],"faces":{"north":{"uv":[6.125,5.3125,6.5,5.8125],"texture":"#0"},"east":{"uv":[3.1875,5.6875,3.875,6.1875],"texture":"#0"},"south":{"uv":[6.125,5.3125,6.5,5.8125],"texture":"#0"},"west":{"uv":[3.1875,5.6875,3.875,6.1875],"texture":"#0"},"up":{"uv":[6.375,6.8125,6,6.125],"texture":"#0"},"down":{"uv":[6.375,6.8125,6,6.125],"texture":"#0"}}},{"from":[7,1,16],"to":[8,7,27],"faces":{"north":{"uv":[2.5625,4.1875,2.625,4.5625],"texture":"#0"},"east":{"uv":[1.875,4.1875,2.5625,4.5625],"texture":"#0"},"south":{"uv":[2.5625,4.1875,2.625,4.5625],"texture":"#0"},"west":{"uv":[1.875,4.1875,2.5625,4.5625],"texture":"#0"},"up":{"uv":[3.875,6.875,3.8125,6.1875],"texture":"#0"},"down":{"uv":[3.875,6.875,3.8125,6.1875],"texture":"#0"}}},{"from":[6,-11,8],"to":[7,-5,19],"faces":{"north":{"uv":[2.5625,4.1875,2.625,4.5625],"texture":"#0"},"east":{"uv":[1.875,4.1875,2.5625,4.5625],"texture":"#0"},"south":{"uv":[2.5625,4.1875,2.625,4.5625],"texture":"#0"},"west":{"uv":[1.875,4.1875,2.5625,4.5625],"texture":"#0"},"up":{"uv":[3.875,6.875,3.8125,6.1875],"texture":"#0"},"down":{"uv":[3.875,6.875,3.8125,6.1875],"texture":"#0"}}},{"from":[7,-12,8],"to":[13,-4,19],"faces":{"north":{"uv":[6.125,5.3125,6.5,5.8125],"texture":"#0"},"east":{"uv":[3.1875,5.6875,3.875,6.1875],"texture":"#0"},"south":{"uv":[6.125,5.3125,6.5,5.8125],"texture":"#0"},"west":{"uv":[3.1875,5.6875,3.875,6.1875],"texture":"#0"},"up":{"uv":[6.375,6.8125,6,6.125],"texture":"#0"},"down":{"uv":[6.375,6.8125,6,6.125],"texture":"#0"}}},{"from":[13,-11,8],"to":[14,-5,19],"faces":{"north":{"uv":[2.625,4.1875,2.5625,4.5625],"texture":"#0"},"east":{"uv":[1.875,4.1875,2.5625,4.5625],"texture":"#0"},"south":{"uv":[2.5625,4.1875,2.625,4.5625],"texture":"#0"},"west":{"uv":[1.875,4.1875,2.5625,4.5625],"texture":"#0"},"up":{"uv":[3.875,6.875,3.8125,6.1875],"texture":"#0"},"down":{"uv":[3.875,6.875,3.8125,6.1875],"texture":"#0"}}},{"from":[1.5,-7,8.5],"to":[3.5,-3,10.5],"faces":{"north":{"uv":[3.0625,6.625,3.1875,6.875],"rotation":180,"texture":"#0"},"east":{"uv":[2.125,6.6875,2.375,6.8125],"rotation":270,"texture":"#0"},"south":{"uv":[3.1875,6.875,3.0625,6.625],"texture":"#0"},"west":{"uv":[2.375,6.6875,2.125,6.8125],"rotation":90,"texture":"#0"},"up":{"uv":[6.6875,4.0625,6.8125,4.1875],"rotation":180,"texture":"#0"},"down":{"uv":[6.6875,4.0625,6.8125,4.1875],"texture":"#0"}}},{"from":[1,-12,8],"to":[4,-7,11],"faces":{"north":{"uv":[2.625,6.8125,2.4375,6.5],"rotation":180,"texture":"#0"},"east":{"uv":[6.5,2.3125,6.8125,2.5],"rotation":270,"texture":"#0"},"south":{"uv":[2.625,6.8125,2.4375,6.5],"texture":"#0"},"west":{"uv":[6.5,2.3125,6.8125,2.5],"rotation":90,"texture":"#0"},"up":{"uv":[2.6875,6.625,2.875,6.8125],"rotation":180,"texture":"#0"},"down":{"uv":[2.875,6.625,3.0625,6.8125],"texture":"#0"}}},{"from":[-10.5,24,18.5],"to":[-8.5,28,20.5],"faces":{"north":{"uv":[3.0625,6.625,3.1875,6.875],"rotation":180,"texture":"#0"},"east":{"uv":[2.125,6.6875,2.375,6.8125],"rotation":270,"texture":"#0"},"south":{"uv":[3.1875,6.875,3.0625,6.625],"texture":"#0"},"west":{"uv":[2.375,6.6875,2.125,6.8125],"rotation":90,"texture":"#0"},"up":{"uv":[6.6875,4.0625,6.8125,4.1875],"rotation":180,"texture":"#0"},"down":{"uv":[6.6875,4.0625,6.8125,4.1875],"texture":"#0"}}},{"from":[-11,19,18],"to":[-8,24,21],"faces":{"north":{"uv":[2.625,6.8125,2.4375,6.5],"rotation":180,"texture":"#0"},"east":{"uv":[6.5,2.3125,6.8125,2.5],"rotation":270,"texture":"#0"},"south":{"uv":[2.625,6.8125,2.4375,6.5],"texture":"#0"},"west":{"uv":[6.5,2.3125,6.8125,2.5],"rotation":90,"texture":"#0"},"up":{"uv":[2.6875,6.625,2.875,6.8125],"rotation":180,"texture":"#0"},"down":{"uv":[2.875,6.625,3.0625,6.8125],"texture":"#0"}}},{"from":[1,19,18],"to":[4,24,21],"faces":{"north":{"uv":[2.625,6.8125,2.4375,6.5],"rotation":180,"texture":"#0"},"east":{"uv":[6.5,2.3125,6.8125,2.5],"rotation":270,"texture":"#0"},"south":{"uv":[2.625,6.8125,2.4375,6.5],"texture":"#0"},"west":{"uv":[6.5,2.3125,6.8125,2.5],"rotation":90,"texture":"#0"},"up":{"uv":[2.6875,6.625,2.875,6.8125],"rotation":180,"texture":"#0"},"down":{"uv":[2.875,6.625,3.0625,6.8125],"texture":"#0"}}},{"from":[1.5,24,18.5],"to":[3.5,28,20.5],"faces":{"north":{"uv":[3.0625,6.625,3.1875,6.875],"rotation":180,"texture":"#0"},"east":{"uv":[2.125,6.6875,2.375,6.8125],"rotation":270,"texture":"#0"},"south":{"uv":[3.1875,6.875,3.0625,6.625],"texture":"#0"},"west":{"uv":[2.375,6.6875,2.125,6.8125],"rotation":90,"texture":"#0"},"up":{"uv":[6.6875,4.0625,6.8125,4.1875],"rotation":180,"texture":"#0"},"down":{"uv":[6.6875,4.0625,6.8125,4.1875],"texture":"#0"}}},{"from":[-2.5,24,18.5],"to":[-0.5,28,20.5],"faces":{"north":{"uv":[6.8125,3.8125,6.6875,4.0625],"rotation":180,"texture":"#0"},"east":{"uv":[3.1875,6.6875,3.4375,6.8125],"rotation":270,"texture":"#0"},"south":{"uv":[6.8125,4.0625,6.6875,3.8125],"texture":"#0"},"west":{"uv":[3.4375,6.6875,3.1875,6.8125],"rotation":90,"texture":"#0"},"up":{"uv":[6.75,0.625,6.875,0.75],"rotation":180,"texture":"#0"},"down":{"uv":[6.75,0.625,6.875,0.75],"texture":"#0"}}},{"from":[-3,19,18],"to":[0,24,21],"faces":{"north":{"uv":[6.6875,4.125,6.5,3.8125],"rotation":180,"texture":"#0"},"east":{"uv":[6.5,2.6875,6.8125,2.875],"rotation":270,"texture":"#0"},"south":{"uv":[6.6875,4.125,6.5,3.8125],"texture":"#0"},"west":{"uv":[6.5,2.6875,6.8125,2.875],"rotation":90,"texture":"#0"},"up":{"uv":[6.6875,1.8125,6.875,2],"rotation":180,"texture":"#0"},"down":{"uv":[6.6875,2,6.875,2.1875],"texture":"#0"}}},{"from":[0.5,-7,9.5],"to":[2.5,-3,11.5],"rotation":{"angle":-22.5,"axis":"y","origin":[0,0,0]},"faces":{"north":{"uv":[6.8125,3.8125,6.6875,4.0625],"rotation":180,"texture":"#0"},"east":{"uv":[3.1875,6.6875,3.4375,6.8125],"rotation":270,"texture":"#0"},"south":{"uv":[6.8125,4.0625,6.6875,3.8125],"texture":"#0"},"west":{"uv":[3.4375,6.6875,3.1875,6.8125],"rotation":90,"texture":"#0"},"up":{"uv":[6.75,0.625,6.875,0.75],"rotation":180,"texture":"#0"},"down":{"uv":[6.75,0.625,6.875,0.75],"texture":"#0"}}},{"from":[0,-12,9],"to":[3,-7,12],"rotation":{"angle":-22.5,"axis":"y","origin":[0,0,0]},"faces":{"north":{"uv":[6.6875,4.125,6.5,3.8125],"rotation":180,"texture":"#0"},"east":{"uv":[6.5,2.6875,6.8125,2.875],"rotation":270,"texture":"#0"},"south":{"uv":[6.6875,4.125,6.5,3.8125],"texture":"#0"},"west":{"uv":[6.5,2.6875,6.8125,2.875],"rotation":90,"texture":"#0"},"up":{"uv":[6.6875,1.8125,6.875,2],"rotation":180,"texture":"#0"},"down":{"uv":[6.6875,2,6.875,2.1875],"texture":"#0"}}},{"from":[-7,19,18],"to":[-4,24,21],"faces":{"north":{"uv":[6.6875,3.375,6.5,3.0625],"rotation":180,"texture":"#0"},"east":{"uv":[6.8125,2.5,6.5,2.6875],"rotation":270,"texture":"#0"},"south":{"uv":[6.6875,3.375,6.5,3.0625],"texture":"#0"},"west":{"uv":[6.5,2.5,6.8125,2.6875],"rotation":90,"texture":"#0"},"up":{"uv":[6.625,6.3125,6.8125,6.5],"rotation":180,"texture":"#0"},"down":{"uv":[6.625,6.5,6.8125,6.6875],"texture":"#0"}}},{"from":[-6.5,24,18.5],"to":[-4.5,28,20.5],"faces":{"north":{"uv":[6.6875,3.0625,6.8125,3.3125],"rotation":180,"texture":"#0"},"east":{"uv":[6.6875,2.1875,6.9375,2.3125],"rotation":270,"texture":"#0"},"south":{"uv":[6.8125,3.3125,6.6875,3.0625],"texture":"#0"},"west":{"uv":[6.9375,2.1875,6.6875,2.3125],"rotation":90,"texture":"#0"},"up":{"uv":[6.625,6.6875,6.75,6.8125],"rotation":180,"texture":"#0"},"down":{"uv":[6.625,6.6875,6.75,6.8125],"texture":"#0"}}},{"from":[11.5,0.5,14],"to":[13.5,2.5,18],"faces":{"north":{"uv":[6.6875,4.0625,6.8125,4.1875],"texture":"#0"},"east":{"uv":[2.125,6.6875,2.375,6.8125],"texture":"#0"},"south":{"uv":[6.6875,4.0625,6.8125,4.1875],"texture":"#0"},"west":{"uv":[2.375,6.6875,2.125,6.8125],"texture":"#0"},"up":{"uv":[3.1875,6.875,3.0625,6.625],"texture":"#0"},"down":{"uv":[3.0625,6.625,3.1875,6.875],"texture":"#0"}}},{"from":[11,0,18],"to":[14,3,23],"faces":{"north":{"uv":[2.6875,6.625,2.875,6.8125],"texture":"#0"},"east":{"uv":[6.5,2.3125,6.8125,2.5],"texture":"#0"},"south":{"uv":[2.875,6.625,3.0625,6.8125],"texture":"#0"},"west":{"uv":[6.5,2.3125,6.8125,2.5],"texture":"#0"},"up":{"uv":[2.625,6.8125,2.4375,6.5],"texture":"#0"},"down":{"uv":[2.625,6.8125,2.4375,6.5],"texture":"#0"}}},{"from":[15.5,0.5,16],"to":[17.5,2.5,20],"faces":{"north":{"uv":[6.6875,4.0625,6.8125,4.1875],"texture":"#0"},"east":{"uv":[2.125,6.6875,2.375,6.8125],"texture":"#0"},"south":{"uv":[6.6875,4.0625,6.8125,4.1875],"texture":"#0"},"west":{"uv":[2.375,6.6875,2.125,6.8125],"texture":"#0"},"up":{"uv":[3.1875,6.875,3.0625,6.625],"texture":"#0"},"down":{"uv":[3.0625,6.625,3.1875,6.875],"texture":"#0"}}},{"from":[15,0,20],"to":[18,3,25],"faces":{"north":{"uv":[2.6875,6.625,2.875,6.8125],"texture":"#0"},"east":{"uv":[6.5,2.3125,6.8125,2.5],"texture":"#0"},"south":{"uv":[2.875,6.625,3.0625,6.8125],"texture":"#0"},"west":{"uv":[6.5,2.3125,6.8125,2.5],"texture":"#0"},"up":{"uv":[2.625,6.8125,2.4375,6.5],"texture":"#0"},"down":{"uv":[2.625,6.8125,2.4375,6.5],"texture":"#0"}}},{"from":[23,0,19],"to":[26,3,24],"faces":{"north":{"uv":[6.625,6.3125,6.8125,6.5],"texture":"#0"},"east":{"uv":[6.8125,2.5,6.5,2.6875],"texture":"#0"},"south":{"uv":[6.625,6.5,6.8125,6.6875],"texture":"#0"},"west":{"uv":[6.5,2.5,6.8125,2.6875],"texture":"#0"},"up":{"uv":[6.6875,3.375,6.5,3.0625],"texture":"#0"},"down":{"uv":[6.6875,3.375,6.5,3.0625],"texture":"#0"}}},{"from":[23.5,0.5,15],"to":[25.5,2.5,19],"faces":{"north":{"uv":[6.625,6.6875,6.75,6.8125],"texture":"#0"},"east":{"uv":[6.6875,2.1875,6.9375,2.3125],"texture":"#0"},"south":{"uv":[6.625,6.6875,6.75,6.8125],"texture":"#0"},"west":{"uv":[6.9375,2.1875,6.6875,2.3125],"texture":"#0"},"up":{"uv":[6.8125,3.3125,6.6875,3.0625],"texture":"#0"},"down":{"uv":[6.6875,3.0625,6.8125,3.3125],"texture":"#0"}}},{"from":[19.5,0.5,14],"to":[21.5,2.5,18],"faces":{"north":{"uv":[6.75,0.625,6.875,0.75],"texture":"#0"},"east":{"uv":[3.1875,6.6875,3.4375,6.8125],"texture":"#0"},"south":{"uv":[6.75,0.625,6.875,0.75],"texture":"#0"},"west":{"uv":[3.4375,6.6875,3.1875,6.8125],"texture":"#0"},"up":{"uv":[6.8125,4.0625,6.6875,3.8125],"texture":"#0"},"down":{"uv":[6.8125,3.8125,6.6875,4.0625],"texture":"#0"}}},{"from":[19,0,18],"to":[22,3,23],"faces":{"north":{"uv":[6.6875,1.8125,6.875,2],"texture":"#0"},"east":{"uv":[6.5,2.6875,6.8125,2.875],"texture":"#0"},"south":{"uv":[6.6875,2,6.875,2.1875],"texture":"#0"},"west":{"uv":[6.5,2.6875,6.8125,2.875],"texture":"#0"},"up":{"uv":[6.6875,4.125,6.5,3.8125],"texture":"#0"},"down":{"uv":[6.6875,4.125,6.5,3.8125],"texture":"#0"}}},{"from":[1,10,15],"to":[3,13,17],"faces":{"north":{"uv":[4.3125,6.6875,4.4375,6.875],"texture":"#0"},"east":{"uv":[6.6875,5.5,6.8125,5.6875],"texture":"#0"},"south":{"uv":[4.3125,6.6875,4.4375,6.875],"texture":"#0"},"west":{"uv":[6.6875,5.5,6.8125,5.6875],"texture":"#0"},"up":{"uv":[2,6.875,1.875,6.75],"texture":"#0"},"down":{"uv":[2,6.875,1.875,6.75],"texture":"#0"}}},{"from":[0,10,18],"to":[4,14,19],"faces":{"north":{"uv":[1.875,6.5,2.125,6.75],"texture":"#0"},"east":{"uv":[4.4375,6.6875,4.5,6.9375],"texture":"#0"},"south":{"uv":[1.875,6.5,2.125,6.75],"texture":"#0"},"west":{"uv":[4.4375,6.6875,4.5,6.9375],"texture":"#0"},"up":{"uv":[2.5,4.625,2.25,4.5625],"texture":"#0"},"down":{"uv":[2.5,4.625,2.25,4.5625],"texture":"#0"}}},{"from":[1,11,17],"to":[3,13,19],"faces":{"north":{"uv":[6.75,0.75,6.875,0.875],"texture":"#0"},"east":{"uv":[6.75,0.875,6.875,1],"texture":"#0"},"south":{"uv":[6.75,0.75,6.875,0.875],"texture":"#0"},"west":{"uv":[6.75,0.875,6.875,1],"texture":"#0"},"up":{"uv":[6.875,1.125,6.75,1],"texture":"#0"},"down":{"uv":[6.875,1.125,6.75,1],"texture":"#0"}}},{"from":[-7,4,12],"to":[-5,7,14],"faces":{"north":{"uv":[4.3125,6.6875,4.4375,6.875],"texture":"#0"},"east":{"uv":[6.6875,5.5,6.8125,5.6875],"texture":"#0"},"south":{"uv":[4.3125,6.6875,4.4375,6.875],"texture":"#0"},"west":{"uv":[6.6875,5.5,6.8125,5.6875],"texture":"#0"},"up":{"uv":[2,6.875,1.875,6.75],"texture":"#0"},"down":{"uv":[2,6.875,1.875,6.75],"texture":"#0"}}},{"from":[-7,5,14],"to":[-5,7,16],"faces":{"north":{"uv":[6.75,0.75,6.875,0.875],"texture":"#0"},"east":{"uv":[6.75,0.875,6.875,1],"texture":"#0"},"south":{"uv":[6.75,0.75,6.875,0.875],"texture":"#0"},"west":{"uv":[6.75,0.875,6.875,1],"texture":"#0"},"up":{"uv":[6.875,1.125,6.75,1],"texture":"#0"},"down":{"uv":[6.875,1.125,6.75,1],"texture":"#0"}}},{"from":[-8,4,15],"to":[-4,8,16],"faces":{"north":{"uv":[1.875,6.5,2.125,6.75],"texture":"#0"},"east":{"uv":[4.4375,6.6875,4.5,6.9375],"texture":"#0"},"south":{"uv":[1.875,6.5,2.125,6.75],"texture":"#0"},"west":{"uv":[4.4375,6.6875,4.5,6.9375],"texture":"#0"},"up":{"uv":[2.5,4.625,2.25,4.5625],"texture":"#0"},"down":{"uv":[2.5,4.625,2.25,4.5625],"texture":"#0"}}},{"from":[23,-11,5],"to":[24,-3,15],"faces":{"north":{"uv":[2.375,6.6875,2.4375,7.1875],"texture":"#0"},"east":{"uv":[6.125,0.625,6.75,1.125],"texture":"#0"},"south":{"uv":[2.375,6.6875,2.4375,7.1875],"texture":"#0"},"west":{"uv":[6.125,0.625,6.75,1.125],"texture":"#0"},"up":{"uv":[2.6875,7.25,2.625,6.625],"texture":"#0"},"down":{"uv":[2.6875,7.25,2.625,6.625],"texture":"#0"}}},{"from":[14,-11,5],"to":[15,-3,15],"faces":{"north":{"uv":[2.4375,6.6875,2.375,7.1875],"texture":"#0"},"east":{"uv":[6.125,0.625,6.75,1.125],"texture":"#0"},"south":{"uv":[2.375,6.6875,2.4375,7.1875],"texture":"#0"},"west":{"uv":[6.125,0.625,6.75,1.125],"texture":"#0"},"up":{"uv":[2.6875,7.25,2.625,6.625],"texture":"#0"},"down":{"uv":[2.6875,7.25,2.625,6.625],"texture":"#0"}}},{"from":[15,-12,5],"to":[23,-2,15],"faces":{"north":{"uv":[5,6.125,5.5,6.75],"texture":"#0"},"east":{"uv":[2.5625,5.6875,3.1875,6.3125],"texture":"#0"},"south":{"uv":[5,6.125,5.5,6.75],"texture":"#0"},"west":{"uv":[2.5625,5.6875,3.1875,6.3125],"texture":"#0"},"up":{"uv":[6,6.75,5.5,6.125],"texture":"#0"},"down":{"uv":[6,6.75,5.5,6.125],"texture":"#0"}}},{"from":[-10,0,16],"to":[-2,10,26],"faces":{"north":{"uv":[5,6.125,5.5,6.75],"texture":"#0"},"east":{"uv":[2.5625,5.6875,3.1875,6.3125],"texture":"#0"},"south":{"uv":[5,6.125,5.5,6.75],"texture":"#0"},"west":{"uv":[2.5625,5.6875,3.1875,6.3125],"texture":"#0"},"up":{"uv":[6,6.75,5.5,6.125],"texture":"#0"},"down":{"uv":[6,6.75,5.5,6.125],"texture":"#0"}}},{"from":[-11,1,16],"to":[-10,9,26],"faces":{"north":{"uv":[2.375,6.6875,2.4375,7.1875],"texture":"#0"},"east":{"uv":[6.125,0.625,6.75,1.125],"texture":"#0"},"up":{"uv":[2.6875,7.25,2.625,6.625],"texture":"#0"}}},{"from":[-2,1,16],"to":[-1,9,26],"faces":{"north":{"uv":[2.375,6.6875,2.4375,7.1875],"texture":"#0"},"east":{"uv":[6.125,0.625,6.75,1.125],"texture":"#0"},"up":{"uv":[2.6875,7.25,2.625,6.625],"texture":"#0"}}},{"from":[18,16,9],"to":[26,28,9],"faces":{"north":{"uv":[7.6875,0,8.1875,0.75],"texture":"#0"},"south":{"uv":[7.6875,0,8.1875,0.75],"texture":"#0"}}}],"gui_light":"front","display":{"thirdperson_righthand":{"rotation":[0,-180,0],"translation":[0,1.5,1.75],"scale":[0.17,0.17,0.17]},"thirdperson_lefthand":{"rotation":[0,-180,0],"translation":[0,1.5,1.75],"scale":[0.17,0.17,0.17]},"firstperson_righthand":{"rotation":[0,-180,0],"translation":[-1.5,3.75,1.75],"scale":[0.17,0.17,0.17]},"firstperson_lefthand":{"rotation":[0,-180,0],"translation":[-1.5,3.75,1.75],"scale":[0.17,0.17,0.17]},"ground":{"translation":[0,3,-2.75],"scale":[0.25,0.25,0.25]},"gui":{"rotation":[30,225,0],"translation":[1,-0.75,0],"scale":[0.15,0.15,0.15]},"head":{"rotation":[0,-180,0],"translation":[0,-4.75,26.75],"scale":[1.6,1.6,1.6]},"fixed":{"translation":[0,0,-8.25],"scale":[0.5,0.5,0.5]}}}