{"textures":{"0":"modelengine:entity/dragon_nether"},"elements":[{"from":[6.3557143,4.0721407,5.7725554],"to":[9.212857,8.643569,8.629699],"rotation":{"angle":22.5,"axis":"x","origin":[7.7842855,6.357855,7.201127]},"faces":{"east":{"uv":[4.125,8.8125,4.4375,9.3125],"rotation":0,"texture":"#0","tintindex":0},"south":{"uv":[8.75,0.6875,9.0625,1.1875],"rotation":0,"texture":"#0","tintindex":0},"north":{"uv":[8.75,0.6875,9.0625,1.1875],"rotation":0,"texture":"#0","tintindex":0},"west":{"uv":[4.125,8.8125,4.4375,9.3125],"rotation":0,"texture":"#0","tintindex":0},"up":{"uv":[3.9375,9.5625,3.625,9.25],"rotation":0,"texture":"#0","tintindex":0},"down":{"uv":[3.9375,9.5625,3.625,9.25],"rotation":0,"texture":"#0","tintindex":0}}}],"display":{"head":{"translation":[0.0,-6.4,0.0],"scale":[4.0,4.0,4.0]}}}