{"textures":{"0":"modelengine:entity/dragon_nether"},"elements":[{"from":[-2.6081467,7.430357,-0.3860445],"to":[4.8204246,8.573215,1.3282413],"rotation":{"angle":0.0,"axis":"y","origin":[1.1061387,8.001785,0.4710989]},"faces":{"east":{"uv":[10.1875,9.3125,10.375,9.4375],"rotation":0,"texture":"#0","tintindex":0},"south":{"uv":[0.8125,9.4375,0.0,9.3125],"rotation":0,"texture":"#0","tintindex":0},"north":{"uv":[0.0,9.3125,0.8125,9.4375],"rotation":0,"texture":"#0","tintindex":0},"west":{"uv":[10.25,0.25,10.4375,0.375],"rotation":0,"texture":"#0","tintindex":0},"up":{"uv":[9.75,9.0625,8.9375,8.875],"rotation":0,"texture":"#0","tintindex":0},"down":{"uv":[9.75,9.0625,8.9375,8.875],"rotation":0,"texture":"#0","tintindex":0}}},{"from":[-2.1985626,8.001785,0.0],"to":[8.0871525,8.001785,32.0],"rotation":{"angle":0.0,"axis":"y","origin":[2.944295,8.001785,16.0]},"faces":{"east":{"uv":[10.1875,9.5,13.6875,9.5],"rotation":0,"texture":"#0","tintindex":0},"south":{"uv":[10.1875,9.5625,11.3125,9.5625],"rotation":0,"texture":"#0","tintindex":0},"north":{"uv":[10.125,3.4375,11.25,3.4375],"rotation":0,"texture":"#0","tintindex":0},"west":{"uv":[10.25,2.6875,13.75,2.6875],"rotation":0,"texture":"#0","tintindex":0},"up":{"uv":[1.125,7.0625,0.0,3.5625],"rotation":0,"texture":"#0","tintindex":0},"down":{"uv":[1.125,3.5625,0.0,7.0625],"rotation":0,"texture":"#0","tintindex":0}}},{"from":[-1.4652901,8.001785,-5.528902],"to":[3.6775675,8.001785,-0.3860445],"rotation":{"angle":0.0,"axis":"y","origin":[1.1061387,8.001785,-2.9574728]},"faces":{"east":{"uv":[10.3125,6.3125,10.875,6.3125],"rotation":0,"texture":"#0","tintindex":0},"south":{"uv":[10.3125,8.625,10.875,8.625],"rotation":0,"texture":"#0","tintindex":0},"north":{"uv":[10.3125,5.5625,10.875,5.5625],"rotation":0,"texture":"#0","tintindex":0},"west":{"uv":[10.3125,8.6875,10.875,8.6875],"rotation":0,"texture":"#0","tintindex":0},"up":{"uv":[7.875,2.0625,7.3125,1.5],"rotation":0,"texture":"#0","tintindex":0},"down":{"uv":[7.875,1.5,7.3125,2.0625],"rotation":0,"texture":"#0","tintindex":0}}},{"from":[3.404437,7.4160714,1.7697144],"to":[9.690152,8.5589285,3.4840002],"rotation":{"angle":-45.0,"axis":"y","origin":[6.5472946,7.9875,2.6268578]},"faces":{"east":{"uv":[10.125,4.375,10.3125,4.5],"rotation":0,"texture":"#0","tintindex":0},"south":{"uv":[0.0,9.625,0.6875,9.5],"rotation":0,"texture":"#0","tintindex":0},"north":{"uv":[0.0,9.5,0.6875,9.625],"rotation":0,"texture":"#0","tintindex":0},"west":{"uv":[10.1875,2.0,10.375,2.125],"rotation":0,"texture":"#0","tintindex":0},"up":{"uv":[0.6875,9.25,0.0,9.0625],"rotation":0,"texture":"#0","tintindex":0},"down":{"uv":[0.6875,9.25,0.0,9.0625],"rotation":0,"texture":"#0","tintindex":0}}}],"display":{"head":{"translation":[0.0,-6.4,14.551926],"scale":[4.0,4.0,4.0]}}}