{"textures":{"0":"modelengine:entity/dragon_nether"},"elements":[{"from":[10.0,12.878901,3.0566616],"to":[10.0,16.307472,11.056662],"rotation":{"angle":22.5,"axis":"x","origin":[10.0,14.593185,7.0566616]},"faces":{"east":{"uv":[8.125,0.4375,7.25,0.8125],"rotation":0,"texture":"#0","tintindex":0},"south":{"uv":[4.375,10.375,4.375,10.75],"rotation":0,"texture":"#0","tintindex":0},"north":{"uv":[3.25,10.375,3.25,10.75],"rotation":0,"texture":"#0","tintindex":0},"west":{"uv":[7.25,0.4375,8.125,0.8125],"rotation":0,"texture":"#0","tintindex":0},"up":{"uv":[4.4375,11.25,4.4375,10.375],"rotation":0,"texture":"#0","tintindex":0},"down":{"uv":[4.5,10.375,4.5,11.25],"rotation":0,"texture":"#0","tintindex":0}}},{"from":[6.0,12.878901,3.0566616],"to":[6.0,16.307472,11.056662],"rotation":{"angle":22.5,"axis":"x","origin":[6.0,14.593185,7.0566616]},"faces":{"east":{"uv":[8.125,0.4375,7.25,0.8125],"rotation":0,"texture":"#0","tintindex":0},"south":{"uv":[4.375,10.375,4.375,10.75],"rotation":0,"texture":"#0","tintindex":0},"north":{"uv":[3.25,10.375,3.25,10.75],"rotation":0,"texture":"#0","tintindex":0},"west":{"uv":[7.25,0.4375,8.125,0.8125],"rotation":0,"texture":"#0","tintindex":0},"up":{"uv":[4.4375,11.25,4.4375,10.375],"rotation":0,"texture":"#0","tintindex":0},"down":{"uv":[4.5,10.375,4.5,11.25],"rotation":0,"texture":"#0","tintindex":0}}},{"from":[4.8571424,5.8635535,0.9792366],"to":[11.142858,13.292126,8.979238],"rotation":{"angle":22.5,"axis":"x","origin":[8.0,9.577839,4.9792376]},"faces":{"east":{"uv":[5.5625,0.0,6.4375,0.8125],"rotation":0,"texture":"#0","tintindex":0},"south":{"uv":[6.0,4.6875,6.6875,5.5],"rotation":0,"texture":"#0","tintindex":0},"north":{"uv":[5.875,3.8125,6.5625,4.625],"rotation":0,"texture":"#0","tintindex":0},"west":{"uv":[5.0625,5.5625,5.9375,6.375],"rotation":0,"texture":"#0","tintindex":0},"up":{"uv":[6.5,2.625,5.8125,1.75],"rotation":0,"texture":"#0","tintindex":0},"down":{"uv":[6.6875,2.6875,6.0,3.5625],"rotation":0,"texture":"#0","tintindex":0}}}],"display":{"head":{"translation":[0.0,-6.4,0.0],"scale":[4.0,4.0,4.0]}}}