{"textures":{"0":"modelengine:entity/wizpiglin_2"},"elements":[{"name":"cube","from":[6.8,5.0,8.0],"to":[9.2,8.0,11.0],"rotation":{"angle":0.0,"axis":"x","origin":[6.5,7.4,10.4]},"faces":{"down":{"uv":[14.225,9.525,13.275,10.725],"rotation":0,"texture":"#0","tintindex":0},"east":{"uv":[12.525,8.275,13.725,9.475],"rotation":0,"texture":"#0","tintindex":0},"north":{"uv":[3.525,8.275,4.475,9.475],"rotation":0,"texture":"#0","tintindex":0},"south":{"uv":[13.275,1.275,14.225,2.475],"rotation":0,"texture":"#0","tintindex":0},"up":{"uv":[6.725,14.475,5.775,13.275],"rotation":0,"texture":"#0","tintindex":0},"west":{"uv":[10.025,12.775,11.225,13.975],"rotation":0,"texture":"#0","tintindex":0}}},{"name":"cube","from":[7.1,1.3999997,8.0],"to":[8.9,5.0,10.4],"rotation":{"angle":0.0,"axis":"x","origin":[6.2,5.0,10.4]},"faces":{"down":{"uv":[14.975,14.025,14.275,14.975],"rotation":0,"texture":"#0","tintindex":0},"east":{"uv":[13.025,4.775,13.975,6.225],"rotation":0,"texture":"#0","tintindex":0},"north":{"uv":[13.775,6.275,14.475,7.725],"rotation":0,"texture":"#0","tintindex":0},"south":{"uv":[13.775,7.775,14.475,9.225],"rotation":0,"texture":"#0","tintindex":0},"up":{"uv":[14.975,11.725,14.275,10.775],"rotation":0,"texture":"#0","tintindex":0},"west":{"uv":[11.275,13.025,12.225,14.475],"rotation":0,"texture":"#0","tintindex":0}}},{"name":"cube","from":[7.1,1.3999997,7.4],"to":[8.9,2.6,8.0],"rotation":{"angle":0.0,"axis":"x","origin":[6.2,5.0,10.4]},"faces":{"down":{"uv":[9.725,7.525,9.025,7.725],"rotation":0,"texture":"#0","tintindex":0},"east":{"uv":[12.275,7.025,12.475,7.475],"rotation":0,"texture":"#0","tintindex":0},"north":{"uv":[14.525,0.775,15.225,1.225],"rotation":0,"texture":"#0","tintindex":0},"south":{"uv":[14.525,3.025,15.225,3.475],"rotation":0,"texture":"#0","tintindex":0},"up":{"uv":[7.225,4.475,6.525,4.275],"rotation":0,"texture":"#0","tintindex":0},"west":{"uv":[4.275,13.775,4.475,14.225],"rotation":0,"texture":"#0","tintindex":0}}}],"display":{"head":{"translation":[0.0,-6.4,0.0],"rotation":[0.0,0.0,0.0],"scale":[3.8095,3.8095,3.8095]}}}