{"textures":{"0":"modelengine:entity/wizpiglin_2"},"elements":[{"name":"cube","from":[5.3,3.7955446,8.016178],"to":[10.700001,7.995545,8.016178],"rotation":{"angle":0.0,"axis":"x","origin":[8.6,13.695546,9.816177]},"faces":{"down":{"uv":[2.225,0.025,0.025,0.025],"rotation":0,"texture":"#0","tintindex":0},"east":{"uv":[0.025,0.025,0.025,1.725],"rotation":0,"texture":"#0","tintindex":0},"north":{"uv":[9.475,1.525,7.275,3.225],"rotation":0,"texture":"#0","tintindex":0},"south":{"uv":[7.275,1.525,9.475,3.225],"rotation":0,"texture":"#0","tintindex":0},"up":{"uv":[2.225,0.025,0.025,0.025],"rotation":0,"texture":"#0","tintindex":0},"west":{"uv":[0.025,0.025,0.025,1.725],"rotation":0,"texture":"#0","tintindex":0}}}],"display":{"head":{"translation":[0.0,-6.4,0.0],"rotation":[0.0,0.0,0.0],"scale":[3.8095,3.8095,3.8095]}}}