{"textures":{"0":"modelengine:entity/wizpiglin_2"},"elements":[{"name":"cube","from":[5.3,3.810941,7.958187],"to":[10.700001,8.010941,7.958187],"rotation":{"angle":0.0,"axis":"x","origin":[8.6,17.910942,9.758186]},"faces":{"down":{"uv":[2.225,0.025,0.025,0.025],"rotation":0,"texture":"#0","tintindex":0},"east":{"uv":[0.025,0.025,0.025,1.725],"rotation":0,"texture":"#0","tintindex":0},"north":{"uv":[6.725,7.775,4.525,9.475],"rotation":0,"texture":"#0","tintindex":0},"south":{"uv":[4.525,7.775,6.725,9.475],"rotation":0,"texture":"#0","tintindex":0},"up":{"uv":[2.225,0.025,0.025,0.025],"rotation":0,"texture":"#0","tintindex":0},"west":{"uv":[0.025,0.025,0.025,1.725],"rotation":0,"texture":"#0","tintindex":0}}}],"display":{"head":{"translation":[0.0,-6.4,0.0],"rotation":[0.0,0.0,0.0],"scale":[3.8095,3.8095,3.8095]}}}