{"credit":"Made with Blockbench","texture_size":[64,64],"textures":{"0":"elitecreatures:steampunk_ice_animated_weapon_set_v1/steamice_texture_01","2":"elitecreatures:steampunk_ice_animated_weapon_set_v1/steamice_animation_01texture","3":"elitecreatures:steampunk_ice_animated_weapon_set_v1/steamice_animation_02texture","particle":"elitecreatures:steampunk_ice_animated_weapon_set_v1/steamice_texture_01"},"elements":[{"from":[7,0,6],"to":[8,10,8],"faces":{"north":{"uv":[8,6.75,8.25,9.25],"texture":"#0"},"east":{"uv":[6.25,7.25,6.75,9.75],"texture":"#0"},"south":{"uv":[7.25,8.75,7.5,11.25],"texture":"#0"},"west":{"uv":[6.75,7.25,6.25,9.75],"texture":"#0"}}},{"from":[6,10,4],"to":[9,12,10],"faces":{"north":{"uv":[8.25,6.75,9,7.25],"texture":"#0"},"east":{"uv":[5.75,5,7.25,5.5],"texture":"#0"},"south":{"uv":[8.25,6.75,9,7.25],"texture":"#0"},"west":{"uv":[5.75,5,7.25,5.5],"texture":"#0"},"up":{"uv":[8,8.25,7.25,6.75],"texture":"#0"},"down":{"uv":[8,8.25,7.25,6.75],"texture":"#0"}}},{"from":[5,12,3.5],"to":[10,19,10.5],"faces":{"north":{"uv":[7.25,0,8.5,1.75],"texture":"#0"},"east":{"uv":[5.5,7.25,7.25,5.5],"texture":"#0"},"south":{"uv":[7.25,0,8.5,1.75],"texture":"#0"},"west":{"uv":[5.5,5.5,7.25,7.25],"texture":"#0"},"up":{"uv":[8.5,6.75,7.25,5],"texture":"#0"},"down":{"uv":[8.5,6.75,7.25,5],"texture":"#0"}}},{"from":[4,14,5.5],"to":[5,17,8.5],"rotation":{"angle":45,"axis":"x","origin":[4,15.5,7]},"faces":{"north":{"uv":[5.25,8.25,5.5,9],"texture":"#0"},"east":{"uv":[8.25,2.25,9,3],"texture":"#0"},"south":{"uv":[5.25,8.25,5.5,9],"texture":"#0"},"west":{"uv":[8.25,2.25,9,3],"texture":"#0"},"up":{"uv":[5.25,8.25,5.5,9],"texture":"#0"},"down":{"uv":[5.25,8.25,5.5,9],"texture":"#0"}}},{"from":[10,14,5.5],"to":[11,17,8.5],"rotation":{"angle":45,"axis":"x","origin":[12,15.5,7]},"faces":{"north":{"uv":[5.5,8.25,5.25,9],"texture":"#0"},"east":{"uv":[9,2.25,8.25,3],"texture":"#0"},"south":{"uv":[5.5,8.25,5.25,9],"texture":"#0"},"west":{"uv":[9,2.25,8.25,3],"texture":"#0"},"up":{"uv":[5.5,8.25,5.25,9],"texture":"#0"},"down":{"uv":[5.5,8.25,5.25,9],"texture":"#0"}}},{"from":[4.5,19,3],"to":[10.5,21,11],"faces":{"north":{"uv":[7.5,4.5,9,5],"texture":"#0"},"east":{"uv":[7.5,1.75,9.5,2.25],"texture":"#0"},"south":{"uv":[7.5,4.5,9,5],"texture":"#0"},"west":{"uv":[7.5,1.75,9.5,2.25],"texture":"#0"},"up":{"uv":[7.25,2,5.75,0],"texture":"#0"},"down":{"uv":[7.25,2,5.75,0],"texture":"#0"}}},{"from":[6.5,21,8.5],"to":[8.5,23,10],"faces":{"north":{"uv":[8.25,7.25,8.75,7.75],"texture":"#0"},"east":{"uv":[8.25,8.25,8.625,8.75],"texture":"#0"},"south":{"uv":[8.25,7.25,8.75,7.75],"texture":"#0"},"west":{"uv":[8.25,8.25,8.625,8.75],"texture":"#0"},"up":{"uv":[9,0.375,8.5,0],"texture":"#0"},"down":{"uv":[9,0.375,8.5,0],"texture":"#0"}}},{"from":[6.5,8,7],"to":[8.5,10,8.5],"faces":{"north":{"uv":[8.25,7.75,8.75,7.25],"texture":"#0"},"east":{"uv":[8.625,8.75,8.25,8.25],"texture":"#0"},"south":{"uv":[8.25,7.75,8.75,7.25],"texture":"#0"},"west":{"uv":[8.25,8.75,8.625,8.25],"texture":"#0"},"up":{"uv":[9,0.375,8.5,0],"texture":"#0"},"down":{"uv":[9,0.375,8.5,0],"texture":"#0"}}},{"from":[6.5,20.5,6],"to":[8.5,21.5,7.5],"faces":{"north":{"uv":[8.5,1.25,9,1.5],"texture":"#0"},"east":{"uv":[8.5,1.5,8.875,1.75],"texture":"#0"},"south":{"uv":[8.5,1.25,9,1.5],"texture":"#0"},"west":{"uv":[8.5,1.5,8.875,1.75],"texture":"#0"},"up":{"uv":[9,0.875,8.5,0.5],"texture":"#0"},"down":{"uv":[9,0.875,8.5,0.5],"texture":"#0"}}},{"from":[6.5,9,5.5],"to":[8.5,10,7],"faces":{"north":{"uv":[8.5,1.25,9,1.5],"texture":"#0"},"east":{"uv":[8.5,1.5,8.875,1.75],"texture":"#0"},"south":{"uv":[8.5,1.25,9,1.5],"texture":"#0"},"west":{"uv":[8.875,1.5,8.5,1.75],"texture":"#0"},"up":{"uv":[9,0.875,8.5,0.5],"texture":"#0"},"down":{"uv":[9,0.875,8.5,0.5],"texture":"#0"}}},{"from":[7.5,8,-5.5],"to":[7.5,23,3.5],"rotation":{"angle":0,"axis":"y","origin":[0,0,16]},"faces":{"east":{"uv":[13.75,12.25,16,16],"texture":"#0"},"west":{"uv":[16,12.25,13.75,16],"texture":"#0"}}},{"from":[7.5,8,10.5],"to":[7.5,23,19.5],"faces":{"east":{"uv":[16,12.25,13.75,16],"texture":"#0"},"west":{"uv":[13.75,12.25,16,16],"texture":"#0"}}},{"from":[6.5,-11,5.5],"to":[8.5,0,8.5],"faces":{"north":{"uv":[6.75,7.25,7.25,10],"texture":"#0"},"east":{"uv":[6.25,7.25,5.5,10],"texture":"#0"},"south":{"uv":[6.75,10,7.25,12.75],"texture":"#0"},"west":{"uv":[5.5,7.25,6.25,10],"texture":"#0"},"up":{"uv":[8.75,3.75,8.25,3],"texture":"#0"},"down":{"uv":[8.75,3,8.25,3.75],"texture":"#0"}}},{"from":[6.5,-13.5,5.5],"to":[8.5,-11.5,8.5],"faces":{"north":{"uv":[7.25,8.25,7.75,8.75],"texture":"#0"},"east":{"uv":[9,3.75,8.25,4.25],"texture":"#0"},"south":{"uv":[7.25,8.25,7.75,8.75],"texture":"#0"},"west":{"uv":[8.25,3.75,9,4.25],"texture":"#0"},"up":{"uv":[4.5,9,4,8.25],"texture":"#0"},"down":{"uv":[5,8.25,4.5,9],"texture":"#0"}}},{"from":[7,-12,6],"to":[8,-11,8],"faces":{"north":{"uv":[7.25,1.75,7.5,2],"texture":"#0"},"east":{"uv":[9,1,8.5,1.25],"texture":"#0"},"south":{"uv":[7.25,1.75,7.5,2],"texture":"#0"},"west":{"uv":[8.5,1,9,1.25],"texture":"#0"},"up":{"uv":[8,8.25,7.75,8.75],"texture":"#0"},"down":{"uv":[8,8.25,7.75,8.75],"texture":"#0"}}},{"from":[6,-3,5],"to":[9,-2,9],"faces":{"north":{"uv":[8.25,7.75,9,8],"texture":"#0"},"east":{"uv":[9.25,4.25,8.25,4.5],"texture":"#0"},"south":{"uv":[8.25,7.75,9,8],"texture":"#0"},"west":{"uv":[8.25,4.25,9.25,4.5],"texture":"#0"},"up":{"uv":[8.25,4.5,7.5,3.5],"texture":"#0"},"down":{"uv":[8.25,3.5,7.5,4.5],"texture":"#0"}}},{"from":[6,-10,5],"to":[9,-9,9],"rotation":{"angle":0,"axis":"y","origin":[0,16,0]},"faces":{"north":{"uv":[8.25,8,9,7.75],"texture":"#0"},"east":{"uv":[8.25,4.5,9.25,4.25],"texture":"#0"},"south":{"uv":[8.25,8,9,7.75],"texture":"#0"},"west":{"uv":[8.25,4.5,9.25,4.25],"texture":"#0"},"up":{"uv":[8.25,4.5,7.5,3.5],"texture":"#0"},"down":{"uv":[8.25,3.5,7.5,4.5],"texture":"#0"}}},{"from":[6,-10,5],"to":[9,-9,9],"rotation":{"angle":0,"axis":"y","origin":[0,16,0]},"faces":{"north":{"uv":[8.25,8,9,7.75],"texture":"#0"},"east":{"uv":[8.25,4.5,9.25,4.25],"texture":"#0"},"south":{"uv":[8.25,8,9,7.75],"texture":"#0"},"west":{"uv":[8.25,4.5,9.25,4.25],"texture":"#0"},"up":{"uv":[8.25,4.5,7.5,3.5],"texture":"#0"},"down":{"uv":[8.25,3.5,7.5,4.5],"texture":"#0"}}},{"from":[6.5,-11,5.5],"to":[8.5,0,8.5],"faces":{"north":{"uv":[6.75,7.25,7.25,10],"texture":"#0"},"east":{"uv":[6.25,7.25,5.5,10],"texture":"#0"},"south":{"uv":[6.75,10,7.25,12.75],"texture":"#0"},"west":{"uv":[5.5,7.25,6.25,10],"texture":"#0"},"up":{"uv":[8.75,3.75,8.25,3],"texture":"#0"},"down":{"uv":[8.75,3,8.25,3.75],"texture":"#0"}}},{"from":[6,-3,5],"to":[9,-2,9],"faces":{"north":{"uv":[8.25,7.75,9,8],"texture":"#0"},"east":{"uv":[9.25,4.25,8.25,4.5],"texture":"#0"},"south":{"uv":[8.25,7.75,9,8],"texture":"#0"},"west":{"uv":[8.25,4.25,9.25,4.5],"texture":"#0"},"up":{"uv":[8.25,4.5,7.5,3.5],"texture":"#0"},"down":{"uv":[8.25,3.5,7.5,4.5],"texture":"#0"}}},{"from":[6,-1.5,6.5],"to":[6.5,-0.5,7.5],"rotation":{"angle":0,"axis":"y","origin":[6,-2,6]},"faces":{"north":{"uv":[8.5,5.25,8.625,5.5],"texture":"#0"},"east":{"uv":[8.5,5,8.75,5.25],"texture":"#0"},"south":{"uv":[8.5,5.25,8.625,5.5],"texture":"#0"},"west":{"uv":[8.5,5,8.75,5.25],"texture":"#0"},"up":{"uv":[8.625,5.75,8.5,5.5],"texture":"#0"},"down":{"uv":[8.625,5.75,8.5,5.5],"texture":"#0"}}},{"from":[8.5,-1.5,6.5],"to":[9,-0.5,7.5],"rotation":{"angle":0,"axis":"y","origin":[10,-2,6]},"faces":{"north":{"uv":[8.625,5.25,8.5,5.5],"texture":"#0"},"east":{"uv":[8.75,5,8.5,5.25],"texture":"#0"},"south":{"uv":[8.625,5.25,8.5,5.5],"texture":"#0"},"west":{"uv":[8.75,5,8.5,5.25],"texture":"#0"},"up":{"uv":[8.5,5.75,8.625,5.5],"texture":"#0"},"down":{"uv":[8.5,5.75,8.625,5.5],"texture":"#0"}}},{"from":[7,-1.5,8.5],"to":[8,-0.5,9],"rotation":{"angle":0,"axis":"y","origin":[10,-2,6]},"faces":{"north":{"uv":[8.75,5,8.5,5.25],"texture":"#0"},"east":{"uv":[8.625,5.25,8.5,5.5],"texture":"#0"},"south":{"uv":[8.75,5,8.5,5.25],"texture":"#0"},"west":{"uv":[8.625,5.25,8.5,5.5],"texture":"#0"},"up":{"uv":[8.5,5.75,8.625,5.5],"rotation":90,"texture":"#0"},"down":{"uv":[8.5,5.75,8.625,5.5],"rotation":270,"texture":"#0"}}},{"from":[7,-13,8.5],"to":[8,-12,9],"rotation":{"angle":0,"axis":"y","origin":[10,-2,6]},"faces":{"north":{"uv":[8.75,5,8.5,5.25],"texture":"#0"},"east":{"uv":[8.625,5.5,8.5,5.25],"texture":"#0"},"south":{"uv":[8.75,5.25,8.5,5],"texture":"#0"},"west":{"uv":[8.625,5.5,8.5,5.25],"texture":"#0"},"up":{"uv":[8.5,5.75,8.625,5.5],"rotation":90,"texture":"#0"},"down":{"uv":[8.5,5.75,8.625,5.5],"rotation":270,"texture":"#0"}}},{"from":[7,-13,5],"to":[8,-12,5.5],"rotation":{"angle":0,"axis":"y","origin":[10,-2,10]},"faces":{"north":{"uv":[8.5,5.25,8.75,5],"texture":"#0"},"east":{"uv":[8.5,5.5,8.625,5.25],"texture":"#0"},"south":{"uv":[8.5,5,8.75,5.25],"texture":"#0"},"west":{"uv":[8.5,5.5,8.625,5.25],"texture":"#0"},"up":{"uv":[8.625,5.75,8.5,5.5],"rotation":90,"texture":"#0"},"down":{"uv":[8.625,5.75,8.5,5.5],"rotation":270,"texture":"#0"}}},{"from":[6,-13,6.5],"to":[6.5,-12,7.5],"rotation":{"angle":0,"axis":"y","origin":[6,-2,6]},"faces":{"north":{"uv":[8.5,5.5,8.625,5.25],"texture":"#0"},"east":{"uv":[8.5,5,8.75,5.25],"texture":"#0"},"south":{"uv":[8.5,5.5,8.625,5.25],"texture":"#0"},"west":{"uv":[8.5,5.25,8.75,5],"texture":"#0"},"up":{"uv":[8.625,5.75,8.5,5.5],"texture":"#0"},"down":{"uv":[8.625,5.75,8.5,5.5],"texture":"#0"}}},{"from":[8.5,-13,6.5],"to":[9,-12,7.5],"rotation":{"angle":0,"axis":"y","origin":[10,-2,6]},"faces":{"north":{"uv":[8.625,5.5,8.5,5.25],"texture":"#0"},"east":{"uv":[8.75,5.25,8.5,5],"texture":"#0"},"south":{"uv":[8.625,5.5,8.5,5.25],"texture":"#0"},"west":{"uv":[8.75,5,8.5,5.25],"texture":"#0"},"up":{"uv":[8.5,5.75,8.625,5.5],"texture":"#0"},"down":{"uv":[8.5,5.75,8.625,5.5],"texture":"#0"}}},{"from":[7,-1.5,5],"to":[8,-0.5,5.5],"rotation":{"angle":0,"axis":"y","origin":[10,-2,10]},"faces":{"north":{"uv":[8.5,5,8.75,5.25],"texture":"#0"},"east":{"uv":[8.5,5.25,8.625,5.5],"texture":"#0"},"south":{"uv":[8.5,5,8.75,5.25],"texture":"#0"},"west":{"uv":[8.5,5.25,8.625,5.5],"texture":"#0"},"up":{"uv":[8.625,5.75,8.5,5.5],"rotation":90,"texture":"#0"},"down":{"uv":[8.625,5.75,8.5,5.5],"rotation":270,"texture":"#0"}}},{"from":[3.9,14.5,4],"to":[3.9,24.5,10],"faces":{"east":{"uv":[6,0,0,10],"texture":"#2"},"west":{"uv":[0,0,6,10],"texture":"#2"}}},{"from":[7.4,18.5,-9],"to":[7.4,28.5,-3],"faces":{"east":{"uv":[6,0,0,10],"texture":"#2"},"west":{"uv":[0,0,6,10],"texture":"#2"}}},{"from":[7.4,18.5,17],"to":[7.4,28.5,23],"rotation":{"angle":0,"axis":"y","origin":[0,0,16]},"faces":{"east":{"uv":[0,0,6,10],"texture":"#2"},"west":{"uv":[6,0,0,10],"texture":"#2"}}},{"from":[7.6,18.5,17],"to":[7.6,28.5,23],"rotation":{"angle":0,"axis":"y","origin":[16,0,16]},"faces":{"east":{"uv":[0,0,6,10],"texture":"#2"},"west":{"uv":[6,0,0,10],"texture":"#2"}}},{"from":[7.6,18.5,-9],"to":[7.6,28.5,-3],"rotation":{"angle":0,"axis":"y","origin":[16,0,0]},"faces":{"east":{"uv":[6,0,0,10],"texture":"#2"},"west":{"uv":[0,0,6,10],"texture":"#2"}}},{"from":[11.1,14.5,4],"to":[11.1,24.5,10],"rotation":{"angle":0,"axis":"y","origin":[16,0,0]},"faces":{"east":{"uv":[6,0,0,10],"texture":"#2"},"west":{"uv":[0,0,6,10],"texture":"#2"}}},{"from":[6.3,19,5],"to":[6.3,23,9],"rotation":{"angle":0,"axis":"y","origin":[6.3,21,7]},"faces":{"east":{"uv":[0,0,8,8],"texture":"#3"},"west":{"uv":[0,0,8,8],"texture":"#3"}}},{"from":[6.3,19,5],"to":[6.3,23,9],"rotation":{"angle":22.5,"axis":"x","origin":[6.3,21,7]},"faces":{"east":{"uv":[8,0,16,8],"texture":"#3"},"west":{"uv":[8,0,16,8],"texture":"#3"}}},{"from":[6.3,19,5],"to":[6.3,23,9],"rotation":{"angle":45,"axis":"x","origin":[6.3,21,7]},"faces":{"east":{"uv":[8,8,16,16],"texture":"#3"},"west":{"uv":[8,8,16,16],"texture":"#3"}}},{"from":[6.3,19,5],"to":[6.3,23,9],"rotation":{"angle":-22.5,"axis":"x","origin":[6.3,21,7]},"faces":{"east":{"uv":[0,8,8,16],"rotation":90,"texture":"#3"},"west":{"uv":[0,8,8,16],"rotation":90,"texture":"#3"}}},{"from":[8.7,20,7.5],"to":[8.7,24,11.5],"rotation":{"angle":0,"axis":"y","origin":[8.7,22,9.5]},"faces":{"east":{"uv":[8,0,0,8],"texture":"#3"},"west":{"uv":[8,0,0,8],"texture":"#3"}}},{"from":[8.7,20,7.5],"to":[8.7,24,11.5],"rotation":{"angle":22.5,"axis":"x","origin":[8.7,22,9.5]},"faces":{"east":{"uv":[16,0,8,8],"texture":"#3"},"west":{"uv":[16,0,8,8],"texture":"#3"}}},{"from":[8.7,20,7.5],"to":[8.7,24,11.5],"rotation":{"angle":45,"axis":"x","origin":[8.7,22,9.5]},"faces":{"east":{"uv":[16,8,8,16],"texture":"#3"},"west":{"uv":[16,8,8,16],"texture":"#3"}}},{"from":[8.7,20,7.5],"to":[8.7,24,11.5],"rotation":{"angle":-22.5,"axis":"x","origin":[8.7,22,9.5]},"faces":{"east":{"uv":[0,16,8,8],"rotation":90,"texture":"#3"},"west":{"uv":[0,16,8,8],"rotation":90,"texture":"#3"}}},{"from":[7.2,6,6],"to":[7.2,10,10],"rotation":{"angle":0,"axis":"y","origin":[7.2,8,8]},"faces":{"east":{"uv":[8,0,0,8],"texture":"#3"},"west":{"uv":[8,0,0,8],"texture":"#3"}}},{"from":[7.2,6,6],"to":[7.2,10,10],"rotation":{"angle":22.5,"axis":"x","origin":[7.2,8,8]},"faces":{"east":{"uv":[16,0,8,8],"texture":"#3"},"west":{"uv":[16,0,8,8],"texture":"#3"}}},{"from":[7.2,6,6],"to":[7.2,10,10],"rotation":{"angle":45,"axis":"x","origin":[7.2,8,8]},"faces":{"east":{"uv":[16,8,8,16],"texture":"#3"},"west":{"uv":[16,8,8,16],"texture":"#3"}}},{"from":[7.2,6,6],"to":[7.2,10,10],"rotation":{"angle":-22.5,"axis":"x","origin":[7.2,8,8]},"faces":{"east":{"uv":[0,16,8,8],"rotation":90,"texture":"#3"},"west":{"uv":[0,16,8,8],"rotation":90,"texture":"#3"}}},{"from":[7.8,8,4.5],"to":[7.8,12,8.5],"rotation":{"angle":0,"axis":"y","origin":[7.8,10,6.5]},"faces":{"east":{"uv":[8,0,0,8],"texture":"#3"},"west":{"uv":[8,0,0,8],"texture":"#3"}}},{"from":[7.8,8,4.5],"to":[7.8,12,8.5],"rotation":{"angle":22.5,"axis":"x","origin":[7.8,10,6.5]},"faces":{"east":{"uv":[16,0,8,8],"texture":"#3"},"west":{"uv":[16,0,8,8],"texture":"#3"}}},{"from":[7.8,8,4.5],"to":[7.8,12,8.5],"rotation":{"angle":45,"axis":"x","origin":[7.8,10,6.5]},"faces":{"east":{"uv":[16,8,8,16],"texture":"#3"},"west":{"uv":[16,8,8,16],"texture":"#3"}}},{"from":[7.8,8,4.5],"to":[7.8,12,8.5],"rotation":{"angle":-22.5,"axis":"x","origin":[7.8,10,6.5]},"faces":{"east":{"uv":[0,16,8,8],"rotation":90,"texture":"#3"},"west":{"uv":[0,16,8,8],"rotation":90,"texture":"#3"}}}],"gui_light":"front","display":{"thirdperson_righthand":{"translation":[0.25,8,1.75],"scale":[0.56,0.56,0.56]},"thirdperson_lefthand":{"translation":[-0.25,8,1.75],"scale":[0.56,0.56,0.56]},"firstperson_righthand":{"rotation":[-10,0,0],"translation":[-0.5,4.75,2.25],"scale":[0.42,0.42,0.42]},"firstperson_lefthand":{"rotation":[-10,0,0],"translation":[-0.5,4.75,2.25],"scale":[0.42,0.42,0.42]},"ground":{"rotation":[45,0,0],"translation":[0,4.5,0.25],"scale":[0.38,0.38,0.38]},"gui":{"rotation":[-90,-45,-90],"translation":[-0.5,-0.25,0],"scale":[0.4,0.4,0.4]},"head":{"scale":[0,0,0]},"fixed":{"rotation":[-90,-90,-90],"translation":[-0.75,4.75,-5.75],"scale":[1.5,1.5,1.5]}}}