{"credit":"Made with Blockbench","texture_size":[64,64],"textures":{"0":"elitecreatures:steampunk_ice_animated_weapon_set_v1/steamice_texture_01","2":"elitecreatures:steampunk_ice_animated_weapon_set_v1/steamice_animation_01texture","3":"elitecreatures:steampunk_ice_animated_weapon_set_v1/steamice_animation_02texture","particle":"elitecreatures:steampunk_ice_animated_weapon_set_v1/steamice_texture_01"},"elements":[{"from":[6,11,4],"to":[9,13,10],"rotation":{"angle":0,"axis":"y","origin":[0,13,0]},"faces":{"north":{"uv":[8.25,6.75,9,7.25],"texture":"#0"},"east":{"uv":[5.75,5,7.25,5.5],"texture":"#0"},"south":{"uv":[8.25,6.75,9,7.25],"texture":"#0"},"west":{"uv":[5.75,5,7.25,5.5],"texture":"#0"},"up":{"uv":[8,8.25,7.25,6.75],"texture":"#0"},"down":{"uv":[8,8.25,7.25,6.75],"texture":"#0"}}},{"from":[5.5,11,5.5],"to":[6.5,14,8.5],"rotation":{"angle":45,"axis":"x","origin":[4,12.5,7]},"faces":{"north":{"uv":[5.25,8.25,5.5,9],"texture":"#0"},"east":{"uv":[8.25,2.25,9,3],"texture":"#0"},"south":{"uv":[5.25,8.25,5.5,9],"texture":"#0"},"west":{"uv":[8.25,2.25,9,3],"texture":"#0"},"up":{"uv":[5.25,8.25,5.5,9],"texture":"#0"},"down":{"uv":[5.25,8.25,5.5,9],"texture":"#0"}}},{"from":[8.5,11,5.5],"to":[9.5,14,8.5],"rotation":{"angle":45,"axis":"x","origin":[12,12.5,7]},"faces":{"north":{"uv":[5.5,8.25,5.25,9],"texture":"#0"},"east":{"uv":[9,2.25,8.25,3],"texture":"#0"},"south":{"uv":[5.5,8.25,5.25,9],"texture":"#0"},"west":{"uv":[9,2.25,8.25,3],"texture":"#0"},"up":{"uv":[5.5,8.25,5.25,9],"texture":"#0"},"down":{"uv":[5.5,8.25,5.25,9],"texture":"#0"}}},{"from":[6.6,11.5,9.5],"to":[8.4,13.5,12.5],"rotation":{"angle":0,"axis":"y","origin":[0,13,0]},"faces":{"north":{"uv":[7.25,8.25,7.75,8.75],"texture":"#0"},"east":{"uv":[9,3.75,8.25,4.25],"texture":"#0"},"south":{"uv":[7.25,8.25,7.7,8.75],"texture":"#0"},"west":{"uv":[8.25,3.75,9,4.25],"texture":"#0"},"up":{"uv":[4.5,9,4,8.25],"texture":"#0"},"down":{"uv":[4.95,8.25,4.5,9],"texture":"#0"}}},{"from":[6,10,5],"to":[9,11,9],"rotation":{"angle":0,"axis":"y","origin":[0,13,0]},"faces":{"north":{"uv":[8.25,7.75,9,8],"texture":"#0"},"east":{"uv":[9.25,4.25,8.25,4.5],"texture":"#0"},"south":{"uv":[8.25,7.75,9,8],"texture":"#0"},"west":{"uv":[8.25,4.25,9.25,4.5],"texture":"#0"},"up":{"uv":[8.25,4.5,7.5,3.5],"texture":"#0"},"down":{"uv":[8.25,3.5,7.5,4.5],"texture":"#0"}}},{"from":[6,8.5,5],"to":[9,9.5,9],"rotation":{"angle":0,"axis":"y","origin":[0,13,0]},"faces":{"north":{"uv":[8.25,7.75,9,8],"texture":"#0"},"east":{"uv":[9.25,4.25,8.25,4.5],"texture":"#0"},"south":{"uv":[8.25,7.75,9,8],"texture":"#0"},"west":{"uv":[8.25,4.25,9.25,4.5],"texture":"#0"},"up":{"uv":[8.25,4.5,7.5,3.5],"texture":"#0"},"down":{"uv":[8.25,3.5,7.5,4.5],"texture":"#0"}}},{"from":[6,13,7],"to":[9,14,11],"rotation":{"angle":0,"axis":"y","origin":[0,13,0]},"faces":{"north":{"uv":[8.25,7.75,9,8],"texture":"#0"},"east":{"uv":[9.25,4.25,8.25,4.5],"texture":"#0"},"south":{"uv":[8.25,7.75,9,8],"texture":"#0"},"west":{"uv":[8.25,4.25,9.25,4.5],"texture":"#0"},"up":{"uv":[8.25,4.5,7.5,3.5],"texture":"#0"},"down":{"uv":[8.25,3.5,7.5,4.5],"texture":"#0"}}},{"from":[6,13,3],"to":[9,14,7],"rotation":{"angle":0,"axis":"y","origin":[0,13,16]},"faces":{"north":{"uv":[9,7.75,8.25,8],"texture":"#0"},"east":{"uv":[8.25,4.25,9.25,4.5],"texture":"#0"},"south":{"uv":[9,7.75,8.25,8],"texture":"#0"},"west":{"uv":[9.25,4.25,8.25,4.5],"texture":"#0"},"up":{"uv":[8.25,3.5,7.5,4.5],"texture":"#0"},"down":{"uv":[8.25,4.5,7.5,3.5],"texture":"#0"}}},{"from":[6.1,12,10.5],"to":[6.6,13,11.5],"rotation":{"angle":0,"axis":"y","origin":[6,11,10]},"faces":{"north":{"uv":[8.625,5.5,8.5,5.25],"texture":"#0"},"east":{"uv":[8.75,5,8.5,5.25],"texture":"#0"},"south":{"uv":[8.625,5.5,8.5,5.25],"texture":"#0"},"west":{"uv":[8.75,5.25,8.5,5],"texture":"#0"},"up":{"uv":[8.625,5.5,8.5,5.75],"texture":"#0"},"down":{"uv":[8.625,5.5,8.5,5.75],"texture":"#0"}}},{"from":[7,12,12.5],"to":[8,13,13],"rotation":{"angle":0,"axis":"y","origin":[10,11,6]},"faces":{"north":{"uv":[8.75,5,8.5,5.25],"texture":"#0"},"east":{"uv":[8.625,5.5,8.5,5.25],"texture":"#0"},"south":{"uv":[8.75,5.25,8.5,5],"texture":"#0"},"west":{"uv":[8.625,5.5,8.5,5.25],"texture":"#0"},"up":{"uv":[8.5,5.75,8.625,5.5],"rotation":90,"texture":"#0"},"down":{"uv":[8.5,5.75,8.625,5.5],"rotation":270,"texture":"#0"}}},{"from":[8.4,12,10.5],"to":[8.9,13,11.5],"rotation":{"angle":0,"axis":"y","origin":[10,11,10]},"faces":{"north":{"uv":[8.5,5.5,8.625,5.25],"texture":"#0"},"east":{"uv":[8.5,5.25,8.75,5],"texture":"#0"},"south":{"uv":[8.5,5.5,8.625,5.25],"texture":"#0"},"west":{"uv":[8.5,5,8.75,5.25],"texture":"#0"},"up":{"uv":[8.5,5.5,8.625,5.75],"texture":"#0"},"down":{"uv":[8.5,5.5,8.625,5.75],"texture":"#0"}}},{"from":[6.1,12,2.5],"to":[6.6,13,3.5],"rotation":{"angle":0,"axis":"y","origin":[6,11,6]},"faces":{"north":{"uv":[8.5,5.5,8.625,5.25],"texture":"#0"},"east":{"uv":[8.5,5,8.75,5.25],"texture":"#0"},"south":{"uv":[8.5,5.5,8.625,5.25],"texture":"#0"},"west":{"uv":[8.5,5.25,8.75,5],"texture":"#0"},"up":{"uv":[8.625,5.75,8.5,5.5],"texture":"#0"},"down":{"uv":[8.625,5.75,8.5,5.5],"texture":"#0"}}},{"from":[6.6,11.5,1.5],"to":[8.4,13.5,4.5],"rotation":{"angle":0,"axis":"y","origin":[0,13,16]},"faces":{"north":{"uv":[7.7,8.25,7.25,8.75],"texture":"#0"},"east":{"uv":[8.25,3.75,9,4.25],"texture":"#0"},"south":{"uv":[7.75,8.25,7.25,8.75],"texture":"#0"},"west":{"uv":[9,3.75,8.25,4.25],"texture":"#0"},"up":{"uv":[4.5,8.25,4,9],"texture":"#0"},"down":{"uv":[4.95,9,4.5,8.25],"texture":"#0"}}},{"from":[6.6,10,8.5],"to":[8.4,12,11.5],"rotation":{"angle":-22.5,"axis":"x","origin":[0,13,0]},"faces":{"north":{"uv":[3.375,3.125,3.825,3.625],"texture":"#0"},"east":{"uv":[3.25,2.625,4,3.125],"texture":"#0"},"south":{"uv":[3.375,3.125,3.825,3.625],"texture":"#0"},"west":{"uv":[3.25,2.625,4,3.125],"texture":"#0"},"up":{"uv":[3.825,4.375,3.375,3.625],"texture":"#0"},"down":{"uv":[3.825,4.375,3.375,3.625],"texture":"#0"}}},{"from":[6.6,10,2.5],"to":[8.4,12,5.5],"rotation":{"angle":22.5,"axis":"x","origin":[0,13,14]},"faces":{"north":{"uv":[3.825,3.125,3.375,3.625],"texture":"#0"},"east":{"uv":[4,2.625,3.25,3.125],"texture":"#0"},"south":{"uv":[3.825,3.125,3.375,3.625],"texture":"#0"},"west":{"uv":[4,2.625,3.25,3.125],"texture":"#0"},"up":{"uv":[3.825,3.625,3.375,4.375],"texture":"#0"},"down":{"uv":[3.825,3.625,3.375,4.375],"texture":"#0"}}},{"from":[7,12,1],"to":[8,13,1.5],"rotation":{"angle":0,"axis":"y","origin":[10,11,10]},"faces":{"north":{"uv":[8.5,5.25,8.75,5],"texture":"#0"},"east":{"uv":[8.5,5.5,8.625,5.25],"texture":"#0"},"south":{"uv":[8.5,5,8.75,5.25],"texture":"#0"},"west":{"uv":[8.5,5.5,8.625,5.25],"texture":"#0"},"up":{"uv":[8.625,5.75,8.5,5.5],"rotation":90,"texture":"#0"},"down":{"uv":[8.625,5.75,8.5,5.5],"rotation":270,"texture":"#0"}}},{"from":[8.4,12,2.5],"to":[8.9,13,3.5],"rotation":{"angle":0,"axis":"y","origin":[10,11,6]},"faces":{"north":{"uv":[8.625,5.5,8.5,5.25],"texture":"#0"},"east":{"uv":[8.75,5.25,8.5,5],"texture":"#0"},"south":{"uv":[8.625,5.5,8.5,5.25],"texture":"#0"},"west":{"uv":[8.75,5,8.5,5.25],"texture":"#0"},"up":{"uv":[8.5,5.75,8.625,5.5],"texture":"#0"},"down":{"uv":[8.5,5.75,8.625,5.5],"texture":"#0"}}},{"from":[5.4,11.5,4],"to":[5.4,21.5,10],"rotation":{"angle":0,"axis":"y","origin":[0,13,0]},"faces":{"east":{"uv":[6,0,0,10],"texture":"#2"},"west":{"uv":[0,0,6,10],"texture":"#2"}}},{"from":[7.4,21.5,4],"to":[7.4,31.5,10],"rotation":{"angle":0,"axis":"y","origin":[0,13,0]},"faces":{"east":{"uv":[0,0,6,10],"texture":"#2"},"west":{"uv":[6,0,0,10],"texture":"#2"}}},{"from":[9.6,11.5,4],"to":[9.6,21.5,10],"rotation":{"angle":0,"axis":"y","origin":[16,13,0]},"faces":{"east":{"uv":[6,0,0,10],"texture":"#2"},"west":{"uv":[0,0,6,10],"texture":"#2"}}},{"from":[6.5,7.5,-2.5],"to":[8.5,9.5,4.5],"rotation":{"angle":22.5,"axis":"x","origin":[0,11,16]},"faces":{"north":{"uv":[3.5,0.5,3,1],"texture":"#0"},"east":{"uv":[4,0,2.25,0.5],"texture":"#0"},"south":{"uv":[3.5,0.5,3,1],"texture":"#0"},"west":{"uv":[4,0,2.25,0.5],"texture":"#0"},"up":{"uv":[3.5,2.25,4,0.5],"texture":"#0"},"down":{"uv":[3.5,2.25,4,0.5],"texture":"#0"}}},{"from":[6.5,7.5,9.5],"to":[8.5,9.5,16.5],"rotation":{"angle":-22.5,"axis":"x","origin":[0,11,-2]},"faces":{"north":{"uv":[3,0.5,3.5,1],"texture":"#0"},"east":{"uv":[2.25,0,4,0.5],"texture":"#0"},"south":{"uv":[3,0.5,3.5,1],"texture":"#0"},"west":{"uv":[2.25,0,4,0.5],"texture":"#0"},"up":{"uv":[3.5,0.5,4,2.25],"texture":"#0"},"down":{"uv":[3.5,0.5,4,2.25],"texture":"#0"}}},{"from":[7.5,12,5],"to":[8.5,16,9],"rotation":{"angle":45,"axis":"x","origin":[7.5,14,7]},"faces":{"north":{"uv":[3.25,2.625,3,3.625],"texture":"#0"},"east":{"uv":[3,2.625,2,3.625],"texture":"#0"},"south":{"uv":[3,2.625,3.25,3.625],"texture":"#0"},"west":{"uv":[2,2.625,3,3.625],"texture":"#0"},"up":{"uv":[3,2.625,3.25,3.625],"texture":"#0"},"down":{"uv":[3,2.625,3.25,3.625],"texture":"#0"}}},{"from":[6.5,12,5],"to":[7.5,16,9],"rotation":{"angle":45,"axis":"x","origin":[7.5,14,7]},"faces":{"north":{"uv":[3.25,2.625,3,3.625],"texture":"#0"},"east":{"uv":[3,2.625,2,3.625],"texture":"#0"},"south":{"uv":[3,2.625,3.25,3.625],"texture":"#0"},"west":{"uv":[2,2.625,3,3.625],"texture":"#0"},"up":{"uv":[3,2.625,3.25,3.625],"texture":"#0"},"down":{"uv":[3,2.625,3.25,3.625],"texture":"#0"}}},{"from":[6.4,12.5,5],"to":[6.4,16.5,9],"rotation":{"angle":0,"axis":"y","origin":[6.4,14.5,7]},"faces":{"east":{"uv":[0,0,8,8],"texture":"#3"},"west":{"uv":[0,0,8,8],"texture":"#3"}}},{"from":[6.4,12.5,5],"to":[6.4,16.5,9],"rotation":{"angle":22.5,"axis":"x","origin":[6.4,14.5,7]},"faces":{"east":{"uv":[8,0,16,8],"texture":"#3"},"west":{"uv":[8,0,16,8],"texture":"#3"}}},{"from":[6.4,12.5,5],"to":[6.4,16.5,9],"rotation":{"angle":45,"axis":"x","origin":[6.4,14.5,7]},"faces":{"east":{"uv":[8,8,16,16],"texture":"#3"},"west":{"uv":[8,8,16,16],"texture":"#3"}}},{"from":[6.4,12.5,5],"to":[6.4,16.5,9],"rotation":{"angle":-22.5,"axis":"x","origin":[6.4,14.5,7]},"faces":{"east":{"uv":[0,8,8,16],"rotation":90,"texture":"#3"},"west":{"uv":[0,8,8,16],"rotation":90,"texture":"#3"}}},{"from":[6,-13,6.5],"to":[6.5,-12,7.5],"rotation":{"angle":0,"axis":"y","origin":[6,-12,6]},"faces":{"north":{"uv":[8.5,5.5,8.625,5.25],"texture":"#0"},"east":{"uv":[8.5,5,8.75,5.25],"texture":"#0"},"south":{"uv":[8.5,5.5,8.625,5.25],"texture":"#0"},"west":{"uv":[8.5,5.25,8.75,5],"texture":"#0"},"up":{"uv":[8.625,5.75,8.5,5.5],"texture":"#0"},"down":{"uv":[8.625,5.75,8.5,5.5],"texture":"#0"}}},{"from":[6.5,-13.5,5.5],"to":[8.5,-11.5,8.5],"rotation":{"angle":0,"axis":"y","origin":[0,-10,0]},"faces":{"north":{"uv":[7.25,8.25,7.75,8.75],"texture":"#0"},"east":{"uv":[9,3.75,8.25,4.25],"texture":"#0"},"south":{"uv":[7.25,8.25,7.75,8.75],"texture":"#0"},"west":{"uv":[8.25,3.75,9,4.25],"texture":"#0"},"up":{"uv":[4.5,9,4,8.25],"texture":"#0"},"down":{"uv":[5,8.25,4.5,9],"texture":"#0"}}},{"from":[7,-13,5],"to":[8,-12,5.5],"rotation":{"angle":0,"axis":"y","origin":[10,-12,10]},"faces":{"north":{"uv":[8.5,5.25,8.75,5],"texture":"#0"},"east":{"uv":[8.5,5.5,8.625,5.25],"texture":"#0"},"south":{"uv":[8.5,5,8.75,5.25],"texture":"#0"},"west":{"uv":[8.5,5.5,8.625,5.25],"texture":"#0"},"up":{"uv":[8.625,5.75,8.5,5.5],"rotation":90,"texture":"#0"},"down":{"uv":[8.625,5.75,8.5,5.5],"rotation":270,"texture":"#0"}}},{"from":[7,-13,8.5],"to":[8,-12,9],"rotation":{"angle":0,"axis":"y","origin":[10,-12,6]},"faces":{"north":{"uv":[8.75,5,8.5,5.25],"texture":"#0"},"east":{"uv":[8.625,5.5,8.5,5.25],"texture":"#0"},"south":{"uv":[8.75,5.25,8.5,5],"texture":"#0"},"west":{"uv":[8.625,5.5,8.5,5.25],"texture":"#0"},"up":{"uv":[8.5,5.75,8.625,5.5],"rotation":90,"texture":"#0"},"down":{"uv":[8.5,5.75,8.625,5.5],"rotation":270,"texture":"#0"}}},{"from":[8.5,-13,6.5],"to":[9,-12,7.5],"rotation":{"angle":0,"axis":"y","origin":[10,-12,6]},"faces":{"north":{"uv":[8.625,5.5,8.5,5.25],"texture":"#0"},"east":{"uv":[8.75,5.25,8.5,5],"texture":"#0"},"south":{"uv":[8.625,5.5,8.5,5.25],"texture":"#0"},"west":{"uv":[8.75,5,8.5,5.25],"texture":"#0"},"up":{"uv":[8.5,5.75,8.625,5.5],"texture":"#0"},"down":{"uv":[8.5,5.75,8.625,5.5],"texture":"#0"}}},{"from":[7,-12,6],"to":[8,-11,8],"rotation":{"angle":0,"axis":"y","origin":[0,-10,0]},"faces":{"north":{"uv":[7.25,1.75,7.5,2],"texture":"#0"},"east":{"uv":[9,1,8.5,1.25],"texture":"#0"},"south":{"uv":[7.25,1.75,7.5,2],"texture":"#0"},"west":{"uv":[8.5,1,9,1.25],"texture":"#0"},"up":{"uv":[8,8.25,7.75,8.75],"texture":"#0"},"down":{"uv":[8,8.25,7.75,8.75],"texture":"#0"}}},{"from":[6.5,-11,5.5],"to":[8.5,0,8.5],"rotation":{"angle":0,"axis":"y","origin":[0,-10,0]},"faces":{"north":{"uv":[6.75,7.25,7.25,10],"texture":"#0"},"east":{"uv":[6.25,7.25,5.5,10],"texture":"#0"},"south":{"uv":[6.75,10,7.25,12.75],"texture":"#0"},"west":{"uv":[5.5,7.25,6.25,10],"texture":"#0"},"up":{"uv":[8.75,3.75,8.25,3],"texture":"#0"},"down":{"uv":[8.75,3,8.25,3.75],"texture":"#0"}}},{"from":[6,-10,5],"to":[9,-9,9],"rotation":{"angle":0,"axis":"y","origin":[0,6,0]},"faces":{"north":{"uv":[8.25,8,9,7.75],"texture":"#0"},"east":{"uv":[8.25,4.5,9.25,4.25],"texture":"#0"},"south":{"uv":[8.25,8,9,7.75],"texture":"#0"},"west":{"uv":[8.25,4.5,9.25,4.25],"texture":"#0"},"up":{"uv":[8.25,4.5,7.5,3.5],"texture":"#0"},"down":{"uv":[8.25,3.5,7.5,4.5],"texture":"#0"}}},{"from":[6,-3,5],"to":[9,-2,9],"rotation":{"angle":0,"axis":"y","origin":[0,-10,0]},"faces":{"north":{"uv":[8.25,7.75,9,8],"texture":"#0"},"east":{"uv":[9.25,4.25,8.25,4.5],"texture":"#0"},"south":{"uv":[8.25,7.75,9,8],"texture":"#0"},"west":{"uv":[8.25,4.25,9.25,4.5],"texture":"#0"},"up":{"uv":[8.25,4.5,7.5,3.5],"texture":"#0"},"down":{"uv":[8.25,3.5,7.5,4.5],"texture":"#0"}}},{"from":[7,-1.5,8.5],"to":[8,-0.5,9],"rotation":{"angle":0,"axis":"y","origin":[10,-12,6]},"faces":{"north":{"uv":[8.75,5,8.5,5.25],"texture":"#0"},"east":{"uv":[8.625,5.25,8.5,5.5],"texture":"#0"},"south":{"uv":[8.75,5,8.5,5.25],"texture":"#0"},"west":{"uv":[8.625,5.25,8.5,5.5],"texture":"#0"},"up":{"uv":[8.5,5.75,8.625,5.5],"rotation":90,"texture":"#0"},"down":{"uv":[8.5,5.75,8.625,5.5],"rotation":270,"texture":"#0"}}},{"from":[6,-1.5,6.5],"to":[6.5,-0.5,7.5],"rotation":{"angle":0,"axis":"y","origin":[6,-12,6]},"faces":{"north":{"uv":[8.5,5.25,8.625,5.5],"texture":"#0"},"east":{"uv":[8.5,5,8.75,5.25],"texture":"#0"},"south":{"uv":[8.5,5.25,8.625,5.5],"texture":"#0"},"west":{"uv":[8.5,5,8.75,5.25],"texture":"#0"},"up":{"uv":[8.625,5.75,8.5,5.5],"texture":"#0"},"down":{"uv":[8.625,5.75,8.5,5.5],"texture":"#0"}}},{"from":[8.5,-1.5,6.5],"to":[9,-0.5,7.5],"rotation":{"angle":0,"axis":"y","origin":[10,-12,6]},"faces":{"north":{"uv":[8.625,5.25,8.5,5.5],"texture":"#0"},"east":{"uv":[8.75,5,8.5,5.25],"texture":"#0"},"south":{"uv":[8.625,5.25,8.5,5.5],"texture":"#0"},"west":{"uv":[8.75,5,8.5,5.25],"texture":"#0"},"up":{"uv":[8.5,5.75,8.625,5.5],"texture":"#0"},"down":{"uv":[8.5,5.75,8.625,5.5],"texture":"#0"}}},{"from":[7,-1.5,5],"to":[8,-0.5,5.5],"rotation":{"angle":0,"axis":"y","origin":[10,-12,10]},"faces":{"north":{"uv":[8.5,5,8.75,5.25],"texture":"#0"},"east":{"uv":[8.5,5.25,8.625,5.5],"texture":"#0"},"south":{"uv":[8.5,5,8.75,5.25],"texture":"#0"},"west":{"uv":[8.5,5.25,8.625,5.5],"texture":"#0"},"up":{"uv":[8.625,5.75,8.5,5.5],"rotation":90,"texture":"#0"},"down":{"uv":[8.625,5.75,8.5,5.5],"rotation":270,"texture":"#0"}}},{"from":[7,0,6],"to":[8,10,8],"rotation":{"angle":0,"axis":"y","origin":[0,-10,0]},"faces":{"north":{"uv":[8,6.75,8.25,9.25],"texture":"#0"},"east":{"uv":[6.25,7.25,6.75,9.75],"texture":"#0"},"south":{"uv":[7.25,8.75,7.5,11.25],"texture":"#0"},"west":{"uv":[6.75,7.25,6.25,9.75],"texture":"#0"}}},{"from":[6.5,10.5,10.5],"to":[8.5,11.5,12],"faces":{"north":{"uv":[8.5,1.25,9,1.5],"texture":"#0"},"east":{"uv":[8.5,1.5,8.875,1.75],"texture":"#0"},"south":{"uv":[8.5,1.25,9,1.5],"texture":"#0"},"west":{"uv":[8.5,1.5,8.875,1.75],"texture":"#0"},"up":{"uv":[9,0.875,8.5,0.5],"texture":"#0"},"down":{"uv":[9,0.875,8.5,0.5],"texture":"#0"}}},{"from":[6.5,10.5,2],"to":[8.5,11.5,3.5],"rotation":{"angle":0,"axis":"y","origin":[0,0,16]},"faces":{"north":{"uv":[9,1.25,8.5,1.5],"texture":"#0"},"east":{"uv":[8.875,1.5,8.5,1.75],"texture":"#0"},"south":{"uv":[9,1.25,8.5,1.5],"texture":"#0"},"west":{"uv":[8.875,1.5,8.5,1.75],"texture":"#0"},"up":{"uv":[9,0.5,8.5,0.875],"texture":"#0"},"down":{"uv":[9,0.5,8.5,0.875],"texture":"#0"}}},{"from":[6.5,18,6],"to":[8.5,25,8],"faces":{"north":{"uv":[10,3.625,10.5,5.375],"texture":"#0"},"east":{"uv":[10,3.625,10.5,5.375],"texture":"#0"},"south":{"uv":[10,3.625,10.5,5.375],"texture":"#0"},"west":{"uv":[10,3.625,10.5,5.375],"texture":"#0"},"up":{"uv":[10,5.375,10.5,5.875],"texture":"#0"},"down":{"uv":[10,5.375,10.5,5.875],"texture":"#0"}}},{"from":[6,20,5.5],"to":[9,23,8.5],"rotation":{"angle":0,"axis":"y","origin":[0,0.5,0]},"faces":{"north":{"uv":[10.75,3.875,11.5,4.625],"texture":"#0"},"east":{"uv":[10.75,3.875,11.5,4.625],"texture":"#0"},"south":{"uv":[10.75,3.875,11.5,4.625],"texture":"#0"},"west":{"uv":[10.75,3.875,11.5,4.625],"texture":"#0"},"up":{"uv":[10.75,4.625,11.5,5.375],"texture":"#0"},"down":{"uv":[10.75,4.625,11.5,5.375],"texture":"#0"}}},{"from":[8.6,14,7.5],"to":[8.6,18,11.5],"rotation":{"angle":0,"axis":"y","origin":[8.6,16,9.5]},"faces":{"east":{"uv":[8,0,0,8],"texture":"#3"},"west":{"uv":[8,0,0,8],"texture":"#3"}}},{"from":[8.6,14,7.5],"to":[8.6,18,11.5],"rotation":{"angle":22.5,"axis":"x","origin":[8.6,16,9.5]},"faces":{"east":{"uv":[16,0,8,8],"texture":"#3"},"west":{"uv":[16,0,8,8],"texture":"#3"}}},{"from":[8.6,14,7.5],"to":[8.6,18,11.5],"rotation":{"angle":45,"axis":"x","origin":[8.6,16,9.5]},"faces":{"east":{"uv":[16,8,8,16],"texture":"#3"},"west":{"uv":[16,8,8,16],"texture":"#3"}}},{"from":[8.6,14,7.5],"to":[8.6,18,11.5],"rotation":{"angle":-22.5,"axis":"x","origin":[8.6,16,9.5]},"faces":{"east":{"uv":[0,16,8,8],"rotation":90,"texture":"#3"},"west":{"uv":[0,16,8,8],"rotation":90,"texture":"#3"}}},{"from":[7,13.5,1],"to":[7,17.5,5],"rotation":{"angle":0,"axis":"y","origin":[7,15.5,3]},"faces":{"east":{"uv":[0,0,8,8],"texture":"#3"},"west":{"uv":[0,0,8,8],"texture":"#3"}}},{"from":[7,13.5,1],"to":[7,17.5,5],"rotation":{"angle":22.5,"axis":"x","origin":[7,15.5,3]},"faces":{"east":{"uv":[8,0,16,8],"texture":"#3"},"west":{"uv":[8,0,16,8],"texture":"#3"}}},{"from":[7,13.5,1],"to":[7,17.5,5],"rotation":{"angle":45,"axis":"x","origin":[7,15.5,3]},"faces":{"east":{"uv":[8,8,16,16],"texture":"#3"},"west":{"uv":[8,8,16,16],"texture":"#3"}}},{"from":[7,13.5,1],"to":[7,17.5,5],"rotation":{"angle":-22.5,"axis":"x","origin":[7,15.5,3]},"faces":{"east":{"uv":[0,8,8,16],"rotation":90,"texture":"#3"},"west":{"uv":[0,8,8,16],"rotation":90,"texture":"#3"}}},{"from":[6.5,15,10.5],"to":[8.5,17,12],"rotation":{"angle":0,"axis":"y","origin":[0,3,0]},"faces":{"north":{"uv":[8.25,7.25,8.75,7.75],"texture":"#0"},"east":{"uv":[8.25,8.25,8.625,8.75],"texture":"#0"},"south":{"uv":[8.25,7.25,8.75,7.75],"texture":"#0"},"west":{"uv":[8.625,8.25,8.25,8.75],"texture":"#0"},"up":{"uv":[9,0.375,8.5,0],"texture":"#0"},"down":{"uv":[9,0.375,8.5,0],"texture":"#0"}}},{"from":[6.5,9.5,9],"to":[8.5,11.5,10.5],"rotation":{"angle":0,"axis":"y","origin":[0,3,0]},"faces":{"north":{"uv":[8.25,7.25,8.75,7.75],"texture":"#0"},"east":{"uv":[8.25,8.25,8.625,8.75],"texture":"#0"},"south":{"uv":[8.25,7.25,8.75,7.75],"texture":"#0"},"west":{"uv":[8.25,8.75,8.625,8.25],"texture":"#0"},"up":{"uv":[9,0.375,8.5,0],"texture":"#0"},"down":{"uv":[9,0.375,8.5,0],"texture":"#0"}}},{"from":[6.5,9.5,3.5],"to":[8.5,11.5,5],"rotation":{"angle":0,"axis":"y","origin":[0,3,16]},"faces":{"north":{"uv":[8.75,7.25,8.25,7.75],"texture":"#0"},"east":{"uv":[8.625,8.25,8.25,8.75],"texture":"#0"},"south":{"uv":[8.75,7.25,8.25,7.75],"texture":"#0"},"west":{"uv":[8.625,8.75,8.25,8.25],"texture":"#0"},"up":{"uv":[9,0,8.5,0.375],"texture":"#0"},"down":{"uv":[9,0,8.5,0.375],"texture":"#0"}}},{"from":[6.5,15,2],"to":[8.5,17,3.5],"rotation":{"angle":0,"axis":"y","origin":[0,3,16]},"faces":{"north":{"uv":[8.75,7.25,8.25,7.75],"texture":"#0"},"east":{"uv":[8.625,8.25,8.25,8.75],"texture":"#0"},"south":{"uv":[8.75,7.25,8.25,7.75],"texture":"#0"},"west":{"uv":[8.25,8.25,8.625,8.75],"texture":"#0"},"up":{"uv":[9,0,8.5,0.375],"texture":"#0"},"down":{"uv":[9,0,8.5,0.375],"texture":"#0"}}},{"from":[6.5,17,2],"to":[8.5,18,3.5],"rotation":{"angle":0,"axis":"y","origin":[0,-17.5,19.5]},"faces":{"north":{"uv":[8.5,1.25,9,1.5],"texture":"#0"},"east":{"uv":[8.5,1.5,8.875,1.75],"texture":"#0"},"south":{"uv":[8.5,1.25,9,1.5],"texture":"#0"},"west":{"uv":[8.5,1.5,8.875,1.75],"texture":"#0"},"up":{"uv":[9,0.875,8.5,0.5],"texture":"#0"},"down":{"uv":[9,0.875,8.5,0.5],"texture":"#0"}}},{"from":[6.5,16,0],"to":[8.5,17,1.5],"rotation":{"angle":22.5,"axis":"x","origin":[5,16,0]},"faces":{"north":{"uv":[8.5,1.25,9,1.5],"texture":"#0"},"east":{"uv":[8.5,1.5,8.875,1.75],"texture":"#0"},"south":{"uv":[8.5,1.25,9,1.5],"texture":"#0"},"west":{"uv":[8.5,1.5,8.875,1.75],"texture":"#0"},"up":{"uv":[9,0.875,8.5,0.5],"texture":"#0"},"down":{"uv":[9,0.875,8.5,0.5],"texture":"#0"}}},{"from":[6.5,16.7,12.7],"to":[8.5,17.7,14.2],"rotation":{"angle":-22.5,"axis":"x","origin":[5,16,16]},"faces":{"north":{"uv":[9,1.25,8.5,1.5],"texture":"#0"},"east":{"uv":[8.875,1.5,8.5,1.75],"texture":"#0"},"south":{"uv":[9,1.25,8.5,1.5],"texture":"#0"},"west":{"uv":[8.875,1.5,8.5,1.75],"texture":"#0"},"up":{"uv":[9,0.5,8.5,0.875],"texture":"#0"},"down":{"uv":[9,0.5,8.5,0.875],"texture":"#0"}}},{"from":[6.5,17,10.5],"to":[8.5,18,12],"rotation":{"angle":0,"axis":"y","origin":[0,-17.5,-3.5]},"faces":{"north":{"uv":[9,1.25,8.5,1.5],"texture":"#0"},"east":{"uv":[8.875,1.5,8.5,1.75],"texture":"#0"},"south":{"uv":[9,1.25,8.5,1.5],"texture":"#0"},"west":{"uv":[8.875,1.5,8.5,1.75],"texture":"#0"},"up":{"uv":[9,0.5,8.5,0.875],"texture":"#0"},"down":{"uv":[9,0.5,8.5,0.875],"texture":"#0"}}}],"gui_light":"front","display":{"thirdperson_righthand":{"translation":[0.5,7.5,2],"scale":[0.68,0.68,0.68]},"thirdperson_lefthand":{"translation":[-0.25,7.5,2],"scale":[0.68,0.68,0.68]},"firstperson_righthand":{"rotation":[-10,9,0],"translation":[0.25,3.75,2.25],"scale":[0.5,0.5,0.5]},"firstperson_lefthand":{"rotation":[-10,9,0],"translation":[0.25,3.75,2.25],"scale":[0.5,0.5,0.5]},"ground":{"rotation":[45,0,0],"translation":[0,4,0],"scale":[0.38,0.38,0.38]},"gui":{"rotation":[-90,-45,-90],"translation":[0,0.75,0],"scale":[0.4,0.4,0.4]},"head":{"scale":[0,0,0]},"fixed":{"rotation":[-90,-90,-90],"translation":[-1.25,2.25,-2.75],"scale":[1.5,1.5,1.5]}}}