{"credit":"Made with Blockbench","texture_size":[64,64],"textures":{"0":"elitecreatures:steampunk_ice_animated_weapon_set_v1/steamice_texture_02","1":"elitecreatures:steampunk_ice_animated_weapon_set_v1/steamice_animation_01texture","2":"elitecreatures:steampunk_ice_animated_weapon_set_v1/steamice_animation_02texture","particle":"elitecreatures:steampunk_ice_animated_weapon_set_v1/steamice_texture_02"},"elements":[{"from":[2.8,3.5,4.8],"to":[2.8,13.5,10.8],"rotation":{"angle":0,"axis":"y","origin":[2.4,0,35.2]},"faces":{"east":{"uv":[0,0,6,10],"texture":"#1"},"west":{"uv":[6,0,0,10],"texture":"#1"}}},{"from":[6.8,9.5,23.8],"to":[6.8,19.5,29.8],"rotation":{"angle":0,"axis":"y","origin":[2.4,0,35.2]},"faces":{"east":{"uv":[0,0,6,10],"texture":"#1"},"west":{"uv":[6,0,0,10],"texture":"#1"}}},{"from":[6.8,9.5,-13.8],"to":[6.8,19.5,-7.8],"rotation":{"angle":0,"axis":"y","origin":[2.4,0,-19.2]},"faces":{"east":{"uv":[6,0,0,10],"texture":"#1"},"west":{"uv":[0,0,6,10],"texture":"#1"}}},{"from":[9.2,9.5,-13.8],"to":[9.2,19.5,-7.8],"rotation":{"angle":0,"axis":"y","origin":[13.6,0,-19.2]},"faces":{"east":{"uv":[6,0,0,10],"texture":"#1"},"west":{"uv":[0,0,6,10],"texture":"#1"}}},{"from":[9.2,9.5,23.8],"to":[9.2,19.5,29.8],"rotation":{"angle":0,"axis":"y","origin":[13.6,0,35.2]},"faces":{"east":{"uv":[0,0,6,10],"texture":"#1"},"west":{"uv":[6,0,0,10],"texture":"#1"}}},{"from":[13.2,3.5,4.8],"to":[13.2,13.5,10.8],"rotation":{"angle":0,"axis":"y","origin":[13.6,0,35.2]},"faces":{"east":{"uv":[0,0,6,10],"texture":"#1"},"west":{"uv":[6,0,0,10],"texture":"#1"}}},{"from":[12,2.8,6.45],"to":[13,5.8,9.45],"rotation":{"angle":-45,"axis":"x","origin":[12.9,4.3,8.1]},"faces":{"north":{"uv":[14.625,0,14.375,0.75],"texture":"#0"},"east":{"uv":[13.625,0,14.375,0.75],"texture":"#0"},"south":{"uv":[14.375,0,14.625,0.75],"texture":"#0"},"west":{"uv":[13.625,0,14.375,0.75],"texture":"#0"},"up":{"uv":[13.625,0.75,14.375,1],"rotation":90,"texture":"#0"},"down":{"uv":[13.625,0.75,14.375,1],"rotation":270,"texture":"#0"}}},{"from":[9,5.8,3.8],"to":[12,10.8,8.8],"rotation":{"angle":-45,"axis":"x","origin":[12.9,8.3,12.1]},"faces":{"north":{"uv":[12.875,0,13.625,1.25],"texture":"#0"},"east":{"uv":[11.625,0,12.875,1.25],"texture":"#0"},"south":{"uv":[12.875,0,13.625,1.25],"texture":"#0"},"west":{"uv":[11.625,0,12.875,1.25],"texture":"#0"},"up":{"uv":[11.625,1.25,12.875,2],"rotation":90,"texture":"#0"},"down":{"uv":[11.625,1.25,12.875,2],"rotation":270,"texture":"#0"}}},{"from":[4,5.8,3.8],"to":[7,10.8,8.8],"rotation":{"angle":-45,"axis":"x","origin":[3.1,8.3,12.1]},"faces":{"north":{"uv":[13.625,0,12.875,1.25],"texture":"#0"},"east":{"uv":[12.875,0,11.625,1.25],"texture":"#0"},"south":{"uv":[13.625,0,12.875,1.25],"texture":"#0"},"west":{"uv":[12.875,0,11.625,1.25],"texture":"#0"},"up":{"uv":[11.625,2,12.875,1.25],"rotation":90,"texture":"#0"},"down":{"uv":[11.625,2,12.875,1.25],"rotation":270,"texture":"#0"}}},{"from":[3,2.8,6.45],"to":[4,5.8,9.45],"rotation":{"angle":-45,"axis":"x","origin":[3.1,4.3,8.1]},"faces":{"north":{"uv":[14.375,0,14.625,0.75],"texture":"#0"},"east":{"uv":[14.375,0,13.625,0.75],"texture":"#0"},"south":{"uv":[14.625,0,14.375,0.75],"texture":"#0"},"west":{"uv":[14.375,0,13.625,0.75],"texture":"#0"},"up":{"uv":[13.625,1,14.375,0.75],"rotation":90,"texture":"#0"},"down":{"uv":[13.625,1,14.375,0.75],"rotation":270,"texture":"#0"}}},{"from":[5,7,4],"to":[11,9,12],"rotation":{"angle":0,"axis":"y","origin":[4,17.75,7.5]},"faces":{"north":{"uv":[2,11.75,3.5,12.25],"texture":"#0"},"east":{"uv":[0,11.75,2,12.25],"texture":"#0"},"south":{"uv":[2,11.75,3.5,12.25],"texture":"#0"},"west":{"uv":[0,11.75,2,12.25],"texture":"#0"},"up":{"uv":[1.5,14.25,0,12.25],"rotation":180,"texture":"#0"},"down":{"uv":[1.5,14.25,0,12.25],"rotation":180,"texture":"#0"}}},{"from":[5.5,0,4.5],"to":[10.5,7,11.5],"rotation":{"angle":0,"axis":"y","origin":[4,17.75,7.5]},"faces":{"north":{"uv":[3.125,14.25,4.375,16],"texture":"#0"},"east":{"uv":[1.375,14.25,3.125,16],"texture":"#0"},"south":{"uv":[3.125,14.25,4.375,16],"texture":"#0"},"west":{"uv":[1.375,14.25,3.125,16],"texture":"#0"},"up":{"uv":[5.625,16,4.375,14.25],"rotation":180,"texture":"#0"},"down":{"uv":[5.625,16,4.375,14.25],"rotation":180,"texture":"#0"}}},{"from":[7.5,7,2.5],"to":[8.5,9,6.5],"rotation":{"angle":22.5,"axis":"x","origin":[3.8,8.9,2.5]},"faces":{"north":{"uv":[3,12.25,3.25,12.75],"texture":"#0"},"east":{"uv":[2,12.25,3,12.75],"texture":"#0"},"south":{"uv":[3,12.25,3.25,12.75],"texture":"#0"},"west":{"uv":[3,12.25,2,12.75],"texture":"#0"},"up":{"uv":[2,12.75,3,13],"rotation":90,"texture":"#0"},"down":{"uv":[2,12.75,3,13],"rotation":90,"texture":"#0"}}},{"from":[7,6.5,-15.5],"to":[9,9,2.5],"rotation":{"angle":22.5,"axis":"x","origin":[3.8,8.9,2.5]},"faces":{"north":{"uv":[1.5,12.25,2,12.875],"texture":"#0"},"east":{"uv":[1.5875,13.625,6.0875,14.25],"texture":"#0"},"south":{"uv":[1.5,12.25,2,12.875],"texture":"#0"},"west":{"uv":[6.0875,13.625,1.5875,14.25],"texture":"#0"},"up":{"uv":[6.1125,13,1.5875,13.5],"rotation":90,"texture":"#0"},"down":{"uv":[1.5875,13,6.1125,13.5],"rotation":90,"texture":"#0"}}},{"from":[7.5,1,-15.5],"to":[8.5,6.5,-14.5],"rotation":{"angle":22.5,"axis":"x","origin":[3.8,8.9,2.5]},"faces":{"north":{"uv":[5.875,14.25,6.125,15.625],"texture":"#0"},"east":{"uv":[5.625,14.25,5.875,15.625],"texture":"#0"},"south":{"uv":[5.875,14.25,6.125,15.625],"texture":"#0"},"west":{"uv":[5.625,14.25,5.9,15.625],"texture":"#0"},"up":{"uv":[5.625,15.75,5.9,16],"rotation":270,"texture":"#0"},"down":{"uv":[5.625,15.75,5.9,16],"rotation":270,"texture":"#0"}}},{"from":[7.5,2,-9.2],"to":[8.5,7.5,-8.2],"rotation":{"angle":22.5,"axis":"x","origin":[3.8,8.9,2.5]},"faces":{"north":{"uv":[5.875,14.25,6.125,15.625],"texture":"#0"},"east":{"uv":[5.625,14.25,5.875,15.625],"texture":"#0"},"south":{"uv":[5.875,14.25,6.125,15.625],"texture":"#0"},"west":{"uv":[5.625,14.25,5.9,15.625],"texture":"#0"},"up":{"uv":[5.625,15.75,5.9,16],"rotation":270,"texture":"#0"},"down":{"uv":[5.625,15.75,5.9,16],"rotation":270,"texture":"#0"}}},{"from":[7.5,3,-3.6],"to":[8.5,8.5,-2.6],"rotation":{"angle":22.5,"axis":"x","origin":[3.8,8.9,2.5]},"faces":{"north":{"uv":[5.875,14.25,6.125,15.625],"texture":"#0"},"east":{"uv":[5.625,14.25,5.875,15.625],"texture":"#0"},"south":{"uv":[5.875,14.25,6.125,15.625],"texture":"#0"},"west":{"uv":[5.625,14.25,5.9,15.625],"texture":"#0"},"up":{"uv":[5.625,15.75,5.9,16],"rotation":270,"texture":"#0"},"down":{"uv":[5.625,15.75,5.9,16],"rotation":270,"texture":"#0"}}},{"from":[7.5,3,1.5],"to":[8.5,8.5,2.5],"rotation":{"angle":22.5,"axis":"x","origin":[3.8,8.9,2.5]},"faces":{"north":{"uv":[5.875,14.25,6.125,15.625],"texture":"#0"},"east":{"uv":[5.625,14.25,5.875,15.625],"texture":"#0"},"south":{"uv":[5.875,14.25,6.125,15.625],"texture":"#0"},"west":{"uv":[5.625,14.25,5.9,15.625],"texture":"#0"},"up":{"uv":[5.625,15.75,5.9,16],"rotation":270,"texture":"#0"},"down":{"uv":[5.625,15.75,5.9,16],"rotation":270,"texture":"#0"}}},{"from":[8,-1,-15.5],"to":[8,6.5,2.5],"rotation":{"angle":22.5,"axis":"x","origin":[3.8,8.9,2.5]},"faces":{"north":{"uv":[0,0,0,1.375],"texture":"#0"},"east":{"uv":[6.225,14.125,10.725,16],"texture":"#0"},"south":{"uv":[0,0,0,1.375],"texture":"#0"},"west":{"uv":[10.725,14.125,6.225,16],"texture":"#0"},"up":{"uv":[0,0,4.525,0],"rotation":90,"texture":"#0"},"down":{"uv":[0,0,4.525,0],"rotation":270,"texture":"#0"}}},{"from":[8,-1,13.5],"to":[8,6.5,31.5],"rotation":{"angle":-22.5,"axis":"x","origin":[3.8,8.9,13.5]},"faces":{"north":{"uv":[0,0,0,1.375],"texture":"#0"},"east":{"uv":[10.725,14.125,6.225,16],"texture":"#0"},"south":{"uv":[0,0,0,1.375],"texture":"#0"},"west":{"uv":[6.225,14.125,10.725,16],"texture":"#0"},"up":{"uv":[4.525,0,0,0],"rotation":90,"texture":"#0"},"down":{"uv":[4.525,0,0,0],"rotation":270,"texture":"#0"}}},{"from":[7.5,1,30.5],"to":[8.5,6.5,31.5],"rotation":{"angle":-22.5,"axis":"x","origin":[3.8,8.9,13.5]},"faces":{"north":{"uv":[6.125,14.25,5.875,15.625],"texture":"#0"},"east":{"uv":[5.875,14.25,5.625,15.625],"texture":"#0"},"south":{"uv":[6.125,14.25,5.875,15.625],"texture":"#0"},"west":{"uv":[5.9,14.25,5.625,15.625],"texture":"#0"},"up":{"uv":[5.9,15.75,5.625,16],"rotation":270,"texture":"#0"},"down":{"uv":[5.9,15.75,5.625,16],"rotation":270,"texture":"#0"}}},{"from":[7.5,2,24.2],"to":[8.5,7.5,25.2],"rotation":{"angle":-22.5,"axis":"x","origin":[3.8,8.9,13.5]},"faces":{"north":{"uv":[6.125,14.25,5.875,15.625],"texture":"#0"},"east":{"uv":[5.875,14.25,5.625,15.625],"texture":"#0"},"south":{"uv":[6.125,14.25,5.875,15.625],"texture":"#0"},"west":{"uv":[5.9,14.25,5.625,15.625],"texture":"#0"},"up":{"uv":[5.9,15.75,5.625,16],"rotation":270,"texture":"#0"},"down":{"uv":[5.9,15.75,5.625,16],"rotation":270,"texture":"#0"}}},{"from":[7,6.5,13.5],"to":[9,9,31.5],"rotation":{"angle":-22.5,"axis":"x","origin":[3.8,8.9,13.5]},"faces":{"north":{"uv":[2,12.25,1.5,12.875],"texture":"#0"},"east":{"uv":[6.0875,13.625,1.5875,14.25],"texture":"#0"},"south":{"uv":[2,12.25,1.5,12.875],"texture":"#0"},"west":{"uv":[1.5875,13.625,6.0875,14.25],"texture":"#0"},"up":{"uv":[1.5875,13,6.1125,13.5],"rotation":90,"texture":"#0"},"down":{"uv":[6.1125,13,1.5875,13.5],"rotation":90,"texture":"#0"}}},{"from":[7.5,3,18.6],"to":[8.5,8.5,19.6],"rotation":{"angle":-22.5,"axis":"x","origin":[3.8,8.9,13.5]},"faces":{"north":{"uv":[6.125,14.25,5.875,15.625],"texture":"#0"},"east":{"uv":[5.875,14.25,5.625,15.625],"texture":"#0"},"south":{"uv":[6.125,14.25,5.875,15.625],"texture":"#0"},"west":{"uv":[5.9,14.25,5.625,15.625],"texture":"#0"},"up":{"uv":[5.9,15.75,5.625,16],"rotation":270,"texture":"#0"},"down":{"uv":[5.9,15.75,5.625,16],"rotation":270,"texture":"#0"}}},{"from":[7.5,3,13.5],"to":[8.5,8.5,14.5],"rotation":{"angle":-22.5,"axis":"x","origin":[3.8,8.9,13.5]},"faces":{"north":{"uv":[6.125,14.25,5.875,15.625],"texture":"#0"},"east":{"uv":[5.875,14.25,5.625,15.625],"texture":"#0"},"south":{"uv":[6.125,14.25,5.875,15.625],"texture":"#0"},"west":{"uv":[5.9,14.25,5.625,15.625],"texture":"#0"},"up":{"uv":[5.9,15.75,5.625,16],"rotation":270,"texture":"#0"},"down":{"uv":[5.9,15.75,5.625,16],"rotation":270,"texture":"#0"}}},{"from":[7.5,7,9.5],"to":[8.5,9,13.5],"rotation":{"angle":-22.5,"axis":"x","origin":[3.8,8.9,13.5]},"faces":{"north":{"uv":[3.25,12.25,3,12.75],"texture":"#0"},"east":{"uv":[3,12.25,2,12.75],"texture":"#0"},"south":{"uv":[3.25,12.25,3,12.75],"texture":"#0"},"west":{"uv":[2,12.25,3,12.75],"texture":"#0"},"up":{"uv":[3,12.75,2,13],"rotation":90,"texture":"#0"},"down":{"uv":[3,12.75,2,13],"rotation":90,"texture":"#0"}}},{"from":[7,9,8.5],"to":[9,11,10.5],"faces":{"north":{"uv":[13.5,2,14,2.5],"texture":"#0"},"east":{"uv":[13.5,2,14,2.5],"texture":"#0"},"south":{"uv":[13.5,2,14,2.5],"texture":"#0"},"west":{"uv":[13.5,2,14,2.5],"texture":"#0"},"up":{"uv":[14,2,14.5,2.5],"texture":"#0"},"down":{"uv":[14,2,14.5,2.5],"texture":"#0"}}},{"from":[7,-1,11.5],"to":[9,1,13.5],"faces":{"north":{"uv":[13.5,2,14,2.5],"texture":"#0"},"east":{"uv":[13.5,2,14,2.5],"texture":"#0"},"south":{"uv":[13.5,2,14,2.5],"texture":"#0"},"west":{"uv":[13.5,2,14,2.5],"texture":"#0"},"up":{"uv":[14,2,14.5,2.5],"texture":"#0"},"down":{"uv":[14,2,14.5,2.5],"texture":"#0"}}},{"from":[7,8,5.5],"to":[9,10,7.5],"faces":{"north":{"uv":[13.5,2,14,2.5],"texture":"#0"},"east":{"uv":[13.5,2,14,2.5],"texture":"#0"},"south":{"uv":[13.5,2,14,2.5],"texture":"#0"},"west":{"uv":[13.5,2,14,2.5],"texture":"#0"},"up":{"uv":[14,2,14.5,2.5],"texture":"#0"},"down":{"uv":[14,2,14.5,2.5],"texture":"#0"}}},{"from":[7,11,8.5],"to":[9,13,10.5],"faces":{"north":{"uv":[13.5,2,14,2.5],"texture":"#0"},"east":{"uv":[13.5,2,14,2.5],"texture":"#0"},"south":{"uv":[13.5,2,14,2.5],"texture":"#0"},"west":{"uv":[13.5,2,14,2.5],"texture":"#0"},"up":{"uv":[14,2,14.5,2.5],"texture":"#0"},"down":{"uv":[14,2,14.5,2.5],"texture":"#0"}}},{"from":[5,-1.5,4],"to":[11,0,12],"faces":{"north":{"uv":[14.5,4.375,16,4.75],"texture":"#0"},"east":{"uv":[14,4,16,4.375],"texture":"#0"},"south":{"uv":[14.5,4.375,16,4.75],"texture":"#0"},"west":{"uv":[14,4,16,4.375],"texture":"#0"},"up":{"uv":[14.5,2,16,4],"texture":"#0"},"down":{"uv":[14.5,2,16,4],"texture":"#0"}}},{"from":[8,-1,2.5],"to":[8,6,6.5],"faces":{"north":{"uv":[0,0,0,1.75],"texture":"#missing"},"east":{"uv":[11,4,12,5.75],"texture":"#0"},"south":{"uv":[0,0,0,1.75],"texture":"#missing"},"west":{"uv":[12,4,11,5.75],"texture":"#0"},"up":{"uv":[0,0,0,1],"texture":"#missing"},"down":{"uv":[0,0,0,1],"texture":"#missing"}}},{"from":[8,-0.5,9],"to":[8,6.5,13],"rotation":{"angle":0,"axis":"y","origin":[0,0,16]},"faces":{"north":{"uv":[0,0,0,1.75],"texture":"#missing"},"east":{"uv":[12,4,11,5.75],"texture":"#0"},"south":{"uv":[0,0,0,1.75],"texture":"#missing"},"west":{"uv":[11,4,12,5.75],"texture":"#0"},"up":{"uv":[0,1,0,0],"texture":"#missing"},"down":{"uv":[0,1,0,0],"texture":"#missing"}}},{"from":[6.9,8,8.5],"to":[6.9,12,12.5],"rotation":{"angle":0,"axis":"y","origin":[6.9,10,10.5]},"faces":{"east":{"uv":[8,0,0,8],"texture":"#2"},"west":{"uv":[8,0,0,8],"texture":"#2"}}},{"from":[6.9,8,8.5],"to":[6.9,12,12.5],"rotation":{"angle":-22.5,"axis":"x","origin":[6.9,10,10.5]},"faces":{"east":{"uv":[16,0,8,8],"texture":"#2"},"west":{"uv":[16,0,8,8],"texture":"#2"}}},{"from":[6.9,8,8.5],"to":[6.9,12,12.5],"rotation":{"angle":-45,"axis":"x","origin":[6.9,10,10.5]},"faces":{"east":{"uv":[16,8,8,16],"texture":"#2"},"west":{"uv":[16,8,8,16],"texture":"#2"}}},{"from":[6.9,8,8.5],"to":[6.9,12,12.5],"rotation":{"angle":22.5,"axis":"x","origin":[6.9,10,10.5]},"faces":{"east":{"uv":[0,16,8,8],"rotation":90,"texture":"#2"},"west":{"uv":[8,8,0,16],"texture":"#2"}}},{"from":[8,7,4],"to":[8,11,8],"rotation":{"angle":0,"axis":"y","origin":[8,9,6]},"faces":{"east":{"uv":[8,0,0,8],"texture":"#2"},"west":{"uv":[8,0,0,8],"texture":"#2"}}},{"from":[8,7,4],"to":[8,11,8],"rotation":{"angle":-22.5,"axis":"x","origin":[8,9,6]},"faces":{"east":{"uv":[16,0,8,8],"texture":"#2"},"west":{"uv":[16,0,8,8],"texture":"#2"}}},{"from":[8,7,4],"to":[8,11,8],"rotation":{"angle":-45,"axis":"x","origin":[8,9,6]},"faces":{"east":{"uv":[16,8,8,16],"texture":"#2"},"west":{"uv":[16,8,8,16],"texture":"#2"}}},{"from":[8,7,4],"to":[8,11,8],"rotation":{"angle":22.5,"axis":"x","origin":[8,9,6]},"faces":{"east":{"uv":[0,16,8,8],"rotation":90,"texture":"#2"},"west":{"uv":[8,8,0,16],"texture":"#2"}}},{"from":[6.9,12,-15],"to":[6.9,16,-11],"rotation":{"angle":0,"axis":"y","origin":[6.9,14,-13]},"faces":{"east":{"uv":[8,0,0,8],"texture":"#2"},"west":{"uv":[8,0,0,8],"texture":"#2"}}},{"from":[6.9,12,-15],"to":[6.9,16,-11],"rotation":{"angle":-22.5,"axis":"x","origin":[6.9,14,-13]},"faces":{"east":{"uv":[16,0,8,8],"texture":"#2"},"west":{"uv":[16,0,8,8],"texture":"#2"}}},{"from":[6.9,12,-15],"to":[6.9,16,-11],"rotation":{"angle":-45,"axis":"x","origin":[6.9,14,-13]},"faces":{"east":{"uv":[16,8,8,16],"texture":"#2"},"west":{"uv":[16,8,8,16],"texture":"#2"}}},{"from":[6.9,12,-15],"to":[6.9,16,-11],"rotation":{"angle":22.5,"axis":"x","origin":[6.9,14,-13]},"faces":{"east":{"uv":[0,16,8,8],"rotation":90,"texture":"#2"},"west":{"uv":[8,8,0,16],"texture":"#2"}}},{"from":[9.1,12,-15],"to":[9.1,16,-11],"rotation":{"angle":-22.5,"axis":"x","origin":[9.1,14,-13]},"faces":{"east":{"uv":[8,0,16,8],"texture":"#2"},"west":{"uv":[8,0,16,8],"texture":"#2"}}},{"from":[9.1,12,-15],"to":[9.1,16,-11],"rotation":{"angle":0,"axis":"y","origin":[9.1,14,-13]},"faces":{"east":{"uv":[0,0,8,8],"texture":"#2"},"west":{"uv":[0,0,8,8],"texture":"#2"}}},{"from":[9.1,12,-15],"to":[9.1,16,-11],"rotation":{"angle":-45,"axis":"x","origin":[9.1,14,-13]},"faces":{"east":{"uv":[8,8,16,16],"texture":"#2"},"west":{"uv":[8,8,16,16],"texture":"#2"}}},{"from":[9.1,12,-15],"to":[9.1,16,-11],"rotation":{"angle":22.5,"axis":"x","origin":[9.1,14,-13]},"faces":{"east":{"uv":[0,8,8,16],"texture":"#2"},"west":{"uv":[0,8,8,16],"rotation":90,"texture":"#2"}}},{"from":[6.9,12,27],"to":[6.9,16,31],"rotation":{"angle":0,"axis":"y","origin":[6.9,14,29]},"faces":{"east":{"uv":[0,0,8,8],"texture":"#2"},"west":{"uv":[0,0,8,8],"texture":"#2"}}},{"from":[6.9,12,27],"to":[6.9,16,31],"rotation":{"angle":22.5,"axis":"x","origin":[6.9,14,29]},"faces":{"east":{"uv":[8,0,16,8],"texture":"#2"},"west":{"uv":[8,0,16,8],"texture":"#2"}}},{"from":[6.9,12,27],"to":[6.9,16,31],"rotation":{"angle":45,"axis":"x","origin":[6.9,14,29]},"faces":{"east":{"uv":[8,8,16,16],"texture":"#2"},"west":{"uv":[8,8,16,16],"texture":"#2"}}},{"from":[6.9,12,27],"to":[6.9,16,31],"rotation":{"angle":-22.5,"axis":"x","origin":[6.9,14,29]},"faces":{"east":{"uv":[0,8,8,16],"rotation":90,"texture":"#2"},"west":{"uv":[0,8,8,16],"texture":"#2"}}},{"from":[9.1,12,27],"to":[9.1,16,31],"rotation":{"angle":0,"axis":"y","origin":[9.1,14,29]},"faces":{"east":{"uv":[8,0,0,8],"texture":"#2"},"west":{"uv":[8,0,0,8],"texture":"#2"}}},{"from":[9.1,12,27],"to":[9.1,16,31],"rotation":{"angle":22.5,"axis":"x","origin":[9.1,14,29]},"faces":{"east":{"uv":[16,0,8,8],"texture":"#2"},"west":{"uv":[16,0,8,8],"texture":"#2"}}},{"from":[9.1,12,27],"to":[9.1,16,31],"rotation":{"angle":45,"axis":"x","origin":[9.1,14,29]},"faces":{"east":{"uv":[16,8,8,16],"texture":"#2"},"west":{"uv":[16,8,8,16],"texture":"#2"}}},{"from":[9.1,12,27],"to":[9.1,16,31],"rotation":{"angle":-22.5,"axis":"x","origin":[9.1,14,29]},"faces":{"east":{"uv":[8,8,0,16],"texture":"#2"},"west":{"uv":[0,16,8,8],"rotation":90,"texture":"#2"}}}],"gui_light":"front","display":{"thirdperson_righthand":{"rotation":[108.88,88.86,-19.69],"translation":[-6.25,-8,9.5],"scale":[0,0,0]},"thirdperson_lefthand":{"rotation":[108.88,88.86,-19.69],"translation":[-6.25,-8,9.5],"scale":[1.02,1.02,1.02]},"firstperson_righthand":{"rotation":[-28,0,0],"translation":[0.5,5,3.5],"scale":[0.5,0.5,0.5]},"firstperson_lefthand":{"rotation":[-15,0,0],"translation":[-0.5,-80,2.25],"scale":[0,0,0]},"ground":{"translation":[0,2.5,0],"scale":[0.4,0.4,0.4]},"gui":{"rotation":[-90,-45,-90],"translation":[-0.5,-0.5,0],"scale":[0.37,0.37,0.37]},"head":{"scale":[0,0,0]},"fixed":{"rotation":[-90,-90,-90],"translation":[0,4.75,-7.75],"scale":[1.5,1.5,1.5]}}}