{"credit":"Made with Blockbench","texture_size":[64,64],"textures":{"0":"elitecreatures:steampunk_ice_animated_weapon_set_v1/steamice_texture_01","2":"elitecreatures:steampunk_ice_animated_weapon_set_v1/steamice_animation_01texture","3":"elitecreatures:steampunk_ice_animated_weapon_set_v1/steamice_animation_02texture","particle":"elitecreatures:steampunk_ice_animated_weapon_set_v1/steamice_texture_01"},"elements":[{"from":[7,-11,6],"to":[8,-1,8],"faces":{"north":{"uv":[8,6.75,8.25,9.25],"texture":"#0"},"east":{"uv":[6.25,7.25,6.75,9.75],"texture":"#0"},"south":{"uv":[7.25,8.75,7.5,11.25],"texture":"#0"},"west":{"uv":[6.75,7.25,6.25,9.75],"texture":"#0"}}},{"from":[6,-2,4],"to":[9,0,10],"faces":{"north":{"uv":[8.25,6.75,9,7.25],"texture":"#0"},"east":{"uv":[5.75,5,7.25,5.5],"texture":"#0"},"south":{"uv":[8.25,6.75,9,7.25],"texture":"#0"},"west":{"uv":[5.75,5,7.25,5.5],"texture":"#0"},"up":{"uv":[8,8.25,7.25,6.75],"texture":"#0"},"down":{"uv":[8,8.25,7.25,6.75],"texture":"#0"}}},{"from":[5.5,-2,5.5],"to":[6.5,1,8.5],"rotation":{"angle":45,"axis":"x","origin":[4,-0.5,7]},"faces":{"north":{"uv":[5.25,8.25,5.5,9],"texture":"#0"},"east":{"uv":[8.25,2.25,9,3],"texture":"#0"},"south":{"uv":[5.25,8.25,5.5,9],"texture":"#0"},"west":{"uv":[8.25,2.25,9,3],"texture":"#0"},"up":{"uv":[5.25,8.25,5.5,9],"texture":"#0"},"down":{"uv":[5.25,8.25,5.5,9],"texture":"#0"}}},{"from":[8.5,-2,5.5],"to":[9.5,1,8.5],"rotation":{"angle":45,"axis":"x","origin":[12,-0.5,7]},"faces":{"north":{"uv":[5.5,8.25,5.25,9],"texture":"#0"},"east":{"uv":[9,2.25,8.25,3],"texture":"#0"},"south":{"uv":[5.5,8.25,5.25,9],"texture":"#0"},"west":{"uv":[9,2.25,8.25,3],"texture":"#0"},"up":{"uv":[5.5,8.25,5.25,9],"texture":"#0"},"down":{"uv":[5.5,8.25,5.25,9],"texture":"#0"}}},{"from":[6.5,3.5,8],"to":[8.5,5.5,9.5],"rotation":{"angle":0,"axis":"y","origin":[0,-17.5,19.5]},"faces":{"north":{"uv":[8.25,7.25,8.75,7.75],"texture":"#0"},"east":{"uv":[8.625,8.25,8.25,8.75],"texture":"#0"},"south":{"uv":[8.25,7.25,8.75,7.75],"texture":"#0"},"west":{"uv":[8.25,8.25,8.625,8.75],"texture":"#0"},"up":{"uv":[9,0.375,8.5,0],"texture":"#0"},"down":{"uv":[9,0.375,8.5,0],"texture":"#0"}}},{"from":[6.5,3.5,4.5],"to":[8.5,5.5,6],"rotation":{"angle":0,"axis":"y","origin":[0,-17.5,-3.5]},"faces":{"north":{"uv":[8.75,7.25,8.25,7.75],"texture":"#0"},"east":{"uv":[8.25,8.25,8.625,8.75],"texture":"#0"},"south":{"uv":[8.75,7.25,8.25,7.75],"texture":"#0"},"west":{"uv":[8.625,8.25,8.25,8.75],"texture":"#0"},"up":{"uv":[9,0,8.5,0.375],"texture":"#0"},"down":{"uv":[9,0,8.5,0.375],"texture":"#0"}}},{"from":[6.5,2.5,8],"to":[8.5,3.5,9.5],"rotation":{"angle":0,"axis":"y","origin":[0,-17.5,19.5]},"faces":{"north":{"uv":[8.5,1.25,9,1.5],"texture":"#0"},"east":{"uv":[8.5,1.5,8.875,1.75],"texture":"#0"},"south":{"uv":[8.5,1.25,9,1.5],"texture":"#0"},"west":{"uv":[8.5,1.5,8.875,1.75],"texture":"#0"},"up":{"uv":[9,0.875,8.5,0.5],"texture":"#0"},"down":{"uv":[9,0.875,8.5,0.5],"texture":"#0"}}},{"from":[6.5,2.5,4.5],"to":[8.5,3.5,6],"rotation":{"angle":0,"axis":"y","origin":[0,-17.5,-3.5]},"faces":{"north":{"uv":[9,1.25,8.5,1.5],"texture":"#0"},"east":{"uv":[8.875,1.5,8.5,1.75],"texture":"#0"},"south":{"uv":[9,1.25,8.5,1.5],"texture":"#0"},"west":{"uv":[8.875,1.5,8.5,1.75],"texture":"#0"},"up":{"uv":[9,0.5,8.5,0.875],"texture":"#0"},"down":{"uv":[9,0.5,8.5,0.875],"texture":"#0"}}},{"from":[6.5,-13.5,5.5],"to":[8.5,-11.5,8.5],"faces":{"north":{"uv":[7.25,8.25,7.75,8.75],"texture":"#0"},"east":{"uv":[9,3.75,8.25,4.25],"texture":"#0"},"south":{"uv":[7.25,8.25,7.75,8.75],"texture":"#0"},"west":{"uv":[8.25,3.75,9,4.25],"texture":"#0"},"up":{"uv":[4.5,9,4,8.25],"texture":"#0"},"down":{"uv":[5,8.25,4.5,9],"texture":"#0"}}},{"from":[6.5,-1.5,8.5],"to":[8.5,0.5,11.5],"faces":{"north":{"uv":[7.25,8.25,7.75,8.75],"texture":"#0"},"east":{"uv":[9,3.75,8.25,4.25],"texture":"#0"},"south":{"uv":[7.25,8.25,7.75,8.75],"texture":"#0"},"west":{"uv":[8.25,3.75,9,4.25],"texture":"#0"},"up":{"uv":[4.5,9,4,8.25],"texture":"#0"},"down":{"uv":[5,8.25,4.5,9],"texture":"#0"}}},{"from":[6.5,-1.5,2.5],"to":[8.5,0.5,5.5],"rotation":{"angle":0,"axis":"y","origin":[0,0,16]},"faces":{"north":{"uv":[7.75,8.25,7.25,8.75],"texture":"#0"},"east":{"uv":[8.25,3.75,9,4.25],"texture":"#0"},"south":{"uv":[7.75,8.25,7.25,8.75],"texture":"#0"},"west":{"uv":[9,3.75,8.25,4.25],"texture":"#0"},"up":{"uv":[4.5,8.25,4,9],"texture":"#0"},"down":{"uv":[5,9,4.5,8.25],"texture":"#0"}}},{"from":[7,-12,6],"to":[8,-11,8],"faces":{"north":{"uv":[7.25,1.75,7.5,2],"texture":"#0"},"east":{"uv":[9,1,8.5,1.25],"texture":"#0"},"south":{"uv":[7.25,1.75,7.5,2],"texture":"#0"},"west":{"uv":[8.5,1,9,1.25],"texture":"#0"},"up":{"uv":[8,8.25,7.75,8.75],"texture":"#0"},"down":{"uv":[8,8.25,7.75,8.75],"texture":"#0"}}},{"from":[6,-3,5],"to":[9,-2,9],"faces":{"north":{"uv":[8.25,7.75,9,8],"texture":"#0"},"east":{"uv":[9.25,4.25,8.25,4.5],"texture":"#0"},"south":{"uv":[8.25,7.75,9,8],"texture":"#0"},"west":{"uv":[8.25,4.25,9.25,4.5],"texture":"#0"},"up":{"uv":[8.25,4.5,7.5,3.5],"texture":"#0"},"down":{"uv":[8.25,3.5,7.5,4.5],"texture":"#0"}}},{"from":[6,0,7],"to":[9,1,11],"faces":{"north":{"uv":[8.25,7.75,9,8],"texture":"#0"},"east":{"uv":[9.25,4.25,8.25,4.5],"texture":"#0"},"south":{"uv":[8.25,7.75,9,8],"texture":"#0"},"west":{"uv":[8.25,4.25,9.25,4.5],"texture":"#0"},"up":{"uv":[8.25,4.5,7.5,3.5],"texture":"#0"},"down":{"uv":[8.25,3.5,7.5,4.5],"texture":"#0"}}},{"from":[6,0,3],"to":[9,1,7],"rotation":{"angle":0,"axis":"y","origin":[0,0,16]},"faces":{"north":{"uv":[9,7.75,8.25,8],"texture":"#0"},"east":{"uv":[8.25,4.25,9.25,4.5],"texture":"#0"},"south":{"uv":[9,7.75,8.25,8],"texture":"#0"},"west":{"uv":[9.25,4.25,8.25,4.5],"texture":"#0"},"up":{"uv":[8.25,3.5,7.5,4.5],"texture":"#0"},"down":{"uv":[8.25,4.5,7.5,3.5],"texture":"#0"}}},{"from":[6,-10,5],"to":[9,-9,9],"rotation":{"angle":0,"axis":"y","origin":[0,16,0]},"faces":{"north":{"uv":[8.25,8,9,7.75],"texture":"#0"},"east":{"uv":[8.25,4.5,9.25,4.25],"texture":"#0"},"south":{"uv":[8.25,8,9,7.75],"texture":"#0"},"west":{"uv":[8.25,4.5,9.25,4.25],"texture":"#0"},"up":{"uv":[8.25,4.5,7.5,3.5],"texture":"#0"},"down":{"uv":[8.25,3.5,7.5,4.5],"texture":"#0"}}},{"from":[8.5,-1.5,6.5],"to":[9,-0.5,7.5],"rotation":{"angle":0,"axis":"y","origin":[10,-2,6]},"faces":{"north":{"uv":[8.625,5.25,8.5,5.5],"texture":"#0"},"east":{"uv":[8.75,5,8.5,5.25],"texture":"#0"},"south":{"uv":[8.625,5.25,8.5,5.5],"texture":"#0"},"west":{"uv":[8.75,5,8.5,5.25],"texture":"#0"},"up":{"uv":[8.5,5.75,8.625,5.5],"texture":"#0"},"down":{"uv":[8.5,5.75,8.625,5.5],"texture":"#0"}}},{"from":[7,-1.5,8.5],"to":[8,-0.5,9],"rotation":{"angle":0,"axis":"y","origin":[10,-2,6]},"faces":{"north":{"uv":[8.75,5,8.5,5.25],"texture":"#0"},"east":{"uv":[8.625,5.25,8.5,5.5],"texture":"#0"},"south":{"uv":[8.75,5,8.5,5.25],"texture":"#0"},"west":{"uv":[8.625,5.25,8.5,5.5],"texture":"#0"},"up":{"uv":[8.5,5.75,8.625,5.5],"rotation":90,"texture":"#0"},"down":{"uv":[8.5,5.75,8.625,5.5],"rotation":270,"texture":"#0"}}},{"from":[7,-13,8.5],"to":[8,-12,9],"rotation":{"angle":0,"axis":"y","origin":[10,-2,6]},"faces":{"north":{"uv":[8.75,5,8.5,5.25],"texture":"#0"},"east":{"uv":[8.625,5.5,8.5,5.25],"texture":"#0"},"south":{"uv":[8.75,5.25,8.5,5],"texture":"#0"},"west":{"uv":[8.625,5.5,8.5,5.25],"texture":"#0"},"up":{"uv":[8.5,5.75,8.625,5.5],"rotation":90,"texture":"#0"},"down":{"uv":[8.5,5.75,8.625,5.5],"rotation":270,"texture":"#0"}}},{"from":[7,-13,5],"to":[8,-12,5.5],"rotation":{"angle":0,"axis":"y","origin":[10,-2,10]},"faces":{"north":{"uv":[8.5,5.25,8.75,5],"texture":"#0"},"east":{"uv":[8.5,5.5,8.625,5.25],"texture":"#0"},"south":{"uv":[8.5,5,8.75,5.25],"texture":"#0"},"west":{"uv":[8.5,5.5,8.625,5.25],"texture":"#0"},"up":{"uv":[8.625,5.75,8.5,5.5],"rotation":90,"texture":"#0"},"down":{"uv":[8.625,5.75,8.5,5.5],"rotation":270,"texture":"#0"}}},{"from":[7,-1,2],"to":[8,0,2.5],"rotation":{"angle":0,"axis":"y","origin":[10,-2,10]},"faces":{"north":{"uv":[8.5,5.25,8.75,5],"texture":"#0"},"east":{"uv":[8.5,5.5,8.625,5.25],"texture":"#0"},"south":{"uv":[8.5,5,8.75,5.25],"texture":"#0"},"west":{"uv":[8.5,5.5,8.625,5.25],"texture":"#0"},"up":{"uv":[8.625,5.75,8.5,5.5],"rotation":90,"texture":"#0"},"down":{"uv":[8.625,5.75,8.5,5.5],"rotation":270,"texture":"#0"}}},{"from":[6,-13,6.5],"to":[6.5,-12,7.5],"rotation":{"angle":0,"axis":"y","origin":[6,-2,6]},"faces":{"north":{"uv":[8.5,5.5,8.625,5.25],"texture":"#0"},"east":{"uv":[8.5,5,8.75,5.25],"texture":"#0"},"south":{"uv":[8.5,5.5,8.625,5.25],"texture":"#0"},"west":{"uv":[8.5,5.25,8.75,5],"texture":"#0"},"up":{"uv":[8.625,5.75,8.5,5.5],"texture":"#0"},"down":{"uv":[8.625,5.75,8.5,5.5],"texture":"#0"}}},{"from":[6,-1,3],"to":[6.5,0,4],"rotation":{"angle":0,"axis":"y","origin":[6,-2,6]},"faces":{"north":{"uv":[8.5,5.5,8.625,5.25],"texture":"#0"},"east":{"uv":[8.5,5,8.75,5.25],"texture":"#0"},"south":{"uv":[8.5,5.5,8.625,5.25],"texture":"#0"},"west":{"uv":[8.5,5.25,8.75,5],"texture":"#0"},"up":{"uv":[8.625,5.75,8.5,5.5],"texture":"#0"},"down":{"uv":[8.625,5.75,8.5,5.5],"texture":"#0"}}},{"from":[8.5,-1,3],"to":[9,0,4],"rotation":{"angle":0,"axis":"y","origin":[10,-2,6]},"faces":{"north":{"uv":[8.625,5.5,8.5,5.25],"texture":"#0"},"east":{"uv":[8.75,5.25,8.5,5],"texture":"#0"},"south":{"uv":[8.625,5.5,8.5,5.25],"texture":"#0"},"west":{"uv":[8.75,5,8.5,5.25],"texture":"#0"},"up":{"uv":[8.5,5.75,8.625,5.5],"texture":"#0"},"down":{"uv":[8.5,5.75,8.625,5.5],"texture":"#0"}}},{"from":[6,-1,10],"to":[6.5,0,11],"rotation":{"angle":0,"axis":"y","origin":[6,-2,10]},"faces":{"north":{"uv":[8.625,5.5,8.5,5.25],"texture":"#0"},"east":{"uv":[8.75,5,8.5,5.25],"texture":"#0"},"south":{"uv":[8.625,5.5,8.5,5.25],"texture":"#0"},"west":{"uv":[8.75,5.25,8.5,5],"texture":"#0"},"up":{"uv":[8.625,5.5,8.5,5.75],"texture":"#0"},"down":{"uv":[8.625,5.5,8.5,5.75],"texture":"#0"}}},{"from":[7,-1,11.5],"to":[8,0,12],"rotation":{"angle":0,"axis":"y","origin":[10,-2,6]},"faces":{"north":{"uv":[8.75,5,8.5,5.25],"texture":"#0"},"east":{"uv":[8.625,5.5,8.5,5.25],"texture":"#0"},"south":{"uv":[8.75,5.25,8.5,5],"texture":"#0"},"west":{"uv":[8.625,5.5,8.5,5.25],"texture":"#0"},"up":{"uv":[8.5,5.75,8.625,5.5],"rotation":90,"texture":"#0"},"down":{"uv":[8.5,5.75,8.625,5.5],"rotation":270,"texture":"#0"}}},{"from":[8.5,-1,10],"to":[9,0,11],"rotation":{"angle":0,"axis":"y","origin":[10,-2,10]},"faces":{"north":{"uv":[8.5,5.5,8.625,5.25],"texture":"#0"},"east":{"uv":[8.5,5.25,8.75,5],"texture":"#0"},"south":{"uv":[8.5,5.5,8.625,5.25],"texture":"#0"},"west":{"uv":[8.5,5,8.75,5.25],"texture":"#0"},"up":{"uv":[8.5,5.5,8.625,5.75],"texture":"#0"},"down":{"uv":[8.5,5.5,8.625,5.75],"texture":"#0"}}},{"from":[8.5,-13,6.5],"to":[9,-12,7.5],"rotation":{"angle":0,"axis":"y","origin":[10,-2,6]},"faces":{"north":{"uv":[8.625,5.5,8.5,5.25],"texture":"#0"},"east":{"uv":[8.75,5.25,8.5,5],"texture":"#0"},"south":{"uv":[8.625,5.5,8.5,5.25],"texture":"#0"},"west":{"uv":[8.75,5,8.5,5.25],"texture":"#0"},"up":{"uv":[8.5,5.75,8.625,5.5],"texture":"#0"},"down":{"uv":[8.5,5.75,8.625,5.5],"texture":"#0"}}},{"from":[7,-1.5,5],"to":[8,-0.5,5.5],"rotation":{"angle":0,"axis":"y","origin":[10,-2,10]},"faces":{"north":{"uv":[8.5,5,8.75,5.25],"texture":"#0"},"east":{"uv":[8.5,5.25,8.625,5.5],"texture":"#0"},"south":{"uv":[8.5,5,8.75,5.25],"texture":"#0"},"west":{"uv":[8.5,5.25,8.625,5.5],"texture":"#0"},"up":{"uv":[8.625,5.75,8.5,5.5],"rotation":90,"texture":"#0"},"down":{"uv":[8.625,5.75,8.5,5.5],"rotation":270,"texture":"#0"}}},{"from":[5.4,-1.5,4],"to":[5.4,8.5,10],"faces":{"east":{"uv":[6,0,0,10],"texture":"#2"},"west":{"uv":[0,0,6,10],"texture":"#2"}}},{"from":[7.4,14.5,4],"to":[7.4,24.5,10],"faces":{"east":{"uv":[0,0,6,10],"texture":"#2"},"west":{"uv":[6,0,0,10],"texture":"#2"}}},{"from":[7.6,14.5,4],"to":[7.6,24.5,10],"rotation":{"angle":0,"axis":"y","origin":[16,0,0]},"faces":{"east":{"uv":[0,0,6,10],"texture":"#2"},"west":{"uv":[6,0,0,10],"texture":"#2"}}},{"from":[9.6,-1.5,4],"to":[9.6,8.5,10],"rotation":{"angle":0,"axis":"y","origin":[16,0,0]},"faces":{"east":{"uv":[6,0,0,10],"texture":"#2"},"west":{"uv":[0,0,6,10],"texture":"#2"}}},{"from":[6.3,1.5,4.5],"to":[6.3,5.5,8.5],"rotation":{"angle":0,"axis":"y","origin":[6.3,3.5,6.5]},"faces":{"east":{"uv":[0,0,8,8],"texture":"#3"},"west":{"uv":[0,0,8,8],"texture":"#3"}}},{"from":[6.3,1.5,4.5],"to":[6.3,5.5,8.5],"rotation":{"angle":22.5,"axis":"x","origin":[6.3,3.5,6.5]},"faces":{"east":{"uv":[8,0,16,8],"texture":"#3"},"west":{"uv":[8,0,16,8],"texture":"#3"}}},{"from":[6.3,1.5,4.5],"to":[6.3,5.5,8.5],"rotation":{"angle":45,"axis":"x","origin":[6.3,3.5,6.5]},"faces":{"east":{"uv":[8,8,16,16],"texture":"#3"},"west":{"uv":[8,8,16,16],"texture":"#3"}}},{"from":[6.3,1.5,4.5],"to":[6.3,5.5,8.5],"rotation":{"angle":-22.5,"axis":"x","origin":[6.3,3.5,6.5]},"faces":{"east":{"uv":[0,8,8,16],"rotation":90,"texture":"#3"},"west":{"uv":[0,8,8,16],"rotation":90,"texture":"#3"}}},{"from":[8.7,2.5,6.5],"to":[8.7,6.5,10.5],"rotation":{"angle":0,"axis":"y","origin":[8.7,4.5,8.5]},"faces":{"east":{"uv":[8,0,0,8],"texture":"#3"},"west":{"uv":[8,0,0,8],"texture":"#3"}}},{"from":[8.7,2.5,6.5],"to":[8.7,6.5,10.5],"rotation":{"angle":22.5,"axis":"x","origin":[8.7,4.5,8.5]},"faces":{"east":{"uv":[16,0,8,8],"texture":"#3"},"west":{"uv":[16,0,8,8],"texture":"#3"}}},{"from":[8.7,2.5,6.5],"to":[8.7,6.5,10.5],"rotation":{"angle":45,"axis":"x","origin":[8.7,4.5,8.5]},"faces":{"east":{"uv":[16,8,8,16],"texture":"#3"},"west":{"uv":[16,8,8,16],"texture":"#3"}}},{"from":[8.7,2.5,6.5],"to":[8.7,6.5,10.5],"rotation":{"angle":-22.5,"axis":"x","origin":[8.7,4.5,8.5]},"faces":{"east":{"uv":[0,16,8,8],"rotation":90,"texture":"#3"},"west":{"uv":[0,16,8,8],"rotation":90,"texture":"#3"}}},{"from":[7,-1.5,4],"to":[8,5,10],"rotation":{"angle":0,"axis":"y","origin":[0,-2,0]},"faces":{"north":{"uv":[1.75,1.5,2,3.125],"texture":"#0"},"east":{"uv":[3.5,1,2,2.625],"texture":"#0"},"south":{"uv":[1.75,1.5,2,3.125],"texture":"#0"},"west":{"uv":[2,1,3.5,2.625],"texture":"#0"},"up":{"uv":[1.75,0,2,1.5],"texture":"#0"},"down":{"uv":[1.75,0,2,1.5],"texture":"#0"}}},{"from":[6.5,0.5,3.5],"to":[8.5,2.5,10.5],"rotation":{"angle":0,"axis":"y","origin":[0,-2,0]},"faces":{"north":{"uv":[3,0.5,3.5,1],"texture":"#0"},"east":{"uv":[2.25,0,4,0.5],"texture":"#0"},"south":{"uv":[3,0.5,3.5,1],"texture":"#0"},"west":{"uv":[2.25,0,4,0.5],"texture":"#0"},"up":{"uv":[3.5,0.5,4,2.25],"texture":"#0"},"down":{"uv":[3.5,0.5,4,2.25],"texture":"#0"}}},{"from":[7.5,5,4],"to":[7.5,19,10],"faces":{"north":{"uv":[0,0,0,3],"texture":"#missing"},"east":{"uv":[1.5,12.5,0,16],"texture":"#0"},"south":{"uv":[0,0,0,3],"texture":"#missing"},"west":{"uv":[0,12.5,1.5,16],"texture":"#0"},"up":{"uv":[0,0,0,1.5],"texture":"#missing"},"down":{"uv":[0,0,0,1.5],"texture":"#missing"}}}],"gui_light":"front","display":{"thirdperson_righthand":{"translation":[0.5,8,1.5],"scale":[0.67,0.67,0.67]},"thirdperson_lefthand":{"translation":[-0.25,8,1.5],"scale":[0.67,0.67,0.67]},"firstperson_righthand":{"rotation":[-10,4,0],"translation":[0.25,5.75,2.25],"scale":[0.5,0.5,0.5]},"firstperson_lefthand":{"rotation":[-10,4,0],"translation":[0.25,5.75,2.25],"scale":[0.5,0.5,0.5]},"ground":{"rotation":[45,0,0],"translation":[0,5.5,1.75],"scale":[0.5,0.5,0.5]},"gui":{"rotation":[-90,-45,-90],"translation":[1.75,2,0],"scale":[0.49,0.49,0.49]},"head":{"scale":[0,0,0]},"fixed":{"rotation":[-90,-90,-90],"translation":[-2,5.75,-0.25],"scale":[1.5,1.5,1.5]}}}