{"credit":"Made with Blockbench","texture_size":[64,64],"textures":{"0":"elitecreatures:steampunk_ice_animated_weapon_set_v1/steamice_texture_01","2":"elitecreatures:steampunk_ice_animated_weapon_set_v1/steamice_animation_01texture","3":"elitecreatures:steampunk_ice_animated_weapon_set_v1/steamice_animation_02texture","particle":"elitecreatures:steampunk_ice_animated_weapon_set_v1/steamice_texture_01"},"elements":[{"from":[7,10.5,6.7],"to":[8,11.5,7.2],"rotation":{"angle":0,"axis":"y","origin":[10,19,3]},"faces":{"north":{"uv":[8.75,5.25,8.5,5],"texture":"#0"},"east":{"uv":[8.625,5.25,8.5,5.5],"texture":"#0"},"south":{"uv":[8.75,5,8.5,5.25],"texture":"#0"},"west":{"uv":[8.625,5.25,8.5,5.5],"texture":"#0"},"up":{"uv":[8.625,5.75,8.5,5.5],"rotation":270,"texture":"#0"},"down":{"uv":[8.625,5.75,8.5,5.5],"rotation":90,"texture":"#0"}}},{"from":[7,5.5,6.7],"to":[8,6.5,7.2],"rotation":{"angle":0,"axis":"y","origin":[10,-2,3]},"faces":{"north":{"uv":[8.75,5,8.5,5.25],"texture":"#0"},"east":{"uv":[8.625,5.5,8.5,5.25],"texture":"#0"},"south":{"uv":[8.75,5.25,8.5,5],"texture":"#0"},"west":{"uv":[8.625,5.5,8.5,5.25],"texture":"#0"},"up":{"uv":[8.5,5.75,8.625,5.5],"rotation":90,"texture":"#0"},"down":{"uv":[8.5,5.75,8.625,5.5],"rotation":270,"texture":"#0"}}},{"from":[6.5,-14.5,3.5],"to":[8.5,-12.5,6.5],"rotation":{"angle":-45,"axis":"x","origin":[7,0,4]},"faces":{"north":{"uv":[7.25,8.25,7.75,8.75],"texture":"#0"},"east":{"uv":[9,3.75,8.25,4.25],"texture":"#0"},"south":{"uv":[7.25,8.25,7.75,8.75],"texture":"#0"},"west":{"uv":[8.25,3.75,9,4.25],"texture":"#0"},"up":{"uv":[4.5,9,4,8.25],"texture":"#0"},"down":{"uv":[5,8.25,4.5,9],"texture":"#0"}}},{"from":[7,-13,4],"to":[8,-12,6],"rotation":{"angle":-45,"axis":"x","origin":[7,0,4]},"faces":{"north":{"uv":[7.25,1.75,7.5,2],"texture":"#0"},"east":{"uv":[9,1,8.5,1.25],"texture":"#0"},"south":{"uv":[7.25,1.75,7.5,2],"texture":"#0"},"west":{"uv":[8.5,1,9,1.25],"texture":"#0"},"up":{"uv":[8,8.25,7.75,8.75],"texture":"#0"},"down":{"uv":[8,8.25,7.75,8.75],"texture":"#0"}}},{"from":[6,6,3.5],"to":[9,8,9.5],"rotation":{"angle":-45,"axis":"x","origin":[0,2,13]},"faces":{"north":{"uv":[9,7.25,8.25,6.75],"texture":"#0"},"east":{"uv":[7.25,5,5.75,5.5],"texture":"#0"},"south":{"uv":[9,6.75,8.25,7.25],"texture":"#0"},"west":{"uv":[7.25,5.5,5.75,5],"texture":"#0"},"up":{"uv":[8,6.75,7.25,8.25],"texture":"#0"},"down":{"uv":[8,6.75,7.25,8.25],"texture":"#0"}}},{"from":[5,0,2.5],"to":[6,3,5.5],"rotation":{"angle":45,"axis":"x","origin":[4,1.5,4]},"faces":{"north":{"uv":[5.25,8.25,5.5,9],"texture":"#0"},"east":{"uv":[8.25,2.25,9,3],"texture":"#0"},"south":{"uv":[5.25,8.25,5.5,9],"texture":"#0"},"west":{"uv":[8.25,2.25,9,3],"texture":"#0"},"up":{"uv":[5.25,8.25,5.5,9],"texture":"#0"},"down":{"uv":[5.25,8.25,5.5,9],"texture":"#0"}}},{"from":[6,-14,4.5],"to":[6.5,-13,5.5],"rotation":{"angle":-45,"axis":"x","origin":[7,0,4]},"faces":{"north":{"uv":[8.5,5.5,8.625,5.25],"texture":"#0"},"east":{"uv":[8.5,5,8.75,5.25],"texture":"#0"},"south":{"uv":[8.5,5.5,8.625,5.25],"texture":"#0"},"west":{"uv":[8.5,5.25,8.75,5],"texture":"#0"},"up":{"uv":[8.625,5.75,8.5,5.5],"texture":"#0"},"down":{"uv":[8.625,5.75,8.5,5.5],"texture":"#0"}}},{"from":[8.5,-14,4.5],"to":[9,-13,5.5],"rotation":{"angle":-45,"axis":"x","origin":[7,0,4]},"faces":{"north":{"uv":[8.625,5.5,8.5,5.25],"texture":"#0"},"east":{"uv":[8.75,5.25,8.5,5],"texture":"#0"},"south":{"uv":[8.625,5.5,8.5,5.25],"texture":"#0"},"west":{"uv":[8.75,5,8.5,5.25],"texture":"#0"},"up":{"uv":[8.5,5.75,8.625,5.5],"texture":"#0"},"down":{"uv":[8.5,5.75,8.625,5.5],"texture":"#0"}}},{"from":[6.5,-12,3.5],"to":[8.5,-1,6.5],"rotation":{"angle":-45,"axis":"x","origin":[7,0,4]},"faces":{"north":{"uv":[6.75,7.25,7.25,10],"texture":"#0"},"east":{"uv":[6.25,7.25,5.5,10],"texture":"#0"},"south":{"uv":[6.75,10,7.25,12.75],"texture":"#0"},"west":{"uv":[5.5,7.25,6.25,10],"texture":"#0"},"up":{"uv":[8.75,3.75,8.25,3],"texture":"#0"},"down":{"uv":[8.75,3,8.25,3.75],"texture":"#0"}}},{"from":[6,-4,3],"to":[9,-3,7],"rotation":{"angle":-45,"axis":"x","origin":[7,0,4]},"faces":{"north":{"uv":[8.25,7.75,9,8],"texture":"#0"},"east":{"uv":[9.25,4.25,8.25,4.5],"texture":"#0"},"south":{"uv":[8.25,7.75,9,8],"texture":"#0"},"west":{"uv":[8.25,4.25,9.25,4.5],"texture":"#0"},"up":{"uv":[8.25,4.5,7.5,3.5],"texture":"#0"},"down":{"uv":[8.25,3.5,7.5,4.5],"texture":"#0"}}},{"from":[6,-11,3],"to":[9,-10,7],"rotation":{"angle":-45,"axis":"x","origin":[7,0,4]},"faces":{"north":{"uv":[8.25,8,9,7.75],"texture":"#0"},"east":{"uv":[8.25,4.5,9.25,4.25],"texture":"#0"},"south":{"uv":[8.25,8,9,7.75],"texture":"#0"},"west":{"uv":[8.25,4.5,9.25,4.25],"texture":"#0"},"up":{"uv":[8.25,4.5,7.5,3.5],"texture":"#0"},"down":{"uv":[8.25,3.5,7.5,4.5],"texture":"#0"}}},{"from":[7,-1.5,2],"to":[8,-0.5,2.5],"rotation":{"angle":0,"axis":"y","origin":[10,-2,7]},"faces":{"north":{"uv":[8.5,5,8.75,5.25],"texture":"#0"},"east":{"uv":[8.5,5.25,8.625,5.5],"texture":"#0"},"south":{"uv":[8.5,5,8.75,5.25],"texture":"#0"},"west":{"uv":[8.5,5.25,8.625,5.5],"texture":"#0"},"up":{"uv":[8.625,5.75,8.5,5.5],"rotation":90,"texture":"#0"},"down":{"uv":[8.625,5.75,8.5,5.5],"rotation":270,"texture":"#0"}}},{"from":[7,-4,4.2],"to":[8,6,6.2],"rotation":{"angle":0,"axis":"y","origin":[0,0,-3]},"faces":{"north":{"uv":[8,6.75,8.25,9.25],"texture":"#0"},"east":{"uv":[6.25,7.25,6.75,9.75],"texture":"#0"},"south":{"uv":[7.25,8.75,7.5,11.25],"texture":"#0"},"west":{"uv":[6.75,7.25,6.25,9.75],"texture":"#0"},"up":{"uv":[12,5.375,12.5,5.625],"rotation":270,"texture":"#0"},"down":{"uv":[12,5.375,12.5,5.625],"rotation":270,"texture":"#0"}}},{"from":[6,8,3.5],"to":[9,10,9.5],"rotation":{"angle":-45,"axis":"x","origin":[16,2,13]},"faces":{"north":{"uv":[8.25,6.75,9,7.25],"texture":"#0"},"east":{"uv":[5.75,5,7.25,5.5],"texture":"#0"},"south":{"uv":[8.25,6.75,9,7.25],"texture":"#0"},"west":{"uv":[7.25,5,5.75,5.5],"texture":"#0"},"up":{"uv":[7.25,6.75,8,8.25],"texture":"#0"},"down":{"uv":[7.25,6.75,8,8.25],"texture":"#0"}}},{"from":[9,0,2.5],"to":[10,3,5.5],"rotation":{"angle":45,"axis":"x","origin":[12,1.5,4]},"faces":{"north":{"uv":[5.5,8.25,5.25,9],"texture":"#0"},"east":{"uv":[9,2.25,8.25,3],"texture":"#0"},"south":{"uv":[5.5,8.25,5.25,9],"texture":"#0"},"west":{"uv":[9,2.25,8.25,3],"texture":"#0"},"up":{"uv":[5.5,8.25,5.25,9],"texture":"#0"},"down":{"uv":[5.5,8.25,5.25,9],"texture":"#0"}}},{"from":[8.5,5.5,4.7],"to":[9,6.5,5.7],"rotation":{"angle":0,"axis":"y","origin":[10,-2,3]},"faces":{"north":{"uv":[8.625,5.5,8.5,5.25],"texture":"#0"},"east":{"uv":[8.75,5.25,8.5,5],"texture":"#0"},"south":{"uv":[8.625,5.5,8.5,5.25],"texture":"#0"},"west":{"uv":[8.75,5,8.5,5.25],"texture":"#0"},"up":{"uv":[8.5,5.75,8.625,5.5],"texture":"#0"},"down":{"uv":[8.5,5.75,8.625,5.5],"texture":"#0"}}},{"from":[7,5.5,3.2],"to":[8,6.5,3.7],"rotation":{"angle":0,"axis":"y","origin":[10,-2,7]},"faces":{"north":{"uv":[8.5,5.25,8.75,5],"texture":"#0"},"east":{"uv":[8.5,5.5,8.625,5.25],"texture":"#0"},"south":{"uv":[8.5,5,8.75,5.25],"texture":"#0"},"west":{"uv":[8.5,5.5,8.625,5.25],"texture":"#0"},"up":{"uv":[8.625,5.75,8.5,5.5],"rotation":90,"texture":"#0"},"down":{"uv":[8.625,5.75,8.5,5.5],"rotation":270,"texture":"#0"}}},{"from":[7,5.5,6.7],"to":[8,6.5,7.2],"rotation":{"angle":0,"axis":"y","origin":[10,-2,3]},"faces":{"north":{"uv":[8.75,5,8.5,5.25],"texture":"#0"},"east":{"uv":[8.625,5.5,8.5,5.25],"texture":"#0"},"south":{"uv":[8.75,5.25,8.5,5],"texture":"#0"},"west":{"uv":[8.625,5.5,8.5,5.25],"texture":"#0"},"up":{"uv":[8.5,5.75,8.625,5.5],"rotation":90,"texture":"#0"},"down":{"uv":[8.5,5.75,8.625,5.5],"rotation":270,"texture":"#0"}}},{"from":[6,5.5,4.7],"to":[6.5,6.5,5.7],"rotation":{"angle":0,"axis":"y","origin":[6,-2,3]},"faces":{"north":{"uv":[8.5,5.5,8.625,5.25],"texture":"#0"},"east":{"uv":[8.5,5,8.75,5.25],"texture":"#0"},"south":{"uv":[8.5,5.5,8.625,5.25],"texture":"#0"},"west":{"uv":[8.5,5.25,8.75,5],"texture":"#0"},"up":{"uv":[8.625,5.75,8.5,5.5],"texture":"#0"},"down":{"uv":[8.625,5.75,8.5,5.5],"texture":"#0"}}},{"from":[6.5,5,3.7],"to":[8.5,7,6.7],"rotation":{"angle":0,"axis":"y","origin":[0,0,-3]},"faces":{"north":{"uv":[7.25,8.25,7.75,8.75],"texture":"#0"},"east":{"uv":[9,3.75,8.25,4.25],"texture":"#0"},"south":{"uv":[7.25,8.25,7.75,8.75],"texture":"#0"},"west":{"uv":[8.25,3.75,9,4.25],"texture":"#0"},"up":{"uv":[4.5,9,4,8.25],"texture":"#0"},"down":{"uv":[5,8.25,4.5,9],"texture":"#0"}}},{"from":[6,10,4.5],"to":[9,11,8.5],"rotation":{"angle":-45,"axis":"x","origin":[16,2,13]},"faces":{"north":{"uv":[8.25,7.75,9,8],"texture":"#0"},"east":{"uv":[8.25,4.25,9.25,4.5],"texture":"#0"},"south":{"uv":[8.25,7.75,9,8],"texture":"#0"},"west":{"uv":[9.25,4.25,8.25,4.5],"texture":"#0"},"up":{"uv":[7.5,3.5,8.25,4.5],"texture":"#0"},"down":{"uv":[7.5,4.5,8.25,3.5],"texture":"#0"}}},{"from":[6,5,4.5],"to":[9,6,8.5],"rotation":{"angle":-45,"axis":"x","origin":[0,2,13]},"faces":{"north":{"uv":[9,7.75,8.25,8],"texture":"#0"},"east":{"uv":[8.25,4.25,9.25,4.5],"texture":"#0"},"south":{"uv":[9,7.75,8.25,8],"texture":"#0"},"west":{"uv":[9.25,4.25,8.25,4.5],"texture":"#0"},"up":{"uv":[8.25,3.5,7.5,4.5],"texture":"#0"},"down":{"uv":[8.25,4.5,7.5,3.5],"texture":"#0"}}},{"from":[6.5,2.8,1.5],"to":[8.5,4.8,3],"rotation":{"angle":0,"axis":"y","origin":[0,0,-3]},"faces":{"north":{"uv":[8.25,7.25,8.75,7.75],"texture":"#0"},"east":{"uv":[8.625,8.25,8.25,8.75],"texture":"#0"},"south":{"uv":[8.25,7.25,8.75,7.75],"texture":"#0"},"west":{"uv":[8.25,8.25,8.625,8.75],"texture":"#0"},"up":{"uv":[9,0.375,8.5,0],"texture":"#0"},"down":{"uv":[9,0.375,8.5,0],"texture":"#0"}}},{"from":[6.5,12.2,1.5],"to":[8.5,14.2,3],"rotation":{"angle":0,"axis":"y","origin":[0,17,-3]},"faces":{"north":{"uv":[8.25,7.75,8.75,7.25],"texture":"#0"},"east":{"uv":[8.625,8.75,8.25,8.25],"texture":"#0"},"south":{"uv":[8.25,7.75,8.75,7.25],"texture":"#0"},"west":{"uv":[8.25,8.75,8.625,8.25],"texture":"#0"},"up":{"uv":[9,0,8.5,0.375],"texture":"#0"},"down":{"uv":[9,0,8.5,0.375],"texture":"#0"}}},{"from":[6,6,4.5],"to":[9,7,8.5],"rotation":{"angle":45,"axis":"x","origin":[16,15,13]},"faces":{"north":{"uv":[8.25,8,9,7.75],"texture":"#0"},"east":{"uv":[8.25,4.5,9.25,4.25],"texture":"#0"},"south":{"uv":[8.25,8,9,7.75],"texture":"#0"},"west":{"uv":[9.25,4.5,8.25,4.25],"texture":"#0"},"up":{"uv":[7.5,3.5,8.25,4.5],"texture":"#0"},"down":{"uv":[7.5,4.5,8.25,3.5],"texture":"#0"}}},{"from":[6.5,10,3.7],"to":[8.5,12,6.7],"rotation":{"angle":0,"axis":"y","origin":[0,17,-3]},"faces":{"north":{"uv":[7.25,8.75,7.75,8.25],"texture":"#0"},"east":{"uv":[9,4.25,8.25,3.75],"texture":"#0"},"south":{"uv":[7.25,8.75,7.75,8.25],"texture":"#0"},"west":{"uv":[8.25,4.25,9,3.75],"texture":"#0"},"up":{"uv":[5,9,4.5,8.25],"texture":"#0"},"down":{"uv":[4.5,8.25,4,9],"texture":"#0"}}},{"from":[6,10.5,4.7],"to":[6.5,11.5,5.7],"rotation":{"angle":0,"axis":"y","origin":[6,19,3]},"faces":{"north":{"uv":[8.5,5.25,8.625,5.5],"texture":"#0"},"east":{"uv":[8.5,5.25,8.75,5],"texture":"#0"},"south":{"uv":[8.5,5.25,8.625,5.5],"texture":"#0"},"west":{"uv":[8.5,5,8.75,5.25],"texture":"#0"},"up":{"uv":[8.625,5.5,8.5,5.75],"texture":"#0"},"down":{"uv":[8.625,5.5,8.5,5.75],"texture":"#0"}}},{"from":[7,10.5,6.7],"to":[8,11.5,7.2],"rotation":{"angle":0,"axis":"y","origin":[10,19,3]},"faces":{"north":{"uv":[8.75,5.25,8.5,5],"texture":"#0"},"east":{"uv":[8.625,5.25,8.5,5.5],"texture":"#0"},"south":{"uv":[8.75,5,8.5,5.25],"texture":"#0"},"west":{"uv":[8.625,5.25,8.5,5.5],"texture":"#0"},"up":{"uv":[8.625,5.75,8.5,5.5],"rotation":270,"texture":"#0"},"down":{"uv":[8.625,5.75,8.5,5.5],"rotation":90,"texture":"#0"}}},{"from":[7,10.5,3.2],"to":[8,11.5,3.7],"rotation":{"angle":0,"axis":"y","origin":[10,19,7]},"faces":{"north":{"uv":[8.5,5,8.75,5.25],"texture":"#0"},"east":{"uv":[8.5,5.25,8.625,5.5],"texture":"#0"},"south":{"uv":[8.5,5.25,8.75,5],"texture":"#0"},"west":{"uv":[8.5,5.25,8.625,5.5],"texture":"#0"},"up":{"uv":[8.5,5.75,8.625,5.5],"rotation":270,"texture":"#0"},"down":{"uv":[8.5,5.75,8.625,5.5],"rotation":90,"texture":"#0"}}},{"from":[8.5,10.5,4.7],"to":[9,11.5,5.7],"rotation":{"angle":0,"axis":"y","origin":[10,19,3]},"faces":{"north":{"uv":[8.625,5.25,8.5,5.5],"texture":"#0"},"east":{"uv":[8.75,5,8.5,5.25],"texture":"#0"},"south":{"uv":[8.625,5.25,8.5,5.5],"texture":"#0"},"west":{"uv":[8.75,5.25,8.5,5],"texture":"#0"},"up":{"uv":[8.5,5.5,8.625,5.75],"texture":"#0"},"down":{"uv":[8.5,5.5,8.625,5.75],"texture":"#0"}}},{"from":[9,14,2.5],"to":[10,17,5.5],"rotation":{"angle":-45,"axis":"x","origin":[12,15.5,4]},"faces":{"north":{"uv":[5.5,9,5.25,8.25],"texture":"#0"},"east":{"uv":[9,3,8.25,2.25],"texture":"#0"},"south":{"uv":[5.5,9,5.25,8.25],"texture":"#0"},"west":{"uv":[9,3,8.25,2.25],"texture":"#0"},"up":{"uv":[5.5,9,5.25,8.25],"texture":"#0"},"down":{"uv":[5.5,9,5.25,8.25],"texture":"#0"}}},{"from":[6,7,3.5],"to":[9,9,9.5],"rotation":{"angle":45,"axis":"x","origin":[16,15,13]},"faces":{"north":{"uv":[8.25,7.25,9,6.75],"texture":"#0"},"east":{"uv":[5.75,5.5,7.25,5],"texture":"#0"},"south":{"uv":[8.25,7.25,9,6.75],"texture":"#0"},"west":{"uv":[7.25,5.5,5.75,5],"texture":"#0"},"up":{"uv":[7.25,8.25,8,6.75],"texture":"#0"},"down":{"uv":[7.25,8.25,8,6.75],"texture":"#0"}}},{"from":[7,11,4.2],"to":[8,21,6.2],"rotation":{"angle":0,"axis":"y","origin":[0,17,-3]},"faces":{"north":{"uv":[8,9.25,8.25,6.75],"texture":"#0"},"east":{"uv":[6.25,9.75,6.75,7.25],"texture":"#0"},"south":{"uv":[7.25,11.25,7.5,8.75],"texture":"#0"},"west":{"uv":[6.75,9.75,6.25,7.25],"texture":"#0"},"up":{"uv":[12.5,5.375,12,5.625],"rotation":270,"texture":"#0"},"down":{"uv":[12,5.375,12.5,5.625],"rotation":270,"texture":"#0"}}},{"from":[7,17.5,2],"to":[8,18.5,2.5],"rotation":{"angle":0,"axis":"y","origin":[10,19,7]},"faces":{"north":{"uv":[8.5,5.25,8.75,5],"texture":"#0"},"east":{"uv":[8.5,5.5,8.625,5.25],"texture":"#0"},"south":{"uv":[8.5,5.25,8.75,5],"texture":"#0"},"west":{"uv":[8.5,5.5,8.625,5.25],"texture":"#0"},"up":{"uv":[8.5,5.75,8.625,5.5],"rotation":270,"texture":"#0"},"down":{"uv":[8.5,5.75,8.625,5.5],"rotation":90,"texture":"#0"}}},{"from":[6,27,3],"to":[9,28,7],"rotation":{"angle":45,"axis":"x","origin":[7,17,4]},"faces":{"north":{"uv":[8.25,7.75,9,8],"texture":"#0"},"east":{"uv":[8.25,4.25,9.25,4.5],"texture":"#0"},"south":{"uv":[8.25,7.75,9,8],"texture":"#0"},"west":{"uv":[8.25,4.25,9.25,4.5],"texture":"#0"},"up":{"uv":[8.25,4.5,7.5,3.5],"texture":"#0"},"down":{"uv":[8.25,3.5,7.5,4.5],"texture":"#0"}}},{"from":[6,20,3],"to":[9,21,7],"rotation":{"angle":45,"axis":"x","origin":[7,17,4]},"faces":{"north":{"uv":[8.25,8,9,7.75],"texture":"#0"},"east":{"uv":[9.25,4.5,8.25,4.25],"texture":"#0"},"south":{"uv":[8.25,8,9,7.75],"texture":"#0"},"west":{"uv":[8.25,4.5,9.25,4.25],"texture":"#0"},"up":{"uv":[8.25,4.5,7.5,3.5],"texture":"#0"},"down":{"uv":[8.25,3.5,7.5,4.5],"texture":"#0"}}},{"from":[6.5,18,3.5],"to":[8.5,29,6.5],"rotation":{"angle":45,"axis":"x","origin":[7,17,4]},"faces":{"north":{"uv":[6.75,10,7.25,7.25],"texture":"#0"},"east":{"uv":[6.25,10,5.5,7.25],"texture":"#0"},"south":{"uv":[6.75,12.75,7.25,10],"texture":"#0"},"west":{"uv":[5.5,10,6.25,7.25],"texture":"#0"},"up":{"uv":[8.75,3.75,8.25,3],"texture":"#0"},"down":{"uv":[8.75,3,8.25,3.75],"texture":"#0"}}},{"from":[8.5,30,4.5],"to":[9,31,5.5],"rotation":{"angle":45,"axis":"x","origin":[7,17,4]},"faces":{"north":{"uv":[8.625,5.25,8.5,5.5],"texture":"#0"},"east":{"uv":[8.75,5,8.5,5.25],"texture":"#0"},"south":{"uv":[8.625,5.25,8.5,5.5],"texture":"#0"},"west":{"uv":[8.75,5.25,8.5,5],"texture":"#0"},"up":{"uv":[8.5,5.5,8.625,5.75],"texture":"#0"},"down":{"uv":[8.5,5.5,8.625,5.75],"texture":"#0"}}},{"from":[6,30,4.5],"to":[6.5,31,5.5],"rotation":{"angle":45,"axis":"x","origin":[7,17,4]},"faces":{"north":{"uv":[8.5,5.25,8.625,5.5],"texture":"#0"},"east":{"uv":[8.5,5.25,8.75,5],"texture":"#0"},"south":{"uv":[8.5,5.25,8.625,5.5],"texture":"#0"},"west":{"uv":[8.5,5,8.75,5.25],"texture":"#0"},"up":{"uv":[8.625,5.5,8.5,5.75],"texture":"#0"},"down":{"uv":[8.625,5.5,8.5,5.75],"texture":"#0"}}},{"from":[5,14,2.5],"to":[6,17,5.5],"rotation":{"angle":-45,"axis":"x","origin":[4,15.5,4]},"faces":{"north":{"uv":[5.25,9,5.5,8.25],"texture":"#0"},"east":{"uv":[8.25,3,9,2.25],"texture":"#0"},"south":{"uv":[5.25,9,5.5,8.25],"texture":"#0"},"west":{"uv":[8.25,3,9,2.25],"texture":"#0"},"up":{"uv":[5.25,9,5.5,8.25],"texture":"#0"},"down":{"uv":[5.25,9,5.5,8.25],"texture":"#0"}}},{"from":[6,9,3.5],"to":[9,11,9.5],"rotation":{"angle":45,"axis":"x","origin":[0,15,13]},"faces":{"north":{"uv":[9,6.75,8.25,7.25],"texture":"#0"},"east":{"uv":[7.25,5.5,5.75,5],"texture":"#0"},"south":{"uv":[9,7.25,8.25,6.75],"texture":"#0"},"west":{"uv":[7.25,5,5.75,5.5],"texture":"#0"},"up":{"uv":[8,8.25,7.25,6.75],"texture":"#0"},"down":{"uv":[8,8.25,7.25,6.75],"texture":"#0"}}},{"from":[7,29,4],"to":[8,30,6],"rotation":{"angle":45,"axis":"x","origin":[7,17,4]},"faces":{"north":{"uv":[7.25,2,7.5,1.75],"texture":"#0"},"east":{"uv":[9,1.25,8.5,1],"texture":"#0"},"south":{"uv":[7.25,2,7.5,1.75],"texture":"#0"},"west":{"uv":[8.5,1.25,9,1],"texture":"#0"},"up":{"uv":[8,8.75,7.75,8.25],"texture":"#0"},"down":{"uv":[8,8.75,7.75,8.25],"texture":"#0"}}},{"from":[6.5,29.5,3.5],"to":[8.5,31.5,6.5],"rotation":{"angle":45,"axis":"x","origin":[7,17,4]},"faces":{"north":{"uv":[7.25,8.75,7.75,8.25],"texture":"#0"},"east":{"uv":[9,4.25,8.25,3.75],"texture":"#0"},"south":{"uv":[7.25,8.75,7.75,8.25],"texture":"#0"},"west":{"uv":[8.25,4.25,9,3.75],"texture":"#0"},"up":{"uv":[5,9,4.5,8.25],"texture":"#0"},"down":{"uv":[4.5,8.25,4,9],"texture":"#0"}}},{"from":[7.1,-1,4.7],"to":[7.9,18.5,5.7],"rotation":{"angle":0,"axis":"y","origin":[0,0,-3]},"faces":{"north":{"uv":[10.5,3.625,10.7,8.5],"texture":"#0"},"east":{"uv":[10.5,3.625,10.75,8.5],"texture":"#0"},"south":{"uv":[10.5,3.625,10.7,8.5],"texture":"#0"},"west":{"uv":[10.5,3.625,10.75,8.5],"texture":"#0"},"up":{"uv":[10.5,8.5,10.75,8.75],"texture":"#0"},"down":{"uv":[10.5,8.5,10.75,8.75],"texture":"#0"}}},{"from":[7.5,-0.5,8],"to":[7.5,6.5,11],"rotation":{"angle":-22.5,"axis":"x","origin":[0,0,13]},"faces":{"north":{"uv":[0,0,0,1.75],"texture":"#missing"},"east":{"uv":[11.5,5.375,10.75,7.125],"texture":"#0"},"south":{"uv":[0,0,0,1.75],"texture":"#missing"},"west":{"uv":[10.75,5.375,11.5,7.125],"texture":"#0"},"up":{"uv":[0,1,0,0],"texture":"#missing"},"down":{"uv":[0,1,0,0],"texture":"#missing"}}},{"from":[7.5,10.5,7.5],"to":[7.5,17.5,10.5],"rotation":{"angle":22.5,"axis":"x","origin":[0,16,13]},"faces":{"north":{"uv":[0,1.75,0,0],"texture":"#missing"},"east":{"uv":[11.5,7.125,10.75,5.375],"texture":"#0"},"south":{"uv":[0,1.75,0,0],"texture":"#missing"},"west":{"uv":[10.75,7.125,11.5,5.375],"texture":"#0"},"up":{"uv":[0,0,0,1],"texture":"#missing"},"down":{"uv":[0,0,0,1],"texture":"#missing"}}},{"from":[7.5,15.8,11],"to":[7.5,16.3,15],"rotation":{"angle":-22.5,"axis":"x","origin":[-0.5,2,-4]},"faces":{"north":{"uv":[0,0,0,0.125],"rotation":180,"texture":"#missing"},"east":{"uv":[12.25,0.125,12.375,1.125],"rotation":270,"texture":"#0"},"south":{"uv":[0,0,0,0.125],"texture":"#missing"},"west":{"uv":[12.25,0.125,12.375,1.125],"rotation":90,"texture":"#0"},"up":{"uv":[0,0,0,5],"rotation":180,"texture":"#missing"},"down":{"uv":[0,0,0,5],"texture":"#missing"}}},{"from":[7.5,15.8,15],"to":[7.5,16.3,19],"rotation":{"angle":-22.5,"axis":"x","origin":[-0.5,2,-4]},"faces":{"north":{"uv":[0,0,0,0.125],"rotation":180,"texture":"#missing"},"east":{"uv":[12.25,0.125,12.375,1.125],"rotation":270,"texture":"#0"},"south":{"uv":[0,0,0,0.125],"texture":"#missing"},"west":{"uv":[12.25,0.125,12.375,1.125],"rotation":90,"texture":"#0"},"up":{"uv":[0,0,0,5],"rotation":180,"texture":"#missing"},"down":{"uv":[0,0,0,5],"texture":"#missing"}}},{"from":[7.5,0.7,11],"to":[7.5,1.2,15],"rotation":{"angle":22.5,"axis":"x","origin":[-0.5,14,-4]},"faces":{"north":{"uv":[0,0.125,0,0],"rotation":180,"texture":"#missing"},"east":{"uv":[12.375,0.125,12.25,1.125],"rotation":270,"texture":"#0"},"south":{"uv":[0,0.125,0,0],"texture":"#missing"},"west":{"uv":[12.375,0.125,12.25,1.125],"rotation":90,"texture":"#0"},"up":{"uv":[0,5,0,0],"texture":"#missing"},"down":{"uv":[0,5,0,0],"rotation":180,"texture":"#missing"}}},{"from":[7.5,0.7,15],"to":[7.5,1.2,19],"rotation":{"angle":22.5,"axis":"x","origin":[-0.5,14,-4]},"faces":{"north":{"uv":[0,0.125,0,0],"rotation":180,"texture":"#missing"},"east":{"uv":[12.375,0.125,12.25,1.125],"rotation":270,"texture":"#0"},"south":{"uv":[0,0.125,0,0],"texture":"#missing"},"west":{"uv":[12.375,0.125,12.25,1.125],"rotation":90,"texture":"#0"},"up":{"uv":[0,5,0,0],"texture":"#missing"},"down":{"uv":[0,5,0,0],"rotation":180,"texture":"#missing"}}},{"from":[6.6,11,-1],"to":[8.4,13,2],"rotation":{"angle":22.5,"axis":"x","origin":[0,13,11]},"faces":{"north":{"uv":[3.825,3.125,3.375,3.625],"texture":"#0"},"east":{"uv":[4,2.625,3.25,3.125],"texture":"#0"},"south":{"uv":[3.825,3.125,3.375,3.625],"texture":"#0"},"west":{"uv":[4,2.625,3.25,3.125],"texture":"#0"},"up":{"uv":[3.825,3.625,3.375,4.375],"texture":"#0"},"down":{"uv":[3.825,4.375,3.375,3.625],"texture":"#0"}}},{"from":[6.6,4,-1],"to":[8.4,6,2],"rotation":{"angle":-22.5,"axis":"x","origin":[0,3,11]},"faces":{"north":{"uv":[3.825,3.625,3.375,3.125],"texture":"#0"},"east":{"uv":[4,3.125,3.25,2.625],"texture":"#0"},"south":{"uv":[3.825,3.625,3.375,3.125],"texture":"#0"},"west":{"uv":[4,3.125,3.25,2.625],"texture":"#0"},"up":{"uv":[3.825,3.625,3.375,4.375],"texture":"#0"},"down":{"uv":[3.825,4.375,3.375,3.625],"texture":"#0"}}},{"from":[4.9,0.5,1],"to":[4.9,10.5,7],"rotation":{"angle":0,"axis":"y","origin":[0,0,-3]},"faces":{"east":{"uv":[6,0,0,10],"texture":"#2"},"west":{"uv":[0,0,6,10],"texture":"#2"}}},{"from":[4.9,14.5,1],"to":[4.9,24.5,7],"rotation":{"angle":0,"axis":"y","origin":[0,0,-3]},"faces":{"east":{"uv":[6,0,0,10],"texture":"#2"},"west":{"uv":[0,0,6,10],"texture":"#2"}}},{"from":[10.1,0.5,1],"to":[10.1,10.5,7],"rotation":{"angle":0,"axis":"y","origin":[16,0,-3]},"faces":{"east":{"uv":[6,0,0,10],"texture":"#2"},"west":{"uv":[0,0,6,10],"texture":"#2"}}},{"from":[10.1,14.5,1],"to":[10.1,24.5,7],"rotation":{"angle":0,"axis":"y","origin":[16,0,-3]},"faces":{"east":{"uv":[6,0,0,10],"texture":"#2"},"west":{"uv":[0,0,6,10],"texture":"#2"}}},{"from":[6.4,-1.5,-1],"to":[6.4,2.5,3],"rotation":{"angle":0,"axis":"y","origin":[6.4,0.5,1]},"faces":{"east":{"uv":[0,0,8,8],"texture":"#3"},"west":{"uv":[0,0,8,8],"texture":"#3"}}},{"from":[6.4,-1.5,-1],"to":[6.4,2.5,3],"rotation":{"angle":22.5,"axis":"x","origin":[6.4,0.5,1]},"faces":{"east":{"uv":[8,0,16,8],"texture":"#3"},"west":{"uv":[8,0,16,8],"texture":"#3"}}},{"from":[6.4,-1.5,-1],"to":[6.4,2.5,3],"rotation":{"angle":45,"axis":"x","origin":[6.4,0.5,1]},"faces":{"east":{"uv":[8,8,16,16],"texture":"#3"},"west":{"uv":[8,8,16,16],"texture":"#3"}}},{"from":[6.4,-1.5,-1],"to":[6.4,2.5,3],"rotation":{"angle":-22.5,"axis":"x","origin":[6.4,0.5,1]},"faces":{"east":{"uv":[0,8,8,16],"rotation":90,"texture":"#3"},"west":{"uv":[0,8,8,16],"rotation":90,"texture":"#3"}}},{"from":[6.4,14.5,-1],"to":[6.4,18.5,3],"rotation":{"angle":0,"axis":"y","origin":[6.4,16.5,1]},"faces":{"east":{"uv":[0,8,8,0],"texture":"#3"},"west":{"uv":[0,8,8,0],"texture":"#3"}}},{"from":[6.4,14.5,-1],"to":[6.4,18.5,3],"rotation":{"angle":-22.5,"axis":"x","origin":[6.4,16.5,1]},"faces":{"east":{"uv":[8,8,16,0],"texture":"#3"},"west":{"uv":[8,8,16,0],"texture":"#3"}}},{"from":[6.4,14.5,-1],"to":[6.4,18.5,3],"rotation":{"angle":-45,"axis":"x","origin":[6.4,16.5,1]},"faces":{"east":{"uv":[8,16,16,8],"texture":"#3"},"west":{"uv":[8,16,16,8],"texture":"#3"}}},{"from":[6.4,14.5,-1],"to":[6.4,18.5,3],"rotation":{"angle":22.5,"axis":"x","origin":[6.4,16.5,1]},"faces":{"east":{"uv":[8,8,0,16],"rotation":90,"texture":"#3"},"west":{"uv":[8,8,0,16],"rotation":90,"texture":"#3"}}},{"from":[8.6,-1.5,-1],"to":[8.6,2.5,3],"rotation":{"angle":-22.5,"axis":"x","origin":[8.6,0.5,1]},"faces":{"east":{"uv":[0,16,8,8],"rotation":90,"texture":"#3"},"west":{"uv":[0,16,8,8],"rotation":90,"texture":"#3"}}},{"from":[8.6,-1.5,-1],"to":[8.6,2.5,3],"rotation":{"angle":45,"axis":"x","origin":[8.6,0.5,1]},"faces":{"east":{"uv":[16,8,8,16],"texture":"#3"},"west":{"uv":[16,8,8,16],"texture":"#3"}}},{"from":[8.6,-1.5,-1],"to":[8.6,2.5,3],"rotation":{"angle":22.5,"axis":"x","origin":[8.6,0.5,1]},"faces":{"east":{"uv":[16,0,8,8],"texture":"#3"},"west":{"uv":[16,0,8,8],"texture":"#3"}}},{"from":[8.6,-1.5,-1],"to":[8.6,2.5,3],"rotation":{"angle":0,"axis":"y","origin":[8.6,0.5,1]},"faces":{"east":{"uv":[8,0,0,8],"texture":"#3"},"west":{"uv":[8,0,0,8],"texture":"#3"}}},{"from":[8.6,14.5,-1],"to":[8.6,18.5,3],"rotation":{"angle":22.5,"axis":"x","origin":[8.6,16.5,1]},"faces":{"east":{"uv":[8,16,0,8],"rotation":90,"texture":"#3"},"west":{"uv":[8,16,0,8],"rotation":90,"texture":"#3"}}},{"from":[8.6,14.5,-1],"to":[8.6,18.5,3],"rotation":{"angle":-45,"axis":"x","origin":[8.6,16.5,1]},"faces":{"east":{"uv":[16,16,8,8],"texture":"#3"},"west":{"uv":[16,16,8,8],"texture":"#3"}}},{"from":[8.6,14.5,-1],"to":[8.6,18.5,3],"rotation":{"angle":-22.5,"axis":"x","origin":[8.6,16.5,1]},"faces":{"east":{"uv":[16,8,8,0],"texture":"#3"},"west":{"uv":[16,8,8,0],"texture":"#3"}}},{"from":[8.6,14.5,-1],"to":[8.6,18.5,3],"rotation":{"angle":0,"axis":"y","origin":[8.6,16.5,1]},"faces":{"east":{"uv":[8,8,0,0],"texture":"#3"},"west":{"uv":[8,8,0,0],"texture":"#3"}}},{"from":[6,11,4.5],"to":[9,12,8.5],"rotation":{"angle":45,"axis":"x","origin":[0,15,13]},"faces":{"north":{"uv":[9,8,8.25,7.75],"texture":"#0"},"east":{"uv":[8.25,4.5,9.25,4.25],"texture":"#0"},"south":{"uv":[9,8,8.25,7.75],"texture":"#0"},"west":{"uv":[9.25,4.5,8.25,4.25],"texture":"#0"},"up":{"uv":[8.25,3.5,7.5,4.5],"texture":"#0"},"down":{"uv":[8.25,4.5,7.5,3.5],"texture":"#0"}}},{"from":[7,30,3],"to":[8,31,3.5],"rotation":{"angle":45,"axis":"x","origin":[7,17,4]},"faces":{"north":{"uv":[8.5,5,8.75,5.25],"texture":"#0"},"east":{"uv":[8.5,5.25,8.625,5.5],"texture":"#0"},"south":{"uv":[8.5,5.25,8.75,5],"texture":"#0"},"west":{"uv":[8.5,5.25,8.625,5.5],"texture":"#0"},"up":{"uv":[8.5,5.75,8.625,5.5],"rotation":270,"texture":"#0"},"down":{"uv":[8.5,5.75,8.625,5.5],"rotation":90,"texture":"#0"}}},{"from":[7,-14,3],"to":[8,-13,3.5],"rotation":{"angle":-45,"axis":"x","origin":[7,0,4]},"faces":{"north":{"uv":[8.5,5.25,8.75,5],"texture":"#0"},"east":{"uv":[8.5,5.5,8.625,5.25],"texture":"#0"},"south":{"uv":[8.5,5,8.75,5.25],"texture":"#0"},"west":{"uv":[8.5,5.5,8.625,5.25],"texture":"#0"},"up":{"uv":[8.625,5.75,8.5,5.5],"rotation":90,"texture":"#0"},"down":{"uv":[8.625,5.75,8.5,5.5],"rotation":270,"texture":"#0"}}},{"from":[7.75,8.5,14.5],"to":[8.25,26.5,15],"rotation":{"angle":0,"axis":"y","origin":[0,30,16]},"faces":{"north":{"uv":[3.875,8.875,4,4.375],"texture":"#0"},"east":{"uv":[3.875,8.875,4,4.375],"texture":"#0"},"south":{"uv":[3.875,8.875,4,4.375],"texture":"#0"},"west":{"uv":[3.875,8.875,4,4.375],"texture":"#0"},"up":{"uv":[3.875,9,4,8.875],"texture":"#0"},"down":{"uv":[3.875,9,4,8.875],"texture":"#0"}}},{"from":[7.75,-9.5,14.5],"to":[8.25,8.5,15],"rotation":{"angle":0,"axis":"y","origin":[0,-14,16]},"faces":{"north":{"uv":[3.875,4.375,4,8.875],"texture":"#0"},"east":{"uv":[3.875,4.375,4,8.875],"texture":"#0"},"south":{"uv":[3.875,4.375,4,8.875],"texture":"#0"},"west":{"uv":[3.875,4.375,4,8.875],"texture":"#0"},"up":{"uv":[3.875,8.875,4,9],"texture":"#0"},"down":{"uv":[3.875,8.875,4,9],"texture":"#0"}}}],"gui_light":"front","display":{"thirdperson_righthand":{"translation":[0.5,-2.25,2.25],"scale":[0.63,0.63,0.63]},"thirdperson_lefthand":{"translation":[-0.25,-2.25,2.25],"scale":[0.63,0.63,0.63]},"firstperson_righthand":{"translation":[0.5,5.25,1.75],"scale":[0.5,0.5,0.5]},"firstperson_lefthand":{"translation":[0.5,5.25,1.75],"scale":[0.5,0.5,0.5]},"ground":{"rotation":[45,0,0],"translation":[0,8.5,0],"scale":[0.38,0.38,0.38]},"gui":{"rotation":[90,41,90],"translation":[-1,1,0],"scale":[0.46,0.46,0.46]},"head":{"scale":[0,0,0]},"fixed":{"rotation":[-90,-90,-90],"translation":[-1.75,0.75,-4],"scale":[1.5,1.5,1.5]}}}