{"credit":"Made with Blockbench","texture_size":[64,64],"textures":{"0":"elitecreatures:steampunk_ice_animated_weapon_set_v1/steamice_texture_01","2":"elitecreatures:steampunk_ice_animated_weapon_set_v1/steamice_animation_01texture","3":"elitecreatures:steampunk_ice_animated_weapon_set_v1/steamice_animation_02texture","particle":"elitecreatures:steampunk_ice_animated_weapon_set_v1/steamice_texture_01"},"elements":[{"from":[6,11,4],"to":[9,13,10],"rotation":{"angle":0,"axis":"y","origin":[0,13,0]},"faces":{"north":{"uv":[8.25,6.75,9,7.25],"texture":"#0"},"east":{"uv":[5.75,5,7.25,5.5],"texture":"#0"},"south":{"uv":[8.25,6.75,9,7.25],"texture":"#0"},"west":{"uv":[5.75,5,7.25,5.5],"texture":"#0"},"up":{"uv":[8,8.25,7.25,6.75],"texture":"#0"},"down":{"uv":[8,8.25,7.25,6.75],"texture":"#0"}}},{"from":[5.5,11,5.5],"to":[6.5,14,8.5],"rotation":{"angle":45,"axis":"x","origin":[4,12.5,7]},"faces":{"north":{"uv":[5.25,8.25,5.5,9],"texture":"#0"},"east":{"uv":[8.25,2.25,9,3],"texture":"#0"},"south":{"uv":[5.25,8.25,5.5,9],"texture":"#0"},"west":{"uv":[8.25,2.25,9,3],"texture":"#0"},"up":{"uv":[5.25,8.25,5.5,9],"texture":"#0"},"down":{"uv":[5.25,8.25,5.5,9],"texture":"#0"}}},{"from":[8.5,11,5.5],"to":[9.5,14,8.5],"rotation":{"angle":45,"axis":"x","origin":[12,12.5,7]},"faces":{"north":{"uv":[5.5,8.25,5.25,9],"texture":"#0"},"east":{"uv":[9,2.25,8.25,3],"texture":"#0"},"south":{"uv":[5.5,8.25,5.25,9],"texture":"#0"},"west":{"uv":[9,2.25,8.25,3],"texture":"#0"},"up":{"uv":[5.5,8.25,5.25,9],"texture":"#0"},"down":{"uv":[5.5,8.25,5.25,9],"texture":"#0"}}},{"from":[6.6,11.5,9],"to":[8.4,13.5,12],"rotation":{"angle":0,"axis":"y","origin":[0,13,0]},"faces":{"north":{"uv":[7.25,8.25,7.75,8.75],"texture":"#0"},"east":{"uv":[9,3.75,8.25,4.25],"texture":"#0"},"south":{"uv":[7.25,8.25,7.7,8.75],"texture":"#0"},"west":{"uv":[8.25,3.75,9,4.25],"texture":"#0"},"up":{"uv":[4.5,9,4,8.25],"texture":"#0"},"down":{"uv":[4.95,8.25,4.5,9],"texture":"#0"}}},{"from":[6,10,5],"to":[9,11,9],"rotation":{"angle":0,"axis":"y","origin":[0,13,0]},"faces":{"north":{"uv":[8.25,7.75,9,8],"texture":"#0"},"east":{"uv":[9.25,4.25,8.25,4.5],"texture":"#0"},"south":{"uv":[8.25,7.75,9,8],"texture":"#0"},"west":{"uv":[8.25,4.25,9.25,4.5],"texture":"#0"},"up":{"uv":[8.25,4.5,7.5,3.5],"texture":"#0"},"down":{"uv":[8.25,3.5,7.5,4.5],"texture":"#0"}}},{"from":[6,6.5,5],"to":[9,7.5,9],"rotation":{"angle":0,"axis":"y","origin":[0,13,0]},"faces":{"north":{"uv":[8.25,7.75,9,8],"texture":"#0"},"east":{"uv":[9.25,4.25,8.25,4.5],"texture":"#0"},"south":{"uv":[8.25,7.75,9,8],"texture":"#0"},"west":{"uv":[8.25,4.25,9.25,4.5],"texture":"#0"},"up":{"uv":[8.25,4.5,7.5,3.5],"texture":"#0"},"down":{"uv":[8.25,3.5,7.5,4.5],"texture":"#0"}}},{"from":[6,13,7],"to":[9,14,11],"rotation":{"angle":0,"axis":"y","origin":[0,13,0]},"faces":{"north":{"uv":[8.25,7.75,9,8],"texture":"#0"},"east":{"uv":[9.25,4.25,8.25,4.5],"texture":"#0"},"south":{"uv":[8.25,7.75,9,8],"texture":"#0"},"west":{"uv":[8.25,4.25,9.25,4.5],"texture":"#0"},"up":{"uv":[8.25,4.5,7.5,3.5],"texture":"#0"},"down":{"uv":[8.25,3.5,7.5,4.5],"texture":"#0"}}},{"from":[6,13,3],"to":[9,14,7],"rotation":{"angle":0,"axis":"y","origin":[0,13,16]},"faces":{"north":{"uv":[9,7.75,8.25,8],"texture":"#0"},"east":{"uv":[8.25,4.25,9.25,4.5],"texture":"#0"},"south":{"uv":[9,7.75,8.25,8],"texture":"#0"},"west":{"uv":[9.25,4.25,8.25,4.5],"texture":"#0"},"up":{"uv":[8.25,3.5,7.5,4.5],"texture":"#0"},"down":{"uv":[8.25,4.5,7.5,3.5],"texture":"#0"}}},{"from":[6.1,12,10],"to":[6.6,13,11],"rotation":{"angle":0,"axis":"y","origin":[6,11,10]},"faces":{"north":{"uv":[8.625,5.5,8.5,5.25],"texture":"#0"},"east":{"uv":[8.75,5,8.5,5.25],"texture":"#0"},"south":{"uv":[8.625,5.5,8.5,5.25],"texture":"#0"},"west":{"uv":[8.75,5.25,8.5,5],"texture":"#0"},"up":{"uv":[8.625,5.5,8.5,5.75],"texture":"#0"},"down":{"uv":[8.625,5.5,8.5,5.75],"texture":"#0"}}},{"from":[7,12,12],"to":[8,13,12.5],"rotation":{"angle":0,"axis":"y","origin":[10,11,6]},"faces":{"north":{"uv":[8.75,5,8.5,5.25],"texture":"#0"},"east":{"uv":[8.625,5.5,8.5,5.25],"texture":"#0"},"south":{"uv":[8.75,5.25,8.5,5],"texture":"#0"},"west":{"uv":[8.625,5.5,8.5,5.25],"texture":"#0"},"up":{"uv":[8.5,5.75,8.625,5.5],"rotation":90,"texture":"#0"},"down":{"uv":[8.5,5.75,8.625,5.5],"rotation":270,"texture":"#0"}}},{"from":[8.4,12,10],"to":[8.9,13,11],"rotation":{"angle":0,"axis":"y","origin":[10,11,10]},"faces":{"north":{"uv":[8.5,5.5,8.625,5.25],"texture":"#0"},"east":{"uv":[8.5,5.25,8.75,5],"texture":"#0"},"south":{"uv":[8.5,5.5,8.625,5.25],"texture":"#0"},"west":{"uv":[8.5,5,8.75,5.25],"texture":"#0"},"up":{"uv":[8.5,5.5,8.625,5.75],"texture":"#0"},"down":{"uv":[8.5,5.5,8.625,5.75],"texture":"#0"}}},{"from":[6.1,12,3],"to":[6.6,13,4],"rotation":{"angle":0,"axis":"y","origin":[6,11,6]},"faces":{"north":{"uv":[8.5,5.5,8.625,5.25],"texture":"#0"},"east":{"uv":[8.5,5,8.75,5.25],"texture":"#0"},"south":{"uv":[8.5,5.5,8.625,5.25],"texture":"#0"},"west":{"uv":[8.5,5.25,8.75,5],"texture":"#0"},"up":{"uv":[8.625,5.75,8.5,5.5],"texture":"#0"},"down":{"uv":[8.625,5.75,8.5,5.5],"texture":"#0"}}},{"from":[6.6,11.5,2],"to":[8.4,13.5,5],"rotation":{"angle":0,"axis":"y","origin":[0,13,16]},"faces":{"north":{"uv":[7.7,8.25,7.25,8.75],"texture":"#0"},"east":{"uv":[8.25,3.75,9,4.25],"texture":"#0"},"south":{"uv":[7.75,8.25,7.25,8.75],"texture":"#0"},"west":{"uv":[9,3.75,8.25,4.25],"texture":"#0"},"up":{"uv":[4.5,8.25,4,9],"texture":"#0"},"down":{"uv":[4.95,9,4.5,8.25],"texture":"#0"}}},{"from":[7,12,1.5],"to":[8,13,2],"rotation":{"angle":0,"axis":"y","origin":[10,11,10]},"faces":{"north":{"uv":[8.5,5.25,8.75,5],"texture":"#0"},"east":{"uv":[8.5,5.5,8.625,5.25],"texture":"#0"},"south":{"uv":[8.5,5,8.75,5.25],"texture":"#0"},"west":{"uv":[8.5,5.5,8.625,5.25],"texture":"#0"},"up":{"uv":[8.625,5.75,8.5,5.5],"rotation":90,"texture":"#0"},"down":{"uv":[8.625,5.75,8.5,5.5],"rotation":270,"texture":"#0"}}},{"from":[8.4,12,3],"to":[8.9,13,4],"rotation":{"angle":0,"axis":"y","origin":[10,11,6]},"faces":{"north":{"uv":[8.625,5.5,8.5,5.25],"texture":"#0"},"east":{"uv":[8.75,5.25,8.5,5],"texture":"#0"},"south":{"uv":[8.625,5.5,8.5,5.25],"texture":"#0"},"west":{"uv":[8.75,5,8.5,5.25],"texture":"#0"},"up":{"uv":[8.5,5.75,8.625,5.5],"texture":"#0"},"down":{"uv":[8.5,5.75,8.625,5.5],"texture":"#0"}}},{"from":[5.4,11.5,4],"to":[5.4,21.5,10],"rotation":{"angle":0,"axis":"y","origin":[0,13,0]},"faces":{"east":{"uv":[6,0,0,10],"texture":"#2"},"west":{"uv":[0,0,6,10],"texture":"#2"}}},{"from":[3.4,21.5,4],"to":[3.4,31.5,10],"rotation":{"angle":0,"axis":"y","origin":[0,13,0]},"faces":{"east":{"uv":[0,0,6,10],"texture":"#2"},"west":{"uv":[6,0,0,10],"texture":"#2"}}},{"from":[11.6,21.5,4],"to":[11.6,31.5,10],"rotation":{"angle":0,"axis":"y","origin":[16,13,0]},"faces":{"east":{"uv":[0,0,6,10],"texture":"#2"},"west":{"uv":[6,0,0,10],"texture":"#2"}}},{"from":[9.6,11.5,4],"to":[9.6,21.5,10],"rotation":{"angle":0,"axis":"y","origin":[16,13,0]},"faces":{"east":{"uv":[6,0,0,10],"texture":"#2"},"west":{"uv":[0,0,6,10],"texture":"#2"}}},{"from":[5.9,10,4],"to":[5.9,14,8],"rotation":{"angle":0,"axis":"y","origin":[5.9,12,6]},"faces":{"east":{"uv":[0,0,8,8],"texture":"#3"},"west":{"uv":[0,0,8,8],"texture":"#3"}}},{"from":[5.9,10,4],"to":[5.9,14,8],"rotation":{"angle":22.5,"axis":"x","origin":[5.9,12,6]},"faces":{"east":{"uv":[8,0,16,8],"texture":"#3"},"west":{"uv":[8,0,16,8],"texture":"#3"}}},{"from":[5.9,10,4],"to":[5.9,14,8],"rotation":{"angle":45,"axis":"x","origin":[5.9,12,6]},"faces":{"east":{"uv":[8,8,16,16],"texture":"#3"},"west":{"uv":[8,8,16,16],"texture":"#3"}}},{"from":[5.9,10,4],"to":[5.9,14,8],"rotation":{"angle":-22.5,"axis":"x","origin":[5.9,12,6]},"faces":{"east":{"uv":[0,8,8,16],"rotation":90,"texture":"#3"},"west":{"uv":[0,8,8,16],"rotation":90,"texture":"#3"}}},{"from":[6,-13,6.5],"to":[6.5,-12,7.5],"rotation":{"angle":0,"axis":"y","origin":[6,-12,6]},"faces":{"north":{"uv":[8.5,5.5,8.625,5.25],"texture":"#0"},"east":{"uv":[8.5,5,8.75,5.25],"texture":"#0"},"south":{"uv":[8.5,5.5,8.625,5.25],"texture":"#0"},"west":{"uv":[8.5,5.25,8.75,5],"texture":"#0"},"up":{"uv":[8.625,5.75,8.5,5.5],"texture":"#0"},"down":{"uv":[8.625,5.75,8.5,5.5],"texture":"#0"}}},{"from":[6.5,-13.5,5.5],"to":[8.5,-11.5,8.5],"rotation":{"angle":0,"axis":"y","origin":[0,-10,0]},"faces":{"north":{"uv":[7.25,8.25,7.75,8.75],"texture":"#0"},"east":{"uv":[9,3.75,8.25,4.25],"texture":"#0"},"south":{"uv":[7.25,8.25,7.75,8.75],"texture":"#0"},"west":{"uv":[8.25,3.75,9,4.25],"texture":"#0"},"up":{"uv":[4.5,9,4,8.25],"texture":"#0"},"down":{"uv":[5,8.25,4.5,9],"texture":"#0"}}},{"from":[7,-13,5],"to":[8,-12,5.5],"rotation":{"angle":0,"axis":"y","origin":[10,-12,10]},"faces":{"north":{"uv":[8.5,5.25,8.75,5],"texture":"#0"},"east":{"uv":[8.5,5.5,8.625,5.25],"texture":"#0"},"south":{"uv":[8.5,5,8.75,5.25],"texture":"#0"},"west":{"uv":[8.5,5.5,8.625,5.25],"texture":"#0"},"up":{"uv":[8.625,5.75,8.5,5.5],"rotation":90,"texture":"#0"},"down":{"uv":[8.625,5.75,8.5,5.5],"rotation":270,"texture":"#0"}}},{"from":[7,-13,8.5],"to":[8,-12,9],"rotation":{"angle":0,"axis":"y","origin":[10,-12,6]},"faces":{"north":{"uv":[8.75,5,8.5,5.25],"texture":"#0"},"east":{"uv":[8.625,5.5,8.5,5.25],"texture":"#0"},"south":{"uv":[8.75,5.25,8.5,5],"texture":"#0"},"west":{"uv":[8.625,5.5,8.5,5.25],"texture":"#0"},"up":{"uv":[8.5,5.75,8.625,5.5],"rotation":90,"texture":"#0"},"down":{"uv":[8.5,5.75,8.625,5.5],"rotation":270,"texture":"#0"}}},{"from":[8.5,-13,6.5],"to":[9,-12,7.5],"rotation":{"angle":0,"axis":"y","origin":[10,-12,6]},"faces":{"north":{"uv":[8.625,5.5,8.5,5.25],"texture":"#0"},"east":{"uv":[8.75,5.25,8.5,5],"texture":"#0"},"south":{"uv":[8.625,5.5,8.5,5.25],"texture":"#0"},"west":{"uv":[8.75,5,8.5,5.25],"texture":"#0"},"up":{"uv":[8.5,5.75,8.625,5.5],"texture":"#0"},"down":{"uv":[8.5,5.75,8.625,5.5],"texture":"#0"}}},{"from":[7,-12,6],"to":[8,-11,8],"rotation":{"angle":0,"axis":"y","origin":[0,-10,0]},"faces":{"north":{"uv":[7.25,1.75,7.5,2],"texture":"#0"},"east":{"uv":[9,1,8.5,1.25],"texture":"#0"},"south":{"uv":[7.25,1.75,7.5,2],"texture":"#0"},"west":{"uv":[8.5,1,9,1.25],"texture":"#0"},"up":{"uv":[8,8.25,7.75,8.75],"texture":"#0"},"down":{"uv":[8,8.25,7.75,8.75],"texture":"#0"}}},{"from":[6.5,-11,5.5],"to":[8.5,0,8.5],"rotation":{"angle":0,"axis":"y","origin":[0,-10,0]},"faces":{"north":{"uv":[6.75,7.25,7.25,10],"texture":"#0"},"east":{"uv":[6.25,7.25,5.5,10],"texture":"#0"},"south":{"uv":[6.75,10,7.25,12.75],"texture":"#0"},"west":{"uv":[5.5,7.25,6.25,10],"texture":"#0"},"up":{"uv":[8.75,3.75,8.25,3],"texture":"#0"},"down":{"uv":[8.75,3,8.25,3.75],"texture":"#0"}}},{"from":[6,-10,5],"to":[9,-9,9],"rotation":{"angle":0,"axis":"y","origin":[0,6,0]},"faces":{"north":{"uv":[8.25,8,9,7.75],"texture":"#0"},"east":{"uv":[8.25,4.5,9.25,4.25],"texture":"#0"},"south":{"uv":[8.25,8,9,7.75],"texture":"#0"},"west":{"uv":[8.25,4.5,9.25,4.25],"texture":"#0"},"up":{"uv":[8.25,4.5,7.5,3.5],"texture":"#0"},"down":{"uv":[8.25,3.5,7.5,4.5],"texture":"#0"}}},{"from":[6,-3,5],"to":[9,-2,9],"rotation":{"angle":0,"axis":"y","origin":[0,-10,0]},"faces":{"north":{"uv":[8.25,7.75,9,8],"texture":"#0"},"east":{"uv":[9.25,4.25,8.25,4.5],"texture":"#0"},"south":{"uv":[8.25,7.75,9,8],"texture":"#0"},"west":{"uv":[8.25,4.25,9.25,4.5],"texture":"#0"},"up":{"uv":[8.25,4.5,7.5,3.5],"texture":"#0"},"down":{"uv":[8.25,3.5,7.5,4.5],"texture":"#0"}}},{"from":[7,-1.5,8.5],"to":[8,-0.5,9],"rotation":{"angle":0,"axis":"y","origin":[10,-12,6]},"faces":{"north":{"uv":[8.75,5,8.5,5.25],"texture":"#0"},"east":{"uv":[8.625,5.25,8.5,5.5],"texture":"#0"},"south":{"uv":[8.75,5,8.5,5.25],"texture":"#0"},"west":{"uv":[8.625,5.25,8.5,5.5],"texture":"#0"},"up":{"uv":[8.5,5.75,8.625,5.5],"rotation":90,"texture":"#0"},"down":{"uv":[8.5,5.75,8.625,5.5],"rotation":270,"texture":"#0"}}},{"from":[6,-1.5,6.5],"to":[6.5,-0.5,7.5],"rotation":{"angle":0,"axis":"y","origin":[6,-12,6]},"faces":{"north":{"uv":[8.5,5.25,8.625,5.5],"texture":"#0"},"east":{"uv":[8.5,5,8.75,5.25],"texture":"#0"},"south":{"uv":[8.5,5.25,8.625,5.5],"texture":"#0"},"west":{"uv":[8.5,5,8.75,5.25],"texture":"#0"},"up":{"uv":[8.625,5.75,8.5,5.5],"texture":"#0"},"down":{"uv":[8.625,5.75,8.5,5.5],"texture":"#0"}}},{"from":[8.5,-1.5,6.5],"to":[9,-0.5,7.5],"rotation":{"angle":0,"axis":"y","origin":[10,-12,6]},"faces":{"north":{"uv":[8.625,5.25,8.5,5.5],"texture":"#0"},"east":{"uv":[8.75,5,8.5,5.25],"texture":"#0"},"south":{"uv":[8.625,5.25,8.5,5.5],"texture":"#0"},"west":{"uv":[8.75,5,8.5,5.25],"texture":"#0"},"up":{"uv":[8.5,5.75,8.625,5.5],"texture":"#0"},"down":{"uv":[8.5,5.75,8.625,5.5],"texture":"#0"}}},{"from":[7,-1.5,5],"to":[8,-0.5,5.5],"rotation":{"angle":0,"axis":"y","origin":[10,-12,10]},"faces":{"north":{"uv":[8.5,5,8.75,5.25],"texture":"#0"},"east":{"uv":[8.5,5.25,8.625,5.5],"texture":"#0"},"south":{"uv":[8.5,5,8.75,5.25],"texture":"#0"},"west":{"uv":[8.5,5.25,8.625,5.5],"texture":"#0"},"up":{"uv":[8.625,5.75,8.5,5.5],"rotation":90,"texture":"#0"},"down":{"uv":[8.625,5.75,8.5,5.5],"rotation":270,"texture":"#0"}}},{"from":[7,0,6],"to":[8,10,8],"rotation":{"angle":0,"axis":"y","origin":[0,-10,0]},"faces":{"north":{"uv":[8,6.75,8.25,9.25],"texture":"#0"},"east":{"uv":[6.25,7.25,6.75,9.75],"texture":"#0"},"south":{"uv":[7.25,8.75,7.5,11.25],"texture":"#0"},"west":{"uv":[6.75,7.25,6.25,9.75],"texture":"#0"}}},{"from":[9.1,11,7],"to":[9.1,15,11],"rotation":{"angle":0,"axis":"y","origin":[9.1,13,9]},"faces":{"east":{"uv":[8,0,0,8],"texture":"#3"},"west":{"uv":[8,0,0,8],"texture":"#3"}}},{"from":[9.1,11,7],"to":[9.1,15,11],"rotation":{"angle":22.5,"axis":"x","origin":[9.1,13,9]},"faces":{"east":{"uv":[16,0,8,8],"texture":"#3"},"west":{"uv":[16,0,8,8],"texture":"#3"}}},{"from":[9.1,11,7],"to":[9.1,15,11],"rotation":{"angle":45,"axis":"x","origin":[9.1,13,9]},"faces":{"east":{"uv":[16,8,8,16],"texture":"#3"},"west":{"uv":[16,8,8,16],"texture":"#3"}}},{"from":[9.1,11,7],"to":[9.1,15,11],"rotation":{"angle":-22.5,"axis":"x","origin":[9.1,13,9]},"faces":{"east":{"uv":[0,16,8,8],"rotation":90,"texture":"#3"},"west":{"uv":[0,16,8,8],"rotation":90,"texture":"#3"}}},{"from":[3.5,15,3],"to":[11.5,23,11],"faces":{"north":{"uv":[1.5,14,3.5,16],"texture":"#0"},"east":{"uv":[1.5,14,3.5,16],"texture":"#0"},"south":{"uv":[1.5,14,3.5,16],"texture":"#0"},"west":{"uv":[1.5,14,3.5,16],"texture":"#0"},"up":{"uv":[1.5,14,3.5,16],"texture":"#0"},"down":{"uv":[1.5,14,3.5,16],"texture":"#0"}}},{"from":[2.5,18,6],"to":[4.5,20,8],"faces":{"north":{"uv":[2,13.5,2.5,14],"texture":"#0"},"east":{"uv":[1.5,13.5,2,14],"texture":"#0"},"south":{"uv":[2,13.5,2.5,14],"texture":"#0"},"west":{"uv":[1.5,13.5,2,14],"texture":"#0"},"up":{"uv":[2,13.5,2.5,14],"texture":"#0"},"down":{"uv":[2,13.5,2.5,14],"texture":"#0"}}},{"from":[10.5,18,6],"to":[12.5,20,8],"rotation":{"angle":0,"axis":"y","origin":[16,0,0]},"faces":{"north":{"uv":[2.5,13.5,2,14],"texture":"#0"},"east":{"uv":[2,13.5,1.5,14],"texture":"#0"},"south":{"uv":[2.5,13.5,2,14],"texture":"#0"},"west":{"uv":[2,13.5,1.5,14],"texture":"#0"},"up":{"uv":[2.5,13.5,2,14],"texture":"#0"},"down":{"uv":[2.5,13.5,2,14],"texture":"#0"}}},{"from":[6.6,18,10],"to":[8.6,20,12],"rotation":{"angle":0,"axis":"y","origin":[16,0,0]},"faces":{"north":{"uv":[2,13.5,1.5,14],"texture":"#0"},"east":{"uv":[2.5,13.5,2,14],"texture":"#0"},"south":{"uv":[2,13.5,1.5,14],"texture":"#0"},"west":{"uv":[2.5,13.5,2,14],"texture":"#0"},"up":{"uv":[2.5,13.5,2,14],"rotation":90,"texture":"#0"},"down":{"uv":[2.5,13.5,2,14],"rotation":270,"texture":"#0"}}},{"from":[6.6,22,6],"to":[8.6,24,8],"rotation":{"angle":0,"axis":"y","origin":[16,0,0]},"faces":{"north":{"uv":[2.5,13.5,2,14],"rotation":270,"texture":"#0"},"east":{"uv":[2.5,13.5,2,14],"rotation":90,"texture":"#0"},"south":{"uv":[2.5,13.5,2,14],"rotation":270,"texture":"#0"},"west":{"uv":[2.5,13.5,2,14],"rotation":270,"texture":"#0"},"up":{"uv":[2,13.5,1.5,14],"texture":"#0"},"down":{"uv":[2,13.5,1.5,14],"rotation":180,"texture":"#0"}}},{"from":[6.6,18,2],"to":[8.6,20,4],"rotation":{"angle":0,"axis":"y","origin":[16,0,16]},"faces":{"north":{"uv":[1.5,13.5,2,14],"texture":"#0"},"east":{"uv":[2,13.5,2.5,14],"texture":"#0"},"south":{"uv":[1.5,13.5,2,14],"texture":"#0"},"west":{"uv":[2,13.5,2.5,14],"texture":"#0"},"up":{"uv":[2,13.5,2.5,14],"rotation":90,"texture":"#0"},"down":{"uv":[2,13.5,2.5,14],"rotation":270,"texture":"#0"}}},{"from":[6.5,9.5,3.5],"to":[8.5,11.5,5],"rotation":{"angle":0,"axis":"y","origin":[0,3,16]},"faces":{"north":{"uv":[8.75,7.25,8.25,7.75],"texture":"#0"},"east":{"uv":[8.625,8.25,8.25,8.75],"texture":"#0"},"south":{"uv":[8.75,7.25,8.25,7.75],"texture":"#0"},"west":{"uv":[8.625,8.75,8.25,8.25],"texture":"#0"},"up":{"uv":[9,0,8.5,0.375],"texture":"#0"},"down":{"uv":[9,0,8.5,0.375],"texture":"#0"}}},{"from":[6.5,9.5,9],"to":[8.5,11.5,10.5],"rotation":{"angle":0,"axis":"y","origin":[0,3,0]},"faces":{"north":{"uv":[8.25,7.25,8.75,7.75],"texture":"#0"},"east":{"uv":[8.25,8.25,8.625,8.75],"texture":"#0"},"south":{"uv":[8.25,7.25,8.75,7.75],"texture":"#0"},"west":{"uv":[8.25,8.75,8.625,8.25],"texture":"#0"},"up":{"uv":[9,0.375,8.5,0],"texture":"#0"},"down":{"uv":[9,0.375,8.5,0],"texture":"#0"}}},{"from":[4.5,14,4],"to":[10.5,15,10],"faces":{"north":{"uv":[9.75,10,11.25,10.25],"texture":"#0"},"east":{"uv":[9.75,10,11.25,10.25],"texture":"#0"},"south":{"uv":[9.75,10,11.25,10.25],"texture":"#0"},"west":{"uv":[9.75,10,11.25,10.25],"texture":"#0"},"up":{"uv":[9.75,10.25,11.25,11.75],"texture":"#0"},"down":{"uv":[9.75,10.25,11.25,11.75],"texture":"#0"}}},{"from":[6.6,8,4],"to":[8.4,10,5.5],"rotation":{"angle":-22.5,"axis":"x","origin":[7.5,8.5,4.25]},"faces":{"north":{"uv":[8.7,7.75,8.25,7.25],"texture":"#0"},"east":{"uv":[8.25,8.75,8.625,8.25],"texture":"#0"},"south":{"uv":[8.75,7.25,8.25,7.75],"texture":"#0"},"west":{"uv":[8.625,8.75,8.25,8.25],"texture":"#0"},"up":{"uv":[9,0,8.5,0.375],"texture":"#0"},"down":{"uv":[9,0,8.5,0.375],"texture":"#0"}}},{"from":[6.7,8.25,4.75],"to":[8.3,9.75,6.75],"rotation":{"angle":45,"axis":"x","origin":[7.5,8.5,4.25]},"faces":{"north":{"uv":[9,0,8.5,0.375],"rotation":180,"texture":"#0"},"east":{"uv":[8.25,8.75,8.625,8.25],"rotation":90,"texture":"#0"},"south":{"uv":[9,0,8.5,0.375],"texture":"#0"},"west":{"uv":[8.625,8.75,8.25,8.25],"rotation":270,"texture":"#0"},"up":{"uv":[8.75,7.25,8.25,7.75],"texture":"#0"},"down":{"uv":[8.65,7.75,8.25,7.25],"rotation":180,"texture":"#0"}}},{"from":[6.6,8,8.5],"to":[8.4,10,10],"rotation":{"angle":22.5,"axis":"x","origin":[7.5,8.5,9.75]},"faces":{"north":{"uv":[8.25,7.25,8.75,7.75],"texture":"#0"},"east":{"uv":[8.625,8.75,8.25,8.25],"texture":"#0"},"south":{"uv":[8.25,7.75,8.7,7.25],"texture":"#0"},"west":{"uv":[8.25,8.75,8.625,8.25],"texture":"#0"},"up":{"uv":[9,0.375,8.5,0],"texture":"#0"},"down":{"uv":[9,0.375,8.5,0],"texture":"#0"}}},{"from":[6.7,6.1,8.6],"to":[8.3,8.1,10.1],"rotation":{"angle":45,"axis":"x","origin":[7.5,8.5,9.75]},"faces":{"north":{"uv":[8.25,7.25,8.75,7.75],"texture":"#0"},"east":{"uv":[8.625,8.75,8.25,8.25],"texture":"#0"},"south":{"uv":[8.25,7.75,8.65,7.25],"texture":"#0"},"west":{"uv":[8.25,8.75,8.625,8.25],"texture":"#0"},"up":{"uv":[9,0.375,8.5,0],"texture":"#0"},"down":{"uv":[9,0.375,8.5,0],"texture":"#0"}}}],"gui_light":"front","display":{"thirdperson_righthand":{"translation":[0.5,7.75,2],"scale":[0.69,0.69,0.69]},"thirdperson_lefthand":{"translation":[-0.25,7.75,2],"scale":[0.69,0.69,0.69]},"firstperson_righthand":{"rotation":[-10,1,0],"translation":[0.25,3,2.25],"scale":[0.5,0.5,0.5]},"firstperson_lefthand":{"rotation":[-10,1,0],"translation":[0.25,3,2.25],"scale":[0.5,0.5,0.5]},"ground":{"rotation":[45,0,0],"translation":[0,4,0],"scale":[0.38,0.38,0.38]},"gui":{"rotation":[-90,-45,-90],"translation":[0,0.5,0],"scale":[0.43,0.43,0.43]},"head":{"scale":[0,0,0]},"fixed":{"rotation":[-90,-90,-90],"translation":[-1.25,2,-5],"scale":[1.5,1.5,1.5]}}}