{"credit":"Made with Blockbench","texture_size":[64,64],"textures":{"0":"elitecreatures:steampunk_ice_animated_weapon_set_v1/steamice_texture_02","1":"elitecreatures:steampunk_ice_animated_weapon_set_v1/steamice_animation_01texture","particle":"elitecreatures:steampunk_ice_animated_weapon_set_v1/steamice_texture_02"},"elements":[{"from":[8,4,5],"to":[8,11,10],"faces":{"north":{"uv":[10,12.375,10,14.125],"texture":"#0"},"east":{"uv":[1.25,14.25,0,16],"texture":"#0"},"south":{"uv":[10,12.375,10,14.125],"texture":"#0"},"west":{"uv":[0,14.25,1.25,16],"texture":"#0"},"up":{"uv":[10,12.375,10,13.625],"texture":"#0"},"down":{"uv":[10,12.375,10,13.625],"texture":"#0"}}},{"from":[7.9,9.5,4.6],"to":[7.9,19.5,10.6],"faces":{"east":{"uv":[0,0,6,10],"texture":"#1"},"west":{"uv":[6,0,0,10],"texture":"#1"}}},{"from":[8.1,9.5,4.6],"to":[8.1,19.5,10.6],"rotation":{"angle":0,"axis":"y","origin":[16,0,0]},"faces":{"east":{"uv":[0,0,6,10],"texture":"#1"},"west":{"uv":[6,0,0,10],"texture":"#1"}}},{"from":[7,1,6],"to":[9,3,7],"faces":{"north":{"uv":[12.875,1.5,13.375,2],"texture":"#0"},"east":{"uv":[13.625,1.5,13.375,2],"texture":"#0"},"south":{"uv":[13.875,1.5,14.375,2],"texture":"#0"},"west":{"uv":[13.375,1.5,13.625,2],"texture":"#0"}}},{"from":[7,1,9],"to":[9,3,10],"rotation":{"angle":0,"axis":"y","origin":[0,0,16]},"faces":{"north":{"uv":[13.375,1.5,12.875,2],"texture":"#0"},"east":{"uv":[13.625,1.5,13.875,2],"texture":"#0"},"south":{"uv":[14.875,1.5,14.375,2],"texture":"#0"},"west":{"uv":[13.875,1.5,13.625,2],"texture":"#0"}}},{"from":[7,3,6],"to":[9,4,10],"faces":{"north":{"uv":[15.5,0.25,16,0.5],"texture":"#0"},"east":{"uv":[16,0,15,0.25],"texture":"#0"},"south":{"uv":[15,0.25,15.5,0.5],"texture":"#0"},"west":{"uv":[15,0,16,0.25],"texture":"#0"},"up":{"uv":[15.5,0.5,16,1.5],"texture":"#0"},"down":{"uv":[15.5,0.5,16,1.5],"texture":"#0"}}},{"from":[7,0,6],"to":[9,1,10],"rotation":{"angle":0,"axis":"y","origin":[0,16,0]},"faces":{"north":{"uv":[15.5,0.5,16,0.25],"texture":"#0"},"east":{"uv":[16,0.25,15,0],"texture":"#0"},"south":{"uv":[15,0.75,15.5,0.5],"texture":"#0"},"west":{"uv":[15,0.25,16,0],"texture":"#0"},"up":{"uv":[15.5,0.5,16,1.5],"texture":"#0"},"down":{"uv":[15.5,1.5,16,0.5],"texture":"#0"}}}],"gui_light":"front","display":{"thirdperson_righthand":{"translation":[0,4.5,0],"scale":[0.94,0.94,0.94]},"thirdperson_lefthand":{"translation":[0,4.5,0],"scale":[0.94,0.94,0.94]},"firstperson_righthand":{"rotation":[0,12,0],"translation":[0.5,2.75,0],"scale":[0.94,0.94,0.94]},"firstperson_lefthand":{"rotation":[0,12,0],"translation":[0.5,2.75,0],"scale":[0.94,0.94,0.94]},"ground":{"rotation":[-44,0,0],"translation":[1.25,2.5,0],"scale":[0.53,0.53,0.53]},"gui":{"rotation":[-90,-63.25,-90],"translation":[0.5,1.75,0],"scale":[1.02,1.02,1.02]},"fixed":{"rotation":[0,90,0],"translation":[0,3.25,-2.5],"scale":[1.5,1.5,1.5]}}}