{"credit":"MadebyPolygonMC","texture_size":[24,24],"textures":{"1":"dragonsoulset:scythe","2":"dragonsoulset:animations/animations_1","particle":"dragonsoulset:scythe"},"elements":[{"from":[7,22.7362,7.27551],"to":[9,24.4862,9.27551],"rotation":{"angle":0,"axis":"x","origin":[8,23.85354,8.01379]},"faces":{"north":{"uv":[3.33333,7.33333,4.66667,8.5],"texture":"#1"},"east":{"uv":[7.33333,6,8.66667,7.16667],"texture":"#1"},"south":{"uv":[7.33333,7.33333,8.66667,8.5],"texture":"#1"},"west":{"uv":[3.33333,8.66667,4.66667,9.83333],"texture":"#1"},"up":{"uv":[1.33333,7.33333,0,6],"texture":"#1"},"down":{"uv":[2.66667,6,1.33333,7.33333],"texture":"#1"}}},{"from":[7.25,22.7362,5.77551],"to":[8.75,23.9862,7.27551],"rotation":{"angle":0,"axis":"x","origin":[8,23.85354,8.01379]},"faces":{"north":{"uv":[10,7.33333,11,8.16667],"texture":"#1"},"east":{"uv":[10,8.66667,11,9.5],"texture":"#1"},"south":{"uv":[10,10,11,10.83333],"texture":"#1"},"west":{"uv":[10.66667,0,11.66667,0.83333],"texture":"#1"},"up":{"uv":[3.66667,11,2.66667,10],"texture":"#1"},"down":{"uv":[5,10,4,11],"texture":"#1"}}},{"from":[8.475,23.99474,7.32462],"to":[9.225,24.74474,8.32462],"rotation":{"angle":-22.5,"axis":"x","origin":[8,23.85354,8.01379]},"faces":{"north":{"uv":[14,8.66667,14.5,9.16667],"texture":"#1"},"east":{"uv":[13.33333,8.66667,14,9.16667],"texture":"#1"},"south":{"uv":[14,9.33333,14.5,9.83333],"texture":"#1"},"west":{"uv":[13.33333,9.33333,14,9.83333],"texture":"#1"},"up":{"uv":[10.5,14,10,13.33333],"texture":"#1"},"down":{"uv":[13.83333,10,13.33333,10.66667],"texture":"#1"}}},{"from":[8.48,23.95349,7.6034],"to":[9.22,24.70349,8.6034],"rotation":{"angle":22.5,"axis":"x","origin":[8,23.85354,8.01379]},"faces":{"north":{"uv":[10,14,10.5,14.5],"texture":"#1"},"east":{"uv":[10.66667,13.33333,11.33333,13.83333],"texture":"#1"},"south":{"uv":[14,10,14.5,10.5],"texture":"#1"},"west":{"uv":[13.33333,10.66667,14,11.16667],"texture":"#1"},"up":{"uv":[11.83333,14,11.33333,13.33333],"texture":"#1"},"down":{"uv":[13.83333,11.33333,13.33333,12],"texture":"#1"}}},{"from":[8.5,23.28549,8.66001],"to":[9.5,24.28549,9.66001],"rotation":{"angle":-22.5,"axis":"x","origin":[8,23.85354,8.01379]},"faces":{"north":{"uv":[8,5.33333,8.66667,6],"texture":"#1"},"east":{"uv":[1.33333,12.66667,2,13.33333],"texture":"#1"},"south":{"uv":[2,12.66667,2.66667,13.33333],"texture":"#1"},"west":{"uv":[2.66667,12.66667,3.33333,13.33333],"texture":"#1"},"up":{"uv":[4,13.33333,3.33333,12.66667],"texture":"#1"},"down":{"uv":[4.66667,12.66667,4,13.33333],"texture":"#1"}}},{"from":[8.61,22.75436,9.3306],"to":[9.39,23.53436,10.1106],"rotation":{"angle":-45,"axis":"x","origin":[8,23.85354,8.01379]},"faces":{"north":{"uv":[10.66667,14,11.16667,14.5],"texture":"#1"},"east":{"uv":[14,10.66667,14.5,11.16667],"texture":"#1"},"south":{"uv":[11.33333,14,11.83333,14.5],"texture":"#1"},"west":{"uv":[14,11.33333,14.5,11.83333],"texture":"#1"},"up":{"uv":[12.5,14.5,12,14],"texture":"#1"},"down":{"uv":[14.5,12,14,12.5],"texture":"#1"}}},{"from":[8.7036,25.36369,9.17033],"to":[9.2964,25.95649,9.76313],"rotation":{"angle":22.5,"axis":"x","origin":[8,23.85354,8.01379]},"faces":{"north":{"uv":[11.33333,14.66667,11.66667,15],"texture":"#1"},"east":{"uv":[14.66667,11.33333,15,11.66667],"texture":"#1"},"south":{"uv":[12,14.66667,12.33333,15],"texture":"#1"},"west":{"uv":[14.66667,12,15,12.33333],"texture":"#1"},"up":{"uv":[13,15,12.66667,14.66667],"texture":"#1"},"down":{"uv":[15,12.66667,14.66667,13],"texture":"#1"}}},{"from":[8.78659,25.13247,9.93866],"to":[9.21341,25.55929,10.36548],"rotation":{"angle":0,"axis":"x","origin":[8,23.85354,8.01379]},"faces":{"north":{"uv":[13.33333,14.66667,13.66667,15],"texture":"#1"},"east":{"uv":[14.66667,13.33333,15,13.66667],"texture":"#1"},"south":{"uv":[14,14.66667,14.33333,15],"texture":"#1"},"west":{"uv":[14.66667,14,15,14.33333],"texture":"#1"},"up":{"uv":[15,15,14.66667,14.66667],"texture":"#1"},"down":{"uv":[0.33333,15.33333,0,15.66667],"texture":"#1"}}},{"from":[6.775,23.99474,7.32462],"to":[7.525,24.74474,8.32462],"rotation":{"angle":-22.5,"axis":"x","origin":[8,23.85354,8.01379]},"faces":{"north":{"uv":[12.66667,14,13.16667,14.5],"texture":"#1"},"east":{"uv":[12,13.33333,12.66667,13.83333],"texture":"#1"},"south":{"uv":[14,12.66667,14.5,13.16667],"texture":"#1"},"west":{"uv":[13.33333,12,14,12.5],"texture":"#1"},"up":{"uv":[13.16667,14,12.66667,13.33333],"texture":"#1"},"down":{"uv":[13.83333,12.66667,13.33333,13.33333],"texture":"#1"}}},{"from":[6.78,23.95349,7.6034],"to":[7.52,24.70349,8.6034],"rotation":{"angle":22.5,"axis":"x","origin":[8,23.85354,8.01379]},"faces":{"north":{"uv":[13.33333,14,13.83333,14.5],"texture":"#1"},"east":{"uv":[13.33333,13.33333,14,13.83333],"texture":"#1"},"south":{"uv":[14,13.33333,14.5,13.83333],"texture":"#1"},"west":{"uv":[0,14,0.66667,14.5],"texture":"#1"},"up":{"uv":[14.5,0.66667,14,0],"texture":"#1"},"down":{"uv":[1.16667,14,0.66667,14.66667],"texture":"#1"}}},{"from":[6.5,23.28549,8.66001],"to":[7.5,24.28549,9.66001],"rotation":{"angle":-22.5,"axis":"x","origin":[8,23.85354,8.01379]},"faces":{"north":{"uv":[12.66667,4,13.33333,4.66667],"texture":"#1"},"east":{"uv":[4.66667,12.66667,5.33333,13.33333],"texture":"#1"},"south":{"uv":[12.66667,4.66667,13.33333,5.33333],"texture":"#1"},"west":{"uv":[5.33333,12.66667,6,13.33333],"texture":"#1"},"up":{"uv":[13.33333,6,12.66667,5.33333],"texture":"#1"},"down":{"uv":[6.66667,12.66667,6,13.33333],"texture":"#1"}}},{"from":[6.61,22.75436,9.3306],"to":[7.39,23.53436,10.1106],"rotation":{"angle":-45,"axis":"x","origin":[8,23.85354,8.01379]},"faces":{"north":{"uv":[14,14,14.5,14.5],"texture":"#1"},"east":{"uv":[0,14.66667,0.5,15.16667],"texture":"#1"},"south":{"uv":[14.66667,0,15.16667,0.5],"texture":"#1"},"west":{"uv":[0.66667,14.66667,1.16667,15.16667],"texture":"#1"},"up":{"uv":[1.83333,15.16667,1.33333,14.66667],"texture":"#1"},"down":{"uv":[2.5,14.66667,2,15.16667],"texture":"#1"}}},{"from":[6.7036,25.36369,9.17033],"to":[7.2964,25.95649,9.76313],"rotation":{"angle":22.5,"axis":"x","origin":[8,23.85354,8.01379]},"faces":{"north":{"uv":[15.33333,0,15.66667,0.33333],"texture":"#1"},"east":{"uv":[0.66667,15.33333,1,15.66667],"texture":"#1"},"south":{"uv":[15.33333,0.66667,15.66667,1],"texture":"#1"},"west":{"uv":[1.33333,15.33333,1.66667,15.66667],"texture":"#1"},"up":{"uv":[15.66667,1.66667,15.33333,1.33333],"texture":"#1"},"down":{"uv":[2.33333,15.33333,2,15.66667],"texture":"#1"}}},{"from":[6.78659,25.13247,9.93866],"to":[7.21341,25.55929,10.36548],"rotation":{"angle":0,"axis":"x","origin":[8,23.85354,8.01379]},"faces":{"north":{"uv":[15.33333,2,15.66667,2.33333],"texture":"#1"},"east":{"uv":[2.66667,15.33333,3,15.66667],"texture":"#1"},"south":{"uv":[15.33333,2.66667,15.66667,3],"texture":"#1"},"west":{"uv":[3.33333,15.33333,3.66667,15.66667],"texture":"#1"},"up":{"uv":[15.66667,3.66667,15.33333,3.33333],"texture":"#1"},"down":{"uv":[4.33333,15.33333,4,15.66667],"texture":"#1"}}},{"from":[7.7246,25.16351,6.34217],"to":[8.2754,25.71431,6.89297],"rotation":{"angle":-45,"axis":"x","origin":[8,23.85354,8.01379]},"faces":{"north":{"uv":[15.33333,4,15.66667,4.33333],"texture":"#1"},"east":{"uv":[4.66667,15.33333,5,15.66667],"texture":"#1"},"south":{"uv":[15.33333,4.66667,15.66667,5],"texture":"#1"},"west":{"uv":[5.33333,15.33333,5.66667,15.66667],"texture":"#1"},"up":{"uv":[15.66667,5.66667,15.33333,5.33333],"texture":"#1"},"down":{"uv":[6.33333,15.33333,6,15.66667],"texture":"#1"}}},{"from":[7.78519,24.68349,6.27352],"to":[8.21481,25.11312,6.70314],"rotation":{"angle":-22.5,"axis":"x","origin":[8,23.85354,8.01379]},"faces":{"north":{"uv":[15.33333,6,15.66667,6.33333],"texture":"#1"},"east":{"uv":[6.66667,15.33333,7,15.66667],"texture":"#1"},"south":{"uv":[15.33333,6.66667,15.66667,7],"texture":"#1"},"west":{"uv":[7.33333,15.33333,7.66667,15.66667],"texture":"#1"},"up":{"uv":[15.66667,7.66667,15.33333,7.33333],"texture":"#1"},"down":{"uv":[8.33333,15.33333,8,15.66667],"texture":"#1"}}},{"from":[7.83674,24.15137,6.31736],"to":[8.16326,24.47788,6.64387],"rotation":{"angle":0,"axis":"x","origin":[8,23.85354,8.01379]},"faces":{"north":{"uv":[15.33333,8,15.5,8.16667],"texture":"#1"},"east":{"uv":[8.66667,15.33333,8.83333,15.5],"texture":"#1"},"south":{"uv":[15.33333,8.66667,15.5,8.83333],"texture":"#1"},"west":{"uv":[9.33333,15.33333,9.5,15.5],"texture":"#1"},"up":{"uv":[15.5,9.5,15.33333,9.33333],"texture":"#1"},"down":{"uv":[10.16667,15.33333,10,15.5],"texture":"#1"}}},{"from":[7.88245,23.63289,6.51226],"to":[8.11755,23.86798,6.74735],"rotation":{"angle":22.5,"axis":"x","origin":[8,23.85354,8.01379]},"faces":{"north":{"uv":[15.33333,10,15.5,10.16667],"texture":"#1"},"east":{"uv":[10.66667,15.33333,10.83333,15.5],"texture":"#1"},"south":{"uv":[15.33333,10.66667,15.5,10.83333],"texture":"#1"},"west":{"uv":[11.33333,15.33333,11.5,15.5],"texture":"#1"},"up":{"uv":[15.5,11.5,15.33333,11.33333],"texture":"#1"},"down":{"uv":[12.16667,15.33333,12,15.5],"texture":"#1"}}},{"from":[8.65,21.9862,5.87551],"to":[8.65,22.7362,7.87551],"rotation":{"angle":0,"axis":"x","origin":[8,23.85354,8.01379]},"faces":{"north":{"uv":[0,0,0,0.5],"texture":"#1"},"east":{"uv":[12,1.33333,13.33333,1.83333],"texture":"#1"},"south":{"uv":[0,0,0,0.5],"texture":"#1"},"west":{"uv":[12,2,13.33333,2.5],"texture":"#1"},"up":{"uv":[0,1.33333,0,0],"texture":"#1"},"down":{"uv":[0,0,0,1.33333],"texture":"#1"}}},{"from":[7.35,21.9862,5.87551],"to":[7.35,22.7362,7.87551],"rotation":{"angle":0,"axis":"x","origin":[8,23.85354,8.01379]},"faces":{"north":{"uv":[0,0,0,0.5],"texture":"#1"},"east":{"uv":[12,2.66667,13.33333,3.16667],"texture":"#1"},"south":{"uv":[0,0,0,0.5],"texture":"#1"},"west":{"uv":[12,3.33333,13.33333,3.83333],"texture":"#1"},"up":{"uv":[0,1.33333,0,0],"texture":"#1"},"down":{"uv":[0,0,0,1.33333],"texture":"#1"}}},{"from":[7.351,21.98621,5.87551],"to":[8.651,22.73621,5.87551],"rotation":{"angle":0,"axis":"x","origin":[8,23.85354,8.01379]},"faces":{"north":{"uv":[13.33333,8,14.16667,8.5],"texture":"#1"},"east":{"uv":[0,0,0,0.5],"texture":"#1"},"south":{"uv":[8.66667,13.33333,9.5,13.83333],"texture":"#1"},"west":{"uv":[0,0,0,0.5],"texture":"#1"},"up":{"uv":[0.83333,0,0,0],"texture":"#1"},"down":{"uv":[0.83333,0,0,0],"texture":"#1"}}},{"from":[7.5,0.75,7.5],"to":[8.5,1.25,8.5],"rotation":{"angle":0,"axis":"y","origin":[7.5,0,7.5]},"faces":{"north":{"uv":[5.33333,14.66667,6,15],"texture":"#1"},"east":{"uv":[6,14.66667,6.66667,15],"texture":"#1"},"south":{"uv":[6.66667,14.66667,7.33333,15],"texture":"#1"},"west":{"uv":[7.33333,14.66667,8,15],"texture":"#1"},"up":{"uv":[13.33333,6.66667,12.66667,6],"texture":"#1"},"down":{"uv":[7.33333,12.66667,6.66667,13.33333],"texture":"#1"}}},{"from":[7.5,1.75,7.5],"to":[8.5,2.75,8.5],"rotation":{"angle":0,"axis":"y","origin":[7.5,0,7.5]},"faces":{"north":{"uv":[12.66667,6.66667,13.33333,7.33333],"texture":"#1"},"east":{"uv":[12.66667,7.33333,13.33333,8],"texture":"#1"},"south":{"uv":[12.66667,8,13.33333,8.66667],"texture":"#1"},"west":{"uv":[12.66667,8.66667,13.33333,9.33333],"texture":"#1"},"up":{"uv":[13.33333,10,12.66667,9.33333],"texture":"#1"},"down":{"uv":[10.66667,12.66667,10,13.33333],"texture":"#1"}}},{"from":[7.6,2.75,7.6],"to":[8.4,4.55,8.4],"rotation":{"angle":0,"axis":"y","origin":[7.5,0,7.5]},"faces":{"north":{"uv":[6.66667,11.33333,7.16667,12.5],"texture":"#1"},"east":{"uv":[12,4,12.5,5.16667],"texture":"#1"},"south":{"uv":[7.33333,12,7.83333,13.16667],"texture":"#1"},"west":{"uv":[8,12,8.5,13.16667],"texture":"#1"},"up":{"uv":[3.16667,15.16667,2.66667,14.66667],"texture":"#1"},"down":{"uv":[3.83333,14.66667,3.33333,15.16667],"texture":"#1"}}},{"from":[7.4,1.25,7.4],"to":[8.6,1.75,8.6],"rotation":{"angle":0,"axis":"y","origin":[7.5,0,7.5]},"faces":{"north":{"uv":[14,0.66667,14.83333,1],"texture":"#1"},"east":{"uv":[1.33333,14,2.16667,14.33333],"texture":"#1"},"south":{"uv":[14,1.33333,14.83333,1.66667],"texture":"#1"},"west":{"uv":[14,2,14.83333,2.33333],"texture":"#1"},"up":{"uv":[11.5,2.16667,10.66667,1.33333],"texture":"#1"},"down":{"uv":[11.5,2.66667,10.66667,3.5],"texture":"#1"}}},{"from":[7.4,5.55,7.4],"to":[8.6,6.05,8.6],"rotation":{"angle":0,"axis":"y","origin":[7.5,4.3,7.5]},"faces":{"north":{"uv":[2.66667,14,3.5,14.33333],"texture":"#1"},"east":{"uv":[14,2.66667,14.83333,3],"texture":"#1"},"south":{"uv":[14,3.33333,14.83333,3.66667],"texture":"#1"},"west":{"uv":[4,14,4.83333,14.33333],"texture":"#1"},"up":{"uv":[11.5,4.83333,10.66667,4],"texture":"#1"},"down":{"uv":[8.16667,10.66667,7.33333,11.5],"texture":"#1"}}},{"from":[7.5,14.7,7.5],"to":[8.5,15.2,8.5],"rotation":{"angle":0,"axis":"y","origin":[7.5,24.7,7.5]},"faces":{"north":{"uv":[8,14.66667,8.66667,15],"texture":"#1"},"east":{"uv":[14.66667,8,15.33333,8.33333],"texture":"#1"},"south":{"uv":[8.66667,14.66667,9.33333,15],"texture":"#1"},"west":{"uv":[14.66667,8.66667,15.33333,9],"texture":"#1"},"up":{"uv":[13.33333,10.66667,12.66667,10],"texture":"#1"},"down":{"uv":[11.33333,12.66667,10.66667,13.33333],"texture":"#1"}}},{"from":[7.5,4.55,7.5],"to":[8.5,5.55,8.5],"rotation":{"angle":0,"axis":"y","origin":[7.5,16.05,7.5]},"faces":{"north":{"uv":[12.66667,10.66667,13.33333,11.33333],"texture":"#1"},"east":{"uv":[12.66667,11.33333,13.33333,12],"texture":"#1"},"south":{"uv":[12.66667,12,13.33333,12.66667],"texture":"#1"},"west":{"uv":[12.66667,12.66667,13.33333,13.33333],"texture":"#1"},"up":{"uv":[14,0.66667,13.33333,0],"texture":"#1"},"down":{"uv":[14,0.66667,13.33333,1.33333],"texture":"#1"}}},{"from":[7.5,10.4,7.5],"to":[8.5,11.4,8.5],"rotation":{"angle":0,"axis":"y","origin":[7.5,8.65,7.5]},"faces":{"north":{"uv":[1.33333,13.33333,2,14],"texture":"#1"},"east":{"uv":[13.33333,1.33333,14,2],"texture":"#1"},"south":{"uv":[2,13.33333,2.66667,14],"texture":"#1"},"west":{"uv":[13.33333,2,14,2.66667],"texture":"#1"},"up":{"uv":[3.33333,14,2.66667,13.33333],"texture":"#1"},"down":{"uv":[14,2.66667,13.33333,3.33333],"texture":"#1"}}},{"from":[7.6,11.4,7.6],"to":[8.4,13.2,8.4],"rotation":{"angle":0,"axis":"y","origin":[7.5,8.65,7.5]},"faces":{"north":{"uv":[11.33333,12,11.83333,13.16667],"texture":"#1"},"east":{"uv":[12,12,12.5,13.16667],"texture":"#1"},"south":{"uv":[0,12.66667,0.5,13.83333],"texture":"#1"},"west":{"uv":[0.66667,12.66667,1.16667,13.83333],"texture":"#1"},"up":{"uv":[4.5,15.16667,4,14.66667],"texture":"#1"},"down":{"uv":[5.16667,14.66667,4.66667,15.16667],"texture":"#1"}}},{"from":[7.4,9.9,7.4],"to":[8.6,10.4,8.6],"rotation":{"angle":0,"axis":"y","origin":[7.5,8.65,7.5]},"faces":{"north":{"uv":[14,4,14.83333,4.33333],"texture":"#1"},"east":{"uv":[14,4.66667,14.83333,5],"texture":"#1"},"south":{"uv":[5.33333,14,6.16667,14.33333],"texture":"#1"},"west":{"uv":[14,5.33333,14.83333,5.66667],"texture":"#1"},"up":{"uv":[0.83333,12.16667,0,11.33333],"texture":"#1"},"down":{"uv":[2.16667,11.33333,1.33333,12.16667],"texture":"#1"}}},{"from":[7.4,14.2,7.4],"to":[8.6,14.7,8.6],"rotation":{"angle":0,"axis":"y","origin":[7.5,12.95,7.5]},"faces":{"north":{"uv":[14,6,14.83333,6.33333],"texture":"#1"},"east":{"uv":[14,6.66667,14.83333,7],"texture":"#1"},"south":{"uv":[14,7.33333,14.83333,7.66667],"texture":"#1"},"west":{"uv":[8.66667,14,9.5,14.33333],"texture":"#1"},"up":{"uv":[3.5,12.16667,2.66667,11.33333],"texture":"#1"},"down":{"uv":[4.83333,11.33333,4,12.16667],"texture":"#1"}}},{"from":[7.5,13.2,7.5],"to":[8.5,14.2,8.5],"rotation":{"angle":0,"axis":"y","origin":[7.5,24.7,7.5]},"faces":{"north":{"uv":[3.33333,13.33333,4,14],"texture":"#1"},"east":{"uv":[13.33333,3.33333,14,4],"texture":"#1"},"south":{"uv":[4,13.33333,4.66667,14],"texture":"#1"},"west":{"uv":[13.33333,4,14,4.66667],"texture":"#1"},"up":{"uv":[5.33333,14,4.66667,13.33333],"texture":"#1"},"down":{"uv":[14,4.66667,13.33333,5.33333],"texture":"#1"}}},{"from":[7.375,-0.1,7.4],"to":[8.625,1.1,8.6],"rotation":{"angle":-45,"axis":"x","origin":[8,0.5,8]},"faces":{"north":{"uv":[5.33333,11.33333,6.16667,12.16667],"texture":"#1"},"east":{"uv":[11.33333,5.33333,12.16667,6.16667],"texture":"#1"},"south":{"uv":[11.33333,6.66667,12.16667,7.5],"texture":"#1"},"west":{"uv":[11.33333,8,12.16667,8.83333],"texture":"#1"},"up":{"uv":[12.16667,10.16667,11.33333,9.33333],"texture":"#1"},"down":{"uv":[10.83333,11.33333,10,12.16667],"texture":"#1"}}},{"from":[7.3,20.8,7],"to":[8.7,22.8,9],"rotation":{"angle":-45,"axis":"x","origin":[8,21.8,8]},"faces":{"north":{"uv":[4.66667,8.66667,5.66667,10],"texture":"#1"},"east":{"uv":[2.66667,6,4,7.33333],"texture":"#1"},"south":{"uv":[8.66667,5.33333,9.66667,6.66667],"texture":"#1"},"west":{"uv":[4,6,5.33333,7.33333],"texture":"#1"},"up":{"uv":[7,10,6,8.66667],"texture":"#1"},"down":{"uv":[9.66667,6.66667,8.66667,8],"texture":"#1"}}},{"from":[7.05,21.05,7.25],"to":[8.95,22.55,8.75],"rotation":{"angle":-45,"axis":"x","origin":[8,21.8,8]},"faces":{"north":{"uv":[7.33333,8.66667,8.66667,9.66667],"texture":"#1"},"east":{"uv":[5.33333,10,6.33333,11],"texture":"#1"},"south":{"uv":[8.66667,8,10,9],"texture":"#1"},"west":{"uv":[10,5.33333,11,6.33333],"texture":"#1"},"up":{"uv":[10.66667,1,9.33333,0],"texture":"#1"},"down":{"uv":[10.66667,1.33333,9.33333,2.33333],"texture":"#1"}}},{"from":[7.4,15.2,7.4],"to":[8.6,17.3,8.6],"rotation":{"angle":0,"axis":"y","origin":[15,21.75,15]},"faces":{"north":{"uv":[9.33333,2.66667,10.16667,4],"texture":"#1"},"east":{"uv":[9.33333,4,10.16667,5.33333],"texture":"#1"},"south":{"uv":[0,10,0.83333,11.33333],"texture":"#1"},"west":{"uv":[1.33333,10,2.16667,11.33333],"texture":"#1"},"up":{"uv":[12.16667,11.5,11.33333,10.66667],"texture":"#1"},"down":{"uv":[12.83333,0,12,0.83333],"texture":"#1"}}},{"from":[7.5,17.3,7.5],"to":[8.5,21.2,8.5],"rotation":{"angle":0,"axis":"y","origin":[7.5,24.7,8.5]},"faces":{"north":{"uv":[5.33333,6,6,8.66667],"texture":"#1"},"east":{"uv":[6,6,6.66667,8.66667],"texture":"#1"},"south":{"uv":[6.66667,6,7.33333,8.66667],"texture":"#1"},"west":{"uv":[0,7.33333,0.66667,10],"texture":"#1"},"up":{"uv":[6,14,5.33333,13.33333],"texture":"#1"},"down":{"uv":[14,5.33333,13.33333,6],"texture":"#1"}}},{"from":[7.5,6.05,7.5],"to":[8.5,9.95,8.5],"rotation":{"angle":0,"axis":"y","origin":[7.5,13.45,8.5]},"faces":{"north":{"uv":[0.66667,7.33333,1.33333,10],"texture":"#1"},"east":{"uv":[1.33333,7.33333,2,10],"texture":"#1"},"south":{"uv":[2,7.33333,2.66667,10],"texture":"#1"},"west":{"uv":[2.66667,7.33333,3.33333,10],"texture":"#1"},"up":{"uv":[6.66667,14,6,13.33333],"texture":"#1"},"down":{"uv":[14,6,13.33333,6.66667],"texture":"#1"}}},{"from":[7.75,20.75,6],"to":[8.25,22.75,7],"rotation":{"angle":-22.5,"axis":"x","origin":[8,22,6.5]},"faces":{"north":{"uv":[6.66667,13.33333,7,14.66667],"texture":"#1"},"east":{"uv":[4.66667,7.33333,5.33333,8.66667],"texture":"#1"},"south":{"uv":[13.33333,6.66667,13.66667,8],"texture":"#1"},"west":{"uv":[6.66667,10,7.33333,11.33333],"texture":"#1"},"up":{"uv":[9.66667,15.33333,9.33333,14.66667],"texture":"#1"},"down":{"uv":[15,9.33333,14.66667,10],"texture":"#1"}}},{"from":[7.75,21.15694,0.01851],"to":[8.25,22.15694,6.01851],"rotation":{"angle":-22.5,"axis":"x","origin":[8,21.65694,5.01851]},"faces":{"north":{"uv":[10,14.66667,10.33333,15.33333],"texture":"#1"},"east":{"uv":[0,5.33333,4,6],"texture":"#1"},"south":{"uv":[14.66667,10,15,10.66667],"texture":"#1"},"west":{"uv":[4,5.33333,8,6],"texture":"#1"},"up":{"uv":[9,13.33333,8.66667,9.33333],"texture":"#1"},"down":{"uv":[9.66667,9.33333,9.33333,13.33333],"texture":"#1"}}},{"from":[7.755,18.36625,-0.99934],"to":[8.245,19.29125,1.00066],"rotation":{"angle":-45,"axis":"x","origin":[8.005,18.79125,-0.49934]},"faces":{"north":{"uv":[10.66667,14.66667,11,15.33333],"texture":"#1"},"east":{"uv":[10,6.66667,11.33333,7.33333],"texture":"#1"},"south":{"uv":[14.66667,10.66667,15,11.33333],"texture":"#1"},"west":{"uv":[7.33333,10,8.66667,10.66667],"texture":"#1"},"up":{"uv":[7.66667,14.66667,7.33333,13.33333],"texture":"#1"},"down":{"uv":[8.33333,13.33333,8,14.66667],"texture":"#1"}}},{"from":[7.975,13.9,-3],"to":[8.025,21.9,11],"rotation":{"angle":-22.5,"axis":"x","origin":[7.975,13,0]},"faces":{"east":{"uv":[9.33333,0,0,5.33333],"texture":"#1"},"west":{"uv":[0,0,9.33333,5.33333],"texture":"#1"}}},{"from":[6.5,24.56021,8.80052],"to":[7.25,24.56021,9.80052],"rotation":{"angle":-22.5,"axis":"x","origin":[8,16.56021,9.30052]},"faces":{"up":{"uv":[0,11.01667,4,7.91667],"rotation":90,"texture":"#2"},"down":{"uv":[4,11.01667,0,7.91667],"rotation":90,"texture":"#2"}}},{"from":[5.5,24.26021,10.30051],"to":[7,24.26021,12.30051],"rotation":{"angle":-22.5,"axis":"x","origin":[8,16.26021,11.30051]},"faces":{"up":{"uv":[0,6,8,0],"rotation":90,"texture":"#2"},"down":{"uv":[8,6,0,0],"rotation":90,"texture":"#2"}}},{"from":[8.75,24.56021,8.80052],"to":[9.5,24.56021,9.80052],"rotation":{"angle":-22.5,"axis":"x","origin":[8,16.56021,9.30052]},"faces":{"up":{"uv":[0,7.91667,4,11.01667],"rotation":90,"texture":"#2"},"down":{"uv":[4,7.91667,0,11.01667],"rotation":90,"texture":"#2"}}},{"from":[9,24.26021,10.30051],"to":[10.5,24.26021,12.30051],"rotation":{"angle":-22.5,"axis":"x","origin":[8,16.26021,11.30051]},"faces":{"up":{"uv":[0,0,8,6],"rotation":90,"texture":"#2"},"down":{"uv":[8,0,0,6],"rotation":90,"texture":"#2"}}}],"gui_light":"front","display":{"thirdperson_righthand":{"translation":[0,-2,0.75]},"thirdperson_lefthand":{"translation":[0,-2,0.75]},"firstperson_righthand":{"rotation":[-10,0,0],"translation":[0,-1.25,1.5]},"firstperson_lefthand":{"rotation":[-10,0,0],"translation":[0,-1.25,1.5]},"ground":{"translation":[0,8.25,0]},"gui":{"rotation":[-90,45,90],"translation":[3.5,-3.5,0],"scale":[0.83984,0.83984,0.83984]},"head":{"scale":[0,0,0]},"fixed":{"rotation":[90,-90,90],"translation":[0,-11.5,-0.5],"scale":[2.5,2.5,2.5]}}}