{"credit":"MadewithBlockbench","ambientocclusion":false,"texture_size":[64,64],"textures":{"1":"elitecreatures:exotic_garden_decoration_v1/pot_2"},"elements":[{"from":[-8,0,1],"to":[22,8,15],"rotation":{"angle":0,"axis":"y","origin":[15,8,8]},"faces":{"north":{"uv":[0,10.5,7.5,12.5],"texture":"#1"},"east":{"uv":[11,14,7.5,16],"texture":"#1"},"south":{"uv":[0,10.5,7.5,12.5],"texture":"#1"},"west":{"uv":[7.5,14,11,16],"texture":"#1"},"up":{"uv":[7.5,16,0,12.5],"texture":"#1"},"down":{"uv":[0,16,7.5,12.5],"texture":"#1"}}},{"from":[-9,3.5,1],"to":[-8,3.5,15],"rotation":{"angle":45,"axis":"z","origin":[-8,3.5,8]},"faces":{"north":{"uv":[0,10.5,7.5,12.5],"texture":"#1"},"east":{"uv":[11,14,7.5,16],"texture":"#1"},"south":{"uv":[0,10.5,7.5,12.5],"texture":"#1"},"west":{"uv":[7.5,14,11,14],"texture":"#1"},"up":{"uv":[7.75,14,7.5,10.5],"texture":"#1"},"down":{"uv":[7.75,14,7.5,10.5],"texture":"#1"}}},{"from":[22,2.5,1],"to":[22,3.5,15],"rotation":{"angle":45,"axis":"z","origin":[22,3.5,8]},"faces":{"north":{"uv":[7.5,10.5,0,12.5],"rotation":270,"texture":"#1"},"east":{"uv":[7.5,14,7.75,10.5],"rotation":90,"texture":"#1"},"south":{"uv":[7.5,10.5,0,12.5],"rotation":90,"texture":"#1"},"west":{"uv":[7.5,14,7.75,10.5],"rotation":90,"texture":"#1"},"up":{"uv":[7.5,14,11,16],"rotation":90,"texture":"#1"},"down":{"uv":[11,14,7.5,14],"rotation":90,"texture":"#1"}}}],"display":{"thirdperson_righthand":{"rotation":[90,0,0],"translation":[0.25,-1.75,2],"scale":[0.5,0.5,0.5]},"thirdperson_lefthand":{"rotation":[90,0,0],"translation":[-0.25,-2.25,1.25],"scale":[0.5,0.5,0.5]},"ground":{"translation":[0.75,-1,-0.75],"scale":[0.5,0.5,0.5]},"gui":{"rotation":[40,-40,0],"translation":[0.25,0,0],"scale":[0.5,0.5,0.5]},"head":{"translation":[1,-27,0],"scale":[2,2,2]},"fixed":{"translation":[0.5,0,-2],"scale":[0.5,0.5,0.5]}}}