{"credit":"MadewithBlockbench","ambientocclusion":false,"texture_size":[64,64],"textures":{"1":"elitecreatures:exotic_garden_decoration_v1/pot_1"},"elements":[{"from":[3,0,3],"to":[13,1,13],"rotation":{"angle":0,"axis":"y","origin":[8,5,8]},"faces":{"north":{"uv":[3.5,4.5,6,4.75],"texture":"#1"},"east":{"uv":[3.5,4.5,6,4.75],"texture":"#1"},"south":{"uv":[3.5,4.5,6,4.75],"texture":"#1"},"west":{"uv":[3.5,4.5,6,4.75],"texture":"#1"},"down":{"uv":[6,2,3.5,4.5],"texture":"#1"}}},{"from":[1,1,1],"to":[15,9,15],"rotation":{"angle":0,"axis":"y","origin":[8,8,8]},"faces":{"north":{"uv":[3.5,0,7,2],"texture":"#1"},"east":{"uv":[3.5,0,7,2],"texture":"#1"},"south":{"uv":[3.5,0,7,2],"texture":"#1"},"west":{"uv":[3.5,0,7,2],"texture":"#1"},"up":{"uv":[3.5,3.5,0,0],"texture":"#1"},"down":{"uv":[3.5,3.5,0,7],"texture":"#1"}}},{"from":[13,0,2],"to":[14,10,3],"rotation":{"angle":0,"axis":"y","origin":[8,8,8]},"faces":{"north":{"uv":[3.5,4.75,3.75,7.25],"texture":"#1"},"east":{"uv":[3.5,4.75,3.75,7.25],"texture":"#1"},"south":{"uv":[3.5,4.75,3.75,7.25],"texture":"#1"},"west":{"uv":[3.5,4.75,3.75,7.25],"texture":"#1"},"up":{"uv":[4,5,3.75,4.75],"texture":"#1"},"down":{"uv":[4,5,3.75,4.75],"texture":"#1"}}},{"from":[2,0,2],"to":[3,10,3],"rotation":{"angle":0,"axis":"y","origin":[8,8,8]},"faces":{"north":{"uv":[3.75,4.75,3.5,7.25],"texture":"#1"},"east":{"uv":[3.75,4.75,3.5,7.25],"texture":"#1"},"south":{"uv":[3.75,4.75,3.5,7.25],"texture":"#1"},"west":{"uv":[3.75,4.75,3.5,7.25],"texture":"#1"},"up":{"uv":[3.75,5,4,4.75],"texture":"#1"},"down":{"uv":[3.75,5,4,4.75],"texture":"#1"}}},{"from":[2,0,13],"to":[3,10,14],"rotation":{"angle":0,"axis":"y","origin":[8,8,8]},"faces":{"north":{"uv":[3.5,4.75,3.75,7.25],"texture":"#1"},"east":{"uv":[3.5,4.75,3.75,7.25],"texture":"#1"},"south":{"uv":[3.5,4.75,3.75,7.25],"texture":"#1"},"west":{"uv":[3.5,4.75,3.75,7.25],"texture":"#1"},"up":{"uv":[3.75,4.75,4,5],"texture":"#1"},"down":{"uv":[3.75,4.75,4,5],"texture":"#1"}}},{"from":[13,0,13],"to":[14,10,14],"rotation":{"angle":0,"axis":"y","origin":[8,8,8]},"faces":{"north":{"uv":[3.75,4.75,3.5,7.25],"texture":"#1"},"east":{"uv":[3.75,4.75,3.5,7.25],"texture":"#1"},"south":{"uv":[3.75,4.75,3.5,7.25],"texture":"#1"},"west":{"uv":[3.75,4.75,3.5,7.25],"texture":"#1"},"up":{"uv":[4,4.75,3.75,5],"texture":"#1"},"down":{"uv":[4,4.75,3.75,5],"texture":"#1"}}}],"display":{"thirdperson_righthand":{"translation":[0,3,3.25],"scale":[0.4,0.4,0.4]},"thirdperson_lefthand":{"translation":[0,2.75,3.25],"scale":[0.4,0.4,0.4]},"ground":{"translation":[0,0.75,0],"scale":[0.5,0.5,0.5]},"gui":{"rotation":[40,-40,0],"translation":[0,1.75,0],"scale":[0.8,0.8,0.8]},"head":{"translation":[0,-27,0],"scale":[2,2,2]},"fixed":{"translation":[0,2.5,-1.75],"scale":[0.8,0.8,0.8]}}}