{"credit":"MadewithBlockbench","ambientocclusion":false,"texture_size":[64,64],"textures":{"1":"elitecreatures:exotic_garden_decoration_v1/pot_2"},"elements":[{"from":[-8,14,0],"to":[24,16,16],"rotation":{"angle":0,"axis":"y","origin":[16,8,8]},"faces":{"north":{"uv":[4,10,12,10.5],"texture":"#1"},"east":{"uv":[4.5,0,8.5,0.5],"texture":"#1"},"south":{"uv":[4,10,12,10.5],"texture":"#1"},"west":{"uv":[4.5,0,8.5,0.5],"texture":"#1"},"up":{"uv":[8.5,8.5,4.5,0.5],"rotation":90,"texture":"#1"},"down":{"uv":[8.5,8.5,4.5,0.5],"rotation":270,"texture":"#1"}}},{"from":[-7,1,1],"to":[-5,14,3],"rotation":{"angle":0,"axis":"y","origin":[16,8,8]},"faces":{"north":{"uv":[12,12.75,11.5,16],"texture":"#1"},"east":{"uv":[11.5,12.75,12,16],"texture":"#1"},"south":{"uv":[12,12.75,11.5,16],"texture":"#1"},"west":{"uv":[11.5,12.75,12,16],"texture":"#1"},"down":{"uv":[11.5,12.25,12,12.75],"rotation":270,"texture":"#1"}}},{"from":[-8,0,0],"to":[-4,1,4],"rotation":{"angle":0,"axis":"y","origin":[16,8,8]},"faces":{"north":{"uv":[10.5,12.75,11.5,13],"texture":"#1"},"east":{"uv":[10.5,12.5,11.5,12.75],"texture":"#1"},"south":{"uv":[10.5,12.75,11.5,13],"texture":"#1"},"west":{"uv":[10.5,12.5,11.5,12.75],"texture":"#1"},"up":{"uv":[10.5,13,11.5,14],"rotation":90,"texture":"#1"},"down":{"uv":[10.5,13,11.5,14],"rotation":270,"texture":"#1"}}},{"from":[-7,1,13],"to":[-5,14,15],"rotation":{"angle":0,"axis":"y","origin":[16,8,8]},"faces":{"north":{"uv":[12,12.75,11.5,16],"texture":"#1"},"east":{"uv":[11.5,12.75,12,16],"texture":"#1"},"south":{"uv":[12,12.75,11.5,16],"texture":"#1"},"west":{"uv":[11.5,12.75,12,16],"texture":"#1"},"down":{"uv":[11.5,12.25,12,12.75],"rotation":270,"texture":"#1"}}},{"from":[-8,0,12],"to":[-4,1,16],"rotation":{"angle":0,"axis":"y","origin":[16,8,8]},"faces":{"north":{"uv":[10.5,12.75,11.5,13],"texture":"#1"},"east":{"uv":[10.5,12.5,11.5,12.75],"texture":"#1"},"south":{"uv":[10.5,12.75,11.5,13],"texture":"#1"},"west":{"uv":[10.5,12.5,11.5,12.75],"texture":"#1"},"up":{"uv":[10.5,13,11.5,14],"rotation":90,"texture":"#1"},"down":{"uv":[10.5,13,11.5,14],"rotation":270,"texture":"#1"}}},{"from":[21,1,13],"to":[23,14,15],"rotation":{"angle":0,"axis":"y","origin":[16,8,8]},"faces":{"north":{"uv":[12,12.75,11.5,16],"texture":"#1"},"east":{"uv":[11.5,12.75,12,16],"texture":"#1"},"south":{"uv":[12,12.75,11.5,16],"texture":"#1"},"west":{"uv":[11.5,12.75,12,16],"texture":"#1"},"down":{"uv":[11.5,12.25,12,12.75],"rotation":270,"texture":"#1"}}},{"from":[20,0,12],"to":[24,1,16],"rotation":{"angle":0,"axis":"y","origin":[16,8,8]},"faces":{"north":{"uv":[10.5,12.75,11.5,13],"texture":"#1"},"east":{"uv":[10.5,12.5,11.5,12.75],"texture":"#1"},"south":{"uv":[10.5,12.75,11.5,13],"texture":"#1"},"west":{"uv":[10.5,12.5,11.5,12.75],"texture":"#1"},"up":{"uv":[10.5,13,11.5,14],"rotation":90,"texture":"#1"},"down":{"uv":[10.5,13,11.5,14],"rotation":270,"texture":"#1"}}},{"from":[21,1,1],"to":[23,14,3],"rotation":{"angle":0,"axis":"y","origin":[16,8,8]},"faces":{"north":{"uv":[12,12.75,11.5,16],"texture":"#1"},"east":{"uv":[11.5,12.75,12,16],"texture":"#1"},"south":{"uv":[12,12.75,11.5,16],"texture":"#1"},"west":{"uv":[11.5,12.75,12,16],"texture":"#1"},"down":{"uv":[11.5,12.25,12,12.75],"rotation":270,"texture":"#1"}}},{"from":[20,0,0],"to":[24,1,4],"rotation":{"angle":0,"axis":"y","origin":[16,8,8]},"faces":{"north":{"uv":[10.5,12.75,11.5,13],"texture":"#1"},"east":{"uv":[10.5,12.5,11.5,12.75],"texture":"#1"},"south":{"uv":[10.5,12.75,11.5,13],"texture":"#1"},"west":{"uv":[10.5,12.5,11.5,12.75],"texture":"#1"},"up":{"uv":[10.5,13,11.5,14],"rotation":90,"texture":"#1"},"down":{"uv":[10.5,13,11.5,14],"rotation":270,"texture":"#1"}}}],"display":{"thirdperson_righthand":{"translation":[0,1.75,2.5],"scale":[0.25,0.25,0.25]},"thirdperson_lefthand":{"translation":[0,0,2.75],"scale":[0.25,0.25,0.25]},"firstperson_righthand":{"translation":[4.5,1.5,0],"scale":[0.7,0.7,0.7]},"firstperson_lefthand":{"translation":[2,0.5,0],"scale":[0.7,0.7,0.7]},"ground":{"translation":[0,0.25,0],"scale":[0.3,0.3,0.3]},"gui":{"rotation":[40,-40,0],"scale":[0.45,0.45,0.45]},"head":{"translation":[0,-29.25,0],"scale":[1.8,1.8,1.8]},"fixed":{"translation":[0,-0.25,-3.5],"scale":[0.5,0.5,0.5]}}}