{"credit":"MadewithBlockbench","ambientocclusion":false,"texture_size":[64,64],"textures":{"1":"elitecreatures:exotic_garden_decoration_v1/pot_2"},"elements":[{"from":[8,10,11],"to":[11,11,12],"rotation":{"angle":22.5,"axis":"x","origin":[10.5,5,10.5]},"faces":{"north":{"uv":[0.75,8.75,0,9],"texture":"#1"},"east":{"uv":[1,8.75,0.75,9],"texture":"#1"},"south":{"uv":[0.75,8.75,0,9],"texture":"#1"},"west":{"uv":[1,8.75,0.75,9],"texture":"#1"},"up":{"uv":[0.75,9,0,9.25],"texture":"#1"},"down":{"uv":[0.75,9,0,9.25],"texture":"#1"}}},{"from":[8.5,4,10.5],"to":[10.5,5,12.5],"rotation":{"angle":22.5,"axis":"x","origin":[10.5,5,10.5]},"faces":{"north":{"uv":[0.75,9.75,0.25,10],"texture":"#1"},"east":{"uv":[0.75,9.75,0.25,10],"texture":"#1"},"south":{"uv":[0.75,9.75,0.25,10],"texture":"#1"},"west":{"uv":[0.75,9.75,0.25,10],"texture":"#1"},"up":{"uv":[0.75,10,0.25,10.5],"texture":"#1"},"down":{"uv":[0.75,10,0.25,10.5],"texture":"#1"}}},{"from":[7.5,0,11],"to":[11.5,4,12],"rotation":{"angle":22.5,"axis":"x","origin":[10.5,5,10.5]},"faces":{"north":{"uv":[1.75,9.5,0.75,10.5],"texture":"#1"},"east":{"uv":[2,9.5,1.75,10.5],"texture":"#1"},"south":{"uv":[1.75,9.5,0.75,10.5],"texture":"#1"},"west":{"uv":[2,9.5,1.75,10.5],"texture":"#1"},"up":{"uv":[1.75,9.25,0.75,9.5],"texture":"#1"},"down":{"uv":[1.75,9.25,0.75,9.5],"texture":"#1"}}},{"from":[8.5,-1,11],"to":[10.5,0,12],"rotation":{"angle":22.5,"axis":"x","origin":[10.5,5,10.5]},"faces":{"north":{"uv":[1.5,9,1,9.25],"texture":"#1"},"east":{"uv":[1,9,0.75,9.25],"texture":"#1"},"south":{"uv":[1.5,9,1,9.25],"texture":"#1"},"west":{"uv":[1,9,0.75,9.25],"texture":"#1"},"up":{"uv":[1.5,8.75,1,9],"texture":"#1"},"down":{"uv":[1.5,8.75,1,9],"texture":"#1"}}},{"from":[10.5,-0.5,11],"to":[11,0,12],"rotation":{"angle":22.5,"axis":"x","origin":[10.5,5,10.5]},"faces":{"north":{"uv":[1.125,9,1,9.125],"texture":"#1"},"east":{"uv":[1,9,0.75,9.125],"texture":"#1"},"south":{"uv":[1.125,9,1,9.125],"texture":"#1"},"west":{"uv":[1,9,0.75,9.125],"texture":"#1"},"up":{"uv":[1.125,8.75,1,9],"texture":"#1"},"down":{"uv":[1.125,8.75,1,9],"texture":"#1"}}},{"from":[8,-0.5,11],"to":[8.5,0,12],"rotation":{"angle":22.5,"axis":"x","origin":[10.5,5,10.5]},"faces":{"north":{"uv":[1,9,1.125,9.125],"texture":"#1"},"east":{"uv":[0.75,9,1,9.125],"texture":"#1"},"south":{"uv":[1,9,1.125,9.125],"texture":"#1"},"west":{"uv":[0.75,9,1,9.125],"texture":"#1"},"up":{"uv":[1,8.75,1.125,9],"texture":"#1"},"down":{"uv":[1,8.75,1.125,9],"texture":"#1"}}},{"from":[9,5,11],"to":[10,10,12],"rotation":{"angle":22.5,"axis":"x","origin":[10.5,5,10.5]},"faces":{"north":{"uv":[0.25,9.25,0,10.5],"texture":"#1"},"east":{"uv":[0.25,9.25,0,10.5],"texture":"#1"},"south":{"uv":[0.25,9.25,0,10.5],"texture":"#1"},"west":{"uv":[0.25,9.25,0,10.5],"texture":"#1"}}},{"from":[2.5,11,5],"to":[2.5,14,8],"rotation":{"angle":22.5,"axis":"z","origin":[5.5,6.5,6.5]},"faces":{"east":{"uv":[2.75,9.75,2,10.5],"texture":"#1"},"west":{"uv":[2,9.75,2.75,10.5],"texture":"#1"}}},{"from":[2,6,6],"to":[3,11,7],"rotation":{"angle":22.5,"axis":"z","origin":[5.5,6.5,6.5]},"faces":{"north":{"uv":[0.25,9.25,0,10.5],"texture":"#1"},"east":{"uv":[0.25,9.25,0,10.5],"texture":"#1"},"south":{"uv":[0.25,9.25,0,10.5],"texture":"#1"},"west":{"uv":[0.25,9.25,0,10.5],"texture":"#1"},"up":{"uv":[1,8.75,0.75,9],"rotation":90,"texture":"#1"}}},{"from":[1.5,5,5.5],"to":[3.5,6,7.5],"rotation":{"angle":22.5,"axis":"z","origin":[5.5,6.5,6.5]},"faces":{"north":{"uv":[0.75,9.75,0.25,10],"texture":"#1"},"east":{"uv":[0.75,9.75,0.25,10],"texture":"#1"},"south":{"uv":[0.75,9.75,0.25,10],"texture":"#1"},"west":{"uv":[0.75,9.75,0.25,10],"texture":"#1"},"up":{"uv":[0.75,10,0.25,10.5],"rotation":90,"texture":"#1"},"down":{"uv":[0.75,10,0.25,10.5],"rotation":270,"texture":"#1"}}},{"from":[2.5,0,4],"to":[2.5,5,9],"rotation":{"angle":22.5,"axis":"z","origin":[5.5,6.5,6.5]},"faces":{"east":{"uv":[4,9.25,2.75,10.5],"texture":"#1"},"west":{"uv":[4,9.25,2.75,10.5],"texture":"#1"}}}],"display":{"thirdperson_righthand":{"translation":[0.5,3,2.5],"scale":[0.4,0.4,0.4]},"thirdperson_lefthand":{"translation":[0,3.25,2.5],"scale":[0.4,0.4,0.4]},"firstperson_righthand":{"translation":[0,5.75,0]},"firstperson_lefthand":{"translation":[0,5.75,0]},"ground":{"translation":[0,3.25,0],"scale":[0.7,0.7,0.7]},"gui":{"rotation":[40,-134,0],"translation":[-0.5,0.5,0]},"head":{"translation":[0,-26,0],"scale":[2,2,2]},"fixed":{"rotation":[0,36,0],"translation":[0.75,2.25,-4]}}}