{
	"credit": "Made with Blockbench",
	"textures": {
		"0": "amaterasu_item_set:amaterasu_item_set/eff_01",
		"3": "amaterasu_item_set:amaterasu_item_set/eff_03",
		"4": "amaterasu_item_set:amaterasu_item_set/eff04",
		"5": "amaterasu_item_set:amaterasu_item_set/bow",
		"particle": "amaterasu_item_set:amaterasu_item_set/eff_01"
	},
	"elements": [
		{
			"from": [7.55, 4.175, 7.44149],
			"to": [8.45, 11.375, 8.34149],
			"rotation": {"angle": 0, "axis": "y", "origin": [7.55, 10.475, 7.44149]},
			"faces": {
				"north": {"uv": [9.6, 0, 10, 3.2], "texture": "#5"},
				"east": {"uv": [9.6, 3.2, 10, 6.4], "texture": "#5"},
				"south": {"uv": [9.6, 6.4, 10, 9.6], "texture": "#5"},
				"west": {"uv": [9.6, 9.6, 10, 12.8], "texture": "#5"},
				"up": {"uv": [1.6, 12.8, 1.2, 12.4], "texture": "#5"},
				"down": {"uv": [12.8, 1.2, 12.4, 1.6], "texture": "#5"}
			}
		},
		{
			"from": [7.1, 11.15106, 4.10505],
			"to": [8.9, 12.95106, 5.90505],
			"rotation": {"angle": -22.5, "axis": "x", "origin": [8, 19.45916, 10.60461]},
			"faces": {
				"north": {"uv": [10, 2.4, 10.8, 1.6], "texture": "#5"},
				"east": {"uv": [10, 3.2, 10.8, 2.4], "texture": "#5"},
				"south": {"uv": [10, 4, 10.8, 3.2], "texture": "#5"},
				"west": {"uv": [10, 4.8, 10.8, 4], "texture": "#5"},
				"up": {"uv": [10.8, 6.4, 10, 5.6], "texture": "#5"},
				"down": {"uv": [10.8, 4.8, 10, 5.6], "texture": "#5"}
			}
		},
		{
			"from": [7.325, 10.61281, 7.25592],
			"to": [8.675, 12.41281, 8.60592],
			"rotation": {"angle": 0, "axis": "x", "origin": [8, 19.45916, 10.60461]},
			"faces": {
				"north": {"uv": [10.8, 5.6, 11.4, 4.8], "texture": "#5"},
				"east": {"uv": [10.8, 6.4, 11.4, 5.6], "texture": "#5"},
				"south": {"uv": [10.8, 7.2, 11.4, 6.4], "texture": "#5"},
				"west": {"uv": [10.8, 8, 11.4, 7.2], "texture": "#5"},
				"up": {"uv": [12.2, 2.2, 11.6, 1.6], "texture": "#5"},
				"down": {"uv": [2.2, 11.6, 1.6, 12.2], "texture": "#5"}
			}
		},
		{
			"from": [7.325, 13.20174, 5.73094],
			"to": [8.675, 15.00174, 7.53094],
			"rotation": {"angle": 0, "axis": "x", "origin": [8, 19.45916, 10.60461]},
			"faces": {
				"north": {"uv": [10.8, 0, 11.4, 0.8], "texture": "#5"},
				"east": {"uv": [10, 0, 10.8, 0.8], "texture": "#5"},
				"south": {"uv": [10.8, 0.8, 11.4, 1.6], "texture": "#5"},
				"west": {"uv": [10, 0.8, 10.8, 1.6], "texture": "#5"},
				"up": {"uv": [11.4, 2.4, 10.8, 1.6], "texture": "#5"},
				"down": {"uv": [11.4, 2.4, 10.8, 3.2], "texture": "#5"}
			}
		},
		{
			"from": [7.64, 12.79131, 7.11689],
			"to": [8.36, 13.69131, 8.01689],
			"rotation": {"angle": 0, "axis": "x", "origin": [8, 19.45916, 10.60461]},
			"faces": {
				"north": {"uv": [12.4, 9.6, 12.7, 10], "texture": "#5"},
				"east": {"uv": [12.4, 3.6, 12.8, 4], "texture": "#5"},
				"south": {"uv": [12.4, 10, 12.7, 10.4], "texture": "#5"},
				"west": {"uv": [12.4, 4, 12.8, 4.4], "texture": "#5"},
				"up": {"uv": [12.7, 10.8, 12.4, 10.4], "texture": "#5"},
				"down": {"uv": [12.7, 10.8, 12.4, 11.2], "texture": "#5"}
			}
		},
		{
			"from": [7.1, 12.81278, 11.15562],
			"to": [8.9, 14.16278, 12.05562],
			"rotation": {"angle": 45, "axis": "x", "origin": [8, 19.45916, 10.60461]},
			"faces": {
				"north": {"uv": [10.8, 3.2, 11.6, 3.8], "texture": "#5"},
				"east": {"uv": [11.6, 5.2, 12, 5.8], "texture": "#5"},
				"south": {"uv": [10.8, 4, 11.6, 4.6], "texture": "#5"},
				"west": {"uv": [5.6, 11.6, 6, 12.2], "texture": "#5"},
				"up": {"uv": [4.4, 12, 3.6, 11.6], "texture": "#5"},
				"down": {"uv": [12.4, 3.6, 11.6, 4], "texture": "#5"}
			}
		},
		{
			"from": [6.875, 13.65174, 6.18094],
			"to": [9.125, 14.55174, 7.08094],
			"rotation": {"angle": 0, "axis": "x", "origin": [8, 19.45916, 10.60461]},
			"faces": {
				"north": {"uv": [10.8, 9.6, 11.8, 10], "texture": "#5"},
				"east": {"uv": [12.4, 4.4, 12.8, 4.8], "texture": "#5"},
				"south": {"uv": [10.8, 10, 11.8, 10.4], "texture": "#5"},
				"west": {"uv": [12.4, 4.8, 12.8, 5.2], "texture": "#5"},
				"up": {"uv": [11.8, 10.8, 10.8, 10.4], "texture": "#5"},
				"down": {"uv": [11.8, 10.8, 10.8, 11.2], "texture": "#5"}
			}
		},
		{
			"from": [7.2125, 14.46846, 7.28693],
			"to": [8.7875, 15.14346, 8.63693],
			"rotation": {"angle": 0, "axis": "x", "origin": [8, 19.45916, 10.60461]},
			"faces": {
				"north": {"uv": [6, 11.6, 6.7, 11.9], "texture": "#5"},
				"east": {"uv": [12.4, 0, 13, 0.3], "texture": "#5"},
				"south": {"uv": [11.6, 6, 12.3, 6.3], "texture": "#5"},
				"west": {"uv": [0.4, 12.4, 1, 12.7], "texture": "#5"},
				"up": {"uv": [11.5, 8.6, 10.8, 8], "texture": "#5"},
				"down": {"uv": [11.5, 8.8, 10.8, 9.4], "texture": "#5"}
			}
		},
		{
			"from": [7.64, 17.36807, 7.15903],
			"to": [8.36, 18.71807, 8.50903],
			"rotation": {"angle": 0, "axis": "x", "origin": [8, 19.45916, 10.60461]},
			"faces": {
				"north": {"uv": [4.8, 12, 5.1, 12.6], "texture": "#5"},
				"east": {"uv": [0, 11.6, 0.6, 12.2], "texture": "#5"},
				"south": {"uv": [12, 5.2, 12.3, 5.8], "texture": "#5"},
				"west": {"uv": [11.6, 0, 12.2, 0.6], "texture": "#5"},
				"up": {"uv": [6.3, 12.6, 6, 12], "texture": "#5"},
				"down": {"uv": [6.7, 12, 6.4, 12.6], "texture": "#5"}
			}
		},
		{
			"from": [7.415, 17.72035, 7.51131],
			"to": [8.585, 18.39535, 8.18631],
			"rotation": {"angle": 0, "axis": "x", "origin": [8, 19.45916, 10.60461]},
			"faces": {
				"north": {"uv": [12.4, 6.4, 12.9, 6.7], "texture": "#5"},
				"east": {"uv": [12.8, 1.2, 13.1, 1.5], "texture": "#5"},
				"south": {"uv": [12.4, 6.8, 12.9, 7.1], "texture": "#5"},
				"west": {"uv": [1.6, 12.8, 1.9, 13.1], "texture": "#5"},
				"up": {"uv": [12.9, 7.5, 12.4, 7.2], "texture": "#5"},
				"down": {"uv": [12.9, 7.6, 12.4, 7.9], "texture": "#5"}
			}
		},
		{
			"from": [7.55, 9.15984, 9.67472],
			"to": [8.45, 25.58484, 10.12472],
			"rotation": {"angle": 45, "axis": "x", "origin": [8, 19.45916, 10.60461]},
			"faces": {
				"north": {"uv": [8.4, 0, 8.8, 7.3], "texture": "#5"},
				"east": {"uv": [9.2, 0, 9.4, 7.3], "texture": "#5"},
				"south": {"uv": [8.4, 7.6, 8.8, 14.9], "texture": "#5"},
				"west": {"uv": [9.2, 7.6, 9.4, 14.9], "texture": "#5"},
				"up": {"uv": [13.2, 3.8, 12.8, 3.6], "texture": "#5"},
				"down": {"uv": [4.4, 12.8, 4, 13], "texture": "#5"}
			}
		},
		{
			"from": [7.95, 7.51949, 16.25557],
			"to": [8.05, 23.94449, 16.35557],
			"rotation": {"angle": 0, "axis": "x", "origin": [8.4, 18.48199, 8.63057]},
			"faces": {
				"north": {"uv": [13.3, 0, 13.7, 7.3], "texture": "#5"},
				"east": {"uv": [14.1, 0, 14.3, 7.3], "texture": "#5"},
				"south": {"uv": [13.3, 7.6, 13.7, 14.9], "texture": "#5"},
				"west": {"uv": [14.1, 7.6, 14.3, 14.9], "texture": "#5"},
				"up": {"uv": [13.2, 3.8, 12.8, 3.6], "texture": "#5"},
				"down": {"uv": [4.4, 12.8, 4, 13], "texture": "#5"}
			}
		},
		{
			"from": [7.95, -7.94449, 16.25557],
			"to": [8.05, 8.48051, 16.35557],
			"rotation": {"angle": 0, "axis": "x", "origin": [8.4, -2.48199, 8.63057]},
			"faces": {
				"north": {"uv": [13.3, 7.3, 13.7, 0], "texture": "#5"},
				"east": {"uv": [14.1, 7.3, 14.3, 0], "texture": "#5"},
				"south": {"uv": [13.3, 14.9, 13.7, 7.6], "texture": "#5"},
				"west": {"uv": [14.1, 14.9, 14.3, 7.6], "texture": "#5"},
				"up": {"uv": [4.4, 13, 4, 12.8], "texture": "#5"},
				"down": {"uv": [13.2, 3.6, 12.8, 3.8], "texture": "#5"}
			}
		},
		{
			"from": [7.55, 11.78414, 10.11792],
			"to": [8.45, 12.68414, 11.46792],
			"rotation": {"angle": 45, "axis": "x", "origin": [8, 19.45916, 10.60461]},
			"faces": {
				"north": {"uv": [1.6, 12.4, 2, 12.8], "texture": "#5"},
				"east": {"uv": [11.6, 4, 12.2, 4.4], "texture": "#5"},
				"south": {"uv": [12.4, 1.6, 12.8, 2], "texture": "#5"},
				"west": {"uv": [4.4, 11.6, 5, 12], "texture": "#5"},
				"up": {"uv": [12, 5, 11.6, 4.4], "texture": "#5"},
				"down": {"uv": [5.6, 11.6, 5.2, 12.2], "texture": "#5"}
			}
		},
		{
			"from": [7.64, 14.37624, 4.83341],
			"to": [8.36, 15.72624, 5.55341],
			"rotation": {"angle": 0, "axis": "x", "origin": [8, 19.45916, 10.60461]},
			"faces": {
				"north": {"uv": [12, 9.6, 12.3, 10.2], "texture": "#5"},
				"east": {"uv": [10, 12, 10.3, 12.6], "texture": "#5"},
				"south": {"uv": [10.4, 12, 10.7, 12.6], "texture": "#5"},
				"west": {"uv": [12, 10.4, 12.3, 11], "texture": "#5"},
				"up": {"uv": [13.1, 2.7, 12.8, 2.4], "texture": "#5"},
				"down": {"uv": [13.1, 2.8, 12.8, 3.1], "texture": "#5"}
			}
		},
		{
			"from": [7.64, 18.07175, 6.36415],
			"to": [8.36, 19.42175, 7.08415],
			"rotation": {"angle": 0, "axis": "x", "origin": [8, 19.45916, 10.60461]},
			"faces": {
				"north": {"uv": [12, 9.6, 12.3, 10.2], "texture": "#5"},
				"east": {"uv": [10, 12, 10.3, 12.6], "texture": "#5"},
				"south": {"uv": [10.4, 12, 10.7, 12.6], "texture": "#5"},
				"west": {"uv": [12, 10.4, 12.3, 11], "texture": "#5"},
				"up": {"uv": [13.1, 2.7, 12.8, 2.4], "texture": "#5"},
				"down": {"uv": [13.1, 2.8, 12.8, 3.1], "texture": "#5"}
			}
		},
		{
			"from": [7.55, 15.47966, 8.58719],
			"to": [8.45, 16.37966, 9.93719],
			"rotation": {"angle": 45, "axis": "x", "origin": [8, 19.45916, 10.60461]},
			"faces": {
				"north": {"uv": [1.6, 12.4, 2, 12.8], "texture": "#5"},
				"east": {"uv": [11.6, 4, 12.2, 4.4], "texture": "#5"},
				"south": {"uv": [12.4, 1.6, 12.8, 2], "texture": "#5"},
				"west": {"uv": [4.4, 11.6, 5, 12], "texture": "#5"},
				"up": {"uv": [12, 5, 11.6, 4.4], "texture": "#5"},
				"down": {"uv": [5.6, 11.6, 5.2, 12.2], "texture": "#5"}
			}
		},
		{
			"from": [7.775, 8.93484, 8.32472],
			"to": [8.225, 25.58484, 10.57472],
			"rotation": {"angle": 45, "axis": "x", "origin": [8, 19.45916, 10.60461]},
			"faces": {
				"north": {"uv": [8.8, 0, 9, 7.4], "texture": "#5"},
				"east": {"uv": [7.2, 0, 8.2, 7.4], "texture": "#5"},
				"south": {"uv": [8.8, 7.6, 9, 15], "texture": "#5"},
				"west": {"uv": [7.2, 7.6, 8.2, 15], "texture": "#5"},
				"up": {"uv": [11.8, 7.4, 11.6, 6.4], "texture": "#5"},
				"down": {"uv": [7, 11.6, 6.8, 12.6], "texture": "#5"}
			}
		},
		{
			"from": [7.73, 10.71373, 9.16333],
			"to": [8.27, 12.73873, 9.70333],
			"rotation": {"angle": 45, "axis": "x", "origin": [8, 19.45916, 10.60461]},
			"faces": {
				"north": {"uv": [10.8, 12, 11, 12.9], "texture": "#5"},
				"east": {"uv": [11.2, 12, 11.4, 12.9], "texture": "#5"},
				"south": {"uv": [12, 11.2, 12.2, 12.1], "texture": "#5"},
				"west": {"uv": [0, 12.4, 0.2, 13.3], "texture": "#5"},
				"up": {"uv": [13, 5, 12.8, 4.8], "texture": "#5"},
				"down": {"uv": [5.4, 12.8, 5.2, 13], "texture": "#5"}
			}
		},
		{
			"from": [7.415, 22.17512, 11.96608],
			"to": [8.585, 22.85012, 12.64108],
			"rotation": {"angle": 0, "axis": "x", "origin": [8, 19.45916, 10.60461]},
			"faces": {
				"north": {"uv": [5.2, 12.4, 5.7, 12.7], "texture": "#5"},
				"east": {"uv": [0.8, 12.8, 1.1, 13.1], "texture": "#5"},
				"south": {"uv": [12.4, 5.2, 12.9, 5.5], "texture": "#5"},
				"west": {"uv": [1.2, 12.8, 1.5, 13.1], "texture": "#5"},
				"up": {"uv": [12.9, 5.9, 12.4, 5.6], "texture": "#5"},
				"down": {"uv": [12.9, 6, 12.4, 6.3], "texture": "#5"}
			}
		},
		{
			"from": [7.64, 21.82284, 11.6138],
			"to": [8.36, 23.17284, 12.9638],
			"rotation": {"angle": 0, "axis": "x", "origin": [8, 19.45916, 10.60461]},
			"faces": {
				"north": {"uv": [12, 6.4, 12.3, 7], "texture": "#5"},
				"east": {"uv": [0.8, 11.6, 1.4, 12.2], "texture": "#5"},
				"south": {"uv": [12, 7.2, 12.3, 7.8], "texture": "#5"},
				"west": {"uv": [11.6, 0.8, 12.2, 1.4], "texture": "#5"},
				"up": {"uv": [12.3, 8.6, 12, 8], "texture": "#5"},
				"down": {"uv": [12.3, 8.8, 12, 9.4], "texture": "#5"}
			}
		},
		{
			"from": [7.1, 20.29376, 15.97632],
			"to": [8.9, 22.09376, 17.77632],
			"rotation": {"angle": -22.5, "axis": "x", "origin": [8, 17.45916, 8.60461]},
			"faces": {
				"north": {"uv": [10.8, 4.8, 10, 5.6], "rotation": 180, "texture": "#5"},
				"east": {"uv": [10, 3.2, 10.8, 2.4], "rotation": 270, "texture": "#5"},
				"south": {"uv": [10.8, 6.4, 10, 5.6], "texture": "#5"},
				"west": {"uv": [10, 4.8, 10.8, 4], "rotation": 90, "texture": "#5"},
				"up": {"uv": [10, 2.4, 10.8, 1.6], "rotation": 180, "texture": "#5"},
				"down": {"uv": [10, 4, 10.8, 3.2], "texture": "#5"}
			}
		},
		{
			"from": [7.325, 23.73525, 14.9582],
			"to": [8.675, 25.08525, 16.7582],
			"rotation": {"angle": 0, "axis": "x", "origin": [8, 17.45916, 8.60461]},
			"faces": {
				"north": {"uv": [2.2, 11.6, 1.6, 12.2], "rotation": 180, "texture": "#5"},
				"east": {"uv": [10.8, 6.4, 11.4, 5.6], "rotation": 270, "texture": "#5"},
				"south": {"uv": [12.2, 2.2, 11.6, 1.6], "texture": "#5"},
				"west": {"uv": [10.8, 8, 11.4, 7.2], "rotation": 90, "texture": "#5"},
				"up": {"uv": [10.8, 5.6, 11.4, 4.8], "rotation": 180, "texture": "#5"},
				"down": {"uv": [10.8, 7.2, 11.4, 6.4], "texture": "#5"}
			}
		},
		{
			"from": [8.1, 2.82049, 7.77893],
			"to": [8.1, 28.47049, 15.42893],
			"rotation": {"angle": 45, "axis": "x", "origin": [8.1, 19.45916, 10.60461]},
			"faces": {
				"north": {"uv": [0, 0, 0, 11.4], "texture": "#5"},
				"east": {"uv": [0, 0, 3.4, 11.4], "texture": "#5"},
				"south": {"uv": [0, 0, 0, 11.4], "texture": "#5"},
				"west": {"uv": [3.6, 0, 7, 11.4], "texture": "#5"},
				"up": {"uv": [0, 3.4, 0, 0], "texture": "#5"},
				"down": {"uv": [0, 0, 0, 3.4], "texture": "#5"}
			}
		},
		{
			"from": [7.75, 11.175, 8.19149],
			"to": [8.25, 18.375, 8.79149],
			"rotation": {"angle": 22.5, "axis": "x", "origin": [8, 19.45916, 10.60461]},
			"faces": {
				"north": {"uv": [9.6, 0, 10, 3.2], "texture": "#5"},
				"east": {"uv": [9.6, 3.2, 10, 6.4], "texture": "#5"},
				"south": {"uv": [9.6, 6.4, 10, 9.6], "texture": "#5"},
				"west": {"uv": [9.6, 9.6, 10, 12.8], "texture": "#5"},
				"up": {"uv": [1.6, 12.8, 1.2, 12.4], "texture": "#5"},
				"down": {"uv": [12.8, 1.2, 12.4, 1.6], "texture": "#5"}
			}
		},
		{
			"from": [7.1, 3.04894, 4.10505],
			"to": [8.9, 4.84894, 5.90505],
			"rotation": {"angle": 22.5, "axis": "x", "origin": [8, -3.45916, 10.60461]},
			"faces": {
				"north": {"uv": [10, 1.6, 10.8, 2.4], "texture": "#5"},
				"east": {"uv": [10, 2.4, 10.8, 3.2], "texture": "#5"},
				"south": {"uv": [10, 3.2, 10.8, 4], "texture": "#5"},
				"west": {"uv": [10, 4, 10.8, 4.8], "texture": "#5"},
				"up": {"uv": [10.8, 5.6, 10, 4.8], "texture": "#5"},
				"down": {"uv": [10.8, 5.6, 10, 6.4], "texture": "#5"}
			}
		},
		{
			"from": [7.325, 3.58719, 7.25592],
			"to": [8.675, 5.38719, 8.60592],
			"rotation": {"angle": 0, "axis": "x", "origin": [8, -3.45916, 10.60461]},
			"faces": {
				"north": {"uv": [10.8, 4.8, 11.4, 5.6], "texture": "#5"},
				"east": {"uv": [10.8, 5.6, 11.4, 6.4], "texture": "#5"},
				"south": {"uv": [10.8, 6.4, 11.4, 7.2], "texture": "#5"},
				"west": {"uv": [10.8, 7.2, 11.4, 8], "texture": "#5"},
				"up": {"uv": [2.2, 12.2, 1.6, 11.6], "texture": "#5"},
				"down": {"uv": [12.2, 1.6, 11.6, 2.2], "texture": "#5"}
			}
		},
		{
			"from": [7.325, 0.99826, 5.73094],
			"to": [8.675, 2.79826, 7.53094],
			"rotation": {"angle": 0, "axis": "x", "origin": [8, -3.45916, 10.60461]},
			"faces": {
				"north": {"uv": [10.8, 0.8, 11.4, 0], "texture": "#5"},
				"east": {"uv": [10, 0.8, 10.8, 0], "texture": "#5"},
				"south": {"uv": [10.8, 1.6, 11.4, 0.8], "texture": "#5"},
				"west": {"uv": [10, 1.6, 10.8, 0.8], "texture": "#5"},
				"up": {"uv": [11.4, 3.2, 10.8, 2.4], "texture": "#5"},
				"down": {"uv": [11.4, 1.6, 10.8, 2.4], "texture": "#5"}
			}
		},
		{
			"from": [7.64, 2.30869, 7.11689],
			"to": [8.36, 3.20869, 8.01689],
			"rotation": {"angle": 0, "axis": "x", "origin": [8, -3.45916, 10.60461]},
			"faces": {
				"north": {"uv": [12.4, 10, 12.7, 9.6], "texture": "#5"},
				"east": {"uv": [12.4, 4, 12.8, 3.6], "texture": "#5"},
				"south": {"uv": [12.4, 10.4, 12.7, 10], "texture": "#5"},
				"west": {"uv": [12.4, 4.4, 12.8, 4], "texture": "#5"},
				"up": {"uv": [12.7, 11.2, 12.4, 10.8], "texture": "#5"},
				"down": {"uv": [12.7, 10.4, 12.4, 10.8], "texture": "#5"}
			}
		},
		{
			"from": [7.1, 1.83722, 11.15562],
			"to": [8.9, 3.18722, 12.05562],
			"rotation": {"angle": -45, "axis": "x", "origin": [8, -3.45916, 10.60461]},
			"faces": {
				"north": {"uv": [10.8, 3.8, 11.6, 3.2], "texture": "#5"},
				"east": {"uv": [11.6, 5.8, 12, 5.2], "texture": "#5"},
				"south": {"uv": [10.8, 4.6, 11.6, 4], "texture": "#5"},
				"west": {"uv": [5.6, 12.2, 6, 11.6], "texture": "#5"},
				"up": {"uv": [12.4, 4, 11.6, 3.6], "texture": "#5"},
				"down": {"uv": [4.4, 11.6, 3.6, 12], "texture": "#5"}
			}
		},
		{
			"from": [6.875, 1.44826, 6.18094],
			"to": [9.125, 2.34826, 7.08094],
			"rotation": {"angle": 0, "axis": "x", "origin": [8, -3.45916, 10.60461]},
			"faces": {
				"north": {"uv": [10.8, 10, 11.8, 9.6], "texture": "#5"},
				"east": {"uv": [12.4, 4.8, 12.8, 4.4], "texture": "#5"},
				"south": {"uv": [10.8, 10.4, 11.8, 10], "texture": "#5"},
				"west": {"uv": [12.4, 5.2, 12.8, 4.8], "texture": "#5"},
				"up": {"uv": [11.8, 11.2, 10.8, 10.8], "texture": "#5"},
				"down": {"uv": [11.8, 10.4, 10.8, 10.8], "texture": "#5"}
			}
		},
		{
			"from": [7.2125, 0.85654, 7.28693],
			"to": [8.7875, 1.53154, 8.63693],
			"rotation": {"angle": 0, "axis": "x", "origin": [8, -3.45916, 10.60461]},
			"faces": {
				"north": {"uv": [6, 11.9, 6.7, 11.6], "texture": "#5"},
				"east": {"uv": [12.4, 0.3, 13, 0], "texture": "#5"},
				"south": {"uv": [11.6, 6.3, 12.3, 6], "texture": "#5"},
				"west": {"uv": [0.4, 12.7, 1, 12.4], "texture": "#5"},
				"up": {"uv": [11.5, 9.4, 10.8, 8.8], "texture": "#5"},
				"down": {"uv": [11.5, 8, 10.8, 8.6], "texture": "#5"}
			}
		},
		{
			"from": [7.64, -2.71807, 7.15903],
			"to": [8.36, -1.36807, 8.50903],
			"rotation": {"angle": 0, "axis": "x", "origin": [8, -3.45916, 10.60461]},
			"faces": {
				"north": {"uv": [4.8, 12.6, 5.1, 12], "texture": "#5"},
				"east": {"uv": [0, 12.2, 0.6, 11.6], "texture": "#5"},
				"south": {"uv": [12, 5.8, 12.3, 5.2], "texture": "#5"},
				"west": {"uv": [11.6, 0.6, 12.2, 0], "texture": "#5"},
				"up": {"uv": [6.7, 12.6, 6.4, 12], "texture": "#5"},
				"down": {"uv": [6.3, 12, 6, 12.6], "texture": "#5"}
			}
		},
		{
			"from": [7.415, -2.39535, 7.51131],
			"to": [8.585, -1.72035, 8.18631],
			"rotation": {"angle": 0, "axis": "x", "origin": [8, -3.45916, 10.60461]},
			"faces": {
				"north": {"uv": [12.4, 6.7, 12.9, 6.4], "texture": "#5"},
				"east": {"uv": [12.8, 1.5, 13.1, 1.2], "texture": "#5"},
				"south": {"uv": [12.4, 7.1, 12.9, 6.8], "texture": "#5"},
				"west": {"uv": [1.6, 13.1, 1.9, 12.8], "texture": "#5"},
				"up": {"uv": [12.9, 7.9, 12.4, 7.6], "texture": "#5"},
				"down": {"uv": [12.9, 7.2, 12.4, 7.5], "texture": "#5"}
			}
		},
		{
			"from": [7.55, -9.58484, 9.67472],
			"to": [8.45, 6.84016, 10.12472],
			"rotation": {"angle": -45, "axis": "x", "origin": [8, -3.45916, 10.60461]},
			"faces": {
				"north": {"uv": [8.4, 7.3, 8.8, 0], "texture": "#5"},
				"east": {"uv": [9.2, 7.3, 9.4, 0], "texture": "#5"},
				"south": {"uv": [8.4, 14.9, 8.8, 7.6], "texture": "#5"},
				"west": {"uv": [9.2, 14.9, 9.4, 7.6], "texture": "#5"},
				"up": {"uv": [4.4, 13, 4, 12.8], "texture": "#5"},
				"down": {"uv": [13.2, 3.6, 12.8, 3.8], "texture": "#5"}
			}
		},
		{
			"from": [7.55, 3.31586, 10.11792],
			"to": [8.45, 4.21586, 11.46792],
			"rotation": {"angle": -45, "axis": "x", "origin": [8, -3.45916, 10.60461]},
			"faces": {
				"north": {"uv": [1.6, 12.8, 2, 12.4], "texture": "#5"},
				"east": {"uv": [11.6, 4.4, 12.2, 4], "texture": "#5"},
				"south": {"uv": [12.4, 2, 12.8, 1.6], "texture": "#5"},
				"west": {"uv": [4.4, 12, 5, 11.6], "texture": "#5"},
				"up": {"uv": [5.6, 12.2, 5.2, 11.6], "texture": "#5"},
				"down": {"uv": [12, 4.4, 11.6, 5], "texture": "#5"}
			}
		},
		{
			"from": [7.64, 0.27376, 4.83341],
			"to": [8.36, 1.62376, 5.55341],
			"rotation": {"angle": 0, "axis": "x", "origin": [8, -3.45916, 10.60461]},
			"faces": {
				"north": {"uv": [12, 10.2, 12.3, 9.6], "texture": "#5"},
				"east": {"uv": [10, 12.6, 10.3, 12], "texture": "#5"},
				"south": {"uv": [10.4, 12.6, 10.7, 12], "texture": "#5"},
				"west": {"uv": [12, 11, 12.3, 10.4], "texture": "#5"},
				"up": {"uv": [13.1, 3.1, 12.8, 2.8], "texture": "#5"},
				"down": {"uv": [13.1, 2.4, 12.8, 2.7], "texture": "#5"}
			}
		},
		{
			"from": [7.64, -3.42175, 6.36415],
			"to": [8.36, -2.07175, 7.08415],
			"rotation": {"angle": 0, "axis": "x", "origin": [8, -3.45916, 10.60461]},
			"faces": {
				"north": {"uv": [12, 10.2, 12.3, 9.6], "texture": "#5"},
				"east": {"uv": [10, 12.6, 10.3, 12], "texture": "#5"},
				"south": {"uv": [10.4, 12.6, 10.7, 12], "texture": "#5"},
				"west": {"uv": [12, 11, 12.3, 10.4], "texture": "#5"},
				"up": {"uv": [13.1, 3.1, 12.8, 2.8], "texture": "#5"},
				"down": {"uv": [13.1, 2.4, 12.8, 2.7], "texture": "#5"}
			}
		},
		{
			"from": [7.55, -0.37966, 8.58719],
			"to": [8.45, 0.52034, 9.93719],
			"rotation": {"angle": -45, "axis": "x", "origin": [8, -3.45916, 10.60461]},
			"faces": {
				"north": {"uv": [1.6, 12.8, 2, 12.4], "texture": "#5"},
				"east": {"uv": [11.6, 4.4, 12.2, 4], "texture": "#5"},
				"south": {"uv": [12.4, 2, 12.8, 1.6], "texture": "#5"},
				"west": {"uv": [4.4, 12, 5, 11.6], "texture": "#5"},
				"up": {"uv": [5.6, 12.2, 5.2, 11.6], "texture": "#5"},
				"down": {"uv": [12, 4.4, 11.6, 5], "texture": "#5"}
			}
		},
		{
			"from": [7.775, -9.58484, 8.32472],
			"to": [8.225, 7.06516, 10.57472],
			"rotation": {"angle": -45, "axis": "x", "origin": [8, -3.45916, 10.60461]},
			"faces": {
				"north": {"uv": [8.8, 7.4, 9, 0], "texture": "#5"},
				"east": {"uv": [7.2, 7.4, 8.2, 0], "texture": "#5"},
				"south": {"uv": [8.8, 15, 9, 7.6], "texture": "#5"},
				"west": {"uv": [7.2, 15, 8.2, 7.6], "texture": "#5"},
				"up": {"uv": [7, 12.6, 6.8, 11.6], "texture": "#5"},
				"down": {"uv": [11.8, 6.4, 11.6, 7.4], "texture": "#5"}
			}
		},
		{
			"from": [7.73, 3.26127, 9.16333],
			"to": [8.27, 5.28627, 9.70333],
			"rotation": {"angle": -45, "axis": "x", "origin": [8, -3.45916, 10.60461]},
			"faces": {
				"north": {"uv": [10.8, 12.9, 11, 12], "texture": "#5"},
				"east": {"uv": [11.2, 12.9, 11.4, 12], "texture": "#5"},
				"south": {"uv": [12, 12.1, 12.2, 11.2], "texture": "#5"},
				"west": {"uv": [0, 13.3, 0.2, 12.4], "texture": "#5"},
				"up": {"uv": [5.4, 13, 5.2, 12.8], "texture": "#5"},
				"down": {"uv": [13, 4.8, 12.8, 5], "texture": "#5"}
			}
		},
		{
			"from": [7.415, -6.85012, 11.96608],
			"to": [8.585, -6.17512, 12.64108],
			"rotation": {"angle": 0, "axis": "x", "origin": [8, -3.45916, 10.60461]},
			"faces": {
				"north": {"uv": [5.2, 12.7, 5.7, 12.4], "texture": "#5"},
				"east": {"uv": [0.8, 13.1, 1.1, 12.8], "texture": "#5"},
				"south": {"uv": [12.4, 5.5, 12.9, 5.2], "texture": "#5"},
				"west": {"uv": [1.2, 13.1, 1.5, 12.8], "texture": "#5"},
				"up": {"uv": [12.9, 6.3, 12.4, 6], "texture": "#5"},
				"down": {"uv": [12.9, 5.6, 12.4, 5.9], "texture": "#5"}
			}
		},
		{
			"from": [7.64, -7.17284, 11.6138],
			"to": [8.36, -5.82284, 12.9638],
			"rotation": {"angle": 0, "axis": "x", "origin": [8, -3.45916, 10.60461]},
			"faces": {
				"north": {"uv": [12, 7, 12.3, 6.4], "texture": "#5"},
				"east": {"uv": [0.8, 12.2, 1.4, 11.6], "texture": "#5"},
				"south": {"uv": [12, 7.8, 12.3, 7.2], "texture": "#5"},
				"west": {"uv": [11.6, 1.4, 12.2, 0.8], "texture": "#5"},
				"up": {"uv": [12.3, 9.4, 12, 8.8], "texture": "#5"},
				"down": {"uv": [12.3, 8, 12, 8.6], "texture": "#5"}
			}
		},
		{
			"from": [7.1, -6.09376, 15.97632],
			"to": [8.9, -4.29376, 17.77632],
			"rotation": {"angle": 22.5, "axis": "x", "origin": [8, -1.45916, 8.60461]},
			"faces": {
				"north": {"uv": [10.8, 5.6, 10, 4.8], "rotation": 180, "texture": "#5"},
				"east": {"uv": [10.8, 3.2, 10, 2.4], "rotation": 270, "texture": "#5"},
				"south": {"uv": [10.8, 5.6, 10, 6.4], "texture": "#5"},
				"west": {"uv": [10.8, 4.8, 10, 4], "rotation": 90, "texture": "#5"},
				"up": {"uv": [10, 3.2, 10.8, 4], "texture": "#5"},
				"down": {"uv": [10, 1.6, 10.8, 2.4], "rotation": 180, "texture": "#5"}
			}
		},
		{
			"from": [7.325, -9.08525, 14.9582],
			"to": [8.675, -7.73525, 16.7582],
			"rotation": {"angle": 0, "axis": "x", "origin": [8, -1.45916, 8.60461]},
			"faces": {
				"north": {"uv": [2.2, 12.2, 1.6, 11.6], "rotation": 180, "texture": "#5"},
				"east": {"uv": [11.4, 6.4, 10.8, 5.6], "rotation": 270, "texture": "#5"},
				"south": {"uv": [12.2, 1.6, 11.6, 2.2], "texture": "#5"},
				"west": {"uv": [11.4, 8, 10.8, 7.2], "rotation": 90, "texture": "#5"},
				"up": {"uv": [10.8, 6.4, 11.4, 7.2], "texture": "#5"},
				"down": {"uv": [10.8, 4.8, 11.4, 5.6], "rotation": 180, "texture": "#5"}
			}
		},
		{
			"from": [8.1, -12.47049, 7.77893],
			"to": [8.1, 13.17951, 15.42893],
			"rotation": {"angle": -45, "axis": "x", "origin": [8.1, -3.45916, 10.60461]},
			"faces": {
				"north": {"uv": [0, 11.4, 0, 0], "texture": "#5"},
				"east": {"uv": [0, 11.4, 3.4, 0], "texture": "#5"},
				"south": {"uv": [0, 11.4, 0, 0], "texture": "#5"},
				"west": {"uv": [3.6, 11.4, 7, 0], "texture": "#5"},
				"up": {"uv": [0, 3.4, 0, 0], "texture": "#5"},
				"down": {"uv": [0, 0, 0, 3.4], "texture": "#5"}
			}
		},
		{
			"from": [7.75, -2.375, 8.19149],
			"to": [8.25, 4.825, 8.79149],
			"rotation": {"angle": -22.5, "axis": "x", "origin": [8, -3.45916, 10.60461]},
			"faces": {
				"north": {"uv": [9.6, 3.2, 10, 0], "texture": "#5"},
				"east": {"uv": [9.6, 6.4, 10, 3.2], "texture": "#5"},
				"south": {"uv": [9.6, 9.6, 10, 6.4], "texture": "#5"},
				"west": {"uv": [9.6, 12.8, 10, 9.6], "texture": "#5"},
				"up": {"uv": [12.8, 1.6, 12.4, 1.2], "texture": "#5"},
				"down": {"uv": [1.6, 12.4, 1.2, 12.8], "texture": "#5"}
			}
		},
		{
			"from": [7.91, 11.3, 4.99149],
			"to": [7.91, 14.9, 8.59149],
			"rotation": {"angle": 0, "axis": "y", "origin": [8, 13.1, 7.46649]},
			"faces": {
				"north": {"uv": [0, 0, 0, 10], "texture": "#0"},
				"east": {"uv": [0, 0, 16, 16], "texture": "#0"},
				"south": {"uv": [0, 0, 0, 10], "texture": "#0"},
				"west": {"uv": [0, 0, 16, 16], "texture": "#0"},
				"up": {"uv": [0, 0, 0, 10], "texture": "#0"},
				"down": {"uv": [0, 0, 0, 10], "texture": "#0"}
			}
		},
		{
			"from": [7.91, 1.1, 4.99149],
			"to": [7.91, 4.7, 8.59149],
			"rotation": {"angle": 0, "axis": "y", "origin": [8, 2.9, 7.46649]},
			"faces": {
				"north": {"uv": [0, 10, 0, 0], "texture": "#0"},
				"east": {"uv": [0, 16, 16, 0], "texture": "#0"},
				"south": {"uv": [0, 10, 0, 0], "texture": "#0"},
				"west": {"uv": [0, 16, 16, 0], "texture": "#0"},
				"up": {"uv": [0, 10, 0, 0], "texture": "#0"},
				"down": {"uv": [0, 10, 0, 0], "texture": "#0"}
			}
		},
		{
			"from": [8, 12.94664, 5.53234],
			"to": [8, 15.64664, 10.03234],
			"rotation": {"angle": -22.5, "axis": "x", "origin": [8, 15.30914, 7.21984]},
			"faces": {
				"north": {"uv": [0, 10, 0, 0], "rotation": 180, "texture": "#4"},
				"east": {"uv": [0, 0, 16, 16], "rotation": 270, "texture": "#4"},
				"south": {"uv": [0, 10, 0, 0], "texture": "#4"},
				"west": {"uv": [16, 0, 0, 16], "rotation": 90, "texture": "#4"},
				"up": {"uv": [0, 10, 0, 0], "texture": "#4"},
				"down": {"uv": [0, 10, 0, 0], "rotation": 180, "texture": "#4"}
			}
		},
		{
			"from": [8, 12.94664, 5.53234],
			"to": [8, 15.64664, 10.03234],
			"rotation": {"angle": -22.5, "axis": "x", "origin": [8, 15.30914, 7.21984]},
			"faces": {
				"north": {"uv": [0, 10, 0, 0], "rotation": 180, "texture": "#4"},
				"east": {"uv": [0, 0, 16, 16], "rotation": 270, "texture": "#4"},
				"south": {"uv": [0, 10, 0, 0], "texture": "#4"},
				"west": {"uv": [16, 0, 0, 16], "rotation": 90, "texture": "#4"},
				"up": {"uv": [0, 10, 0, 0], "texture": "#4"},
				"down": {"uv": [0, 10, 0, 0], "rotation": 180, "texture": "#4"}
			}
		},
		{
			"from": [8, 21.37734, 9.85614],
			"to": [8, 25.87734, 14.35614],
			"rotation": {"angle": 22.5, "axis": "x", "origin": [8, 23.30914, 13.21984]},
			"faces": {
				"north": {"uv": [0, 10, 0, 0], "rotation": 180, "texture": "#3"},
				"east": {"uv": [0, 0, 16, 16], "rotation": 270, "texture": "#3"},
				"south": {"uv": [0, 10, 0, 0], "texture": "#3"},
				"west": {"uv": [16, 0, 0, 16], "rotation": 90, "texture": "#3"},
				"up": {"uv": [0, 10, 0, 0], "texture": "#3"},
				"down": {"uv": [0, 10, 0, 0], "rotation": 180, "texture": "#3"}
			}
		},
		{
			"from": [8, -9.87734, 9.85614],
			"to": [8, -5.37734, 14.35614],
			"rotation": {"angle": -22.5, "axis": "x", "origin": [8, -7.30914, 13.21984]},
			"faces": {
				"north": {"uv": [0, 0, 0, 10], "rotation": 180, "texture": "#3"},
				"east": {"uv": [16, 0, 0, 16], "rotation": 270, "texture": "#3"},
				"south": {"uv": [0, 0, 0, 10], "texture": "#3"},
				"west": {"uv": [0, 0, 16, 16], "rotation": 90, "texture": "#3"},
				"up": {"uv": [0, 0, 0, 10], "rotation": 180, "texture": "#3"},
				"down": {"uv": [0, 0, 0, 10], "texture": "#3"}
			}
		},
		{
			"from": [8, 0.35336, 5.53234],
			"to": [8, 3.05336, 10.03234],
			"rotation": {"angle": 22.5, "axis": "x", "origin": [8, 0.69086, 7.21984]},
			"faces": {
				"north": {"uv": [0, 0, 0, 10], "rotation": 180, "texture": "#4"},
				"east": {"uv": [16, 0, 0, 16], "rotation": 270, "texture": "#4"},
				"south": {"uv": [0, 0, 0, 10], "texture": "#4"},
				"west": {"uv": [0, 0, 16, 16], "rotation": 90, "texture": "#4"},
				"up": {"uv": [0, 0, 0, 10], "rotation": 180, "texture": "#4"},
				"down": {"uv": [0, 0, 0, 10], "texture": "#4"}
			}
		}
	],
	"gui_light": "front",
	"display": {
		"thirdperson_righthand": {
			"rotation": [0, -1, -1],
			"translation": [0, -2, 1],
			"scale": [0.7, 0.7, 0.7]
		},
		"thirdperson_lefthand": {
			"rotation": [0, -1, -1],
			"translation": [0, -2, 1],
			"scale": [0.7, 0.7, 0.7]
		},
		"firstperson_righthand": {
			"rotation": [0.06, -12.38, -4.23],
			"translation": [10.75, -0.5, -11.25]
		},
		"firstperson_lefthand": {
			"rotation": [0.06, -12.38, -4.23],
			"translation": [10.75, -0.5, -11.25]
		},
		"ground": {
			"rotation": [0, 0, -77],
			"translation": [-0.25, 2, -0.75],
			"scale": [0.7, 0.7, 0.7]
		},
		"gui": {
			"rotation": [-90, 135, 90],
			"translation": [-2.25, 2, 0],
			"scale": [0.45703, 0.45703, 0.45703]
		},
		"head": {
			"scale": [0, 0, 0]
		},
		"fixed": {
			"rotation": [-90, -90, -90],
			"translation": [4.5, 0.5, -1.5],
			"scale": [1.43164, 1.43164, 1.43164]
		}
	},
	"groups": [
		{
			"name": "bow",
			"origin": [8, 8, 8],
			"color": 0,
			"nbt": "{}",
			"armAnimationEnabled": false,
			"children": [
				{
					"name": "cube",
					"origin": [8.5, -6.5, 8.5],
					"color": 0,
					"nbt": "{}",
					"armAnimationEnabled": false,
					"children": [
						0,
						{
							"name": "group",
							"origin": [8, 23.08659, 10.5977],
							"color": 0,
							"nbt": "{}",
							"armAnimationEnabled": false,
							"children": [1, 2, 3, 4, 5, 6, 7, 8, 9, 10, 11, 12, 13, 14, 15, 16, 17, 18, 19, 20, 21, 22, 23, 24]
						},
						{
							"name": "group",
							"origin": [8, 23.08659, 10.5977],
							"color": 0,
							"nbt": "{}",
							"armAnimationEnabled": false,
							"children": [25, 26, 27, 28, 29, 30, 31, 32, 33, 34, 35, 36, 37, 38, 39, 40, 41, 42, 43, 44, 45, 46]
						}
					]
				},
				{
					"name": "effect",
					"origin": [8, 2.75, 9.75],
					"color": 0,
					"nbt": "{}",
					"armAnimationEnabled": false,
					"children": [47, 48, 49, 50, 51, 52, 53]
				}
			]
		}
	]
}