{"credit":"Made with Blockbench","textures":{"0":"amaterasu_item_set:amaterasu_item_set/eff_01","3":"amaterasu_item_set:amaterasu_item_set/eff_03","4":"amaterasu_item_set:amaterasu_item_set/eff04","5":"amaterasu_item_set:amaterasu_item_set/pickaxe","particle":"amaterasu_item_set:amaterasu_item_set/eff_01"},"elements":[{"from":[7.5,-7.15616,9.63362],"to":[8.5,-6.15616,11.63362],"rotation":{"angle":22.5,"axis":"x","origin":[8,-6.08623,9.42113]},"faces":{"north":{"uv":[12.4,0.4,12.8,0.8],"texture":"#5"},"east":{"uv":[2.4,11.6,3.2,12],"texture":"#5"},"south":{"uv":[12.4,0.8,12.8,1.2],"texture":"#5"},"west":{"uv":[11.6,2.4,12.4,2.8],"texture":"#5"},"up":{"uv":[12,3.6,11.6,2.8],"texture":"#5"},"down":{"uv":[3.6,11.6,3.2,12.4],"texture":"#5"}}},{"from":[7.5,-5.5,7.5],"to":[8.5,2.5,8.5],"rotation":{"angle":0,"axis":"y","origin":[7.5,1.5,7.5]},"faces":{"north":{"uv":[9.6,0,10,3.2],"texture":"#5"},"east":{"uv":[9.6,3.2,10,6.4],"texture":"#5"},"south":{"uv":[9.6,6.4,10,9.6],"texture":"#5"},"west":{"uv":[9.6,9.6,10,12.8],"texture":"#5"},"up":{"uv":[1.6,12.8,1.2,12.4],"texture":"#5"},"down":{"uv":[12.8,1.2,12.4,1.6],"texture":"#5"}}},{"from":[7.5,2.5,7.5],"to":[8.5,10.5,8.5],"rotation":{"angle":0,"axis":"y","origin":[7.5,9.5,7.5]},"faces":{"north":{"uv":[9.6,0,10,3.2],"texture":"#5"},"east":{"uv":[9.6,3.2,10,6.4],"texture":"#5"},"south":{"uv":[9.6,6.4,10,9.6],"texture":"#5"},"west":{"uv":[9.6,9.6,10,12.8],"texture":"#5"},"up":{"uv":[1.6,12.8,1.2,12.4],"texture":"#5"},"down":{"uv":[12.8,1.2,12.4,1.6],"texture":"#5"}}},{"from":[7.75,7.58871,-1.25],"to":[8.25,10.08871,17.25],"rotation":{"angle":0,"axis":"x","origin":[8,8.90121,5.59879]},"faces":{"north":{"uv":[11.8,7.4,11.6,6.4],"rotation":180,"texture":"#5"},"east":{"uv":[7.2,0,8.2,7.4],"rotation":90,"texture":"#5"},"south":{"uv":[7,11.6,6.8,12.6],"texture":"#5"},"west":{"uv":[7.2,7.6,8.2,15],"rotation":270,"texture":"#5"},"up":{"uv":[8.8,7.6,9,15],"texture":"#5"},"down":{"uv":[8.8,0,9,7.4],"rotation":180,"texture":"#5"}}},{"from":[8,4.83871,-6.25],"to":[8,13.33871,22.25],"rotation":{"angle":0,"axis":"x","origin":[8,9.08871,8]},"faces":{"north":{"uv":[0,3.4,0,0],"rotation":180,"texture":"#5"},"east":{"uv":[0,0,3.4,11.4],"rotation":90,"texture":"#5"},"south":{"uv":[0,0,0,3.4],"texture":"#5"},"west":{"uv":[3.6,0,7,11.4],"rotation":270,"texture":"#5"},"up":{"uv":[0,0,0,11.4],"texture":"#5"},"down":{"uv":[0,0,0,11.4],"rotation":180,"texture":"#5"}}},{"from":[7.55,9.08871,-1.125],"to":[8.45,9.58871,17.125],"rotation":{"angle":0,"axis":"x","origin":[8.05,8.90121,5.72379]},"faces":{"north":{"uv":[13.2,3.8,12.8,3.6],"rotation":180,"texture":"#5"},"east":{"uv":[9.2,0,9.4,7.3],"rotation":90,"texture":"#5"},"south":{"uv":[4.4,12.8,4,13],"texture":"#5"},"west":{"uv":[9.2,7.6,9.4,14.9],"rotation":270,"texture":"#5"},"up":{"uv":[8.4,7.6,8.8,14.9],"texture":"#5"},"down":{"uv":[8.4,0,8.8,7.3],"rotation":180,"texture":"#5"}}},{"from":[7.25,7.65433,7],"to":[8.75,9.65433,9],"rotation":{"angle":-45,"axis":"x","origin":[8,8.65433,8]},"faces":{"north":{"uv":[10.8,0,11.4,0.8],"texture":"#5"},"east":{"uv":[10,0,10.8,0.8],"texture":"#5"},"south":{"uv":[10.8,0.8,11.4,1.6],"texture":"#5"},"west":{"uv":[10,0.8,10.8,1.6],"texture":"#5"},"up":{"uv":[11.4,2.4,10.8,1.6],"texture":"#5"},"down":{"uv":[11.4,2.4,10.8,3.2],"texture":"#5"}}},{"from":[7.6,1.72336,-2.18829],"to":[8.4,3.22336,-0.68829],"rotation":{"angle":-45,"axis":"x","origin":[8,8.90121,-8.0875]},"faces":{"north":{"uv":[4.7,12.6,4.4,12],"rotation":180,"texture":"#5"},"east":{"uv":[10,11.2,10.6,11.8],"rotation":90,"texture":"#5"},"south":{"uv":[12.3,4.4,12,5],"texture":"#5"},"west":{"uv":[10.8,11.2,11.4,11.8],"rotation":270,"texture":"#5"},"up":{"uv":[4,12,4.3,12.6],"texture":"#5"},"down":{"uv":[3.6,12,3.9,12.6],"rotation":180,"texture":"#5"}}},{"from":[7.35,2.11478,-1.82971],"to":[8.65,2.86478,-1.07971],"rotation":{"angle":-45,"axis":"x","origin":[8,8.90121,-8.0875]},"faces":{"north":{"uv":[12.9,9.1,12.4,8.8],"rotation":180,"texture":"#5"},"east":{"uv":[12.8,1.6,13.1,1.9],"rotation":90,"texture":"#5"},"south":{"uv":[12.9,9.2,12.4,9.5],"texture":"#5"},"west":{"uv":[12.8,2,13.1,2.3],"rotation":270,"texture":"#5"},"up":{"uv":[12.4,8.4,12.9,8.7],"texture":"#5"},"down":{"uv":[12.4,8,12.9,8.3],"rotation":180,"texture":"#5"}}},{"from":[7.35,2.11478,17.07971],"to":[8.65,2.86478,17.82971],"rotation":{"angle":45,"axis":"x","origin":[8,8.90121,24.0875]},"faces":{"north":{"uv":[12.4,9.2,12.9,9.5],"texture":"#5"},"east":{"uv":[12.8,1.9,13.1,1.6],"rotation":90,"texture":"#5"},"south":{"uv":[12.4,9.1,12.9,8.8],"rotation":180,"texture":"#5"},"west":{"uv":[12.8,2.3,13.1,2],"rotation":270,"texture":"#5"},"up":{"uv":[12.4,8.7,12.9,8.4],"texture":"#5"},"down":{"uv":[12.4,8.3,12.9,8],"rotation":180,"texture":"#5"}}},{"from":[7.6,1.72336,16.68829],"to":[8.4,3.22336,18.18829],"rotation":{"angle":45,"axis":"x","origin":[8,8.90121,24.0875]},"faces":{"north":{"uv":[12,4.4,12.3,5],"texture":"#5"},"east":{"uv":[10,11.8,10.6,11.2],"rotation":90,"texture":"#5"},"south":{"uv":[4.4,12.6,4.7,12],"rotation":180,"texture":"#5"},"west":{"uv":[10.8,11.8,11.4,11.2],"rotation":270,"texture":"#5"},"up":{"uv":[4,12.6,4.3,12],"texture":"#5"},"down":{"uv":[3.6,12.6,3.9,12],"rotation":180,"texture":"#5"}}},{"from":[7.5,8.54239,5.06037],"to":[8.5,9.54239,6.56037],"rotation":{"angle":22.5,"axis":"x","origin":[8,9.04239,5.56037]},"faces":{"north":{"uv":[1.6,12.4,2,12.8],"texture":"#5"},"east":{"uv":[11.6,4,12.2,4.4],"texture":"#5"},"south":{"uv":[12.4,1.6,12.8,2],"texture":"#5"},"west":{"uv":[4.4,11.6,5,12],"texture":"#5"},"up":{"uv":[12,5,11.6,4.4],"texture":"#5"},"down":{"uv":[5.6,11.6,5.2,12.2],"texture":"#5"}}},{"from":[7.6,8.90604,4.58202],"to":[8.4,10.40604,5.38202],"rotation":{"angle":-22.5,"axis":"x","origin":[8,9.65604,5.08202]},"faces":{"north":{"uv":[12,9.6,12.3,10.2],"texture":"#5"},"east":{"uv":[10,12,10.3,12.6],"texture":"#5"},"south":{"uv":[10.4,12,10.7,12.6],"texture":"#5"},"west":{"uv":[12,10.4,12.3,11],"texture":"#5"},"up":{"uv":[13.1,2.7,12.8,2.4],"texture":"#5"},"down":{"uv":[13.1,2.8,12.8,3.1],"texture":"#5"}}},{"from":[7.7,7.77336,4.00799],"to":[8.3,10.02336,4.60799],"rotation":{"angle":22.5,"axis":"x","origin":[8,9.27336,4.50799]},"faces":{"north":{"uv":[10.8,12,11,12.9],"texture":"#5"},"east":{"uv":[11.2,12,11.4,12.9],"texture":"#5"},"south":{"uv":[12,11.2,12.2,12.1],"texture":"#5"},"west":{"uv":[0,12.4,0.2,13.3],"texture":"#5"},"up":{"uv":[13,5,12.8,4.8],"texture":"#5"},"down":{"uv":[5.4,12.8,5.2,13],"texture":"#5"}}},{"from":[7.5,8.54239,9.43963],"to":[8.5,9.54239,10.93963],"rotation":{"angle":-22.5,"axis":"x","origin":[8,9.04239,10.43963]},"faces":{"north":{"uv":[12.8,1.6,12.4,2],"texture":"#5"},"east":{"uv":[12.2,4,11.6,4.4],"texture":"#5"},"south":{"uv":[2,12.4,1.6,12.8],"texture":"#5"},"west":{"uv":[5,11.6,4.4,12],"texture":"#5"},"up":{"uv":[12,4.4,11.6,5],"texture":"#5"},"down":{"uv":[5.6,12.2,5.2,11.6],"texture":"#5"}}},{"from":[7.6,8.90604,10.61798],"to":[8.4,10.40604,11.41798],"rotation":{"angle":22.5,"axis":"x","origin":[8,9.65604,10.91798]},"faces":{"north":{"uv":[10.7,12,10.4,12.6],"texture":"#5"},"east":{"uv":[10.3,12,10,12.6],"texture":"#5"},"south":{"uv":[12.3,9.6,12,10.2],"texture":"#5"},"west":{"uv":[12.3,10.4,12,11],"texture":"#5"},"up":{"uv":[13.1,2.4,12.8,2.7],"texture":"#5"},"down":{"uv":[13.1,3.1,12.8,2.8],"texture":"#5"}}},{"from":[7.7,7.77336,11.39201],"to":[8.3,10.02336,11.99201],"rotation":{"angle":-22.5,"axis":"x","origin":[8,9.27336,11.49201]},"faces":{"north":{"uv":[12.2,11.2,12,12.1],"texture":"#5"},"east":{"uv":[11.4,12,11.2,12.9],"texture":"#5"},"south":{"uv":[11,12,10.8,12.9],"texture":"#5"},"west":{"uv":[0.2,12.4,0,13.3],"texture":"#5"},"up":{"uv":[13,4.8,12.8,5],"texture":"#5"},"down":{"uv":[5.4,13,5.2,12.8],"texture":"#5"}}},{"from":[7.6,8.18813,8.71673],"to":[8.4,9.18813,9.71673],"rotation":{"angle":0,"axis":"x","origin":[8,9.7061,9.07716]},"faces":{"north":{"uv":[12.4,9.6,12.7,10],"texture":"#5"},"east":{"uv":[12.4,3.6,12.8,4],"texture":"#5"},"south":{"uv":[12.4,10,12.7,10.4],"texture":"#5"},"west":{"uv":[12.4,4,12.8,4.4],"texture":"#5"},"up":{"uv":[12.7,10.8,12.4,10.4],"texture":"#5"},"down":{"uv":[12.7,10.8,12.4,11.2],"texture":"#5"}}},{"from":[6.75,8.15433,7.5],"to":[9.25,9.15433,8.5],"rotation":{"angle":-45,"axis":"x","origin":[8,8.65433,8]},"faces":{"north":{"uv":[10.8,9.6,11.8,10],"texture":"#5"},"east":{"uv":[12.4,4.4,12.8,4.8],"texture":"#5"},"south":{"uv":[10.8,10,11.8,10.4],"texture":"#5"},"west":{"uv":[12.4,4.8,12.8,5.2],"texture":"#5"},"up":{"uv":[11.8,10.8,10.8,10.4],"texture":"#5"},"down":{"uv":[11.8,10.8,10.8,11.2],"texture":"#5"}}},{"from":[7,8.22198,8.00936],"to":[9,9.72198,9.00936],"rotation":{"angle":45,"axis":"x","origin":[8,8.9561,9.07716]},"faces":{"north":{"uv":[10.8,3.2,11.6,3.8],"texture":"#5"},"east":{"uv":[11.6,5.2,12,5.8],"texture":"#5"},"south":{"uv":[10.8,4,11.6,4.6],"texture":"#5"},"west":{"uv":[5.6,11.6,6,12.2],"texture":"#5"},"up":{"uv":[4.4,12,3.6,11.6],"texture":"#5"},"down":{"uv":[12.4,3.6,11.6,4],"texture":"#5"}}},{"from":[7,8.22198,6.99064],"to":[9,9.72198,7.99064],"rotation":{"angle":-45,"axis":"x","origin":[8,8.9561,6.92284]},"faces":{"north":{"uv":[11.6,4,10.8,4.6],"texture":"#5"},"east":{"uv":[12,5.2,11.6,5.8],"texture":"#5"},"south":{"uv":[11.6,3.2,10.8,3.8],"texture":"#5"},"west":{"uv":[6,11.6,5.6,12.2],"texture":"#5"},"up":{"uv":[4.4,11.6,3.6,12],"texture":"#5"},"down":{"uv":[12.4,4,11.6,3.6],"texture":"#5"}}},{"from":[7.6,8.18813,6.28327],"to":[8.4,9.18813,7.28327],"rotation":{"angle":0,"axis":"x","origin":[8,9.7061,6.92284]},"faces":{"north":{"uv":[12.7,10,12.4,10.4],"texture":"#5"},"east":{"uv":[12.8,3.6,12.4,4],"texture":"#5"},"south":{"uv":[12.7,9.6,12.4,10],"texture":"#5"},"west":{"uv":[12.8,4,12.4,4.4],"texture":"#5"},"up":{"uv":[12.7,10.4,12.4,10.8],"texture":"#5"},"down":{"uv":[12.7,11.2,12.4,10.8],"texture":"#5"}}},{"from":[7,-6.09567,7],"to":[9,-4.09567,9],"rotation":{"angle":-45,"axis":"x","origin":[8,-5.09567,8]},"faces":{"north":{"uv":[10,1.6,10.8,2.4],"texture":"#5"},"east":{"uv":[10,2.4,10.8,3.2],"texture":"#5"},"south":{"uv":[10,3.2,10.8,4],"texture":"#5"},"west":{"uv":[10,4,10.8,4.8],"texture":"#5"},"up":{"uv":[10.8,5.6,10,4.8],"texture":"#5"},"down":{"uv":[10.8,5.6,10,6.4],"texture":"#5"}}},{"from":[7.25,-6.90425,8.36109],"to":[8.75,-4.90425,9.86109],"rotation":{"angle":-45,"axis":"x","origin":[8,-6.08623,9.42113]},"faces":{"north":{"uv":[10.8,4.8,11.4,5.6],"texture":"#5"},"east":{"uv":[10.8,5.6,11.4,6.4],"texture":"#5"},"south":{"uv":[10.8,6.4,11.4,7.2],"texture":"#5"},"west":{"uv":[10.8,7.2,11.4,8],"texture":"#5"},"up":{"uv":[2.2,12.2,1.6,11.6],"texture":"#5"},"down":{"uv":[12.2,1.6,11.6,2.2],"texture":"#5"}}},{"from":[7.25,-6.90425,6.13891],"to":[8.75,-4.90425,7.63891],"rotation":{"angle":45,"axis":"x","origin":[8,-6.08623,6.57887]},"faces":{"north":{"uv":[11.4,6.4,10.8,7.2],"texture":"#5"},"east":{"uv":[11.4,5.6,10.8,6.4],"texture":"#5"},"south":{"uv":[11.4,4.8,10.8,5.6],"texture":"#5"},"west":{"uv":[11.4,7.2,10.8,8],"texture":"#5"},"up":{"uv":[2.2,11.6,1.6,12.2],"texture":"#5"},"down":{"uv":[12.2,2.2,11.6,1.6],"texture":"#5"}}},{"from":[7.5,-7.15616,4.36638],"to":[8.5,-6.15616,6.36638],"rotation":{"angle":-22.5,"axis":"x","origin":[8,-6.08623,6.57887]},"faces":{"north":{"uv":[12.8,0.8,12.4,1.2],"texture":"#5"},"east":{"uv":[3.2,11.6,2.4,12],"texture":"#5"},"south":{"uv":[12.8,0.4,12.4,0.8],"texture":"#5"},"west":{"uv":[12.4,2.4,11.6,2.8],"texture":"#5"},"up":{"uv":[12,2.8,11.6,3.6],"texture":"#5"},"down":{"uv":[3.6,12.4,3.2,11.6],"texture":"#5"}}},{"from":[8,-10.59886,6.5],"to":[8,-5.59886,9.5],"rotation":{"angle":0,"axis":"x","origin":[8,-8.09886,8]},"faces":{"north":{"uv":[0,0,0,10],"rotation":180,"texture":"#4"},"east":{"uv":[16,0,0,16],"rotation":180,"texture":"#4"},"south":{"uv":[0,0,0,10],"rotation":180,"texture":"#4"},"west":{"uv":[0,0,16,16],"rotation":180,"texture":"#4"},"up":{"uv":[0,0,0,10],"texture":"#4"},"down":{"uv":[0,0,0,10],"texture":"#4"}}},{"from":[8,-9.19924,7.468],"to":[8,-4.19924,12.468],"rotation":{"angle":-45,"axis":"x","origin":[8,-6.69924,9.968]},"faces":{"north":{"uv":[0,0,0,10],"rotation":180,"texture":"#3"},"east":{"uv":[16,0,0,16],"rotation":270,"texture":"#3"},"south":{"uv":[0,0,0,10],"texture":"#3"},"west":{"uv":[0,0,16,16],"rotation":90,"texture":"#3"},"up":{"uv":[0,0,0,10],"rotation":180,"texture":"#3"},"down":{"uv":[0,0,0,10],"texture":"#3"}}},{"from":[8,-9.19924,3.532],"to":[8,-4.19924,8.532],"rotation":{"angle":45,"axis":"x","origin":[8,-6.69924,6.032]},"faces":{"north":{"uv":[0,0,0,10],"texture":"#3"},"east":{"uv":[16,16,0,0],"rotation":270,"texture":"#3"},"south":{"uv":[0,0,0,10],"rotation":180,"texture":"#3"},"west":{"uv":[0,16,16,0],"rotation":90,"texture":"#3"},"up":{"uv":[0,10,0,0],"rotation":180,"texture":"#3"},"down":{"uv":[0,10,0,0],"texture":"#3"}}},{"from":[8,11,6],"to":[8,15,10],"rotation":{"angle":0,"axis":"y","origin":[7.9,2,8.75]},"faces":{"north":{"uv":[0,0,0,10],"texture":"#0"},"east":{"uv":[16,0,0,16],"texture":"#0"},"south":{"uv":[0,0,0,10],"texture":"#0"},"west":{"uv":[16,0,0,16],"texture":"#0"},"up":{"uv":[0,0,0,10],"texture":"#0"},"down":{"uv":[0,0,0,10],"texture":"#0"}}}],"gui_light":"front","display":{"thirdperson_righthand":{"translation":[0,6.75,0.75],"scale":[0.95078,0.95078,0.95078]},"thirdperson_lefthand":{"translation":[0,6.75,0.75],"scale":[0.95078,0.95078,0.95078]},"firstperson_righthand":{"rotation":[-10.5,0,0],"translation":[7.5,7.5,-8.25],"scale":[1.36914,1.36914,1.36914]},"firstperson_lefthand":{"rotation":[-10.5,0,0],"translation":[7.5,7.5,-8.25],"scale":[1.36914,1.36914,1.36914]},"ground":{"rotation":[0,0,-77],"translation":[5.75,2.25,0],"scale":[1.07813,1.07813,1.07813]},"gui":{"rotation":[90,-135,90],"translation":[1.5,1.5,0],"scale":[0.59883,0.59883,0.59883]},"head":{"scale":[0,0,0]},"fixed":{"rotation":[-90,90,90],"translation":[0.25,12.5,-2.25],"scale":[2.05195,2.05195,2.05195]}}}