{
	"credit": "Made with Blockbench",
	"texture_size": [28, 28],
	"textures": {
		"0": "amaterasu_item_set:amaterasu_item_set/eff_01",
		"3": "amaterasu_item_set:amaterasu_item_set/eff_03",
		"4": "amaterasu_item_set:amaterasu_item_set/eff04",
		"5": "amaterasu_item_set:amaterasu_item_set/shield",
		"particle": "amaterasu_item_set:amaterasu_item_set/eff_01"
	},
	"elements": [
		{
			"from": [7.75, 14.64943, 5.925],
			"to": [9.5, 16.39943, 6.925],
			"rotation": {"angle": -45, "axis": "z", "origin": [8, 16.14943, 6.425]},
			"faces": {
				"north": {"uv": [10.28571, 10.28571, 11.42857, 11.42857], "texture": "#5"},
				"east": {"uv": [12.57143, 2.28571, 13.14286, 3.42857], "texture": "#5"},
				"south": {"uv": [11.42857, 0, 12.57143, 1.14286], "texture": "#5"},
				"west": {"uv": [2.85714, 12.57143, 3.42857, 13.71429], "texture": "#5"},
				"up": {"uv": [13.14286, 11.42857, 12, 10.85714], "texture": "#5"},
				"down": {"uv": [4.57143, 12.57143, 3.42857, 13.14286], "texture": "#5"}
			}
		},
		{
			"from": [7.75, 5.54943, 6.175],
			"to": [9.25, 7.04943, 6.925],
			"rotation": {"angle": -45, "axis": "z", "origin": [8, 6.79943, 7.175]},
			"faces": {
				"north": {"uv": [12.57143, 0, 13.42857, 0.85714], "texture": "#5"},
				"east": {"uv": [10.28571, 13.71429, 10.71429, 14.57143], "texture": "#5"},
				"south": {"uv": [0.57143, 12.57143, 1.42857, 13.42857], "texture": "#5"},
				"west": {"uv": [13.71429, 11.42857, 14.14286, 12.28571], "texture": "#5"},
				"up": {"uv": [12.85714, 14.14286, 12, 13.71429], "texture": "#5"},
				"down": {"uv": [14.57143, 12.57143, 13.71429, 13], "texture": "#5"}
			}
		},
		{
			"from": [8.25, 10.14943, 6.175],
			"to": [9.25, 11.14943, 7.175],
			"rotation": {"angle": -45, "axis": "z", "origin": [8, 11.39943, 6.675]},
			"faces": {
				"north": {"uv": [13.14286, 13.71429, 13.71429, 14.28571], "texture": "#5"},
				"east": {"uv": [13.71429, 13.14286, 14.28571, 13.71429], "texture": "#5"},
				"south": {"uv": [13.71429, 13.71429, 14.28571, 14.28571], "texture": "#5"},
				"west": {"uv": [0, 14.28571, 0.57143, 14.85714], "texture": "#5"},
				"up": {"uv": [14.85714, 0.57143, 14.28571, 0], "texture": "#5"},
				"down": {"uv": [14.85714, 0.57143, 14.28571, 1.14286], "texture": "#5"}
			}
		},
		{
			"from": [7.82821, 5.59232, 6.675],
			"to": [11.82821, 14.34232, 7.175],
			"rotation": {"angle": -22.5, "axis": "y", "origin": [8.82821, 11.34232, 6.925]},
			"faces": {
				"north": {"uv": [9.14286, 0, 11.42857, 5], "texture": "#5"},
				"east": {"uv": [9.14286, 10.28571, 9.42857, 15.28571], "texture": "#5"},
				"south": {"uv": [11.42857, 0, 9.14286, 5], "texture": "#5"},
				"west": {"uv": [9.71429, 10.28571, 10, 15.28571], "texture": "#5"},
				"up": {"uv": [14.85714, 3.71429, 12.57143, 3.42857], "texture": "#5"},
				"down": {"uv": [14.85714, 4, 12.57143, 4.28571], "texture": "#5"}
			}
		},
		{
			"from": [7.82821, 5.59232, 6.875],
			"to": [11.82821, 14.34232, 7.375],
			"rotation": {"angle": -22.5, "axis": "y", "origin": [8.82821, 11.34232, 6.925]},
			"faces": {
				"north": {"uv": [9.14286, 0, 11.42857, 5], "texture": "#5"},
				"east": {"uv": [9.14286, 10.28571, 9.42857, 15.28571], "texture": "#5"},
				"south": {"uv": [11.42857, 0, 9.14286, 5], "texture": "#5"},
				"west": {"uv": [9.71429, 10.28571, 10, 15.28571], "texture": "#5"},
				"up": {"uv": [14.85714, 3.71429, 12.57143, 3.42857], "texture": "#5"},
				"down": {"uv": [14.85714, 4, 12.57143, 4.28571], "texture": "#5"}
			}
		},
		{
			"from": [7.82821, 4.59232, 6.925],
			"to": [10.82821, 5.59232, 7.425],
			"rotation": {"angle": -22.5, "axis": "y", "origin": [8.82821, 10.34232, 7.175]},
			"faces": {
				"north": {"uv": [10.85714, 11.42857, 12.57143, 12], "texture": "#5"},
				"east": {"uv": [14.28571, 8.57143, 14.57143, 9.14286], "texture": "#5"},
				"south": {"uv": [12, 4.57143, 13.71429, 5.14286], "texture": "#5"},
				"west": {"uv": [14.28571, 9.71429, 14.57143, 10.28571], "texture": "#5"},
				"up": {"uv": [14.28571, 10.57143, 12.57143, 10.28571], "texture": "#5"},
				"down": {"uv": [14.85714, 9.14286, 13.14286, 9.42857], "texture": "#5"}
			}
		},
		{
			"from": [7.82821, 3.59232, 7.175],
			"to": [9.82821, 4.59232, 7.675],
			"rotation": {"angle": -22.5, "axis": "y", "origin": [8.82821, 9.34232, 7.425]},
			"faces": {
				"north": {"uv": [4.57143, 12.57143, 5.71429, 13.14286], "texture": "#5"},
				"east": {"uv": [14.28571, 10.28571, 14.57143, 10.85714], "texture": "#5"},
				"south": {"uv": [5.71429, 12.57143, 6.85714, 13.14286], "texture": "#5"},
				"west": {"uv": [10.85714, 14.28571, 11.14286, 14.85714], "texture": "#5"},
				"up": {"uv": [15.42857, 1.42857, 14.28571, 1.14286], "texture": "#5"},
				"down": {"uv": [2.85714, 14.28571, 1.71429, 14.57143], "texture": "#5"}
			}
		},
		{
			"from": [7.00321, 9.68268, 10.825],
			"to": [10.82821, 10.65768, 11.575],
			"rotation": {"angle": 22.5, "axis": "y", "origin": [8.82821, 4.65768, 9.325]},
			"faces": {
				"north": {"uv": [13.71429, 2.28571, 11.42857, 1.71429], "texture": "#5"},
				"east": {"uv": [14.71429, 3.42857, 14.28571, 2.85714], "texture": "#5"},
				"south": {"uv": [13.71429, 1.71429, 11.42857, 1.14286], "texture": "#5"},
				"west": {"uv": [3.85714, 14.85714, 3.42857, 14.28571], "texture": "#5"},
				"up": {"uv": [14.28571, 5.71429, 12, 6.14286], "texture": "#5"},
				"down": {"uv": [14.28571, 5.57143, 12, 5.14286], "texture": "#5"}
			}
		},
		{
			"from": [5.17179, 9.65768, 10.825],
			"to": [9.02179, 10.65768, 11.575],
			"rotation": {"angle": -22.5, "axis": "y", "origin": [7.17179, 4.65768, 9.325]},
			"faces": {
				"north": {"uv": [11.42857, 2.28571, 13.71429, 1.71429], "texture": "#5"},
				"east": {"uv": [3.42857, 14.85714, 3.85714, 14.28571], "texture": "#5"},
				"south": {"uv": [11.42857, 1.71429, 13.71429, 1.14286], "texture": "#5"},
				"west": {"uv": [14.28571, 3.42857, 14.71429, 2.85714], "texture": "#5"},
				"up": {"uv": [12, 5.71429, 14.28571, 6.14286], "texture": "#5"},
				"down": {"uv": [12, 5.57143, 14.28571, 5.14286], "texture": "#5"}
			}
		},
		{
			"from": [7.82821, 14.34232, 6.425],
			"to": [11.82821, 15.34232, 7.175],
			"rotation": {"angle": -22.5, "axis": "y", "origin": [8.82821, 11.34232, 6.675]},
			"faces": {
				"north": {"uv": [11.42857, 1.14286, 13.71429, 1.71429], "texture": "#5"},
				"east": {"uv": [14.28571, 2.85714, 14.71429, 3.42857], "texture": "#5"},
				"south": {"uv": [11.42857, 1.71429, 13.71429, 2.28571], "texture": "#5"},
				"west": {"uv": [3.42857, 14.28571, 3.85714, 14.85714], "texture": "#5"},
				"up": {"uv": [14.28571, 5.57143, 12, 5.14286], "texture": "#5"},
				"down": {"uv": [14.28571, 5.71429, 12, 6.14286], "texture": "#5"}
			}
		},
		{
			"from": [11.26704, 14.89943, 7.325],
			"to": [13.26704, 16.89943, 8.325],
			"rotation": {"angle": -45, "axis": "z", "origin": [11.76704, 16.39943, 8.075]},
			"faces": {
				"north": {"uv": [11.42857, 2.28571, 12.57143, 3.42857], "texture": "#5"},
				"east": {"uv": [12.57143, 6.28571, 13.14286, 7.42857], "texture": "#5"},
				"south": {"uv": [11.42857, 3.42857, 12.57143, 4.57143], "texture": "#5"},
				"west": {"uv": [6.85714, 12.57143, 7.42857, 13.71429], "texture": "#5"},
				"up": {"uv": [8.57143, 13.14286, 7.42857, 12.57143], "texture": "#5"},
				"down": {"uv": [13.71429, 7.42857, 12.57143, 8], "texture": "#5"}
			}
		},
		{
			"from": [11.56704, 11.69232, 7.575],
			"to": [12.31704, 15.44232, 8.575],
			"rotation": {"angle": 0, "axis": "x", "origin": [11.31704, 13.69232, 8.575]},
			"faces": {
				"north": {"uv": [12, 6.28571, 12.42857, 8.42857], "texture": "#5"},
				"east": {"uv": [11.42857, 4.57143, 12, 6.71429], "texture": "#5"},
				"south": {"uv": [12, 8.57143, 12.42857, 10.71429], "texture": "#5"},
				"west": {"uv": [11.42857, 6.85714, 12, 9], "texture": "#5"},
				"up": {"uv": [4.42857, 14.85714, 4, 14.28571], "texture": "#5"},
				"down": {"uv": [5, 14.28571, 4.57143, 14.85714], "texture": "#5"}
			}
		},
		{
			"from": [10.35105, 10.75666, 7.575],
			"to": [11.10105, 12.50666, 8.575],
			"rotation": {"angle": -45, "axis": "z", "origin": [10.72605, 10.63166, 8.075]},
			"faces": {
				"north": {"uv": [0.57143, 13.71429, 1, 14.71429], "texture": "#5"},
				"east": {"uv": [4.57143, 13.14286, 5.14286, 14.14286], "texture": "#5"},
				"south": {"uv": [1.14286, 13.71429, 1.57143, 14.71429], "texture": "#5"},
				"west": {"uv": [5.14286, 13.14286, 5.71429, 14.14286], "texture": "#5"},
				"up": {"uv": [5.57143, 14.85714, 5.14286, 14.28571], "texture": "#5"},
				"down": {"uv": [14.71429, 5.14286, 14.28571, 5.71429], "texture": "#5"}
			}
		},
		{
			"from": [10.35105, 7.62798, 7.575],
			"to": [11.10105, 9.37798, 8.575],
			"rotation": {"angle": 45, "axis": "z", "origin": [10.72605, 9.50298, 8.075]},
			"faces": {
				"north": {"uv": [13.71429, 1.14286, 14.14286, 2.14286], "texture": "#5"},
				"east": {"uv": [5.71429, 13.14286, 6.28571, 14.14286], "texture": "#5"},
				"south": {"uv": [2.85714, 13.71429, 3.28571, 14.71429], "texture": "#5"},
				"west": {"uv": [6.28571, 13.14286, 6.85714, 14.14286], "texture": "#5"},
				"up": {"uv": [6.14286, 14.85714, 5.71429, 14.28571], "texture": "#5"},
				"down": {"uv": [14.71429, 5.71429, 14.28571, 6.28571], "texture": "#5"}
			}
		},
		{
			"from": [10.64928, 9.13522, 7.575],
			"to": [11.39928, 10.98522, 8.575],
			"rotation": {"angle": 0, "axis": "z", "origin": [11.02428, 10.11022, 8.075]},
			"faces": {
				"north": {"uv": [13.71429, 6.28571, 14.14286, 7.28571], "texture": "#5"},
				"east": {"uv": [13.14286, 6.28571, 13.71429, 7.28571], "texture": "#5"},
				"south": {"uv": [6.85714, 13.71429, 7.28571, 14.71429], "texture": "#5"},
				"west": {"uv": [7.42857, 13.14286, 8, 14.14286], "texture": "#5"},
				"up": {"uv": [6.71429, 14.85714, 6.28571, 14.28571], "texture": "#5"},
				"down": {"uv": [14.71429, 6.28571, 14.28571, 6.85714], "texture": "#5"}
			}
		},
		{
			"from": [11.56704, 5.69232, 7.575],
			"to": [12.31704, 8.44232, 8.575],
			"rotation": {"angle": 0, "axis": "x", "origin": [11.31704, 13.69232, 8.575]},
			"faces": {
				"north": {"uv": [1.71429, 12.57143, 2.14286, 14.14286], "texture": "#5"},
				"east": {"uv": [12, 12, 12.57143, 13.57143], "texture": "#5"},
				"south": {"uv": [2.28571, 12.57143, 2.71429, 14.14286], "texture": "#5"},
				"west": {"uv": [0, 12.57143, 0.57143, 14.14286], "texture": "#5"},
				"up": {"uv": [14.71429, 7.42857, 14.28571, 6.85714], "texture": "#5"},
				"down": {"uv": [7.85714, 14.28571, 7.42857, 14.85714], "texture": "#5"}
			}
		},
		{
			"from": [9.73001, 2.45692, 7.575],
			"to": [10.48001, 6.20692, 8.575],
			"rotation": {"angle": -22.5, "axis": "z", "origin": [10.10501, 1.33192, 8.075]},
			"faces": {
				"north": {"uv": [10.85714, 12, 11.28571, 14.14286], "texture": "#5"},
				"east": {"uv": [11.42857, 9.14286, 12, 11.28571], "texture": "#5"},
				"south": {"uv": [11.42857, 12, 11.85714, 14.14286], "texture": "#5"},
				"west": {"uv": [10.28571, 11.42857, 10.85714, 13.57143], "texture": "#5"},
				"up": {"uv": [8.42857, 14.85714, 8, 14.28571], "texture": "#5"},
				"down": {"uv": [14.71429, 8, 14.28571, 8.57143], "texture": "#5"}
			}
		},
		{
			"from": [10.51704, 15.39943, 7.075],
			"to": [11.76704, 16.39943, 8.575],
			"rotation": {"angle": -45, "axis": "z", "origin": [11.76704, 16.39943, 8.075]},
			"faces": {
				"north": {"uv": [13.71429, 4.57143, 14.42857, 5.14286], "texture": "#5"},
				"east": {"uv": [13.14286, 9.71429, 14, 10.28571], "texture": "#5"},
				"south": {"uv": [13.71429, 7.42857, 14.42857, 8], "texture": "#5"},
				"west": {"uv": [13.14286, 10.85714, 14, 11.42857], "texture": "#5"},
				"up": {"uv": [13.28571, 12.28571, 12.57143, 11.42857], "texture": "#5"},
				"down": {"uv": [13.28571, 12.57143, 12.57143, 13.42857], "texture": "#5"}
			}
		},
		{
			"from": [11.76704, 15.39943, 6.825],
			"to": [12.76704, 16.39943, 8.825],
			"rotation": {"angle": -45, "axis": "z", "origin": [11.76704, 16.39943, 8.075]},
			"faces": {
				"north": {"uv": [14.28571, 1.71429, 14.85714, 2.28571], "texture": "#5"},
				"east": {"uv": [12.57143, 8, 13.71429, 8.57143], "texture": "#5"},
				"south": {"uv": [14.28571, 2.28571, 14.85714, 2.85714], "texture": "#5"},
				"west": {"uv": [12.57143, 8.57143, 13.71429, 9.14286], "texture": "#5"},
				"up": {"uv": [9.14286, 13.71429, 8.57143, 12.57143], "texture": "#5"},
				"down": {"uv": [13.14286, 9.14286, 12.57143, 10.28571], "texture": "#5"}
			}
		},
		{
			"from": [12.02155, 15.86282, 7.075],
			"to": [13.02155, 17.11282, 8.575],
			"rotation": {"angle": -45, "axis": "z", "origin": [12.52155, 16.48782, 8.075]},
			"faces": {
				"north": {"uv": [13.71429, 8, 14.28571, 8.71429], "texture": "#5"},
				"east": {"uv": [13.14286, 2.28571, 14, 3], "texture": "#5"},
				"south": {"uv": [8.57143, 13.71429, 9.14286, 14.42857], "texture": "#5"},
				"west": {"uv": [3.42857, 13.14286, 4.28571, 13.85714], "texture": "#5"},
				"up": {"uv": [8.57143, 14, 8, 13.14286], "texture": "#5"},
				"down": {"uv": [14.28571, 0, 13.71429, 0.85714], "texture": "#5"}
			}
		},
		{
			"from": [8.125, -1.30768, 6.575],
			"to": [15.875, 20.44232, 6.575],
			"rotation": {"angle": -22.5, "axis": "y", "origin": [8, 9.56732, 8.075]},
			"faces": {
				"north": {"uv": [0, 0, 4.42857, 12.42857], "texture": "#5"},
				"east": {"uv": [0, 0, 0, 12.42857], "texture": "#5"},
				"south": {"uv": [4.57143, 0, 9, 12.42857], "texture": "#5"},
				"west": {"uv": [0, 0, 0, 12.42857], "texture": "#5"},
				"up": {"uv": [4.42857, 0, 0, 0], "texture": "#5"},
				"down": {"uv": [4.42857, 0, 0, 0], "texture": "#5"}
			}
		},
		{
			"from": [4.17179, 14.34232, 6.425],
			"to": [8.17179, 15.34232, 7.175],
			"rotation": {"angle": 22.5, "axis": "y", "origin": [7.17179, 11.34232, 6.675]},
			"faces": {
				"north": {"uv": [13.71429, 1.14286, 11.42857, 1.71429], "texture": "#5"},
				"east": {"uv": [3.85714, 14.28571, 3.42857, 14.85714], "texture": "#5"},
				"south": {"uv": [13.71429, 1.71429, 11.42857, 2.28571], "texture": "#5"},
				"west": {"uv": [14.71429, 2.85714, 14.28571, 3.42857], "texture": "#5"},
				"up": {"uv": [12, 5.57143, 14.28571, 5.14286], "texture": "#5"},
				"down": {"uv": [12, 5.71429, 14.28571, 6.14286], "texture": "#5"}
			}
		},
		{
			"from": [4.17179, 5.59232, 6.875],
			"to": [8.17179, 14.34232, 7.375],
			"rotation": {"angle": 22.5, "axis": "y", "origin": [7.17179, 11.34232, 6.925]},
			"faces": {
				"north": {"uv": [11.42857, 0, 9.14286, 5], "texture": "#5"},
				"east": {"uv": [10, 10.28571, 9.71429, 15.28571], "texture": "#5"},
				"south": {"uv": [9.14286, 0, 11.42857, 5], "texture": "#5"},
				"west": {"uv": [9.42857, 10.28571, 9.14286, 15.28571], "texture": "#5"},
				"up": {"uv": [12.57143, 3.71429, 14.85714, 3.42857], "texture": "#5"},
				"down": {"uv": [12.57143, 4, 14.85714, 4.28571], "texture": "#5"}
			}
		},
		{
			"from": [4.17179, 5.59232, 6.675],
			"to": [8.17179, 14.34232, 7.175],
			"rotation": {"angle": 22.5, "axis": "y", "origin": [7.17179, 11.34232, 6.925]},
			"faces": {
				"north": {"uv": [11.42857, 0, 9.14286, 5], "texture": "#5"},
				"east": {"uv": [10, 10.28571, 9.71429, 15.28571], "texture": "#5"},
				"south": {"uv": [9.14286, 0, 11.42857, 5], "texture": "#5"},
				"west": {"uv": [9.42857, 10.28571, 9.14286, 15.28571], "texture": "#5"},
				"up": {"uv": [12.57143, 3.71429, 14.85714, 3.42857], "texture": "#5"},
				"down": {"uv": [12.57143, 4, 14.85714, 4.28571], "texture": "#5"}
			}
		},
		{
			"from": [5.17179, 4.59232, 6.925],
			"to": [8.17179, 5.59232, 7.425],
			"rotation": {"angle": 22.5, "axis": "y", "origin": [7.17179, 10.34232, 7.175]},
			"faces": {
				"north": {"uv": [12.57143, 11.42857, 10.85714, 12], "texture": "#5"},
				"east": {"uv": [14.57143, 9.71429, 14.28571, 10.28571], "texture": "#5"},
				"south": {"uv": [13.71429, 4.57143, 12, 5.14286], "texture": "#5"},
				"west": {"uv": [14.57143, 8.57143, 14.28571, 9.14286], "texture": "#5"},
				"up": {"uv": [12.57143, 10.57143, 14.28571, 10.28571], "texture": "#5"},
				"down": {"uv": [13.14286, 9.14286, 14.85714, 9.42857], "texture": "#5"}
			}
		},
		{
			"from": [6.17179, 3.59232, 7.175],
			"to": [8.17179, 4.59232, 7.675],
			"rotation": {"angle": 22.5, "axis": "y", "origin": [7.17179, 9.34232, 7.425]},
			"faces": {
				"north": {"uv": [5.71429, 12.57143, 4.57143, 13.14286], "texture": "#5"},
				"east": {"uv": [11.14286, 14.28571, 10.85714, 14.85714], "texture": "#5"},
				"south": {"uv": [6.85714, 12.57143, 5.71429, 13.14286], "texture": "#5"},
				"west": {"uv": [14.57143, 10.28571, 14.28571, 10.85714], "texture": "#5"},
				"up": {"uv": [14.28571, 1.42857, 15.42857, 1.14286], "texture": "#5"},
				"down": {"uv": [1.71429, 14.28571, 2.85714, 14.57143], "texture": "#5"}
			}
		},
		{
			"from": [0.125, -1.30768, 6.575],
			"to": [7.875, 20.44232, 6.575],
			"rotation": {"angle": 22.5, "axis": "y", "origin": [8, 9.56732, 8.075]},
			"faces": {
				"north": {"uv": [4.42857, 0, 0, 12.42857], "texture": "#5"},
				"east": {"uv": [0, 0, 0, 12.42857], "texture": "#5"},
				"south": {"uv": [9, 0, 4.57143, 12.42857], "texture": "#5"},
				"west": {"uv": [0, 0, 0, 12.42857], "texture": "#5"},
				"up": {"uv": [0, 0, 4.42857, 0], "texture": "#5"},
				"down": {"uv": [0, 0, 4.42857, 0], "texture": "#5"}
			}
		},
		{
			"from": [5.51999, 2.45692, 7.575],
			"to": [6.26999, 6.20692, 8.575],
			"rotation": {"angle": 22.5, "axis": "z", "origin": [5.89499, 1.33192, 8.075]},
			"faces": {
				"north": {"uv": [11.28571, 12, 10.85714, 14.14286], "texture": "#5"},
				"east": {"uv": [10.85714, 11.42857, 10.28571, 13.57143], "texture": "#5"},
				"south": {"uv": [11.85714, 12, 11.42857, 14.14286], "texture": "#5"},
				"west": {"uv": [12, 9.14286, 11.42857, 11.28571], "texture": "#5"},
				"up": {"uv": [8, 14.85714, 8.42857, 14.28571], "texture": "#5"},
				"down": {"uv": [14.28571, 8, 14.71429, 8.57143], "texture": "#5"}
			}
		},
		{
			"from": [3.68296, 5.69232, 7.575],
			"to": [4.43296, 8.44232, 8.575],
			"rotation": {"angle": 0, "axis": "x", "origin": [4.68296, 13.69232, 8.575]},
			"faces": {
				"north": {"uv": [2.14286, 12.57143, 1.71429, 14.14286], "texture": "#5"},
				"east": {"uv": [0.57143, 12.57143, 0, 14.14286], "texture": "#5"},
				"south": {"uv": [2.71429, 12.57143, 2.28571, 14.14286], "texture": "#5"},
				"west": {"uv": [12.57143, 12, 12, 13.57143], "texture": "#5"},
				"up": {"uv": [14.28571, 7.42857, 14.71429, 6.85714], "texture": "#5"},
				"down": {"uv": [7.42857, 14.28571, 7.85714, 14.85714], "texture": "#5"}
			}
		},
		{
			"from": [4.89895, 7.62798, 7.575],
			"to": [5.64895, 9.37798, 8.575],
			"rotation": {"angle": -45, "axis": "z", "origin": [5.27395, 9.50298, 8.075]},
			"faces": {
				"north": {"uv": [14.14286, 1.14286, 13.71429, 2.14286], "texture": "#5"},
				"east": {"uv": [6.85714, 13.14286, 6.28571, 14.14286], "texture": "#5"},
				"south": {"uv": [3.28571, 13.71429, 2.85714, 14.71429], "texture": "#5"},
				"west": {"uv": [6.28571, 13.14286, 5.71429, 14.14286], "texture": "#5"},
				"up": {"uv": [5.71429, 14.85714, 6.14286, 14.28571], "texture": "#5"},
				"down": {"uv": [14.28571, 5.71429, 14.71429, 6.28571], "texture": "#5"}
			}
		},
		{
			"from": [4.60072, 9.13522, 7.575],
			"to": [5.35072, 10.98522, 8.575],
			"rotation": {"angle": 0, "axis": "z", "origin": [4.97572, 10.11022, 8.075]},
			"faces": {
				"north": {"uv": [14.14286, 6.28571, 13.71429, 7.28571], "texture": "#5"},
				"east": {"uv": [8, 13.14286, 7.42857, 14.14286], "texture": "#5"},
				"south": {"uv": [7.28571, 13.71429, 6.85714, 14.71429], "texture": "#5"},
				"west": {"uv": [13.71429, 6.28571, 13.14286, 7.28571], "texture": "#5"},
				"up": {"uv": [6.28571, 14.85714, 6.71429, 14.28571], "texture": "#5"},
				"down": {"uv": [14.28571, 6.28571, 14.71429, 6.85714], "texture": "#5"}
			}
		},
		{
			"from": [4.89895, 10.75666, 7.575],
			"to": [5.64895, 12.50666, 8.575],
			"rotation": {"angle": 45, "axis": "z", "origin": [5.27395, 10.63166, 8.075]},
			"faces": {
				"north": {"uv": [1, 13.71429, 0.57143, 14.71429], "texture": "#5"},
				"east": {"uv": [5.71429, 13.14286, 5.14286, 14.14286], "texture": "#5"},
				"south": {"uv": [1.57143, 13.71429, 1.14286, 14.71429], "texture": "#5"},
				"west": {"uv": [5.14286, 13.14286, 4.57143, 14.14286], "texture": "#5"},
				"up": {"uv": [5.14286, 14.85714, 5.57143, 14.28571], "texture": "#5"},
				"down": {"uv": [14.28571, 5.14286, 14.71429, 5.71429], "texture": "#5"}
			}
		},
		{
			"from": [3.68296, 11.69232, 7.575],
			"to": [4.43296, 15.44232, 8.575],
			"rotation": {"angle": 0, "axis": "x", "origin": [4.68296, 13.69232, 8.575]},
			"faces": {
				"north": {"uv": [12.42857, 6.28571, 12, 8.42857], "texture": "#5"},
				"east": {"uv": [12, 6.85714, 11.42857, 9], "texture": "#5"},
				"south": {"uv": [12.42857, 8.57143, 12, 10.71429], "texture": "#5"},
				"west": {"uv": [12, 4.57143, 11.42857, 6.71429], "texture": "#5"},
				"up": {"uv": [4, 14.85714, 4.42857, 14.28571], "texture": "#5"},
				"down": {"uv": [4.57143, 14.28571, 5, 14.85714], "texture": "#5"}
			}
		},
		{
			"from": [5.18296, 9.69232, 7.325],
			"to": [5.93296, 10.69232, 11.075],
			"rotation": {"angle": 22.5, "axis": "y", "origin": [5.05796, 10.19232, 9.45]},
			"faces": {
				"north": {"uv": [4.57143, 14.28571, 5, 14.85714], "rotation": 180, "texture": "#5"},
				"east": {"uv": [12, 6.85714, 11.42857, 9], "rotation": 270, "texture": "#5"},
				"south": {"uv": [4, 14.85714, 4.42857, 14.28571], "texture": "#5"},
				"west": {"uv": [12, 4.57143, 11.42857, 6.71429], "rotation": 90, "texture": "#5"},
				"up": {"uv": [12.42857, 6.28571, 12, 8.42857], "rotation": 180, "texture": "#5"},
				"down": {"uv": [12.42857, 8.57143, 12, 10.71429], "texture": "#5"}
			}
		},
		{
			"from": [10.06704, 9.69232, 7.325],
			"to": [10.81704, 10.69232, 11.075],
			"rotation": {"angle": -22.5, "axis": "y", "origin": [10.94204, 10.19232, 9.45]},
			"faces": {
				"north": {"uv": [5, 14.28571, 4.57143, 14.85714], "rotation": 180, "texture": "#5"},
				"east": {"uv": [12, 6.71429, 11.42857, 4.57143], "rotation": 90, "texture": "#5"},
				"south": {"uv": [4.42857, 14.85714, 4, 14.28571], "texture": "#5"},
				"west": {"uv": [12, 9, 11.42857, 6.85714], "rotation": 270, "texture": "#5"},
				"up": {"uv": [12, 6.28571, 12.42857, 8.42857], "rotation": 180, "texture": "#5"},
				"down": {"uv": [12, 8.57143, 12.42857, 10.71429], "texture": "#5"}
			}
		},
		{
			"from": [2.73296, 14.89943, 7.325],
			"to": [4.73296, 16.89943, 8.325],
			"rotation": {"angle": 45, "axis": "z", "origin": [4.23296, 16.39943, 8.075]},
			"faces": {
				"north": {"uv": [12.57143, 2.28571, 11.42857, 3.42857], "texture": "#5"},
				"east": {"uv": [7.42857, 12.57143, 6.85714, 13.71429], "texture": "#5"},
				"south": {"uv": [12.57143, 3.42857, 11.42857, 4.57143], "texture": "#5"},
				"west": {"uv": [13.14286, 6.28571, 12.57143, 7.42857], "texture": "#5"},
				"up": {"uv": [7.42857, 13.14286, 8.57143, 12.57143], "texture": "#5"},
				"down": {"uv": [12.57143, 7.42857, 13.71429, 8], "texture": "#5"}
			}
		},
		{
			"from": [3.23296, 15.39943, 6.825],
			"to": [4.23296, 16.39943, 8.825],
			"rotation": {"angle": 45, "axis": "z", "origin": [4.23296, 16.39943, 8.075]},
			"faces": {
				"north": {"uv": [14.85714, 1.71429, 14.28571, 2.28571], "texture": "#5"},
				"east": {"uv": [13.71429, 8.57143, 12.57143, 9.14286], "texture": "#5"},
				"south": {"uv": [14.85714, 2.28571, 14.28571, 2.85714], "texture": "#5"},
				"west": {"uv": [13.71429, 8, 12.57143, 8.57143], "texture": "#5"},
				"up": {"uv": [8.57143, 13.71429, 9.14286, 12.57143], "texture": "#5"},
				"down": {"uv": [12.57143, 9.14286, 13.14286, 10.28571], "texture": "#5"}
			}
		},
		{
			"from": [2.97845, 15.86282, 7.075],
			"to": [3.97845, 17.11282, 8.575],
			"rotation": {"angle": 45, "axis": "z", "origin": [3.47845, 16.48782, 8.075]},
			"faces": {
				"north": {"uv": [14.28571, 8, 13.71429, 8.71429], "texture": "#5"},
				"east": {"uv": [4.28571, 13.14286, 3.42857, 13.85714], "texture": "#5"},
				"south": {"uv": [9.14286, 13.71429, 8.57143, 14.42857], "texture": "#5"},
				"west": {"uv": [14, 2.28571, 13.14286, 3], "texture": "#5"},
				"up": {"uv": [8, 14, 8.57143, 13.14286], "texture": "#5"},
				"down": {"uv": [13.71429, 0, 14.28571, 0.85714], "texture": "#5"}
			}
		},
		{
			"from": [4.23296, 15.39943, 7.075],
			"to": [5.48296, 16.39943, 8.575],
			"rotation": {"angle": 45, "axis": "z", "origin": [4.23296, 16.39943, 8.075]},
			"faces": {
				"north": {"uv": [14.42857, 4.57143, 13.71429, 5.14286], "texture": "#5"},
				"east": {"uv": [14, 10.85714, 13.14286, 11.42857], "texture": "#5"},
				"south": {"uv": [14.42857, 7.42857, 13.71429, 8], "texture": "#5"},
				"west": {"uv": [14, 9.71429, 13.14286, 10.28571], "texture": "#5"},
				"up": {"uv": [12.57143, 12.28571, 13.28571, 11.42857], "texture": "#5"},
				"down": {"uv": [12.57143, 12.57143, 13.28571, 13.42857], "texture": "#5"}
			}
		},
		{
			"from": [11.57585, 13.41638, 7.775],
			"to": [16.57585, 16.41638, 7.775],
			"rotation": {"angle": 22.5, "axis": "z", "origin": [14.37604, 15.65038, 7.675]},
			"faces": {
				"north": {"uv": [0, 0, 16, 16], "rotation": 270, "texture": "#4"},
				"east": {"uv": [0, 0, 0, 10], "rotation": 180, "texture": "#4"},
				"south": {"uv": [16, 0, 0, 16], "rotation": 90, "texture": "#4"},
				"west": {"uv": [0, 0, 0, 10], "texture": "#4"},
				"up": {"uv": [0, 0, 0, 10], "rotation": 90, "texture": "#4"},
				"down": {"uv": [0, 0, 0, 10], "rotation": 90, "texture": "#4"}
			}
		},
		{
			"from": [9.86219, 13.17456, 7.675],
			"to": [14.86219, 18.17456, 7.675],
			"rotation": {"angle": -22.5, "axis": "z", "origin": [14.37604, 15.65038, 7.675]},
			"faces": {
				"north": {"uv": [0, 16, 16, 0], "rotation": 270, "texture": "#3"},
				"east": {"uv": [0, 0, 0, 10], "texture": "#3"},
				"south": {"uv": [16, 16, 0, 0], "rotation": 90, "texture": "#3"},
				"west": {"uv": [0, 0, 0, 10], "rotation": 180, "texture": "#3"},
				"up": {"uv": [0, 10, 0, 0], "rotation": 90, "texture": "#3"},
				"down": {"uv": [0, 10, 0, 0], "rotation": 90, "texture": "#3"}
			}
		},
		{
			"from": [1.13781, 13.17456, 7.675],
			"to": [6.13781, 18.17456, 7.675],
			"rotation": {"angle": 22.5, "axis": "z", "origin": [1.62396, 15.65038, 7.675]},
			"faces": {
				"north": {"uv": [0, 0, 16, 16], "rotation": 270, "texture": "#3"},
				"east": {"uv": [0, 0, 0, 10], "rotation": 180, "texture": "#3"},
				"south": {"uv": [16, 0, 0, 16], "rotation": 90, "texture": "#3"},
				"west": {"uv": [0, 0, 0, 10], "texture": "#3"},
				"up": {"uv": [0, 0, 0, 10], "rotation": 90, "texture": "#3"},
				"down": {"uv": [0, 0, 0, 10], "rotation": 90, "texture": "#3"}
			}
		},
		{
			"from": [-0.57585, 13.41638, 7.775],
			"to": [4.42415, 16.41638, 7.775],
			"rotation": {"angle": -22.5, "axis": "z", "origin": [1.62396, 15.65038, 7.675]},
			"faces": {
				"north": {"uv": [0, 16, 16, 0], "rotation": 270, "texture": "#4"},
				"east": {"uv": [0, 0, 0, 10], "texture": "#4"},
				"south": {"uv": [16, 16, 0, 0], "rotation": 90, "texture": "#4"},
				"west": {"uv": [0, 0, 0, 10], "rotation": 180, "texture": "#4"},
				"up": {"uv": [0, 10, 0, 0], "rotation": 90, "texture": "#4"},
				"down": {"uv": [0, 10, 0, 0], "rotation": 90, "texture": "#4"}
			}
		},
		{
			"from": [10.12332, 2.32245, 7.775],
			"to": [13.12332, 7.32245, 7.775],
			"rotation": {"angle": -45, "axis": "z", "origin": [11.62332, 4.82245, 7.775]},
			"faces": {
				"north": {"uv": [0, 0, 16, 16], "texture": "#4"},
				"east": {"uv": [0, 0, 0, 10], "texture": "#4"},
				"south": {"uv": [16, 0, 0, 16], "texture": "#4"},
				"west": {"uv": [0, 0, 0, 10], "texture": "#4"},
				"up": {"uv": [0, 0, 0, 10], "rotation": 90, "texture": "#4"},
				"down": {"uv": [0, 0, 0, 10], "rotation": 270, "texture": "#4"}
			}
		},
		{
			"from": [2.87668, 2.32245, 7.775],
			"to": [5.87668, 7.32245, 7.775],
			"rotation": {"angle": 45, "axis": "z", "origin": [4.37668, 4.82245, 7.775]},
			"faces": {
				"north": {"uv": [16, 0, 0, 16], "texture": "#4"},
				"east": {"uv": [0, 0, 0, 10], "texture": "#4"},
				"south": {"uv": [0, 0, 16, 16], "texture": "#4"},
				"west": {"uv": [0, 0, 0, 10], "texture": "#4"},
				"up": {"uv": [0, 10, 0, 0], "rotation": 90, "texture": "#4"},
				"down": {"uv": [0, 10, 0, 0], "rotation": 270, "texture": "#4"}
			}
		},
		{
			"from": [6, 14.29943, 6.725],
			"to": [10, 18.29943, 6.725],
			"rotation": {"angle": 0, "axis": "y", "origin": [7.25, 7.04943, 5.825]},
			"faces": {
				"north": {"uv": [0, 0, 16, 16], "texture": "#0"},
				"east": {"uv": [0, 0, 0, 10], "texture": "#0"},
				"south": {"uv": [0, 0, 16, 16], "texture": "#0"},
				"west": {"uv": [0, 0, 0, 10], "texture": "#0"},
				"up": {"uv": [0, 0, 0, 10], "rotation": 90, "texture": "#0"},
				"down": {"uv": [0, 0, 0, 10], "rotation": 270, "texture": "#0"}
			}
		}
	],
	"gui_light": "front",
	"display": {
		"thirdperson_righthand": {
			"rotation": [45.4, -13.21, -5.32],
			"translation": [0.25, 0, -3.75],
			"scale": [1.2, 1.2, 1.2]
		},
		"thirdperson_lefthand": {
			"rotation": [45.4, -13.21, -5.32],
			"translation": [0.25, 0, -3.75],
			"scale": [1.2, 1.2, 1.2]
		},
		"firstperson_righthand": {
			"rotation": [11.04, 2.14, 10.82],
			"translation": [-5.75, -0.5, 0]
		},
		"firstperson_lefthand": {
			"rotation": [11.04, 2.14, 10.82],
			"translation": [-5.75, -0.5, 0]
		},
		"ground": {
			"rotation": [75.15, 9.09, 6.95],
			"translation": [0, 1.75, -1.25],
			"scale": [0.96758, 0.96758, 0.96758]
		},
		"gui": {
			"rotation": [0, -180, 0],
			"translation": [0, -1.25, 0],
			"scale": [0.70742, 0.70742, 0.70742]
		},
		"head": {
			"scale": [0, 0, 0]
		},
		"fixed": {
			"translation": [0, -1.5, -3],
			"scale": [2.44141, 2.44141, 2.44141]
		}
	},
	"groups": [
		{
			"name": "shield",
			"origin": [8.64204, 15.04943, 6.675],
			"color": 0,
			"nbt": "{}",
			"armAnimationEnabled": false,
			"children": [
				{
					"name": "group",
					"origin": [3.47845, 16.48782, 8.075],
					"color": 0,
					"nbt": "{}",
					"armAnimationEnabled": false,
					"children": [0, 1, 2, 3, 4, 5, 6, 7, 8, 9, 10, 11, 12, 13, 14, 15, 16, 17, 18, 19, 20, 21, 22, 23, 24, 25, 26, 27, 28, 29, 30, 31, 32, 33, 34, 35, 36, 37, 38]
				},
				{
					"name": "effect",
					"origin": [8.64204, 9.79943, 8.425],
					"color": 0,
					"nbt": "{}",
					"armAnimationEnabled": false,
					"children": [39, 40, 41, 42, 43, 44, 45]
				}
			]
		}
	]
}