{"credit":"Made with Blockbench","textures":{"0":"amaterasu_item_set:amaterasu_item_set/eff_01","3":"amaterasu_item_set:amaterasu_item_set/eff_03","4":"amaterasu_item_set:amaterasu_item_set/eff04","5":"amaterasu_item_set:amaterasu_item_set/shovel","particle":"amaterasu_item_set:amaterasu_item_set/eff_01"},"elements":[{"from":[7.5,-5.5,7.5],"to":[8.5,2.5,8.5],"rotation":{"angle":0,"axis":"y","origin":[7.5,1.5,7.5]},"faces":{"north":{"uv":[9.6,0,10,3.2],"texture":"#5"},"east":{"uv":[9.6,3.2,10,6.4],"texture":"#5"},"south":{"uv":[9.6,6.4,10,9.6],"texture":"#5"},"west":{"uv":[9.6,9.6,10,12.8],"texture":"#5"},"up":{"uv":[1.6,12.8,1.2,12.4],"texture":"#5"},"down":{"uv":[12.8,1.2,12.4,1.6],"texture":"#5"}}},{"from":[7.5,2.5,7.5],"to":[8.5,10.5,8.5],"rotation":{"angle":0,"axis":"y","origin":[7.5,9.5,7.5]},"faces":{"north":{"uv":[9.6,0,10,3.2],"texture":"#5"},"east":{"uv":[9.6,3.2,10,6.4],"texture":"#5"},"south":{"uv":[9.6,6.4,10,9.6],"texture":"#5"},"west":{"uv":[9.6,9.6,10,12.8],"texture":"#5"},"up":{"uv":[1.6,12.8,1.2,12.4],"texture":"#5"},"down":{"uv":[12.8,1.2,12.4,1.6],"texture":"#5"}}},{"from":[7.75,-3.84321,5.5],"to":[8.25,14.65679,8],"rotation":{"angle":0,"axis":"x","origin":[8,8.83871,7]},"faces":{"north":{"uv":[8.8,0,9,7.4],"texture":"#5"},"east":{"uv":[7.2,0,8.2,7.4],"texture":"#5"},"south":{"uv":[8.8,7.6,9,15],"texture":"#5"},"west":{"uv":[7.2,7.6,8.2,15],"texture":"#5"},"up":{"uv":[11.8,7.4,11.6,6.4],"texture":"#5"},"down":{"uv":[7,11.6,6.8,12.6],"texture":"#5"}}},{"from":[8,-8.16129,3.75],"to":[8,20.33871,12.25],"rotation":{"angle":0,"axis":"x","origin":[8,6.08871,8]},"faces":{"north":{"uv":[0,0,0,11.4],"rotation":180,"texture":"#5"},"east":{"uv":[0,0,3.4,11.4],"rotation":180,"texture":"#5"},"south":{"uv":[0,0,0,11.4],"rotation":180,"texture":"#5"},"west":{"uv":[3.6,0,7,11.4],"rotation":180,"texture":"#5"},"up":{"uv":[0,0,0,3.4],"texture":"#5"},"down":{"uv":[0,3.4,0,0],"texture":"#5"}}},{"from":[7.55,-3.71821,7],"to":[8.45,14.53179,7.5],"rotation":{"angle":0,"axis":"x","origin":[8,8.83871,7]},"faces":{"north":{"uv":[8.4,0,8.8,7.3],"texture":"#5"},"east":{"uv":[9.2,0,9.4,7.3],"texture":"#5"},"south":{"uv":[8.4,7.6,8.8,14.9],"texture":"#5"},"west":{"uv":[9.2,7.6,9.4,14.9],"texture":"#5"},"up":{"uv":[13.2,3.8,12.8,3.6],"texture":"#5"},"down":{"uv":[4.4,12.8,4,13],"texture":"#5"}}},{"from":[7.25,7.65433,7],"to":[8.75,9.65433,9],"rotation":{"angle":-45,"axis":"x","origin":[8,8.65433,8]},"faces":{"north":{"uv":[10.8,0,11.4,0.8],"texture":"#5"},"east":{"uv":[10,0,10.8,0.8],"texture":"#5"},"south":{"uv":[10.8,0.8,11.4,1.6],"texture":"#5"},"west":{"uv":[10,0.8,10.8,1.6],"texture":"#5"},"up":{"uv":[11.4,2.4,10.8,1.6],"texture":"#5"},"down":{"uv":[11.4,2.4,10.8,3.2],"texture":"#5"}}},{"from":[7.6,10.47712,3.81778],"to":[8.4,11.97712,5.31778],"rotation":{"angle":45,"axis":"x","origin":[8,8.83871,7]},"faces":{"north":{"uv":[4.7,12.6,4.4,12],"rotation":180,"texture":"#5"},"east":{"uv":[10,11.2,10.6,11.8],"rotation":90,"texture":"#5"},"south":{"uv":[12.3,4.4,12,5],"texture":"#5"},"west":{"uv":[10.8,11.2,11.4,11.8],"rotation":270,"texture":"#5"},"up":{"uv":[4,12,4.3,12.6],"texture":"#5"},"down":{"uv":[3.6,12,3.9,12.6],"rotation":180,"texture":"#5"}}},{"from":[7.35,10.86854,4.17636],"to":[8.65,11.61854,4.92636],"rotation":{"angle":45,"axis":"x","origin":[8,8.83871,7]},"faces":{"north":{"uv":[12.9,9.1,12.4,8.8],"rotation":180,"texture":"#5"},"east":{"uv":[12.8,1.6,13.1,1.9],"rotation":90,"texture":"#5"},"south":{"uv":[12.9,9.2,12.4,9.5],"texture":"#5"},"west":{"uv":[12.8,2,13.1,2.3],"rotation":270,"texture":"#5"},"up":{"uv":[12.4,8.4,12.9,8.7],"texture":"#5"},"down":{"uv":[12.4,8,12.9,8.3],"rotation":180,"texture":"#5"}}},{"from":[7.55,-3.71821,8.5],"to":[8.45,14.53179,9],"rotation":{"angle":0,"axis":"x","origin":[8,8.83871,9]},"faces":{"north":{"uv":[8.8,7.6,8.4,14.9],"texture":"#5"},"east":{"uv":[9.4,0,9.2,7.3],"texture":"#5"},"south":{"uv":[8.8,0,8.4,7.3],"texture":"#5"},"west":{"uv":[9.4,7.6,9.2,14.9],"texture":"#5"},"up":{"uv":[13.2,3.6,12.8,3.8],"texture":"#5"},"down":{"uv":[4.4,13,4,12.8],"texture":"#5"}}},{"from":[7.35,10.86854,11.07364],"to":[8.65,11.61854,11.82364],"rotation":{"angle":-45,"axis":"x","origin":[8,8.83871,9]},"faces":{"north":{"uv":[12.4,9.2,12.9,9.5],"texture":"#5"},"east":{"uv":[12.8,1.9,13.1,1.6],"rotation":90,"texture":"#5"},"south":{"uv":[12.4,9.1,12.9,8.8],"rotation":180,"texture":"#5"},"west":{"uv":[12.8,2.3,13.1,2],"rotation":270,"texture":"#5"},"up":{"uv":[12.4,8.7,12.9,8.4],"texture":"#5"},"down":{"uv":[12.4,8.3,12.9,8],"rotation":180,"texture":"#5"}}},{"from":[7.6,10.47712,10.68222],"to":[8.4,11.97712,12.18222],"rotation":{"angle":-45,"axis":"x","origin":[8,8.83871,9]},"faces":{"north":{"uv":[12,4.4,12.3,5],"texture":"#5"},"east":{"uv":[10,11.8,10.6,11.2],"rotation":90,"texture":"#5"},"south":{"uv":[4.4,12.6,4.7,12],"rotation":180,"texture":"#5"},"west":{"uv":[10.8,11.8,11.4,11.2],"rotation":270,"texture":"#5"},"up":{"uv":[4,12.6,4.3,12],"texture":"#5"},"down":{"uv":[3.6,12.6,3.9,12],"rotation":180,"texture":"#5"}}},{"from":[7.75,-3.84321,8],"to":[8.25,14.65679,10.5],"rotation":{"angle":0,"axis":"x","origin":[8,8.83871,9]},"faces":{"north":{"uv":[9,7.6,8.8,15],"texture":"#5"},"east":{"uv":[8.2,0,7.2,7.4],"texture":"#5"},"south":{"uv":[9,0,8.8,7.4],"texture":"#5"},"west":{"uv":[8.2,7.6,7.2,15],"texture":"#5"},"up":{"uv":[11.8,6.4,11.6,7.4],"texture":"#5"},"down":{"uv":[7,12.6,6.8,11.6],"texture":"#5"}}},{"from":[7.5,8.54239,5.31037],"to":[8.5,9.54239,6.81037],"rotation":{"angle":22.5,"axis":"x","origin":[8,9.04239,5.81037]},"faces":{"north":{"uv":[1.6,12.4,2,12.8],"texture":"#5"},"east":{"uv":[11.6,4,12.2,4.4],"texture":"#5"},"south":{"uv":[12.4,1.6,12.8,2],"texture":"#5"},"west":{"uv":[4.4,11.6,5,12],"texture":"#5"},"up":{"uv":[12,5,11.6,4.4],"texture":"#5"},"down":{"uv":[5.6,11.6,5.2,12.2],"texture":"#5"}}},{"from":[7.6,8.90604,4.83202],"to":[8.4,10.40604,5.63202],"rotation":{"angle":-22.5,"axis":"x","origin":[8,9.65604,5.33202]},"faces":{"north":{"uv":[12,9.6,12.3,10.2],"texture":"#5"},"east":{"uv":[10,12,10.3,12.6],"texture":"#5"},"south":{"uv":[10.4,12,10.7,12.6],"texture":"#5"},"west":{"uv":[12,10.4,12.3,11],"texture":"#5"},"up":{"uv":[13.1,2.7,12.8,2.4],"texture":"#5"},"down":{"uv":[13.1,2.8,12.8,3.1],"texture":"#5"}}},{"from":[7.5,8.54239,9.18963],"to":[8.5,9.54239,10.68963],"rotation":{"angle":-22.5,"axis":"x","origin":[8,9.04239,10.18963]},"faces":{"north":{"uv":[12.8,1.6,12.4,2],"texture":"#5"},"east":{"uv":[12.2,4,11.6,4.4],"texture":"#5"},"south":{"uv":[2,12.4,1.6,12.8],"texture":"#5"},"west":{"uv":[5,11.6,4.4,12],"texture":"#5"},"up":{"uv":[12,4.4,11.6,5],"texture":"#5"},"down":{"uv":[5.6,12.2,5.2,11.6],"texture":"#5"}}},{"from":[7.6,8.90604,10.36798],"to":[8.4,10.40604,11.16798],"rotation":{"angle":22.5,"axis":"x","origin":[8,9.65604,10.66798]},"faces":{"north":{"uv":[10.7,12,10.4,12.6],"texture":"#5"},"east":{"uv":[10.3,12,10,12.6],"texture":"#5"},"south":{"uv":[12.3,9.6,12,10.2],"texture":"#5"},"west":{"uv":[12.3,10.4,12,11],"texture":"#5"},"up":{"uv":[13.1,2.4,12.8,2.7],"texture":"#5"},"down":{"uv":[13.1,3.1,12.8,2.8],"texture":"#5"}}},{"from":[6.75,8.15433,7.5],"to":[9.25,9.15433,8.5],"rotation":{"angle":-45,"axis":"x","origin":[8,8.65433,8]},"faces":{"north":{"uv":[10.8,9.6,11.8,10],"texture":"#5"},"east":{"uv":[12.4,4.4,12.8,4.8],"texture":"#5"},"south":{"uv":[10.8,10,11.8,10.4],"texture":"#5"},"west":{"uv":[12.4,4.8,12.8,5.2],"texture":"#5"},"up":{"uv":[11.8,10.8,10.8,10.4],"texture":"#5"},"down":{"uv":[11.8,10.8,10.8,11.2],"texture":"#5"}}},{"from":[7,8.22198,8.00936],"to":[9,9.72198,9.00936],"rotation":{"angle":45,"axis":"x","origin":[8,8.9561,9.07716]},"faces":{"north":{"uv":[10.8,3.2,11.6,3.8],"texture":"#5"},"east":{"uv":[11.6,5.2,12,5.8],"texture":"#5"},"south":{"uv":[10.8,4,11.6,4.6],"texture":"#5"},"west":{"uv":[5.6,11.6,6,12.2],"texture":"#5"},"up":{"uv":[4.4,12,3.6,11.6],"texture":"#5"},"down":{"uv":[12.4,3.6,11.6,4],"texture":"#5"}}},{"from":[7,8.22198,6.99064],"to":[9,9.72198,7.99064],"rotation":{"angle":-45,"axis":"x","origin":[8,8.9561,6.92284]},"faces":{"north":{"uv":[11.6,4,10.8,4.6],"texture":"#5"},"east":{"uv":[12,5.2,11.6,5.8],"texture":"#5"},"south":{"uv":[11.6,3.2,10.8,3.8],"texture":"#5"},"west":{"uv":[6,11.6,5.6,12.2],"texture":"#5"},"up":{"uv":[4.4,11.6,3.6,12],"texture":"#5"},"down":{"uv":[12.4,4,11.6,3.6],"texture":"#5"}}},{"from":[7,-6.09567,7],"to":[9,-4.09567,9],"rotation":{"angle":-45,"axis":"x","origin":[8,-5.09567,8]},"faces":{"north":{"uv":[10,1.6,10.8,2.4],"texture":"#5"},"east":{"uv":[10,2.4,10.8,3.2],"texture":"#5"},"south":{"uv":[10,3.2,10.8,4],"texture":"#5"},"west":{"uv":[10,4,10.8,4.8],"texture":"#5"},"up":{"uv":[10.8,5.6,10,4.8],"texture":"#5"},"down":{"uv":[10.8,5.6,10,6.4],"texture":"#5"}}},{"from":[7.25,-6.90425,8.36109],"to":[8.75,-4.90425,9.86109],"rotation":{"angle":-45,"axis":"x","origin":[8,-6.08623,9.42113]},"faces":{"north":{"uv":[10.8,4.8,11.4,5.6],"texture":"#5"},"east":{"uv":[10.8,5.6,11.4,6.4],"texture":"#5"},"south":{"uv":[10.8,6.4,11.4,7.2],"texture":"#5"},"west":{"uv":[10.8,7.2,11.4,8],"texture":"#5"},"up":{"uv":[2.2,12.2,1.6,11.6],"texture":"#5"},"down":{"uv":[12.2,1.6,11.6,2.2],"texture":"#5"}}},{"from":[7.25,-6.90425,6.13891],"to":[8.75,-4.90425,7.63891],"rotation":{"angle":45,"axis":"x","origin":[8,-6.08623,6.57887]},"faces":{"north":{"uv":[11.4,6.4,10.8,7.2],"texture":"#5"},"east":{"uv":[11.4,5.6,10.8,6.4],"texture":"#5"},"south":{"uv":[11.4,4.8,10.8,5.6],"texture":"#5"},"west":{"uv":[11.4,7.2,10.8,8],"texture":"#5"},"up":{"uv":[2.2,11.6,1.6,12.2],"texture":"#5"},"down":{"uv":[12.2,2.2,11.6,1.6],"texture":"#5"}}},{"from":[8,-10.59886,6.5],"to":[8,-5.59886,9.5],"rotation":{"angle":0,"axis":"y","origin":[8,-8.09886,8]},"faces":{"north":{"uv":[0,0,0,10],"rotation":180,"texture":"#4"},"east":{"uv":[16,0,0,16],"rotation":180,"texture":"#4"},"south":{"uv":[0,0,0,10],"rotation":180,"texture":"#4"},"west":{"uv":[0,0,16,16],"rotation":180,"texture":"#4"},"up":{"uv":[0,0,0,10],"texture":"#4"},"down":{"uv":[0,0,0,10],"texture":"#4"}}},{"from":[7.875,4.40114,6.5],"to":[7.875,9.40114,9.5],"rotation":{"angle":0,"axis":"x","origin":[7.875,6.90114,8]},"faces":{"north":{"uv":[0,0,0,10],"rotation":180,"texture":"#4"},"east":{"uv":[16,0,0,16],"rotation":180,"texture":"#4"},"south":{"uv":[0,0,0,10],"rotation":180,"texture":"#4"},"west":{"uv":[0,0,16,16],"rotation":180,"texture":"#4"},"up":{"uv":[0,0,0,10],"texture":"#4"},"down":{"uv":[0,0,0,10],"texture":"#4"}}},{"from":[8.125,4.40114,6.5],"to":[8.125,9.40114,9.5],"rotation":{"angle":0,"axis":"x","origin":[8.125,6.90114,8]},"faces":{"north":{"uv":[0,0,0,10],"rotation":180,"texture":"#4"},"east":{"uv":[16,0,0,16],"rotation":180,"texture":"#4"},"south":{"uv":[0,0,0,10],"rotation":180,"texture":"#4"},"west":{"uv":[0,0,16,16],"rotation":180,"texture":"#4"},"up":{"uv":[0,0,0,10],"texture":"#4"},"down":{"uv":[0,0,0,10],"texture":"#4"}}},{"from":[8,-9.19924,6.968],"to":[8,-4.19924,11.968],"rotation":{"angle":-45,"axis":"x","origin":[8,-6.69924,9.468]},"faces":{"north":{"uv":[0,0,0,10],"rotation":180,"texture":"#3"},"east":{"uv":[16,0,0,16],"rotation":270,"texture":"#3"},"south":{"uv":[0,0,0,10],"texture":"#3"},"west":{"uv":[0,0,16,16],"rotation":90,"texture":"#3"},"up":{"uv":[0,0,0,10],"rotation":180,"texture":"#3"},"down":{"uv":[0,0,0,10],"texture":"#3"}}},{"from":[8,-9.19924,4.032],"to":[8,-4.19924,9.032],"rotation":{"angle":45,"axis":"x","origin":[8,-6.69924,6.532]},"faces":{"north":{"uv":[0,0,0,10],"texture":"#3"},"east":{"uv":[16,16,0,0],"rotation":270,"texture":"#3"},"south":{"uv":[0,0,0,10],"rotation":180,"texture":"#3"},"west":{"uv":[0,16,16,0],"rotation":90,"texture":"#3"},"up":{"uv":[0,10,0,0],"rotation":180,"texture":"#3"},"down":{"uv":[0,10,0,0],"texture":"#3"}}},{"from":[7.35,8,6],"to":[7.35,12,10],"rotation":{"angle":0,"axis":"y","origin":[7.25,-1,8.75]},"faces":{"north":{"uv":[0,0,0,10],"texture":"#0"},"east":{"uv":[16,0,0,16],"texture":"#0"},"south":{"uv":[0,0,0,10],"texture":"#0"},"west":{"uv":[16,0,0,16],"texture":"#0"},"up":{"uv":[0,0,0,10],"texture":"#0"},"down":{"uv":[0,0,0,10],"texture":"#0"}}},{"from":[8.65,8,6],"to":[8.65,12,10],"rotation":{"angle":0,"axis":"y","origin":[8.75,-1,8.75]},"faces":{"north":{"uv":[0,0,0,10],"texture":"#0"},"east":{"uv":[0,0,16,16],"texture":"#0"},"south":{"uv":[0,0,0,10],"texture":"#0"},"west":{"uv":[0,0,16,16],"texture":"#0"},"up":{"uv":[0,0,0,10],"texture":"#0"},"down":{"uv":[0,0,0,10],"texture":"#0"}}}],"gui_light":"front","display":{"thirdperson_righthand":{"translation":[0,5.5,0.75],"scale":[0.95078,0.95078,0.95078]},"thirdperson_lefthand":{"translation":[0,5.5,0.75],"scale":[0.95078,0.95078,0.95078]},"firstperson_righthand":{"rotation":[-10.5,0,0],"translation":[8.5,3.5,-8.25],"scale":[1.36914,1.36914,1.36914]},"firstperson_lefthand":{"rotation":[-10.5,0,0],"translation":[8.5,3.5,-8.25],"scale":[1.36914,1.36914,1.36914]},"ground":{"rotation":[0,0,-77],"translation":[5.75,2.25,0],"scale":[1.07813,1.07813,1.07813]},"gui":{"rotation":[90,-135,90],"translation":[2,1.75,0],"scale":[0.61836,0.61836,0.61836]},"head":{"scale":[0,0,0]},"fixed":{"rotation":[-90,90,90],"translation":[0.25,12.5,-2.25],"scale":[2.05195,2.05195,2.05195]}}}