{"textures":{"0":"modelengine:entity/azriel_weapon","1":"modelengine:entity/azriel_book","2":"modelengine:entity/azriel","3":"modelengine:entity/azriel_e","4":"modelengine:entity/azriel_book_e","5":"modelengine:entity/azriel_weapon_e"},"elements":[{"name":"cube","from":[6.5,7.4,0.49999976],"to":[9.5,8.6,15.5],"rotation":{"angle":0.0,"axis":"x","origin":[31.7,8.0,6.5]},"faces":{"down":{"uv":[1.25,6.25,0.625,9.375],"rotation":0,"texture":"#1","tintindex":0},"east":{"uv":[7.75,1.5,10.875,1.75],"rotation":0,"texture":"#1","tintindex":0},"north":{"uv":[7.75,6.75,8.375,7.0],"rotation":0,"texture":"#1","tintindex":0},"south":{"uv":[7.75,7.0,8.375,7.25],"rotation":0,"texture":"#1","tintindex":0},"up":{"uv":[0.625,9.375,0.0,6.25],"rotation":0,"texture":"#1","tintindex":0},"west":{"uv":[7.75,1.75,10.875,2.0],"rotation":0,"texture":"#1","tintindex":0}}}],"display":{"head":{"translation":[0.0,-6.4,0.0],"rotation":[0.0,0.0,0.0],"scale":[3.8095,3.8095,3.8095]}}}