{"textures":{"0":"modelengine:entity/azriel_weapon","1":"modelengine:entity/azriel_book","2":"modelengine:entity/azriel","3":"modelengine:entity/azriel_e","4":"modelengine:entity/azriel_book_e","5":"modelengine:entity/azriel_weapon_e"},"elements":[{"name":"cube","from":[8.0,-1.6000004,2.6],"to":[8.0,8.0,13.400001],"rotation":{"angle":0.0,"axis":"x","origin":[3.4999998,25.100002,8.0]},"faces":{"down":{"uv":[0.0,0.0,0.0,1.125],"rotation":0,"texture":"#2","tintindex":0},"east":{"uv":[5.625,2.0,6.75,3.0],"rotation":0,"texture":"#2","tintindex":0},"north":{"uv":[0.0,0.0,0.0,1.0],"rotation":0,"texture":"#2","tintindex":0},"south":{"uv":[0.0,0.0,0.0,1.0],"rotation":0,"texture":"#2","tintindex":0},"up":{"uv":[0.0,1.125,0.0,0.0],"rotation":0,"texture":"#2","tintindex":0},"west":{"uv":[6.75,2.0,5.625,3.0],"rotation":0,"texture":"#2","tintindex":0}}}],"display":{"head":{"translation":[0.0,-6.4,0.0],"rotation":[0.0,0.0,0.0],"scale":[3.8095,3.8095,3.8095]}}}