{"textures":{"0":"modelengine:entity/earth_ant_minion"},"elements":[{"name":"cube","from":[2.96,7.560593,7.76],"to":[13.04,14.760592,18.8],"rotation":{"angle":0.0,"axis":"x","origin":[3.4399998,7.560593,8.24]},"faces":{"down":{"uv":[4.25,0.0,2.125,2.3125],"rotation":0,"texture":"#0","tintindex":0},"east":{"uv":[0.0,2.375,2.3125,3.875],"rotation":0,"texture":"#0","tintindex":0},"north":{"uv":[0.0,3.875,2.125,5.375],"rotation":0,"texture":"#0","tintindex":0},"south":{"uv":[2.125,3.875,4.25,5.375],"rotation":0,"texture":"#0","tintindex":0},"up":{"uv":[2.125,2.3125,0.0,0.0],"rotation":0,"texture":"#0","tintindex":0},"west":{"uv":[2.375,2.375,4.6875,3.875],"rotation":0,"texture":"#0","tintindex":0}}}],"display":{"head":{"translation":[0.0,-6.4,0.0],"rotation":[0.0,0.0,0.0],"scale":[3.8095,3.8095,3.8095]}}}