{"textures":{"0":"modelengine:entity/earth_ant_minion"},"elements":[{"name":"cube","from":[5.543688,0.04346156,4.8799996],"to":[6.9836874,8.203463,6.3199997],"rotation":{"angle":-22.5,"axis":"z","origin":[6.263688,4.6034617,5.5999994]},"faces":{"down":{"uv":[5.5625,8.875,5.25,9.1875],"rotation":0,"texture":"#0","tintindex":0},"east":{"uv":[1.375,6.75,1.6875,8.4375],"rotation":0,"texture":"#0","tintindex":0},"north":{"uv":[1.0,6.25,1.3125,7.9375],"rotation":0,"texture":"#0","tintindex":0},"south":{"uv":[1.75,6.75,2.0625,8.4375],"rotation":0,"texture":"#0","tintindex":0},"up":{"uv":[2.5625,9.1875,2.25,8.875],"rotation":0,"texture":"#0","tintindex":0},"west":{"uv":[2.125,6.75,2.4375,8.4375],"rotation":0,"texture":"#0","tintindex":0}}}],"display":{"head":{"translation":[0.0,-6.4,0.0],"rotation":[0.0,0.0,0.0],"scale":[3.8095,3.8095,3.8095]}}}