{"textures":{"0":"modelengine:entity/earth_ant_minion"},"elements":[{"name":"cube","from":[-0.63293505,11.085887,7.232],"to":[5.607065,12.5258875,8.768],"rotation":{"angle":-45.0,"axis":"z","origin":[2.0070648,6.5258875,0.7999997]},"faces":{"down":{"uv":[8.9375,5.75,7.625,6.0625],"rotation":0,"texture":"#0","tintindex":0},"east":{"uv":[1.5,8.875,1.8125,9.1875],"rotation":0,"texture":"#0","tintindex":0},"north":{"uv":[4.75,3.125,6.0625,3.4375],"rotation":0,"texture":"#0","tintindex":0},"south":{"uv":[4.75,3.5,6.0625,3.8125],"rotation":0,"texture":"#0","tintindex":0},"up":{"uv":[8.9375,5.6875,7.625,5.375],"rotation":0,"texture":"#0","tintindex":0},"west":{"uv":[1.875,8.875,2.1875,9.1875],"rotation":0,"texture":"#0","tintindex":0}}}],"display":{"head":{"translation":[0.0,-6.4,0.0],"rotation":[0.0,0.0,0.0],"scale":[3.8095,3.8095,3.8095]}}}