{"textures":{"0":"modelengine:entity/earth_ant_minion"},"elements":[{"name":"cube","from":[3.4399998,4.64,5.84],"to":[12.56,11.360001,10.16],"rotation":{"angle":0.0,"axis":"x","origin":[3.9199996,4.64,10.639999]},"faces":{"down":{"uv":[6.625,2.25,4.75,3.125],"rotation":0,"texture":"#0","tintindex":0},"east":{"uv":[1.375,5.375,2.25,6.75],"rotation":0,"texture":"#0","tintindex":0},"north":{"uv":[4.25,0.0,6.125,1.375],"rotation":0,"texture":"#0","tintindex":0},"south":{"uv":[4.25,3.875,6.125,5.25],"rotation":0,"texture":"#0","tintindex":0},"up":{"uv":[6.125,2.25,4.25,1.375],"rotation":0,"texture":"#0","tintindex":0},"west":{"uv":[2.25,5.375,3.125,6.75],"rotation":0,"texture":"#0","tintindex":0}}}],"display":{"head":{"translation":[0.0,-6.4,0.0],"rotation":[0.0,0.0,0.0],"scale":[3.8095,3.8095,3.8095]}}}