{
  "samus.owl_idle": {
    "category": "master",
    "sounds": [
      "christmas:samus/christmas_pets/owl_idle"
    ]
  },
  "samus.owl_skill": {
    "category": "master",
    "sounds": [
      "christmas:samus/christmas_pets/owl_skill"
    ]
  },
  "samus.reindeer_idle": {
    "category": "master",
    "sounds": [
      "christmas:samus/christmas_pets/reindeer_idle"
    ]
  },
  "samus.reindeer_scream": {
    "category": "master",
    "sounds": [
      "christmas:samus/christmas_pets/reindeer_scream"
    ]
  },
  "samus.snow_owl_skill": {
    "category": "master",
    "sounds": [
      "christmas:samus/christmas_pets/snow_owl_skill"
    ]
  },
  "samus.yeti_idle": {
    "category": "master",
    "sounds": [
      "christmas:samus/christmas_pets/yeti_idle"
    ]
  },
  "samus.yeti_skill": {
    "category": "master",
    "sounds": [
      "christmas:samus/christmas_pets/yeti_skill"
    ]
  }
}