{
	"credit": "Made with Blockbench",
	"texture_size": [128, 128],
	"textures": {
		"1": "galaxy:4",
		"particle": "galaxy:4"
	},
	"elements": [
		{
			"from": [7.4793, -2.46063, 2.98304],
			"to": [8.5053, 3.27537, 4.00904],
			"rotation": {"angle": 0, "axis": "y", "origin": [8, 0.98465, 4]},
			"faces": {
				"north": {"uv": [1.25, 6.125, 1.375, 6.8125], "texture": "#1"},
				"east": {"uv": [1.375, 6.125, 1.5, 6.8125], "texture": "#1"},
				"south": {"uv": [1.5, 6.125, 1.625, 6.8125], "texture": "#1"},
				"west": {"uv": [1.625, 6.125, 1.75, 6.8125], "texture": "#1"},
				"up": {"uv": [5, 6.75, 4.875, 6.625], "texture": "#1"},
				"down": {"uv": [6.75, 6.375, 6.625, 6.5], "texture": "#1"}
			}
		},
		{
			"from": [7.4793, 3.33852, 0.75668],
			"to": [8.5053, 11.07452, 1.78268],
			"rotation": {"angle": 22.5, "axis": "x", "origin": [8, 0.98465, 4]},
			"faces": {
				"north": {"uv": [0.25, 6.125, 0.375, 7.0625], "texture": "#1"},
				"east": {"uv": [0.375, 6.125, 0.5, 7.0625], "texture": "#1"},
				"south": {"uv": [0.5, 6.125, 0.625, 7.0625], "texture": "#1"},
				"west": {"uv": [0.625, 6.125, 0.75, 7.0625], "texture": "#1"},
				"up": {"uv": [7, 4.5, 6.875, 4.375], "texture": "#1"},
				"down": {"uv": [7, 4.5, 6.875, 4.625], "texture": "#1"}
			}
		},
		{
			"from": [7.4793, 10.31099, 10.11009],
			"to": [8.5053, 11.33699, 14.84609],
			"rotation": {"angle": -22.5, "axis": "x", "origin": [8, 0.98465, 4]},
			"faces": {
				"north": {"uv": [6.875, 5.375, 7, 5.5], "texture": "#1"},
				"east": {"uv": [6.375, 3.25, 6.9375, 3.375], "texture": "#1"},
				"south": {"uv": [6.875, 5.5, 7, 5.625], "texture": "#1"},
				"west": {"uv": [6.375, 3.375, 6.9375, 3.5], "texture": "#1"},
				"up": {"uv": [3.875, 6.9375, 3.75, 6.375], "texture": "#1"},
				"down": {"uv": [4, 6.375, 3.875, 6.9375], "texture": "#1"}
			}
		},
		{
			"from": [7.3083, 2.22537, 2.81204],
			"to": [8.6763, 3.59337, 4.18004],
			"rotation": {"angle": 0, "axis": "y", "origin": [8, 0.98465, 4]},
			"faces": {
				"north": {"uv": [3.125, 6.625, 3.3125, 6.8125], "texture": "#1"},
				"east": {"uv": [3.375, 6.625, 3.5625, 6.8125], "texture": "#1"},
				"south": {"uv": [4, 6.625, 4.1875, 6.8125], "texture": "#1"},
				"west": {"uv": [6.625, 4.125, 6.8125, 4.3125], "texture": "#1"},
				"up": {"uv": [4.8125, 6.8125, 4.625, 6.625], "texture": "#1"},
				"down": {"uv": [6.8125, 5.375, 6.625, 5.5625], "texture": "#1"}
			}
		},
		{
			"from": [7.3083, -1.61837, 2.81204],
			"to": [8.6763, -0.25037, 4.18004],
			"rotation": {"angle": 0, "axis": "y", "origin": [8, 0.98465, 4]},
			"faces": {
				"north": {"uv": [6.625, 5.625, 6.8125, 5.8125], "texture": "#1"},
				"east": {"uv": [6.625, 5.875, 6.8125, 6.0625], "texture": "#1"},
				"south": {"uv": [6.625, 6.125, 6.8125, 6.3125], "texture": "#1"},
				"west": {"uv": [6.375, 6.625, 6.5625, 6.8125], "texture": "#1"},
				"up": {"uv": [6.8125, 6.8125, 6.625, 6.625], "texture": "#1"},
				"down": {"uv": [6.9375, 1, 6.75, 1.1875], "texture": "#1"}
			}
		},
		{
			"from": [7.2373, 9.42042, 8.75478],
			"to": [8.7473, 10.70942, 10.04378],
			"rotation": {"angle": -22.5, "axis": "x", "origin": [8, 0.98465, 4]},
			"faces": {
				"north": {"uv": [6.75, 1.25, 6.9375, 1.4375], "texture": "#1"},
				"east": {"uv": [6.75, 1.5, 6.9375, 1.6875], "texture": "#1"},
				"south": {"uv": [1.75, 6.75, 1.9375, 6.9375], "texture": "#1"},
				"west": {"uv": [6.75, 1.75, 6.9375, 1.9375], "texture": "#1"},
				"up": {"uv": [6.9375, 2.1875, 6.75, 2], "texture": "#1"},
				"down": {"uv": [6.9375, 2.25, 6.75, 2.4375], "texture": "#1"}
			}
		},
		{
			"from": [7.2373, 14.77493, 3.82605],
			"to": [8.7473, 16.06393, 5.11505],
			"rotation": {"angle": 22.5, "axis": "x", "origin": [8, 0.98465, 4]},
			"faces": {
				"north": {"uv": [2.375, 6.75, 2.5625, 6.9375], "texture": "#1"},
				"east": {"uv": [6.75, 2.5, 6.9375, 2.6875], "texture": "#1"},
				"south": {"uv": [2.625, 6.75, 2.8125, 6.9375], "texture": "#1"},
				"west": {"uv": [6.75, 2.75, 6.9375, 2.9375], "texture": "#1"},
				"up": {"uv": [3.0625, 6.9375, 2.875, 6.75], "texture": "#1"},
				"down": {"uv": [6.9375, 3.5, 6.75, 3.6875], "texture": "#1"}
			}
		},
		{
			"from": [7.2423, 1.92711, -1.15517],
			"to": [8.7423, 5.42711, 2.34483],
			"rotation": {"angle": 45, "axis": "x", "origin": [8, 0.98465, 4]},
			"faces": {
				"north": {"uv": [1.75, 6.125, 1.9375, 6.5625], "texture": "#1"},
				"east": {"uv": [6, 1, 6.4375, 1.4375], "texture": "#1"},
				"south": {"uv": [2, 6.125, 2.1875, 6.5625], "texture": "#1"},
				"west": {"uv": [6, 1.5, 6.4375, 1.9375], "texture": "#1"},
				"up": {"uv": [2.4375, 6.5625, 2.25, 6.125], "texture": "#1"},
				"down": {"uv": [2.6875, 6.125, 2.5, 6.5625], "texture": "#1"}
			}
		},
		{
			"from": [7.3423, 9.64138, 8.87572],
			"to": [8.6423, 11.64138, 11.12572],
			"rotation": {"angle": -22.5, "axis": "x", "origin": [8, 0.98465, 4]},
			"faces": {
				"north": {"uv": [6.5, 3.5, 6.6875, 3.75], "texture": "#1"},
				"east": {"uv": [4.125, 6.125, 4.4375, 6.375], "texture": "#1"},
				"south": {"uv": [6.5, 3.75, 6.6875, 4], "texture": "#1"},
				"west": {"uv": [4.5, 6.125, 4.8125, 6.375], "texture": "#1"},
				"up": {"uv": [6.1875, 6.6875, 6, 6.375], "texture": "#1"},
				"down": {"uv": [6.5625, 6.125, 6.375, 6.4375], "texture": "#1"}
			}
		},
		{
			"from": [7.6827, 0.73713, 0.01594],
			"to": [8.3327, 1.63713, 1.81594],
			"rotation": {"angle": 22.5, "axis": "x", "origin": [8, 0.98465, 4]},
			"faces": {
				"north": {"uv": [6.875, 6.875, 6.9375, 7], "texture": "#1"},
				"east": {"uv": [6.625, 4.375, 6.875, 4.5], "texture": "#1"},
				"south": {"uv": [7, 1, 7.0625, 1.125], "texture": "#1"},
				"west": {"uv": [6.875, 0.75, 7.125, 0.875], "texture": "#1"},
				"up": {"uv": [4.6875, 7.125, 4.625, 6.875], "texture": "#1"},
				"down": {"uv": [4.8125, 6.875, 4.75, 7.125], "texture": "#1"}
			}
		},
		{
			"from": [7.6577, 3.62678, 1.00782],
			"to": [8.3577, 6.42678, 1.90782],
			"rotation": {"angle": -22.5, "axis": "x", "origin": [8, 0.98465, 4]},
			"faces": {
				"north": {"uv": [2, 6.75, 2.0625, 7.125], "texture": "#1"},
				"east": {"uv": [6.25, 6.375, 6.375, 6.75], "texture": "#1"},
				"south": {"uv": [5.125, 6.75, 5.1875, 7.125], "texture": "#1"},
				"west": {"uv": [6.5, 4.125, 6.625, 4.5], "texture": "#1"},
				"up": {"uv": [6.8125, 7, 6.75, 6.875], "texture": "#1"},
				"down": {"uv": [6.9375, 6.75, 6.875, 6.875], "texture": "#1"}
			}
		},
		{
			"from": [7.6577, 5.47678, -1.79218],
			"to": [8.3577, 6.42678, 1.00782],
			"rotation": {"angle": -22.5, "axis": "x", "origin": [8, 0.98465, 4]},
			"faces": {
				"north": {"uv": [6.625, 6.875, 6.6875, 7], "texture": "#1"},
				"east": {"uv": [4, 6.5, 4.375, 6.625], "texture": "#1"},
				"south": {"uv": [6.875, 6.625, 6.9375, 6.75], "texture": "#1"},
				"west": {"uv": [6.5, 4, 6.875, 4.125], "texture": "#1"},
				"up": {"uv": [3.6875, 7, 3.625, 6.625], "texture": "#1"},
				"down": {"uv": [4.3125, 6.625, 4.25, 7], "texture": "#1"}
			}
		},
		{
			"from": [7.6577, 11.32678, 11.65782],
			"to": [8.3577, 12.27678, 14.45782],
			"rotation": {"angle": -22.5, "axis": "x", "origin": [8, 0.98465, 4]},
			"faces": {
				"north": {"uv": [7, 1.75, 7.0625, 1.875], "texture": "#1"},
				"east": {"uv": [6.375, 6.5, 6.75, 6.625], "texture": "#1"},
				"south": {"uv": [1.875, 7, 1.9375, 7.125], "texture": "#1"},
				"west": {"uv": [1.75, 6.625, 2.125, 6.75], "texture": "#1"},
				"up": {"uv": [3.5625, 7.25, 3.5, 6.875], "texture": "#1"},
				"down": {"uv": [4.0625, 6.875, 4, 7.25], "texture": "#1"}
			}
		},
		{
			"from": [7.6577, 11.32678, 10.75782],
			"to": [8.3577, 14.12678, 11.65782],
			"rotation": {"angle": -22.5, "axis": "x", "origin": [8, 0.98465, 4]},
			"faces": {
				"north": {"uv": [3.25, 6.875, 3.3125, 7.25], "texture": "#1"},
				"east": {"uv": [6.5, 5.375, 6.625, 5.75], "texture": "#1"},
				"south": {"uv": [3.375, 6.875, 3.4375, 7.25], "texture": "#1"},
				"west": {"uv": [6.5, 5.75, 6.625, 6.125], "texture": "#1"},
				"up": {"uv": [7.0625, 1.75, 7, 1.625], "texture": "#1"},
				"down": {"uv": [1.8125, 7, 1.75, 7.125], "texture": "#1"}
			}
		},
		{
			"from": [7.6577, -10.29651, 11.68434],
			"to": [8.3577, -9.34651, 14.48434],
			"rotation": {"angle": 22.5, "axis": "x", "origin": [8, 0.98465, 4]},
			"faces": {
				"north": {"uv": [2.125, 7, 2.1875, 7.125], "texture": "#1"},
				"east": {"uv": [2.375, 6.625, 2.75, 6.75], "texture": "#1"},
				"south": {"uv": [7, 2.125, 7.0625, 2.25], "texture": "#1"},
				"west": {"uv": [2.75, 6.625, 3.125, 6.75], "texture": "#1"},
				"up": {"uv": [4.4375, 7.25, 4.375, 6.875], "texture": "#1"},
				"down": {"uv": [4.5625, 6.875, 4.5, 7.25], "texture": "#1"}
			}
		},
		{
			"from": [7.6577, -12.14651, 10.78434],
			"to": [8.3577, -9.34651, 11.68434],
			"rotation": {"angle": 22.5, "axis": "x", "origin": [8, 0.98465, 4]},
			"faces": {
				"north": {"uv": [6.875, 4, 6.9375, 4.375], "texture": "#1"},
				"east": {"uv": [2.125, 6.625, 2.25, 7], "texture": "#1"},
				"south": {"uv": [4.125, 6.875, 4.1875, 7.25], "texture": "#1"},
				"west": {"uv": [2.25, 6.625, 2.375, 7], "texture": "#1"},
				"up": {"uv": [7.0625, 2, 7, 1.875], "texture": "#1"},
				"down": {"uv": [7.0625, 2, 7, 2.125], "texture": "#1"}
			}
		},
		{
			"from": [7.3423, 4.80142, 4.35408],
			"to": [8.6423, 6.80142, 6.60408],
			"rotation": {"angle": -45, "axis": "x", "origin": [8, 0.98465, 4]},
			"faces": {
				"north": {"uv": [6.5, 2.5, 6.6875, 2.75], "texture": "#1"},
				"east": {"uv": [6, 3.25, 6.3125, 3.5], "texture": "#1"},
				"south": {"uv": [6.5, 2.75, 6.6875, 3], "texture": "#1"},
				"west": {"uv": [3.75, 6.125, 4.0625, 6.375], "texture": "#1"},
				"up": {"uv": [5.6875, 6.6875, 5.5, 6.375], "texture": "#1"},
				"down": {"uv": [5.9375, 6.375, 5.75, 6.6875], "texture": "#1"}
			}
		},
		{
			"from": [7.2423, -3.4361, -1.13345],
			"to": [8.7423, 0.0639, 2.36655],
			"rotation": {"angle": -45, "axis": "x", "origin": [8, 0.98465, 4]},
			"faces": {
				"north": {"uv": [2.75, 6.125, 2.9375, 6.5625], "texture": "#1"},
				"east": {"uv": [6, 2, 6.4375, 2.4375], "texture": "#1"},
				"south": {"uv": [3, 6.125, 3.1875, 6.5625], "texture": "#1"},
				"west": {"uv": [6, 2.5, 6.4375, 2.9375], "texture": "#1"},
				"up": {"uv": [3.4375, 6.5625, 3.25, 6.125], "texture": "#1"},
				"down": {"uv": [3.6875, 6.125, 3.5, 6.5625], "texture": "#1"}
			}
		},
		{
			"from": [7.3423, -4.81042, 4.33236],
			"to": [8.6423, -2.81042, 6.58236],
			"rotation": {"angle": 45, "axis": "x", "origin": [8, 0.98465, 4]},
			"faces": {
				"north": {"uv": [5, 6.5, 5.1875, 6.75], "texture": "#1"},
				"east": {"uv": [5.625, 6.125, 5.9375, 6.375], "texture": "#1"},
				"south": {"uv": [6.5, 5.125, 6.6875, 5.375], "texture": "#1"},
				"west": {"uv": [6, 6.125, 6.3125, 6.375], "texture": "#1"},
				"up": {"uv": [6.6875, 2.0625, 6.5, 1.75], "texture": "#1"},
				"down": {"uv": [6.6875, 2.125, 6.5, 2.4375], "texture": "#1"}
			}
		},
		{
			"from": [7.3423, -9.64372, 8.86396],
			"to": [8.6423, -7.64372, 11.11396],
			"rotation": {"angle": 22.5, "axis": "x", "origin": [8, 0.98465, 4]},
			"faces": {
				"north": {"uv": [6.5, 4.625, 6.6875, 4.875], "texture": "#1"},
				"east": {"uv": [4.875, 6.125, 5.1875, 6.375], "texture": "#1"},
				"south": {"uv": [6.5, 4.875, 6.6875, 5.125], "texture": "#1"},
				"west": {"uv": [5.25, 6.125, 5.5625, 6.375], "texture": "#1"},
				"up": {"uv": [6.6875, 1.3125, 6.5, 1], "texture": "#1"},
				"down": {"uv": [6.6875, 1.375, 6.5, 1.6875], "texture": "#1"}
			}
		},
		{
			"from": [7.4793, -9.07686, 0.76843],
			"to": [8.5053, -1.34086, 1.79443],
			"rotation": {"angle": -22.5, "axis": "x", "origin": [8, 0.98465, 4]},
			"faces": {
				"north": {"uv": [0.75, 6.125, 0.875, 7.0625], "texture": "#1"},
				"east": {"uv": [0.875, 6.125, 1, 7.0625], "texture": "#1"},
				"south": {"uv": [1, 6.125, 1.125, 7.0625], "texture": "#1"},
				"west": {"uv": [1.125, 6.125, 1.25, 7.0625], "texture": "#1"},
				"up": {"uv": [6.5, 7, 6.375, 6.875], "texture": "#1"},
				"down": {"uv": [6.625, 6.875, 6.5, 7], "texture": "#1"}
			}
		},
		{
			"from": [7.6577, -4.42912, -1.80393],
			"to": [8.3577, -3.47912, 0.99607],
			"rotation": {"angle": 22.5, "axis": "x", "origin": [8, 0.98465, 4]},
			"faces": {
				"north": {"uv": [7, 1.375, 7.0625, 1.5], "texture": "#1"},
				"east": {"uv": [6.5, 4.5, 6.875, 4.625], "texture": "#1"},
				"south": {"uv": [7, 1.5, 7.0625, 1.625], "texture": "#1"},
				"west": {"uv": [4.625, 6.5, 5, 6.625], "texture": "#1"},
				"up": {"uv": [1.6875, 7.25, 1.625, 6.875], "texture": "#1"},
				"down": {"uv": [3.1875, 6.875, 3.125, 7.25], "texture": "#1"}
			}
		},
		{
			"from": [7.6577, -4.42912, 0.99607],
			"to": [8.3577, -1.62912, 1.89607],
			"rotation": {"angle": 22.5, "axis": "x", "origin": [8, 0.98465, 4]},
			"faces": {
				"north": {"uv": [6.25, 6.75, 6.3125, 7.125], "texture": "#1"},
				"east": {"uv": [4.375, 6.5, 4.5, 6.875], "texture": "#1"},
				"south": {"uv": [1.5, 6.875, 1.5625, 7.25], "texture": "#1"},
				"west": {"uv": [4.5, 6.5, 4.625, 6.875], "texture": "#1"},
				"up": {"uv": [7.0625, 1.375, 7, 1.25], "texture": "#1"},
				"down": {"uv": [1.4375, 7, 1.375, 7.125], "texture": "#1"}
			}
		},
		{
			"from": [7.2373, -8.71176, 8.74303],
			"to": [8.7473, -7.42276, 10.03203],
			"rotation": {"angle": 22.5, "axis": "x", "origin": [8, 0.98465, 4]},
			"faces": {
				"north": {"uv": [5.75, 6.75, 5.9375, 6.9375], "texture": "#1"},
				"east": {"uv": [6, 6.75, 6.1875, 6.9375], "texture": "#1"},
				"south": {"uv": [6.75, 6.375, 6.9375, 6.5625], "texture": "#1"},
				"west": {"uv": [6.875, 0, 7.0625, 0.1875], "texture": "#1"},
				"up": {"uv": [7.0625, 0.4375, 6.875, 0.25], "texture": "#1"},
				"down": {"uv": [7.0625, 0.5, 6.875, 0.6875], "texture": "#1"}
			}
		},
		{
			"from": [7.4793, -9.33933, 10.09833],
			"to": [8.5053, -8.31333, 14.83433],
			"rotation": {"angle": 22.5, "axis": "x", "origin": [8, 0.98465, 4]},
			"faces": {
				"north": {"uv": [6.875, 6.125, 7, 6.25], "texture": "#1"},
				"east": {"uv": [4, 6.375, 4.5625, 6.5], "texture": "#1"},
				"south": {"uv": [6.875, 6.25, 7, 6.375], "texture": "#1"},
				"west": {"uv": [4.625, 6.375, 5.1875, 6.5], "texture": "#1"},
				"up": {"uv": [5.375, 6.9375, 5.25, 6.375], "texture": "#1"},
				"down": {"uv": [5.5, 6.375, 5.375, 6.9375], "texture": "#1"}
			}
		},
		{
			"from": [7.2373, -14.06627, 3.8378],
			"to": [8.7473, -12.77727, 5.1268],
			"rotation": {"angle": -22.5, "axis": "x", "origin": [8, 0.98465, 4]},
			"faces": {
				"north": {"uv": [6.75, 3.75, 6.9375, 3.9375], "texture": "#1"},
				"east": {"uv": [6.75, 4.625, 6.9375, 4.8125], "texture": "#1"},
				"south": {"uv": [4.875, 6.75, 5.0625, 6.9375], "texture": "#1"},
				"west": {"uv": [6.75, 4.875, 6.9375, 5.0625], "texture": "#1"},
				"up": {"uv": [6.9375, 5.3125, 6.75, 5.125], "texture": "#1"},
				"down": {"uv": [5.6875, 6.75, 5.5, 6.9375], "texture": "#1"}
			}
		},
		{
			"from": [7.6827, 0.36053, 0.02769],
			"to": [8.3327, 1.26053, 1.82769],
			"rotation": {"angle": -22.5, "axis": "x", "origin": [8, 0.98465, 4]},
			"faces": {
				"north": {"uv": [7, 1.125, 7.0625, 1.25], "texture": "#1"},
				"east": {"uv": [6.875, 0.875, 7.125, 1], "texture": "#1"},
				"south": {"uv": [1.25, 7, 1.3125, 7.125], "texture": "#1"},
				"west": {"uv": [1.25, 6.875, 1.5, 7], "texture": "#1"},
				"up": {"uv": [6.9375, 5.875, 6.875, 5.625], "texture": "#1"},
				"down": {"uv": [6.9375, 5.875, 6.875, 6.125], "texture": "#1"}
			}
		},
		{
			"from": [8, 10.07632, 7.40747],
			"to": [8, 17.07632, 20.40747],
			"rotation": {"angle": -22.5, "axis": "x", "origin": [8, 10.80519, 4]},
			"faces": {
				"north": {"uv": [0, 0, 0, 0.875], "texture": "#1"},
				"east": {"uv": [0, 3.5, 1.625, 4.375], "texture": "#1"},
				"south": {"uv": [0, 0, 0, 0.875], "texture": "#1"},
				"west": {"uv": [1.625, 3.5, 3.25, 4.375], "texture": "#1"},
				"up": {"uv": [0, 1.625, 0, 0], "texture": "#1"},
				"down": {"uv": [0, 0, 0, 1.625], "texture": "#1"}
			}
		},
		{
			"from": [8, 9.69364, -5.51641],
			"to": [8, 16.69364, 7.48359],
			"rotation": {"angle": -22.5, "axis": "x", "origin": [8, 10.42251, 3.07612]},
			"faces": {
				"north": {"uv": [0, 0, 0, 0.875], "texture": "#1"},
				"east": {"uv": [1.625, 4.375, 3.25, 5.25], "texture": "#1"},
				"south": {"uv": [0, 0, 0, 0.875], "texture": "#1"},
				"west": {"uv": [3.25, 4.375, 4.875, 5.25], "texture": "#1"},
				"up": {"uv": [0, 1.625, 0, 0], "texture": "#1"},
				"down": {"uv": [0, 0, 0, 1.625], "texture": "#1"}
			}
		},
		{
			"from": [8, 1.15359, -10.59284],
			"to": [8, 8.15359, 2.40716],
			"rotation": {"angle": 0, "axis": "y", "origin": [8, 10.80519, 4]},
			"faces": {
				"north": {"uv": [0, 0, 0, 0.875], "texture": "#1"},
				"east": {"uv": [3.25, 3.5, 4.875, 4.375], "texture": "#1"},
				"south": {"uv": [0, 0, 0, 0.875], "texture": "#1"},
				"west": {"uv": [0, 4.375, 1.625, 5.25], "texture": "#1"},
				"up": {"uv": [0, 1.625, 0, 0], "texture": "#1"},
				"down": {"uv": [0, 0, 0, 1.625], "texture": "#1"}
			}
		},
		{
			"from": [8, -6.15359, -10.39284],
			"to": [8, 0.84641, 2.60716],
			"rotation": {"angle": 0, "axis": "y", "origin": [8, 6.79481, 4.2]},
			"faces": {
				"north": {"uv": [0, 0, 0, 0.875], "texture": "#1"},
				"east": {"uv": [3.25, 5.25, 4.875, 6.125], "texture": "#1"},
				"south": {"uv": [0, 0, 0, 0.875], "texture": "#1"},
				"west": {"uv": [4.875, 5.25, 6.5, 6.125], "texture": "#1"},
				"up": {"uv": [0, 1.625, 0, 0], "texture": "#1"},
				"down": {"uv": [0, 0, 0, 1.625], "texture": "#1"}
			}
		},
		{
			"from": [8, -14.76864, -5.51641],
			"to": [8, -7.76864, 7.48359],
			"rotation": {"angle": 22.5, "axis": "x", "origin": [8, -8.49751, 3.07612]},
			"faces": {
				"north": {"uv": [0, 0, 0, 0.875], "texture": "#1"},
				"east": {"uv": [0, 5.25, 1.625, 6.125], "texture": "#1"},
				"south": {"uv": [0, 0, 0, 0.875], "texture": "#1"},
				"west": {"uv": [1.625, 5.25, 3.25, 6.125], "texture": "#1"},
				"up": {"uv": [0, 1.625, 0, 0], "texture": "#1"},
				"down": {"uv": [0, 0, 0, 1.625], "texture": "#1"}
			}
		},
		{
			"from": [8, -15.15132, 7.40747],
			"to": [8, -8.15132, 20.40747],
			"rotation": {"angle": 22.5, "axis": "x", "origin": [8, -8.88019, 4]},
			"faces": {
				"north": {"uv": [0, 0, 0, 0.875], "texture": "#1"},
				"east": {"uv": [4.875, 3.5, 6.5, 4.375], "texture": "#1"},
				"south": {"uv": [0, 0, 0, 0.875], "texture": "#1"},
				"west": {"uv": [4.875, 4.375, 6.5, 5.25], "texture": "#1"},
				"up": {"uv": [0, 1.625, 0, 0], "texture": "#1"},
				"down": {"uv": [0, 0, 0, 1.625], "texture": "#1"}
			}
		},
		{
			"from": [8, -13.2, 8],
			"to": [8, 14.8, 32],
			"rotation": {"angle": 0, "axis": "y", "origin": [8, 0.8, 8]},
			"faces": {
				"north": {"uv": [0, 0, 0, 3.5], "texture": "#1"},
				"east": {"uv": [0, 0, 3, 3.5], "texture": "#1"},
				"south": {"uv": [0, 0, 0, 3.5], "texture": "#1"},
				"west": {"uv": [3, 0, 6, 3.5], "texture": "#1"},
				"up": {"uv": [0, 3, 0, 0], "texture": "#1"},
				"down": {"uv": [0, 0, 0, 3], "texture": "#1"}
			}
		},
		{
			"from": [7.72, 0.72, -5.58],
			"to": [8.28, 1.28, 15.98],
			"rotation": {"angle": 0, "axis": "y", "origin": [8, 1, 0.3]},
			"faces": {
				"north": {"uv": [2.25, 7, 2.3125, 7.0625], "texture": "#1"},
				"east": {"uv": [6, 3, 8.6875, 3.0625], "texture": "#1"},
				"south": {"uv": [7, 2.25, 7.0625, 2.3125], "texture": "#1"},
				"west": {"uv": [6, 3.125, 8.6875, 3.1875], "texture": "#1"},
				"up": {"uv": [0.0625, 8.8125, 0, 6.125], "texture": "#1"},
				"down": {"uv": [0.1875, 6.125, 0.125, 8.8125], "texture": "#1"}
			}
		},
		{
			"from": [7.5213, 1.19728, -5.58],
			"to": [7.5213, 4.75728, 0.98],
			"rotation": {"angle": 45, "axis": "z", "origin": [7.5213, 1.47728, 5.2]},
			"faces": {
				"north": {"uv": [0, 0, 0, 0.4375], "texture": "#1"},
				"east": {"uv": [6.8125, 0.5, 6, 0.9375], "texture": "#1"},
				"south": {"uv": [0, 0, 0, 0.4375], "texture": "#1"},
				"west": {"uv": [6, 0.5, 6.8125, 0.9375], "texture": "#1"},
				"up": {"uv": [0, 0.8125, 0, 0], "texture": "#1"},
				"down": {"uv": [0, 0, 0, 0.8125], "texture": "#1"}
			}
		},
		{
			"from": [8.4787, 1.19728, -5.58],
			"to": [8.4787, 4.75728, 0.98],
			"rotation": {"angle": -45, "axis": "z", "origin": [8.4787, 1.47728, 5.2]},
			"faces": {
				"north": {"uv": [0, 0, 0, 0.4375], "texture": "#1"},
				"east": {"uv": [6.8125, 0.5, 6, 0.9375], "texture": "#1"},
				"south": {"uv": [0, 0, 0, 0.4375], "texture": "#1"},
				"west": {"uv": [6, 0.5, 6.8125, 0.9375], "texture": "#1"},
				"up": {"uv": [0, 0.8125, 0, 0], "texture": "#1"},
				"down": {"uv": [0, 0, 0, 0.8125], "texture": "#1"}
			}
		},
		{
			"from": [7.52201, -2.75799, -5.58],
			"to": [7.52201, 0.80201, 0.98],
			"rotation": {"angle": -45, "axis": "z", "origin": [7.52201, 0.52201, 5.2]},
			"faces": {
				"north": {"uv": [0, 0.4375, 0, 0], "texture": "#1"},
				"east": {"uv": [6.8125, 0.9375, 6, 0.5], "texture": "#1"},
				"south": {"uv": [0, 0.4375, 0, 0], "texture": "#1"},
				"west": {"uv": [6, 0.9375, 6.8125, 0.5], "texture": "#1"},
				"up": {"uv": [0, 0.8125, 0, 0], "texture": "#1"},
				"down": {"uv": [0, 0, 0, 0.8125], "texture": "#1"}
			}
		},
		{
			"from": [8.4794, -2.75799, -5.58],
			"to": [8.4794, 0.80201, 0.98],
			"rotation": {"angle": 45, "axis": "z", "origin": [8.4794, 0.52201, 5.2]},
			"faces": {
				"north": {"uv": [0, 0.4375, 0, 0], "texture": "#1"},
				"east": {"uv": [6.8125, 0.9375, 6, 0.5], "texture": "#1"},
				"south": {"uv": [0, 0.4375, 0, 0], "texture": "#1"},
				"west": {"uv": [6, 0.9375, 6.8125, 0.5], "texture": "#1"},
				"up": {"uv": [0, 0.8125, 0, 0], "texture": "#1"},
				"down": {"uv": [0, 0, 0, 0.8125], "texture": "#1"}
			}
		}
	],
	"gui_light": "front",
	"display": {
		"thirdperson_righthand": {
			"translation": [0, 3.5, 5.5],
			"scale": [0.81, 0.81, 0.81]
		},
		"thirdperson_lefthand": {
			"translation": [0, 3.5, 5.5],
			"scale": [0.81, 0.81, 0.81]
		},
		"firstperson_righthand": {
			"rotation": [23.31, 13.39, 1.66],
			"translation": [3.5, 9.5, -2.25],
			"scale": [0.9, 0.9, 0.9]
		},
		"firstperson_lefthand": {
			"rotation": [22.75, -21.07, 4.13],
			"translation": [10.5, 9.5, -0.75],
			"scale": [0.9, 0.9, 0.9]
		},
		"ground": {
			"rotation": [45, 0, 0],
			"translation": [0, 3, 0],
			"scale": [0.38, 0.38, 0.38]
		},
		"gui": {
			"rotation": [93, 42, -87],
			"translation": [2, 2.25, 0],
			"scale": [0.46, 0.46, 0.46]
		},
		"fixed": {
			"rotation": [0, -90, 0],
			"translation": [-0.5, 3.75, -1.5],
			"scale": [0.52, 0.52, 0.52]
		}
	},
	"groups": [
		0,
		1,
		2,
		3,
		4,
		5,
		6,
		{
			"name": "group",
			"origin": [8, 14, 8],
			"color": 0,
			"children": []
		},
		{
			"name": "group",
			"origin": [8, 14, 8],
			"color": 0,
			"children": []
		},
		7,
		8,
		9,
		10,
		11,
		12,
		13,
		14,
		15,
		16,
		17,
		18,
		19,
		20,
		21,
		22,
		23,
		24,
		25,
		26,
		27,
		28,
		29,
		30,
		31,
		32,
		33,
		34,
		35,
		36,
		37,
		38
	]
}