{"credit":"MadewithBlockbench","texture_size":[128,128],"textures":{"4":"galaxy:10"},"elements":[{"from":[-0.0724,2.4396,12.3344],"to":[4.3628,6.8748,16.1312],"rotation":{"angle":0,"axis":"y","origin":[8,9.42,8]},"faces":{"north":{"uv":[4.125,5.75,4.6875,6.3125],"texture":"#4"},"east":{"uv":[6.375,1.625,6.875,2.1875],"texture":"#4"},"south":{"uv":[4.75,5.75,5.3125,6.3125],"texture":"#4"},"west":{"uv":[6.375,2.25,6.875,2.8125],"texture":"#4"},"up":{"uv":[6.9375,3.375,6.375,2.875],"texture":"#4"},"down":{"uv":[3.8125,6.375,3.25,6.875],"texture":"#4"}}},{"from":[1.406,6.8748,13.1744],"to":[4.178,10.5708,15.9464],"rotation":{"angle":0,"axis":"y","origin":[8,9.42,8]},"faces":{"north":{"uv":[6.5,5.75,6.875,6.1875],"texture":"#4"},"east":{"uv":[6.5,6.25,6.875,6.6875],"texture":"#4"},"south":{"uv":[1.125,6.625,1.5,7.0625],"texture":"#4"},"west":{"uv":[1.5,6.625,1.875,7.0625],"texture":"#4"},"up":{"uv":[7.625,0.375,7.25,0],"texture":"#4"},"down":{"uv":[7.625,1.625,7.25,2],"texture":"#4"}}},{"from":[13.422,6.8748,13.1744],"to":[16.194,10.5708,15.9464],"rotation":{"angle":0,"axis":"y","origin":[8,9.42,8]},"faces":{"north":{"uv":[7,1.125,7.375,1.5625],"texture":"#4"},"east":{"uv":[7,2.625,7.375,3.0625],"texture":"#4"},"south":{"uv":[7,4.125,7.375,4.5625],"texture":"#4"},"west":{"uv":[6.875,7,7.25,7.4375],"texture":"#4"},"up":{"uv":[7.75,1.375,7.375,1],"texture":"#4"},"down":{"uv":[7.75,2.375,7.375,2.75],"texture":"#4"}}},{"from":[13.422,6.8748,0.0536],"to":[16.194,10.5708,2.8256],"rotation":{"angle":0,"axis":"y","origin":[8,9.42,8]},"faces":{"north":{"uv":[1.125,7.125,1.5,7.5625],"texture":"#4"},"east":{"uv":[1.5,7.125,1.875,7.5625],"texture":"#4"},"south":{"uv":[2.625,7.125,3,7.5625],"texture":"#4"},"west":{"uv":[5.75,7.125,6.125,7.5625],"texture":"#4"},"up":{"uv":[7.75,3.125,7.375,2.75],"texture":"#4"},"down":{"uv":[3.375,7.375,3,7.75],"texture":"#4"}}},{"from":[1.616,2.6748,2.8214],"to":[3.338,8.0508,13.1744],"rotation":{"angle":0,"axis":"y","origin":[8,9.42,8]},"faces":{"north":{"uv":[7.5,6.5,7.6875,7.1875],"texture":"#4"},"east":{"uv":[3.75,5,5.0625,5.6875],"texture":"#4"},"south":{"uv":[6.75,7.5,6.9375,8.1875],"texture":"#4"},"west":{"uv":[5.125,5,6.4375,5.6875],"texture":"#4"},"up":{"uv":[4.0625,7.6875,3.875,6.375],"texture":"#4"},"down":{"uv":[4.3125,6.375,4.125,7.6875],"texture":"#4"}}},{"from":[13.838,2.6748,2.8214],"to":[15.56,8.8908,13.1744],"rotation":{"angle":0,"axis":"y","origin":[8,9.42,8]},"faces":{"north":{"uv":[6.5,7.25,6.6875,8],"texture":"#4"},"east":{"uv":[4,4.25,5.3125,5],"texture":"#4"},"south":{"uv":[7.25,6.5,7.4375,7.25],"texture":"#4"},"west":{"uv":[1,4.625,2.3125,5.375],"texture":"#4"},"up":{"uv":[5.0625,7.6875,4.875,6.375],"texture":"#4"},"down":{"uv":[5.3125,6.375,5.125,7.6875],"texture":"#4"}}},{"from":[3.088,2.6998,2.5464],"to":[13.56,7.3908,13.5494],"rotation":{"angle":0,"axis":"y","origin":[8,9.42,8]},"faces":{"north":{"uv":[6.5,7.25,6.6875,8],"texture":"#4"},"east":{"uv":[4,4.25,5.3125,5],"texture":"#4"},"south":{"uv":[7.25,6.5,7.4375,7.25],"texture":"#4"},"west":{"uv":[1,4.625,2.3125,5.375],"texture":"#4"},"up":{"uv":[5.0625,7.6875,4.875,6.375],"texture":"#4"},"down":{"uv":[5.3125,6.375,5.125,7.6875],"texture":"#4"}}},{"from":[3.6215,2.6748,0.839],"to":[13.9745,8.8908,2.561],"rotation":{"angle":0,"axis":"y","origin":[8,9.42,8]},"faces":{"north":{"uv":[2.375,4.75,3.6875,5.5],"texture":"#4"},"east":{"uv":[7.25,7.25,7.4375,8],"texture":"#4"},"south":{"uv":[5,2,6.3125,2.75],"texture":"#4"},"west":{"uv":[0.375,7.375,0.5625,8.125],"texture":"#4"},"up":{"uv":[7.3125,4.9375,6,4.75],"texture":"#4"},"down":{"uv":[7.6875,3.375,6.375,3.5625],"texture":"#4"}}},{"from":[3.6215,2.6748,13.439],"to":[13.9745,8.8908,15.161],"rotation":{"angle":0,"axis":"y","origin":[8,9.42,8]},"faces":{"north":{"uv":[5,2.75,6.3125,3.5],"texture":"#4"},"east":{"uv":[3.375,7.375,3.5625,8.125],"texture":"#4"},"south":{"uv":[5,3.5,6.3125,4.25],"texture":"#4"},"west":{"uv":[3.625,7.375,3.8125,8.125],"texture":"#4"},"up":{"uv":[7.6875,3.8125,6.375,3.625],"texture":"#4"},"down":{"uv":[7.6875,3.875,6.375,4.0625],"texture":"#4"}}},{"from":[6.9815,8.5548,1.9835],"to":[14.8145,17.2908,14.0165],"rotation":{"angle":0,"axis":"y","origin":[8,12.9228,8]},"faces":{"north":{"uv":[4,2,5,3.0625],"texture":"#4"},"east":{"uv":[2.375,0,3.875,1.0625],"texture":"#4"},"south":{"uv":[4,3.125,5,4.1875],"texture":"#4"},"west":{"uv":[2.375,1.125,3.875,2.1875],"texture":"#4"},"up":{"uv":[4,3.75,3,2.25],"texture":"#4"},"down":{"uv":[1,3.625,0,5.125],"texture":"#4"}}},{"from":[1.9835,8.5548,2.8235],"to":[14.0165,16.4508,13.1765],"rotation":{"angle":0,"axis":"y","origin":[8,12.5028,8]},"faces":{"north":{"uv":[1,3.625,2.5,4.625],"texture":"#4"},"east":{"uv":[3.875,0,5.1875,1],"texture":"#4"},"south":{"uv":[2.5,3.75,4,4.75],"texture":"#4"},"west":{"uv":[3.875,1,5.1875,2],"texture":"#4"},"up":{"uv":[1.5,3.5625,0,2.25],"texture":"#4"},"down":{"uv":[3,2.25,1.5,3.5625],"texture":"#4"}}},{"from":[4.3485,11.0748,6.0635],"to":[6.9815,17.2908,9.9365],"rotation":{"angle":0,"axis":"y","origin":[8,14.1828,8]},"faces":{"north":{"uv":[6.5,5,6.8125,5.75],"texture":"#4"},"east":{"uv":[0,5.125,0.5,5.875],"texture":"#4"},"south":{"uv":[5.375,6.5,5.6875,7.25],"texture":"#4"},"west":{"uv":[0.5,5.125,1,5.875],"texture":"#4"},"up":{"uv":[6.4375,7.625,6.125,7.125],"texture":"#4"},"down":{"uv":[0.3125,7.25,0,7.75],"texture":"#4"}}},{"from":[0.914,7.7148,2.8214],"to":[2.636,8.8908,13.1744],"rotation":{"angle":0,"axis":"y","origin":[8,9.42,8]},"faces":{"north":{"uv":[2.5,3.625,2.6875,3.75],"texture":"#4"},"east":{"uv":[6.625,4.625,7.9375,4.75],"texture":"#4"},"south":{"uv":[2.75,3.625,2.9375,3.75],"texture":"#4"},"west":{"uv":[6.875,0.5,8.1875,0.625],"texture":"#4"},"up":{"uv":[4.5625,7.6875,4.375,6.375],"texture":"#4"},"down":{"uv":[4.8125,6.375,4.625,7.6875],"texture":"#4"}}},{"from":[0.489,7.5048,6.6035],"to":[2.211,9.1008,9.3965],"rotation":{"angle":0,"axis":"y","origin":[8,8.3028,8]},"faces":{"north":{"uv":[3.25,6.125,3.4375,6.3125],"texture":"#4"},"east":{"uv":[7.625,2.125,8,2.3125],"texture":"#4"},"south":{"uv":[3,6.625,3.1875,6.8125],"texture":"#4"},"west":{"uv":[5.375,7.625,5.75,7.8125],"texture":"#4"},"up":{"uv":[7.8125,5.75,7.625,5.375],"texture":"#4"},"down":{"uv":[5.9375,7.625,5.75,8],"texture":"#4"}}},{"from":[0.494,7.5048,10.3814],"to":[1.376,9.5208,12.3344],"rotation":{"angle":0,"axis":"y","origin":[8,9.42,8]},"faces":{"north":{"uv":[3.875,2,4,2.25],"texture":"#4"},"east":{"uv":[3.75,4.75,4,5],"texture":"#4"},"south":{"uv":[6.875,2.625,7,2.875],"texture":"#4"},"west":{"uv":[3.5,5.5,3.75,5.75],"texture":"#4"},"up":{"uv":[3.875,7.125,3.75,6.875],"texture":"#4"},"down":{"uv":[3.875,7.125,3.75,7.375],"texture":"#4"}}},{"from":[0.032,7.9248,10.8014],"to":[0.494,9.1008,11.9144],"rotation":{"angle":0,"axis":"y","origin":[8,9.42,8]},"faces":{"north":{"uv":[5.75,4.875,5.8125,5],"texture":"#4"},"east":{"uv":[2.375,4.625,2.5,4.75],"texture":"#4"},"south":{"uv":[0.75,5.875,0.8125,6],"texture":"#4"},"west":{"uv":[2.25,5.375,2.375,5.5],"texture":"#4"},"up":{"uv":[0.9375,6,0.875,5.875],"texture":"#4"},"down":{"uv":[5.9375,4.875,5.875,5],"texture":"#4"}}},{"from":[0.944,9.1848,13.8044],"to":[1.574,12.2508,15.3164],"rotation":{"angle":0,"axis":"y","origin":[8,9.42,8]},"faces":{"north":{"uv":[7.5,7.625,7.5625,8],"texture":"#4"},"east":{"uv":[7,7.5,7.1875,7.875],"texture":"#4"},"south":{"uv":[7.625,7.625,7.6875,8],"texture":"#4"},"west":{"uv":[2.5,7.625,2.6875,8],"texture":"#4"},"up":{"uv":[7.3125,2.5625,7.25,2.375],"texture":"#4"},"down":{"uv":[6.8125,7.25,6.75,7.4375],"texture":"#4"}}},{"from":[0.944,9.1848,0.6836],"to":[1.574,12.2508,2.1956],"rotation":{"angle":0,"axis":"y","origin":[8,9.42,8]},"faces":{"north":{"uv":[0,7.75,0.0625,8.125],"texture":"#4"},"east":{"uv":[2.75,7.625,2.9375,8],"texture":"#4"},"south":{"uv":[0.125,7.75,0.1875,8.125],"texture":"#4"},"west":{"uv":[7.625,5,7.8125,5.375],"texture":"#4"},"up":{"uv":[1.0625,7.5625,1,7.375],"texture":"#4"},"down":{"uv":[7.4375,1.375,7.375,1.5625],"texture":"#4"}}},{"from":[16.022,9.1848,0.6836],"to":[16.652,12.2508,2.1956],"rotation":{"angle":0,"axis":"y","origin":[3.596,9.42,8]},"faces":{"north":{"uv":[7.75,0.625,7.8125,1],"texture":"#4"},"east":{"uv":[7.625,6.125,7.8125,6.5],"texture":"#4"},"south":{"uv":[0.75,7.75,0.8125,8.125],"texture":"#4"},"west":{"uv":[6.25,7.625,6.4375,8],"texture":"#4"},"up":{"uv":[7.8125,3.3125,7.75,3.125],"texture":"#4"},"down":{"uv":[7.8125,3.375,7.75,3.5625],"texture":"#4"}}},{"from":[16.022,9.1848,13.8044],"to":[16.652,12.2508,15.3164],"rotation":{"angle":0,"axis":"y","origin":[3.596,9.42,8]},"faces":{"north":{"uv":[0.25,7.75,0.3125,8.125],"texture":"#4"},"east":{"uv":[7.625,5.75,7.8125,6.125],"texture":"#4"},"south":{"uv":[0.625,7.75,0.6875,8.125],"texture":"#4"},"west":{"uv":[6,7.625,6.1875,8],"texture":"#4"},"up":{"uv":[7.5625,1.5625,7.5,1.375],"texture":"#4"},"down":{"uv":[0.9375,7.75,0.875,7.9375],"texture":"#4"}}},{"from":[1.406,11.31,13.1744],"to":[4.178,15.006,15.9464],"rotation":{"angle":0,"axis":"y","origin":[8,9.42,8]},"faces":{"north":{"uv":[2.625,6.625,3,7.0625],"texture":"#4"},"east":{"uv":[6.625,4.125,7,4.5625],"texture":"#4"},"south":{"uv":[5.75,6.625,6.125,7.0625],"texture":"#4"},"west":{"uv":[6.125,6.625,6.5,7.0625],"texture":"#4"},"up":{"uv":[2.25,7.625,1.875,7.25],"texture":"#4"},"down":{"uv":[7.625,2,7.25,2.375],"texture":"#4"}}},{"from":[4.178,12.9134,13.1744],"to":[13.418,15.006,15.9464],"rotation":{"angle":0,"axis":"y","origin":[8,9.42,8]},"faces":{"north":{"uv":[5.25,1.5,6.375,1.75],"texture":"#4"},"east":{"uv":[7,3.125,7.375,3.375],"texture":"#4"},"south":{"uv":[5.25,1.75,6.375,2],"texture":"#4"},"west":{"uv":[7.375,3.125,7.75,3.375],"texture":"#4"},"up":{"uv":[6.375,0.375,5.25,0],"texture":"#4"},"down":{"uv":[6.375,0.375,5.25,0.75],"texture":"#4"}}},{"from":[4.178,12.9134,0.0536],"to":[13.418,15.006,2.8256],"rotation":{"angle":0,"axis":"y","origin":[8,9.42,8]},"faces":{"north":{"uv":[5.375,5.75,6.5,6],"texture":"#4"},"east":{"uv":[7.375,4.75,7.75,5],"texture":"#4"},"south":{"uv":[0,6,1.125,6.25],"texture":"#4"},"west":{"uv":[2.125,7.625,2.5,7.875],"texture":"#4"},"up":{"uv":[6.375,1.125,5.25,0.75],"texture":"#4"},"down":{"uv":[6.375,1.125,5.25,1.5],"texture":"#4"}}},{"from":[1.5908,10.5708,13.3592],"to":[3.9932,11.31,15.7616],"rotation":{"angle":0,"axis":"y","origin":[8,9.42,8]},"faces":{"north":{"uv":[5.375,4.875,5.6875,4.9375],"texture":"#4"},"east":{"uv":[0,5.875,0.3125,5.9375],"texture":"#4"},"south":{"uv":[0.375,5.875,0.6875,5.9375],"texture":"#4"},"west":{"uv":[7.25,0.375,7.5625,0.4375],"texture":"#4"},"up":{"uv":[7.6875,4.4375,7.375,4.125],"texture":"#4"},"down":{"uv":[7.8125,7.25,7.5,7.5625],"texture":"#4"}}},{"from":[13.418,11.31,13.1744],"to":[16.19,15.006,15.9464],"rotation":{"angle":0,"axis":"y","origin":[8,9.42,8]},"faces":{"north":{"uv":[0,6.75,0.375,7.1875],"texture":"#4"},"east":{"uv":[1.875,6.75,2.25,7.1875],"texture":"#4"},"south":{"uv":[2.25,6.75,2.625,7.1875],"texture":"#4"},"west":{"uv":[6.5,6.75,6.875,7.1875],"texture":"#4"},"up":{"uv":[2.625,7.625,2.25,7.25],"texture":"#4"},"down":{"uv":[7.625,5,7.25,5.375],"texture":"#4"}}},{"from":[13.6028,10.5708,13.3592],"to":[16.0052,11.31,15.7616],"rotation":{"angle":0,"axis":"y","origin":[8,9.42,8]},"faces":{"north":{"uv":[7.375,4.5,7.6875,4.5625],"texture":"#4"},"east":{"uv":[7.625,0.375,7.9375,0.4375],"texture":"#4"},"south":{"uv":[7.75,1,8.0625,1.0625],"texture":"#4"},"west":{"uv":[7.75,1.125,8.0625,1.1875],"texture":"#4"},"up":{"uv":[7.9375,0.3125,7.625,0],"texture":"#4"},"down":{"uv":[1.3125,7.625,1,7.9375],"texture":"#4"}}},{"from":[13.418,11.31,0.0536],"to":[16.19,15.006,2.8256],"rotation":{"angle":0,"axis":"y","origin":[8,9.42,8]},"faces":{"north":{"uv":[6.875,2.125,7.25,2.5625],"texture":"#4"},"east":{"uv":[3,6.875,3.375,7.3125],"texture":"#4"},"south":{"uv":[3.375,6.875,3.75,7.3125],"texture":"#4"},"west":{"uv":[6.875,5,7.25,5.4375],"texture":"#4"},"up":{"uv":[7.625,6.125,7.25,5.75],"texture":"#4"},"down":{"uv":[7.625,6.125,7.25,6.5],"texture":"#4"}}},{"from":[13.6028,10.5708,0.2384],"to":[16.0052,11.31,2.6408],"rotation":{"angle":0,"axis":"y","origin":[8,9.42,8]},"faces":{"north":{"uv":[7.75,2.75,8.0625,2.8125],"texture":"#4"},"east":{"uv":[7.75,2.875,8.0625,2.9375],"texture":"#4"},"south":{"uv":[3,7.75,3.3125,7.8125],"texture":"#4"},"west":{"uv":[7.75,3,8.0625,3.0625],"texture":"#4"},"up":{"uv":[2.0625,7.9375,1.75,7.625],"texture":"#4"},"down":{"uv":[7.9375,1.75,7.625,2.0625],"texture":"#4"}}},{"from":[-0.0724,2.4396,-0.1312],"to":[4.3628,6.8748,3.6656],"rotation":{"angle":0,"axis":"y","origin":[8,9.42,8]},"faces":{"north":{"uv":[1,5.375,1.5625,5.9375],"texture":"#4"},"east":{"uv":[1.125,6,1.625,6.5625],"texture":"#4"},"south":{"uv":[1.625,5.375,2.1875,5.9375],"texture":"#4"},"west":{"uv":[1.625,6,2.125,6.5625],"texture":"#4"},"up":{"uv":[6.5625,4.75,6,4.25],"texture":"#4"},"down":{"uv":[5.9375,6,5.375,6.5],"texture":"#4"}}},{"from":[13.2332,2.4396,-0.1312],"to":[17.6684,6.8748,3.6656],"rotation":{"angle":0,"axis":"y","origin":[9.596,9.42,8]},"faces":{"north":{"uv":[5.375,4.25,5.9375,4.8125],"texture":"#4"},"east":{"uv":[6,6,6.5,6.5625],"texture":"#4"},"south":{"uv":[2.25,5.5,2.8125,6.0625],"texture":"#4"},"west":{"uv":[2.125,6.125,2.625,6.6875],"texture":"#4"},"up":{"uv":[3.1875,6.625,2.625,6.125],"texture":"#4"},"down":{"uv":[0.5625,6.25,0,6.75],"texture":"#4"}}},{"from":[13.2332,2.4396,12.3344],"to":[17.6684,6.8748,16.1312],"rotation":{"angle":0,"axis":"y","origin":[9.596,9.42,8]},"faces":{"north":{"uv":[2.875,5.5,3.4375,6.0625],"texture":"#4"},"east":{"uv":[0.625,6.25,1.125,6.8125],"texture":"#4"},"south":{"uv":[3.5,5.75,4.0625,6.3125],"texture":"#4"},"west":{"uv":[6.375,0,6.875,0.5625],"texture":"#4"},"up":{"uv":[6.9375,1.125,6.375,0.625],"texture":"#4"},"down":{"uv":[6.9375,1.125,6.375,1.625],"texture":"#4"}}},{"from":[1.406,6.8748,0.0536],"to":[4.178,10.5708,2.8256],"rotation":{"angle":0,"axis":"y","origin":[8,9.42,8]},"faces":{"north":{"uv":[6.875,5.5,7.25,5.9375],"texture":"#4"},"east":{"uv":[6.875,6,7.25,6.4375],"texture":"#4"},"south":{"uv":[6.875,6.5,7.25,6.9375],"texture":"#4"},"west":{"uv":[7,0.625,7.375,1.0625],"texture":"#4"},"up":{"uv":[1,7.75,0.625,7.375],"texture":"#4"},"down":{"uv":[7.75,0.625,7.375,1],"texture":"#4"}}},{"from":[1.406,11.31,0.0536],"to":[4.178,15.006,2.8256],"rotation":{"angle":0,"axis":"y","origin":[8,9.42,8]},"faces":{"north":{"uv":[6.875,0,7.25,0.4375],"texture":"#4"},"east":{"uv":[0.375,6.875,0.75,7.3125],"texture":"#4"},"south":{"uv":[0.75,6.875,1.125,7.3125],"texture":"#4"},"west":{"uv":[6.875,1.625,7.25,2.0625],"texture":"#4"},"up":{"uv":[5.75,7.625,5.375,7.25],"texture":"#4"},"down":{"uv":[7.625,5.375,7.25,5.75],"texture":"#4"}}},{"from":[1.5908,10.5708,0.2384],"to":[3.9932,11.31,2.6408],"rotation":{"angle":0,"axis":"y","origin":[8,9.42,8]},"faces":{"north":{"uv":[7.75,1.25,8.0625,1.3125],"texture":"#4"},"east":{"uv":[7.75,2.375,8.0625,2.4375],"texture":"#4"},"south":{"uv":[7.75,2.5,8.0625,2.5625],"texture":"#4"},"west":{"uv":[7.75,2.625,8.0625,2.6875],"texture":"#4"},"up":{"uv":[1.6875,7.9375,1.375,7.625],"texture":"#4"},"down":{"uv":[7.9375,1.375,7.625,1.6875],"texture":"#4"}}},{"from":[0.4,17.8,15.1],"to":[19.4,17.8,24.1],"rotation":{"angle":-45,"axis":"x","origin":[8.5,15.3,19.6]},"faces":{"north":{"uv":[0,0,2.375,0],"texture":"#4"},"east":{"uv":[0,0,1.125,0],"texture":"#4"},"south":{"uv":[0,0,2.375,0],"texture":"#4"},"west":{"uv":[0,0,1.125,0],"texture":"#4"},"up":{"uv":[2.375,1.125,0,0],"texture":"#4"},"down":{"uv":[2.375,0,0,1.125],"texture":"#4"}}},{"from":[0.4,17.8,-8.1],"to":[19.4,17.8,0.9],"rotation":{"angle":45,"axis":"x","origin":[8.5,15.3,-3.6]},"faces":{"north":{"uv":[2.375,0,0,0],"texture":"#4"},"east":{"uv":[1.125,0,0,0],"texture":"#4"},"south":{"uv":[2.375,0,0,0],"texture":"#4"},"west":{"uv":[1.125,0,0,0],"texture":"#4"},"up":{"uv":[2.375,0,0,1.125],"texture":"#4"},"down":{"uv":[2.375,1.125,0,0],"texture":"#4"}}}],"gui_light":"front","display":{"thirdperson_righthand":{"scale":[0.31,0.31,0.31]},"thirdperson_lefthand":{"scale":[0.31,0.31,0.31]},"firstperson_righthand":{"scale":[0.47,0.47,0.47]},"firstperson_lefthand":{"scale":[0.47,0.47,0.47]},"ground":{"scale":[0.32,0.32,0.32]},"gui":{"rotation":[19,114,0],"translation":[0.25,-1.75,0],"scale":[0.68,0.68,0.68]},"head":{"rotation":[0,-90,0],"translation":[0,-35.25,-2.5],"scale":[1.42,1.42,1.42]},"fixed":{"rotation":[0,-90,0],"translation":[0,-1,-4.75]}}}