{"credit":"MadewithBlockbench","texture_size":[64,64],"textures":{"1":"galaxy:7"},"elements":[{"from":[7.487,-1.61063,7.487],"to":[8.513,4.12537,8.513],"rotation":{"angle":0,"axis":"y","origin":[8,0.25737,8]},"faces":{"north":{"uv":[5,5.75,5.25,7.125],"texture":"#1"},"east":{"uv":[5.25,5.75,5.5,7.125],"texture":"#1"},"south":{"uv":[6,0,6.25,1.375],"texture":"#1"},"west":{"uv":[6,1.5,6.25,2.875],"texture":"#1"},"up":{"uv":[7.75,5.75,7.5,5.5],"texture":"#1"},"down":{"uv":[3.75,8,3.5,8.25],"texture":"#1"}}},{"from":[7.316,3.07537,7.316],"to":[8.684,4.44337,8.684],"rotation":{"angle":0,"axis":"y","origin":[8,2.70937,8]},"faces":{"north":{"uv":[7.75,3,8.125,3.375],"texture":"#1"},"east":{"uv":[7.75,3.5,8.125,3.875],"texture":"#1"},"south":{"uv":[7.75,4,8.125,4.375],"texture":"#1"},"west":{"uv":[7.75,4.5,8.125,4.875],"texture":"#1"},"up":{"uv":[5.375,8.125,5,7.75],"texture":"#1"},"down":{"uv":[5.875,7.75,5.5,8.125],"texture":"#1"}}},{"from":[7.316,-0.76837,7.316],"to":[8.684,0.59963,8.684],"rotation":{"angle":0,"axis":"y","origin":[8,5.29063,8]},"faces":{"north":{"uv":[7.75,5.5,8.125,5.875],"texture":"#1"},"east":{"uv":[7.75,6,8.125,6.375],"texture":"#1"},"south":{"uv":[7.75,6.5,8.125,6.875],"texture":"#1"},"west":{"uv":[7.75,7,8.125,7.375],"texture":"#1"},"up":{"uv":[7.625,8.125,7.25,7.75],"texture":"#1"},"down":{"uv":[8.125,7.5,7.75,7.875],"texture":"#1"}}},{"from":[7.316,-2.99337,7.316],"to":[8.684,-1.62537,8.684],"rotation":{"angle":0,"axis":"y","origin":[8,-1.44376,8]},"faces":{"north":{"uv":[7.5,0.5,7.875,0.875],"texture":"#1"},"east":{"uv":[7.5,1,7.875,1.375],"texture":"#1"},"south":{"uv":[7.5,1.5,7.875,1.875],"texture":"#1"},"west":{"uv":[7.5,2,7.875,2.375],"texture":"#1"},"up":{"uv":[7.875,2.875,7.5,2.5],"texture":"#1"},"down":{"uv":[3.375,7.5,3,7.875],"texture":"#1"}}},{"from":[7.245,-3.29114,8.55838],"to":[8.755,-2.00214,9.84738],"rotation":{"angle":45,"axis":"x","origin":[8,-1.44376,8]},"faces":{"north":{"uv":[3.5,7.5,3.875,7.875],"texture":"#1"},"east":{"uv":[4,7.5,4.375,7.875],"texture":"#1"},"south":{"uv":[4.5,7.5,4.875,7.875],"texture":"#1"},"west":{"uv":[7.5,5,7.875,5.375],"texture":"#1"},"up":{"uv":[6.625,7.875,6.25,7.5],"texture":"#1"},"down":{"uv":[7.125,7.5,6.75,7.875],"texture":"#1"}}},{"from":[7.25,3.675,4.75],"to":[8.75,7.175,8.25],"rotation":{"angle":45,"axis":"x","origin":[8,3.925,8]},"faces":{"north":{"uv":[6,3,6.375,3.875],"texture":"#1"},"east":{"uv":[3,5.75,3.875,6.625],"texture":"#1"},"south":{"uv":[6,4,6.375,4.875],"texture":"#1"},"west":{"uv":[4,5.75,4.875,6.625],"texture":"#1"},"up":{"uv":[6.375,5.875,6,5],"texture":"#1"},"down":{"uv":[6.375,6,6,6.875],"texture":"#1"}}},{"from":[7.35,5.8,6.5],"to":[8.65,7.8,8.75],"rotation":{"angle":45,"axis":"x","origin":[8,3.8,8]},"faces":{"north":{"uv":[7.25,4,7.625,4.5],"texture":"#1"},"east":{"uv":[6.25,1,6.875,1.5],"texture":"#1"},"south":{"uv":[7.25,4.5,7.625,5],"texture":"#1"},"west":{"uv":[6.25,1.5,6.875,2],"texture":"#1"},"up":{"uv":[7.375,5.625,7,5],"texture":"#1"},"down":{"uv":[5.875,7,5.5,7.625],"texture":"#1"}}},{"from":[7.41541,6.29766,4.16063],"to":[8.61541,7.19766,8.46063],"rotation":{"angle":-22.5,"axis":"x","origin":[8.06541,6.34766,7.41063]},"faces":{"north":{"uv":[3.75,8,4,8.25],"texture":"#1"},"east":{"uv":[6.25,2,7.375,2.25],"texture":"#1"},"south":{"uv":[4,8,4.25,8.25],"texture":"#1"},"west":{"uv":[6.25,2.25,7.375,2.5],"texture":"#1"},"up":{"uv":[6.75,3.625,6.5,2.5],"texture":"#1"},"down":{"uv":[6.75,3.75,6.5,4.875],"texture":"#1"}}},{"from":[7.31541,4.43481,3.91183],"to":[8.71541,7.23481,4.81183],"rotation":{"angle":0,"axis":"y","origin":[8.06541,5.08481,4.36183]},"faces":{"north":{"uv":[6.5,5,6.875,5.75],"texture":"#1"},"east":{"uv":[7,5.75,7.25,6.5],"texture":"#1"},"south":{"uv":[6.5,5.75,6.875,6.5],"texture":"#1"},"west":{"uv":[6,7,6.25,7.75],"texture":"#1"},"up":{"uv":[2.875,8.25,2.5,8],"texture":"#1"},"down":{"uv":[8.375,2.5,8,2.75],"texture":"#1"}}},{"from":[7.34041,3.58273,5.3003],"to":[8.69041,5.38273,6.2003],"rotation":{"angle":-45,"axis":"x","origin":[8.06541,3.23273,5.7503]},"faces":{"north":{"uv":[6.25,7,6.625,7.5],"texture":"#1"},"east":{"uv":[6.25,2.5,6.5,3],"texture":"#1"},"south":{"uv":[6.75,7,7.125,7.5],"texture":"#1"},"west":{"uv":[6,7.75,6.25,8.25],"texture":"#1"},"up":{"uv":[8.375,3,8,2.75],"texture":"#1"},"down":{"uv":[3.375,8,3,8.25],"texture":"#1"}}},{"from":[7.35,5.8,7.25],"to":[8.65,7.8,9.5],"rotation":{"angle":-45,"axis":"x","origin":[8,3.8,8]},"faces":{"north":{"uv":[7.25,3,7.625,3.5],"texture":"#1"},"east":{"uv":[6.25,0,6.875,0.5],"texture":"#1"},"south":{"uv":[7.25,3.5,7.625,4],"texture":"#1"},"west":{"uv":[6.25,0.5,6.875,1],"texture":"#1"},"up":{"uv":[7.375,1.125,7,0.5],"texture":"#1"},"down":{"uv":[7.375,1.25,7,1.875],"texture":"#1"}}},{"from":[7.35,7.9,7.35],"to":[8.65,22,8.65],"rotation":{"angle":0,"axis":"y","origin":[8,1,8]},"faces":{"north":{"uv":[5.5,0,5.875,3.5],"texture":"#1"},"east":{"uv":[5.5,3.5,5.875,7],"texture":"#1"},"south":{"uv":[0,5.75,0.375,9.25],"texture":"#1"},"west":{"uv":[0.5,5.75,0.875,9.25],"texture":"#1"},"up":{"uv":[8.375,0.375,8,0],"texture":"#1"},"down":{"uv":[8.375,0.5,8,0.875],"texture":"#1"}}},{"from":[7.1,7.9,7.1],"to":[8.9,17,8.9],"rotation":{"angle":0,"axis":"y","origin":[8,1,8]},"faces":{"north":{"uv":[1,5.75,1.5,8],"texture":"#1"},"east":{"uv":[1.5,5.75,2,8],"texture":"#1"},"south":{"uv":[2,5.75,2.5,8],"texture":"#1"},"west":{"uv":[2.5,5.75,3,8],"texture":"#1"},"up":{"uv":[7.25,5,6.75,4.5],"texture":"#1"},"down":{"uv":[7.5,0,7,0.5],"texture":"#1"}}},{"from":[7.35,20.7,4.25],"to":[8.65,22,7.35],"rotation":{"angle":0,"axis":"y","origin":[8,21.35,0.3]},"faces":{"north":{"uv":[1,8,1.375,8.375],"texture":"#1"},"east":{"uv":[6.5,6.5,7.25,6.875],"texture":"#1"},"south":{"uv":[8,1,8.375,1.375],"texture":"#1"},"west":{"uv":[6.75,2.5,7.5,2.875],"texture":"#1"},"up":{"uv":[3.375,7.5,3,6.75],"texture":"#1"},"down":{"uv":[7.125,3,6.75,3.75],"texture":"#1"}}},{"from":[7.35,17.6,4.25],"to":[8.65,20.7,5.8],"rotation":{"angle":0,"axis":"y","origin":[8,19.15,4.9]},"faces":{"north":{"uv":[3.5,6.75,3.875,7.5],"texture":"#1"},"east":{"uv":[6.75,3.75,7.125,4.5],"texture":"#1"},"south":{"uv":[4,6.75,4.375,7.5],"texture":"#1"},"west":{"uv":[4.5,6.75,4.875,7.5],"texture":"#1"},"up":{"uv":[1.875,8.375,1.5,8],"texture":"#1"},"down":{"uv":[8.375,1.5,8,1.875],"texture":"#1"}}},{"from":[7.35,17.6,5.8],"to":[8.65,18.9,6.4],"rotation":{"angle":0,"axis":"y","origin":[8,18.25,7.15]},"faces":{"north":{"uv":[2,8,2.375,8.375],"texture":"#1"},"east":{"uv":[4.25,8,4.375,8.375],"texture":"#1"},"south":{"uv":[8,2,8.375,2.375],"texture":"#1"},"west":{"uv":[4.5,8,4.625,8.375],"texture":"#1"},"up":{"uv":[8.375,5.125,8,5],"texture":"#1"},"down":{"uv":[8.375,5.25,8,5.375],"texture":"#1"}}},{"from":[8,0,-1.5],"to":[8,23,9.5],"rotation":{"angle":0,"axis":"y","origin":[8,11.5,8]},"faces":{"north":{"uv":[0,0,0,5.75],"texture":"#1"},"east":{"uv":[0,0,2.75,5.75],"texture":"#1"},"south":{"uv":[0,0,0,5.75],"texture":"#1"},"west":{"uv":[2.75,0,5.5,5.75],"texture":"#1"},"up":{"uv":[0,2.75,0,0],"texture":"#1"},"down":{"uv":[0,0,0,2.75],"texture":"#1"}}},{"from":[7.31,10.81,4.51],"to":[8.69,12.19,5.89],"rotation":{"angle":0,"axis":"y","origin":[8,4.255,7.132]},"faces":{"north":{"uv":[5,7.25,5.375,7.625],"texture":"#1"},"east":{"uv":[7.25,5.75,7.625,6.125],"texture":"#1"},"south":{"uv":[7.25,6.25,7.625,6.625],"texture":"#1"},"west":{"uv":[7.25,6.75,7.625,7.125],"texture":"#1"},"up":{"uv":[7.625,7.625,7.25,7.25],"texture":"#1"},"down":{"uv":[7.875,0,7.5,0.375],"texture":"#1"}}}],"gui_light":"front","display":{"thirdperson_righthand":{"translation":[0,4.75,0.75]},"thirdperson_lefthand":{"translation":[0,4.75,0.75]},"firstperson_righthand":{"translation":[3.5,2,-1.5]},"firstperson_lefthand":{"translation":[3.5,2,-1.5]},"ground":{"rotation":[45,0,0],"translation":[0,3,0],"scale":[0.38,0.38,0.38]},"gui":{"rotation":[93,42,-87],"translation":[-0.75,-1.5,0],"scale":[0.75,0.75,0.75]},"fixed":{"rotation":[0,-90,0],"translation":[0.25,-0.75,-1.5],"scale":[0.68,0.68,0.68]}}}