{
	"credit": "Made with Blockbench",
	"texture_size": [32, 32],
	"textures": {
		"4": "galaxy:5"
	},
	"elements": [
		{
			"from": [7.487, 4.38937, 7.487],
			"to": [8.513, 12.12537, 8.513],
			"rotation": {"angle": 0, "axis": "y", "origin": [8, 0.25737, 8]},
			"faces": {
				"north": {"uv": [8, 8.5, 8.5, 12.25], "texture": "#4"},
				"east": {"uv": [8.5, 8.5, 9, 12.25], "texture": "#4"},
				"south": {"uv": [9, 0, 9.5, 3.75], "texture": "#4"},
				"west": {"uv": [9, 4, 9.5, 7.75], "texture": "#4"},
				"up": {"uv": [11.5, 6, 11, 5.5], "texture": "#4"},
				"down": {"uv": [12, 3, 11.5, 3.5], "texture": "#4"}
			}
		},
		{
			"from": [7.687, 6.58937, 5.361],
			"to": [8.313, 15.42537, 7.287],
			"rotation": {"angle": 0, "axis": "y", "origin": [8, 0.25737, 8.974]},
			"faces": {
				"north": {"uv": [5.5, 10.5, 5.75, 15], "texture": "#4"},
				"east": {"uv": [0, 8.5, 1, 13], "texture": "#4"},
				"south": {"uv": [6, 10.5, 6.25, 15], "texture": "#4"},
				"west": {"uv": [1, 8.5, 2, 13], "texture": "#4"},
				"up": {"uv": [10.75, 13.5, 10.5, 12.5], "texture": "#4"},
				"down": {"uv": [12.75, 11, 12.5, 12], "texture": "#4"}
			}
		},
		{
			"from": [7.662, 7.20331, 8.20294],
			"to": [8.338, 8.56431, 9.57894],
			"rotation": {"angle": -45, "axis": "x", "origin": [8, 4.14631, 9.16594]},
			"faces": {
				"north": {"uv": [0, 13, 0.25, 13.75], "texture": "#4"},
				"east": {"uv": [12, 4.5, 12.75, 5.25], "texture": "#4"},
				"south": {"uv": [13, 0, 13.25, 0.75], "texture": "#4"},
				"west": {"uv": [12, 5.5, 12.75, 6.25], "texture": "#4"},
				"up": {"uv": [0.75, 13.75, 0.5, 13], "texture": "#4"},
				"down": {"uv": [1.25, 13, 1, 13.75], "texture": "#4"}
			}
		},
		{
			"from": [7.687, 6.58937, 8.713],
			"to": [8.313, 15.42537, 10.639],
			"rotation": {"angle": 0, "axis": "y", "origin": [8, 0.25737, 7.026]},
			"faces": {
				"north": {"uv": [6.5, 10.5, 6.75, 15], "texture": "#4"},
				"east": {"uv": [2, 8.5, 3, 13], "texture": "#4"},
				"south": {"uv": [7, 10.5, 7.25, 15], "texture": "#4"},
				"west": {"uv": [3, 8.5, 4, 13], "texture": "#4"},
				"up": {"uv": [12.25, 13.5, 12, 12.5], "texture": "#4"},
				"down": {"uv": [12.75, 12, 12.5, 13], "texture": "#4"}
			}
		},
		{
			"from": [7.662, 7.20331, 6.42106],
			"to": [8.338, 8.56431, 7.79706],
			"rotation": {"angle": 45, "axis": "x", "origin": [8, 4.14631, 6.83406]},
			"faces": {
				"north": {"uv": [13, 1, 13.25, 1.75], "texture": "#4"},
				"east": {"uv": [12, 6.5, 12.75, 7.25], "texture": "#4"},
				"south": {"uv": [1.5, 13, 1.75, 13.75], "texture": "#4"},
				"west": {"uv": [12, 7.5, 12.75, 8.25], "texture": "#4"},
				"up": {"uv": [2.25, 13.75, 2, 13], "texture": "#4"},
				"down": {"uv": [13.25, 2, 13, 2.75], "texture": "#4"}
			}
		},
		{
			"from": [7.487, 12.12537, 7.487],
			"to": [8.513, 17.86137, 8.513],
			"rotation": {"angle": 0, "axis": "y", "origin": [8, -1.00663, 8]},
			"faces": {
				"north": {"uv": [9, 8, 9.5, 10.75], "texture": "#4"},
				"east": {"uv": [9.5, 0, 10, 2.75], "texture": "#4"},
				"south": {"uv": [9.5, 3, 10, 5.75], "texture": "#4"},
				"west": {"uv": [9.5, 6, 10, 8.75], "texture": "#4"},
				"up": {"uv": [12, 4, 11.5, 3.5], "texture": "#4"},
				"down": {"uv": [12, 8.5, 11.5, 9], "texture": "#4"}
			}
		},
		{
			"from": [7.25, 14.775, 4.75],
			"to": [8.75, 18.275, 8.25],
			"rotation": {"angle": 45, "axis": "x", "origin": [8, 15.025, 8]},
			"faces": {
				"north": {"uv": [9.5, 9, 10.25, 10.75], "texture": "#4"},
				"east": {"uv": [4, 8.5, 5.75, 10.25], "texture": "#4"},
				"south": {"uv": [10, 0, 10.75, 1.75], "texture": "#4"},
				"west": {"uv": [6, 8.5, 7.75, 10.25], "texture": "#4"},
				"up": {"uv": [10.75, 3.75, 10, 2], "texture": "#4"},
				"down": {"uv": [10.75, 4, 10, 5.75], "texture": "#4"}
			}
		},
		{
			"from": [7.35, 16.9, 6.5],
			"to": [8.65, 18.9, 8.75],
			"rotation": {"angle": 45, "axis": "x", "origin": [8, 14.9, 8]},
			"faces": {
				"north": {"uv": [11.5, 1, 12.25, 2], "texture": "#4"},
				"east": {"uv": [10, 8, 11.25, 9], "texture": "#4"},
				"south": {"uv": [11.5, 2, 12.25, 3], "texture": "#4"},
				"west": {"uv": [4, 10.5, 5.25, 11.5], "texture": "#4"},
				"up": {"uv": [11.75, 10.25, 11, 9], "texture": "#4"},
				"down": {"uv": [10.75, 11, 10, 12.25], "texture": "#4"}
			}
		},
		{
			"from": [7.35, 16.9, 7.25],
			"to": [8.65, 18.9, 9.5],
			"rotation": {"angle": -45, "axis": "x", "origin": [8, 14.9, 8]},
			"faces": {
				"north": {"uv": [11, 10.5, 11.75, 11.5], "texture": "#4"},
				"east": {"uv": [10, 6, 11.25, 7], "texture": "#4"},
				"south": {"uv": [11.5, 0, 12.25, 1], "texture": "#4"},
				"west": {"uv": [10, 7, 11.25, 8], "texture": "#4"},
				"up": {"uv": [11.75, 5.25, 11, 4], "texture": "#4"},
				"down": {"uv": [9.75, 11, 9, 12.25], "texture": "#4"}
			}
		},
		{
			"from": [7.6, 15.28649, 5.01884],
			"to": [8.4, 15.98649, 7.56884],
			"rotation": {"angle": 0, "axis": "y", "origin": [8, 17.28649, 6.14384]},
			"faces": {
				"north": {"uv": [2.5, 13, 3, 13.25], "texture": "#4"},
				"east": {"uv": [12.5, 4, 13.75, 4.25], "texture": "#4"},
				"south": {"uv": [3, 13, 3.5, 13.25], "texture": "#4"},
				"west": {"uv": [7.5, 12.5, 8.75, 12.75], "texture": "#4"},
				"up": {"uv": [4.5, 12.75, 4, 11.5], "texture": "#4"},
				"down": {"uv": [5, 11.5, 4.5, 12.75], "texture": "#4"}
			}
		},
		{
			"from": [7.6, 18.18649, 5.01884],
			"to": [8.4, 18.88649, 7.56884],
			"rotation": {"angle": 0, "axis": "y", "origin": [8, 17.28649, 6.14384]},
			"faces": {
				"north": {"uv": [13, 3, 13.5, 3.25], "texture": "#4"},
				"east": {"uv": [12.5, 8.5, 13.75, 8.75], "texture": "#4"},
				"south": {"uv": [3.5, 13, 4, 13.25], "texture": "#4"},
				"west": {"uv": [9, 12.5, 10.25, 12.75], "texture": "#4"},
				"up": {"uv": [5.5, 12.75, 5, 11.5], "texture": "#4"},
				"down": {"uv": [12, 5.5, 11.5, 6.75], "texture": "#4"}
			}
		},
		{
			"from": [7.38, 15.13, 4.38],
			"to": [8.62, 19.12, 5.08],
			"rotation": {"angle": 0, "axis": "y", "origin": [8, 17, 4.73]},
			"faces": {
				"north": {"uv": [7.5, 10.5, 8, 12.5], "texture": "#4"},
				"east": {"uv": [12, 8.5, 12.25, 10.5], "texture": "#4"},
				"south": {"uv": [10.5, 9, 11, 11], "texture": "#4"},
				"west": {"uv": [12, 10.5, 12.25, 12.5], "texture": "#4"},
				"up": {"uv": [5.5, 13.25, 5, 13], "texture": "#4"},
				"down": {"uv": [13.5, 5, 13, 5.25], "texture": "#4"}
			}
		},
		{
			"from": [7.38, 15.13, 10.92],
			"to": [8.62, 19.12, 11.62],
			"rotation": {"angle": 0, "axis": "y", "origin": [8, 17, 11.27]},
			"faces": {
				"north": {"uv": [11, 0, 11.5, 2], "texture": "#4"},
				"east": {"uv": [12.5, 0, 12.75, 2], "texture": "#4"},
				"south": {"uv": [11, 2, 11.5, 4], "texture": "#4"},
				"west": {"uv": [12.5, 2, 12.75, 4], "texture": "#4"},
				"up": {"uv": [13.5, 5.75, 13, 5.5], "texture": "#4"},
				"down": {"uv": [13.5, 6, 13, 6.25], "texture": "#4"}
			}
		},
		{
			"from": [7.6, 18.18649, 8.43116],
			"to": [8.4, 18.88649, 10.98116],
			"rotation": {"angle": 0, "axis": "y", "origin": [8, 17.28649, 9.85616]},
			"faces": {
				"north": {"uv": [4.5, 13, 5, 13.25], "texture": "#4"},
				"east": {"uv": [12.5, 10, 13.75, 10.25], "texture": "#4"},
				"south": {"uv": [13, 4.5, 13.5, 4.75], "texture": "#4"},
				"west": {"uv": [12.5, 10.5, 13.75, 10.75], "texture": "#4"},
				"up": {"uv": [12, 12.75, 11.5, 11.5], "texture": "#4"},
				"down": {"uv": [12.5, 3, 12, 4.25], "texture": "#4"}
			}
		},
		{
			"from": [7.6, 15.28649, 8.43116],
			"to": [8.4, 15.98649, 10.98116],
			"rotation": {"angle": 0, "axis": "y", "origin": [8, 17.28649, 9.85616]},
			"faces": {
				"north": {"uv": [13, 3.5, 13.5, 3.75], "texture": "#4"},
				"east": {"uv": [12.5, 9, 13.75, 9.25], "texture": "#4"},
				"south": {"uv": [4, 13, 4.5, 13.25], "texture": "#4"},
				"west": {"uv": [12.5, 9.5, 13.75, 9.75], "texture": "#4"},
				"up": {"uv": [12, 8.25, 11.5, 7], "texture": "#4"},
				"down": {"uv": [11.5, 11.5, 11, 12.75], "texture": "#4"}
			}
		},
		{
			"from": [8, 1.8, -1.225],
			"to": [8, 18.8, 7.475],
			"rotation": {"angle": 0, "axis": "y", "origin": [8, 8.5, 12.55]},
			"faces": {
				"north": {"uv": [0, 0, 0, 8.5], "texture": "#4"},
				"east": {"uv": [8.75, 0, 4.5, 8.5], "texture": "#4"},
				"south": {"uv": [0, 0, 0, 8.5], "texture": "#4"},
				"west": {"uv": [4.5, 0, 8.75, 8.5], "texture": "#4"},
				"up": {"uv": [0, 4.25, 0, 0], "texture": "#4"},
				"down": {"uv": [0, 0, 0, 4.25], "texture": "#4"}
			}
		},
		{
			"from": [8, 1.8, 8.525],
			"to": [8, 18.8, 17.225],
			"rotation": {"angle": 0, "axis": "y", "origin": [8, 8.5, 3.45]},
			"faces": {
				"north": {"uv": [0, 0, 0, 8.5], "texture": "#4"},
				"east": {"uv": [4.5, 0, 8.75, 8.5], "texture": "#4"},
				"south": {"uv": [0, 0, 0, 8.5], "texture": "#4"},
				"west": {"uv": [8.75, 0, 4.5, 8.5], "texture": "#4"},
				"up": {"uv": [0, 0, 0, 4.25], "texture": "#4"},
				"down": {"uv": [0, 4.25, 0, 0], "texture": "#4"}
			}
		}
	],
	"gui_light": "front",
	"display": {
		"thirdperson_righthand": {
			"translation": [3, -5, 0.75]
		},
		"thirdperson_lefthand": {
			"translation": [3, -5, 0.75]
		},
		"firstperson_righthand": {
			"rotation": [0, 48, 16],
			"translation": [2.5, -3.25, -3.75]
		},
		"firstperson_lefthand": {
			"rotation": [0, 48, 16],
			"translation": [2.5, -3.25, -3.75]
		},
		"ground": {
			"rotation": [45, 0, 0],
			"translation": [0, 3, 0],
			"scale": [0.38, 0.38, 0.38]
		},
		"gui": {
			"rotation": [16, 69, 0],
			"translation": [-0.25, -2.25, 0],
			"scale": [0.87, 0.87, 0.87]
		},
		"fixed": {
			"rotation": [0, -90, 0],
			"translation": [-0.5, -2, -1.5],
			"scale": [0.99, 0.99, 0.99]
		}
	},
	"groups": [
		0,
		1,
		2,
		3,
		4,
		5,
		{
			"name": "group",
			"origin": [8, 14, 8],
			"color": 0,
			"children": []
		},
		{
			"name": "group",
			"origin": [8, 14, 8],
			"color": 0,
			"children": []
		},
		6,
		7,
		8,
		9,
		10,
		11,
		12,
		13,
		14,
		15,
		16
	]
}