{"credit":"MadewithBlockbench","texture_size":[32,32],"textures":{"2":"galaxy:17"},"elements":[{"from":[7.487,-1.61063,7.487],"to":[8.513,4.12537,8.513],"rotation":{"angle":0,"axis":"y","origin":[8,0.25737,8]},"faces":{"north":{"uv":[6,6.5,6.5,9.25],"texture":"#2"},"east":{"uv":[6.5,6.5,7,9.25],"texture":"#2"},"south":{"uv":[7,6.5,7.5,9.25],"texture":"#2"},"west":{"uv":[7.5,6.5,8,9.25],"texture":"#2"},"up":{"uv":[7.5,11,7,10.5],"texture":"#2"},"down":{"uv":[10,10.5,9.5,11],"texture":"#2"}}},{"from":[7.487,4.38937,7.487],"to":[8.513,12.12537,8.513],"rotation":{"angle":0,"axis":"y","origin":[8,0.25737,8]},"faces":{"north":{"uv":[4,6.5,4.5,10.25],"texture":"#2"},"east":{"uv":[4.5,6.5,5,10.25],"texture":"#2"},"south":{"uv":[5,6.5,5.5,10.25],"texture":"#2"},"west":{"uv":[5.5,6.5,6,10.25],"texture":"#2"},"up":{"uv":[11.5,9.5,11,9],"texture":"#2"},"down":{"uv":[12,8,11.5,8.5],"texture":"#2"}}},{"from":[7.316,3.07537,7.316],"to":[8.684,4.44337,8.684],"rotation":{"angle":0,"axis":"y","origin":[8,2.70937,8]},"faces":{"north":{"uv":[11,2,11.75,2.75],"texture":"#2"},"east":{"uv":[11,3,11.75,3.75],"texture":"#2"},"south":{"uv":[11,4,11.75,4.75],"texture":"#2"},"west":{"uv":[11,5,11.75,5.75],"texture":"#2"},"up":{"uv":[7.75,11.75,7,11],"texture":"#2"},"down":{"uv":[10.25,11,9.5,11.75],"texture":"#2"}}},{"from":[7.316,-0.76837,7.316],"to":[8.684,0.59963,8.684],"rotation":{"angle":0,"axis":"y","origin":[8,5.29063,8]},"faces":{"north":{"uv":[11,10,11.75,10.75],"texture":"#2"},"east":{"uv":[10.5,11,11.25,11.75],"texture":"#2"},"south":{"uv":[0,11.5,0.75,12.25],"texture":"#2"},"west":{"uv":[1,11.5,1.75,12.25],"texture":"#2"},"up":{"uv":[2.75,12.25,2,11.5],"texture":"#2"},"down":{"uv":[3.75,11.5,3,12.25],"texture":"#2"}}},{"from":[7.316,-2.99337,7.316],"to":[8.684,-1.62537,8.684],"rotation":{"angle":0,"axis":"y","origin":[8,-1.44376,8]},"faces":{"north":{"uv":[10,10,10.75,10.75],"texture":"#2"},"east":{"uv":[0,10.5,0.75,11.25],"texture":"#2"},"south":{"uv":[1,10.5,1.75,11.25],"texture":"#2"},"west":{"uv":[2,10.5,2.75,11.25],"texture":"#2"},"up":{"uv":[4.75,11.25,4,10.5],"texture":"#2"},"down":{"uv":[5.75,10.5,5,11.25],"texture":"#2"}}},{"from":[7.245,-3.29114,8.55838],"to":[8.755,-2.00214,9.84738],"rotation":{"angle":45,"axis":"x","origin":[8,-1.44376,8]},"faces":{"north":{"uv":[6,10.5,6.75,11.25],"texture":"#2"},"east":{"uv":[10.5,6.5,11.25,7.25],"texture":"#2"},"south":{"uv":[10.5,7.5,11.25,8.25],"texture":"#2"},"west":{"uv":[8.5,10.5,9.25,11.25],"texture":"#2"},"up":{"uv":[11.75,0.75,11,0],"texture":"#2"},"down":{"uv":[11.75,1,11,1.75],"texture":"#2"}}},{"from":[7.25,11.675,4.75],"to":[8.75,15.175,8.25],"rotation":{"angle":45,"axis":"x","origin":[8,11.925,8]},"faces":{"north":{"uv":[8,6.5,8.75,8.25],"texture":"#2"},"east":{"uv":[0,6.5,1.75,8.25],"texture":"#2"},"south":{"uv":[0,8.5,0.75,10.25],"texture":"#2"},"west":{"uv":[2,6.5,3.75,8.25],"texture":"#2"},"up":{"uv":[1.75,10.25,1,8.5],"texture":"#2"},"down":{"uv":[2.75,8.5,2,10.25],"texture":"#2"}}},{"from":[7.35,13.8,6.5],"to":[8.65,15.8,8.75],"rotation":{"angle":45,"axis":"x","origin":[8,11.8,8]},"faces":{"north":{"uv":[10,5,10.75,6],"texture":"#2"},"east":{"uv":[9,7.5,10.25,8.5],"texture":"#2"},"south":{"uv":[7.5,10,8.25,11],"texture":"#2"},"west":{"uv":[6,9.5,7.25,10.5],"texture":"#2"},"up":{"uv":[10.75,2.75,10,1.5],"texture":"#2"},"down":{"uv":[3.75,10,3,11.25],"texture":"#2"}}},{"from":[7.69041,15.88266,4.427],"to":[8.34041,17.68266,5.327],"rotation":{"angle":0,"axis":"y","origin":[8.02791,17.77261,5.21287]},"faces":{"north":{"uv":[11.5,9,11.75,10],"texture":"#2"},"east":{"uv":[4.5,11.5,5,12.5],"texture":"#2"},"south":{"uv":[12,3,12.25,4],"texture":"#2"},"west":{"uv":[5,11.5,5.5,12.5],"texture":"#2"},"up":{"uv":[12.25,10,12,9.5],"texture":"#2"},"down":{"uv":[10.25,12,10,12.5],"texture":"#2"}}},{"from":[7.71541,15.88051,5.99357],"to":[8.36541,16.83051,8.79357],"rotation":{"angle":45,"axis":"x","origin":[8.02791,17.77261,5.21287]},"faces":{"north":{"uv":[12,9,12.25,9.5],"texture":"#2"},"east":{"uv":[9.5,9,11,9.5],"texture":"#2"},"south":{"uv":[9.5,12,9.75,12.5],"texture":"#2"},"west":{"uv":[10,6,11.5,6.5],"texture":"#2"},"up":{"uv":[9.25,13,9,11.5],"texture":"#2"},"down":{"uv":[11.75,11,11.5,12.5],"texture":"#2"}}},{"from":[7.71541,15.88051,7.20643],"to":[8.36541,16.83051,10.00643],"rotation":{"angle":-45,"axis":"x","origin":[8.02791,17.77261,10.78713]},"faces":{"north":{"uv":[12,10.5,12.25,11],"texture":"#2"},"east":{"uv":[8.5,10,10,10.5],"texture":"#2"},"south":{"uv":[11,12,11.25,12.5],"texture":"#2"},"west":{"uv":[10,9.5,11.5,10],"texture":"#2"},"up":{"uv":[12.25,1.5,12,0],"texture":"#2"},"down":{"uv":[12.25,1.5,12,3],"texture":"#2"}}},{"from":[7.69041,15.88266,10.673],"to":[8.34041,17.68266,11.573],"rotation":{"angle":0,"axis":"y","origin":[8.02791,17.77261,10.78713]},"faces":{"north":{"uv":[12,4,12.25,5],"texture":"#2"},"east":{"uv":[5.5,11.5,6,12.5],"texture":"#2"},"south":{"uv":[12,5,12.25,6],"texture":"#2"},"west":{"uv":[6,11.5,6.5,12.5],"texture":"#2"},"up":{"uv":[12.25,10.5,12,10],"texture":"#2"},"down":{"uv":[10.75,12,10.5,12.5],"texture":"#2"}}},{"from":[7.69041,17.68266,10.673],"to":[8.34041,19.48266,11.573],"rotation":{"angle":0,"axis":"y","origin":[8.02791,-4.40729,10.78713]},"faces":{"north":{"uv":[12,7,12.25,8],"texture":"#2"},"east":{"uv":[11.5,7,12,8],"texture":"#2"},"south":{"uv":[7.5,12,7.75,13],"texture":"#2"},"west":{"uv":[8.5,11.5,9,12.5],"texture":"#2"},"up":{"uv":[12.25,12.5,12,12],"texture":"#2"},"down":{"uv":[0.25,12.5,0,13],"texture":"#2"}}},{"from":[7.69041,17.68266,4.427],"to":[8.34041,19.48266,5.327],"rotation":{"angle":0,"axis":"y","origin":[8.02791,-4.40729,5.21287]},"faces":{"north":{"uv":[12,6,12.25,7],"texture":"#2"},"east":{"uv":[11.5,6,12,7],"texture":"#2"},"south":{"uv":[7,12,7.25,13],"texture":"#2"},"west":{"uv":[6.5,11.5,7,12.5],"texture":"#2"},"up":{"uv":[12.25,11.5,12,11],"texture":"#2"},"down":{"uv":[12.25,11.5,12,12],"texture":"#2"}}},{"from":[7.35,13.8,7.25],"to":[8.65,15.8,9.5],"rotation":{"angle":-45,"axis":"x","origin":[8,11.8,8]},"faces":{"north":{"uv":[10,3,10.75,4],"texture":"#2"},"east":{"uv":[8,8.5,9.25,9.5],"texture":"#2"},"south":{"uv":[10,4,10.75,5],"texture":"#2"},"west":{"uv":[9,6.5,10.25,7.5],"texture":"#2"},"up":{"uv":[3.75,9.75,3,8.5],"texture":"#2"},"down":{"uv":[10.75,0,10,1.25],"texture":"#2"}}},{"from":[8,11.675,3],"to":[8,24.675,13],"rotation":{"angle":0,"axis":"y","origin":[8,6.5,8]},"faces":{"north":{"uv":[0,0,0,6.5],"texture":"#2"},"east":{"uv":[0,0,5,6.5],"texture":"#2"},"south":{"uv":[0,0,0,6.5],"texture":"#2"},"west":{"uv":[5,0,10,6.5],"texture":"#2"},"up":{"uv":[0,5,0,0],"texture":"#2"},"down":{"uv":[0,0,0,5],"texture":"#2"}}}],"gui_light":"front","display":{"thirdperson_righthand":{"translation":[0,-0.5,0.75]},"thirdperson_lefthand":{"translation":[0,-0.5,0.75]},"firstperson_righthand":{"translation":[2.5,2,-1.5]},"firstperson_lefthand":{"translation":[2.5,2,-1.5]},"ground":{"rotation":[45,0,0],"translation":[0,3,0],"scale":[0.38,0.38,0.38]},"gui":{"rotation":[93,42,-87],"translation":[-1.25,-1.5,0],"scale":[0.72,0.72,0.72]},"fixed":{"rotation":[0,-90,0],"translation":[-0.5,-1,-1.5],"scale":[0.67,0.67,0.67]}}}