{"credit":"MadewithBlockbench","texture_size":[64,64],"textures":{"1":"galaxy:20"},"elements":[{"from":[7.487,-1.61063,7.487],"to":[8.513,4.12537,8.513],"rotation":{"angle":0,"axis":"y","origin":[8,0.25737,8]},"faces":{"north":{"uv":[8,0,8.25,1.375],"texture":"#1"},"east":{"uv":[8,1.5,8.25,2.875],"texture":"#1"},"south":{"uv":[8,3,8.25,4.375],"texture":"#1"},"west":{"uv":[8,4.5,8.25,5.875],"texture":"#1"},"up":{"uv":[8.5,6,8.25,5.75],"texture":"#1"},"down":{"uv":[9.25,7.75,9,8],"texture":"#1"}}},{"from":[7.316,3.07537,7.316],"to":[8.684,4.44337,8.684],"rotation":{"angle":0,"axis":"y","origin":[8,2.70937,8]},"faces":{"north":{"uv":[9.25,3.5,9.625,3.875],"texture":"#1"},"east":{"uv":[9.25,4,9.625,4.375],"texture":"#1"},"south":{"uv":[9.25,4.5,9.625,4.875],"texture":"#1"},"west":{"uv":[9.25,7.75,9.625,8.125],"texture":"#1"},"up":{"uv":[9.625,8.625,9.25,8.25],"texture":"#1"},"down":{"uv":[9.625,8.75,9.25,9.125],"texture":"#1"}}},{"from":[7.316,-0.76837,7.316],"to":[8.684,0.59963,8.684],"rotation":{"angle":0,"axis":"y","origin":[8,5.29063,8]},"faces":{"north":{"uv":[9.25,9.25,9.625,9.625],"texture":"#1"},"east":{"uv":[0,9.5,0.375,9.875],"texture":"#1"},"south":{"uv":[0.5,9.5,0.875,9.875],"texture":"#1"},"west":{"uv":[1,9.5,1.375,9.875],"texture":"#1"},"up":{"uv":[1.875,9.875,1.5,9.5],"texture":"#1"},"down":{"uv":[9.875,1.5,9.5,1.875],"texture":"#1"}}},{"from":[7.316,-2.99337,7.316],"to":[8.684,-1.62537,8.684],"rotation":{"angle":0,"axis":"y","origin":[8,-1.44376,8]},"faces":{"north":{"uv":[4.5,9,4.875,9.375],"texture":"#1"},"east":{"uv":[9,5.75,9.375,6.125],"texture":"#1"},"south":{"uv":[9,6.25,9.375,6.625],"texture":"#1"},"west":{"uv":[6.5,9,6.875,9.375],"texture":"#1"},"up":{"uv":[9.375,7.125,9,6.75],"texture":"#1"},"down":{"uv":[7.375,9,7,9.375],"texture":"#1"}}},{"from":[7.245,-3.29114,8.55838],"to":[8.755,-2.00214,9.84738],"rotation":{"angle":45,"axis":"x","origin":[8,-1.44376,8]},"faces":{"north":{"uv":[9,7.25,9.375,7.625],"texture":"#1"},"east":{"uv":[8.25,9,8.625,9.375],"texture":"#1"},"south":{"uv":[8.75,9,9.125,9.375],"texture":"#1"},"west":{"uv":[9.25,0,9.625,0.375],"texture":"#1"},"up":{"uv":[9.625,0.875,9.25,0.5],"texture":"#1"},"down":{"uv":[9.625,1,9.25,1.375],"texture":"#1"}}},{"from":[7.25,3.675,4.75],"to":[8.75,7.175,8.25],"rotation":{"angle":45,"axis":"x","origin":[8,3.925,8]},"faces":{"north":{"uv":[8,6,8.375,6.875],"texture":"#1"},"east":{"uv":[3.5,7.25,4.375,8.125],"texture":"#1"},"south":{"uv":[6.5,8,6.875,8.875],"texture":"#1"},"west":{"uv":[4.5,7.25,5.375,8.125],"texture":"#1"},"up":{"uv":[7.375,8.875,7,8],"texture":"#1"},"down":{"uv":[8.375,7,8,7.875],"texture":"#1"}}},{"from":[7.45,6.99632,6.25],"to":[8.55,15.49632,9.75],"rotation":{"angle":0,"axis":"y","origin":[8,5.74632,8]},"faces":{"north":{"uv":[5.5,7.25,5.75,9.375],"texture":"#1"},"east":{"uv":[0,7.25,0.875,9.375],"texture":"#1"},"south":{"uv":[5.75,7.25,6,9.375],"texture":"#1"},"west":{"uv":[1,7.25,1.875,9.375],"texture":"#1"},"up":{"uv":[7.75,9.375,7.5,8.5],"texture":"#1"},"down":{"uv":[8,8.5,7.75,9.375],"texture":"#1"}}},{"from":[7.55,14.99632,6.55],"to":[8.45,23.49632,9.45],"rotation":{"angle":0,"axis":"y","origin":[8,5.74632,8]},"faces":{"north":{"uv":[6,7.25,6.25,9.375],"texture":"#1"},"east":{"uv":[2,7.25,2.75,9.375],"texture":"#1"},"south":{"uv":[6.25,7.25,6.5,9.375],"texture":"#1"},"west":{"uv":[2.75,7.25,3.5,9.375],"texture":"#1"},"up":{"uv":[9,5.25,8.75,4.5],"texture":"#1"},"down":{"uv":[9,7.25,8.75,8],"texture":"#1"}}},{"from":[7.525,20.61079,10.61629],"to":[8.475,22.66079,12.66629],"rotation":{"angle":45,"axis":"x","origin":[8,26.96201,12.06629]},"faces":{"north":{"uv":[9.5,2,9.75,2.5],"texture":"#1"},"east":{"uv":[8.25,8,8.75,8.5],"texture":"#1"},"south":{"uv":[2.25,9.5,2.5,10],"texture":"#1"},"west":{"uv":[8.5,2,9,2.5],"texture":"#1"},"up":{"uv":[2.75,10,2.5,9.5],"texture":"#1"},"down":{"uv":[9.75,2.5,9.5,3],"texture":"#1"}}},{"from":[7.425,13.01409,8.74264],"to":[8.575,15.48909,11.21764],"rotation":{"angle":45,"axis":"x","origin":[8,17.26409,10.49264]},"faces":{"north":{"uv":[9,3.5,9.25,4.125],"texture":"#1"},"east":{"uv":[6.5,7.25,7.125,7.875],"texture":"#1"},"south":{"uv":[4,9,4.25,9.625],"texture":"#1"},"west":{"uv":[7.25,7.25,7.875,7.875],"texture":"#1"},"up":{"uv":[4.5,9.625,4.25,9],"texture":"#1"},"down":{"uv":[9.25,4.25,9,4.875],"texture":"#1"}}},{"from":[7.35,5.8,6.5],"to":[8.65,7.8,8.75],"rotation":{"angle":45,"axis":"x","origin":[8,3.8,8]},"faces":{"north":{"uv":[9,3,9.375,3.5],"texture":"#1"},"east":{"uv":[8.25,0.5,8.875,1],"texture":"#1"},"south":{"uv":[3.5,9,3.875,9.5],"texture":"#1"},"west":{"uv":[8.25,1,8.875,1.5],"texture":"#1"},"up":{"uv":[8.875,6.375,8.5,5.75],"texture":"#1"},"down":{"uv":[8.875,6.5,8.5,7.125],"texture":"#1"}}},{"from":[7.41541,6.29766,4.16063],"to":[8.61541,7.19766,8.46063],"rotation":{"angle":-22.5,"axis":"x","origin":[8.06541,6.34766,7.41063]},"faces":{"north":{"uv":[3.75,9.5,4,9.75],"texture":"#1"},"east":{"uv":[8.25,1.5,9.375,1.75],"texture":"#1"},"south":{"uv":[5.5,9.5,5.75,9.75],"texture":"#1"},"west":{"uv":[8.25,1.75,9.375,2],"texture":"#1"},"up":{"uv":[8.5,3.125,8.25,2],"texture":"#1"},"down":{"uv":[8.5,3.25,8.25,4.375],"texture":"#1"}}},{"from":[7.31541,4.43481,3.91183],"to":[8.71541,7.23481,4.81183],"rotation":{"angle":0,"axis":"y","origin":[8.06541,5.08481,4.36183]},"faces":{"north":{"uv":[3.5,8.25,3.875,9],"texture":"#1"},"east":{"uv":[8.5,7.25,8.75,8],"texture":"#1"},"south":{"uv":[4,8.25,4.375,9],"texture":"#1"},"west":{"uv":[8,8.5,8.25,9.25],"texture":"#1"},"up":{"uv":[9.375,5.25,9,5],"texture":"#1"},"down":{"uv":[9.875,3,9.5,3.25],"texture":"#1"}}},{"from":[7.34041,3.58273,5.3003],"to":[8.69041,5.38273,6.2003],"rotation":{"angle":-45,"axis":"x","origin":[8.06541,3.23273,5.7503]},"faces":{"north":{"uv":[8.5,4,8.875,4.5],"texture":"#1"},"east":{"uv":[8,9.25,8.25,9.75],"texture":"#1"},"south":{"uv":[8.25,8.5,8.625,9],"texture":"#1"},"west":{"uv":[2,9.5,2.25,10],"texture":"#1"},"up":{"uv":[3.625,9.75,3.25,9.5],"texture":"#1"},"down":{"uv":[9.875,3.25,9.5,3.5],"texture":"#1"}}},{"from":[7.41541,6.29766,7.53937],"to":[8.61541,7.19766,11.83937],"rotation":{"angle":22.5,"axis":"x","origin":[8.06541,6.34766,8.58937]},"faces":{"north":{"uv":[9.5,5.5,9.75,5.75],"texture":"#1"},"east":{"uv":[8.25,5.25,9.375,5.5],"texture":"#1"},"south":{"uv":[5.75,9.5,6,9.75],"texture":"#1"},"west":{"uv":[8.25,5.5,9.375,5.75],"texture":"#1"},"up":{"uv":[5.25,9.375,5,8.25],"texture":"#1"},"down":{"uv":[5.5,8.25,5.25,9.375],"texture":"#1"}}},{"from":[7.31541,4.43481,11.18817],"to":[8.71541,7.23481,12.08817],"rotation":{"angle":0,"axis":"y","origin":[8.06541,5.08481,11.63817]},"faces":{"north":{"uv":[4.5,8.25,4.875,9],"texture":"#1"},"east":{"uv":[9,0,9.25,0.75],"texture":"#1"},"south":{"uv":[8.25,4.5,8.625,5.25],"texture":"#1"},"west":{"uv":[9,0.75,9.25,1.5],"texture":"#1"},"up":{"uv":[9.875,5.25,9.5,5],"texture":"#1"},"down":{"uv":[9.875,5.25,9.5,5.5],"texture":"#1"}}},{"from":[7.34041,3.58273,9.7997],"to":[8.69041,5.38273,10.6997],"rotation":{"angle":45,"axis":"x","origin":[8.06541,3.23273,10.2497]},"faces":{"north":{"uv":[8.75,8,9.125,8.5],"texture":"#1"},"east":{"uv":[2.75,9.5,3,10],"texture":"#1"},"south":{"uv":[8.75,8.5,9.125,9],"texture":"#1"},"west":{"uv":[3,9.5,3.25,10],"texture":"#1"},"up":{"uv":[4.875,9.75,4.5,9.5],"texture":"#1"},"down":{"uv":[5.375,9.5,5,9.75],"texture":"#1"}}},{"from":[7.35,5.8,7.25],"to":[8.65,7.8,9.5],"rotation":{"angle":-45,"axis":"x","origin":[8,3.8,8]},"faces":{"north":{"uv":[9,2,9.375,2.5],"texture":"#1"},"east":{"uv":[7.5,8,8.125,8.5],"texture":"#1"},"south":{"uv":[9,2.5,9.375,3],"texture":"#1"},"west":{"uv":[8.25,0,8.875,0.5],"texture":"#1"},"up":{"uv":[8.875,3.125,8.5,2.5],"texture":"#1"},"down":{"uv":[8.875,3.25,8.5,3.875],"texture":"#1"}}},{"from":[8,3.32,-0.12],"to":[8,32,16.12],"rotation":{"angle":0,"axis":"y","origin":[8,15.616,8]},"faces":{"north":{"uv":[0,0,0,7.125],"texture":"#1"},"east":{"uv":[0,0,4,7.125],"texture":"#1"},"south":{"uv":[0,0,0,7.125],"texture":"#1"},"west":{"uv":[4,0,8,7.125],"texture":"#1"},"up":{"uv":[0,4,0,0],"texture":"#1"},"down":{"uv":[0,0,0,4],"texture":"#1"}}}],"gui_light":"front","display":{"thirdperson_righthand":{"translation":[0,4.75,0.75]},"thirdperson_lefthand":{"translation":[0,4.75,0.75]},"firstperson_righthand":{"translation":[1.75,2.25,-1.5],"scale":[0.79,0.79,0.79]},"firstperson_lefthand":{"translation":[1.75,2.25,-1.5],"scale":[0.79,0.79,0.79]},"ground":{"rotation":[45,0,0],"translation":[0,3,0],"scale":[0.38,0.38,0.38]},"gui":{"rotation":[93,42,-87],"translation":[-2,-2.25,0],"scale":[0.63,0.63,0.63]},"fixed":{"rotation":[0,-90,0],"translation":[0.25,-2.75,-1.5],"scale":[0.6,0.6,0.6]}}}