{"credit":"MadewithBlockbench","texture_size":[32,32],"textures":{"1":"galaxy:21","particle":"galaxy:21"},"elements":[{"from":[7.487,-1.61063,7.487],"to":[8.513,4.12537,8.513],"rotation":{"angle":0,"axis":"y","origin":[8,0.25737,8]},"faces":{"north":{"uv":[6,7,6.5,9.75],"texture":"#1"},"east":{"uv":[6.5,7,7,9.75],"texture":"#1"},"south":{"uv":[7,7,7.5,9.75],"texture":"#1"},"west":{"uv":[7.5,7,8,9.75],"texture":"#1"},"up":{"uv":[8,10.5,7.5,10],"texture":"#1"},"down":{"uv":[4,10.5,3.5,11],"texture":"#1"}}},{"from":[7.487,4.38937,7.487],"to":[8.513,12.12537,8.513],"rotation":{"angle":0,"axis":"y","origin":[8,0.25737,8]},"faces":{"north":{"uv":[4,7,4.5,10.75],"texture":"#1"},"east":{"uv":[4.5,7,5,10.75],"texture":"#1"},"south":{"uv":[5,7,5.5,10.75],"texture":"#1"},"west":{"uv":[5.5,7,6,10.75],"texture":"#1"},"up":{"uv":[11,8.5,10.5,8],"texture":"#1"},"down":{"uv":[12,7.5,11.5,8],"texture":"#1"}}},{"from":[7.487,12.12537,7.487],"to":[8.513,17.86137,8.513],"rotation":{"angle":0,"axis":"y","origin":[8,-1.00663,8]},"faces":{"north":{"uv":[8,0,8.5,2.75],"texture":"#1"},"east":{"uv":[8,3,8.5,5.75],"texture":"#1"},"south":{"uv":[8,6,8.5,8.75],"texture":"#1"},"west":{"uv":[8.5,0,9,2.75],"texture":"#1"},"up":{"uv":[8.5,12,8,11.5],"texture":"#1"},"down":{"uv":[9,11.5,8.5,12],"texture":"#1"}}},{"from":[7.316,3.07537,7.316],"to":[8.684,4.44337,8.684],"rotation":{"angle":0,"axis":"y","origin":[8,2.70937,8]},"faces":{"north":{"uv":[8,10.5,8.75,11.25],"texture":"#1"},"east":{"uv":[9,10.5,9.75,11.25],"texture":"#1"},"south":{"uv":[0,11,0.75,11.75],"texture":"#1"},"west":{"uv":[3.5,11,4.25,11.75],"texture":"#1"},"up":{"uv":[5.25,11.75,4.5,11],"texture":"#1"},"down":{"uv":[11.75,8,11,8.75],"texture":"#1"}}},{"from":[7.316,-0.76837,7.316],"to":[8.684,0.59963,8.684],"rotation":{"angle":0,"axis":"y","origin":[8,5.29063,8]},"faces":{"north":{"uv":[10,11,10.75,11.75],"texture":"#1"},"east":{"uv":[11,10,11.75,10.75],"texture":"#1"},"south":{"uv":[11,11,11.75,11.75],"texture":"#1"},"west":{"uv":[11.5,0,12.25,0.75],"texture":"#1"},"up":{"uv":[1.75,12.25,1,11.5],"texture":"#1"},"down":{"uv":[12.25,1,11.5,1.75],"texture":"#1"}}},{"from":[7.316,-2.99337,7.316],"to":[8.684,-1.62537,8.684],"rotation":{"angle":0,"axis":"y","origin":[8,-1.44376,8]},"faces":{"north":{"uv":[10,10,10.75,10.75],"texture":"#1"},"east":{"uv":[10.5,0,11.25,0.75],"texture":"#1"},"south":{"uv":[10.5,1,11.25,1.75],"texture":"#1"},"west":{"uv":[10.5,2,11.25,2.75],"texture":"#1"},"up":{"uv":[3.25,11.25,2.5,10.5],"texture":"#1"},"down":{"uv":[11.25,3,10.5,3.75],"texture":"#1"}}},{"from":[7.245,-3.29114,8.55838],"to":[8.755,-2.00214,9.84738],"rotation":{"angle":45,"axis":"x","origin":[8,-1.44376,8]},"faces":{"north":{"uv":[10.5,4,11.25,4.75],"texture":"#1"},"east":{"uv":[10.5,5,11.25,5.75],"texture":"#1"},"south":{"uv":[6,10.5,6.75,11.25],"texture":"#1"},"west":{"uv":[10.5,6,11.25,6.75],"texture":"#1"},"up":{"uv":[7.75,11.25,7,10.5],"texture":"#1"},"down":{"uv":[11.25,7,10.5,7.75],"texture":"#1"}}},{"from":[7.25,14.775,4.75],"to":[8.75,18.275,8.25],"rotation":{"angle":45,"axis":"x","origin":[8,15.025,8]},"faces":{"north":{"uv":[8.5,3,9.25,4.75],"texture":"#1"},"east":{"uv":[0,7,1.75,8.75],"texture":"#1"},"south":{"uv":[8.5,5,9.25,6.75],"texture":"#1"},"west":{"uv":[2,7,3.75,8.75],"texture":"#1"},"up":{"uv":[9.25,8.75,8.5,7],"texture":"#1"},"down":{"uv":[0.75,9,0,10.75],"texture":"#1"}}},{"from":[7.35,16.9,6.5],"to":[8.65,18.9,8.75],"rotation":{"angle":45,"axis":"x","origin":[8,14.9,8]},"faces":{"north":{"uv":[9.5,6.5,10.25,7.5],"texture":"#1"},"east":{"uv":[9,1,10.25,2],"texture":"#1"},"south":{"uv":[9.5,7.5,10.25,8.5],"texture":"#1"},"west":{"uv":[9,2,10.25,3],"texture":"#1"},"up":{"uv":[9.75,10.25,9,9],"texture":"#1"},"down":{"uv":[10.25,3,9.5,4.25],"texture":"#1"}}},{"from":[7.69041,17.40541,4.28667],"to":[8.34041,19.20541,5.18667],"rotation":{"angle":45,"axis":"x","origin":[8.01541,20.0724,4.83871]},"faces":{"north":{"uv":[9,11.5,9.25,12.5],"texture":"#1"},"east":{"uv":[5.5,11,6,12],"texture":"#1"},"south":{"uv":[11.5,9,11.75,10],"texture":"#1"},"west":{"uv":[2,11.5,2.5,12.5],"texture":"#1"},"up":{"uv":[3.75,12.5,3.5,12],"texture":"#1"},"down":{"uv":[12.25,3.5,12,4],"texture":"#1"}}},{"from":[7.66541,18.9497,3.83531],"to":[8.36541,19.8497,6.63531],"rotation":{"angle":0,"axis":"y","origin":[8.01541,20.0724,4.83871]},"faces":{"north":{"uv":[12,2.5,12.25,3],"texture":"#1"},"east":{"uv":[9.5,8.5,11,9],"texture":"#1"},"south":{"uv":[12,3,12.25,3.5],"texture":"#1"},"west":{"uv":[6,10,7.5,10.5],"texture":"#1"},"up":{"uv":[11.75,6,11.5,4.5],"texture":"#1"},"down":{"uv":[6.25,11.5,6,13],"texture":"#1"}}},{"from":[7.66541,19.8497,5.68531],"to":[8.36541,22.6497,6.63531],"rotation":{"angle":0,"axis":"y","origin":[8.01541,20.0724,4.83871]},"faces":{"north":{"uv":[3,11.5,3.25,13],"texture":"#1"},"east":{"uv":[3.5,9,4,10.5],"texture":"#1"},"south":{"uv":[11.5,3,11.75,4.5],"texture":"#1"},"west":{"uv":[1,10,1.5,11.5],"texture":"#1"},"up":{"uv":[0.75,12.5,0.5,12],"texture":"#1"},"down":{"uv":[12.25,2,12,2.5],"texture":"#1"}}},{"from":[7.66541,19.8497,9.36469],"to":[8.36541,22.6497,10.31469],"rotation":{"angle":0,"axis":"y","origin":[8.01541,20.0724,11.16129]},"faces":{"north":{"uv":[7,11.5,7.25,13],"texture":"#1"},"east":{"uv":[1.5,10,2,11.5],"texture":"#1"},"south":{"uv":[7.5,11.5,7.75,13],"texture":"#1"},"west":{"uv":[2,10,2.5,11.5],"texture":"#1"},"up":{"uv":[5.25,12.5,5,12],"texture":"#1"},"down":{"uv":[12.25,5,12,5.5],"texture":"#1"}}},{"from":[7.66541,18.9497,9.36469],"to":[8.36541,19.8497,12.16469],"rotation":{"angle":0,"axis":"y","origin":[8.01541,20.0724,11.16129]},"faces":{"north":{"uv":[4.5,12,4.75,12.5],"texture":"#1"},"east":{"uv":[10,9,11.5,9.5],"texture":"#1"},"south":{"uv":[12,4.5,12.25,5],"texture":"#1"},"west":{"uv":[10,9.5,11.5,10],"texture":"#1"},"up":{"uv":[11.75,7.5,11.5,6],"texture":"#1"},"down":{"uv":[6.75,11.5,6.5,13],"texture":"#1"}}},{"from":[7.69041,17.40541,10.81333],"to":[8.34041,19.20541,11.71333],"rotation":{"angle":-45,"axis":"x","origin":[8.01541,20.0724,11.16129]},"faces":{"north":{"uv":[9.5,11.5,9.75,12.5],"texture":"#1"},"east":{"uv":[11.5,2,12,3],"texture":"#1"},"south":{"uv":[0,12,0.25,13],"texture":"#1"},"west":{"uv":[2.5,11.5,3,12.5],"texture":"#1"},"up":{"uv":[4.25,12.5,4,12],"texture":"#1"},"down":{"uv":[12.25,4,12,4.5],"texture":"#1"}}},{"from":[7.35,16.9,7.25],"to":[8.65,18.9,9.5],"rotation":{"angle":-45,"axis":"x","origin":[8,14.9,8]},"faces":{"north":{"uv":[9.5,4.5,10.25,5.5],"texture":"#1"},"east":{"uv":[9,0,10.25,1],"texture":"#1"},"south":{"uv":[9.5,5.5,10.25,6.5],"texture":"#1"},"west":{"uv":[1,9,2.25,10],"texture":"#1"},"up":{"uv":[3.25,10.25,2.5,9],"texture":"#1"},"down":{"uv":[8.75,9,8,10.25],"texture":"#1"}}},{"from":[8,14,0],"to":[8,28,8],"rotation":{"angle":0,"axis":"y","origin":[8,7,8]},"faces":{"north":{"uv":[0,0,0,7],"texture":"#1"},"east":{"uv":[0,0,4,7],"texture":"#1"},"south":{"uv":[0,0,0,7],"texture":"#1"},"west":{"uv":[4,0,8,7],"texture":"#1"},"up":{"uv":[0,4,0,0],"texture":"#1"},"down":{"uv":[0,0,0,4],"texture":"#1"}}},{"from":[8,14,8],"to":[8,28,16],"rotation":{"angle":0,"axis":"y","origin":[8,7,8]},"faces":{"north":{"uv":[0,0,0,7],"texture":"#1"},"east":{"uv":[4,0,0,7],"texture":"#1"},"south":{"uv":[0,0,0,7],"texture":"#1"},"west":{"uv":[8,0,4,7],"texture":"#1"},"up":{"uv":[0,0,0,4],"texture":"#1"},"down":{"uv":[0,4,0,0],"texture":"#1"}}}],"gui_light":"front","display":{"thirdperson_righthand":{"translation":[0,-0.5,0.75]},"thirdperson_lefthand":{"translation":[0,-0.5,0.75]},"firstperson_righthand":{"translation":[1.5,-1.5,-1.5],"scale":[0.92,0.92,0.92]},"firstperson_lefthand":{"translation":[1.5,-1.5,-1.5],"scale":[0.92,0.92,0.92]},"ground":{"rotation":[45,0,0],"translation":[0,3,0],"scale":[0.38,0.38,0.38]},"gui":{"rotation":[93,42,-87],"translation":[-2,-2,0],"scale":[0.6,0.6,0.6]},"fixed":{"rotation":[0,-90,0],"translation":[-0.5,-1.5,-1.5],"scale":[0.58,0.58,0.58]}}}