{"textures":{"0":"modelengine:entity/archangel","1":"modelengine:entity/archangel_sword","2":"modelengine:entity/archangel_spear"},"elements":[{"name":"right_leg","from":[6.8841915,4.430755,6.7978573],"to":[9.284191,8.030756,9.197857],"rotation":{"angle":0.0,"axis":"x","origin":[7.7,5.1499996,7.4]},"faces":{"down":{"uv":[8.879,9.504,9.371,9.996],"rotation":0,"texture":"#0","tintindex":0},"east":{"uv":[6.246,8.754,5.754,9.496],"rotation":0,"texture":"#0","tintindex":0},"north":{"uv":[7.496,8.629,7.004,9.371],"rotation":0,"texture":"#0","tintindex":0},"south":{"uv":[8.746,8.629,8.254,9.371],"rotation":0,"texture":"#0","tintindex":0},"up":{"uv":[9.504,8.871,9.996,8.379],"rotation":0,"texture":"#0","tintindex":0},"west":{"uv":[8.121,8.629,7.629,9.371],"rotation":0,"texture":"#0","tintindex":0}}},{"name":"right_leg","from":[6.5841913,4.9857554,6.497857],"to":[9.584191,7.9857554,8.897858],"rotation":{"angle":0.0,"axis":"x","origin":[7.7,5.1499996,7.4]},"faces":{"down":{"uv":[2.004,9.379,2.621,9.871],"rotation":0,"texture":"#0","tintindex":0},"east":{"uv":[1.121,9.379,0.629,9.996],"rotation":0,"texture":"#0","tintindex":0},"north":{"uv":[8.996,0.754,8.379,1.371],"rotation":0,"texture":"#0","tintindex":0},"south":{"uv":[8.996,1.504,8.379,2.121],"rotation":0,"texture":"#0","tintindex":0},"up":{"uv":[1.254,9.871,1.871,9.379],"rotation":0,"texture":"#0","tintindex":0},"west":{"uv":[0.496,9.379,0.004,9.996],"rotation":0,"texture":"#0","tintindex":0}}},{"name":"right_leg","from":[4.184191,4.9857554,7.697857],"to":[6.5841913,7.9857554,7.697857],"rotation":{"angle":0.0,"axis":"x","origin":[7.7,5.1499996,7.4]},"faces":{"down":{"uv":[10.129,9.504,10.621,9.492],"rotation":0,"texture":"#0","tintindex":0},"east":{"uv":[9.879,11.129,9.879,11.746],"rotation":0,"texture":"#0","tintindex":0},"north":{"uv":[3.246,9.379,2.754,9.996],"rotation":0,"texture":"#0","tintindex":0},"south":{"uv":[2.754,9.379,3.246,9.996],"rotation":0,"texture":"#0","tintindex":0},"up":{"uv":[9.629,5.754,10.121,5.742],"rotation":0,"texture":"#0","tintindex":0},"west":{"uv":[5.879,6.504,5.879,7.121],"rotation":0,"texture":"#0","tintindex":0}}},{"name":"right_leg","from":[7.644853,3.9250932,6.497857],"to":[8.544853,4.990093,7.097857],"rotation":{"angle":0.0,"axis":"x","origin":[7.7,5.1499996,7.4]},"faces":{"down":{"uv":[11.129,6.879,11.3125,6.996],"rotation":0,"texture":"#0","tintindex":0},"east":{"uv":[9.746,7.379,9.629,7.621],"rotation":0,"texture":"#0","tintindex":0},"north":{"uv":[10.9375,6.629,10.754,6.871],"rotation":0,"texture":"#0","tintindex":0},"south":{"uv":[10.9375,7.004,10.754,7.246],"rotation":0,"texture":"#0","tintindex":0},"up":{"uv":[11.129,5.621,11.3125,5.504],"rotation":0,"texture":"#0","tintindex":0},"west":{"uv":[9.246,3.129,9.129,3.371],"rotation":0,"texture":"#0","tintindex":0}}},{"name":"right_leg","from":[7.0271425,4.2448683,6.5128574],"to":[8.527143,5.444868,7.097857],"rotation":{"angle":-45.0,"axis":"z","origin":[7.7,5.1499996,7.4]},"faces":{"down":{"uv":[7.129,11.004,7.4375,11.121],"rotation":0,"texture":"#0","tintindex":0},"east":{"uv":[11.121,10.004,11.004,10.246],"rotation":0,"texture":"#0","tintindex":0},"north":{"uv":[10.8125,7.629,10.504,7.871],"rotation":0,"texture":"#0","tintindex":0},"south":{"uv":[1.5625,10.629,1.254,10.871],"rotation":0,"texture":"#0","tintindex":0},"up":{"uv":[6.629,11.121,6.9375,11.004],"rotation":0,"texture":"#0","tintindex":0},"west":{"uv":[11.121,8.254,11.004,8.496],"rotation":0,"texture":"#0","tintindex":0}}},{"name":"right_leg","from":[7.4161863,3.7015398,6.5128574],"to":[8.916186,4.9015393,7.097857],"rotation":{"angle":45.0,"axis":"z","origin":[7.7,5.1499996,7.4]},"faces":{"down":{"uv":[11.004,7.629,11.3125,7.746],"rotation":0,"texture":"#0","tintindex":0},"east":{"uv":[10.621,11.004,10.504,11.246],"rotation":0,"texture":"#0","tintindex":0},"north":{"uv":[2.0625,10.629,1.754,10.871],"rotation":0,"texture":"#0","tintindex":0},"south":{"uv":[2.5625,10.629,2.254,10.871],"rotation":0,"texture":"#0","tintindex":0},"up":{"uv":[7.629,11.121,7.9375,11.004],"rotation":0,"texture":"#0","tintindex":0},"west":{"uv":[10.371,11.004,10.254,11.246],"rotation":0,"texture":"#0","tintindex":0}}}],"display":{"head":{"translation":[0.0,-6.4,0.0],"rotation":[0.0,0.0,0.0],"scale":[3.8095,3.8095,3.8095]}}}