{"textures":{"0":"modelengine:entity/archangel","1":"modelengine:entity/archangel_sword","2":"modelengine:entity/archangel_spear"},"elements":[{"name":"right_leg","from":[6.8,4.3999996,6.8],"to":[9.2,8.0,9.2],"rotation":{"angle":0.0,"axis":"x","origin":[7.6158085,8.719244,7.402143]},"faces":{"down":{"uv":[9.629,2.254,10.121,2.746],"rotation":0,"texture":"#0","tintindex":0},"east":{"uv":[9.496,5.004,9.004,5.746],"rotation":0,"texture":"#0","tintindex":0},"north":{"uv":[4.871,8.879,4.379,9.621],"rotation":0,"texture":"#0","tintindex":0},"south":{"uv":[9.496,2.254,9.004,2.996],"rotation":0,"texture":"#0","tintindex":0},"up":{"uv":[9.504,9.496,9.996,9.004],"rotation":0,"texture":"#0","tintindex":0},"west":{"uv":[9.371,8.629,8.879,9.371],"rotation":0,"texture":"#0","tintindex":0}}}],"display":{"head":{"translation":[0.0,-6.4,0.0],"rotation":[0.0,0.0,0.0],"scale":[3.8095,3.8095,3.8095]}}}