{"textures":{"0":"modelengine:entity/archangel","1":"modelengine:entity/archangel_sword","2":"modelengine:entity/archangel_spear"},"elements":[{"name":"body","from":[7.4,12.05,8.0],"to":[8.6,13.25,17.6],"rotation":{"angle":0.0,"axis":"x","origin":[8.0,10.041004,5.8087883]},"faces":{"down":{"uv":[5.746,6.504,5.504,8.496],"rotation":0,"texture":"#0","tintindex":0},"east":{"uv":[7.254,3.504,9.246,3.746],"rotation":0,"texture":"#0","tintindex":0},"north":{"uv":[10.754,5.379,10.996,5.621],"rotation":0,"texture":"#0","tintindex":0},"south":{"uv":[5.754,10.754,5.996,10.996],"rotation":0,"texture":"#0","tintindex":0},"up":{"uv":[5.371,8.496,5.129,6.504],"rotation":0,"texture":"#0","tintindex":0},"west":{"uv":[7.254,3.879,9.246,4.121],"rotation":0,"texture":"#0","tintindex":0}}},{"name":"body","from":[7.999786,-6.549999,8.00046],"to":[7.999786,13.25,24.80046],"rotation":{"angle":0.0,"axis":"x","origin":[8.599786,10.041004,-15.790753]},"faces":{"down":{"uv":[0.754,11.379,0.742,14.871],"rotation":0,"texture":"#0","tintindex":0},"east":{"uv":[0.004,0.004,3.496,4.121],"rotation":0,"texture":"#0","tintindex":0},"north":{"uv":[11.254,11.004,11.242,15.121],"rotation":0,"texture":"#0","tintindex":0},"south":{"uv":[0.504,11.379,0.492,15.496],"rotation":0,"texture":"#0","tintindex":0},"up":{"uv":[0.629,14.871,0.629,11.379],"rotation":0,"texture":"#0","tintindex":0},"west":{"uv":[3.496,0.004,0.004,4.121],"rotation":0,"texture":"#0","tintindex":0}}}],"display":{"head":{"translation":[0.0,-6.4,0.0],"rotation":[0.0,0.0,0.0],"scale":[3.8095,3.8095,3.8095]}}}