{"textures":{"0":"modelengine:entity/archangel","1":"modelengine:entity/archangel_sword","2":"modelengine:entity/archangel_spear"},"elements":[{"name":"right_leg","from":[6.8,4.3999996,6.8],"to":[9.2,8.0,9.2],"rotation":{"angle":0.0,"axis":"x","origin":[8.3841915,8.719244,7.402143]},"faces":{"down":{"uv":[10.121,2.254,9.629,2.746],"rotation":0,"texture":"#0","tintindex":0},"east":{"uv":[8.879,8.629,9.371,9.371],"rotation":0,"texture":"#0","tintindex":0},"north":{"uv":[4.379,8.879,4.871,9.621],"rotation":0,"texture":"#0","tintindex":0},"south":{"uv":[9.004,2.254,9.496,2.996],"rotation":0,"texture":"#0","tintindex":0},"up":{"uv":[9.996,9.496,9.504,9.004],"rotation":0,"texture":"#0","tintindex":0},"west":{"uv":[9.004,5.004,9.496,5.746],"rotation":0,"texture":"#0","tintindex":0}}}],"display":{"head":{"translation":[0.0,-6.4,0.0],"rotation":[0.0,0.0,0.0],"scale":[3.8095,3.8095,3.8095]}}}