{"textures":{"0":"modelengine:entity/archangel","1":"modelengine:entity/archangel_sword","2":"modelengine:entity/archangel_spear"},"elements":[{"name":"cube","from":[7.5507894,7.550136,-2.0674582],"to":[8.450789,8.450136,17.732542],"rotation":{"angle":0.0,"axis":"x","origin":[8.00079,8.000136,-0.16745877]},"faces":{"down":{"uv":[3.008,0.008,3.375,8.242],"rotation":180,"texture":"#2","tintindex":0},"east":{"uv":[3.508,0.008,3.875,8.242],"rotation":90,"texture":"#2","tintindex":0},"north":{"uv":[6.375,3.625,6.008,3.258],"rotation":90,"texture":"#2","tintindex":0},"south":{"uv":[6.375,3.758,6.008,4.125],"rotation":90,"texture":"#2","tintindex":0},"up":{"uv":[4.008,0.008,4.375,8.242],"rotation":0,"texture":"#2","tintindex":0},"west":{"uv":[2.508,0.008,2.875,8.242],"rotation":270,"texture":"#2","tintindex":0}}},{"name":"cube","from":[7.250789,7.2501364,-3.2674584],"to":[8.75079,8.750136,-2.6674585],"rotation":{"angle":0.0,"axis":"x","origin":[8.00079,8.000136,-0.16745877]},"faces":{"down":{"uv":[6.008,1.508,6.625,1.742],"rotation":180,"texture":"#2","tintindex":0},"east":{"uv":[6.008,1.758,6.625,1.992],"rotation":90,"texture":"#2","tintindex":0},"north":{"uv":[5.125,2.875,4.508,2.258],"rotation":90,"texture":"#2","tintindex":0},"south":{"uv":[5.125,3.008,4.508,3.625],"rotation":90,"texture":"#2","tintindex":0},"up":{"uv":[6.008,2.008,6.625,2.242],"rotation":0,"texture":"#2","tintindex":0},"west":{"uv":[1.508,6.008,2.125,6.242],"rotation":270,"texture":"#2","tintindex":0}}},{"name":"cube","from":[7.835789,7.525102,-8.673906],"to":[8.16579,7.8251023,-6.6339064],"rotation":{"angle":22.5,"axis":"x","origin":[8.00079,7.8251023,-7.8039064]},"faces":{"down":{"uv":[5.508,6.258,5.625,7.125],"rotation":180,"texture":"#2","tintindex":0},"east":{"uv":[2.125,6.258,2.008,7.125],"rotation":90,"texture":"#2","tintindex":0},"north":{"uv":[6.875,0.375,6.758,0.258],"rotation":90,"texture":"#2","tintindex":0},"south":{"uv":[6.875,0.508,6.758,0.625],"rotation":90,"texture":"#2","tintindex":0},"up":{"uv":[6.008,6.258,6.125,7.125],"rotation":0,"texture":"#2","tintindex":0},"west":{"uv":[2.008,6.258,2.125,7.125],"rotation":270,"texture":"#2","tintindex":0}}},{"name":"cube","from":[7.8507895,7.100136,-6.8674583],"to":[8.150789,8.900136,-4.4674582],"rotation":{"angle":0.0,"axis":"x","origin":[8.00079,8.300137,0.43254137]},"faces":{"down":{"uv":[5.008,6.008,5.125,6.992],"rotation":180,"texture":"#2","tintindex":0},"east":{"uv":[5.242,1.258,4.508,2.242],"rotation":90,"texture":"#2","tintindex":0},"north":{"uv":[6.992,5.375,6.258,5.258],"rotation":90,"texture":"#2","tintindex":0},"south":{"uv":[6.992,5.508,6.258,5.625],"rotation":90,"texture":"#2","tintindex":0},"up":{"uv":[5.258,6.008,5.375,6.992],"rotation":0,"texture":"#2","tintindex":0},"west":{"uv":[4.508,1.258,5.242,2.242],"rotation":270,"texture":"#2","tintindex":0}}},{"name":"cube","from":[7.835789,8.175171,-8.673906],"to":[8.16579,8.47517,-6.6339064],"rotation":{"angle":-22.5,"axis":"x","origin":[8.00079,8.175171,-7.8039064]},"faces":{"down":{"uv":[0.008,6.508,0.125,7.375],"rotation":180,"texture":"#2","tintindex":0},"east":{"uv":[6.375,6.258,6.258,7.125],"rotation":90,"texture":"#2","tintindex":0},"north":{"uv":[6.875,0.875,6.758,0.758],"rotation":90,"texture":"#2","tintindex":0},"south":{"uv":[6.875,1.008,6.758,1.125],"rotation":90,"texture":"#2","tintindex":0},"up":{"uv":[0.258,6.508,0.375,7.375],"rotation":0,"texture":"#2","tintindex":0},"west":{"uv":[6.258,6.258,6.375,7.125],"rotation":270,"texture":"#2","tintindex":0}}},{"name":"cube","from":[7.8657894,7.261238,-4.857547],"to":[8.13579,8.311238,-3.6575465],"rotation":{"angle":-22.5,"axis":"x","origin":[8.00079,8.161238,-4.2575464]},"faces":{"down":{"uv":[1.008,6.508,1.125,6.992],"rotation":180,"texture":"#2","tintindex":0},"east":{"uv":[5.742,5.008,5.258,5.492],"rotation":90,"texture":"#2","tintindex":0},"north":{"uv":[6.742,5.875,6.258,5.758],"rotation":90,"texture":"#2","tintindex":0},"south":{"uv":[1.742,6.508,1.258,6.625],"rotation":90,"texture":"#2","tintindex":0},"up":{"uv":[6.508,1.008,6.625,1.492],"rotation":0,"texture":"#2","tintindex":0},"west":{"uv":[5.258,5.008,5.742,5.492],"rotation":270,"texture":"#2","tintindex":0}}},{"name":"cube","from":[7.8807893,7.689035,-4.857547],"to":[8.120789,8.739035,-3.6575465],"rotation":{"angle":22.5,"axis":"x","origin":[8.00079,7.839035,-4.2575464]},"faces":{"down":{"uv":[1.758,6.508,1.875,6.992],"rotation":180,"texture":"#2","tintindex":0},"east":{"uv":[2.492,5.508,2.008,5.992],"rotation":90,"texture":"#2","tintindex":0},"north":{"uv":[6.992,3.875,6.508,3.758],"rotation":90,"texture":"#2","tintindex":0},"south":{"uv":[6.992,4.008,6.508,4.125],"rotation":90,"texture":"#2","tintindex":0},"up":{"uv":[6.508,3.258,6.625,3.742],"rotation":0,"texture":"#2","tintindex":0},"west":{"uv":[2.008,5.508,2.492,5.992],"rotation":270,"texture":"#2","tintindex":0}}},{"name":"cube","from":[7.8507895,7.700136,-8.217459],"to":[8.150789,8.300137,-6.8674583],"rotation":{"angle":0.0,"axis":"x","origin":[8.00079,8.300137,0.43254137]},"faces":{"down":{"uv":[0.508,6.508,0.625,7.125],"rotation":180,"texture":"#2","tintindex":0},"east":{"uv":[2.492,4.508,2.258,5.125],"rotation":90,"texture":"#2","tintindex":0},"north":{"uv":[2.492,5.375,2.258,5.258],"rotation":90,"texture":"#2","tintindex":0},"south":{"uv":[6.742,4.258,6.508,4.375],"rotation":90,"texture":"#2","tintindex":0},"up":{"uv":[0.758,6.508,0.875,7.125],"rotation":0,"texture":"#2","tintindex":0},"west":{"uv":[2.258,4.508,2.492,5.125],"rotation":270,"texture":"#2","tintindex":0}}},{"name":"cube","from":[7.8507895,7.400136,-7.4674587],"to":[8.150789,7.700136,-6.8674583],"rotation":{"angle":0.0,"axis":"x","origin":[8.00079,8.300137,0.43254137]},"faces":{"down":{"uv":[6.508,4.508,6.625,4.742],"rotation":180,"texture":"#2","tintindex":0},"east":{"uv":[4.625,6.508,4.508,6.742],"rotation":90,"texture":"#2","tintindex":0},"north":{"uv":[1.375,6.875,1.258,6.758],"rotation":90,"texture":"#2","tintindex":0},"south":{"uv":[6.875,1.258,6.758,1.375],"rotation":90,"texture":"#2","tintindex":0},"up":{"uv":[6.508,4.758,6.625,4.992],"rotation":0,"texture":"#2","tintindex":0},"west":{"uv":[4.508,6.508,4.625,6.742],"rotation":270,"texture":"#2","tintindex":0}}},{"name":"cube","from":[7.8507895,8.300137,-7.4674587],"to":[8.150789,8.600136,-6.8674583],"rotation":{"angle":0.0,"axis":"x","origin":[8.00079,7.700136,0.43254137]},"faces":{"down":{"uv":[6.508,6.258,6.625,6.492],"rotation":180,"texture":"#2","tintindex":0},"east":{"uv":[6.625,6.008,6.508,6.242],"rotation":90,"texture":"#2","tintindex":0},"north":{"uv":[1.625,6.875,1.508,6.758],"rotation":90,"texture":"#2","tintindex":0},"south":{"uv":[6.875,1.508,6.758,1.625],"rotation":90,"texture":"#2","tintindex":0},"up":{"uv":[6.758,0.008,6.875,0.242],"rotation":0,"texture":"#2","tintindex":0},"west":{"uv":[6.508,6.008,6.625,6.242],"rotation":270,"texture":"#2","tintindex":0}}},{"name":"cube","from":[7.250789,7.2501364,17.732542],"to":[8.75079,8.750136,18.332542],"rotation":{"angle":0.0,"axis":"x","origin":[8.00079,8.000136,-0.16745877]},"faces":{"down":{"uv":[6.008,2.508,6.625,2.742],"rotation":180,"texture":"#2","tintindex":0},"east":{"uv":[6.008,2.758,6.625,2.992],"rotation":90,"texture":"#2","tintindex":0},"north":{"uv":[5.125,4.375,4.508,3.758],"rotation":90,"texture":"#2","tintindex":0},"south":{"uv":[5.125,4.508,4.508,5.125],"rotation":90,"texture":"#2","tintindex":0},"up":{"uv":[6.008,3.008,6.625,3.242],"rotation":0,"texture":"#2","tintindex":0},"west":{"uv":[6.008,2.258,6.625,2.492],"rotation":270,"texture":"#2","tintindex":0}}},{"name":"cube","from":[7.5507894,7.550136,18.332542],"to":[8.450789,8.450136,19.532543],"rotation":{"angle":0.0,"axis":"x","origin":[8.00079,8.000136,-0.16745877]},"faces":{"down":{"uv":[6.008,0.008,6.375,0.492],"rotation":180,"texture":"#2","tintindex":0},"east":{"uv":[6.008,0.508,6.375,0.992],"rotation":90,"texture":"#2","tintindex":0},"north":{"uv":[6.375,4.625,6.008,4.258],"rotation":90,"texture":"#2","tintindex":0},"south":{"uv":[4.875,6.008,4.508,6.375],"rotation":90,"texture":"#2","tintindex":0},"up":{"uv":[6.008,1.008,6.375,1.492],"rotation":0,"texture":"#2","tintindex":0},"west":{"uv":[5.758,5.508,6.125,5.992],"rotation":270,"texture":"#2","tintindex":0}}},{"name":"cube","from":[8.00079,6.350136,18.332542],"to":[8.00079,9.650137,21.332542],"rotation":{"angle":0.0,"axis":"x","origin":[8.00079,8.000136,-0.16745877]},"faces":{"down":{"uv":[10.758,2.508,11.758,4.25],"rotation":0,"texture":"#1","tintindex":0},"east":{"uv":[1.375,4.508,0.008,5.742],"rotation":90,"texture":"#2","tintindex":0},"north":{"uv":[10.758,2.508,11.758,4.25],"rotation":0,"texture":"#1","tintindex":0},"south":{"uv":[10.758,2.508,11.758,4.25],"rotation":0,"texture":"#1","tintindex":0},"up":{"uv":[10.758,2.508,11.758,4.25],"rotation":0,"texture":"#1","tintindex":0},"west":{"uv":[0.008,4.508,1.375,5.742],"rotation":270,"texture":"#2","tintindex":0}}},{"name":"cube","from":[8.00079,8.450136,-3.1174583],"to":[8.00079,14.150136,2.2825418],"rotation":{"angle":22.5,"axis":"x","origin":[8.00079,11.000136,-1.1674585]},"faces":{"down":{"uv":[10.758,2.508,11.758,4.25],"rotation":0,"texture":"#1","tintindex":0},"east":{"uv":[2.375,0.008,0.008,2.242],"rotation":90,"texture":"#2","tintindex":0},"north":{"uv":[10.758,2.508,11.758,4.25],"rotation":0,"texture":"#1","tintindex":0},"south":{"uv":[10.758,2.508,11.758,4.25],"rotation":0,"texture":"#1","tintindex":0},"up":{"uv":[10.758,2.508,11.758,4.25],"rotation":0,"texture":"#1","tintindex":0},"west":{"uv":[0.008,0.008,2.375,2.242],"rotation":270,"texture":"#2","tintindex":0}}},{"name":"cube","from":[7.250789,7.2501364,-0.5674584],"to":[8.75079,8.750136,0.93254185],"rotation":{"angle":-45.0,"axis":"x","origin":[8.00079,8.000136,0.18254161]},"faces":{"down":{"uv":[5.258,2.008,5.875,2.625],"rotation":180,"texture":"#2","tintindex":0},"east":{"uv":[5.875,1.258,5.258,1.875],"rotation":90,"texture":"#2","tintindex":0},"north":{"uv":[5.875,4.875,5.258,4.258],"rotation":90,"texture":"#2","tintindex":0},"south":{"uv":[5.125,5.258,4.508,5.875],"rotation":90,"texture":"#2","tintindex":0},"up":{"uv":[5.258,3.508,5.875,4.125],"rotation":0,"texture":"#2","tintindex":0},"west":{"uv":[5.258,1.258,5.875,1.875],"rotation":270,"texture":"#2","tintindex":0}}},{"name":"cube","from":[7.4007893,7.400136,-2.6674585],"to":[8.60079,8.600136,-2.0674582],"rotation":{"angle":0.0,"axis":"x","origin":[8.00079,8.000136,-0.16745877]},"faces":{"down":{"uv":[5.508,6.008,5.992,6.242],"rotation":180,"texture":"#2","tintindex":0},"east":{"uv":[6.008,6.008,6.492,6.242],"rotation":90,"texture":"#2","tintindex":0},"north":{"uv":[0.492,6.242,0.008,5.758],"rotation":90,"texture":"#2","tintindex":0},"south":{"uv":[0.992,5.758,0.508,6.242],"rotation":90,"texture":"#2","tintindex":0},"up":{"uv":[0.008,6.258,0.492,6.492],"rotation":0,"texture":"#2","tintindex":0},"west":{"uv":[6.008,4.758,6.492,4.992],"rotation":270,"texture":"#2","tintindex":0}}},{"name":"cube","from":[7.4007893,7.400136,-3.8674583],"to":[8.60079,8.600136,-3.2674584],"rotation":{"angle":0.0,"axis":"x","origin":[8.00079,8.000136,-0.16745877]},"faces":{"down":{"uv":[1.008,6.258,1.492,6.492],"rotation":180,"texture":"#2","tintindex":0},"east":{"uv":[1.508,6.258,1.992,6.492],"rotation":90,"texture":"#2","tintindex":0},"north":{"uv":[1.492,6.242,1.008,5.758],"rotation":90,"texture":"#2","tintindex":0},"south":{"uv":[6.242,5.008,5.758,5.492],"rotation":90,"texture":"#2","tintindex":0},"up":{"uv":[6.258,5.008,6.742,5.242],"rotation":0,"texture":"#2","tintindex":0},"west":{"uv":[0.508,6.258,0.992,6.492],"rotation":270,"texture":"#2","tintindex":0}}},{"name":"cube","from":[7.835789,7.4952664,-8.73655],"to":[8.13579,7.660267,-8.57155],"rotation":{"angle":45.0,"axis":"x","origin":[7.9857893,7.8702664,-8.18155]},"faces":{"down":{"uv":[6.758,2.008,6.875,2.125],"rotation":180,"texture":"#2","tintindex":0},"east":{"uv":[6.875,2.008,6.758,2.125],"rotation":90,"texture":"#2","tintindex":0},"north":{"uv":[6.875,2.625,6.758,2.508],"rotation":90,"texture":"#2","tintindex":0},"south":{"uv":[6.875,2.758,6.758,2.875],"rotation":90,"texture":"#2","tintindex":0},"up":{"uv":[6.758,2.258,6.875,2.375],"rotation":0,"texture":"#2","tintindex":0},"west":{"uv":[6.758,1.758,6.875,1.875],"rotation":270,"texture":"#2","tintindex":0}}},{"name":"cube","from":[8.00079,1.8501359,-3.1174583],"to":[8.00079,7.550136,2.2825418],"rotation":{"angle":-22.5,"axis":"x","origin":[8.00079,5.000136,-1.1674585]},"faces":{"down":{"uv":[10.758,2.508,11.758,4.25],"rotation":0,"texture":"#1","tintindex":0},"east":{"uv":[0.008,0.008,2.375,2.242],"rotation":90,"texture":"#2","tintindex":0},"north":{"uv":[10.758,2.508,11.758,4.25],"rotation":0,"texture":"#1","tintindex":0},"south":{"uv":[10.758,2.508,11.758,4.25],"rotation":0,"texture":"#1","tintindex":0},"up":{"uv":[10.758,2.508,11.758,4.25],"rotation":0,"texture":"#1","tintindex":0},"west":{"uv":[2.375,0.008,0.008,2.242],"rotation":270,"texture":"#2","tintindex":0}}}],"display":{"head":{"translation":[0.0,-6.4,0.0],"rotation":[0.0,0.0,0.0],"scale":[3.8095,3.8095,3.8095]}}}