{"textures":{"0":"modelengine:entity/archangel","1":"modelengine:entity/archangel_sword","2":"modelengine:entity/archangel_spear"},"elements":[{"name":"right_arm","from":[7.55,7.55,5.9817696],"to":[8.45,8.45,10.18177],"rotation":{"angle":0.0,"axis":"x","origin":[8.0,8.0,0.5949302]},"faces":{"down":{"uv":[6.508,5.508,6.875,7.242],"rotation":180,"texture":"#1","tintindex":0},"east":{"uv":[2.508,6.758,2.875,8.492],"rotation":90,"texture":"#1","tintindex":0},"north":{"uv":[7.125,8.875,6.758,8.508],"rotation":90,"texture":"#1","tintindex":0},"south":{"uv":[8.875,6.758,8.508,7.125],"rotation":90,"texture":"#1","tintindex":0},"up":{"uv":[3.008,6.758,3.375,8.492],"rotation":0,"texture":"#1","tintindex":0},"west":{"uv":[6.008,5.508,6.375,7.242],"rotation":270,"texture":"#1","tintindex":0}}},{"name":"right_arm","from":[7.55,5.3,4.3317695],"to":[8.45,10.700001,5.2317696],"rotation":{"angle":0.0,"axis":"x","origin":[8.0,8.0,0.5949302]},"faces":{"down":{"uv":[7.258,8.508,7.625,8.875],"rotation":180,"texture":"#1","tintindex":0},"east":{"uv":[6.008,4.008,8.242,4.375],"rotation":90,"texture":"#1","tintindex":0},"north":{"uv":[8.242,4.875,6.008,4.508],"rotation":90,"texture":"#1","tintindex":0},"south":{"uv":[8.242,5.008,6.008,5.375],"rotation":90,"texture":"#1","tintindex":0},"up":{"uv":[8.508,7.258,8.875,7.625],"rotation":0,"texture":"#1","tintindex":0},"west":{"uv":[8.242,4.008,6.008,4.375],"rotation":270,"texture":"#1","tintindex":0}}},{"name":"right_arm","from":[8.0,3.4999998,2.5317695],"to":[8.0,7.7,6.4317694],"rotation":{"angle":0.0,"axis":"x","origin":[8.0,8.0,0.5949302]},"faces":{"down":{"uv":[10.758,2.508,11.758,4.25],"rotation":0,"texture":"#1","tintindex":0},"east":{"uv":[6.008,1.758,7.742,3.375],"rotation":90,"texture":"#1","tintindex":0},"north":{"uv":[10.758,2.508,11.758,4.25],"rotation":0,"texture":"#1","tintindex":0},"south":{"uv":[10.758,2.508,11.758,4.25],"rotation":0,"texture":"#1","tintindex":0},"up":{"uv":[10.758,2.508,11.758,4.25],"rotation":0,"texture":"#1","tintindex":0},"west":{"uv":[7.742,1.758,6.008,3.375],"rotation":270,"texture":"#1","tintindex":0}}},{"name":"right_arm","from":[8.0,8.3,2.5317695],"to":[8.0,12.5,6.4317694],"rotation":{"angle":0.0,"axis":"x","origin":[8.0,8.0,0.5949302]},"faces":{"down":{"uv":[10.758,2.508,11.758,4.25],"rotation":0,"texture":"#1","tintindex":0},"east":{"uv":[7.742,1.758,6.008,3.375],"rotation":90,"texture":"#1","tintindex":0},"north":{"uv":[10.758,2.508,11.758,4.25],"rotation":0,"texture":"#1","tintindex":0},"south":{"uv":[10.758,2.508,11.758,4.25],"rotation":0,"texture":"#1","tintindex":0},"up":{"uv":[10.758,2.508,11.758,4.25],"rotation":0,"texture":"#1","tintindex":0},"west":{"uv":[6.008,1.758,7.742,3.375],"rotation":270,"texture":"#1","tintindex":0}}},{"name":"right_arm","from":[7.55,7.1,2.6817696],"to":[8.45,8.9,4.3317695],"rotation":{"angle":0.0,"axis":"x","origin":[8.0,8.0,0.5949302]},"faces":{"down":{"uv":[7.758,2.508,8.125,3.242],"rotation":180,"texture":"#1","tintindex":0},"east":{"uv":[4.758,6.758,5.492,7.492],"rotation":90,"texture":"#1","tintindex":0},"north":{"uv":[8.742,0.375,8.008,0.008],"rotation":90,"texture":"#1","tintindex":0},"south":{"uv":[8.742,0.508,8.008,0.875],"rotation":90,"texture":"#1","tintindex":0},"up":{"uv":[7.508,7.758,7.875,8.492],"rotation":0,"texture":"#1","tintindex":0},"west":{"uv":[4.008,6.758,4.742,7.492],"rotation":270,"texture":"#1","tintindex":0}}},{"name":"right_arm","from":[7.85,6.5,-8.11823],"to":[8.15,9.5,4.3317695],"rotation":{"angle":0.0,"axis":"x","origin":[8.0,8.0,0.5949302]},"faces":{"down":{"uv":[3.508,6.758,3.625,11.992],"rotation":180,"texture":"#1","tintindex":0},"east":{"uv":[1.258,5.008,2.492,10.242],"rotation":90,"texture":"#1","tintindex":0},"north":{"uv":[6.742,8.625,5.508,8.508],"rotation":90,"texture":"#1","tintindex":0},"south":{"uv":[9.742,6.508,8.508,6.625],"rotation":90,"texture":"#1","tintindex":0},"up":{"uv":[3.758,6.758,3.875,11.992],"rotation":0,"texture":"#1","tintindex":0},"west":{"uv":[2.492,5.008,1.258,10.242],"rotation":270,"texture":"#1","tintindex":0}}},{"name":"right_arm","from":[7.85,7.1,-9.16823],"to":[8.15,8.9,-8.11823],"rotation":{"angle":0.0,"axis":"x","origin":[8.0,8.0,0.5949302]},"faces":{"down":{"uv":[8.758,6.008,8.875,6.492],"rotation":180,"texture":"#1","tintindex":0},"east":{"uv":[7.508,6.008,8.242,6.492],"rotation":90,"texture":"#1","tintindex":0},"north":{"uv":[9.242,8.375,8.508,8.258],"rotation":90,"texture":"#1","tintindex":0},"south":{"uv":[5.242,8.758,4.508,8.875],"rotation":90,"texture":"#1","tintindex":0},"up":{"uv":[6.258,8.758,6.375,9.242],"rotation":0,"texture":"#1","tintindex":0},"west":{"uv":[8.242,6.008,7.508,6.492],"rotation":270,"texture":"#1","tintindex":0}}},{"name":"right_arm","from":[7.85,7.55,-10.21823],"to":[8.15,8.45,-9.16823],"rotation":{"angle":0.0,"axis":"x","origin":[8.0,8.0,0.5949302]},"faces":{"down":{"uv":[6.508,8.758,6.625,9.242],"rotation":180,"texture":"#1","tintindex":0},"east":{"uv":[8.008,7.508,8.375,7.992],"rotation":90,"texture":"#1","tintindex":0},"north":{"uv":[4.875,9.125,4.508,9.008],"rotation":90,"texture":"#1","tintindex":0},"south":{"uv":[9.375,4.758,9.008,4.875],"rotation":90,"texture":"#1","tintindex":0},"up":{"uv":[8.758,8.508,8.875,8.992],"rotation":0,"texture":"#1","tintindex":0},"west":{"uv":[8.008,7.008,8.375,7.492],"rotation":270,"texture":"#1","tintindex":0}}},{"name":"right_arm","from":[7.85,-0.3263886,-7.7314587],"to":[8.15,0.27361155,-7.131459],"rotation":{"angle":45.0,"axis":"x","origin":[8.0,8.0,0.5949302]},"faces":{"down":{"uv":[5.008,9.008,5.125,9.242],"rotation":180,"texture":"#1","tintindex":0},"east":{"uv":[9.008,1.258,9.242,1.492],"rotation":90,"texture":"#1","tintindex":0},"north":{"uv":[5.742,9.125,5.508,9.008],"rotation":90,"texture":"#1","tintindex":0},"south":{"uv":[9.242,5.508,9.008,5.625],"rotation":90,"texture":"#1","tintindex":0},"up":{"uv":[9.008,5.008,9.125,5.242],"rotation":0,"texture":"#1","tintindex":0},"west":{"uv":[9.008,1.258,9.242,1.492],"rotation":270,"texture":"#1","tintindex":0}}},{"name":"right_arm","from":[7.835,3.279797,-9.730957],"to":[8.165,3.8797972,-6.8809566],"rotation":{"angle":22.5,"axis":"x","origin":[8.0,8.0,0.5949302]},"faces":{"down":{"uv":[2.508,8.508,2.625,9.742],"rotation":180,"texture":"#1","tintindex":0},"east":{"uv":[7.758,0.008,7.992,1.242],"rotation":90,"texture":"#1","tintindex":0},"north":{"uv":[5.992,9.125,5.758,9.008],"rotation":90,"texture":"#1","tintindex":0},"south":{"uv":[9.242,5.758,9.008,5.875],"rotation":90,"texture":"#1","tintindex":0},"up":{"uv":[2.758,8.508,2.875,9.742],"rotation":0,"texture":"#1","tintindex":0},"west":{"uv":[7.992,0.008,7.758,1.242],"rotation":270,"texture":"#1","tintindex":0}}},{"name":"right_arm","from":[7.835,12.120203,-9.730957],"to":[8.165,12.720202,-6.8809566],"rotation":{"angle":-22.5,"axis":"x","origin":[8.0,8.0,0.5949302]},"faces":{"down":{"uv":[3.008,8.508,3.125,9.742],"rotation":180,"texture":"#1","tintindex":0},"east":{"uv":[7.758,6.508,7.992,7.742],"rotation":90,"texture":"#1","tintindex":0},"north":{"uv":[9.242,6.125,9.008,6.008],"rotation":90,"texture":"#1","tintindex":0},"south":{"uv":[9.242,6.258,9.008,6.375],"rotation":90,"texture":"#1","tintindex":0},"up":{"uv":[3.258,8.508,3.375,9.742],"rotation":0,"texture":"#1","tintindex":0},"west":{"uv":[7.992,6.508,7.758,7.742],"rotation":270,"texture":"#1","tintindex":0}}},{"name":"right_arm","from":[7.55,7.55,1.6317695],"to":[8.45,8.45,2.6817696],"rotation":{"angle":0.0,"axis":"x","origin":[8.0,8.0,0.5949302]},"faces":{"down":{"uv":[8.258,2.508,8.625,2.992],"rotation":180,"texture":"#1","tintindex":0},"east":{"uv":[8.258,3.008,8.625,3.492],"rotation":90,"texture":"#1","tintindex":0},"north":{"uv":[8.125,8.875,7.758,8.508],"rotation":90,"texture":"#1","tintindex":0},"south":{"uv":[8.875,7.758,8.508,8.125],"rotation":90,"texture":"#1","tintindex":0},"up":{"uv":[8.258,3.508,8.625,3.992],"rotation":0,"texture":"#1","tintindex":0},"west":{"uv":[8.008,8.008,8.375,8.492],"rotation":270,"texture":"#1","tintindex":0}}},{"name":"right_arm","from":[7.565,8.330676,0.92913365],"to":[8.435,8.9306755,1.6341344],"rotation":{"angle":45.0,"axis":"x","origin":[8.0,8.0,0.5949302]},"faces":{"down":{"uv":[7.758,3.258,8.125,3.492],"rotation":180,"texture":"#1","tintindex":0},"east":{"uv":[9.008,1.758,9.242,1.992],"rotation":90,"texture":"#1","tintindex":0},"north":{"uv":[8.992,5.125,8.758,4.758],"rotation":90,"texture":"#1","tintindex":0},"south":{"uv":[5.492,8.758,5.258,9.125],"rotation":90,"texture":"#1","tintindex":0},"up":{"uv":[8.758,4.508,9.125,4.742],"rotation":0,"texture":"#1","tintindex":0},"west":{"uv":[9.008,1.508,9.242,1.742],"rotation":270,"texture":"#1","tintindex":0}}},{"name":"right_arm","from":[7.55,7.069324,0.92913365],"to":[8.45,7.669324,1.6341344],"rotation":{"angle":-45.0,"axis":"x","origin":[8.0,8.0,0.5949302]},"faces":{"down":{"uv":[8.758,5.258,9.125,5.492],"rotation":180,"texture":"#1","tintindex":0},"east":{"uv":[9.008,2.258,9.242,2.492],"rotation":90,"texture":"#1","tintindex":0},"north":{"uv":[8.992,5.875,8.758,5.508],"rotation":90,"texture":"#1","tintindex":0},"south":{"uv":[6.242,8.758,6.008,9.125],"rotation":90,"texture":"#1","tintindex":0},"up":{"uv":[5.508,8.758,5.875,8.992],"rotation":0,"texture":"#1","tintindex":0},"west":{"uv":[9.242,2.258,9.008,2.492],"rotation":270,"texture":"#1","tintindex":0}}},{"name":"right_arm","from":[7.535,7.907819,1.6815765],"to":[8.465,8.807819,4.6815767],"rotation":{"angle":22.5,"axis":"x","origin":[8.0,8.0,0.5949302]},"faces":{"down":{"uv":[7.008,5.508,7.375,6.742],"rotation":180,"texture":"#1","tintindex":0},"east":{"uv":[7.008,6.758,7.375,7.992],"rotation":90,"texture":"#1","tintindex":0},"north":{"uv":[8.625,8.875,8.258,8.508],"rotation":90,"texture":"#1","tintindex":0},"south":{"uv":[9.125,0.008,8.758,0.375],"rotation":90,"texture":"#1","tintindex":0},"up":{"uv":[6.008,7.258,6.375,8.492],"rotation":0,"texture":"#1","tintindex":0},"west":{"uv":[7.375,6.758,7.008,7.992],"rotation":270,"texture":"#1","tintindex":0}}},{"name":"right_arm","from":[7.52,7.1921806,1.6815765],"to":[8.48,8.092181,4.6815767],"rotation":{"angle":-22.5,"axis":"x","origin":[8.0,8.0,0.5949302]},"faces":{"down":{"uv":[4.008,7.508,4.375,8.742],"rotation":180,"texture":"#1","tintindex":0},"east":{"uv":[4.508,7.508,4.875,8.742],"rotation":90,"texture":"#1","tintindex":0},"north":{"uv":[9.125,0.875,8.758,0.508],"rotation":90,"texture":"#1","tintindex":0},"south":{"uv":[9.125,2.508,8.758,2.875],"rotation":90,"texture":"#1","tintindex":0},"up":{"uv":[5.008,7.508,5.375,8.742],"rotation":0,"texture":"#1","tintindex":0},"west":{"uv":[4.875,7.508,4.508,8.742],"rotation":270,"texture":"#1","tintindex":0}}},{"name":"right_arm","from":[7.565,5.4542923,4.5439305],"to":[8.435,6.354293,5.743931],"rotation":{"angle":-22.5,"axis":"x","origin":[8.0,8.0,0.5949302]},"faces":{"down":{"uv":[8.258,4.508,8.625,4.992],"rotation":180,"texture":"#1","tintindex":0},"east":{"uv":[8.258,5.008,8.625,5.492],"rotation":90,"texture":"#1","tintindex":0},"north":{"uv":[9.125,3.375,8.758,3.008],"rotation":90,"texture":"#1","tintindex":0},"south":{"uv":[9.125,3.508,8.758,3.875],"rotation":90,"texture":"#1","tintindex":0},"up":{"uv":[8.258,5.508,8.625,5.992],"rotation":0,"texture":"#1","tintindex":0},"west":{"uv":[8.625,5.008,8.258,5.492],"rotation":270,"texture":"#1","tintindex":0}}},{"name":"right_arm","from":[7.58,9.645708,4.5439305],"to":[8.42,10.545708,5.743931],"rotation":{"angle":22.5,"axis":"x","origin":[8.0,8.0,0.5949302]},"faces":{"down":{"uv":[8.508,1.008,8.875,1.492],"rotation":180,"texture":"#1","tintindex":0},"east":{"uv":[8.508,1.508,8.875,1.992],"rotation":90,"texture":"#1","tintindex":0},"north":{"uv":[4.375,9.125,4.008,8.758],"rotation":90,"texture":"#1","tintindex":0},"south":{"uv":[9.125,4.008,8.758,4.375],"rotation":90,"texture":"#1","tintindex":0},"up":{"uv":[8.508,2.008,8.875,2.492],"rotation":0,"texture":"#1","tintindex":0},"west":{"uv":[8.875,1.508,8.508,1.992],"rotation":270,"texture":"#1","tintindex":0}}},{"name":"right_arm","from":[7.4,0.34681606,7.048114],"to":[8.6,1.546816,8.248114],"rotation":{"angle":-45.0,"axis":"x","origin":[8.0,8.0,0.5949302]},"faces":{"down":{"uv":[8.008,1.508,8.492,1.992],"rotation":180,"texture":"#1","tintindex":0},"east":{"uv":[8.008,2.008,8.492,2.492],"rotation":90,"texture":"#1","tintindex":0},"north":{"uv":[8.492,6.992,8.008,6.508],"rotation":90,"texture":"#1","tintindex":0},"south":{"uv":[7.492,8.008,7.008,8.492],"rotation":90,"texture":"#1","tintindex":0},"up":{"uv":[5.508,8.008,5.992,8.492],"rotation":0,"texture":"#1","tintindex":0},"west":{"uv":[8.008,1.008,8.492,1.492],"rotation":270,"texture":"#1","tintindex":0}}}],"display":{"head":{"translation":[0.0,-6.4,0.0],"rotation":[0.0,0.0,0.0],"scale":[3.8095,3.8095,3.8095]}}}