{"credit":"Created with Blockbench [Exported as resourcepack with the \"resourcepack_packager\" plugin]","texture_size":[128,128],"textures":{"0":"iavegastables:custom/blocks/rockpaperscissors"},"elements":[{"from":[0.5,0,7],"to":[2,10,16],"faces":{"north":{"uv":[3.375,6,3.5625,7.25],"texture":"#0"},"east":{"uv":[3,4.75,4.125,6],"texture":"#0"},"south":{"uv":[3.625,6,3.8125,7.25],"texture":"#0"},"west":{"uv":[4.125,4.75,5.25,6],"texture":"#0"},"up":{"uv":[6.3125,1.125,6.125,0],"texture":"#0"},"down":{"uv":[6.3125,1.125,6.125,2.25],"texture":"#0"}}},{"from":[14,0,7],"to":[15.5,10,16],"faces":{"north":{"uv":[3.875,6,4.0625,7.25],"texture":"#0"},"east":{"uv":[5,0,6.125,1.25],"texture":"#0"},"south":{"uv":[4.125,6,4.3125,7.25],"texture":"#0"},"west":{"uv":[5,1.25,6.125,2.5],"texture":"#0"},"up":{"uv":[6.4375,6.875,6.25,5.75],"texture":"#0"},"down":{"uv":[6.5625,0,6.375,1.125],"texture":"#0"}}},{"from":[2,0,14],"to":[14,10,16],"faces":{"north":{"uv":[3.5,0,5,1.25],"texture":"#0"},"east":{"uv":[1.875,5.75,2.125,7],"texture":"#0"},"south":{"uv":[3.5,1.25,5,2.5],"texture":"#0"},"west":{"uv":[2.125,5.75,2.375,7],"texture":"#0"},"up":{"uv":[6.5,4.5,5,4.25],"texture":"#0"},"down":{"uv":[6.5,4.5,5,4.75],"texture":"#0"}}},{"from":[2,18,14],"to":[14,27,16],"faces":{"north":{"uv":[3.5,2.5,5,3.625],"texture":"#0"},"east":{"uv":[2.375,5.75,2.625,6.875],"texture":"#0"},"south":{"uv":[3.5,3.625,5,4.75],"texture":"#0"},"west":{"uv":[2.625,5.75,2.875,6.875],"texture":"#0"},"up":{"uv":[3,5.5,1.5,5.25],"texture":"#0"},"down":{"uv":[6.75,4.75,5.25,5],"texture":"#0"}}},{"from":[3,11,14],"to":[5,18,15.5],"faces":{"north":{"uv":[4.375,6,4.625,6.875],"texture":"#0"},"east":{"uv":[6.625,0.125,6.8125,1],"texture":"#0"},"south":{"uv":[4.625,6,4.875,6.875],"texture":"#0"},"west":{"uv":[5.25,6.625,5.4375,7.5],"texture":"#0"},"up":{"uv":[6.5,7.0625,6.25,6.875],"texture":"#0"},"down":{"uv":[7.125,6.375,6.875,6.5625],"texture":"#0"}}},{"from":[11,11,14],"to":[13,18,15.5],"faces":{"north":{"uv":[4.875,6,5.125,6.875],"texture":"#0"},"east":{"uv":[5.5,6.625,5.6875,7.5],"texture":"#0"},"south":{"uv":[6,5.75,6.25,6.625],"texture":"#0"},"west":{"uv":[5.75,6.625,5.9375,7.5],"texture":"#0"},"up":{"uv":[6.875,7.0625,6.625,6.875],"texture":"#0"},"down":{"uv":[7.125,6.625,6.875,6.8125],"texture":"#0"}}},{"from":[1,18,13.7],"to":[2,27,16],"faces":{"north":{"uv":[1.875,3,2,4.125],"texture":"#0"},"east":{"uv":[0.375,5.75,0.65625,6.875],"texture":"#0"},"south":{"uv":[6.625,5.75,6.75,6.875],"texture":"#0"},"west":{"uv":[0.75,5.75,1.03125,6.875],"texture":"#0"},"up":{"uv":[2.25,7.28125,2.125,7],"texture":"#0"},"down":{"uv":[2.375,7,2.25,7.28125],"texture":"#0"}}},{"from":[14,13.08493,4.96366],"to":[15,22.08493,7.46366],"rotation":{"angle":22.5,"axis":"x","origin":[12,-1.41507,1.46366]},"faces":{"north":{"uv":[6,6.625,6.125,7.75],"texture":"#0"},"east":{"uv":[1.5,3,1.8125,4.125],"texture":"#0"},"south":{"uv":[6.125,6.625,6.25,7.75],"texture":"#0"},"west":{"uv":[5.25,5.5,5.5625,6.625],"texture":"#0"},"up":{"uv":[1.5,7.3125,1.375,7],"texture":"#0"},"down":{"uv":[1.625,7,1.5,7.3125],"texture":"#0"}}},{"from":[14,18,13.7],"to":[15,27,16],"rotation":{"angle":0,"axis":"y","origin":[12,0,0]},"faces":{"north":{"uv":[6.75,2.5,6.875,3.625],"texture":"#0"},"east":{"uv":[1.125,5.75,1.40625,6.875],"texture":"#0"},"south":{"uv":[6.75,5.75,6.875,6.875],"texture":"#0"},"west":{"uv":[1.5,5.75,1.78125,6.875],"texture":"#0"},"up":{"uv":[7.125,6.15625,7,5.875],"texture":"#0"},"down":{"uv":[7,7,6.875,7.28125],"texture":"#0"}}},{"from":[1,27.5,14],"to":[15,32,16],"faces":{"north":{"uv":[5,2.5,6.75,3.0625],"texture":"#0"},"east":{"uv":[3,4.125,3.25,4.6875],"texture":"#0"},"south":{"uv":[5,3.125,6.75,3.6875],"texture":"#0"},"west":{"uv":[3.25,4.125,3.5,4.6875],"texture":"#0"},"up":{"uv":[6.75,4,5,3.75],"texture":"#0"},"down":{"uv":[6.75,4,5,4.25],"texture":"#0"}}},{"from":[14,27.5,13.7],"to":[15,32,14],"faces":{"north":{"uv":[1.625,6.875,1.75,7.4375],"texture":"#0"},"east":{"uv":[3.25,7.125,3.28125,7.6875],"texture":"#0"},"south":{"uv":[1.75,6.875,1.875,7.4375],"texture":"#0"},"west":{"uv":[6.25,7.125,6.28125,7.6875],"texture":"#0"},"up":{"uv":[6.75,7.15625,6.625,7.125],"texture":"#0"},"down":{"uv":[6.875,7.125,6.75,7.15625],"texture":"#0"}}},{"from":[1,27.5,13.7],"to":[2,32,14],"faces":{"north":{"uv":[2.75,6.875,2.875,7.4375],"texture":"#0"},"east":{"uv":[6.375,7.125,6.40625,7.6875],"texture":"#0"},"south":{"uv":[6.875,5.75,7,6.3125],"texture":"#0"},"west":{"uv":[6.5,7.125,6.53125,7.6875],"texture":"#0"},"up":{"uv":[7.375,0.28125,7.25,0.25],"texture":"#0"},"down":{"uv":[7.375,0.375,7.25,0.40625],"texture":"#0"}}},{"from":[2,31,13.7],"to":[14,32,14],"faces":{"north":{"uv":[6.125,2.25,7.625,2.375],"texture":"#0"},"east":{"uv":[7.25,0.5,7.28125,0.625],"texture":"#0"},"south":{"uv":[6.125,2.375,7.625,2.5],"texture":"#0"},"west":{"uv":[0.625,7.25,0.65625,7.375],"texture":"#0"},"up":{"uv":[8.375,0.90625,6.875,0.875],"texture":"#0"},"down":{"uv":[8.375,6.875,6.875,6.90625],"texture":"#0"}}},{"from":[5,27,14],"to":[11,27.5,16],"faces":{"north":{"uv":[0.625,7,1.375,7.0625],"texture":"#0"},"east":{"uv":[7.125,5,7.375,5.0625],"texture":"#0"},"south":{"uv":[7,5.75,7.75,5.8125],"texture":"#0"},"west":{"uv":[7.125,5.125,7.375,5.1875],"texture":"#0"},"up":{"uv":[7.125,1.375,6.375,1.125],"texture":"#0"},"down":{"uv":[7.125,1.375,6.375,1.625],"texture":"#0"}}},{"from":[2,13.08493,5.46366],"to":[14,22.08493,7.46366],"rotation":{"angle":22.5,"axis":"x","origin":[0,-1.41507,1.46366]},"faces":{"north":{"uv":[1.5,4.125,3,5.25],"texture":"#0"},"east":{"uv":[2.875,6,3.125,7.125],"texture":"#0"},"south":{"uv":[0,4.375,1.5,5.5],"texture":"#0"},"west":{"uv":[3.125,6,3.375,7.125],"texture":"#0"},"up":{"uv":[6.75,5.25,5.25,5],"texture":"#0"},"down":{"uv":[6.75,5.25,5.25,5.5],"texture":"#0"}}},{"from":[1,13.08493,4.96366],"to":[2,22.08493,7.46366],"rotation":{"angle":22.5,"axis":"x","origin":[0,-1.41507,1.46366]},"faces":{"north":{"uv":[0,6.875,0.125,8],"texture":"#0"},"east":{"uv":[5.625,5.5,5.9375,6.625],"texture":"#0"},"south":{"uv":[0.125,6.875,0.25,8],"texture":"#0"},"west":{"uv":[0,5.75,0.3125,6.875],"texture":"#0"},"up":{"uv":[2,7.3125,1.875,7],"texture":"#0"},"down":{"uv":[2.125,7,2,7.3125],"texture":"#0"}}},{"from":[2,0,12],"to":[14,1,14],"faces":{"north":{"uv":[6.375,1.625,7.875,1.75],"texture":"#0"},"east":{"uv":[7,6.25,7.25,6.375],"texture":"#0"},"south":{"uv":[6.375,1.75,7.875,1.875],"texture":"#0"},"west":{"uv":[7,7,7.25,7.125],"texture":"#0"},"up":{"uv":[1.5,5.75,0,5.5],"texture":"#0"},"down":{"uv":[3,5.5,1.5,5.75],"texture":"#0"}}},{"from":[0,10,4],"to":[16,11,16],"faces":{"north":{"uv":[6,5.5,8,5.625],"texture":"#0"},"east":{"uv":[6.375,1.875,7.875,2],"texture":"#0"},"south":{"uv":[6,5.625,8,5.75],"texture":"#0"},"west":{"uv":[6.375,2,7.875,2.125],"texture":"#0"},"up":{"uv":[2,1.5,0,0],"texture":"#0"},"down":{"uv":[2,1.5,0,3],"texture":"#0"}}},{"from":[11,11,5.5],"to":[14,11.2,8.5],"faces":{"north":{"uv":[7.125,5.25,7.5,5.28125],"texture":"#0"},"east":{"uv":[7.125,5.375,7.5,5.40625],"texture":"#0"},"south":{"uv":[7.125,5.875,7.5,5.90625],"texture":"#0"},"west":{"uv":[7.125,6,7.5,6.03125],"texture":"#0"},"up":{"uv":[7.125,4,6.75,3.625],"texture":"#0"},"down":{"uv":[7.125,4.75,6.75,5.125],"texture":"#0"}}},{"from":[11.3,11.2,5.8],"to":[13.7,11.7,8.2],"faces":{"north":{"uv":[0.625,7.125,0.9375,7.1875],"texture":"#0"},"east":{"uv":[1,7.125,1.3125,7.1875],"texture":"#0"},"south":{"uv":[7.125,1.125,7.4375,1.1875],"texture":"#0"},"west":{"uv":[7.125,1.25,7.4375,1.3125],"texture":"#0"},"up":{"uv":[2.6875,7.1875,2.375,6.875],"texture":"#0"},"down":{"uv":[7.1875,2.5,6.875,2.8125],"texture":"#0"}}},{"from":[2,11,5.5],"to":[5,11.2,8.5],"faces":{"north":{"uv":[7.125,6.125,7.5,6.15625],"texture":"#0"},"east":{"uv":[7.125,6.375,7.5,6.40625],"texture":"#0"},"south":{"uv":[7.125,6.5,7.5,6.53125],"texture":"#0"},"west":{"uv":[7.125,6.625,7.5,6.65625],"texture":"#0"},"up":{"uv":[7.125,5.5,6.75,5.125],"texture":"#0"},"down":{"uv":[7.25,0.125,6.875,0.5],"texture":"#0"}}},{"from":[2.3,11.2,5.8],"to":[4.7,11.7,8.2],"faces":{"north":{"uv":[7.125,1.375,7.4375,1.4375],"texture":"#0"},"east":{"uv":[7.125,1.5,7.4375,1.5625],"texture":"#0"},"south":{"uv":[2.875,7.125,3.1875,7.1875],"texture":"#0"},"west":{"uv":[7.125,3.625,7.4375,3.6875],"texture":"#0"},"up":{"uv":[7.1875,3.1875,6.875,2.875],"texture":"#0"},"down":{"uv":[7.1875,3.25,6.875,3.5625],"texture":"#0"}}},{"from":[6.5,11,5.5],"to":[9.5,11.2,8.5],"faces":{"north":{"uv":[7.125,6.75,7.5,6.78125],"texture":"#0"},"east":{"uv":[7,7.125,7.375,7.15625],"texture":"#0"},"south":{"uv":[7.25,0.125,7.625,0.15625],"texture":"#0"},"west":{"uv":[0.25,7.25,0.625,7.28125],"texture":"#0"},"up":{"uv":[0.625,7.25,0.25,6.875],"texture":"#0"},"down":{"uv":[7.25,0.5,6.875,0.875],"texture":"#0"}}},{"from":[6.8,11.2,5.8],"to":[9.2,11.7,8.2],"faces":{"north":{"uv":[7.125,3.75,7.4375,3.8125],"texture":"#0"},"east":{"uv":[7.125,3.875,7.4375,3.9375],"texture":"#0"},"south":{"uv":[7.125,4.75,7.4375,4.8125],"texture":"#0"},"west":{"uv":[7.125,4.875,7.4375,4.9375],"texture":"#0"},"up":{"uv":[4.6875,7.1875,4.375,6.875],"texture":"#0"},"down":{"uv":[5.0625,6.875,4.75,7.1875],"texture":"#0"}}},{"from":[2,0.53284,14.67878],"to":[14,11.53284,15.67878],"rotation":{"angle":-22.5,"axis":"x","origin":[0,-6.46716,14.67878]},"faces":{"north":{"uv":[2,0,3.5,1.375],"texture":"#0"},"east":{"uv":[5.125,6,5.25,7.375],"texture":"#0"},"south":{"uv":[2,1.375,3.5,2.75],"texture":"#0"},"west":{"uv":[6.5,5.75,6.625,7.125],"texture":"#0"},"up":{"uv":[7.875,2.25,6.375,2.125],"texture":"#0"},"down":{"uv":[8,4.25,6.5,4.375],"texture":"#0"}}},{"from":[2,3.53284,7.67878],"to":[14,4.53284,18.67878],"rotation":{"angle":-22.5,"axis":"x","origin":[0,-6.46716,14.67878]},"faces":{"north":{"uv":[6.5,4.375,8,4.5],"texture":"#0"},"east":{"uv":[6.5,4.625,7.875,4.75],"texture":"#0"},"south":{"uv":[6.5,4.5,8,4.625],"texture":"#0"},"west":{"uv":[6.625,0,8,0.125],"texture":"#0"},"up":{"uv":[3.5,4.125,2,2.75],"texture":"#0"},"down":{"uv":[1.5,3,0,4.375],"texture":"#0"}}},{"from":[4,3.53284,6.67878],"to":[12,4.53284,7.67878],"rotation":{"angle":-22.5,"axis":"x","origin":[0,-6.46716,14.67878]},"faces":{"north":{"uv":[6.625,1,7.625,1.125],"texture":"#0"},"east":{"uv":[2.875,5.75,3,5.875],"texture":"#0"},"south":{"uv":[6.75,4,7.75,4.125],"texture":"#0"},"west":{"uv":[2.875,5.875,3,6],"texture":"#0"},"up":{"uv":[7.75,4.25,6.75,4.125],"texture":"#0"},"down":{"uv":[1.625,6.875,0.625,7],"texture":"#0"}}}],"display":{"thirdperson_righthand":{"rotation":[39,0,0],"scale":[0.56,0.56,0.56]},"thirdperson_lefthand":{"rotation":[39,0,0],"scale":[0.56,0.56,0.56]},"firstperson_righthand":{"rotation":[0,180,0],"translation":[0,0,1],"scale":[0.56,0.56,0.56]},"firstperson_lefthand":{"rotation":[0,180,0],"translation":[0,0,1],"scale":[0.56,0.56,0.56]},"ground":{"translation":[0,5,0]},"gui":{"rotation":[0,180,0]},"head":{"translation":[0,-31.25,0],"scale":[1.5,1.5,1.5]},"fixed":{"rotation":[-30,0,0],"translation":[0,0,-1.25]}}}