{"credit":"HelloWorld Team","texture_size":[128,128],"textures":{"1":"skills_kitetsu:dark_wall/dark_wall_14","particle":"skills_kitetsu:dark_wall/dark_wall_14"},"elements":[{"from":[-16,-16,8],"to":[32,32,8],"rotation":{"angle":0,"axis":"y","origin":[0,0,8]},"faces":{"north":{"uv":[0,0,16,16],"texture":"#1"},"east":{"uv":[0,0,16,16],"texture":"#1"},"south":{"uv":[16,0,0,16],"texture":"#1"},"west":{"uv":[0,0,16,16],"texture":"#1"},"up":{"uv":[0,0,16,16],"texture":"#1"},"down":{"uv":[0,0,16,16],"texture":"#1"}}},{"from":[-15,-16,7],"to":[31,21,7],"rotation":{"angle":0,"axis":"y","origin":[0,0,8]},"faces":{"north":{"uv":[0,0,16,16],"texture":"#1"},"east":{"uv":[0,0,16,16],"texture":"#1"},"south":{"uv":[16,0,0,16],"texture":"#1"},"west":{"uv":[0,0,16,16],"texture":"#1"},"up":{"uv":[0,0,16,16],"texture":"#1"},"down":{"uv":[0,0,16,16],"texture":"#1"}}},{"from":[-15,-16,9],"to":[31,21,9],"rotation":{"angle":0,"axis":"y","origin":[0,0,8]},"faces":{"north":{"uv":[0,0,16,16],"texture":"#1"},"east":{"uv":[0,0,16,16],"texture":"#1"},"south":{"uv":[16,0,0,16],"texture":"#1"},"west":{"uv":[0,0,16,16],"texture":"#1"},"up":{"uv":[0,0,16,16],"texture":"#1"},"down":{"uv":[0,0,16,16],"texture":"#1"}}}],"gui_light":"front","display":{"thirdperson_righthand":{"rotation":[90,-90,0],"translation":[-6,24,47.75],"scale":[2.5,2.5,2.5]},"thirdperson_lefthand":{"rotation":[90,90,0],"translation":[-6,-2,0],"scale":[4,4,4]},"firstperson_righthand":{"translation":[0,4.25,0],"scale":[0.17,0.17,0.17]},"firstperson_lefthand":{"translation":[0,4.25,0],"scale":[0.17,0.17,0.17]},"ground":{"translation":[0,10.75,0],"scale":[0.4,0.4,0.4]},"gui":{"translation":[0,0,-0.5],"scale":[0.35,0.35,0.35]},"head":{"rotation":[0,90,0],"scale":[4,4,4]},"fixed":{"translation":[0,0,-0.5],"scale":[0.35,0.35,0.35]}}}