{
	"credit": "Made with Blockbench",
	"parent": "minecraft:item/handheld",
	"textures": {
		"layer0": "sweetrice:lq"
	},
	"display": {
		"thirdperson_righthand": {
			"rotation": [-179, -41, -115],
			"translation": [-2.25, 5, 3],
			"scale": [0.85, 0.84, 0.6]
		},
		"thirdperson_lefthand": {
			"rotation": [104, -73, 25],
			"translation": [-0.75, 5.75, 9.25],
			"scale": [0.79, 0.75, 0.56]
		},
		"firstperson_righthand": {
			"rotation": [-95, -114, -139],
			"translation": [-2.75, 6, 3.5],
			"scale": [0.49, 0.49, 0.4]
		},
		"firstperson_lefthand": {
			"rotation": [98, 101, 119],
			"translation": [0, 4, 1.25],
			"scale": [0.49, 0.49, 0.4]
		},
		"ground": {
			"translation": [0, 21, 0],
			"scale": [1.02, 1.04, 1]
		},
		"gui": {
			"rotation": [0, -38, 0],
			"scale": [1.25, 1.04, 1]
		},
		"head": {
			"rotation": [9, 9, 180],
			"translation": [0, -24, -12.25],
			"scale": [2.5, 2.46, 2.42]
		},
		"fixed": {
			"scale": [0.98, 0.88, 1]
		}
	}
}