{
	"credit": "Made with Blockbench",
	"parent": "minecraft:item/handheld",
	"textures": {
		"layer0": "sweetrice:mdqr"
	},
	"display": {
		"thirdperson_righthand": {
			"rotation": [-52, 74, -45],
			"translation": [-4.5, 10.75, 10.5],
			"scale": [1.77, 1.71, 0.3]
		},
		"thirdperson_lefthand": {
			"rotation": [55, -90, 171],
			"translation": [-5.75, 11.5, 5.25],
			"scale": [1.79, 1.71, 0.3]
		},
		"firstperson_righthand": {
			"rotation": [172, 64, 61],
			"translation": [0.25, 10, 0.25],
			"scale": [1.29, 0.52, 0.47]
		},
		"firstperson_lefthand": {
			"rotation": [-151, -114, -33],
			"translation": [14, 7.75, -11],
			"scale": [2.25, 0.78, 0.63]
		},
		"ground": {
			"rotation": [-4, 180, 34],
			"translation": [0, 21, 0],
			"scale": [2.79, 2.77, 1]
		},
		"gui": {
			"rotation": [0, -38, 0],
			"scale": [2, 1.67, 1]
		},
		"head": {
			"rotation": [180, 0, -109],
			"translation": [0, -7.25, 6.75],
			"scale": [4, 4, 0.5]
		},
		"fixed": {
			"scale": [2.58, 2.56, 1]
		}
	}
}