{
	"credit": "Made with Blockbench",
	"textures": {
		"1": "sweetrice:necro_wand_main",
		"2": "sweetrice:necro_wand_orb",
		"particle": "sweetrice:necro_wand_main"
	},
	"elements": [
		{
			"from": [7, 22.5, 7],
			"to": [9, 24.5, 9],
			"rotation": {"angle": 45, "axis": "y", "origin": [8, 23.5, 8]},
			"faces": {
				"north": {"uv": [0.25, 0.25, 0.75, 0.75], "texture": "#2"},
				"east": {"uv": [1.25, 0.25, 1.75, 0.75], "texture": "#2"},
				"south": {"uv": [2.25, 0.25, 2.75, 0.75], "texture": "#2"},
				"west": {"uv": [3.25, 0.25, 3.75, 0.75], "texture": "#2"},
				"up": {"uv": [4.25, 0.25, 4.75, 0.75], "texture": "#2"},
				"down": {"uv": [5.25, 0.25, 5.75, 0.75], "texture": "#2"}
			}
		},
		{
			"name": "cube_outline",
			"from": [9.5, 25, 9.5],
			"to": [6.5, 22, 6.5],
			"rotation": {"angle": 45, "axis": "y", "origin": [8, 23.5, 8]},
			"faces": {
				"north": {"uv": [6.25, 0.25, 6.75, 0.75], "texture": "#2"},
				"east": {"uv": [7.25, 0.25, 7.75, 0.75], "texture": "#2"},
				"south": {"uv": [8.25, 0.25, 8.75, 0.75], "texture": "#2"},
				"west": {"uv": [9.25, 0.25, 9.75, 0.75], "texture": "#2"},
				"up": {"uv": [10.25, 0.25, 10.75, 0.75], "texture": "#2"},
				"down": {"uv": [11.25, 0.25, 11.75, 0.75], "texture": "#2"}
			}
		},
		{
			"from": [6.92604, 13.47716, 7.5],
			"to": [7.92604, 16.47716, 8.5],
			"rotation": {"angle": -22.5, "axis": "z", "origin": [7.42604, 12.97716, 8]},
			"faces": {
				"north": {"uv": [8, 2, 9, 5], "texture": "#1"},
				"east": {"uv": [4, 8, 5, 11], "texture": "#1"},
				"south": {"uv": [5, 8, 6, 11], "texture": "#1"},
				"west": {"uv": [8, 5, 9, 8], "texture": "#1"},
				"up": {"uv": [14, 2, 13, 1], "texture": "#1"},
				"down": {"uv": [5, 13, 4, 14], "texture": "#1"}
			}
		},
		{
			"from": [7.66221, 16.78451, 7.5],
			"to": [8.66221, 19.78451, 8.5],
			"rotation": {"angle": -22.5, "axis": "z", "origin": [8.66221, 20.28451, 8]},
			"faces": {
				"north": {"uv": [6, 8, 7, 11], "texture": "#1"},
				"east": {"uv": [7, 8, 8, 11], "texture": "#1"},
				"south": {"uv": [8, 8, 9, 11], "texture": "#1"},
				"west": {"uv": [9, 2, 10, 5], "texture": "#1"},
				"up": {"uv": [8, 14, 7, 13], "texture": "#1"},
				"down": {"uv": [9, 13, 8, 14], "texture": "#1"}
			}
		},
		{
			"from": [9, 17, 8.25],
			"to": [9, 20, 9.25],
			"rotation": {"angle": 22.5, "axis": "z", "origin": [9, 20, 8.75]},
			"faces": {
				"north": {"uv": [0, 0, 0, 3], "texture": "#1"},
				"east": {"uv": [9, 5, 10, 8], "texture": "#1"},
				"south": {"uv": [0, 0, 0, 3], "texture": "#1"},
				"west": {"uv": [9, 8, 10, 11], "texture": "#1"},
				"up": {"uv": [0, 1, 0, 0], "texture": "#1"},
				"down": {"uv": [0, 0, 0, 1], "texture": "#1"}
			}
		},
		{
			"from": [8.02695, 14.34936, 8.25],
			"to": [8.02695, 16.34936, 9.25],
			"rotation": {"angle": 45, "axis": "z", "origin": [8.02695, 19.34936, 8.75]},
			"faces": {
				"north": {"uv": [0, 0, 0, 2], "texture": "#1"},
				"east": {"uv": [7, 11, 8, 13], "texture": "#1"},
				"south": {"uv": [0, 0, 0, 2], "texture": "#1"},
				"west": {"uv": [11, 7, 12, 9], "texture": "#1"},
				"up": {"uv": [0, 1, 0, 0], "texture": "#1"},
				"down": {"uv": [0, 0, 0, 1], "texture": "#1"}
			}
		},
		{
			"from": [9, 17, 6.75],
			"to": [9, 20, 7.75],
			"rotation": {"angle": 22.5, "axis": "z", "origin": [9, 20, 7.5]},
			"faces": {
				"north": {"uv": [0, 0, 0, 3], "texture": "#1"},
				"east": {"uv": [10, 0, 11, 3], "texture": "#1"},
				"south": {"uv": [0, 0, 0, 3], "texture": "#1"},
				"west": {"uv": [10, 3, 11, 6], "texture": "#1"},
				"up": {"uv": [0, 1, 0, 0], "texture": "#1"},
				"down": {"uv": [0, 0, 0, 1], "texture": "#1"}
			}
		},
		{
			"from": [5.75249, 14.99427, 7.5],
			"to": [6.75249, 17.99427, 8.5],
			"rotation": {"angle": 45, "axis": "z", "origin": [6.75249, 18.49427, 8]},
			"faces": {
				"north": {"uv": [10, 6, 11, 9], "texture": "#1"},
				"east": {"uv": [10, 9, 11, 12], "texture": "#1"},
				"south": {"uv": [11, 0, 12, 3], "texture": "#1"},
				"west": {"uv": [11, 3, 12, 6], "texture": "#1"},
				"up": {"uv": [10, 14, 9, 13], "texture": "#1"},
				"down": {"uv": [14, 9, 13, 10], "texture": "#1"}
			}
		},
		{
			"from": [7.5, 2.5, 7.5],
			"to": [8.5, 14.5, 8.5],
			"rotation": {"angle": 0, "axis": "y", "origin": [0, -4.5, 0]},
			"faces": {
				"north": {"uv": [0, 0, 1, 12], "texture": "#1"},
				"east": {"uv": [1, 0, 2, 12], "texture": "#1"},
				"south": {"uv": [2, 0, 3, 12], "texture": "#1"},
				"west": {"uv": [3, 0, 4, 12], "texture": "#1"},
				"up": {"uv": [14, 11, 13, 10], "texture": "#1"},
				"down": {"uv": [12, 13, 11, 14], "texture": "#1"}
			}
		},
		{
			"from": [7, 0.5, 7],
			"to": [9, 2.5, 9],
			"rotation": {"angle": -45, "axis": "z", "origin": [8, 1.5, 8]},
			"faces": {
				"north": {"uv": [6, 0, 8, 2], "texture": "#1"},
				"east": {"uv": [6, 2, 8, 4], "texture": "#1"},
				"south": {"uv": [4, 6, 6, 8], "texture": "#1"},
				"west": {"uv": [6, 4, 8, 6], "texture": "#1"},
				"up": {"uv": [8, 8, 6, 6], "texture": "#1"},
				"down": {"uv": [10, 0, 8, 2], "texture": "#1"}
			}
		},
		{
			"from": [7, 20, 6.5],
			"to": [9, 21, 9.5],
			"rotation": {"angle": 0, "axis": "y", "origin": [7, 20, 7]},
			"faces": {
				"north": {"uv": [8, 11, 10, 12], "texture": "#1"},
				"east": {"uv": [4, 11, 7, 12], "texture": "#1"},
				"south": {"uv": [11, 9, 13, 10], "texture": "#1"},
				"west": {"uv": [11, 6, 14, 7], "texture": "#1"},
				"up": {"uv": [6, 3, 4, 0], "texture": "#1"},
				"down": {"uv": [6, 3, 4, 6], "texture": "#1"}
			}
		},
		{
			"from": [5, 20, 6],
			"to": [7, 20, 7],
			"rotation": {"angle": -22.5, "axis": "z", "origin": [7, 20, 6]},
			"faces": {
				"north": {"uv": [0, 0, 2, 0], "texture": "#1"},
				"east": {"uv": [0, 0, 1, 0], "texture": "#1"},
				"south": {"uv": [0, 0, 2, 0], "texture": "#1"},
				"west": {"uv": [0, 0, 1, 0], "texture": "#1"},
				"up": {"uv": [13, 11, 11, 10], "texture": "#1"},
				"down": {"uv": [13, 11, 11, 12], "texture": "#1"}
			}
		},
		{
			"from": [5.15192, 20.76558, 6],
			"to": [5.15192, 22.76558, 7],
			"rotation": {"angle": 22.5, "axis": "z", "origin": [5.15192, 20.76558, 6]},
			"faces": {
				"north": {"uv": [0, 0, 0, 2], "texture": "#1"},
				"east": {"uv": [0, 12, 1, 14], "texture": "#1"},
				"south": {"uv": [0, 0, 0, 2], "texture": "#1"},
				"west": {"uv": [12, 0, 13, 2], "texture": "#1"},
				"up": {"uv": [0, 1, 0, 0], "texture": "#1"},
				"down": {"uv": [0, 0, 0, 1], "texture": "#1"}
			}
		},
		{
			"from": [4.38655, 22.61334, 6],
			"to": [4.38655, 24.61334, 7],
			"rotation": {"angle": -22.5, "axis": "z", "origin": [4.38655, 22.61334, 6]},
			"faces": {
				"north": {"uv": [0, 0, 0, 2], "texture": "#1"},
				"east": {"uv": [1, 12, 2, 14], "texture": "#1"},
				"south": {"uv": [0, 0, 0, 2], "texture": "#1"},
				"west": {"uv": [2, 12, 3, 14], "texture": "#1"},
				"up": {"uv": [0, 1, 0, 0], "texture": "#1"},
				"down": {"uv": [0, 0, 0, 1], "texture": "#1"}
			}
		},
		{
			"from": [5, 20, 7.5],
			"to": [7, 20, 8.5],
			"rotation": {"angle": -22.5, "axis": "z", "origin": [7, 20, 7.5]},
			"faces": {
				"north": {"uv": [0, 0, 2, 0], "texture": "#1"},
				"east": {"uv": [0, 0, 1, 0], "texture": "#1"},
				"south": {"uv": [0, 0, 2, 0], "texture": "#1"},
				"west": {"uv": [0, 0, 1, 0], "texture": "#1"},
				"up": {"uv": [14, 3, 12, 2], "texture": "#1"},
				"down": {"uv": [5, 12, 3, 13], "texture": "#1"}
			}
		},
		{
			"from": [5.15192, 20.76558, 7.5],
			"to": [5.15192, 22.76558, 8.5],
			"rotation": {"angle": 22.5, "axis": "z", "origin": [5.15192, 20.76558, 7.5]},
			"faces": {
				"north": {"uv": [0, 0, 0, 2], "texture": "#1"},
				"east": {"uv": [12, 3, 13, 5], "texture": "#1"},
				"south": {"uv": [0, 0, 0, 2], "texture": "#1"},
				"west": {"uv": [5, 12, 6, 14], "texture": "#1"},
				"up": {"uv": [0, 1, 0, 0], "texture": "#1"},
				"down": {"uv": [0, 0, 0, 1], "texture": "#1"}
			}
		},
		{
			"from": [4.38655, 22.61334, 7.5],
			"to": [4.38655, 23.61334, 8.5],
			"rotation": {"angle": -22.5, "axis": "z", "origin": [4.38655, 22.61334, 8.5]},
			"faces": {
				"north": {"uv": [0, 0, 0, 1], "texture": "#1"},
				"east": {"uv": [13, 11, 14, 12], "texture": "#1"},
				"south": {"uv": [0, 0, 0, 1], "texture": "#1"},
				"west": {"uv": [12, 13, 13, 14], "texture": "#1"},
				"up": {"uv": [0, 1, 0, 0], "texture": "#1"},
				"down": {"uv": [0, 0, 0, 1], "texture": "#1"}
			}
		},
		{
			"from": [5, 20, 9],
			"to": [7, 20, 10],
			"rotation": {"angle": -22.5, "axis": "z", "origin": [7, 20, 9]},
			"faces": {
				"north": {"uv": [0, 0, 2, 0], "texture": "#1"},
				"east": {"uv": [0, 0, 1, 0], "texture": "#1"},
				"south": {"uv": [0, 0, 2, 0], "texture": "#1"},
				"west": {"uv": [0, 0, 1, 0], "texture": "#1"},
				"up": {"uv": [14, 6, 12, 5], "texture": "#1"},
				"down": {"uv": [14, 7, 12, 8], "texture": "#1"}
			}
		},
		{
			"from": [5.15192, 20.76558, 9],
			"to": [5.15192, 21.76558, 10],
			"rotation": {"angle": 22.5, "axis": "z", "origin": [5.15192, 20.76558, 9]},
			"faces": {
				"north": {"uv": [0, 0, 0, 1], "texture": "#1"},
				"east": {"uv": [13, 12, 14, 13], "texture": "#1"},
				"south": {"uv": [0, 0, 0, 1], "texture": "#1"},
				"west": {"uv": [13, 13, 14, 14], "texture": "#1"},
				"up": {"uv": [0, 1, 0, 0], "texture": "#1"},
				"down": {"uv": [0, 0, 0, 1], "texture": "#1"}
			}
		},
		{
			"from": [4.76923, 21.69023, 9],
			"to": [4.76923, 22.69023, 10],
			"rotation": {"angle": -22.5, "axis": "z", "origin": [4.76923, 21.69023, 9]},
			"faces": {
				"north": {"uv": [0, 0, 0, 1], "texture": "#1"},
				"east": {"uv": [0, 14, 1, 15], "texture": "#1"},
				"south": {"uv": [0, 0, 0, 1], "texture": "#1"},
				"west": {"uv": [1, 14, 2, 15], "texture": "#1"},
				"up": {"uv": [0, 1, 0, 0], "texture": "#1"},
				"down": {"uv": [0, 0, 0, 1], "texture": "#1"}
			}
		},
		{
			"from": [9, 20, 6.5],
			"to": [11, 20, 7.5],
			"rotation": {"angle": 22.5, "axis": "z", "origin": [9, 20, 6.5]},
			"faces": {
				"north": {"uv": [0, 0, 2, 0], "texture": "#1"},
				"east": {"uv": [0, 0, 1, 0], "texture": "#1"},
				"south": {"uv": [0, 0, 2, 0], "texture": "#1"},
				"west": {"uv": [0, 0, 1, 0], "texture": "#1"},
				"up": {"uv": [10, 13, 8, 12], "texture": "#1"},
				"down": {"uv": [14, 8, 12, 9], "texture": "#1"}
			}
		},
		{
			"from": [10.84808, 20.76558, 6.5],
			"to": [10.84808, 21.76558, 7.5],
			"rotation": {"angle": -22.5, "axis": "z", "origin": [10.84808, 20.76558, 6.5]},
			"faces": {
				"north": {"uv": [0, 0, 0, 1], "texture": "#1"},
				"east": {"uv": [14, 1, 15, 2], "texture": "#1"},
				"south": {"uv": [0, 0, 0, 1], "texture": "#1"},
				"west": {"uv": [2, 14, 3, 15], "texture": "#1"},
				"up": {"uv": [0, 1, 0, 0], "texture": "#1"},
				"down": {"uv": [0, 0, 0, 1], "texture": "#1"}
			}
		},
		{
			"from": [10.84808, 20.76558, 8.5],
			"to": [10.84808, 22.76558, 9.5],
			"rotation": {"angle": -22.5, "axis": "z", "origin": [10.84808, 20.76558, 8.5]},
			"faces": {
				"north": {"uv": [0, 0, 0, 2], "texture": "#1"},
				"east": {"uv": [6, 12, 7, 14], "texture": "#1"},
				"south": {"uv": [0, 0, 0, 2], "texture": "#1"},
				"west": {"uv": [10, 12, 11, 14], "texture": "#1"},
				"up": {"uv": [0, 1, 0, 0], "texture": "#1"},
				"down": {"uv": [0, 0, 0, 1], "texture": "#1"}
			}
		},
		{
			"from": [9, 20, 8.5],
			"to": [11, 20, 9.5],
			"rotation": {"angle": 22.5, "axis": "z", "origin": [9, 20, 8.5]},
			"faces": {
				"north": {"uv": [0, 0, 2, 0], "texture": "#1"},
				"east": {"uv": [0, 0, 1, 0], "texture": "#1"},
				"south": {"uv": [0, 0, 2, 0], "texture": "#1"},
				"west": {"uv": [0, 0, 1, 0], "texture": "#1"},
				"up": {"uv": [13, 13, 11, 12], "texture": "#1"},
				"down": {"uv": [15, 0, 13, 1], "texture": "#1"}
			}
		},
		{
			"from": [11.61345, 22.61334, 8.5],
			"to": [11.61345, 24.61334, 9.5],
			"rotation": {"angle": 22.5, "axis": "z", "origin": [11.61345, 22.61334, 8.5]},
			"faces": {
				"north": {"uv": [0, 0, 0, 2], "texture": "#1"},
				"east": {"uv": [3, 13, 4, 15], "texture": "#1"},
				"south": {"uv": [0, 0, 0, 2], "texture": "#1"},
				"west": {"uv": [13, 3, 14, 5], "texture": "#1"},
				"up": {"uv": [0, 1, 0, 0], "texture": "#1"},
				"down": {"uv": [0, 0, 0, 1], "texture": "#1"}
			}
		}
	],
	"gui_light": "front",
	"display": {
		"thirdperson_righthand": {
			"translation": [0, 0, 1]
		},
		"thirdperson_lefthand": {
			"translation": [0, 0, 1]
		},
		"ground": {
			"translation": [0, 4, 0]
		},
		"gui": {
			"rotation": [-21, -19, -42],
			"translation": [0.5, -2.25, 0],
			"scale": [1.25, 1.2, 1.18]
		},
		"head": {
			"translation": [0, -9.25, 0],
			"scale": [1.6, 1.6, 1.6]
		}
	},
	"groups": [
		{
			"name": "orb",
			"origin": [8, 13, 8],
			"color": 0,
			"children": [0, 1]
		},
		{
			"name": "wand",
			"origin": [8, 13, 8],
			"color": 0,
			"children": [
				2,
				3,
				4,
				5,
				6,
				7,
				8,
				9,
				10,
				{
					"name": "group",
					"origin": [8, 13, 8],
					"color": 0,
					"children": [11, 12, 13, 14, 15, 16, 17, 18, 19, 20, 21, 22, 23, 24]
				}
			]
		}
	]
}