{
	"credit": "Made with Blockbench",
	"texture_size": [32, 32],
	"textures": {
		"1": "sweetrice:srsg/srsg_0_line_1",
		"2": "sweetrice:srsg/arrow",
		"3": "sweetrice:srsg/srsg_0"
	},
	"elements": [
		{
			"from": [7, 11.5, 7],
			"to": [9, 14.5, 9],
			"rotation": {"angle": 0, "axis": "y", "origin": [7, 12.5, 7]},
			"faces": {
				"north": {"uv": [5, 0, 6, 1.5], "texture": "#3"},
				"east": {"uv": [5, 1.5, 6, 3], "texture": "#3"},
				"south": {"uv": [5, 3, 6, 4.5], "texture": "#3"},
				"west": {"uv": [5, 4.5, 6, 6], "texture": "#3"},
				"up": {"uv": [6, 7, 5, 6], "texture": "#3"},
				"down": {"uv": [7, 5, 6, 6], "texture": "#3"}
			}
		},
		{
			"from": [8, 8.5, 7.5],
			"to": [8, 11.5, 8.5],
			"rotation": {"angle": 0, "axis": "y", "origin": [8, 9.5, 7]},
			"faces": {
				"north": {"uv": [0, 0, 0, 1.5], "texture": "#3"},
				"east": {"uv": [4, 7, 4.5, 8.5], "texture": "#3"},
				"south": {"uv": [0, 0, 0, 1.5], "texture": "#3"},
				"west": {"uv": [4.5, 7, 5, 8.5], "texture": "#3"},
				"up": {"uv": [0, 0.5, 0, 0], "texture": "#3"},
				"down": {"uv": [0, 0, 0, 0.5], "texture": "#3"}
			}
		},
		{
			"from": [7, 5.5, 7],
			"to": [9, 8.5, 9],
			"rotation": {"angle": 0, "axis": "y", "origin": [7, 6.5, 7]},
			"faces": {
				"north": {"uv": [0, 6, 1, 7.5], "texture": "#3"},
				"east": {"uv": [6, 0, 7, 1.5], "texture": "#3"},
				"south": {"uv": [1, 6, 2, 7.5], "texture": "#3"},
				"west": {"uv": [6, 1.5, 7, 3], "texture": "#3"},
				"up": {"uv": [7, 7, 6, 6], "texture": "#3"},
				"down": {"uv": [8, 0, 7, 1], "texture": "#3"}
			}
		},
		{
			"from": [7.5, -1.2145, 8.12279],
			"to": [8.5, 0.7855, 10.12279],
			"rotation": {"angle": -45, "axis": "x", "origin": [8, 4.7855, 9.12279]},
			"faces": {
				"north": {"uv": [6.5, 7, 7, 8], "texture": "#3"},
				"east": {"uv": [7, 1, 8, 2], "texture": "#3"},
				"south": {"uv": [7, 6.5, 7.5, 7.5], "texture": "#3"},
				"west": {"uv": [2, 7, 3, 8], "texture": "#3"},
				"up": {"uv": [0.5, 8.5, 0, 7.5], "texture": "#3"},
				"down": {"uv": [1, 7.5, 0.5, 8.5], "texture": "#3"}
			}
		},
		{
			"from": [7.5, 5.5, 7],
			"to": [8.5, 7.5, 10],
			"rotation": {"angle": 22.5, "axis": "x", "origin": [8, 5.5, 7]},
			"faces": {
				"north": {"uv": [1, 7.5, 1.5, 8.5], "texture": "#3"},
				"east": {"uv": [2, 6, 3.5, 7], "texture": "#3"},
				"south": {"uv": [1.5, 7.5, 2, 8.5], "texture": "#3"},
				"west": {"uv": [6, 3, 7.5, 4], "texture": "#3"},
				"up": {"uv": [5.5, 8.5, 5, 7], "texture": "#3"},
				"down": {"uv": [7.5, 5, 7, 6.5], "texture": "#3"}
			}
		},
		{
			"from": [8, -1.2145, 6.12279],
			"to": [8, 4.7855, 11.12279],
			"rotation": {"angle": -45, "axis": "x", "origin": [8, 4.7855, 9.12279]},
			"faces": {
				"north": {"uv": [0, 0, 0, 3], "texture": "#3"},
				"east": {"uv": [0, 0, 2.5, 3], "texture": "#3"},
				"south": {"uv": [0, 0, 0, 3], "texture": "#3"},
				"west": {"uv": [2.5, 0, 5, 3], "texture": "#3"},
				"up": {"uv": [0, 2.5, 0, 0], "texture": "#3"},
				"down": {"uv": [0, 0, 0, 2.5], "texture": "#3"}
			}
		},
		{
			"from": [7.5, 16.2855, 8.12279],
			"to": [8.5, 18.2855, 10.12279],
			"rotation": {"angle": -45, "axis": "x", "origin": [8, 22.2855, 9.12279]},
			"faces": {
				"north": {"uv": [7.5, 3, 8, 4], "texture": "#3"},
				"east": {"uv": [7, 2, 8, 3], "texture": "#3"},
				"south": {"uv": [7.5, 4, 8, 5], "texture": "#3"},
				"west": {"uv": [3, 7, 4, 8], "texture": "#3"},
				"up": {"uv": [8, 6, 7.5, 5], "texture": "#3"},
				"down": {"uv": [8, 6, 7.5, 7], "texture": "#3"}
			}
		},
		{
			"from": [7.5, 12.5, 7],
			"to": [8.5, 14.5, 10],
			"rotation": {"angle": -22.5, "axis": "x", "origin": [8, 14.5, 7]},
			"faces": {
				"north": {"uv": [7, 7.5, 7.5, 8.5], "texture": "#3"},
				"east": {"uv": [3.5, 6, 5, 7], "texture": "#3"},
				"south": {"uv": [7.5, 7, 8, 8], "texture": "#3"},
				"west": {"uv": [6, 4, 7.5, 5], "texture": "#3"},
				"up": {"uv": [6, 8.5, 5.5, 7], "texture": "#3"},
				"down": {"uv": [6.5, 7, 6, 8.5], "texture": "#3"}
			}
		},
		{
			"from": [8, 15.2145, 6.12279],
			"to": [8, 21.2145, 11.12279],
			"rotation": {"angle": 45, "axis": "x", "origin": [8, 15.2145, 9.12279]},
			"faces": {
				"north": {"uv": [0, 0, 0, 3], "texture": "#3"},
				"east": {"uv": [0, 3, 2.5, 6], "texture": "#3"},
				"south": {"uv": [0, 0, 0, 3], "texture": "#3"},
				"west": {"uv": [2.5, 3, 5, 6], "texture": "#3"},
				"up": {"uv": [0, 2.5, 0, 0], "texture": "#3"},
				"down": {"uv": [0, 0, 0, 2.5], "texture": "#3"}
			}
		},
		{
			"from": [8, 1.5, 12.8],
			"to": [8, 18.5, 19.8],
			"rotation": {"angle": 0, "axis": "y", "origin": [8, 1.5, 13.3]},
			"faces": {
				"north": {"uv": [0, 0, 0, 8.5], "texture": "#1"},
				"east": {"uv": [0, 0, 3.5, 8.5], "texture": "#1"},
				"south": {"uv": [0, 0, 0, 8.5], "texture": "#1"},
				"west": {"uv": [3.5, 0, 7, 8.5], "texture": "#1"},
				"up": {"uv": [0, 3.5, 0, 0], "texture": "#1"},
				"down": {"uv": [0, 0, 0, 3.5], "texture": "#1"}
			}
		},
		{
			"name": "arrow",
			"from": [7.59375, 8.125, 2],
			"to": [7.59375, 11.875, 14],
			"rotation": {"angle": 0, "axis": "y", "origin": [-0.65625, 0.625, 1.75]},
			"faces": {
				"north": {"uv": [8, 0, 8, 2.5], "texture": "#2"},
				"east": {"uv": [0, 0, 8, 2.5], "texture": "#2"},
				"south": {"uv": [0, 0, 0, 2.5], "texture": "#2"},
				"west": {"uv": [8, 0, 0, 2.5], "texture": "#2"},
				"up": {"uv": [8, 0, 0, 0], "rotation": 90, "texture": "#2"},
				"down": {"uv": [16, 0, 8, 0], "rotation": 270, "texture": "#2"}
			}
		},
		{
			"name": "arrow",
			"from": [5.71875, 8.125, 13.25],
			"to": [9.46875, 11.875, 13.25],
			"rotation": {"angle": 0, "axis": "y", "origin": [-0.65625, 0.625, 1.75]},
			"faces": {
				"north": {"uv": [0, 2.5, 2.5, 5], "texture": "#2"},
				"east": {"uv": [2.5, 2.5, 2.5, 5], "texture": "#2"},
				"south": {"uv": [0, 2.5, 2.5, 5], "texture": "#2"},
				"west": {"uv": [5, 2.5, 5, 5], "texture": "#2"},
				"up": {"uv": [2.5, 2.5, 2.5, 0], "rotation": 90, "texture": "#2"},
				"down": {"uv": [2.5, 0, 2.5, 2.5], "rotation": 270, "texture": "#2"}
			}
		},
		{
			"name": "arrow",
			"from": [5.71875, 10, 2],
			"to": [9.46875, 10, 14],
			"rotation": {"angle": 0, "axis": "y", "origin": [-0.65625, 0.625, 1.75]},
			"faces": {
				"north": {"uv": [8, 2.5, 10.5, 2.5], "texture": "#2"},
				"east": {"uv": [0, 2.5, 8, 2.5], "texture": "#2"},
				"south": {"uv": [-2.5, 2.5, 0, 2.5], "texture": "#2"},
				"west": {"uv": [10.5, 2.5, 18.5, 2.5], "texture": "#2"},
				"up": {"uv": [8, 2.5, 0, 0], "rotation": 90, "texture": "#2"},
				"down": {"uv": [8, 0, 0, 2.5], "rotation": 270, "texture": "#2"}
			}
		}
	],
	"gui_light": "front",
	"display": {
		"thirdperson_righthand": {
			"rotation": [-0.01, 1.38, -0.58],
			"translation": [-2.25, -4, 0]
		},
		"thirdperson_lefthand": {
			"rotation": [-0.21, 1.96, 0.26],
			"translation": [-2.25, -4, 0]
		},
		"firstperson_righthand": {
			"rotation": [18.81, 4.71, 3.92],
			"translation": [-0.25, 3.75, -4.5]
		},
		"firstperson_lefthand": {
			"translation": [-2, 5.5, -1.5]
		},
		"ground": {
			"translation": [0, 5, -2.5]
		},
		"gui": {
			"rotation": [90, 45, 90],
			"translation": [-1.25, 5.5, 0],
			"scale": [1, 1.5, 1.5]
		},
		"head": {
			"rotation": [90, 45, -90],
			"translation": [-4.5, -12.25, 4.75]
		},
		"fixed": {
			"rotation": [90, -45, 90],
			"translation": [5.75, 1.75, 0],
			"scale": [1, 1.5, 1.5]
		}
	},
	"groups": [
		{
			"name": "bow",
			"origin": [7.5, 14, 3.5],
			"color": 0,
			"children": [
				0,
				1,
				2,
				{
					"name": "down",
					"origin": [8, 4.7855, 9.12279],
					"color": 0,
					"children": [3, 4, 5]
				},
				{
					"name": "up",
					"origin": [8, 4.7855, 9.12279],
					"color": 0,
					"children": [6, 7, 8]
				}
			]
		},
		{
			"name": "line",
			"origin": [7.5, 14, 3.5],
			"color": 0,
			"children": [9]
		},
		{
			"name": "arrow",
			"origin": [0, 2.5, 7],
			"rotation": [0, -90, 0],
			"color": 0,
			"children": [10, 11, 12]
		}
	]
}