{
	"credit": "Made with Blockbench",
	"parent": "minecraft:item/handheld",
	"textures": {
		"layer0": "sweetrice:sylr"
	},
	"display": {
		"thirdperson_righthand": {
			"rotation": [-79.24, -87.69, -134.01],
			"translation": [0, 6.5, 2.75],
			"scale": [1.5, 1.5, 0.3]
		},
		"thirdperson_lefthand": {
			"rotation": [178.57, -70.04, 57.17],
			"translation": [-1.5, -6.75, 2],
			"scale": [1.5, 1.5, 0.3]
		},
		"firstperson_righthand": {
			"rotation": [0, -90, 0],
			"translation": [-2, 6.75, 1.25],
			"scale": [1.0, 1.0, 0.01]
		},
		"firstperson_lefthand": {
			"rotation": [120, -120, 40],
			"translation": [15, -15, -10],
			"scale": [2.0, 2.0, 0.2]
		},
		"gui": {
			"scale": [2, 2, 1]
		}
	}
}