{"texture_size":[128,128],"textures":{"2":"adventurer_swords_volume_2:item/broadsword_of_the_forest"},"elements":[{"from":[7.02,-8.88,7.02],"to":[8.98,3.08,8.98],"rotation":{"angle":0,"axis":"y","origin":[8,27.6,7.5]},"faces":{"north":{"uv":[6.125,6.5,6.375,8],"texture":"#2"},"east":{"uv":[6.125,6.5,6.25,8],"texture":"#2"},"south":{"uv":[6.375,6.5,6.125,8],"texture":"#2"},"west":{"uv":[6.25,6.5,6.375,8],"texture":"#2"},"down":{"uv":[6.375,7.875,6.125,8],"texture":"#2"}}},{"from":[7,-7.9,7],"to":[10,-4.9,9],"rotation":{"angle":-45,"axis":"z","origin":[8,-5.9,8]},"faces":{"north":{"uv":[5.75,7.5,6.125,7.875],"texture":"#2"},"east":{"uv":[5.625,7.5,5.75,7.875],"texture":"#2"},"south":{"uv":[6.125,7.5,5.75,7.875],"texture":"#2"},"west":{"uv":[6,7.125,6.125,7.5],"texture":"#2"},"up":{"uv":[6,7.375,5.625,7.5],"texture":"#2"},"down":{"uv":[6.125,7.875,5.75,8],"texture":"#2"}}},{"from":[5.48,1.98,6.48],"to":[10.52,7.02,9.52],"rotation":{"angle":-45,"axis":"z","origin":[8,4.5,8]},"faces":{"north":{"uv":[5.375,5.375,6,6],"texture":"#2"},"east":{"uv":[5.375,5.375,5.5,6],"texture":"#2"},"south":{"uv":[6,5.375,5.375,6],"texture":"#2"},"west":{"uv":[5.875,5.375,6,6],"texture":"#2"},"up":{"uv":[6,5.375,5.375,5.5],"texture":"#2"},"down":{"uv":[6,5.875,5.375,6],"texture":"#2"}}},{"from":[6,6,7.5],"to":[10,25,8.5],"rotation":{"angle":0,"axis":"y","origin":[-0.52,20.98,-0.77]},"faces":{"north":{"uv":[6,3.625,6.5,6],"texture":"#2"},"east":{"uv":[6,3.625,6.125,6],"texture":"#2"},"south":{"uv":[6.5,3.625,6,6],"texture":"#2"},"west":{"uv":[6.375,3.625,6.5,6],"texture":"#2"}}},{"from":[5.5,5.5,7],"to":[7.5,8.5,9],"rotation":{"angle":0,"axis":"y","origin":[6.5,7.5,7.5]},"faces":{"north":{"uv":[6.875,5.625,7.125,6],"texture":"#2"},"east":{"uv":[7.25,5.625,7.375,6],"texture":"#2"},"south":{"uv":[7.125,5.625,7.375,6],"texture":"#2"},"west":{"uv":[7,5.625,7.25,6],"texture":"#2"},"up":{"uv":[7.125,5.625,6.875,5.75],"texture":"#2"}}},{"from":[3.5,2.5,7],"to":[12.5,4.5,9],"rotation":{"angle":0,"axis":"y","origin":[4.5,3.5,7.5]},"faces":{"north":{"uv":[5.625,6.25,6.75,6.5],"texture":"#2"},"south":{"uv":[6.75,6.25,5.625,6.5],"texture":"#2"},"up":{"uv":[6.75,6.25,5.625,6.375],"texture":"#2"},"down":{"uv":[5.625,6.375,6.75,6.5],"texture":"#2"}}},{"from":[2.42798,3.14731,7.48],"to":[4.46798,5.18731,8.52],"rotation":{"angle":-22.5,"axis":"z","origin":[3.44798,4.16731,8]},"faces":{"north":{"uv":[6.625,6,6.875,6.25],"texture":"#2"},"east":{"uv":[6.625,6,6.75,6.25],"texture":"#2"},"south":{"uv":[6.875,6,6.625,6.25],"texture":"#2"},"west":{"uv":[6.75,6,6.875,6.25],"texture":"#2"},"up":{"uv":[6.875,6,6.625,6.125],"texture":"#2"}}},{"from":[2.92798,1.64731,7.48],"to":[4.96798,3.68731,8.52],"rotation":{"angle":45,"axis":"z","origin":[3.94798,2.66731,8]},"faces":{"north":{"uv":[6.625,6.5,6.875,6.75],"texture":"#2"},"south":{"uv":[6.875,6.5,6.625,6.75],"texture":"#2"},"west":{"uv":[6.75,6.5,6.875,6.75],"texture":"#2"},"down":{"uv":[6.875,6.625,6.625,6.75],"texture":"#2"}}},{"from":[1.92798,2.14731,6.98],"to":[3.96798,4.18731,9.02],"rotation":{"angle":22.5,"axis":"z","origin":[2.94798,3.16731,8.02]},"faces":{"north":{"uv":[6.75,6.25,7,6.5],"texture":"#2"},"south":{"uv":[7,6.25,6.75,6.5],"texture":"#2"},"west":{"uv":[6.875,6.25,7,6.5],"texture":"#2"},"up":{"uv":[7,6.25,6.75,6.375],"texture":"#2"},"down":{"uv":[7,6.375,6.75,6.5],"texture":"#2"}}},{"from":[12.03202,2.14731,6.98],"to":[14.07202,4.18731,9.02],"rotation":{"angle":-22.5,"axis":"z","origin":[13.05202,3.16731,8.02]},"faces":{"north":{"uv":[5.375,6.25,5.625,6.5],"texture":"#2"},"east":{"uv":[5.375,6.25,5.5,6.5],"texture":"#2"},"south":{"uv":[5.625,6.25,5.375,6.5],"texture":"#2"},"up":{"uv":[5.625,6.25,5.375,6.375],"texture":"#2"},"down":{"uv":[5.625,6.375,5.375,6.5],"texture":"#2"}}},{"from":[11.03202,1.64731,7.48],"to":[13.07202,3.68731,8.52],"rotation":{"angle":-45,"axis":"z","origin":[12.05202,2.66731,8]},"faces":{"north":{"uv":[5.5,6.5,5.75,6.75],"texture":"#2"},"east":{"uv":[5.5,6.5,5.625,6.75],"texture":"#2"},"south":{"uv":[5.75,6.5,5.5,6.75],"texture":"#2"},"down":{"uv":[5.75,6.625,5.5,6.75],"texture":"#2"}}},{"from":[11.53202,3.14731,7.48],"to":[13.57202,5.18731,8.52],"rotation":{"angle":22.5,"axis":"z","origin":[12.55202,4.16731,8]},"faces":{"north":{"uv":[5.5,6,5.75,6.25],"texture":"#2"},"east":{"uv":[5.5,6,5.625,6.25],"texture":"#2"},"south":{"uv":[5.75,6,5.5,6.25],"texture":"#2"},"west":{"uv":[5.625,6,5.75,6.25],"texture":"#2"},"up":{"uv":[5.75,6,5.5,6.125],"texture":"#2"}}},{"from":[7.5,5.5,7],"to":[10.5,7.5,9],"rotation":{"angle":0,"axis":"y","origin":[9.5,7.5,7.5]},"faces":{"north":{"uv":[6.5,5.75,6.875,6],"texture":"#2"},"east":{"uv":[7.625,5.75,7.875,6],"texture":"#2"},"south":{"uv":[7.375,5.75,7.75,6],"texture":"#2"},"up":{"uv":[8,5.625,7.625,5.875],"texture":"#2"}}},{"from":[7.5,7.5,7],"to":[9.5,9.5,8],"rotation":{"angle":0,"axis":"y","origin":[8.5,8.5,7.5]},"faces":{"north":{"uv":[6.625,5.5,6.875,5.75],"texture":"#2"},"east":{"uv":[6.625,5.5,6.75,5.75],"texture":"#2"},"west":{"uv":[6.75,5.5,6.875,5.75],"texture":"#2"},"up":{"uv":[6.875,5.5,6.625,5.625],"texture":"#2"}}},{"from":[9.5,8.5,7],"to":[10.5,10.5,8],"rotation":{"angle":0,"axis":"y","origin":[10,9.5,8]},"faces":{"north":{"uv":[6.5,5.375,6.625,5.625],"texture":"#2"},"east":{"uv":[6.5,5.375,6.625,5.625],"texture":"#2"},"south":{"uv":[6.5,5.375,6.625,5.625],"texture":"#2"},"west":{"uv":[6.5,5.375,6.625,5.625],"texture":"#2"},"up":{"uv":[6.5,5.375,6.625,5.5],"texture":"#2"},"down":{"uv":[6.5,5.5,6.625,5.625],"texture":"#2"}}},{"from":[9.5,9.5,8],"to":[10.5,11.5,9],"rotation":{"angle":0,"axis":"y","origin":[10,10.5,8.5]},"faces":{"north":{"uv":[7.625,5.25,7.75,5.5],"texture":"#2"},"east":{"uv":[7.625,5.25,7.75,5.5],"texture":"#2"},"south":{"uv":[7.625,5.25,7.75,5.5],"texture":"#2"},"west":{"uv":[7.625,5.25,7.75,5.5],"texture":"#2"},"up":{"uv":[7.625,5.25,7.75,5.375],"texture":"#2"},"down":{"uv":[7.625,5.375,7.75,5.5],"texture":"#2"}}},{"from":[7.5,10.5,8],"to":[9.5,12.5,9],"rotation":{"angle":0,"axis":"y","origin":[8.5,11.5,8.5]},"faces":{"east":{"uv":[7.5,5.125,7.625,5.375],"texture":"#2"},"south":{"uv":[7.375,5.125,7.625,5.375],"texture":"#2"},"west":{"uv":[7.375,5.125,7.5,5.375],"texture":"#2"},"up":{"uv":[7.375,5.125,7.625,5.25],"texture":"#2"},"down":{"uv":[7.375,5.25,7.625,5.375],"texture":"#2"}}},{"from":[5.5,11.5,8],"to":[7.5,13.5,9],"rotation":{"angle":0,"axis":"y","origin":[6.5,12.5,8.5]},"faces":{"north":{"uv":[7.375,5,7.125,5.25],"texture":"#2"},"east":{"uv":[7.25,5,7.375,5.25],"texture":"#2"},"south":{"uv":[7.125,5,7.375,5.25],"texture":"#2"},"west":{"uv":[7.125,5,7.25,5.25],"texture":"#2"},"up":{"uv":[7.125,5,7.375,5.125],"texture":"#2"},"down":{"uv":[7.125,5.125,7.375,5.25],"texture":"#2"}}},{"from":[6.5,13.5,7],"to":[7.5,15.5,8],"rotation":{"angle":0,"axis":"y","origin":[7.5,14.5,8.5]},"faces":{"north":{"uv":[6.875,4.75,7,5],"texture":"#2"},"east":{"uv":[6.875,4.75,7,5],"texture":"#2"},"south":{"uv":[6.875,4.75,7,5],"texture":"#2"},"west":{"uv":[6.875,4.75,7,5],"texture":"#2"},"up":{"uv":[6.875,4.75,7,4.875],"texture":"#2"},"down":{"uv":[6.875,4.875,7,5],"texture":"#2"}}},{"from":[5.5,12.5,7],"to":[6.5,14.5,8],"rotation":{"angle":0,"axis":"y","origin":[6.5,15.5,8.5]},"faces":{"north":{"uv":[7,4.875,7.125,5.125],"texture":"#2"},"east":{"uv":[7,4.875,7.125,5.125],"texture":"#2"},"south":{"uv":[7,4.875,7.125,5.125],"texture":"#2"},"west":{"uv":[7,4.875,7.125,5.125],"texture":"#2"},"up":{"uv":[7,4.875,7.125,5],"texture":"#2"},"down":{"uv":[7,5,7.125,5.125],"texture":"#2"}}},{"from":[7.5,14.5,7],"to":[8.5,17.5,8],"rotation":{"angle":0,"axis":"y","origin":[8.5,15.5,8.5]},"faces":{"north":{"uv":[6.75,4.5,6.875,4.875],"texture":"#2"},"east":{"uv":[6.75,4.5,6.875,4.875],"texture":"#2"},"south":{"uv":[6.75,4.5,6.875,4.875],"texture":"#2"},"west":{"uv":[6.75,4.5,6.875,4.875],"texture":"#2"},"up":{"uv":[6.75,4.5,6.875,4.625],"texture":"#2"},"down":{"uv":[6.75,4.75,6.875,4.875],"texture":"#2"}}},{"from":[6.5,17.5,7],"to":[7.5,18.5,8],"rotation":{"angle":0,"axis":"y","origin":[7.5,17.5,8.5]},"faces":{"north":{"uv":[6.875,4.375,7,4.5],"texture":"#2"},"east":{"uv":[6.875,4.375,7,4.5],"texture":"#2"},"south":{"uv":[6.875,4.375,7,4.5],"texture":"#2"},"west":{"uv":[6.875,4.375,7,4.5],"texture":"#2"},"up":{"uv":[6.875,4.375,7,4.5],"texture":"#2"},"down":{"uv":[6.875,4.375,7,4.5],"texture":"#2"}}},{"from":[7.48,24.05,7.48],"to":[10.52,27.09,8.52],"rotation":{"angle":-45,"axis":"z","origin":[8,26.57,8]},"faces":{"north":{"uv":[6.125,3.375,6.5,3.75],"texture":"#2"},"east":{"uv":[6,3.25,6.125,3.625],"texture":"#2"},"south":{"uv":[6.5,3.375,6.125,3.75],"texture":"#2"},"west":{"uv":[6.375,3.375,6.5,3.75],"texture":"#2"},"up":{"uv":[6.5,3.375,6.125,3.5],"texture":"#2"},"down":{"uv":[6.875,3.625,6.5,3.75],"texture":"#2"}}}],"gui_light":"front","display":{"thirdperson_righthand":{"rotation":[-10,-90,0],"translation":[0,3.5,0.75],"scale":[0.6,0.6,0.6]},"thirdperson_lefthand":{"rotation":[-10,90,0],"translation":[0,3.5,0.75],"scale":[0.6,0.6,0.6]},"firstperson_righthand":{"rotation":[21,90,0],"translation":[4,0.5,-1.75],"scale":[0.6,0.6,0.6]},"firstperson_lefthand":{"rotation":[21,-90,0],"translation":[4,0.5,-1.75],"scale":[0.6,0.6,0.6]},"ground":{"rotation":[0,0,-45],"translation":[0,3,0],"scale":[0.35,0.35,0.35]},"gui":{"rotation":[-180,0,-135],"translation":[-0.25,-0.25,0],"scale":[0.6,0.6,0.6]},"head":{"rotation":[0,0,-180],"translation":[0.25,15.25,0.75],"scale":[0.6,0.6,0.6]},"fixed":{"rotation":[-180,-180,-135],"translation":[0.5,-0.5,0],"scale":[0.6,0.6,0.6]}}}