{"texture_size":[64,64],"textures":{"1":"adventurer_swords_volume_2:item/twisted_sword"},"elements":[{"from":[7.02,-5.88,7.02],"to":[8.98,3.08,8.98],"rotation":{"angle":0,"axis":"y","origin":[8,27.6,7.5]},"faces":{"north":{"uv":[14.5,9.75,15,12],"texture":"#1"},"east":{"uv":[14.5,9.75,14.75,12],"texture":"#1"},"south":{"uv":[15,9.75,14.5,12],"texture":"#1"},"west":{"uv":[14.75,9.75,15,12],"texture":"#1"}}},{"from":[6.20711,1.63604,7],"to":[8.20711,3.63604,9],"rotation":{"angle":-45,"axis":"z","origin":[8.70711,2.13604,8.73]},"faces":{"north":{"uv":[14.5,9.5,14,10],"texture":"#1"},"south":{"uv":[14,9.5,14.5,10],"texture":"#1"},"west":{"uv":[14.25,9.5,14,10],"texture":"#1"},"up":{"uv":[14,9.5,14.5,9.75],"texture":"#1"}}},{"from":[8.20711,1.63604,7],"to":[9.20711,3.63604,9],"rotation":{"angle":-45,"axis":"z","origin":[8.70711,2.13604,8.73]},"faces":{"north":{"uv":[14.75,9.5,14.5,10],"texture":"#1"},"east":{"uv":[14.5,9.5,14.75,10],"texture":"#1"},"south":{"uv":[14.5,9.5,14.75,10],"texture":"#1"},"up":{"uv":[14.5,9.5,14.75,9.75],"texture":"#1"}}},{"from":[6.20711,0.63604,7],"to":[8.20711,1.63604,9],"rotation":{"angle":-45,"axis":"z","origin":[8.70711,2.13604,8.73]},"faces":{"north":{"uv":[14.5,10,14,10.25],"texture":"#1"},"south":{"uv":[14,10,14.5,10.25],"texture":"#1"},"west":{"uv":[14.25,10,14,10.25],"texture":"#1"},"down":{"uv":[14,10,14.5,10.25],"texture":"#1"}}},{"from":[13.5,-4.52183,7],"to":[15.5,-2.52183,9],"rotation":{"angle":-45,"axis":"z","origin":[8,2.97817,8.73]},"faces":{"north":{"uv":[14.75,12,15.25,12.5],"texture":"#1"},"south":{"uv":[15.25,12,14.75,12.5],"texture":"#1"},"west":{"uv":[15.25,11.5,15.5,12],"texture":"#1"},"up":{"uv":[15.25,12,15.75,12.25],"texture":"#1"}}},{"from":[13.5,-5.52183,7],"to":[15.5,-4.52183,9],"rotation":{"angle":-45,"axis":"z","origin":[8,2.97817,8.73]},"faces":{"north":{"uv":[14.75,12.5,15.25,12.75],"texture":"#1"},"east":{"uv":[14.75,12.5,15,12.75],"texture":"#1"},"south":{"uv":[15.25,12.5,14.75,12.75],"texture":"#1"},"west":{"uv":[15,12.5,15.25,12.75],"texture":"#1"},"down":{"uv":[15.25,12.5,14.75,12.75],"texture":"#1"}}},{"from":[5.5,2,7],"to":[7.5,11,8],"rotation":{"angle":45,"axis":"z","origin":[8,8.5,8]},"faces":{"north":{"uv":[13.5,8.25,14,10.5],"texture":"#1"},"east":{"uv":[13.5,8.25,13.75,10.5],"texture":"#1"},"south":{"uv":[4,12,4.5,14.25],"texture":"#1"},"west":{"uv":[13.75,8.25,14,10.5],"texture":"#1"},"up":{"uv":[13.5,8.25,14,8.5],"texture":"#1"},"down":{"uv":[13.5,10.25,14,10.5],"texture":"#1"}}},{"from":[11.24264,3.96447,7],"to":[13.24264,5.96447,8],"rotation":{"angle":45,"axis":"z","origin":[12.24264,4.96447,7.75]},"faces":{"north":{"uv":[13,10,13.5,10.5],"texture":"#1"},"east":{"uv":[13,10,13.25,10.5],"texture":"#1"},"south":{"uv":[4.5,13.75,5,14.25],"texture":"#1"},"up":{"uv":[13.5,10,13,10.25],"texture":"#1"},"down":{"uv":[13.5,10.25,13,10.5],"texture":"#1"}}},{"from":[11.5,9,7],"to":[13.5,17,8],"rotation":{"angle":45,"axis":"z","origin":[8,8.5,8]},"faces":{"north":{"uv":[12,6.75,12.5,8.75],"texture":"#1"},"east":{"uv":[12,6.75,12.25,8.75],"texture":"#1"},"south":{"uv":[5.5,10.75,6,12.75],"texture":"#1"},"west":{"uv":[12.25,6.75,12.5,8.75],"texture":"#1"},"up":{"uv":[12.5,6.75,12,7],"texture":"#1"},"down":{"uv":[12.5,8.5,12,8.75],"texture":"#1"}}},{"from":[8.5,6,7],"to":[10.5,14,8],"rotation":{"angle":45,"axis":"z","origin":[8,8.5,8]},"faces":{"north":{"uv":[12.75,7.5,13.25,9.5],"texture":"#1"},"east":{"uv":[12.75,7.5,13,9.5],"texture":"#1"},"south":{"uv":[4.75,11.25,5.25,13.25],"texture":"#1"},"west":{"uv":[13,7.5,13.25,9.5],"texture":"#1"},"up":{"uv":[13.25,7.5,12.75,7.75],"texture":"#1"},"down":{"uv":[13.25,9.25,12.75,9.5],"texture":"#1"}}},{"from":[14.5,12,7],"to":[16.5,20,8],"rotation":{"angle":45,"axis":"z","origin":[8,8.5,8]},"faces":{"north":{"uv":[11.25,6,11.75,8],"texture":"#1"},"east":{"uv":[11.25,6,11.5,8],"texture":"#1"},"south":{"uv":[6.25,10,6.75,12],"texture":"#1"},"west":{"uv":[11.5,6,11.75,8],"texture":"#1"},"up":{"uv":[11.75,6,11.25,6.25],"texture":"#1"},"down":{"uv":[11.75,7.75,11.25,8],"texture":"#1"}}},{"from":[17.5,15,7],"to":[19.5,22,8],"rotation":{"angle":45,"axis":"z","origin":[8,8.5,8]},"faces":{"north":{"uv":[10.5,5.5,11,7.25],"texture":"#1"},"east":{"uv":[10.5,5.5,10.75,7.25],"texture":"#1"},"south":{"uv":[7,9.5,7.5,11.25],"texture":"#1"},"west":{"uv":[10.75,5.5,11,7.25],"texture":"#1"},"up":{"uv":[11,5.5,10.5,5.75],"texture":"#1"},"down":{"uv":[11,7,10.5,7.25],"texture":"#1"}}},{"from":[19.5,18,7],"to":[21.5,22,8],"rotation":{"angle":45,"axis":"z","origin":[8,8.5,8]},"faces":{"north":{"uv":[10,5.5,10.5,6.5],"texture":"#1"},"east":{"uv":[10,5.5,10.25,6.5],"texture":"#1"},"up":{"uv":[10.5,5.5,10,5.75],"texture":"#1"},"down":{"uv":[10.5,6.25,10,6.5],"texture":"#1"}}},{"from":[2.75736,3.96447,8],"to":[4.75736,5.96447,9],"rotation":{"angle":-45,"axis":"z","origin":[3.75736,4.96447,8.25]},"faces":{"north":{"uv":[4.5,13.75,5,14.25],"texture":"#1"},"south":{"uv":[5,13.75,4.5,14.25],"texture":"#1"},"west":{"uv":[4.75,13.75,5,14.25],"texture":"#1"},"up":{"uv":[5,13.75,4.5,14],"texture":"#1"},"down":{"uv":[5,14,4.5,14.25],"texture":"#1"}}},{"from":[8.5,2,8],"to":[10.5,11,9],"rotation":{"angle":-45,"axis":"z","origin":[8,8.5,8]},"faces":{"north":{"uv":[4,12,4.5,14.25],"texture":"#1"},"east":{"uv":[13.75,8.25,14,10.5],"texture":"#1"},"south":{"uv":[13.5,8.25,14,10.5],"texture":"#1"},"west":{"uv":[13.5,8.25,13.75,10.5],"texture":"#1"},"down":{"uv":[13.5,10.25,14,10.5],"texture":"#1"}}},{"from":[5.5,6,8],"to":[7.5,14,9],"rotation":{"angle":-45,"axis":"z","origin":[8,8.5,8]},"faces":{"north":{"uv":[4.75,11.25,5.25,13.25],"texture":"#1"},"east":{"uv":[13,7.5,13.25,9.5],"texture":"#1"},"south":{"uv":[12.75,7.5,13.25,9.5],"texture":"#1"},"west":{"uv":[12.75,7.5,13,9.5],"texture":"#1"},"down":{"uv":[12.75,9.25,13.25,9.5],"texture":"#1"}}},{"from":[5.5,14.01,7],"to":[7.5,14.01,9],"rotation":{"angle":-45,"axis":"z","origin":[8,8.5,8]},"faces":{"up":{"uv":[12.75,7,13.25,7.5],"texture":"#1"}}},{"from":[8.5,11.01,7],"to":[10.5,11.01,9],"rotation":{"angle":-45,"axis":"z","origin":[8,8.5,8]},"faces":{"up":{"uv":[13.5,7.75,14,8.25],"texture":"#1"}}},{"from":[2.5,17.01,7],"to":[4.5,17.01,9],"rotation":{"angle":-45,"axis":"z","origin":[8,8.5,8]},"faces":{"up":{"uv":[12,6.25,12.5,6.75],"texture":"#1"}}},{"from":[-0.5,20.01,7],"to":[1.5,20.01,9],"rotation":{"angle":-45,"axis":"z","origin":[8,8.5,8]},"faces":{"up":{"uv":[11.25,5.5,11.75,6],"texture":"#1"}}},{"from":[-3.5,22.01,7],"to":[-1.5,22.01,9],"rotation":{"angle":-45,"axis":"z","origin":[8,8.5,8]},"faces":{"up":{"uv":[10.5,5,11,5.5],"texture":"#1"}}},{"from":[2.5,9,8],"to":[4.5,17,9],"rotation":{"angle":-45,"axis":"z","origin":[8,8.5,8]},"faces":{"north":{"uv":[5.5,10.75,6,12.75],"texture":"#1"},"east":{"uv":[12.25,6.75,12.5,8.75],"texture":"#1"},"south":{"uv":[12,6.75,12.5,8.75],"texture":"#1"},"west":{"uv":[12,6.75,12.25,8.75],"texture":"#1"},"down":{"uv":[12,8.5,12.5,8.75],"texture":"#1"}}},{"from":[-0.5,12,8],"to":[1.5,20,9],"rotation":{"angle":-45,"axis":"z","origin":[8,8.5,8]},"faces":{"north":{"uv":[6.25,10,6.75,12],"texture":"#1"},"east":{"uv":[11.5,6,11.75,8],"texture":"#1"},"south":{"uv":[11.25,6,11.75,8],"texture":"#1"},"west":{"uv":[11.25,6,11.5,8],"texture":"#1"},"down":{"uv":[11.25,7.75,11.75,8],"texture":"#1"}}},{"from":[-3.5,15,8],"to":[-1.5,22,9],"rotation":{"angle":-45,"axis":"z","origin":[8,8.5,8]},"faces":{"north":{"uv":[7,9.5,7.5,11.25],"texture":"#1"},"east":{"uv":[10.75,5.5,11,7.25],"texture":"#1"},"south":{"uv":[10.5,5.5,11,7.25],"texture":"#1"},"west":{"uv":[10.5,5.5,10.75,7.25],"texture":"#1"},"down":{"uv":[10.5,7,11,7.25],"texture":"#1"}}},{"from":[-5.5,18,8],"to":[-3.5,22,9],"rotation":{"angle":-45,"axis":"z","origin":[8,8.5,8]},"faces":{"north":{"uv":[7.5,9.5,8,10.5],"texture":"#1"},"south":{"uv":[10,5.5,10.5,6.5],"texture":"#1"},"west":{"uv":[10,5.5,10.25,6.5],"texture":"#1"},"up":{"uv":[10,5.5,10.5,5.75],"texture":"#1"},"down":{"uv":[10,6.25,10.5,6.5],"texture":"#1"}}},{"from":[19.5,20,7.5],"to":[22.5,23,8.5],"rotation":{"angle":45,"axis":"z","origin":[8,8.5,8]},"faces":{"north":{"uv":[9.75,5.25,10.5,6],"texture":"#1"},"east":{"uv":[10,5.25,9.75,6],"texture":"#1"},"south":{"uv":[10.5,5.25,9.75,6],"texture":"#1"},"west":{"uv":[10.5,5.25,10.25,6],"texture":"#1"},"up":{"uv":[10.5,5.25,9.75,5.5],"texture":"#1"},"down":{"uv":[10.5,5.75,9.75,6],"texture":"#1"}}},{"from":[6.23223,-9.36066,7],"to":[8.23223,-8.36066,9],"rotation":{"angle":45,"axis":"z","origin":[6.23223,-5.86066,8]},"faces":{"north":{"uv":[15.25,12.5,14.75,12.75],"texture":"#1"},"east":{"uv":[15.25,12.5,15,12.75],"texture":"#1"},"south":{"uv":[14.75,12.5,15.25,12.75],"texture":"#1"},"west":{"uv":[15,12.5,14.75,12.75],"texture":"#1"},"down":{"uv":[14.75,12.5,15.25,12.75],"texture":"#1"}}}],"gui_light":"front","display":{"thirdperson_righthand":{"rotation":[-10,-90,0],"translation":[0,3.75,0.75],"scale":[0.6,0.6,0.6]},"thirdperson_lefthand":{"rotation":[-10,90,0],"translation":[0,3.75,0.75],"scale":[0.6,0.6,0.6]},"firstperson_righthand":{"rotation":[21,-90,0],"translation":[4,0.5,-1.75],"scale":[0.6,0.6,0.6]},"firstperson_lefthand":{"rotation":[21,90,0],"translation":[4,0.5,-1.75],"scale":[0.6,0.6,0.6]},"ground":{"rotation":[0,0,-45],"translation":[0,3,0],"scale":[0.35,0.35,0.35]},"gui":{"rotation":[0,0,-45],"translation":[-0.75,-0.75,0],"scale":[0.6,0.6,0.6]},"head":{"rotation":[0,0,-180],"translation":[0.25,15.25,0.75],"scale":[0.6,0.6,0.6]},"fixed":{"rotation":[0,-180,-45],"translation":[1,-1,-0.25],"scale":[0.6,0.6,0.6]}}}