{"credit":"HelloWorld Team","textures":{"0":"ice_skills:ice_skillactive/ice_skillactive_4","particle":"ice_skills:ice_skillactive/ice_skillactive_4"},"elements":[{"from":[5,0,-2.86343],"to":[14,28.5,-2.86343],"rotation":{"angle":0,"axis":"y","origin":[9.5,14.25,8]},"faces":{"north":{"uv":[0,0,6,16],"texture":"#0"},"east":{"uv":[0,0,0,16],"texture":"#missing"},"south":{"uv":[6,0,0,16],"texture":"#0"},"west":{"uv":[0,0,0,16],"texture":"#0"},"up":{"uv":[0,0,6,0],"texture":"#missing"},"down":{"uv":[0,0,6,0],"texture":"#missing"}}},{"from":[-1.36396,0,3.50053],"to":[-1.36396,28.5,12.50053],"rotation":{"angle":0,"axis":"y","origin":[9.5,14.25,8]},"faces":{"north":{"uv":[0,0,0,16],"texture":"#0"},"east":{"uv":[16,0,11,16],"texture":"#0"},"south":{"uv":[0,0,0,16],"texture":"#missing"},"west":{"uv":[11,0,16,16],"texture":"#0"},"up":{"uv":[0,0,6,0],"rotation":270,"texture":"#missing"},"down":{"uv":[0,0,6,0],"rotation":90,"texture":"#missing"}}},{"from":[4.99962,0,-2.86359],"to":[13.99962,28.5,-2.86359],"rotation":{"angle":45,"axis":"y","origin":[9.5,14.25,8]},"faces":{"north":{"uv":[6,0,11,16],"texture":"#0"},"east":{"uv":[0,0,0,16],"texture":"#missing"},"south":{"uv":[11,0,6,16],"texture":"#0"},"west":{"uv":[0,0,0,16],"texture":"#0"},"up":{"uv":[0,0,6,0],"texture":"#missing"},"down":{"uv":[0,0,6,0],"texture":"#missing"}}},{"from":[20.36396,0,3.50053],"to":[20.36396,28.5,12.50053],"rotation":{"angle":0,"axis":"y","origin":[9.5,14.25,8]},"faces":{"north":{"uv":[0,0,0,16],"texture":"#0"},"east":{"uv":[16,0,11,16],"texture":"#0"},"south":{"uv":[0,0,0,16],"texture":"#missing"},"west":{"uv":[11,0,16,16],"texture":"#0"},"up":{"uv":[0,0,6,0],"rotation":270,"texture":"#missing"},"down":{"uv":[0,0,6,0],"rotation":90,"texture":"#missing"}}},{"from":[5.00038,0,-2.86359],"to":[14.00038,28.5,-2.86359],"rotation":{"angle":-45,"axis":"y","origin":[9.5,14.25,8]},"faces":{"north":{"uv":[11,0,6,16],"texture":"#0"},"east":{"uv":[0,0,0,16],"texture":"#0"},"south":{"uv":[6,0,11,16],"texture":"#0"},"west":{"uv":[0,0,0,16],"texture":"#missing"},"up":{"uv":[6,0,0,0],"texture":"#missing"},"down":{"uv":[6,0,0,0],"texture":"#missing"}}},{"from":[5.00038,0,18.86284],"to":[14.00038,28.5,18.86284],"rotation":{"angle":-45,"axis":"y","origin":[9.5,14.25,8]},"faces":{"north":{"uv":[6,0,11,16],"texture":"#0"},"east":{"uv":[0,0,0,16],"texture":"#missing"},"south":{"uv":[11,0,6,16],"texture":"#0"},"west":{"uv":[0,0,0,16],"texture":"#0"},"up":{"uv":[0,0,6,0],"texture":"#missing"},"down":{"uv":[0,0,6,0],"texture":"#missing"}}},{"from":[5.00106,0,18.86343],"to":[14.00106,28.5,18.86343],"rotation":{"angle":0,"axis":"y","origin":[9.5,14.25,8]},"faces":{"north":{"uv":[0,0,6,16],"texture":"#0"},"east":{"uv":[0,0,0,16],"texture":"#missing"},"south":{"uv":[6,0,0,16],"texture":"#0"},"west":{"uv":[0,0,0,16],"texture":"#0"},"up":{"uv":[0,0,6,0],"texture":"#missing"},"down":{"uv":[0,0,6,0],"texture":"#missing"}}},{"from":[5.00113,0,18.86434],"to":[14.00113,28.5,18.86434],"rotation":{"angle":45,"axis":"y","origin":[9.5,14.25,8]},"faces":{"north":{"uv":[11,0,6,16],"texture":"#0"},"east":{"uv":[0,0,0,16],"texture":"#0"},"south":{"uv":[6,0,11,16],"texture":"#0"},"west":{"uv":[0,0,0,16],"texture":"#missing"},"up":{"uv":[6,0,0,0],"texture":"#missing"},"down":{"uv":[6,0,0,0],"texture":"#missing"}}}],"display":{"head":{"translation":[-3.5,-19,0],"scale":[3,3,3]}}}