{"credit":"MadewithBlockbench","texture_size":[64,64],"textures":{"1":"elitecreatures:windows_decoration_v1/27_windows_texture","particle":"elitecreatures:windows_decoration_v1/27_windows_texture"},"elements":[{"from":[0,0,7],"to":[16,2,9],"rotation":{"angle":0,"axis":"y","origin":[8,16,8]},"faces":{"north":{"uv":[7,7,11,7.5],"texture":"#1"},"east":{"uv":[9,2.5,9.5,3],"texture":"#1"},"south":{"uv":[7,7.5,11,8],"texture":"#1"},"west":{"uv":[9,3,9.5,3.5],"texture":"#1"},"up":{"uv":[11,8.5,7,8],"texture":"#1"},"down":{"uv":[11,8.5,7,9],"texture":"#1"}}},{"from":[14,2,7],"to":[16,30,9],"rotation":{"angle":0,"axis":"y","origin":[8,16,8]},"faces":{"north":{"uv":[3,7,3.5,14],"texture":"#1"},"east":{"uv":[3.5,7,4,14],"texture":"#1"},"south":{"uv":[4,7,4.5,14],"texture":"#1"},"west":{"uv":[4.5,7,5,14],"texture":"#1"},"up":{"uv":[9.5,4,9,3.5],"texture":"#1"},"down":{"uv":[9.5,4,9,4.5],"texture":"#1"}}},{"from":[0,2,7],"to":[2,30,9],"rotation":{"angle":0,"axis":"y","origin":[8,16,8]},"faces":{"north":{"uv":[5,7,5.5,14],"texture":"#1"},"east":{"uv":[5.5,7,6,14],"texture":"#1"},"south":{"uv":[6,7,6.5,14],"texture":"#1"},"west":{"uv":[6.5,7,7,14],"texture":"#1"},"up":{"uv":[9.5,5,9,4.5],"texture":"#1"},"down":{"uv":[9.5,5,9,5.5],"texture":"#1"}}},{"from":[0,30,7],"to":[16,32,9],"rotation":{"angle":0,"axis":"y","origin":[8,16,8]},"faces":{"north":{"uv":[9,0,13,0.5],"texture":"#1"},"east":{"uv":[9,5.5,9.5,6],"texture":"#1"},"south":{"uv":[9,0.5,13,1],"texture":"#1"},"west":{"uv":[9,6,9.5,6.5],"texture":"#1"},"up":{"uv":[13,1.5,9,1],"texture":"#1"},"down":{"uv":[13,1.5,9,2],"texture":"#1"}}},{"from":[2,2,7.75],"to":[14,30,7.75],"rotation":{"angle":0,"axis":"y","origin":[8,16,7.75]},"faces":{"north":{"uv":[6,0,9,7],"texture":"#1"},"east":{"uv":[7,9,7.125,16],"texture":"#1"},"south":{"uv":[9,0,6,7],"texture":"#1"},"west":{"uv":[7.25,9,7.375,16],"texture":"#1"},"up":{"uv":[12,2.125,9,2],"texture":"#1"},"down":{"uv":[12,2.25,9,2.375],"texture":"#1"}}},{"from":[2,2,8.25],"to":[14,30,8.25],"rotation":{"angle":0,"axis":"y","origin":[8,16,8.25]},"faces":{"north":{"uv":[6,0,9,7],"texture":"#1"},"east":{"uv":[7,9,7.125,16],"texture":"#1"},"south":{"uv":[9,0,6,7],"texture":"#1"},"west":{"uv":[7.25,9,7.375,16],"texture":"#1"},"up":{"uv":[12,2.125,9,2],"texture":"#1"},"down":{"uv":[12,2.25,9,2.375],"texture":"#1"}}},{"from":[2,2,8],"to":[14,30,8],"rotation":{"angle":0,"axis":"y","origin":[8,16,8]},"faces":{"north":{"uv":[0,0,3,7],"texture":"#1"},"east":{"uv":[0,0,0,7],"texture":"#1"},"south":{"uv":[0,0,3,7],"texture":"#1"},"west":{"uv":[0,0,0,7],"texture":"#1"},"up":{"uv":[3,0,0,0],"texture":"#1"},"down":{"uv":[3,0,0,0],"texture":"#1"}}},{"from":[2,2,7.5],"to":[2.5,30,8.5],"faces":{"north":{"uv":[3.5,0,3.625,7],"texture":"#1"},"east":{"uv":[3,0,3.25,7],"texture":"#1"},"south":{"uv":[3.5,0,3.625,7],"texture":"#1"},"west":{"uv":[3.25,0,3.5,7],"texture":"#1"},"up":{"uv":[4.125,0.25,4,0],"texture":"#1"},"down":{"uv":[4.125,0.25,4,0.5],"texture":"#1"}}},{"from":[13.5,2,7.5],"to":[14,30,8.5],"rotation":{"angle":0,"axis":"y","origin":[16,0,0]},"faces":{"north":{"uv":[3.625,0,3.5,7],"texture":"#1"},"east":{"uv":[3.5,0,3.25,7],"texture":"#1"},"south":{"uv":[3.625,0,3.5,7],"texture":"#1"},"west":{"uv":[3.25,0,3,7],"texture":"#1"},"up":{"uv":[4,0.25,4.125,0],"texture":"#1"},"down":{"uv":[4,0.25,4.125,0.5],"texture":"#1"}}},{"from":[2.5,29.5,7.5],"to":[13.5,30,8.5],"faces":{"north":{"uv":[0,7.5,2.75,7.625],"texture":"#1"},"east":{"uv":[4,0.5,4.25,0.625],"texture":"#1"},"south":{"uv":[0,7.5,2.75,7.625],"texture":"#1"},"west":{"uv":[4,0.75,4.25,0.875],"texture":"#1"},"up":{"uv":[2.75,7.25,0,7],"texture":"#1"},"down":{"uv":[2.75,7.25,0,7.5],"texture":"#1"}}},{"from":[2.5,2,7.5],"to":[13.5,2.5,8.5],"faces":{"north":{"uv":[0,7.5,2.75,7.625],"texture":"#1"},"east":{"uv":[4,0.5,4.25,0.625],"texture":"#1"},"south":{"uv":[0,7.5,2.75,7.625],"texture":"#1"},"west":{"uv":[4,0.75,4.25,0.875],"texture":"#1"},"up":{"uv":[2.75,7.25,0,7],"texture":"#1"},"down":{"uv":[2.75,7.25,0,7.5],"texture":"#1"}}}],"gui_light":"front","display":{"thirdperson_righthand":{"rotation":[67.5,0,0],"translation":[0,-0.5,-1],"scale":[0.25273,0.25273,0.25273]},"thirdperson_lefthand":{"rotation":[67.5,0,0],"translation":[0,-0.5,-1],"scale":[0.25273,0.25273,0.25273]},"firstperson_righthand":{"translation":[2,1.25,0],"scale":[0.39578,0.39578,0.39578]},"firstperson_lefthand":{"translation":[2,1.25,0],"scale":[0.39578,0.39578,0.39578]},"ground":{"translation":[0,4,0],"scale":[0.4,0.4,0.4]},"gui":{"rotation":[30,145,0],"translation":[0,-3.25,0],"scale":[0.46102,0.46102,0.46102]},"head":{"scale":[0,0,0]},"fixed":{"translation":[0,0,-2],"scale":[2,2,2]}}}