{"credit":"MadewithBlockbench","texture_size":[64,64],"textures":{"2":"elitecreatures:windows_decoration_v1/08_windows_texture"},"elements":[{"from":[2,2,8],"to":[14,15,8.5],"faces":{"north":{"uv":[0,3.5,3,6.75],"texture":"#2"},"east":{"uv":[3.5,7.5,3.625,10.75],"texture":"#2"},"south":{"uv":[0,3.5,3,6.75],"texture":"#2"},"west":{"uv":[7.5,3.5,7.625,6.75],"texture":"#2"},"up":{"uv":[6,6.875,3,6.75],"texture":"#2"},"down":{"uv":[6.75,7.5,3.75,7.625],"texture":"#2"}}},{"from":[2,16,7.25],"to":[14,30,7.75],"faces":{"north":{"uv":[0,0,3,3.5],"texture":"#2"},"east":{"uv":[3,7.5,3.125,11],"texture":"#2"},"south":{"uv":[0,0,3,3.5],"texture":"#2"},"west":{"uv":[3.25,7.5,3.375,11],"texture":"#2"},"up":{"uv":[10.5,6.875,7.5,6.75],"texture":"#2"},"down":{"uv":[10.5,7,7.5,7.125],"texture":"#2"}}},{"from":[2,15,7],"to":[5,16,8],"rotation":{"angle":0,"axis":"y","origin":[8,16,8]},"faces":{"north":{"uv":[6.25,7.75,7,8],"texture":"#2"},"east":{"uv":[5.5,8,5.75,8.25],"texture":"#2"},"south":{"uv":[6.25,7.75,7,8],"texture":"#2"},"west":{"uv":[5.75,8,6,8.25],"texture":"#2"},"up":{"uv":[8.5,6.75,7.75,6.5],"texture":"#2"},"down":{"uv":[8.25,7.75,7.5,8],"texture":"#2"}}},{"from":[0,0,7],"to":[16,2,9],"rotation":{"angle":0,"axis":"y","origin":[8,16,8]},"faces":{"north":{"uv":[7,0,11,0.5],"texture":"#2"},"east":{"uv":[7.5,7.25,8,7.75],"texture":"#2"},"south":{"uv":[7,0.5,11,1],"texture":"#2"},"west":{"uv":[7.75,3.5,8.25,4],"texture":"#2"},"up":{"uv":[11,1.5,7,1],"texture":"#2"},"down":{"uv":[11,1.5,7,2],"texture":"#2"}}},{"from":[14,2,7],"to":[16,30,9],"rotation":{"angle":0,"axis":"y","origin":[8,16,8]},"faces":{"north":{"uv":[6,0,6.5,7],"texture":"#2"},"east":{"uv":[6.5,0,7,7],"texture":"#2"},"south":{"uv":[0,6.75,0.5,13.75],"texture":"#2"},"west":{"uv":[0.5,6.75,1,13.75],"texture":"#2"},"up":{"uv":[4.25,8.25,3.75,7.75],"texture":"#2"},"down":{"uv":[8.25,4,7.75,4.5],"texture":"#2"}}},{"from":[0,2,7],"to":[2,30,9],"rotation":{"angle":0,"axis":"y","origin":[8,16,8]},"faces":{"north":{"uv":[1,6.75,1.5,13.75],"texture":"#2"},"east":{"uv":[1.5,6.75,2,13.75],"texture":"#2"},"south":{"uv":[2,6.75,2.5,13.75],"texture":"#2"},"west":{"uv":[2.5,6.75,3,13.75],"texture":"#2"},"up":{"uv":[4.75,8.25,4.25,7.75],"texture":"#2"},"down":{"uv":[8.25,4.5,7.75,5],"texture":"#2"}}},{"from":[0,30,7],"to":[16,32,9],"rotation":{"angle":0,"axis":"y","origin":[8,16,8]},"faces":{"north":{"uv":[7,2,11,2.5],"texture":"#2"},"east":{"uv":[4.75,7.75,5.25,8.25],"texture":"#2"},"south":{"uv":[7,2.5,11,3],"texture":"#2"},"west":{"uv":[7.75,5,8.25,5.5],"texture":"#2"},"up":{"uv":[7,7.5,3,7],"texture":"#2"},"down":{"uv":[11,3,7,3.5],"texture":"#2"}}},{"from":[5,15,7],"to":[6,30,8],"rotation":{"angle":0,"axis":"y","origin":[8,16,8]},"faces":{"north":{"uv":[7,3.5,7.25,7.25],"texture":"#2"},"east":{"uv":[7,3.5,7.25,7.25],"texture":"#2"},"south":{"uv":[7,3.5,7.25,7.25],"texture":"#2"},"west":{"uv":[7,3.5,7.25,7.25],"texture":"#2"},"up":{"uv":[7,7.75,6.75,7.5],"texture":"#2"},"down":{"uv":[5.5,8,5.25,8.25],"texture":"#2"}}},{"from":[10,15,7],"to":[11,30,8],"rotation":{"angle":0,"axis":"y","origin":[8,16,8]},"faces":{"north":{"uv":[7.25,3.5,7,7.25],"texture":"#2"},"east":{"uv":[7.25,3.5,7,7.25],"texture":"#2"},"south":{"uv":[7.25,3.5,7,7.25],"texture":"#2"},"west":{"uv":[7.25,3.5,7,7.25],"texture":"#2"},"up":{"uv":[6.75,7.75,7,7.5],"texture":"#2"},"down":{"uv":[5.25,8,5.5,8.25],"texture":"#2"}}},{"from":[2,25,7],"to":[5,26,8],"rotation":{"angle":0,"axis":"y","origin":[8,16,8]},"faces":{"north":{"uv":[6.25,7.75,7,8],"texture":"#2"},"east":{"uv":[5.5,8,5.75,8.25],"texture":"#2"},"south":{"uv":[6.25,7.75,7,8],"texture":"#2"},"west":{"uv":[5.75,8,6,8.25],"texture":"#2"},"up":{"uv":[8.5,6.75,7.75,6.5],"texture":"#2"},"down":{"uv":[8.25,7.75,7.5,8],"texture":"#2"}}},{"from":[11,25,7],"to":[14,26,8],"rotation":{"angle":0,"axis":"y","origin":[8,16,8]},"faces":{"north":{"uv":[7,7.75,6.25,8],"texture":"#2"},"east":{"uv":[6,8,5.75,8.25],"texture":"#2"},"south":{"uv":[7,7.75,6.25,8],"texture":"#2"},"west":{"uv":[5.75,8,5.5,8.25],"texture":"#2"},"up":{"uv":[7.75,6.75,8.5,6.5],"texture":"#2"},"down":{"uv":[7.5,7.75,8.25,8],"texture":"#2"}}},{"from":[6,25,7],"to":[10,26,8],"rotation":{"angle":0,"axis":"y","origin":[8,16,8]},"faces":{"north":{"uv":[5.25,7.75,6.25,8],"texture":"#2"},"east":{"uv":[6,8,6.25,8.25],"texture":"#2"},"south":{"uv":[5.25,7.75,6.25,8],"texture":"#2"},"west":{"uv":[6.25,8,6.5,8.25],"texture":"#2"},"up":{"uv":[8.75,6,7.75,5.75],"texture":"#2"},"down":{"uv":[8.75,6,7.75,6.25],"texture":"#2"}}},{"from":[11,20,7],"to":[14,21,8],"rotation":{"angle":0,"axis":"y","origin":[8,16,8]},"faces":{"north":{"uv":[7,7.75,6.25,8],"texture":"#2"},"east":{"uv":[6,8,5.75,8.25],"texture":"#2"},"south":{"uv":[7,7.75,6.25,8],"texture":"#2"},"west":{"uv":[5.75,8,5.5,8.25],"texture":"#2"},"up":{"uv":[7.75,6.75,8.5,6.5],"texture":"#2"},"down":{"uv":[7.5,7.75,8.25,8],"texture":"#2"}}},{"from":[6,20,7],"to":[10,21,8],"rotation":{"angle":0,"axis":"y","origin":[8,16,8]},"faces":{"north":{"uv":[5.25,7.75,6.25,8],"texture":"#2"},"east":{"uv":[6,8,6.25,8.25],"texture":"#2"},"south":{"uv":[5.25,7.75,6.25,8],"texture":"#2"},"west":{"uv":[6.25,8,6.5,8.25],"texture":"#2"},"up":{"uv":[8.75,6,7.75,5.75],"texture":"#2"},"down":{"uv":[8.75,6,7.75,6.25],"texture":"#2"}}},{"from":[2,20,7],"to":[5,21,8],"rotation":{"angle":0,"axis":"y","origin":[8,16,8]},"faces":{"north":{"uv":[6.25,7.75,7,8],"texture":"#2"},"east":{"uv":[5.5,8,5.75,8.25],"texture":"#2"},"south":{"uv":[6.25,7.75,7,8],"texture":"#2"},"west":{"uv":[5.75,8,6,8.25],"texture":"#2"},"up":{"uv":[8.5,6.75,7.75,6.5],"texture":"#2"},"down":{"uv":[8.25,7.75,7.5,8],"texture":"#2"}}},{"from":[11,15,7],"to":[14,16,8],"rotation":{"angle":0,"axis":"y","origin":[8,16,8]},"faces":{"north":{"uv":[7,7.75,6.25,8],"texture":"#2"},"east":{"uv":[6,8,5.75,8.25],"texture":"#2"},"south":{"uv":[7,7.75,6.25,8],"texture":"#2"},"west":{"uv":[5.75,8,5.5,8.25],"texture":"#2"},"up":{"uv":[7.75,6.75,8.5,6.5],"texture":"#2"},"down":{"uv":[7.5,7.75,8.25,8],"texture":"#2"}}},{"from":[6,15,7],"to":[10,16,8],"rotation":{"angle":0,"axis":"y","origin":[8,16,8]},"faces":{"north":{"uv":[5.25,7.75,6.25,8],"texture":"#2"},"east":{"uv":[6,8,6.25,8.25],"texture":"#2"},"south":{"uv":[5.25,7.75,6.25,8],"texture":"#2"},"west":{"uv":[6.25,8,6.5,8.25],"texture":"#2"},"up":{"uv":[8.75,6,7.75,5.75],"texture":"#2"},"down":{"uv":[8.75,6,7.75,6.25],"texture":"#2"}}},{"from":[6.5,15.25,6.5],"to":[9.5,15.75,7],"faces":{"north":{"uv":[3,0,3.75,0.125],"texture":"#2"},"east":{"uv":[3,1,3.125,1.125],"texture":"#2"},"south":{"uv":[3,0.25,3.75,0.375],"texture":"#2"},"west":{"uv":[3,1.25,3.125,1.375],"texture":"#2"},"up":{"uv":[3.75,0.625,3,0.5],"texture":"#2"},"down":{"uv":[3.75,0.75,3,0.875],"texture":"#2"}}},{"from":[6.5,2.5,7.5],"to":[9.5,3,8],"faces":{"north":{"uv":[3,0,3.75,0.125],"texture":"#2"},"east":{"uv":[3,1,3.125,1.125],"texture":"#2"},"south":{"uv":[3,0.25,3.75,0.375],"texture":"#2"},"west":{"uv":[3,1.25,3.125,1.375],"texture":"#2"},"up":{"uv":[3.75,0.625,3,0.5],"texture":"#2"},"down":{"uv":[3.75,0.75,3,0.875],"texture":"#2"}}}],"gui_light":"front","display":{"thirdperson_righthand":{"rotation":[67.5,0,0],"translation":[0,-0.5,-1],"scale":[0.25273,0.25273,0.25273]},"thirdperson_lefthand":{"rotation":[67.5,0,0],"translation":[0,-0.5,-1],"scale":[0.25273,0.25273,0.25273]},"firstperson_righthand":{"translation":[2,1.25,0],"scale":[0.39578,0.39578,0.39578]},"firstperson_lefthand":{"translation":[2,1.25,0],"scale":[0.39578,0.39578,0.39578]},"ground":{"translation":[0,4,0],"scale":[0.4,0.4,0.4]},"gui":{"rotation":[30,145,0],"translation":[0,-3.25,0],"scale":[0.46102,0.46102,0.46102]},"head":{"scale":[0,0,0]},"fixed":{"translation":[0,0,-2],"scale":[2,2,2]}}}