{"credit":"MadewithBlockbench","texture_size":[64,64],"textures":{"2":"elitecreatures:windows_decoration_v1/24_windows_texture","particle":"elitecreatures:windows_decoration_v1/24_windows_texture"},"elements":[{"from":[2,2,7.75],"to":[14,30,8.25],"rotation":{"angle":0,"axis":"y","origin":[8,16,8]},"faces":{"north":{"uv":[3,0,6,7],"texture":"#2"},"east":{"uv":[7.5,7.5,7.625,14.5],"texture":"#2"},"south":{"uv":[3,0,6,7],"texture":"#2"},"west":{"uv":[7.75,7.5,7.875,14.5],"texture":"#2"},"up":{"uv":[10.5,2.625,7.5,2.5],"texture":"#2"},"down":{"uv":[10.5,2.75,7.5,2.875],"texture":"#2"}}},{"from":[0,0,7],"to":[16,2,9],"rotation":{"angle":0,"axis":"y","origin":[8,16,8]},"faces":{"north":{"uv":[2.5,7,6.5,7.5],"texture":"#2"},"east":{"uv":[7.5,3,8,3.5],"texture":"#2"},"south":{"uv":[6.5,7,10.5,7.5],"texture":"#2"},"west":{"uv":[7.5,3.5,8,4],"texture":"#2"},"up":{"uv":[11.5,0.5,7.5,0],"texture":"#2"},"down":{"uv":[11.5,0.5,7.5,1],"texture":"#2"}}},{"from":[14,2,7],"to":[16,30,9],"rotation":{"angle":0,"axis":"y","origin":[8,16,8]},"faces":{"north":{"uv":[6,0,6.5,7],"texture":"#2"},"east":{"uv":[6.5,0,7,7],"texture":"#2"},"south":{"uv":[0,7,0.5,14],"texture":"#2"},"west":{"uv":[7,0,7.5,7],"texture":"#2"},"up":{"uv":[8,4.5,7.5,4],"texture":"#2"},"down":{"uv":[8,4.5,7.5,5],"texture":"#2"}}},{"from":[0,2,7],"to":[2,30,9],"rotation":{"angle":0,"axis":"y","origin":[8,16,8]},"faces":{"north":{"uv":[0.5,7,1,14],"texture":"#2"},"east":{"uv":[1,7,1.5,14],"texture":"#2"},"south":{"uv":[1.5,7,2,14],"texture":"#2"},"west":{"uv":[2,7,2.5,14],"texture":"#2"},"up":{"uv":[8,5.5,7.5,5],"texture":"#2"},"down":{"uv":[8,5.5,7.5,6],"texture":"#2"}}},{"from":[0,30,7],"to":[16,32,9],"rotation":{"angle":0,"axis":"y","origin":[8,16,8]},"faces":{"north":{"uv":[7.5,1,11.5,1.5],"texture":"#2"},"east":{"uv":[7.5,6,8,6.5],"texture":"#2"},"south":{"uv":[7.5,1.5,11.5,2],"texture":"#2"},"west":{"uv":[7.5,6.5,8,7],"texture":"#2"},"up":{"uv":[11.5,2.5,7.5,2],"texture":"#2"},"down":{"uv":[6.5,7.5,2.5,8],"texture":"#2"}}},{"from":[11.75,0.75,5.6],"to":[12.25,31.25,6.1],"rotation":{"angle":0,"axis":"y","origin":[8,16,8]},"faces":{"north":{"uv":[6.5,7.5,6.625,15.125],"texture":"#2"},"east":{"uv":[6.5,7.5,6.625,15.125],"texture":"#2"},"south":{"uv":[6.5,7.5,6.625,15.125],"texture":"#2"},"west":{"uv":[6.5,7.5,6.625,15.125],"texture":"#2"},"up":{"uv":[4.125,8.125,4,8],"texture":"#2"},"down":{"uv":[8.125,4,8,4.125],"texture":"#2"}}},{"from":[11.75,30.75,6.1],"to":[12.25,31.25,6.6],"rotation":{"angle":0,"axis":"y","origin":[8,16,8]},"faces":{"north":{"uv":[4.25,8,4.375,8.125],"texture":"#2"},"east":{"uv":[8,4.25,8.125,4.375],"texture":"#2"},"south":{"uv":[4.5,8,4.625,8.125],"texture":"#2"},"west":{"uv":[8,4.5,8.125,4.625],"texture":"#2"},"up":{"uv":[4.875,8.125,4.75,8],"texture":"#2"},"down":{"uv":[8.125,4.75,8,4.875],"texture":"#2"}}},{"from":[11.5,30.5,6.6],"to":[12.5,31.5,7.1],"rotation":{"angle":0,"axis":"y","origin":[8,16,8]},"faces":{"north":{"uv":[2.5,8,2.75,8.25],"texture":"#2"},"east":{"uv":[3,8,3.125,8.25],"texture":"#2"},"south":{"uv":[2.75,8,3,8.25],"texture":"#2"},"west":{"uv":[8,3,8.125,3.25],"texture":"#2"},"up":{"uv":[3.5,8.125,3.25,8],"texture":"#2"},"down":{"uv":[8.25,3.25,8,3.375],"texture":"#2"}}},{"from":[11.5,0.5,6.6],"to":[12.5,1.5,7.1],"rotation":{"angle":0,"axis":"y","origin":[8,16,8]},"faces":{"north":{"uv":[2.5,8,2.75,8.25],"texture":"#2"},"east":{"uv":[3,8,3.125,8.25],"texture":"#2"},"south":{"uv":[2.75,8,3,8.25],"texture":"#2"},"west":{"uv":[8,3,8.125,3.25],"texture":"#2"},"up":{"uv":[3.5,8.125,3.25,8],"texture":"#2"},"down":{"uv":[8.25,3.25,8,3.375],"texture":"#2"}}},{"from":[11.75,0.75,6.1],"to":[12.25,1.25,6.6],"rotation":{"angle":0,"axis":"y","origin":[8,16,8]},"faces":{"north":{"uv":[4.25,8,4.375,8.125],"texture":"#2"},"east":{"uv":[8,4.25,8.125,4.375],"texture":"#2"},"south":{"uv":[4.5,8,4.625,8.125],"texture":"#2"},"west":{"uv":[8,4.5,8.125,4.625],"texture":"#2"},"up":{"uv":[4.875,8.125,4.75,8],"texture":"#2"},"down":{"uv":[8.125,4.75,8,4.875],"texture":"#2"}}},{"from":[13.5,0.5,6.6],"to":[14.5,1.5,7.1],"rotation":{"angle":0,"axis":"y","origin":[8,16,8]},"faces":{"north":{"uv":[2.5,8,2.75,8.25],"texture":"#2"},"east":{"uv":[3,8,3.125,8.25],"texture":"#2"},"south":{"uv":[2.75,8,3,8.25],"texture":"#2"},"west":{"uv":[8,3,8.125,3.25],"texture":"#2"},"up":{"uv":[3.5,8.125,3.25,8],"texture":"#2"},"down":{"uv":[8.25,3.25,8,3.375],"texture":"#2"}}},{"from":[13.75,0.75,6.1],"to":[14.25,1.25,6.6],"rotation":{"angle":0,"axis":"y","origin":[8,16,8]},"faces":{"north":{"uv":[4.25,8,4.375,8.125],"texture":"#2"},"east":{"uv":[8,4.25,8.125,4.375],"texture":"#2"},"south":{"uv":[4.5,8,4.625,8.125],"texture":"#2"},"west":{"uv":[8,4.5,8.125,4.625],"texture":"#2"},"up":{"uv":[4.875,8.125,4.75,8],"texture":"#2"},"down":{"uv":[8.125,4.75,8,4.875],"texture":"#2"}}},{"from":[13.75,0.75,5.6],"to":[14.25,31.25,6.1],"rotation":{"angle":0,"axis":"y","origin":[8,16,8]},"faces":{"north":{"uv":[6.5,7.5,6.625,15.125],"texture":"#2"},"east":{"uv":[6.5,7.5,6.625,15.125],"texture":"#2"},"south":{"uv":[6.5,7.5,6.625,15.125],"texture":"#2"},"west":{"uv":[6.5,7.5,6.625,15.125],"texture":"#2"},"up":{"uv":[4.125,8.125,4,8],"texture":"#2"},"down":{"uv":[8.125,4,8,4.125],"texture":"#2"}}},{"from":[13.75,30.75,6.1],"to":[14.25,31.25,6.6],"rotation":{"angle":0,"axis":"y","origin":[8,16,8]},"faces":{"north":{"uv":[4.25,8,4.375,8.125],"texture":"#2"},"east":{"uv":[8,4.25,8.125,4.375],"texture":"#2"},"south":{"uv":[4.5,8,4.625,8.125],"texture":"#2"},"west":{"uv":[8,4.5,8.125,4.625],"texture":"#2"},"up":{"uv":[4.875,8.125,4.75,8],"texture":"#2"},"down":{"uv":[8.125,4.75,8,4.875],"texture":"#2"}}},{"from":[13.5,30.5,6.6],"to":[14.5,31.5,7.1],"rotation":{"angle":0,"axis":"y","origin":[8,16,8]},"faces":{"north":{"uv":[2.5,8,2.75,8.25],"texture":"#2"},"east":{"uv":[3,8,3.125,8.25],"texture":"#2"},"south":{"uv":[2.75,8,3,8.25],"texture":"#2"},"west":{"uv":[8,3,8.125,3.25],"texture":"#2"},"up":{"uv":[3.5,8.125,3.25,8],"texture":"#2"},"down":{"uv":[8.25,3.25,8,3.375],"texture":"#2"}}},{"from":[9.5,0.5,6.6],"to":[10.5,1.5,7.1],"rotation":{"angle":0,"axis":"y","origin":[8,16,8]},"faces":{"north":{"uv":[2.5,8,2.75,8.25],"texture":"#2"},"east":{"uv":[3,8,3.125,8.25],"texture":"#2"},"south":{"uv":[2.75,8,3,8.25],"texture":"#2"},"west":{"uv":[8,3,8.125,3.25],"texture":"#2"},"up":{"uv":[3.5,8.125,3.25,8],"texture":"#2"},"down":{"uv":[8.25,3.25,8,3.375],"texture":"#2"}}},{"from":[9.75,0.75,6.1],"to":[10.25,1.25,6.6],"rotation":{"angle":0,"axis":"y","origin":[8,16,8]},"faces":{"north":{"uv":[4.25,8,4.375,8.125],"texture":"#2"},"east":{"uv":[8,4.25,8.125,4.375],"texture":"#2"},"south":{"uv":[4.5,8,4.625,8.125],"texture":"#2"},"west":{"uv":[8,4.5,8.125,4.625],"texture":"#2"},"up":{"uv":[4.875,8.125,4.75,8],"texture":"#2"},"down":{"uv":[8.125,4.75,8,4.875],"texture":"#2"}}},{"from":[9.75,0.75,5.6],"to":[10.25,31.25,6.1],"rotation":{"angle":0,"axis":"y","origin":[8,16,8]},"faces":{"north":{"uv":[6.5,7.5,6.625,15.125],"texture":"#2"},"east":{"uv":[6.5,7.5,6.625,15.125],"texture":"#2"},"south":{"uv":[6.5,7.5,6.625,15.125],"texture":"#2"},"west":{"uv":[6.5,7.5,6.625,15.125],"texture":"#2"},"up":{"uv":[4.125,8.125,4,8],"texture":"#2"},"down":{"uv":[8.125,4,8,4.125],"texture":"#2"}}},{"from":[9.75,30.75,6.1],"to":[10.25,31.25,6.6],"rotation":{"angle":0,"axis":"y","origin":[8,16,8]},"faces":{"north":{"uv":[4.25,8,4.375,8.125],"texture":"#2"},"east":{"uv":[8,4.25,8.125,4.375],"texture":"#2"},"south":{"uv":[4.5,8,4.625,8.125],"texture":"#2"},"west":{"uv":[8,4.5,8.125,4.625],"texture":"#2"},"up":{"uv":[4.875,8.125,4.75,8],"texture":"#2"},"down":{"uv":[8.125,4.75,8,4.875],"texture":"#2"}}},{"from":[9.5,30.5,6.6],"to":[10.5,31.5,7.1],"rotation":{"angle":0,"axis":"y","origin":[8,16,8]},"faces":{"north":{"uv":[2.5,8,2.75,8.25],"texture":"#2"},"east":{"uv":[3,8,3.125,8.25],"texture":"#2"},"south":{"uv":[2.75,8,3,8.25],"texture":"#2"},"west":{"uv":[8,3,8.125,3.25],"texture":"#2"},"up":{"uv":[3.5,8.125,3.25,8],"texture":"#2"},"down":{"uv":[8.25,3.25,8,3.375],"texture":"#2"}}},{"from":[7.5,0.5,6.6],"to":[8.5,1.5,7.1],"rotation":{"angle":0,"axis":"y","origin":[8,16,8]},"faces":{"north":{"uv":[2.5,8,2.75,8.25],"texture":"#2"},"east":{"uv":[3,8,3.125,8.25],"texture":"#2"},"south":{"uv":[2.75,8,3,8.25],"texture":"#2"},"west":{"uv":[8,3,8.125,3.25],"texture":"#2"},"up":{"uv":[3.5,8.125,3.25,8],"texture":"#2"},"down":{"uv":[8.25,3.25,8,3.375],"texture":"#2"}}},{"from":[7.75,0.75,6.1],"to":[8.25,1.25,6.6],"rotation":{"angle":0,"axis":"y","origin":[8,16,8]},"faces":{"north":{"uv":[4.25,8,4.375,8.125],"texture":"#2"},"east":{"uv":[8,4.25,8.125,4.375],"texture":"#2"},"south":{"uv":[4.5,8,4.625,8.125],"texture":"#2"},"west":{"uv":[8,4.5,8.125,4.625],"texture":"#2"},"up":{"uv":[4.875,8.125,4.75,8],"texture":"#2"},"down":{"uv":[8.125,4.75,8,4.875],"texture":"#2"}}},{"from":[7.75,0.75,5.6],"to":[8.25,31.25,6.1],"rotation":{"angle":0,"axis":"y","origin":[8,16,8]},"faces":{"north":{"uv":[6.5,7.5,6.625,15.125],"texture":"#2"},"east":{"uv":[6.5,7.5,6.625,15.125],"texture":"#2"},"south":{"uv":[6.5,7.5,6.625,15.125],"texture":"#2"},"west":{"uv":[6.5,7.5,6.625,15.125],"texture":"#2"},"up":{"uv":[4.125,8.125,4,8],"texture":"#2"},"down":{"uv":[8.125,4,8,4.125],"texture":"#2"}}},{"from":[7.75,30.75,6.1],"to":[8.25,31.25,6.6],"rotation":{"angle":0,"axis":"y","origin":[8,16,8]},"faces":{"north":{"uv":[4.25,8,4.375,8.125],"texture":"#2"},"east":{"uv":[8,4.25,8.125,4.375],"texture":"#2"},"south":{"uv":[4.5,8,4.625,8.125],"texture":"#2"},"west":{"uv":[8,4.5,8.125,4.625],"texture":"#2"},"up":{"uv":[4.875,8.125,4.75,8],"texture":"#2"},"down":{"uv":[8.125,4.75,8,4.875],"texture":"#2"}}},{"from":[7.5,30.5,6.6],"to":[8.5,31.5,7.1],"rotation":{"angle":0,"axis":"y","origin":[8,16,8]},"faces":{"north":{"uv":[2.5,8,2.75,8.25],"texture":"#2"},"east":{"uv":[3,8,3.125,8.25],"texture":"#2"},"south":{"uv":[2.75,8,3,8.25],"texture":"#2"},"west":{"uv":[8,3,8.125,3.25],"texture":"#2"},"up":{"uv":[3.5,8.125,3.25,8],"texture":"#2"},"down":{"uv":[8.25,3.25,8,3.375],"texture":"#2"}}},{"from":[5.5,0.5,6.6],"to":[6.5,1.5,7.1],"rotation":{"angle":0,"axis":"y","origin":[8,16,8]},"faces":{"north":{"uv":[2.5,8,2.75,8.25],"texture":"#2"},"east":{"uv":[3,8,3.125,8.25],"texture":"#2"},"south":{"uv":[2.75,8,3,8.25],"texture":"#2"},"west":{"uv":[8,3,8.125,3.25],"texture":"#2"},"up":{"uv":[3.5,8.125,3.25,8],"texture":"#2"},"down":{"uv":[8.25,3.25,8,3.375],"texture":"#2"}}},{"from":[5.75,0.75,6.1],"to":[6.25,1.25,6.6],"rotation":{"angle":0,"axis":"y","origin":[8,16,8]},"faces":{"north":{"uv":[4.25,8,4.375,8.125],"texture":"#2"},"east":{"uv":[8,4.25,8.125,4.375],"texture":"#2"},"south":{"uv":[4.5,8,4.625,8.125],"texture":"#2"},"west":{"uv":[8,4.5,8.125,4.625],"texture":"#2"},"up":{"uv":[4.875,8.125,4.75,8],"texture":"#2"},"down":{"uv":[8.125,4.75,8,4.875],"texture":"#2"}}},{"from":[5.75,0.75,5.6],"to":[6.25,31.25,6.1],"rotation":{"angle":0,"axis":"y","origin":[8,16,8]},"faces":{"north":{"uv":[6.5,7.5,6.625,15.125],"texture":"#2"},"east":{"uv":[6.5,7.5,6.625,15.125],"texture":"#2"},"south":{"uv":[6.5,7.5,6.625,15.125],"texture":"#2"},"west":{"uv":[6.5,7.5,6.625,15.125],"texture":"#2"},"up":{"uv":[4.125,8.125,4,8],"texture":"#2"},"down":{"uv":[8.125,4,8,4.125],"texture":"#2"}}},{"from":[5.75,30.75,6.1],"to":[6.25,31.25,6.6],"rotation":{"angle":0,"axis":"y","origin":[8,16,8]},"faces":{"north":{"uv":[4.25,8,4.375,8.125],"texture":"#2"},"east":{"uv":[8,4.25,8.125,4.375],"texture":"#2"},"south":{"uv":[4.5,8,4.625,8.125],"texture":"#2"},"west":{"uv":[8,4.5,8.125,4.625],"texture":"#2"},"up":{"uv":[4.875,8.125,4.75,8],"texture":"#2"},"down":{"uv":[8.125,4.75,8,4.875],"texture":"#2"}}},{"from":[5.5,30.5,6.6],"to":[6.5,31.5,7.1],"rotation":{"angle":0,"axis":"y","origin":[8,16,8]},"faces":{"north":{"uv":[2.5,8,2.75,8.25],"texture":"#2"},"east":{"uv":[3,8,3.125,8.25],"texture":"#2"},"south":{"uv":[2.75,8,3,8.25],"texture":"#2"},"west":{"uv":[8,3,8.125,3.25],"texture":"#2"},"up":{"uv":[3.5,8.125,3.25,8],"texture":"#2"},"down":{"uv":[8.25,3.25,8,3.375],"texture":"#2"}}},{"from":[3.5,0.5,6.6],"to":[4.5,1.5,7.1],"rotation":{"angle":0,"axis":"y","origin":[8,16,8]},"faces":{"north":{"uv":[2.5,8,2.75,8.25],"texture":"#2"},"east":{"uv":[3,8,3.125,8.25],"texture":"#2"},"south":{"uv":[2.75,8,3,8.25],"texture":"#2"},"west":{"uv":[8,3,8.125,3.25],"texture":"#2"},"up":{"uv":[3.5,8.125,3.25,8],"texture":"#2"},"down":{"uv":[8.25,3.25,8,3.375],"texture":"#2"}}},{"from":[3.75,0.75,6.1],"to":[4.25,1.25,6.6],"rotation":{"angle":0,"axis":"y","origin":[8,16,8]},"faces":{"north":{"uv":[4.25,8,4.375,8.125],"texture":"#2"},"east":{"uv":[8,4.25,8.125,4.375],"texture":"#2"},"south":{"uv":[4.5,8,4.625,8.125],"texture":"#2"},"west":{"uv":[8,4.5,8.125,4.625],"texture":"#2"},"up":{"uv":[4.875,8.125,4.75,8],"texture":"#2"},"down":{"uv":[8.125,4.75,8,4.875],"texture":"#2"}}},{"from":[3.75,0.75,5.6],"to":[4.25,31.25,6.1],"rotation":{"angle":0,"axis":"y","origin":[8,16,8]},"faces":{"north":{"uv":[6.5,7.5,6.625,15.125],"texture":"#2"},"east":{"uv":[6.5,7.5,6.625,15.125],"texture":"#2"},"south":{"uv":[6.5,7.5,6.625,15.125],"texture":"#2"},"west":{"uv":[6.5,7.5,6.625,15.125],"texture":"#2"},"up":{"uv":[4.125,8.125,4,8],"texture":"#2"},"down":{"uv":[8.125,4,8,4.125],"texture":"#2"}}},{"from":[3.75,30.75,6.1],"to":[4.25,31.25,6.6],"rotation":{"angle":0,"axis":"y","origin":[8,16,8]},"faces":{"north":{"uv":[4.25,8,4.375,8.125],"texture":"#2"},"east":{"uv":[8,4.25,8.125,4.375],"texture":"#2"},"south":{"uv":[4.5,8,4.625,8.125],"texture":"#2"},"west":{"uv":[8,4.5,8.125,4.625],"texture":"#2"},"up":{"uv":[4.875,8.125,4.75,8],"texture":"#2"},"down":{"uv":[8.125,4.75,8,4.875],"texture":"#2"}}},{"from":[3.5,30.5,6.6],"to":[4.5,31.5,7.1],"rotation":{"angle":0,"axis":"y","origin":[8,16,8]},"faces":{"north":{"uv":[2.5,8,2.75,8.25],"texture":"#2"},"east":{"uv":[3,8,3.125,8.25],"texture":"#2"},"south":{"uv":[2.75,8,3,8.25],"texture":"#2"},"west":{"uv":[8,3,8.125,3.25],"texture":"#2"},"up":{"uv":[3.5,8.125,3.25,8],"texture":"#2"},"down":{"uv":[8.25,3.25,8,3.375],"texture":"#2"}}},{"from":[1.5,0.5,6.6],"to":[2.5,1.5,7.1],"rotation":{"angle":0,"axis":"y","origin":[8,16,8]},"faces":{"north":{"uv":[2.5,8,2.75,8.25],"texture":"#2"},"east":{"uv":[3,8,3.125,8.25],"texture":"#2"},"south":{"uv":[2.75,8,3,8.25],"texture":"#2"},"west":{"uv":[8,3,8.125,3.25],"texture":"#2"},"up":{"uv":[3.5,8.125,3.25,8],"texture":"#2"},"down":{"uv":[8.25,3.25,8,3.375],"texture":"#2"}}},{"from":[1.75,0.75,6.1],"to":[2.25,1.25,6.6],"rotation":{"angle":0,"axis":"y","origin":[8,16,8]},"faces":{"north":{"uv":[4.25,8,4.375,8.125],"texture":"#2"},"east":{"uv":[8,4.25,8.125,4.375],"texture":"#2"},"south":{"uv":[4.5,8,4.625,8.125],"texture":"#2"},"west":{"uv":[8,4.5,8.125,4.625],"texture":"#2"},"up":{"uv":[4.875,8.125,4.75,8],"texture":"#2"},"down":{"uv":[8.125,4.75,8,4.875],"texture":"#2"}}},{"from":[1.75,0.75,5.6],"to":[2.25,31.25,6.1],"rotation":{"angle":0,"axis":"y","origin":[8,16,8]},"faces":{"north":{"uv":[6.5,7.5,6.625,15.125],"texture":"#2"},"east":{"uv":[6.5,7.5,6.625,15.125],"texture":"#2"},"south":{"uv":[6.5,7.5,6.625,15.125],"texture":"#2"},"west":{"uv":[6.5,7.5,6.625,15.125],"texture":"#2"},"up":{"uv":[4.125,8.125,4,8],"texture":"#2"},"down":{"uv":[8.125,4,8,4.125],"texture":"#2"}}},{"from":[1.75,30.75,6.1],"to":[2.25,31.25,6.6],"rotation":{"angle":0,"axis":"y","origin":[8,16,8]},"faces":{"north":{"uv":[4.25,8,4.375,8.125],"texture":"#2"},"east":{"uv":[8,4.25,8.125,4.375],"texture":"#2"},"south":{"uv":[4.5,8,4.625,8.125],"texture":"#2"},"west":{"uv":[8,4.5,8.125,4.625],"texture":"#2"},"up":{"uv":[4.875,8.125,4.75,8],"texture":"#2"},"down":{"uv":[8.125,4.75,8,4.875],"texture":"#2"}}},{"from":[1.5,30.5,6.6],"to":[2.5,31.5,7.1],"rotation":{"angle":0,"axis":"y","origin":[8,16,8]},"faces":{"north":{"uv":[2.5,8,2.75,8.25],"texture":"#2"},"east":{"uv":[3,8,3.125,8.25],"texture":"#2"},"south":{"uv":[2.75,8,3,8.25],"texture":"#2"},"west":{"uv":[8,3,8.125,3.25],"texture":"#2"},"up":{"uv":[3.5,8.125,3.25,8],"texture":"#2"},"down":{"uv":[8.25,3.25,8,3.375],"texture":"#2"}}}],"gui_light":"front","display":{"thirdperson_righthand":{"rotation":[67.5,0,0],"translation":[0,-0.5,-1],"scale":[0.25273,0.25273,0.25273]},"thirdperson_lefthand":{"rotation":[67.5,0,0],"translation":[0,-0.5,-1],"scale":[0.25273,0.25273,0.25273]},"firstperson_righthand":{"translation":[2,1.25,0],"scale":[0.39578,0.39578,0.39578]},"firstperson_lefthand":{"translation":[2,1.25,0],"scale":[0.39578,0.39578,0.39578]},"ground":{"translation":[0,4,0],"scale":[0.4,0.4,0.4]},"gui":{"rotation":[30,145,0],"translation":[0,-3.25,0],"scale":[0.46102,0.46102,0.46102]},"head":{"scale":[0,0,0]},"fixed":{"translation":[0,0,-2],"scale":[2,2,2]}}}