{"credit":"MadewithBlockbench","texture_size":[64,64],"textures":{"3":"elitecreatures:windows_decoration_v1/04_wondows_texture"},"elements":[{"from":[0,0,7],"to":[16,2,9],"rotation":{"angle":0,"axis":"y","origin":[8,16,8]},"faces":{"north":{"uv":[6,1.25,10,1.75],"texture":"#3"},"east":{"uv":[6.5,8.5,7,9],"texture":"#3"},"south":{"uv":[6,1.75,10,2.25],"texture":"#3"},"west":{"uv":[9,0.25,9.5,0.75],"texture":"#3"},"up":{"uv":[10,2.75,6,2.25],"texture":"#3"},"down":{"uv":[10,2.75,6,3.25],"texture":"#3"}}},{"from":[14,2,7],"to":[16,30,9],"rotation":{"angle":0,"axis":"y","origin":[8,16,8]},"faces":{"north":{"uv":[0,5.75,0.5,12.75],"texture":"#3"},"east":{"uv":[0.5,5.75,1,12.75],"texture":"#3"},"south":{"uv":[1,5.75,1.5,12.75],"texture":"#3"},"west":{"uv":[1.5,5.75,2,12.75],"texture":"#3"},"up":{"uv":[9.5,1.25,9,0.75],"texture":"#3"},"down":{"uv":[4.75,9,4.25,9.5],"texture":"#3"}}},{"from":[0,2,7],"to":[2,30,9],"rotation":{"angle":0,"axis":"y","origin":[8,16,8]},"faces":{"north":{"uv":[2,5.75,2.5,12.75],"texture":"#3"},"east":{"uv":[2.5,5.75,3,12.75],"texture":"#3"},"south":{"uv":[3,5.75,3.5,12.75],"texture":"#3"},"west":{"uv":[3.5,5.75,4,12.75],"texture":"#3"},"up":{"uv":[5.25,9.5,4.75,9],"texture":"#3"},"down":{"uv":[5.75,9,5.25,9.5],"texture":"#3"}}},{"from":[0,30,7],"to":[16,32,9],"rotation":{"angle":0,"axis":"y","origin":[8,16,8]},"faces":{"north":{"uv":[6,3.25,10,3.75],"texture":"#3"},"east":{"uv":[9,5.25,9.5,5.75],"texture":"#3"},"south":{"uv":[6,3.75,10,4.25],"texture":"#3"},"west":{"uv":[6.5,9,7,9.5],"texture":"#3"},"up":{"uv":[10,4.75,6,4.25],"texture":"#3"},"down":{"uv":[10,4.75,6,5.25],"texture":"#3"}}},{"from":[5.25,25.75,7.5],"to":[6.25,30,8.5],"rotation":{"angle":0,"axis":"y","origin":[8,16,8]},"faces":{"north":{"uv":[6.75,7.25,7,8.375],"texture":"#3"},"east":{"uv":[5.75,8.5,6,9.625],"texture":"#3"},"south":{"uv":[7,7.25,6.75,8.375],"texture":"#3"},"west":{"uv":[6.25,8.5,6.5,9.625],"texture":"#3"},"up":{"uv":[5.5,8.25,5.25,8],"texture":"#3"},"down":{"uv":[5.75,8,5.5,8.25],"texture":"#3"}}},{"from":[9.75,25.75,7.5],"to":[10.75,30,8.5],"rotation":{"angle":0,"axis":"y","origin":[8,16,8]},"faces":{"north":{"uv":[7,7.25,6.75,8.375],"texture":"#3"},"east":{"uv":[6.5,8.5,6.25,9.625],"texture":"#3"},"south":{"uv":[6.75,7.25,7,8.375],"texture":"#3"},"west":{"uv":[6,8.5,5.75,9.625],"texture":"#3"},"up":{"uv":[5.25,8.25,5.5,8],"texture":"#3"},"down":{"uv":[5.5,8,5.75,8.25],"texture":"#3"}}},{"from":[2,24.75,7.25],"to":[14,25.75,8.75],"rotation":{"angle":0,"axis":"y","origin":[8,16,8]},"faces":{"north":{"uv":[7.25,8.25,10.25,8.5],"texture":"#3"},"east":{"uv":[4.25,8,4.625,8.25],"texture":"#3"},"south":{"uv":[7.25,8.25,10.25,8.5],"texture":"#3"},"west":{"uv":[4.75,8,5.125,8.25],"texture":"#3"},"up":{"uv":[10.25,7.625,7.25,7.25],"texture":"#3"},"down":{"uv":[10.25,7.75,7.25,8.125],"texture":"#3"}}},{"from":[-3.21016,23.83883,7.6],"to":[2.53984,24.83883,8.4],"rotation":{"angle":-45,"axis":"z","origin":[8,16,8]},"faces":{"north":{"uv":[4.25,7.25,5.75,7.5],"texture":"#3"},"east":{"uv":[4.25,8.25,4.5,8.5],"texture":"#3"},"south":{"uv":[4.25,7.25,5.75,7.5],"texture":"#3"},"west":{"uv":[4.5,8.25,4.75,8.5],"texture":"#3"},"up":{"uv":[5.75,7.75,4.25,7.5],"texture":"#3"},"down":{"uv":[5.75,7.75,4.25,8],"texture":"#3"}}},{"from":[13.46383,23.83516,7.6],"to":[19.21383,24.83516,8.4],"rotation":{"angle":45,"axis":"z","origin":[8,16,8]},"faces":{"north":{"uv":[4.25,7.75,5.75,7.5],"texture":"#3"},"east":{"uv":[4.25,8.25,4.5,8.5],"texture":"#3"},"south":{"uv":[4.25,7.75,5.75,7.5],"texture":"#3"},"west":{"uv":[4.5,8.25,4.75,8.5],"texture":"#3"},"up":{"uv":[5.75,7.75,4.25,7.5],"texture":"#3"},"down":{"uv":[5.75,7.75,4.25,8],"texture":"#3"}}},{"from":[16.64582,20.65317,7.6],"to":[22.39582,21.65317,8.4],"rotation":{"angle":45,"axis":"z","origin":[8,16,8]},"faces":{"north":{"uv":[4.25,7.75,5.75,7.5],"texture":"#3"},"east":{"uv":[4.25,8.25,4.5,8.5],"texture":"#3"},"south":{"uv":[4.25,7.75,5.75,7.5],"texture":"#3"},"west":{"uv":[4.5,8.25,4.75,8.5],"texture":"#3"},"up":{"uv":[5.75,7.75,4.25,7.5],"texture":"#3"},"down":{"uv":[5.75,7.75,4.25,8],"texture":"#3"}}},{"from":[-0.02817,27.02082,7.6],"to":[5.72183,28.02082,8.4],"rotation":{"angle":-45,"axis":"z","origin":[8,16,8]},"faces":{"north":{"uv":[4.25,7.25,5.75,7.5],"texture":"#3"},"east":{"uv":[4.25,8.25,4.5,8.5],"texture":"#3"},"south":{"uv":[4.25,7.25,5.75,7.5],"texture":"#3"},"west":{"uv":[4.5,8.25,4.75,8.5],"texture":"#3"},"up":{"uv":[5.75,7.75,4.25,7.5],"texture":"#3"},"down":{"uv":[5.75,7.75,4.25,8],"texture":"#3"}}},{"from":[10.28185,27.01714,7.6],"to":[16.03185,28.01714,8.4],"rotation":{"angle":45,"axis":"z","origin":[8,16,8]},"faces":{"north":{"uv":[4.25,7.75,5.75,7.5],"texture":"#3"},"east":{"uv":[4.25,8.25,4.5,8.5],"texture":"#3"},"south":{"uv":[4.25,7.75,5.75,7.5],"texture":"#3"},"west":{"uv":[4.5,8.25,4.75,8.5],"texture":"#3"},"up":{"uv":[5.75,7.75,4.25,7.5],"texture":"#3"},"down":{"uv":[5.75,7.75,4.25,8],"texture":"#3"}}},{"from":[-6.39214,20.65685,7.6],"to":[-0.64214,21.65685,8.4],"rotation":{"angle":-45,"axis":"z","origin":[8,16,8]},"faces":{"north":{"uv":[4.25,7.25,5.75,7.5],"texture":"#3"},"east":{"uv":[4.25,8.25,4.5,8.5],"texture":"#3"},"south":{"uv":[4.25,7.25,5.75,7.5],"texture":"#3"},"west":{"uv":[4.5,8.25,4.75,8.5],"texture":"#3"},"up":{"uv":[5.75,7.75,4.25,7.5],"texture":"#3"},"down":{"uv":[5.75,7.75,4.25,8],"texture":"#3"}}},{"from":[2,2,7.75],"to":[14,24.75,8.25],"rotation":{"angle":0,"axis":"y","origin":[8,16,8]},"faces":{"north":{"uv":[0,0,3,5.75],"texture":"#3"},"east":{"uv":[7,6,7.125,11.75],"texture":"#3"},"south":{"uv":[0,0,3,5.75],"texture":"#3"},"west":{"uv":[4,7.25,4.125,13],"texture":"#3"},"up":{"uv":[10.25,6.625,7.25,6.5],"texture":"#3"},"down":{"uv":[10.25,6.75,7.25,6.875],"texture":"#3"}}},{"from":[2,25.75,7.75],"to":[14,30,8.25],"rotation":{"angle":0,"axis":"y","origin":[8,16,8]},"faces":{"north":{"uv":[4,5.75,7,6.875],"texture":"#3"},"east":{"uv":[7.25,9,7.375,10.125],"texture":"#3"},"south":{"uv":[4,5.75,7,6.875],"texture":"#3"},"west":{"uv":[7.5,9,7.625,10.125],"texture":"#3"},"up":{"uv":[10.25,6.125,7.25,6],"texture":"#3"},"down":{"uv":[10.25,6.25,7.25,6.375],"texture":"#3"}}}],"gui_light":"front","display":{"thirdperson_righthand":{"rotation":[67.5,0,0],"translation":[0,-0.5,-1],"scale":[0.25273,0.25273,0.25273]},"thirdperson_lefthand":{"rotation":[67.5,0,0],"translation":[0,-0.5,-1],"scale":[0.25273,0.25273,0.25273]},"firstperson_righthand":{"translation":[2,1.25,0],"scale":[0.39578,0.39578,0.39578]},"firstperson_lefthand":{"translation":[2,1.25,0],"scale":[0.39578,0.39578,0.39578]},"ground":{"translation":[0,4,0],"scale":[0.4,0.4,0.4]},"gui":{"rotation":[30,145,0],"translation":[0,-3.25,0],"scale":[0.46102,0.46102,0.46102]},"head":{"scale":[0,0,0]},"fixed":{"translation":[0,0,-2],"scale":[2,2,2]}}}