{"credit":"MadewithBlockbench","texture_size":[64,64],"textures":{"2":"elitecreatures:windows_decoration_v1/15_windows_texture","particle":"elitecreatures:windows_decoration_v1/15_windows_texture"},"elements":[{"from":[2,2,7.75],"to":[14,30,8.25],"faces":{"north":{"uv":[0,0,3,7],"texture":"#2"},"east":{"uv":[7.5,7.5,7.625,14.5],"texture":"#2"},"south":{"uv":[0,0,3,7],"texture":"#2"},"west":{"uv":[7.75,7.5,7.875,14.5],"texture":"#2"},"up":{"uv":[10.5,5.625,7.5,5.5],"texture":"#2"},"down":{"uv":[10.5,5.75,7.5,5.875],"texture":"#2"}}},{"from":[0,30,7],"to":[16,32,9],"rotation":{"angle":0,"axis":"y","origin":[8,16,8]},"faces":{"north":{"uv":[2.5,7,6.5,7.5],"texture":"#2"},"east":{"uv":[2.5,8,3,8.5],"texture":"#2"},"south":{"uv":[6.5,7,10.5,7.5],"texture":"#2"},"west":{"uv":[3,8,3.5,8.5],"texture":"#2"},"up":{"uv":[11.5,0.5,7.5,0],"texture":"#2"},"down":{"uv":[11.5,0.5,7.5,1],"texture":"#2"}}},{"from":[0,0,7],"to":[16,2,9],"rotation":{"angle":0,"axis":"y","origin":[8,16,8]},"faces":{"north":{"uv":[7.5,1,11.5,1.5],"texture":"#2"},"east":{"uv":[3.5,8,4,8.5],"texture":"#2"},"south":{"uv":[7.5,1.5,11.5,2],"texture":"#2"},"west":{"uv":[4,8,4.5,8.5],"texture":"#2"},"up":{"uv":[11.5,2.5,7.5,2],"texture":"#2"},"down":{"uv":[6.5,7.5,2.5,8],"texture":"#2"}}},{"from":[14,2,7],"to":[16,30,9],"rotation":{"angle":0,"axis":"y","origin":[8,16,8]},"faces":{"north":{"uv":[6,0,6.5,7],"texture":"#2"},"east":{"uv":[6.5,0,7,7],"texture":"#2"},"south":{"uv":[0,7,0.5,14],"texture":"#2"},"west":{"uv":[7,0,7.5,7],"texture":"#2"},"up":{"uv":[5,8.5,4.5,8],"texture":"#2"},"down":{"uv":[5.5,8,5,8.5],"texture":"#2"}}},{"from":[0,2,7],"to":[2,30,9],"rotation":{"angle":0,"axis":"y","origin":[8,16,8]},"faces":{"north":{"uv":[0.5,7,1,14],"texture":"#2"},"east":{"uv":[1,7,1.5,14],"texture":"#2"},"south":{"uv":[1.5,7,2,14],"texture":"#2"},"west":{"uv":[2,7,2.5,14],"texture":"#2"},"up":{"uv":[6,8.5,5.5,8],"texture":"#2"},"down":{"uv":[6.5,8,6,8.5],"texture":"#2"}}},{"from":[7.75,2,7.5],"to":[8.25,30,8.5],"rotation":{"angle":0,"axis":"y","origin":[8,16,8]},"faces":{"north":{"uv":[7,7.5,7.125,14.5],"texture":"#2"},"east":{"uv":[6.5,7.5,6.75,14.5],"texture":"#2"},"south":{"uv":[7,7.5,7.125,14.5],"texture":"#2"},"west":{"uv":[6.75,7.5,7,14.5],"texture":"#2"},"up":{"uv":[8.125,7.75,8,7.5],"texture":"#2"},"down":{"uv":[8.125,7.75,8,8],"texture":"#2"}}},{"from":[2,23.75,7.35],"to":[14,24.25,8.35],"rotation":{"angle":0,"axis":"y","origin":[8,25,7.75]},"faces":{"north":{"uv":[7.5,4.5,10.5,4.625],"texture":"#2"},"east":{"uv":[8,8,8.25,8.125],"texture":"#2"},"south":{"uv":[7.5,4.5,10.5,4.625],"texture":"#2"},"west":{"uv":[8.25,7.5,8.5,7.625],"texture":"#2"},"up":{"uv":[10.5,2.75,7.5,2.5],"texture":"#2"},"down":{"uv":[10.5,2.75,7.5,3],"texture":"#2"}}},{"from":[2,17.5,7.35],"to":[14,18,8.35],"rotation":{"angle":0,"axis":"y","origin":[8,25,7.75]},"faces":{"north":{"uv":[7.5,4.5,10.5,4.625],"texture":"#2"},"east":{"uv":[8,8,8.25,8.125],"texture":"#2"},"south":{"uv":[7.5,4.5,10.5,4.625],"texture":"#2"},"west":{"uv":[8.25,7.5,8.5,7.625],"texture":"#2"},"up":{"uv":[10.5,2.75,7.5,2.5],"texture":"#2"},"down":{"uv":[10.5,2.75,7.5,3],"texture":"#2"}}},{"from":[2,11.5,7.35],"to":[14,12,8.35],"rotation":{"angle":0,"axis":"y","origin":[8,25,7.75]},"faces":{"north":{"uv":[7.5,4.5,10.5,4.625],"texture":"#2"},"east":{"uv":[8,8,8.25,8.125],"texture":"#2"},"south":{"uv":[7.5,4.5,10.5,4.625],"texture":"#2"},"west":{"uv":[8.25,7.5,8.5,7.625],"texture":"#2"},"up":{"uv":[10.5,2.75,7.5,2.5],"texture":"#2"},"down":{"uv":[10.5,2.75,7.5,3],"texture":"#2"}}},{"from":[2,5.25,7.35],"to":[14,5.75,8.35],"rotation":{"angle":0,"axis":"y","origin":[8,25,7.75]},"faces":{"north":{"uv":[7.5,4.5,10.5,4.625],"texture":"#2"},"east":{"uv":[8,8,8.25,8.125],"texture":"#2"},"south":{"uv":[7.5,4.5,10.5,4.625],"texture":"#2"},"west":{"uv":[8.25,7.5,8.5,7.625],"texture":"#2"},"up":{"uv":[10.5,2.75,7.5,2.5],"texture":"#2"},"down":{"uv":[10.5,2.75,7.5,3],"texture":"#2"}}}],"gui_light":"front","display":{"thirdperson_righthand":{"rotation":[67.5,0,0],"translation":[0,-0.5,-1],"scale":[0.25273,0.25273,0.25273]},"thirdperson_lefthand":{"rotation":[67.5,0,0],"translation":[0,-0.5,-1],"scale":[0.25273,0.25273,0.25273]},"firstperson_righthand":{"translation":[2,1.25,0],"scale":[0.39578,0.39578,0.39578]},"firstperson_lefthand":{"translation":[2,1.25,0],"scale":[0.39578,0.39578,0.39578]},"ground":{"translation":[0,4,0],"scale":[0.4,0.4,0.4]},"gui":{"rotation":[30,145,0],"translation":[0,-3.25,0],"scale":[0.46102,0.46102,0.46102]},"head":{"scale":[0,0,0]},"fixed":{"translation":[0,0,-2],"scale":[2,2,2]}}}