{"credit":"MadewithBlockbench","texture_size":[64,64],"textures":{"3":"elitecreatures:windows_decoration_v1/39_windows_texture"},"elements":[{"from":[0,0,7],"to":[16,2,9],"rotation":{"angle":0,"axis":"y","origin":[8,16,8.1875]},"faces":{"north":{"uv":[8,0,12,0.5],"texture":"#3"},"east":{"uv":[8.5,6.5,9,7],"texture":"#3"},"south":{"uv":[8,0.5,12,1],"texture":"#3"},"west":{"uv":[8.5,7,9,7.5],"texture":"#3"},"up":{"uv":[12,1.5,8,1],"texture":"#3"},"down":{"uv":[12,1.5,8,2],"texture":"#3"}}},{"from":[14,2,7],"to":[16,30,9],"rotation":{"angle":0,"axis":"y","origin":[8,16,8.1875]},"faces":{"north":{"uv":[0,7,0.5,14],"texture":"#3"},"east":{"uv":[0.5,7,1,14],"texture":"#3"},"south":{"uv":[1,7,1.5,14],"texture":"#3"},"west":{"uv":[1.5,7,2,14],"texture":"#3"},"up":{"uv":[9,8,8.5,7.5],"texture":"#3"},"down":{"uv":[9,8,8.5,8.5],"texture":"#3"}}},{"from":[0,2,7],"to":[2,30,9],"rotation":{"angle":0,"axis":"y","origin":[8,16,8.1875]},"faces":{"north":{"uv":[2,7,2.5,14],"texture":"#3"},"east":{"uv":[2.5,7,3,14],"texture":"#3"},"south":{"uv":[3,7,3.5,14],"texture":"#3"},"west":{"uv":[3.5,7,4,14],"texture":"#3"},"up":{"uv":[9,9,8.5,8.5],"texture":"#3"},"down":{"uv":[9.5,6.5,9,7],"texture":"#3"}}},{"from":[0,30,7],"to":[16,32,9],"rotation":{"angle":0,"axis":"y","origin":[8,16,8.1875]},"faces":{"north":{"uv":[8,2,12,2.5],"texture":"#3"},"east":{"uv":[9,7,9.5,7.5],"texture":"#3"},"south":{"uv":[8,2.5,12,3],"texture":"#3"},"west":{"uv":[9,7.5,9.5,8],"texture":"#3"},"up":{"uv":[12,3.5,8,3],"texture":"#3"},"down":{"uv":[12,3.5,8,4],"texture":"#3"}}},{"from":[3,28,7.5],"to":[13,29,8.5],"faces":{"north":{"uv":[8.5,4,11,4.25],"texture":"#3"},"east":{"uv":[9,8,9.25,8.25],"texture":"#3"},"south":{"uv":[8.5,4,11,4.25],"texture":"#3"},"west":{"uv":[9,8.25,9.25,8.5],"texture":"#3"},"up":{"uv":[11,4.75,8.5,4.5],"texture":"#3"},"down":{"uv":[11,4.75,8.5,5],"texture":"#3"}}},{"from":[3,3,7.5],"to":[13,4,8.5],"faces":{"north":{"uv":[8.5,5,11,5.25],"texture":"#3"},"east":{"uv":[9,9,9.25,9.25],"texture":"#3"},"south":{"uv":[8.5,5,11,5.25],"texture":"#3"},"west":{"uv":[9.25,8,9.5,8.25],"texture":"#3"},"up":{"uv":[11,5.75,8.5,5.5],"texture":"#3"},"down":{"uv":[11,5.75,8.5,6],"texture":"#3"}}},{"from":[12,4,7.5],"to":[13,28,8.5],"faces":{"north":{"uv":[4,7,4.25,13],"texture":"#3"},"east":{"uv":[4.25,7,4.5,13],"texture":"#3"},"south":{"uv":[4.25,7,4,13],"texture":"#3"},"west":{"uv":[4.75,7,5,13],"texture":"#3"},"up":{"uv":[8.75,9.25,8.5,9],"texture":"#3"},"down":{"uv":[9.25,8.5,9,8.75],"texture":"#3"}}},{"from":[3,4,7.5],"to":[4,28,8.5],"faces":{"north":{"uv":[5,7,5.25,13],"texture":"#3"},"east":{"uv":[5.25,7,5.5,13],"texture":"#3"},"south":{"uv":[5.25,7,5,13],"texture":"#3"},"west":{"uv":[5.75,7,6,13],"texture":"#3"},"up":{"uv":[9,9.25,8.75,9],"texture":"#3"},"down":{"uv":[9.25,8.75,9,9],"texture":"#3"}}},{"from":[2,2,7.75],"to":[14,30,8.25],"faces":{"north":{"uv":[3,0,6,7],"texture":"#3"},"east":{"uv":[8,4,8.125,11],"texture":"#3"},"south":{"uv":[3,0,6,7],"texture":"#3"},"west":{"uv":[8.25,4,8.375,11],"texture":"#3"},"up":{"uv":[11.5,6.125,8.5,6],"texture":"#3"},"down":{"uv":[11.5,6.25,8.5,6.375],"texture":"#3"}}},{"from":[4,4,8],"to":[12,28,8],"faces":{"north":{"uv":[6,0,8,6],"texture":"#3"},"east":{"uv":[0,0,0,6],"texture":"#3"},"south":{"uv":[8,0,6,6],"texture":"#3"},"west":{"uv":[0,0,0,6],"texture":"#3"},"up":{"uv":[2,0,0,0],"texture":"#3"},"down":{"uv":[2,0,0,0],"texture":"#3"}}}],"gui_light":"front","display":{"thirdperson_righthand":{"rotation":[67.5,0,0],"translation":[0,-0.5,-1],"scale":[0.25273,0.25273,0.25273]},"thirdperson_lefthand":{"rotation":[67.5,0,0],"translation":[0,-0.5,-1],"scale":[0.25273,0.25273,0.25273]},"firstperson_righthand":{"translation":[2,1.25,0],"scale":[0.39578,0.39578,0.39578]},"firstperson_lefthand":{"translation":[2,1.25,0],"scale":[0.39578,0.39578,0.39578]},"ground":{"translation":[0,4,0],"scale":[0.4,0.4,0.4]},"gui":{"rotation":[30,145,0],"translation":[0,-3.25,0],"scale":[0.46102,0.46102,0.46102]},"head":{"scale":[0,0,0]},"fixed":{"translation":[0,0,-2],"scale":[2,2,2]}}}