{"credit":"MadewithBlockbench","texture_size":[64,64],"textures":{"4":"elitecreatures:windows_decoration_v1/09_windows_texture"},"elements":[{"from":[8.89949,2.06206,8.25],"to":[14.14949,20.06206,8.75],"rotation":{"angle":0,"axis":"y","origin":[8,16,8.1875]},"faces":{"north":{"uv":[3.25,0,4.625,4.5],"texture":"#4"},"east":{"uv":[7,5,7.125,9.5],"texture":"#4"},"south":{"uv":[0,4.5,1.375,9],"texture":"#4"},"west":{"uv":[5.25,7,5.375,11.5],"texture":"#4"},"up":{"uv":[9.375,6.125,8,6],"texture":"#4"},"down":{"uv":[9.375,6.25,8,6.375],"texture":"#4"}}},{"from":[1.75051,2.06206,8.25],"to":[7.00051,20.06206,8.75],"rotation":{"angle":0,"axis":"y","origin":[8,16,8.1875]},"faces":{"north":{"uv":[4.625,0,3.25,4.5],"texture":"#4"},"east":{"uv":[5.375,7,5.25,11.5],"texture":"#4"},"south":{"uv":[1.375,4.5,0,9],"texture":"#4"},"west":{"uv":[7.125,5,7,9.5],"texture":"#4"},"up":{"uv":[8,6.125,9.375,6],"texture":"#4"},"down":{"uv":[8,6.25,9.375,6.375],"texture":"#4"}}},{"from":[1.89949,21.06206,7.5],"to":[14.14949,30.06206,8],"rotation":{"angle":0,"axis":"y","origin":[8,16,8.1875]},"faces":{"north":{"uv":[0,0,3.0625,2.25],"texture":"#4"},"east":{"uv":[7.25,5.5,7.375,7.75],"texture":"#4"},"south":{"uv":[0,2.25,3.125,4.5],"texture":"#4"},"west":{"uv":[6.25,7.25,6.375,9.5],"texture":"#4"},"up":{"uv":[10.375,5.125,7.25,5],"texture":"#4"},"down":{"uv":[10.375,5.25,7.25,5.375],"texture":"#4"}}},{"from":[2.89949,21.06206,7.25],"to":[3.89949,30.06206,8.25],"rotation":{"angle":0,"axis":"y","origin":[8,16,8.1875]},"faces":{"north":{"uv":[6.25,5,6.5,7.25],"texture":"#4"},"east":{"uv":[6.25,5,6.5,7.25],"texture":"#4"},"south":{"uv":[6.25,5,6.5,7.25],"texture":"#4"},"west":{"uv":[6.25,5,6.5,7.25],"texture":"#4"},"up":{"uv":[7.5,8,7.25,7.75],"texture":"#4"},"down":{"uv":[8.25,6.5,8,6.75],"texture":"#4"}}},{"from":[5.89949,21.06206,7.25],"to":[6.89949,30.06206,8.25],"rotation":{"angle":0,"axis":"y","origin":[8,16,8.1875]},"faces":{"north":{"uv":[6.25,5,6.5,7.25],"texture":"#4"},"east":{"uv":[6.25,5,6.5,7.25],"texture":"#4"},"south":{"uv":[6.25,5,6.5,7.25],"texture":"#4"},"west":{"uv":[6.25,5,6.5,7.25],"texture":"#4"},"up":{"uv":[7.5,8,7.25,7.75],"texture":"#4"},"down":{"uv":[8.25,6.5,8,6.75],"texture":"#4"}}},{"from":[8.89949,21.06206,7.25],"to":[9.89949,30.06206,8.25],"rotation":{"angle":0,"axis":"y","origin":[8,16,8.1875]},"faces":{"north":{"uv":[6.25,5,6.5,7.25],"texture":"#4"},"east":{"uv":[6.25,5,6.5,7.25],"texture":"#4"},"south":{"uv":[6.25,5,6.5,7.25],"texture":"#4"},"west":{"uv":[6.25,5,6.5,7.25],"texture":"#4"},"up":{"uv":[7.5,8,7.25,7.75],"texture":"#4"},"down":{"uv":[8.25,6.5,8,6.75],"texture":"#4"}}},{"from":[11.89949,21.06206,7.25],"to":[12.89949,30.06206,8.25],"rotation":{"angle":0,"axis":"y","origin":[8,16,8.1875]},"faces":{"north":{"uv":[6.25,5,6.5,7.25],"texture":"#4"},"east":{"uv":[6.25,5,6.5,7.25],"texture":"#4"},"south":{"uv":[6.25,5,6.5,7.25],"texture":"#4"},"west":{"uv":[6.25,5,6.5,7.25],"texture":"#4"},"up":{"uv":[7.5,8,7.25,7.75],"texture":"#4"},"down":{"uv":[8.25,6.5,8,6.75],"texture":"#4"}}},{"from":[0,0,7],"to":[16,2,9],"rotation":{"angle":0,"axis":"y","origin":[8,16,8.1875]},"faces":{"north":{"uv":[5.5,0,9.5,0.5],"texture":"#4"},"east":{"uv":[6.5,7.25,7,7.75],"texture":"#4"},"south":{"uv":[5.5,0.5,9.5,1],"texture":"#4"},"west":{"uv":[7.5,5.5,8,6],"texture":"#4"},"up":{"uv":[9.5,1.5,5.5,1],"texture":"#4"},"down":{"uv":[9.5,1.5,5.5,2],"texture":"#4"}}},{"from":[14,2,7],"to":[16,30,9],"rotation":{"angle":0,"axis":"y","origin":[8,16,8.1875]},"faces":{"north":{"uv":[1.5,4.5,2,11.5],"texture":"#4"},"east":{"uv":[2,4.5,2.5,11.5],"texture":"#4"},"south":{"uv":[2.5,4.5,3,11.5],"texture":"#4"},"west":{"uv":[3,4.5,3.5,11.5],"texture":"#4"},"up":{"uv":[8,6.5,7.5,6],"texture":"#4"},"down":{"uv":[8,6.5,7.5,7],"texture":"#4"}}},{"from":[0,2,7],"to":[2,30,9],"rotation":{"angle":0,"axis":"y","origin":[8,16,8.1875]},"faces":{"north":{"uv":[3.5,4.5,4,11.5],"texture":"#4"},"east":{"uv":[4,4.5,4.5,11.5],"texture":"#4"},"south":{"uv":[4.5,4.5,5,11.5],"texture":"#4"},"west":{"uv":[5,0,5.5,7],"texture":"#4"},"up":{"uv":[8,7.5,7.5,7],"texture":"#4"},"down":{"uv":[8,7.5,7.5,8],"texture":"#4"}}},{"from":[0,30,7],"to":[16,32,9],"rotation":{"angle":0,"axis":"y","origin":[8,16,8.1875]},"faces":{"north":{"uv":[5.5,2,9.5,2.5],"texture":"#4"},"east":{"uv":[6.5,7.75,7,8.25],"texture":"#4"},"south":{"uv":[5.5,2.5,9.5,3],"texture":"#4"},"west":{"uv":[8,5.5,8.5,6],"texture":"#4"},"up":{"uv":[9.5,3.5,5.5,3],"texture":"#4"},"down":{"uv":[9.5,3.5,5.5,4],"texture":"#4"}}},{"from":[7.89949,2.06206,8],"to":[8.89949,20.06206,9],"rotation":{"angle":0,"axis":"y","origin":[8,16,8.1875]},"faces":{"north":{"uv":[5,0,4.75,4.5],"texture":"#4"},"east":{"uv":[4.75,0,5,4.5],"texture":"#4"},"south":{"uv":[4.75,0,5,4.5],"texture":"#4"},"west":{"uv":[4.75,0,5,4.5],"texture":"#4"},"up":{"uv":[7.5,8.25,7.25,8],"texture":"#4"},"down":{"uv":[8.25,7.25,8,7.5],"texture":"#4"}}},{"from":[6.89949,2.06206,8],"to":[7.89949,20.06206,9],"rotation":{"angle":0,"axis":"y","origin":[8,16,8.1875]},"faces":{"north":{"uv":[4.75,0,5,4.5],"texture":"#4"},"east":{"uv":[4.75,0,5,4.5],"texture":"#4"},"south":{"uv":[5,0,4.75,4.5],"texture":"#4"},"west":{"uv":[4.75,0,5,4.5],"texture":"#4"},"up":{"uv":[7.5,8.25,7.25,8],"texture":"#4"},"down":{"uv":[8.25,7.25,8,7.5],"texture":"#4"}}},{"from":[1.99949,20.06206,7.25],"to":[13.99949,21.06206,8.25],"rotation":{"angle":0,"axis":"y","origin":[8,16,8.1875]},"faces":{"north":{"uv":[6.25,4,9.25,4.25],"texture":"#4"},"east":{"uv":[8,6.75,8.25,7],"texture":"#4"},"south":{"uv":[6.25,4,9.25,4.25],"texture":"#4"},"west":{"uv":[8,7,8.25,7.25],"texture":"#4"},"up":{"uv":[6.25,4,9.25,4.25],"texture":"#4"},"down":{"uv":[6.25,4,9.25,4.25],"texture":"#4"}}},{"from":[1.99949,20.06206,8.25],"to":[13.99949,21.06206,9],"rotation":{"angle":0,"axis":"y","origin":[8,16,8.1875]},"faces":{"north":{"uv":[6.25,4,9.25,4.25],"texture":"#4"},"east":{"uv":[8,6.75,8.25,7],"texture":"#4"},"south":{"uv":[6.25,4,9.25,4.25],"texture":"#4"},"west":{"uv":[8,7,8.25,7.25],"texture":"#4"},"up":{"uv":[6.25,4,9.25,4.25],"texture":"#4"},"down":{"uv":[6.25,4,9.25,4.25],"texture":"#4"}}},{"from":[7.15,10.75,7.5],"to":[7.65,12.75,8],"rotation":{"angle":0,"axis":"y","origin":[8,16,8.1875]},"faces":{"north":{"uv":[5.5,4,5.625,4.5],"texture":"#4"},"east":{"uv":[5.5,4,5.625,4.5],"texture":"#4"},"south":{"uv":[5.5,5,5.625,5.5],"texture":"#4"},"west":{"uv":[5.5,4,5.625,4.5],"texture":"#4"},"up":{"uv":[5.875,4.125,5.75,4],"texture":"#4"},"down":{"uv":[5.875,4.25,5.75,4.375],"texture":"#4"}}},{"from":[8.15,10.75,7.5],"to":[8.65,12.75,8],"rotation":{"angle":0,"axis":"y","origin":[8,16,8.1875]},"faces":{"north":{"uv":[5.5,4,5.625,4.5],"texture":"#4"},"east":{"uv":[5.5,4,5.625,4.5],"texture":"#4"},"south":{"uv":[5.5,5,5.625,5.5],"texture":"#4"},"west":{"uv":[5.5,4,5.625,4.5],"texture":"#4"},"up":{"uv":[5.875,4.125,5.75,4],"texture":"#4"},"down":{"uv":[5.875,4.25,5.75,4.375],"texture":"#4"}}}],"gui_light":"front","display":{"thirdperson_righthand":{"rotation":[67.5,0,0],"translation":[0,-0.5,-1],"scale":[0.25273,0.25273,0.25273]},"thirdperson_lefthand":{"rotation":[67.5,0,0],"translation":[0,-0.5,-1],"scale":[0.25273,0.25273,0.25273]},"firstperson_righthand":{"translation":[2,1.25,0],"scale":[0.39578,0.39578,0.39578]},"firstperson_lefthand":{"translation":[2,1.25,0],"scale":[0.39578,0.39578,0.39578]},"ground":{"translation":[0,4,0],"scale":[0.4,0.4,0.4]},"gui":{"rotation":[30,145,0],"translation":[0,-3.25,0],"scale":[0.46102,0.46102,0.46102]},"head":{"scale":[0,0,0]},"fixed":{"translation":[0,0,-2],"scale":[2,2,2]}}}