{"credit":"MadewithBlockbench","texture_size":[128,128],"textures":{"2":"elitecreatures:windows_decoration_v1/26_windows_texture"},"elements":[{"from":[0,0,7],"to":[16,2,9],"rotation":{"angle":0,"axis":"y","origin":[8,16,15]},"faces":{"north":{"uv":[3.75,3,5.75,3.25],"texture":"#2"},"east":{"uv":[4.75,5,5,5.25],"texture":"#2"},"south":{"uv":[3.75,3.25,5.75,3.5],"texture":"#2"},"west":{"uv":[5,4.75,5.25,5],"texture":"#2"},"up":{"uv":[3.25,4.125,1.25,3.875],"texture":"#2"},"down":{"uv":[5.25,3.875,3.25,4.125],"texture":"#2"}}},{"from":[14,2,7],"to":[16,30,9],"rotation":{"angle":0,"axis":"y","origin":[8,16,15]},"faces":{"north":{"uv":[3,0,3.25,3.5],"texture":"#2"},"east":{"uv":[3.25,0,3.5,3.5],"texture":"#2"},"south":{"uv":[0,3.5,0.25,7],"texture":"#2"},"west":{"uv":[3.5,0,3.75,3.5],"texture":"#2"},"up":{"uv":[5.25,5.25,5,5],"texture":"#2"},"down":{"uv":[1.75,5.125,1.5,5.375],"texture":"#2"}}},{"from":[0,2,7],"to":[2,30,9],"rotation":{"angle":0,"axis":"y","origin":[8,16,15]},"faces":{"north":{"uv":[0.25,3.5,0.5,7],"texture":"#2"},"east":{"uv":[0.5,3.5,0.75,7],"texture":"#2"},"south":{"uv":[0.75,3.5,1,7],"texture":"#2"},"west":{"uv":[1,3.5,1.25,7],"texture":"#2"},"up":{"uv":[2,5.375,1.75,5.125],"texture":"#2"},"down":{"uv":[2.25,5.125,2,5.375],"texture":"#2"}}},{"from":[0,30,7],"to":[16,32,9],"rotation":{"angle":0,"axis":"y","origin":[8,16,15]},"faces":{"north":{"uv":[1.25,4.125,3.25,4.375],"texture":"#2"},"east":{"uv":[2.25,5.125,2.5,5.375],"texture":"#2"},"south":{"uv":[3.25,4.125,5.25,4.375],"texture":"#2"},"west":{"uv":[2.5,5.125,2.75,5.375],"texture":"#2"},"up":{"uv":[3.25,4.625,1.25,4.375],"texture":"#2"},"down":{"uv":[5.25,4.375,3.25,4.625],"texture":"#2"}}},{"from":[1,2,6.5],"to":[15,5,7],"faces":{"north":{"uv":[3.75,2.25,5.5,2.625],"texture":"#2"},"east":{"uv":[3.75,5.125,3.8125,5.5],"texture":"#2"},"south":{"uv":[5.5,2.25,3.75,2.625],"texture":"#2"},"west":{"uv":[3.875,5.125,3.9375,5.5],"texture":"#2"},"up":{"uv":[5,4.9375,3.25,4.875],"texture":"#2"},"down":{"uv":[3.25,5,1.5,5.0625],"texture":"#2"}}},{"from":[1,21.25,6.5],"to":[15,24.25,7],"faces":{"north":{"uv":[3.75,2.25,5.5,2.625],"texture":"#2"},"east":{"uv":[3.75,5.125,3.8125,5.5],"texture":"#2"},"south":{"uv":[5.5,2.25,3.75,2.625],"texture":"#2"},"west":{"uv":[3.875,5.125,3.9375,5.5],"texture":"#2"},"up":{"uv":[5,4.9375,3.25,4.875],"texture":"#2"},"down":{"uv":[3.25,5,1.5,5.0625],"texture":"#2"}}},{"from":[1,12,6.75],"to":[15,15,7.25],"faces":{"north":{"uv":[3.75,2.25,5.5,2.625],"texture":"#2"},"east":{"uv":[3.75,5.125,3.8125,5.5],"texture":"#2"},"south":{"uv":[5.5,2.25,3.75,2.625],"texture":"#2"},"west":{"uv":[3.875,5.125,3.9375,5.5],"texture":"#2"},"up":{"uv":[5,4.9375,3.25,4.875],"texture":"#2"},"down":{"uv":[3.25,5,1.5,5.0625],"texture":"#2"}}},{"from":[-0.25,26.75,6.5],"to":[13.75,29.75,7],"rotation":{"angle":-22.5,"axis":"z","origin":[8,22.75,6.75]},"faces":{"north":{"uv":[3.75,2.25,5.5,2.625],"texture":"#2"},"east":{"uv":[3.75,5.125,3.8125,5.5],"texture":"#2"},"south":{"uv":[5.5,2.25,3.75,2.625],"texture":"#2"},"west":{"uv":[3.875,5.125,3.9375,5.5],"texture":"#2"},"up":{"uv":[5,4.9375,3.25,4.875],"texture":"#2"},"down":{"uv":[3.25,5,1.5,5.0625],"texture":"#2"}}},{"from":[1,7,6.6],"to":[15,10,7.1],"rotation":{"angle":-22.5,"axis":"z","origin":[8,8.5,6.75]},"faces":{"north":{"uv":[3.75,2.25,5.5,2.625],"texture":"#2"},"east":{"uv":[3.75,5.125,3.8125,5.5],"texture":"#2"},"south":{"uv":[5.5,2.25,3.75,2.625],"texture":"#2"},"west":{"uv":[3.875,5.125,3.9375,5.5],"texture":"#2"},"up":{"uv":[5,4.9375,3.25,4.875],"texture":"#2"},"down":{"uv":[3.25,5,1.5,5.0625],"texture":"#2"}}},{"from":[2.4658,17.91007,6.6],"to":[16.4658,20.91007,7.1],"rotation":{"angle":22.5,"axis":"z","origin":[10.9658,15.66007,6.75]},"faces":{"north":{"uv":[3.75,2.25,5.5,2.625],"texture":"#2"},"east":{"uv":[3.75,5.125,3.8125,5.5],"texture":"#2"},"south":{"uv":[5.5,2.25,3.75,2.625],"texture":"#2"},"west":{"uv":[3.875,5.125,3.9375,5.5],"texture":"#2"},"up":{"uv":[5,4.9375,3.25,4.875],"texture":"#2"},"down":{"uv":[3.25,5,1.5,5.0625],"texture":"#2"}}},{"from":[2,2,7.75],"to":[14,30,8.25],"faces":{"north":{"uv":[1.5,0,3,3.5],"texture":"#2"},"east":{"uv":[1.25,4.625,1.3125,8.125],"texture":"#2"},"south":{"uv":[1.5,0,3,3.5],"texture":"#2"},"west":{"uv":[1.375,4.625,1.4375,8.125],"texture":"#2"},"up":{"uv":[4.75,5.0625,3.25,5],"texture":"#2"},"down":{"uv":[6.5,4.625,5,4.6875],"texture":"#2"}}}],"gui_light":"front","display":{"thirdperson_righthand":{"rotation":[67.5,0,0],"translation":[0,-0.5,-1],"scale":[0.25273,0.25273,0.25273]},"thirdperson_lefthand":{"rotation":[67.5,0,0],"translation":[0,-0.5,-1],"scale":[0.25273,0.25273,0.25273]},"firstperson_righthand":{"translation":[2,1.25,0],"scale":[0.39578,0.39578,0.39578]},"firstperson_lefthand":{"translation":[2,1.25,0],"scale":[0.39578,0.39578,0.39578]},"ground":{"translation":[0,4,0],"scale":[0.4,0.4,0.4]},"gui":{"rotation":[30,145,0],"translation":[0,-3.25,0],"scale":[0.46102,0.46102,0.46102]},"head":{"scale":[0,0,0]},"fixed":{"translation":[0,0,-2],"scale":[2,2,2]}}}