{"credit":"MadewithBlockbench","texture_size":[64,64],"textures":{"1":"elitecreatures:windows_decoration_v1/32_windows_texture","particle":"elitecreatures:windows_decoration_v1/32_windows_texture"},"elements":[{"from":[0,30,7],"to":[16,32,9],"rotation":{"angle":0,"axis":"y","origin":[8,16,8]},"faces":{"north":{"uv":[7.5,1,11.5,1.5],"texture":"#1"},"east":{"uv":[10,10.5,10.5,11],"texture":"#1"},"south":{"uv":[7.5,1.5,11.5,2],"texture":"#1"},"west":{"uv":[10.5,10.5,11,11],"texture":"#1"},"up":{"uv":[11.5,2.5,7.5,2],"texture":"#1"},"down":{"uv":[6.5,7.5,2.5,8],"texture":"#1"}}},{"from":[0,0,7],"to":[16,2,9],"rotation":{"angle":0,"axis":"y","origin":[8,16,8]},"faces":{"north":{"uv":[2.5,7,6.5,7.5],"texture":"#1"},"east":{"uv":[10.5,6.25,11,6.75],"texture":"#1"},"south":{"uv":[6.5,7,10.5,7.5],"texture":"#1"},"west":{"uv":[10.5,6.75,11,7.25],"texture":"#1"},"up":{"uv":[11.5,0.5,7.5,0],"texture":"#1"},"down":{"uv":[11.5,0.5,7.5,1],"texture":"#1"}}},{"from":[14,2,7],"to":[16,30,9],"rotation":{"angle":0,"axis":"y","origin":[8,16,8]},"faces":{"north":{"uv":[6,0,6.5,7],"texture":"#1"},"east":{"uv":[6.5,0,7,7],"texture":"#1"},"south":{"uv":[0,7,0.5,14],"texture":"#1"},"west":{"uv":[7,0,7.5,7],"texture":"#1"},"up":{"uv":[8.5,11,8,10.5],"texture":"#1"},"down":{"uv":[9,10.5,8.5,11],"texture":"#1"}}},{"from":[0,2,7],"to":[2,30,9],"rotation":{"angle":0,"axis":"y","origin":[8,16,8]},"faces":{"north":{"uv":[0.5,7,1,14],"texture":"#1"},"east":{"uv":[1,7,1.5,14],"texture":"#1"},"south":{"uv":[1.5,7,2,14],"texture":"#1"},"west":{"uv":[2,7,2.5,14],"texture":"#1"},"up":{"uv":[9.5,11,9,10.5],"texture":"#1"},"down":{"uv":[10,10.5,9.5,11],"texture":"#1"}}},{"from":[7.75,10,7.5],"to":[8.25,22,8.5],"rotation":{"angle":0,"axis":"y","origin":[8,16,8]},"faces":{"north":{"uv":[4.25,8,4.375,11],"texture":"#1"},"east":{"uv":[7.5,2.5,7.75,5.5],"texture":"#1"},"south":{"uv":[4.5,8,4.625,11],"texture":"#1"},"west":{"uv":[7,7.5,7.25,10.5],"texture":"#1"},"up":{"uv":[10.875,3.5,10.75,3.25],"texture":"#1"},"down":{"uv":[10.875,3.5,10.75,3.75],"texture":"#1"}}},{"from":[7.75,23,7.5],"to":[8.25,30,8.5],"rotation":{"angle":0,"axis":"y","origin":[8,16,8]},"faces":{"north":{"uv":[7,10.5,7.125,12.25],"texture":"#1"},"east":{"uv":[3.75,8,4,9.75],"texture":"#1"},"south":{"uv":[7,10.5,7.125,12.25],"texture":"#1"},"west":{"uv":[4,8,4.25,9.75],"texture":"#1"},"up":{"uv":[11.125,3.25,11,3],"texture":"#1"},"down":{"uv":[3.375,11,3.25,11.25],"texture":"#1"}}},{"from":[5.25,10,7.5],"to":[5.75,22,8.5],"rotation":{"angle":0,"axis":"y","origin":[8,16,8]},"faces":{"north":{"uv":[4.75,8,4.875,11],"texture":"#1"},"east":{"uv":[7.25,7.75,7.5,10.75],"texture":"#1"},"south":{"uv":[5,8,5.125,11],"texture":"#1"},"west":{"uv":[7.5,7.75,7.75,10.75],"texture":"#1"},"up":{"uv":[10.875,7.5,10.75,7.25],"texture":"#1"},"down":{"uv":[7.625,10.75,7.5,11],"texture":"#1"}}},{"from":[2.75,10,7.5],"to":[3.25,22,8.5],"rotation":{"angle":0,"axis":"y","origin":[8,16,8]},"faces":{"north":{"uv":[6.25,8,6.375,11],"texture":"#1"},"east":{"uv":[3.25,8,3.5,11],"texture":"#1"},"south":{"uv":[3.75,9.75,3.875,12.75],"texture":"#1"},"west":{"uv":[3.5,8,3.75,11],"texture":"#1"},"up":{"uv":[11.125,3,11,2.75],"texture":"#1"},"down":{"uv":[3.125,11,3,11.25],"texture":"#1"}}},{"from":[10.25,10,7.5],"to":[10.75,22,8.5],"rotation":{"angle":0,"axis":"y","origin":[8,16,8]},"faces":{"north":{"uv":[5.25,8,5.375,11],"texture":"#1"},"east":{"uv":[7.75,7.75,8,10.75],"texture":"#1"},"south":{"uv":[5.5,8,5.625,11],"texture":"#1"},"west":{"uv":[2.5,8,2.75,11],"texture":"#1"},"up":{"uv":[7.875,11,7.75,10.75],"texture":"#1"},"down":{"uv":[2.625,11,2.5,11.25],"texture":"#1"}}},{"from":[12.75,10,7.5],"to":[13.25,22,8.5],"rotation":{"angle":0,"axis":"y","origin":[8,16,8]},"faces":{"north":{"uv":[5.75,8,5.875,11],"texture":"#1"},"east":{"uv":[2.75,8,3,11],"texture":"#1"},"south":{"uv":[6,8,6.125,11],"texture":"#1"},"west":{"uv":[3,8,3.25,11],"texture":"#1"},"up":{"uv":[11.125,2.75,11,2.5],"texture":"#1"},"down":{"uv":[2.875,11,2.75,11.25],"texture":"#1"}}},{"from":[2,19.5,7.35],"to":[14,20,8.35],"rotation":{"angle":0,"axis":"y","origin":[8,25,7.75]},"faces":{"north":{"uv":[8,8.5,11,8.625],"texture":"#1"},"east":{"uv":[10.75,3.75,11,3.875],"texture":"#1"},"south":{"uv":[8,8.75,11,8.875],"texture":"#1"},"west":{"uv":[10.75,4,11,4.125],"texture":"#1"},"up":{"uv":[10.5,5.75,7.5,5.5],"texture":"#1"},"down":{"uv":[10.5,5.75,7.5,6],"texture":"#1"}}},{"from":[2,27.5,7.35],"to":[14,28,8.35],"rotation":{"angle":0,"axis":"y","origin":[8,25,7.75]},"faces":{"north":{"uv":[8,10.25,11,10.375],"texture":"#1"},"east":{"uv":[11,3.25,11.25,3.375],"texture":"#1"},"south":{"uv":[10.5,5.5,13.5,5.625],"texture":"#1"},"west":{"uv":[3.5,11,3.75,11.125],"texture":"#1"},"up":{"uv":[10.75,5,7.75,4.75],"texture":"#1"},"down":{"uv":[10.75,5,7.75,5.25],"texture":"#1"}}},{"from":[2,25,7.35],"to":[14,25.5,8.35],"rotation":{"angle":0,"axis":"y","origin":[8,25,7.75]},"faces":{"north":{"uv":[10.5,5.75,13.5,5.875],"texture":"#1"},"east":{"uv":[11,3.5,11.25,3.625],"texture":"#1"},"south":{"uv":[10.5,6,13.5,6.125],"texture":"#1"},"west":{"uv":[11,3.75,11.25,3.875],"texture":"#1"},"up":{"uv":[10.75,5.5,7.75,5.25],"texture":"#1"},"down":{"uv":[11,7.75,8,8],"texture":"#1"}}},{"from":[7.75,2,7.5],"to":[8.25,9,8.5],"rotation":{"angle":0,"axis":"y","origin":[8,16,8]},"faces":{"north":{"uv":[4,9.75,4.125,11.5],"texture":"#1"},"east":{"uv":[3.75,8,4,9.75],"texture":"#1"},"south":{"uv":[7,10.5,7.125,12.25],"texture":"#1"},"west":{"uv":[4,8,4.25,9.75],"texture":"#1"},"up":{"uv":[11.125,3.25,11,3],"texture":"#1"},"down":{"uv":[3.375,11,3.25,11.25],"texture":"#1"}}},{"from":[2,4,7.35],"to":[14,4.5,8.35],"rotation":{"angle":0,"axis":"y","origin":[8,25,7.75]},"faces":{"north":{"uv":[10.5,5.75,13.5,5.875],"texture":"#1"},"east":{"uv":[11,3.5,11.25,3.625],"texture":"#1"},"south":{"uv":[10.5,6,13.5,6.125],"texture":"#1"},"west":{"uv":[11,3.75,11.25,3.875],"texture":"#1"},"up":{"uv":[10.75,5.5,7.75,5.25],"texture":"#1"},"down":{"uv":[11,7.75,8,8],"texture":"#1"}}},{"from":[2,6.5,7.35],"to":[14,7,8.35],"rotation":{"angle":0,"axis":"y","origin":[8,25,7.75]},"faces":{"north":{"uv":[8,10.25,11,10.375],"texture":"#1"},"east":{"uv":[11,3.25,11.25,3.375],"texture":"#1"},"south":{"uv":[10.5,5.5,13.5,5.625],"texture":"#1"},"west":{"uv":[3.5,11,3.75,11.125],"texture":"#1"},"up":{"uv":[10.75,5,7.75,4.75],"texture":"#1"},"down":{"uv":[10.75,5,7.75,5.25],"texture":"#1"}}},{"from":[2,14.5,7.35],"to":[14,15,8.35],"rotation":{"angle":0,"axis":"y","origin":[8,25,7.75]},"faces":{"north":{"uv":[8,9.5,11,9.625],"texture":"#1"},"east":{"uv":[10.75,4.75,11,4.875],"texture":"#1"},"south":{"uv":[8,9.75,11,9.875],"texture":"#1"},"west":{"uv":[10.75,5,11,5.125],"texture":"#1"},"up":{"uv":[10.5,6.75,7.5,6.5],"texture":"#1"},"down":{"uv":[10.5,6.75,7.5,7],"texture":"#1"}}},{"from":[2,17,7.35],"to":[14,17.5,8.35],"rotation":{"angle":0,"axis":"y","origin":[8,25,7.75]},"faces":{"north":{"uv":[8,9,11,9.125],"texture":"#1"},"east":{"uv":[10.75,4.25,11,4.375],"texture":"#1"},"south":{"uv":[8,9.25,11,9.375],"texture":"#1"},"west":{"uv":[10.75,4.5,11,4.625],"texture":"#1"},"up":{"uv":[10.5,6.25,7.5,6],"texture":"#1"},"down":{"uv":[10.5,6.25,7.5,6.5],"texture":"#1"}}},{"from":[2,12,7.35],"to":[14,12.5,8.35],"rotation":{"angle":0,"axis":"y","origin":[8,25,7.75]},"faces":{"north":{"uv":[8,10,11,10.125],"texture":"#1"},"east":{"uv":[10.75,5.25,11,5.375],"texture":"#1"},"south":{"uv":[10.25,7.5,13.25,7.625],"texture":"#1"},"west":{"uv":[7.25,10.75,7.5,10.875],"texture":"#1"},"up":{"uv":[10.25,7.75,7.25,7.5],"texture":"#1"},"down":{"uv":[10.75,2.5,7.75,2.75],"texture":"#1"}}},{"from":[2,9,7.5],"to":[14,10,8.5],"rotation":{"angle":0,"axis":"y","origin":[8,9.5,8]},"faces":{"north":{"uv":[7.75,3,10.75,3.25],"rotation":180,"texture":"#1"},"east":{"uv":[10.75,2.5,11,2.75],"rotation":180,"texture":"#1"},"south":{"uv":[7.75,3,10.75,3.25],"rotation":180,"texture":"#1"},"west":{"uv":[10.5,7.25,10.75,7.5],"rotation":180,"texture":"#1"},"up":{"uv":[10.75,3.5,7.75,3.75],"rotation":180,"texture":"#1"},"down":{"uv":[10.75,3.5,7.75,3.25],"rotation":180,"texture":"#1"}}},{"from":[2,22,7.5],"to":[14,23,8.5],"faces":{"north":{"uv":[7.75,3,10.75,3.25],"texture":"#1"},"east":{"uv":[10.5,7.25,10.75,7.5],"texture":"#1"},"south":{"uv":[7.75,3,10.75,3.25],"texture":"#1"},"west":{"uv":[10.75,2.5,11,2.75],"texture":"#1"},"up":{"uv":[10.75,3.5,7.75,3.25],"texture":"#1"},"down":{"uv":[10.75,3.5,7.75,3.75],"texture":"#1"}}},{"from":[2,2,7.75],"to":[14,30,8.25],"faces":{"north":{"uv":[0,0,3,7],"texture":"#1"},"east":{"uv":[6.5,7.5,6.625,14.5],"texture":"#1"},"south":{"uv":[0,0,3,7],"texture":"#1"},"west":{"uv":[6.75,7.5,6.875,14.5],"texture":"#1"},"up":{"uv":[11,8.125,8,8],"texture":"#1"},"down":{"uv":[11,8.25,8,8.375],"texture":"#1"}}}],"gui_light":"front","display":{"thirdperson_righthand":{"rotation":[67.5,0,0],"translation":[0,-0.5,-1],"scale":[0.25273,0.25273,0.25273]},"thirdperson_lefthand":{"rotation":[67.5,0,0],"translation":[0,-0.5,-1],"scale":[0.25273,0.25273,0.25273]},"firstperson_righthand":{"translation":[2,1.25,0],"scale":[0.39578,0.39578,0.39578]},"firstperson_lefthand":{"translation":[2,1.25,0],"scale":[0.39578,0.39578,0.39578]},"ground":{"translation":[0,4,0],"scale":[0.4,0.4,0.4]},"gui":{"rotation":[30,145,0],"translation":[0,-3.25,0],"scale":[0.46102,0.46102,0.46102]},"head":{"scale":[0,0,0]},"fixed":{"translation":[0,0,-2],"scale":[2,2,2]}}}