{"credit":"MadewithBlockbench","texture_size":[32,32],"textures":{"0":"elitecreatures:windows_decoration_v1/01_windows_texture","1":"elitecreatures:windows_decoration_v1/02_windows_texture","particle":"elitecreatures:windows_decoration_v1/01_windows_texture"},"elements":[{"from":[0,0,7],"to":[16,2,9],"rotation":{"angle":0,"axis":"y","origin":[8,16,8]},"faces":{"north":{"uv":[8,3,16,4],"texture":"#0"},"east":{"uv":[13,12,14,13],"texture":"#0"},"south":{"uv":[8,3,16,4],"texture":"#0"},"west":{"uv":[14,12,13,13],"texture":"#0"},"up":{"uv":[16,6,8,5],"texture":"#0"},"down":{"uv":[16,6,8,5],"texture":"#0"}}},{"from":[14,2,7],"to":[16,30,9],"rotation":{"angle":0,"axis":"y","origin":[8,16,8]},"faces":{"north":{"uv":[4,0,5,14],"texture":"#0"},"east":{"uv":[2,0,1,14],"texture":"#0"},"south":{"uv":[5,0,4,14],"texture":"#0"},"west":{"uv":[7,0,8,14],"texture":"#0"},"up":{"uv":[14.5,3,13.5,2],"texture":"#0"},"down":{"uv":[14.5,11,13.5,12],"texture":"#0"}}},{"from":[0,2,7],"to":[2,30,9],"rotation":{"angle":0,"axis":"y","origin":[8,16,8]},"faces":{"north":{"uv":[0,0,1,14],"texture":"#0"},"east":{"uv":[1,0,2,14],"texture":"#0"},"south":{"uv":[1,0,0,14],"texture":"#0"},"west":{"uv":[1,0,2,14],"texture":"#0"},"up":{"uv":[13,13,12,12],"texture":"#0"},"down":{"uv":[13,13,12,14],"texture":"#0"}}},{"from":[0,30,7],"to":[16,32,9],"rotation":{"angle":0,"axis":"y","origin":[8,16,8]},"faces":{"north":{"uv":[8,7,16,8],"texture":"#0"},"east":{"uv":[14.5,1,13.5,2],"texture":"#0"},"south":{"uv":[8,7,16,8],"texture":"#0"},"west":{"uv":[13.5,1,14.5,2],"texture":"#0"},"up":{"uv":[8,5,16,6],"texture":"#0"},"down":{"uv":[16,10,8,11],"texture":"#0"}}},{"from":[7.5,2,7.5],"to":[8.5,30,8.5],"rotation":{"angle":0,"axis":"y","origin":[8,16,8]},"faces":{"north":{"uv":[3,0,3.5,14],"texture":"#1"},"east":{"uv":[3,0,3.5,14],"texture":"#1"},"south":{"uv":[3,0,3.5,14],"texture":"#1"},"west":{"uv":[3,0,3.5,14],"texture":"#1"},"up":{"uv":[2.5,7,2,6.5],"texture":"#1"},"down":{"uv":[3,6.5,2.5,7],"texture":"#1"}}},{"from":[2,20,7.75],"to":[7.5,25,8.25],"rotation":{"angle":0,"axis":"y","origin":[8,16,8]},"faces":{"north":{"uv":[0,0,2.75,2.5],"texture":"#1"},"east":{"uv":[0,6.5,0.25,9.25],"texture":"#1"},"south":{"uv":[0,0,2.75,2.5],"texture":"#1"},"west":{"uv":[0.5,6.5,0.75,9.25],"texture":"#1"},"up":{"uv":[7.75,6.75,5,6.5],"texture":"#1"},"down":{"uv":[7.75,7,5,7.25],"texture":"#1"}}},{"from":[2,26,7.75],"to":[7.5,30.5,8.25],"rotation":{"angle":0,"axis":"y","origin":[8,16,8]},"faces":{"north":{"uv":[5,0,7.75,2.25],"texture":"#1"},"east":{"uv":[1,6.5,1.25,8.5],"texture":"#1"},"south":{"uv":[5,0,7.75,2.25],"texture":"#1"},"west":{"uv":[1.5,6.5,1.75,8.5],"texture":"#1"},"up":{"uv":[2.75,6.25,0,6],"texture":"#1"},"down":{"uv":[7.75,6,5,6.25],"texture":"#1"}}},{"from":[8.5,26,7.75],"to":[14,30.5,8.25],"rotation":{"angle":0,"axis":"y","origin":[8,16,8]},"faces":{"north":{"uv":[5,0,7.75,2.25],"texture":"#1"},"east":{"uv":[1,6.5,1.25,8.5],"texture":"#1"},"south":{"uv":[5,0,7.75,2.25],"texture":"#1"},"west":{"uv":[1.5,6.5,1.75,8.5],"texture":"#1"},"up":{"uv":[2.75,6.25,0,6],"texture":"#1"},"down":{"uv":[7.75,6,5,6.25],"texture":"#1"}}},{"from":[8.5,20,7.75],"to":[14,25,8.25],"rotation":{"angle":0,"axis":"y","origin":[8,16,8]},"faces":{"north":{"uv":[2.75,0,0,2.5],"texture":"#1"},"east":{"uv":[0.75,6.5,0.5,9.25],"texture":"#1"},"south":{"uv":[2.75,0,0,2.5],"texture":"#1"},"west":{"uv":[0.25,6.5,0,9.25],"texture":"#1"},"up":{"uv":[5,6.75,7.75,6.5],"texture":"#1"},"down":{"uv":[5,7,7.75,7.25],"texture":"#1"}}},{"from":[2,14,7.75],"to":[7.5,19,8.25],"rotation":{"angle":0,"axis":"y","origin":[8,16,8]},"faces":{"north":{"uv":[0,0,2.75,2.5],"texture":"#1"},"east":{"uv":[0,6.5,0.25,9.25],"texture":"#1"},"south":{"uv":[0,0,2.75,2.5],"texture":"#1"},"west":{"uv":[0.5,6.5,0.75,9.25],"texture":"#1"},"up":{"uv":[7.75,6.75,5,6.5],"texture":"#1"},"down":{"uv":[7.75,7,5,7.25],"texture":"#1"}}},{"from":[8.5,14,7.75],"to":[14,19,8.25],"rotation":{"angle":0,"axis":"y","origin":[8,16,8]},"faces":{"north":{"uv":[2.75,0,0,2.5],"texture":"#1"},"east":{"uv":[0.75,6.5,0.5,9.25],"texture":"#1"},"south":{"uv":[2.75,0,0,2.5],"texture":"#1"},"west":{"uv":[0.25,6.5,0,9.25],"texture":"#1"},"up":{"uv":[5,6.75,7.75,6.5],"texture":"#1"},"down":{"uv":[5,7,7.75,7.25],"texture":"#1"}}},{"from":[2,8,7.75],"to":[7.5,13,8.25],"rotation":{"angle":0,"axis":"y","origin":[8,16,8]},"faces":{"north":{"uv":[0,0,2.75,2.5],"texture":"#1"},"east":{"uv":[0,6.5,0.25,9.25],"texture":"#1"},"south":{"uv":[0,0,2.75,2.5],"texture":"#1"},"west":{"uv":[0.5,6.5,0.75,9.25],"texture":"#1"},"up":{"uv":[7.75,6.75,5,6.5],"texture":"#1"},"down":{"uv":[7.75,7,5,7.25],"texture":"#1"}}},{"from":[8.5,8,7.75],"to":[14,13,8.25],"rotation":{"angle":0,"axis":"y","origin":[8,16,8]},"faces":{"north":{"uv":[2.75,0,0,2.5],"texture":"#1"},"east":{"uv":[0.75,6.5,0.5,9.25],"texture":"#1"},"south":{"uv":[2.75,0,0,2.5],"texture":"#1"},"west":{"uv":[0.25,6.5,0,9.25],"texture":"#1"},"up":{"uv":[5,6.75,7.75,6.5],"texture":"#1"},"down":{"uv":[5,7,7.75,7.25],"texture":"#1"}}},{"from":[2,2,7.75],"to":[7.5,7,8.25],"rotation":{"angle":0,"axis":"y","origin":[8,16,8]},"faces":{"north":{"uv":[0,0,2.75,2.5],"texture":"#1"},"east":{"uv":[0,6.5,0.25,9.25],"texture":"#1"},"south":{"uv":[0,0,2.75,2.5],"texture":"#1"},"west":{"uv":[0.5,6.5,0.75,9.25],"texture":"#1"},"up":{"uv":[7.75,6.75,5,6.5],"texture":"#1"},"down":{"uv":[7.75,7,5,7.25],"texture":"#1"}}},{"from":[8.5,2,7.75],"to":[14,7,8.25],"rotation":{"angle":0,"axis":"y","origin":[8,16,8]},"faces":{"north":{"uv":[2.75,0,0,2.5],"texture":"#1"},"east":{"uv":[0.75,6.5,0.5,9.25],"texture":"#1"},"south":{"uv":[2.75,0,0,2.5],"texture":"#1"},"west":{"uv":[0.25,6.5,0,9.25],"texture":"#1"},"up":{"uv":[5,6.75,7.75,6.5],"texture":"#1"},"down":{"uv":[5,7,7.75,7.25],"texture":"#1"}}},{"from":[2,25,7.5],"to":[7.5,26,8.5],"rotation":{"angle":0,"axis":"y","origin":[8,16,8]},"faces":{"north":{"uv":[5,4,7.75,4.5],"texture":"#1"},"east":{"uv":[2,7,2.5,7.5],"texture":"#1"},"south":{"uv":[5,4.5,7.75,4],"texture":"#1"},"west":{"uv":[2.5,7,3,7.5],"texture":"#1"},"up":{"uv":[5,4,7.75,4.5],"texture":"#1"},"down":{"uv":[5,4,7.75,4.5],"texture":"#1"}}},{"from":[8.5,25,7.5],"to":[14,26,8.5],"rotation":{"angle":0,"axis":"y","origin":[8,16,8]},"faces":{"north":{"uv":[7.75,4,5,4.5],"texture":"#1"},"east":{"uv":[3,7,2.5,7.5],"texture":"#1"},"south":{"uv":[7.75,4.5,5,4],"texture":"#1"},"west":{"uv":[2.5,7,2,7.5],"texture":"#1"},"up":{"uv":[7.75,4,5,4.5],"texture":"#1"},"down":{"uv":[7.75,4,5,4.5],"texture":"#1"}}},{"from":[8.5,19,7.5],"to":[14,20,8.5],"rotation":{"angle":0,"axis":"y","origin":[8,16,8]},"faces":{"north":{"uv":[7.75,4,5,4.5],"texture":"#1"},"east":{"uv":[3,7,2.5,7.5],"texture":"#1"},"south":{"uv":[7.75,4.5,5,4],"texture":"#1"},"west":{"uv":[2.5,7,2,7.5],"texture":"#1"},"up":{"uv":[7.75,4,5,4.5],"texture":"#1"},"down":{"uv":[7.75,4,5,4.5],"texture":"#1"}}},{"from":[2,19,7.5],"to":[7.5,20,8.5],"rotation":{"angle":0,"axis":"y","origin":[8,16,8]},"faces":{"north":{"uv":[5,4,7.75,4.5],"texture":"#1"},"east":{"uv":[2,7,2.5,7.5],"texture":"#1"},"south":{"uv":[5,4.5,7.75,4],"texture":"#1"},"west":{"uv":[2.5,7,3,7.5],"texture":"#1"},"up":{"uv":[5,4,7.75,4.5],"texture":"#1"},"down":{"uv":[5,4,7.75,4.5],"texture":"#1"}}},{"from":[8.5,13,7.5],"to":[14,14,8.5],"rotation":{"angle":0,"axis":"y","origin":[8,16,8]},"faces":{"north":{"uv":[7.75,4,5,4.5],"texture":"#1"},"east":{"uv":[3,7,2.5,7.5],"texture":"#1"},"south":{"uv":[7.75,4.5,5,4],"texture":"#1"},"west":{"uv":[2.5,7,2,7.5],"texture":"#1"},"up":{"uv":[7.75,4,5,4.5],"texture":"#1"},"down":{"uv":[7.75,4,5,4.5],"texture":"#1"}}},{"from":[2,13,7.5],"to":[7.5,14,8.5],"rotation":{"angle":0,"axis":"y","origin":[8,16,8]},"faces":{"north":{"uv":[5,4,7.75,4.5],"texture":"#1"},"east":{"uv":[2,7,2.5,7.5],"texture":"#1"},"south":{"uv":[5,4.5,7.75,4],"texture":"#1"},"west":{"uv":[2.5,7,3,7.5],"texture":"#1"},"up":{"uv":[5,4,7.75,4.5],"texture":"#1"},"down":{"uv":[5,4,7.75,4.5],"texture":"#1"}}},{"from":[8.5,7,7.5],"to":[14,8,8.5],"rotation":{"angle":0,"axis":"y","origin":[8,16,8]},"faces":{"north":{"uv":[7.75,4,5,4.5],"texture":"#1"},"east":{"uv":[3,7,2.5,7.5],"texture":"#1"},"south":{"uv":[7.75,4.5,5,4],"texture":"#1"},"west":{"uv":[2.5,7,2,7.5],"texture":"#1"},"up":{"uv":[7.75,4,5,4.5],"texture":"#1"},"down":{"uv":[7.75,4,5,4.5],"texture":"#1"}}},{"from":[2,7,7.5],"to":[7.5,8,8.5],"rotation":{"angle":0,"axis":"y","origin":[8,16,8]},"faces":{"north":{"uv":[5,4,7.75,4.5],"texture":"#1"},"east":{"uv":[2,7,2.5,7.5],"texture":"#1"},"south":{"uv":[5,4.5,7.75,4],"texture":"#1"},"west":{"uv":[2.5,7,3,7.5],"texture":"#1"},"up":{"uv":[5,4,7.75,4.5],"texture":"#1"},"down":{"uv":[5,4,7.75,4.5],"texture":"#1"}}}],"gui_light":"front","display":{"thirdperson_righthand":{"rotation":[67.5,0,0],"translation":[0,-0.5,-1],"scale":[0.25273,0.25273,0.25273]},"thirdperson_lefthand":{"rotation":[67.5,0,0],"translation":[0,-0.5,-1],"scale":[0.25273,0.25273,0.25273]},"firstperson_righthand":{"translation":[2,1.25,0],"scale":[0.39578,0.39578,0.39578]},"firstperson_lefthand":{"translation":[2,1.25,0],"scale":[0.39578,0.39578,0.39578]},"ground":{"translation":[0,4,0],"scale":[0.4,0.4,0.4]},"gui":{"rotation":[30,145,0],"translation":[0,-3.25,0],"scale":[0.46102,0.46102,0.46102]},"head":{"scale":[0,0,0]},"fixed":{"translation":[0,0,-2],"scale":[2,2,2]}}}