{"credit":"MadewithBlockbench","texture_size":[32,32],"textures":{"3":"elitecreatures:windows_decoration_v1/25_windows_texture"},"elements":[{"from":[0,0,7],"to":[16,2,9],"rotation":{"angle":0,"axis":"y","origin":[8,16,15]},"faces":{"north":{"uv":[8,0,16,1],"texture":"#3"},"east":{"uv":[0,14,1,15],"texture":"#3"},"south":{"uv":[8,1,16,2],"texture":"#3"},"west":{"uv":[1,14,2,15],"texture":"#3"},"up":{"uv":[16,3,8,2],"texture":"#3"},"down":{"uv":[16,3,8,4],"texture":"#3"}}},{"from":[14,2,7],"to":[16,30,9],"rotation":{"angle":0,"axis":"y","origin":[8,16,15]},"faces":{"north":{"uv":[0,0,1,14],"texture":"#3"},"east":{"uv":[1,0,2,14],"texture":"#3"},"south":{"uv":[2,0,3,14],"texture":"#3"},"west":{"uv":[3,0,4,14],"texture":"#3"},"up":{"uv":[3,15,2,14],"texture":"#3"},"down":{"uv":[4,14,3,15],"texture":"#3"}}},{"from":[0,2,7],"to":[2,30,9],"rotation":{"angle":0,"axis":"y","origin":[8,16,15]},"faces":{"north":{"uv":[4,0,5,14],"texture":"#3"},"east":{"uv":[5,0,6,14],"texture":"#3"},"south":{"uv":[6,0,7,14],"texture":"#3"},"west":{"uv":[7,0,8,14],"texture":"#3"},"up":{"uv":[5,15,4,14],"texture":"#3"},"down":{"uv":[6,14,5,15],"texture":"#3"}}},{"from":[0,30,7],"to":[16,32,9],"rotation":{"angle":0,"axis":"y","origin":[8,16,15]},"faces":{"north":{"uv":[8,4,16,5],"texture":"#3"},"east":{"uv":[6,14,7,15],"texture":"#3"},"south":{"uv":[8,5,16,6],"texture":"#3"},"west":{"uv":[7,14,8,15],"texture":"#3"},"up":{"uv":[16,7,8,6],"texture":"#3"},"down":{"uv":[16,7,8,8],"texture":"#3"}}},{"from":[2,5.45693,3.614],"to":[14,7.45693,4.114],"rotation":{"angle":-22.5,"axis":"x","origin":[8,16,15]},"faces":{"north":{"uv":[8,8,14,9],"texture":"#3"},"east":{"uv":[8,14,8.25,15],"texture":"#3"},"south":{"uv":[8,8,14,9],"texture":"#3"},"west":{"uv":[14,8,14.25,9],"texture":"#3"},"up":{"uv":[14,12.25,8,12],"texture":"#3"},"down":{"uv":[14,12.5,8,12.75],"texture":"#3"}}},{"from":[2,1.90802,12.98975],"to":[14,3.90802,13.48975],"rotation":{"angle":22.5,"axis":"x","origin":[8,16,15]},"faces":{"north":{"uv":[8,9,14,8],"texture":"#3"},"east":{"uv":[8.5,14,8.75,15],"texture":"#3"},"south":{"uv":[8,9,14,8],"texture":"#3"},"west":{"uv":[9,14,9.25,15],"texture":"#3"},"up":{"uv":[14,13.25,8,13],"texture":"#3"},"down":{"uv":[14,13.5,8,13.75],"texture":"#3"}}},{"from":[2,5.28018,11.59295],"to":[14,7.28018,12.09295],"rotation":{"angle":22.5,"axis":"x","origin":[8,16,15]},"faces":{"north":{"uv":[8,9,14,8],"texture":"#3"},"east":{"uv":[8.5,14,8.75,15],"texture":"#3"},"south":{"uv":[8,9,14,8],"texture":"#3"},"west":{"uv":[9,14,9.25,15],"texture":"#3"},"up":{"uv":[14,13.25,8,13],"texture":"#3"},"down":{"uv":[14,13.5,8,13.75],"texture":"#3"}}},{"from":[2,8.82909,5.0108],"to":[14,10.82909,5.5108],"rotation":{"angle":-22.5,"axis":"x","origin":[8,16,15]},"faces":{"north":{"uv":[8,8,14,9],"texture":"#3"},"east":{"uv":[8,14,8.25,15],"texture":"#3"},"south":{"uv":[8,8,14,9],"texture":"#3"},"west":{"uv":[14,8,14.25,9],"texture":"#3"},"up":{"uv":[14,12.25,8,12],"texture":"#3"},"down":{"uv":[14,12.5,8,12.75],"texture":"#3"}}},{"from":[2,12.0245,8.79936],"to":[14,14.0245,9.29936],"rotation":{"angle":22.5,"axis":"x","origin":[8,16,15]},"faces":{"north":{"uv":[8,9,14,8],"texture":"#3"},"east":{"uv":[8.5,14,8.75,15],"texture":"#3"},"south":{"uv":[8,9,14,8],"texture":"#3"},"west":{"uv":[9,14,9.25,15],"texture":"#3"},"up":{"uv":[14,13.25,8,13],"texture":"#3"},"down":{"uv":[14,13.5,8,13.75],"texture":"#3"}}},{"from":[2,15.57341,7.80438],"to":[14,17.57341,8.30438],"rotation":{"angle":-22.5,"axis":"x","origin":[8,16,15]},"faces":{"north":{"uv":[8,8,14,9],"texture":"#3"},"east":{"uv":[8,14,8.25,15],"texture":"#3"},"south":{"uv":[8,8,14,9],"texture":"#3"},"west":{"uv":[14,8,14.25,9],"texture":"#3"},"up":{"uv":[14,12.25,8,12],"texture":"#3"},"down":{"uv":[14,12.5,8,12.75],"texture":"#3"}}},{"from":[2,8.65234,10.19616],"to":[14,10.65234,10.69616],"rotation":{"angle":22.5,"axis":"x","origin":[8,16,15]},"faces":{"north":{"uv":[8,9,14,8],"texture":"#3"},"east":{"uv":[8.5,14,8.75,15],"texture":"#3"},"south":{"uv":[8,9,14,8],"texture":"#3"},"west":{"uv":[9,14,9.25,15],"texture":"#3"},"up":{"uv":[14,13.25,8,13],"texture":"#3"},"down":{"uv":[14,13.5,8,13.75],"texture":"#3"}}},{"from":[2,12.20125,6.40759],"to":[14,14.20125,6.90759],"rotation":{"angle":-22.5,"axis":"x","origin":[8,16,15]},"faces":{"north":{"uv":[8,8,14,9],"texture":"#3"},"east":{"uv":[8,14,8.25,15],"texture":"#3"},"south":{"uv":[8,8,14,9],"texture":"#3"},"west":{"uv":[14,8,14.25,9],"texture":"#3"},"up":{"uv":[14,12.25,8,12],"texture":"#3"},"down":{"uv":[14,12.5,8,12.75],"texture":"#3"}}},{"from":[2,18.72263,6.02491],"to":[14,20.72263,6.52491],"rotation":{"angle":22.5,"axis":"x","origin":[8,16,15]},"faces":{"north":{"uv":[8,9,14,8],"texture":"#3"},"east":{"uv":[8.5,14,8.75,15],"texture":"#3"},"south":{"uv":[8,9,14,8],"texture":"#3"},"west":{"uv":[9,14,9.25,15],"texture":"#3"},"up":{"uv":[14,13.25,8,13],"texture":"#3"},"down":{"uv":[14,13.5,8,13.75],"texture":"#3"}}},{"from":[2,22.27154,10.57884],"to":[14,24.27154,11.07884],"rotation":{"angle":-22.5,"axis":"x","origin":[8,16,15]},"faces":{"north":{"uv":[8,8,14,9],"texture":"#3"},"east":{"uv":[8,14,8.25,15],"texture":"#3"},"south":{"uv":[8,8,14,9],"texture":"#3"},"west":{"uv":[14,8,14.25,9],"texture":"#3"},"up":{"uv":[14,12.25,8,12],"texture":"#3"},"down":{"uv":[14,12.5,8,12.75],"texture":"#3"}}},{"from":[2,22.09479,4.62811],"to":[14,24.09479,5.12811],"rotation":{"angle":22.5,"axis":"x","origin":[8,16,15]},"faces":{"north":{"uv":[8,9,14,8],"texture":"#3"},"east":{"uv":[8.5,14,8.75,15],"texture":"#3"},"south":{"uv":[8,9,14,8],"texture":"#3"},"west":{"uv":[9,14,9.25,15],"texture":"#3"},"up":{"uv":[14,13.25,8,13],"texture":"#3"},"down":{"uv":[14,13.5,8,13.75],"texture":"#3"}}},{"from":[2,25.6437,11.97563],"to":[14,27.6437,12.47563],"rotation":{"angle":-22.5,"axis":"x","origin":[8,16,15]},"faces":{"north":{"uv":[8,8,14,9],"texture":"#3"},"east":{"uv":[8,14,8.25,15],"texture":"#3"},"south":{"uv":[8,8,14,9],"texture":"#3"},"west":{"uv":[14,8,14.25,9],"texture":"#3"},"up":{"uv":[14,12.25,8,12],"texture":"#3"},"down":{"uv":[14,12.5,8,12.75],"texture":"#3"}}},{"from":[2,25.46695,3.23132],"to":[14,27.46695,3.73132],"rotation":{"angle":22.5,"axis":"x","origin":[8,16,15]},"faces":{"north":{"uv":[8,9,14,8],"texture":"#3"},"east":{"uv":[8.5,14,8.75,15],"texture":"#3"},"south":{"uv":[8,9,14,8],"texture":"#3"},"west":{"uv":[9,14,9.25,15],"texture":"#3"},"up":{"uv":[14,13.25,8,13],"texture":"#3"},"down":{"uv":[14,13.5,8,13.75],"texture":"#3"}}},{"from":[2,29.01586,13.37243],"to":[14,31.01586,13.87243],"rotation":{"angle":-22.5,"axis":"x","origin":[8,16,15]},"faces":{"north":{"uv":[8,8,14,9],"texture":"#3"},"east":{"uv":[8,14,8.25,15],"texture":"#3"},"south":{"uv":[8,8,14,9],"texture":"#3"},"west":{"uv":[14,8,14.25,9],"texture":"#3"},"up":{"uv":[14,12.25,8,12],"texture":"#3"},"down":{"uv":[14,12.5,8,12.75],"texture":"#3"}}},{"from":[2,15.35047,7.4217],"to":[14,17.35047,7.9217],"rotation":{"angle":22.5,"axis":"x","origin":[8,16,15]},"faces":{"north":{"uv":[8,9,14,8],"texture":"#3"},"east":{"uv":[8.5,14,8.75,15],"texture":"#3"},"south":{"uv":[8,9,14,8],"texture":"#3"},"west":{"uv":[9,14,9.25,15],"texture":"#3"},"up":{"uv":[14,13.25,8,13],"texture":"#3"},"down":{"uv":[14,13.5,8,13.75],"texture":"#3"}}},{"from":[2,18.89938,9.18205],"to":[14,20.89938,9.68205],"rotation":{"angle":-22.5,"axis":"x","origin":[8,16,15]},"faces":{"north":{"uv":[8,8,14,9],"texture":"#3"},"east":{"uv":[8,14,8.25,15],"texture":"#3"},"south":{"uv":[8,8,14,9],"texture":"#3"},"west":{"uv":[14,8,14.25,9],"texture":"#3"},"up":{"uv":[14,12.25,8,12],"texture":"#3"},"down":{"uv":[14,12.5,8,12.75],"texture":"#3"}}}],"gui_light":"front","display":{"thirdperson_righthand":{"rotation":[67.5,0,0],"translation":[0,-0.5,-1],"scale":[0.25273,0.25273,0.25273]},"thirdperson_lefthand":{"rotation":[67.5,0,0],"translation":[0,-0.5,-1],"scale":[0.25273,0.25273,0.25273]},"firstperson_righthand":{"translation":[2,1.25,0],"scale":[0.39578,0.39578,0.39578]},"firstperson_lefthand":{"translation":[2,1.25,0],"scale":[0.39578,0.39578,0.39578]},"ground":{"translation":[0,4,0],"scale":[0.4,0.4,0.4]},"gui":{"rotation":[30,145,0],"translation":[0,-3.25,0],"scale":[0.46102,0.46102,0.46102]},"head":{"scale":[0,0,0]},"fixed":{"translation":[0,0,-2],"scale":[2,2,2]}}}