{"credit":"MadewithBlockbench","texture_size":[64,64],"textures":{"0":"elitecreatures:windows_decoration_v1/21_windows_texture","particle":"elitecreatures:windows_decoration_v1/21_windows_texture"},"elements":[{"from":[0,0,7],"to":[16,2,9],"rotation":{"angle":0,"axis":"y","origin":[8,16,6.06635]},"faces":{"north":{"uv":[2.5,7,6.5,7.5],"texture":"#0"},"east":{"uv":[7.5,3,8,3.5],"texture":"#0"},"south":{"uv":[2.5,7,6.5,7.5],"texture":"#0"},"west":{"uv":[7.5,3.5,8,4],"texture":"#0"},"up":{"uv":[11.5,0.5,7.5,0],"texture":"#0"},"down":{"uv":[11.5,0.5,7.5,1],"texture":"#0"}}},{"from":[14,2,7],"to":[16,30,9],"rotation":{"angle":0,"axis":"y","origin":[8,16,6.06635]},"faces":{"north":{"uv":[6,0,6.5,7],"texture":"#0"},"east":{"uv":[6.5,0,7,7],"texture":"#0"},"south":{"uv":[6.5,0,6,7],"texture":"#0"},"west":{"uv":[7,0,7.5,7],"texture":"#0"},"up":{"uv":[8,4.5,7.5,4],"texture":"#0"},"down":{"uv":[8,4.5,7.5,5],"texture":"#0"}}},{"from":[0,2,7],"to":[2,30,9],"rotation":{"angle":0,"axis":"y","origin":[8,16,6.06635]},"faces":{"north":{"uv":[0.5,7,1,14],"texture":"#0"},"east":{"uv":[1,7,1.5,14],"texture":"#0"},"south":{"uv":[1,7,0.5,14],"texture":"#0"},"west":{"uv":[2,7,2.5,14],"texture":"#0"},"up":{"uv":[8,5.5,7.5,5],"texture":"#0"},"down":{"uv":[8,5.5,7.5,6],"texture":"#0"}}},{"from":[0,30,7],"to":[16,32,9],"rotation":{"angle":0,"axis":"y","origin":[8,16,6.06635]},"faces":{"north":{"uv":[7.5,1,11.5,1.5],"texture":"#0"},"east":{"uv":[7.5,6,8,6.5],"texture":"#0"},"south":{"uv":[11.5,1,7.5,1.5],"texture":"#0"},"west":{"uv":[7.5,6.5,8,7],"texture":"#0"},"up":{"uv":[11.5,2.5,7.5,2],"texture":"#0"},"down":{"uv":[6.5,7.5,2.5,8],"texture":"#0"}}},{"from":[2,2,7.75],"to":[14,30,8.25],"faces":{"north":{"uv":[0,0,3,7],"texture":"#0"},"east":{"uv":[6.5,7.5,6.625,14.5],"texture":"#0"},"south":{"uv":[3,0,0,7],"texture":"#0"},"west":{"uv":[6.75,7.5,6.875,14.5],"texture":"#0"},"up":{"uv":[10.5,2.625,7.5,2.5],"texture":"#0"},"down":{"uv":[10.5,2.75,7.5,2.875],"texture":"#0"}}},{"from":[9,23.6,7.25],"to":[11,24.1,8.75],"rotation":{"angle":45,"axis":"z","origin":[10.5,23.6,7.5]},"faces":{"north":{"uv":[3.5,0,4,0.125],"texture":"#0"},"east":{"uv":[3.5,2.5,3.875,2.625],"texture":"#0"},"south":{"uv":[3.5,0.25,4,0.375],"texture":"#0"},"west":{"uv":[3.5,2.75,3.875,2.875],"texture":"#0"},"up":{"uv":[3.5,0.375,3,0],"texture":"#0"},"down":{"uv":[3.5,0.5,3,0.875],"texture":"#0"}}},{"from":[10.5,22.1,7.25],"to":[11,23.6,8.75],"rotation":{"angle":45,"axis":"z","origin":[10.5,23.6,7.5]},"faces":{"north":{"uv":[3,3.5,3.125,3.875],"texture":"#0"},"east":{"uv":[3,2,3.375,2.375],"texture":"#0"},"south":{"uv":[3.5,3,3.625,3.375],"texture":"#0"},"west":{"uv":[3,2.5,3.375,2.875],"texture":"#0"},"up":{"uv":[3.375,3.875,3.25,3.5],"texture":"#0"},"down":{"uv":[3.625,3.5,3.5,3.875],"texture":"#0"}}},{"from":[9,22.1,7.25],"to":[10.5,22.6,8.75],"rotation":{"angle":45,"axis":"z","origin":[10.5,23.6,7.5]},"faces":{"north":{"uv":[3.5,0.5,3.875,0.625],"texture":"#0"},"east":{"uv":[3.5,0.75,3.875,0.875],"texture":"#0"},"south":{"uv":[3.5,1,3.875,1.125],"texture":"#0"},"west":{"uv":[3.5,1.25,3.875,1.375],"texture":"#0"},"up":{"uv":[3.375,1.375,3,1],"texture":"#0"},"down":{"uv":[3.375,1.5,3,1.875],"texture":"#0"}}},{"from":[9,22.6,7.25],"to":[9.5,23.6,8.75],"rotation":{"angle":45,"axis":"z","origin":[10.5,23.6,7.5]},"faces":{"north":{"uv":[3.75,1.5,3.875,1.75],"texture":"#0"},"east":{"uv":[3,3,3.375,3.25],"texture":"#0"},"south":{"uv":[3.75,1.75,3.875,2],"texture":"#0"},"west":{"uv":[3,3.25,3.375,3.5],"texture":"#0"},"up":{"uv":[3.625,1.875,3.5,1.5],"texture":"#0"},"down":{"uv":[3.625,2,3.5,2.375],"texture":"#0"}}},{"from":[3.5,17,7.25],"to":[4,18,8.75],"rotation":{"angle":45,"axis":"z","origin":[10.5,23.5,7.5]},"faces":{"north":{"uv":[3.75,1.5,3.875,1.75],"texture":"#0"},"east":{"uv":[3,3,3.375,3.25],"texture":"#0"},"south":{"uv":[3.75,1.75,3.875,2],"texture":"#0"},"west":{"uv":[3,3.25,3.375,3.5],"texture":"#0"},"up":{"uv":[3.625,1.875,3.5,1.5],"texture":"#0"},"down":{"uv":[3.625,2,3.5,2.375],"texture":"#0"}}},{"from":[3.5,16.5,7.25],"to":[5,17,8.75],"rotation":{"angle":45,"axis":"z","origin":[10.5,23.5,7.5]},"faces":{"north":{"uv":[3.5,0.5,3.875,0.625],"texture":"#0"},"east":{"uv":[3.5,0.75,3.875,0.875],"texture":"#0"},"south":{"uv":[3.5,1,3.875,1.125],"texture":"#0"},"west":{"uv":[3.5,1.25,3.875,1.375],"texture":"#0"},"up":{"uv":[3.375,1.375,3,1],"texture":"#0"},"down":{"uv":[3.375,1.5,3,1.875],"texture":"#0"}}},{"from":[5,16.5,7.25],"to":[5.5,18,8.75],"rotation":{"angle":45,"axis":"z","origin":[10.5,23.5,7.5]},"faces":{"north":{"uv":[3,3.5,3.125,3.875],"texture":"#0"},"east":{"uv":[3,2,3.375,2.375],"texture":"#0"},"south":{"uv":[3.5,3,3.625,3.375],"texture":"#0"},"west":{"uv":[3,2.5,3.375,2.875],"texture":"#0"},"up":{"uv":[3.375,3.875,3.25,3.5],"texture":"#0"},"down":{"uv":[3.625,3.5,3.5,3.875],"texture":"#0"}}},{"from":[3.5,18,7.25],"to":[5.5,18.5,8.75],"rotation":{"angle":45,"axis":"z","origin":[10.5,23.5,7.5]},"faces":{"north":{"uv":[3.5,0,4,0.125],"texture":"#0"},"east":{"uv":[3.5,2.5,3.875,2.625],"texture":"#0"},"south":{"uv":[3.5,0.25,4,0.375],"texture":"#0"},"west":{"uv":[3.5,2.75,3.875,2.875],"texture":"#0"},"up":{"uv":[3.5,0.375,3,0],"texture":"#0"},"down":{"uv":[3.5,0.5,3,0.875],"texture":"#0"}}},{"from":[-2,11.35,7.25],"to":[-1.5,12.35,8.75],"rotation":{"angle":45,"axis":"z","origin":[10.5,23.35,7.5]},"faces":{"north":{"uv":[3.75,1.5,3.875,1.75],"texture":"#0"},"east":{"uv":[3,3,3.375,3.25],"texture":"#0"},"south":{"uv":[3.75,1.75,3.875,2],"texture":"#0"},"west":{"uv":[3,3.25,3.375,3.5],"texture":"#0"},"up":{"uv":[3.625,1.875,3.5,1.5],"texture":"#0"},"down":{"uv":[3.625,2,3.5,2.375],"texture":"#0"}}},{"from":[-2,10.85,7.25],"to":[-0.5,11.35,8.75],"rotation":{"angle":45,"axis":"z","origin":[10.5,23.35,7.5]},"faces":{"north":{"uv":[3.5,0.5,3.875,0.625],"texture":"#0"},"east":{"uv":[3.5,0.75,3.875,0.875],"texture":"#0"},"south":{"uv":[3.5,1,3.875,1.125],"texture":"#0"},"west":{"uv":[3.5,1.25,3.875,1.375],"texture":"#0"},"up":{"uv":[3.375,1.375,3,1],"texture":"#0"},"down":{"uv":[3.375,1.5,3,1.875],"texture":"#0"}}},{"from":[-0.5,10.85,7.25],"to":[0,12.35,8.75],"rotation":{"angle":45,"axis":"z","origin":[10.5,23.35,7.5]},"faces":{"north":{"uv":[3,3.5,3.125,3.875],"texture":"#0"},"east":{"uv":[3,2,3.375,2.375],"texture":"#0"},"south":{"uv":[3.5,3,3.625,3.375],"texture":"#0"},"west":{"uv":[3,2.5,3.375,2.875],"texture":"#0"},"up":{"uv":[3.375,3.875,3.25,3.5],"texture":"#0"},"down":{"uv":[3.625,3.5,3.5,3.875],"texture":"#0"}}},{"from":[-2,12.35,7.25],"to":[0,12.85,8.75],"rotation":{"angle":45,"axis":"z","origin":[10.5,23.35,7.5]},"faces":{"north":{"uv":[3.5,0,4,0.125],"texture":"#0"},"east":{"uv":[3.5,2.5,3.875,2.625],"texture":"#0"},"south":{"uv":[3.5,0.25,4,0.375],"texture":"#0"},"west":{"uv":[3.5,2.75,3.875,2.875],"texture":"#0"},"up":{"uv":[3.5,0.375,3,0],"texture":"#0"},"down":{"uv":[3.5,0.5,3,0.875],"texture":"#0"}}},{"from":[17.5,11.35,7.25],"to":[18,12.35,8.75],"rotation":{"angle":-45,"axis":"z","origin":[5.5,23.35,7.5]},"faces":{"north":{"uv":[3.875,1.5,3.75,1.75],"texture":"#0"},"east":{"uv":[3.375,3.25,3,3.5],"texture":"#0"},"south":{"uv":[3.875,1.75,3.75,2],"texture":"#0"},"west":{"uv":[3.375,3,3,3.25],"texture":"#0"},"up":{"uv":[3.5,1.875,3.625,1.5],"texture":"#0"},"down":{"uv":[3.5,2,3.625,2.375],"texture":"#0"}}},{"from":[16.5,10.85,7.25],"to":[18,11.35,8.75],"rotation":{"angle":-45,"axis":"z","origin":[5.5,23.35,7.5]},"faces":{"north":{"uv":[3.875,0.5,3.5,0.625],"texture":"#0"},"east":{"uv":[3.875,1.25,3.5,1.375],"texture":"#0"},"south":{"uv":[3.875,1,3.5,1.125],"texture":"#0"},"west":{"uv":[3.875,0.75,3.5,0.875],"texture":"#0"},"up":{"uv":[3,1.375,3.375,1],"texture":"#0"},"down":{"uv":[3,1.5,3.375,1.875],"texture":"#0"}}},{"from":[16,10.85,7.25],"to":[16.5,12.35,8.75],"rotation":{"angle":-45,"axis":"z","origin":[5.5,23.35,7.5]},"faces":{"north":{"uv":[3.125,3.5,3,3.875],"texture":"#0"},"east":{"uv":[3.375,2.5,3,2.875],"texture":"#0"},"south":{"uv":[3.625,3,3.5,3.375],"texture":"#0"},"west":{"uv":[3.375,2,3,2.375],"texture":"#0"},"up":{"uv":[3.25,3.875,3.375,3.5],"texture":"#0"},"down":{"uv":[3.5,3.5,3.625,3.875],"texture":"#0"}}},{"from":[16,12.35,7.25],"to":[18,12.85,8.75],"rotation":{"angle":-45,"axis":"z","origin":[5.5,23.35,7.5]},"faces":{"north":{"uv":[4,0,3.5,0.125],"texture":"#0"},"east":{"uv":[3.875,2.75,3.5,2.875],"texture":"#0"},"south":{"uv":[4,0.25,3.5,0.375],"texture":"#0"},"west":{"uv":[3.875,2.5,3.5,2.625],"texture":"#0"},"up":{"uv":[3,0.375,3.5,0],"texture":"#0"},"down":{"uv":[3,0.5,3.5,0.875],"texture":"#0"}}},{"from":[12,17,7.25],"to":[12.5,18,8.75],"rotation":{"angle":-45,"axis":"z","origin":[5.5,23.5,7.5]},"faces":{"north":{"uv":[3.875,1.5,3.75,1.75],"texture":"#0"},"east":{"uv":[3.375,3.25,3,3.5],"texture":"#0"},"south":{"uv":[3.875,1.75,3.75,2],"texture":"#0"},"west":{"uv":[3.375,3,3,3.25],"texture":"#0"},"up":{"uv":[3.5,1.875,3.625,1.5],"texture":"#0"},"down":{"uv":[3.5,2,3.625,2.375],"texture":"#0"}}},{"from":[11,16.5,7.25],"to":[12.5,17,8.75],"rotation":{"angle":-45,"axis":"z","origin":[5.5,23.5,7.5]},"faces":{"north":{"uv":[3.875,0.5,3.5,0.625],"texture":"#0"},"east":{"uv":[3.875,1.25,3.5,1.375],"texture":"#0"},"south":{"uv":[3.875,1,3.5,1.125],"texture":"#0"},"west":{"uv":[3.875,0.75,3.5,0.875],"texture":"#0"},"up":{"uv":[3,1.375,3.375,1],"texture":"#0"},"down":{"uv":[3,1.5,3.375,1.875],"texture":"#0"}}},{"from":[10.5,16.5,7.25],"to":[11,18,8.75],"rotation":{"angle":-45,"axis":"z","origin":[5.5,23.5,7.5]},"faces":{"north":{"uv":[3.125,3.5,3,3.875],"texture":"#0"},"east":{"uv":[3.375,2.5,3,2.875],"texture":"#0"},"south":{"uv":[3.625,3,3.5,3.375],"texture":"#0"},"west":{"uv":[3.375,2,3,2.375],"texture":"#0"},"up":{"uv":[3.25,3.875,3.375,3.5],"texture":"#0"},"down":{"uv":[3.5,3.5,3.625,3.875],"texture":"#0"}}},{"from":[10.5,18,7.25],"to":[12.5,18.5,8.75],"rotation":{"angle":-45,"axis":"z","origin":[5.5,23.5,7.5]},"faces":{"north":{"uv":[4,0,3.5,0.125],"texture":"#0"},"east":{"uv":[3.875,2.75,3.5,2.875],"texture":"#0"},"south":{"uv":[4,0.25,3.5,0.375],"texture":"#0"},"west":{"uv":[3.875,2.5,3.5,2.625],"texture":"#0"},"up":{"uv":[3,0.375,3.5,0],"texture":"#0"},"down":{"uv":[3,0.5,3.5,0.875],"texture":"#0"}}},{"from":[6.5,22.6,7.25],"to":[7,23.6,8.75],"rotation":{"angle":-45,"axis":"z","origin":[5.5,23.6,7.5]},"faces":{"north":{"uv":[3.875,1.5,3.75,1.75],"texture":"#0"},"east":{"uv":[3.375,3.25,3,3.5],"texture":"#0"},"south":{"uv":[3.875,1.75,3.75,2],"texture":"#0"},"west":{"uv":[3.375,3,3,3.25],"texture":"#0"},"up":{"uv":[3.5,1.875,3.625,1.5],"texture":"#0"},"down":{"uv":[3.5,2,3.625,2.375],"texture":"#0"}}},{"from":[5.5,22.1,7.25],"to":[7,22.6,8.75],"rotation":{"angle":-45,"axis":"z","origin":[5.5,23.6,7.5]},"faces":{"north":{"uv":[3.875,0.5,3.5,0.625],"texture":"#0"},"east":{"uv":[3.875,1.25,3.5,1.375],"texture":"#0"},"south":{"uv":[3.875,1,3.5,1.125],"texture":"#0"},"west":{"uv":[3.875,0.75,3.5,0.875],"texture":"#0"},"up":{"uv":[3,1.375,3.375,1],"texture":"#0"},"down":{"uv":[3,1.5,3.375,1.875],"texture":"#0"}}},{"from":[5,22.1,7.25],"to":[5.5,23.6,8.75],"rotation":{"angle":-45,"axis":"z","origin":[5.5,23.6,7.5]},"faces":{"north":{"uv":[3.125,3.5,3,3.875],"texture":"#0"},"east":{"uv":[3.375,2.5,3,2.875],"texture":"#0"},"south":{"uv":[3.625,3,3.5,3.375],"texture":"#0"},"west":{"uv":[3.375,2,3,2.375],"texture":"#0"},"up":{"uv":[3.25,3.875,3.375,3.5],"texture":"#0"},"down":{"uv":[3.5,3.5,3.625,3.875],"texture":"#0"}}},{"from":[5,23.6,7.25],"to":[7,24.1,8.75],"rotation":{"angle":-45,"axis":"z","origin":[5.5,23.6,7.5]},"faces":{"north":{"uv":[4,0,3.5,0.125],"texture":"#0"},"east":{"uv":[3.875,2.75,3.5,2.875],"texture":"#0"},"south":{"uv":[4,0.25,3.5,0.375],"texture":"#0"},"west":{"uv":[3.875,2.5,3.5,2.625],"texture":"#0"},"up":{"uv":[3,0.375,3.5,0],"texture":"#0"},"down":{"uv":[3,0.5,3.5,0.875],"texture":"#0"}}},{"from":[10.25,15.75,7.5],"to":[10.75,22,8.5],"rotation":{"angle":0,"axis":"y","origin":[16.5,0,0]},"faces":{"north":{"uv":[5,8,5.125,9.625],"texture":"#0"},"east":{"uv":[5.75,8,5.875,9.625],"texture":"#0"},"south":{"uv":[5,8,5.125,9.625],"texture":"#0"},"west":{"uv":[5.75,8,5.875,9.625],"texture":"#0"},"up":{"uv":[10.875,5,10.75,4.75],"texture":"#0"},"down":{"uv":[5.125,10.75,5,10.875],"texture":"#0"}}},{"from":[10.25,7.95,7.5],"to":[10.75,14.2,8.5],"rotation":{"angle":0,"axis":"y","origin":[16.5,0,0]},"faces":{"north":{"uv":[5,8,5.125,9.625],"texture":"#0"},"east":{"uv":[5.75,8,5.875,9.625],"texture":"#0"},"south":{"uv":[5,8,5.125,9.625],"texture":"#0"},"west":{"uv":[5.75,8,5.875,9.625],"texture":"#0"},"up":{"uv":[10.875,5,10.75,4.75],"texture":"#0"},"down":{"uv":[5.125,10.75,5,10.875],"texture":"#0"}}},{"from":[10.25,23.75,7.5],"to":[10.75,30,8.5],"rotation":{"angle":0,"axis":"y","origin":[16.5,0,0]},"faces":{"north":{"uv":[5,8,5.125,9.625],"texture":"#0"},"east":{"uv":[5.75,8,5.875,9.625],"texture":"#0"},"south":{"uv":[5,8,5.125,9.625],"texture":"#0"},"west":{"uv":[5.75,8,5.875,9.625],"texture":"#0"},"up":{"uv":[10.875,5,10.75,4.75],"texture":"#0"},"down":{"uv":[5.125,10.75,5,10.875],"texture":"#0"}}},{"from":[10.25,2,7.5],"to":[10.75,6.25,8.5],"rotation":{"angle":0,"axis":"y","origin":[16.5,0,0]},"faces":{"north":{"uv":[8.5,5.5,8.625,6.625],"texture":"#0"},"east":{"uv":[8.75,4.25,8.875,5.375],"texture":"#0"},"south":{"uv":[8.5,5.5,8.625,6.625],"texture":"#0"},"west":{"uv":[8.75,4.25,8.875,5.375],"texture":"#0"},"up":{"uv":[10.875,6.5,10.75,6.25],"texture":"#0"},"down":{"uv":[10.875,6.5,10.75,6.625],"texture":"#0"}}},{"from":[5.25,23.75,7.5],"to":[5.75,30,8.5],"rotation":{"angle":0,"axis":"y","origin":[-0.5,0,0]},"faces":{"north":{"uv":[5.125,8,5,9.625],"texture":"#0"},"east":{"uv":[5.875,8,5.75,9.625],"texture":"#0"},"south":{"uv":[5.125,8,5,9.625],"texture":"#0"},"west":{"uv":[5.875,8,5.75,9.625],"texture":"#0"},"up":{"uv":[10.75,5,10.875,4.75],"texture":"#0"},"down":{"uv":[5,10.75,5.125,10.875],"texture":"#0"}}},{"from":[5.25,15.75,7.5],"to":[5.75,22,8.5],"rotation":{"angle":0,"axis":"y","origin":[-0.5,0,0]},"faces":{"north":{"uv":[5.125,8,5,9.625],"texture":"#0"},"east":{"uv":[5.875,8,5.75,9.625],"texture":"#0"},"south":{"uv":[5.125,8,5,9.625],"texture":"#0"},"west":{"uv":[5.875,8,5.75,9.625],"texture":"#0"},"up":{"uv":[10.75,5,10.875,4.75],"texture":"#0"},"down":{"uv":[5,10.75,5.125,10.875],"texture":"#0"}}},{"from":[5.25,7.95,7.5],"to":[5.75,14.2,8.5],"rotation":{"angle":0,"axis":"y","origin":[-0.5,0,0]},"faces":{"north":{"uv":[5.125,8,5,9.625],"texture":"#0"},"east":{"uv":[5.875,8,5.75,9.625],"texture":"#0"},"south":{"uv":[5.125,8,5,9.625],"texture":"#0"},"west":{"uv":[5.875,8,5.75,9.625],"texture":"#0"},"up":{"uv":[10.75,5,10.875,4.75],"texture":"#0"},"down":{"uv":[5,10.75,5.125,10.875],"texture":"#0"}}},{"from":[5.25,2,7.5],"to":[5.75,6.25,8.5],"rotation":{"angle":0,"axis":"y","origin":[-0.5,0,0]},"faces":{"north":{"uv":[8.625,5.5,8.5,6.625],"texture":"#0"},"east":{"uv":[8.875,4.25,8.75,5.375],"texture":"#0"},"south":{"uv":[8.625,5.5,8.5,6.625],"texture":"#0"},"west":{"uv":[8.875,4.25,8.75,5.375],"texture":"#0"},"up":{"uv":[10.75,6.5,10.875,6.25],"texture":"#0"},"down":{"uv":[10.75,6.5,10.875,6.625],"texture":"#0"}}},{"from":[6.375,22.725,7.5],"to":[9.625,23.225,8.5],"rotation":{"angle":0,"axis":"y","origin":[5.5,26.975,7.75]},"faces":{"north":{"uv":[8,6.75,8.875,6.875],"texture":"#0"},"east":{"uv":[10.75,6.75,10.875,6.875],"texture":"#0"},"south":{"uv":[8,6.75,8.875,6.875],"texture":"#0"},"west":{"uv":[7,10.75,7.125,10.875],"texture":"#0"},"up":{"uv":[9.5625,6,8.75,6.25],"texture":"#0"},"down":{"uv":[9.5625,6.25,8.75,6],"texture":"#0"}}},{"from":[11.625,22.725,7.5],"to":[14.875,23.225,8.5],"rotation":{"angle":0,"axis":"y","origin":[5.5,26.975,7.75]},"faces":{"north":{"uv":[8.75,6.25,9.625,6.375],"texture":"#0"},"east":{"uv":[10.75,7,10.875,7.125],"texture":"#0"},"south":{"uv":[9.625,6.25,8.75,6.375],"texture":"#0"},"west":{"uv":[7.25,10.75,7.375,10.875],"texture":"#0"},"up":{"uv":[9.5625,7.75,8.75,7.5],"texture":"#0"},"down":{"uv":[9.5625,7.5,8.75,7.75],"texture":"#0"}}},{"from":[11.625,14.775,7.5],"to":[14.875,15.275,8.5],"rotation":{"angle":0,"axis":"y","origin":[5.5,26.875,7.75]},"faces":{"north":{"uv":[8.75,6.25,9.625,6.375],"texture":"#0"},"east":{"uv":[10.75,7.5,10.875,7.625],"texture":"#0"},"south":{"uv":[9.625,6.25,8.75,6.375],"texture":"#0"},"west":{"uv":[7.75,10.75,7.875,10.875],"texture":"#0"},"up":{"uv":[9.5625,7.75,8.75,7.5],"texture":"#0"},"down":{"uv":[9.5625,7.5,8.75,7.75],"texture":"#0"}}},{"from":[6.375,14.775,7.5],"to":[9.625,15.275,8.5],"rotation":{"angle":0,"axis":"y","origin":[5.5,26.875,7.75]},"faces":{"north":{"uv":[8,6.75,8.875,6.875],"texture":"#0"},"east":{"uv":[10.75,7.75,10.875,7.875],"texture":"#0"},"south":{"uv":[8,6.75,8.875,6.875],"texture":"#0"},"west":{"uv":[8,10.75,8.125,10.875],"texture":"#0"},"up":{"uv":[9.5625,6,8.75,6.25],"texture":"#0"},"down":{"uv":[9.5625,6.25,8.75,6],"texture":"#0"}}},{"from":[11.625,6.775,7.5],"to":[14.875,7.275,8.5],"rotation":{"angle":0,"axis":"y","origin":[5.5,26.725,7.75]},"faces":{"north":{"uv":[8.75,6.25,9.625,6.375],"texture":"#0"},"east":{"uv":[10.75,8.25,10.875,8.375],"texture":"#0"},"south":{"uv":[9.625,6.25,8.75,6.375],"texture":"#0"},"west":{"uv":[8.5,10.75,8.625,10.875],"texture":"#0"},"up":{"uv":[9.5625,7.75,8.75,7.5],"texture":"#0"},"down":{"uv":[9.5625,7.5,8.75,7.75],"texture":"#0"}}},{"from":[1.125,22.725,7.5],"to":[4.375,23.225,8.5],"rotation":{"angle":0,"axis":"y","origin":[10.5,26.975,7.75]},"faces":{"north":{"uv":[9.625,6.25,8.75,6.375],"texture":"#0"},"east":{"uv":[7.375,10.75,7.25,10.875],"texture":"#0"},"south":{"uv":[8.75,6.25,9.625,6.375],"texture":"#0"},"west":{"uv":[10.875,7,10.75,7.125],"texture":"#0"},"up":{"uv":[8.75,7.75,9.5625,7.5],"texture":"#0"},"down":{"uv":[8.75,7.5,9.5625,7.75],"texture":"#0"}}},{"from":[1.125,14.775,7.5],"to":[4.375,15.275,8.5],"rotation":{"angle":0,"axis":"y","origin":[10.5,26.875,7.75]},"faces":{"north":{"uv":[9.625,6.25,8.75,6.375],"texture":"#0"},"east":{"uv":[7.875,10.75,7.75,10.875],"texture":"#0"},"south":{"uv":[8.75,6.25,9.625,6.375],"texture":"#0"},"west":{"uv":[10.875,7.5,10.75,7.625],"texture":"#0"},"up":{"uv":[8.75,7.75,9.5625,7.5],"texture":"#0"},"down":{"uv":[8.75,7.5,9.5625,7.75],"texture":"#0"}}},{"from":[1.125,6.775,7.5],"to":[4.375,7.275,8.5],"rotation":{"angle":0,"axis":"y","origin":[10.5,26.725,7.75]},"faces":{"north":{"uv":[9.625,6.25,8.75,6.375],"texture":"#0"},"east":{"uv":[8.625,10.75,8.5,10.875],"texture":"#0"},"south":{"uv":[8.75,6.25,9.625,6.375],"texture":"#0"},"west":{"uv":[10.875,8.25,10.75,8.375],"texture":"#0"},"up":{"uv":[8.75,7.75,9.5625,7.5],"texture":"#0"},"down":{"uv":[8.75,7.5,9.5625,7.75],"texture":"#0"}}},{"from":[6.375,6.775,7.5],"to":[9.625,7.275,8.5],"rotation":{"angle":0,"axis":"y","origin":[5.5,26.725,7.75]},"faces":{"north":{"uv":[8,6.75,8.875,6.875],"texture":"#0"},"east":{"uv":[10.75,8.5,10.875,8.625],"texture":"#0"},"south":{"uv":[8,6.75,8.875,6.875],"texture":"#0"},"west":{"uv":[8.75,10.75,8.875,10.875],"texture":"#0"},"up":{"uv":[9.5625,6,8.75,6.25],"texture":"#0"},"down":{"uv":[9.5625,6.25,8.75,6],"texture":"#0"}}}],"gui_light":"front","display":{"thirdperson_righthand":{"rotation":[67.5,0,0],"translation":[0,-0.5,-1],"scale":[0.25273,0.25273,0.25273]},"thirdperson_lefthand":{"rotation":[67.5,0,0],"translation":[0,-0.5,-1],"scale":[0.25273,0.25273,0.25273]},"firstperson_righthand":{"translation":[2,1.25,0],"scale":[0.39578,0.39578,0.39578]},"firstperson_lefthand":{"translation":[2,1.25,0],"scale":[0.39578,0.39578,0.39578]},"ground":{"translation":[0,4,0],"scale":[0.4,0.4,0.4]},"gui":{"rotation":[30,145,0],"translation":[0,-3.25,0],"scale":[0.46102,0.46102,0.46102]},"head":{"scale":[0,0,0]},"fixed":{"translation":[0,0,-2],"scale":[2,2,2]}}}