{"credit":"MadewithBlockbench","texture_size":[64,64],"textures":{"1":"elitecreatures:windows_decoration_v1/16_windows_texture","particle":"elitecreatures:windows_decoration_v1/14_windows_texture"},"elements":[{"from":[0,30,7],"to":[16,32,9],"rotation":{"angle":0,"axis":"y","origin":[8,16,5.7039]},"faces":{"north":{"uv":[4,3,8,3.5],"texture":"#1"},"east":{"uv":[6.5,7.25,7,7.75],"texture":"#1"},"south":{"uv":[4,3.5,8,4],"texture":"#1"},"west":{"uv":[7,7.25,7.5,7.75],"texture":"#1"},"up":{"uv":[8,4.5,4,4],"texture":"#1"},"down":{"uv":[8,4.5,4,5],"texture":"#1"}}},{"from":[0,0,7],"to":[16,2,9],"rotation":{"angle":0,"axis":"y","origin":[8,16,5.7039]},"faces":{"north":{"uv":[4,5,8,5.5],"texture":"#1"},"east":{"uv":[7.5,7.25,8,7.75],"texture":"#1"},"south":{"uv":[5.5,0,9.5,0.5],"texture":"#1"},"west":{"uv":[6.5,7.75,7,8.25],"texture":"#1"},"up":{"uv":[9.5,1,5.5,0.5],"texture":"#1"},"down":{"uv":[9.5,1,5.5,1.5],"texture":"#1"}}},{"from":[14,2,7],"to":[16,30,9],"rotation":{"angle":0,"axis":"y","origin":[8,16,5.7039]},"faces":{"north":{"uv":[0,3,0.5,10],"texture":"#1"},"east":{"uv":[0.5,3,1,10],"texture":"#1"},"south":{"uv":[1,3,1.5,10],"texture":"#1"},"west":{"uv":[1.5,3,2,10],"texture":"#1"},"up":{"uv":[7.5,8.25,7,7.75],"texture":"#1"},"down":{"uv":[8,7.75,7.5,8.25],"texture":"#1"}}},{"from":[0,2,7],"to":[2,30,9],"rotation":{"angle":0,"axis":"y","origin":[8,16,5.7039]},"faces":{"north":{"uv":[2,3,2.5,10],"texture":"#1"},"east":{"uv":[2.5,3,3,10],"texture":"#1"},"south":{"uv":[3,3,3.5,10],"texture":"#1"},"west":{"uv":[3.5,3,4,10],"texture":"#1"},"up":{"uv":[8.5,3.5,8,3],"texture":"#1"},"down":{"uv":[8.5,3.5,8,4],"texture":"#1"}}},{"from":[2,15,7],"to":[14,17,9],"rotation":{"angle":0,"axis":"y","origin":[8,16,5.7039]},"faces":{"north":{"uv":[5.5,1.5,8.5,2],"texture":"#1"},"east":{"uv":[8,4,8.5,4.5],"texture":"#1"},"south":{"uv":[5.5,1.5,8.5,2],"texture":"#1"},"west":{"uv":[8,4.5,8.5,5],"texture":"#1"},"up":{"uv":[8.5,3,5.5,2.5],"texture":"#1"},"down":{"uv":[7,5.5,4,6],"texture":"#1"}}},{"from":[2.5,17.35105,2.40899],"to":[13.5,29.35105,2.90899],"rotation":{"angle":22.5,"axis":"x","origin":[8,16,5.7039]},"faces":{"north":{"uv":[0,0,2.75,3],"texture":"#1"},"east":{"uv":[6,7.25,6.125,10.25],"texture":"#1"},"south":{"uv":[0,0,2.75,3],"texture":"#1"},"west":{"uv":[6.25,7.25,6.375,10.25],"texture":"#1"},"up":{"uv":[9.75,6.375,7,6.25],"texture":"#1"},"down":{"uv":[9.75,6.5,7,6.625],"texture":"#1"}}},{"from":[2,17.35105,2.15899],"to":[2.5,29.35105,3.15899],"rotation":{"angle":22.5,"axis":"x","origin":[8,16,5.7039]},"faces":{"north":{"uv":[5.5,7.25,5.625,10.25],"texture":"#1"},"east":{"uv":[4.5,7,4.75,10],"texture":"#1"},"south":{"uv":[5,7.25,5.125,10.25],"texture":"#1"},"west":{"uv":[4.75,7,5,10],"texture":"#1"},"up":{"uv":[8.125,7,8,6.75],"texture":"#1"},"down":{"uv":[8.125,7,8,7.25],"texture":"#1"}}},{"from":[2,16.85105,2.15899],"to":[14,17.35105,3.15899],"rotation":{"angle":22.5,"axis":"x","origin":[8,16,5.7039]},"faces":{"north":{"uv":[5,7,8,7.125],"texture":"#1"},"east":{"uv":[7,6.75,7.25,6.875],"texture":"#1"},"south":{"uv":[7,5.75,10,5.875],"texture":"#1"},"west":{"uv":[7.25,6.75,7.5,6.875],"texture":"#1"},"up":{"uv":[7,6.25,4,6],"texture":"#1"},"down":{"uv":[7,6.25,4,6.5],"texture":"#1"}}},{"from":[13.5,17.35105,2.15899],"to":[14,29.35105,3.15899],"rotation":{"angle":22.5,"axis":"x","origin":[8,16,5.7039]},"faces":{"north":{"uv":[5,7.25,5.125,10.25],"texture":"#1"},"east":{"uv":[4,7,4.25,10],"texture":"#1"},"south":{"uv":[5,7.25,5.125,10.25],"texture":"#1"},"west":{"uv":[4.25,7,4.5,10],"texture":"#1"},"up":{"uv":[8.125,5.25,8,5],"texture":"#1"},"down":{"uv":[8.125,5.25,8,5.5],"texture":"#1"}}},{"from":[2,29.35105,2.15899],"to":[14,29.85105,3.15899],"rotation":{"angle":22.5,"axis":"x","origin":[8,16,5.7039]},"faces":{"north":{"uv":[7,5.75,10,5.875],"texture":"#1"},"east":{"uv":[7.5,6.75,7.75,6.875],"texture":"#1"},"south":{"uv":[7,5.75,10,5.875],"texture":"#1"},"west":{"uv":[7.75,6.75,8,6.875],"texture":"#1"},"up":{"uv":[7,6.75,4,6.5],"texture":"#1"},"down":{"uv":[7,6.75,4,7],"texture":"#1"}}},{"from":[2.5,3.49286,8.14924],"to":[13.5,15.49286,8.64924],"rotation":{"angle":22.5,"axis":"x","origin":[8,16,5.7039]},"faces":{"north":{"uv":[0,0,2.75,3],"texture":"#1"},"east":{"uv":[6,7.25,6.125,10.25],"texture":"#1"},"south":{"uv":[0,0,2.75,3],"texture":"#1"},"west":{"uv":[6.25,7.25,6.375,10.25],"texture":"#1"},"up":{"uv":[9.75,6.375,7,6.25],"texture":"#1"},"down":{"uv":[9.75,6.5,7,6.625],"texture":"#1"}}},{"from":[2,3.49286,7.89924],"to":[2.5,15.49286,8.89924],"rotation":{"angle":22.5,"axis":"x","origin":[8,16,5.7039]},"faces":{"north":{"uv":[5.5,7.25,5.625,10.25],"texture":"#1"},"east":{"uv":[4.5,7,4.75,10],"texture":"#1"},"south":{"uv":[5,7.25,5.125,10.25],"texture":"#1"},"west":{"uv":[4.75,7,5,10],"texture":"#1"},"up":{"uv":[8.125,7,8,6.75],"texture":"#1"},"down":{"uv":[8.125,7,8,7.25],"texture":"#1"}}},{"from":[2,2.99286,7.89924],"to":[14,3.49286,8.89924],"rotation":{"angle":22.5,"axis":"x","origin":[8,16,5.7039]},"faces":{"north":{"uv":[5,7,8,7.125],"texture":"#1"},"east":{"uv":[7,6.75,7.25,6.875],"texture":"#1"},"south":{"uv":[7,5.75,10,5.875],"texture":"#1"},"west":{"uv":[7.25,6.75,7.5,6.875],"texture":"#1"},"up":{"uv":[7,6.25,4,6],"texture":"#1"},"down":{"uv":[7,6.25,4,6.5],"texture":"#1"}}},{"from":[13.5,3.49286,7.89924],"to":[14,15.49286,8.89924],"rotation":{"angle":22.5,"axis":"x","origin":[8,16,5.7039]},"faces":{"north":{"uv":[5,7.25,5.125,10.25],"texture":"#1"},"east":{"uv":[4,7,4.25,10],"texture":"#1"},"south":{"uv":[5,7.25,5.125,10.25],"texture":"#1"},"west":{"uv":[4.25,7,4.5,10],"texture":"#1"},"up":{"uv":[8.125,5.25,8,5],"texture":"#1"},"down":{"uv":[8.125,5.25,8,5.5],"texture":"#1"}}},{"from":[2,15.49286,7.89924],"to":[14,15.99286,8.89924],"rotation":{"angle":22.5,"axis":"x","origin":[8,16,5.7039]},"faces":{"north":{"uv":[7,5.75,10,5.875],"texture":"#1"},"east":{"uv":[7.5,6.75,7.75,6.875],"texture":"#1"},"south":{"uv":[7,5.75,10,5.875],"texture":"#1"},"west":{"uv":[7.75,6.75,8,6.875],"texture":"#1"},"up":{"uv":[7,6.75,4,6.5],"texture":"#1"},"down":{"uv":[7,6.75,4,7],"texture":"#1"}}}],"gui_light":"front","display":{"thirdperson_righthand":{"rotation":[67.5,0,0],"translation":[0,-0.5,-1],"scale":[0.25273,0.25273,0.25273]},"thirdperson_lefthand":{"rotation":[67.5,0,0],"translation":[0,-0.5,-1],"scale":[0.25273,0.25273,0.25273]},"firstperson_righthand":{"translation":[2,1.25,0],"scale":[0.39578,0.39578,0.39578]},"firstperson_lefthand":{"translation":[2,1.25,0],"scale":[0.39578,0.39578,0.39578]},"ground":{"translation":[0,4,0],"scale":[0.4,0.4,0.4]},"gui":{"rotation":[30,145,0],"translation":[0,-3.25,0],"scale":[0.46102,0.46102,0.46102]},"head":{"scale":[0,0,0]},"fixed":{"translation":[0,0,-2],"scale":[2,2,2]}}}