{"credit":"MadewithBlockbench","texture_size":[64,64],"textures":{"1":"elitecreatures:windows_decoration_v1/11_windows_texture"},"elements":[{"from":[2,2,7.75],"to":[14,30,8.25],"rotation":{"angle":0,"axis":"y","origin":[8,16,8]},"faces":{"north":{"uv":[0,0,3,7],"texture":"#1"},"east":{"uv":[7.5,7.5,7.625,14.5],"texture":"#1"},"south":{"uv":[0,0,3,7],"texture":"#1"},"west":{"uv":[7.75,7.5,7.875,14.5],"texture":"#1"},"up":{"uv":[10.5,2.625,7.5,2.5],"texture":"#1"},"down":{"uv":[10.5,2.75,7.5,2.875],"texture":"#1"}}},{"from":[2,2,7.75],"to":[14,30,8.25],"rotation":{"angle":0,"axis":"y","origin":[8,16,8]},"faces":{"north":{"uv":[3,0,0,7],"texture":"#1"},"east":{"uv":[7.875,7.5,7.75,14.5],"texture":"#1"},"south":{"uv":[3,0,0,7],"texture":"#1"},"west":{"uv":[7.625,7.5,7.5,14.5],"texture":"#1"},"up":{"uv":[7.5,2.625,10.5,2.5],"texture":"#1"},"down":{"uv":[7.5,2.75,10.5,2.875],"texture":"#1"}}},{"from":[0,30,7],"to":[16,32,9],"rotation":{"angle":0,"axis":"y","origin":[8,16,8]},"faces":{"north":{"uv":[7.5,1,11.5,1.5],"texture":"#1"},"east":{"uv":[5.5,8,5,8.5],"texture":"#1"},"south":{"uv":[7.5,1,11.5,1.5],"texture":"#1"},"west":{"uv":[5,8,5.5,8.5],"texture":"#1"},"up":{"uv":[7.5,0.5,11.5,1],"texture":"#1"},"down":{"uv":[7.5,0.5,11.5,1],"texture":"#1"}}},{"from":[0,0,7],"to":[16,2,9],"rotation":{"angle":0,"axis":"y","origin":[8,16,8]},"faces":{"north":{"uv":[2.5,7,6.5,7.5],"texture":"#1"},"east":{"uv":[8,6.5,7.5,7],"texture":"#1"},"south":{"uv":[2.5,7,6.5,7.5],"texture":"#1"},"west":{"uv":[7.5,6.5,8,7],"texture":"#1"},"up":{"uv":[11.5,0.5,7.5,1],"texture":"#1"},"down":{"uv":[11.5,1,7.5,0.5],"texture":"#1"}}},{"from":[14,2,7],"to":[16,30,9],"rotation":{"angle":0,"axis":"y","origin":[8,16,8]},"faces":{"north":{"uv":[6,0,6.5,7],"texture":"#1"},"east":{"uv":[6.5,0,6,7],"texture":"#1"},"south":{"uv":[6.5,0,6,7],"texture":"#1"},"west":{"uv":[6,0,6.5,7],"texture":"#1"},"up":{"uv":[3,8.5,2.5,8],"texture":"#1"},"down":{"uv":[3.5,8,3,8.5],"texture":"#1"}}},{"from":[0,2,7],"to":[2,30,9],"rotation":{"angle":0,"axis":"y","origin":[8,16,8]},"faces":{"north":{"uv":[0.5,7,1,14],"texture":"#1"},"east":{"uv":[6.5,0,6,7],"texture":"#1"},"south":{"uv":[1,7,0.5,14],"texture":"#1"},"west":{"uv":[6,0,6.5,7],"texture":"#1"},"up":{"uv":[4,8.5,3.5,8],"texture":"#1"},"down":{"uv":[4.5,8,4,8.5],"texture":"#1"}}},{"from":[8.75,2,7.5],"to":[9.25,30,8.5],"rotation":{"angle":0,"axis":"y","origin":[8,16,8]},"faces":{"north":{"uv":[7,7.5,7.125,14.5],"texture":"#1"},"east":{"uv":[6.5,7.5,6.75,14.5],"texture":"#1"},"south":{"uv":[7,7.5,7.125,14.5],"texture":"#1"},"west":{"uv":[6.75,7.5,7,14.5],"texture":"#1"},"up":{"uv":[5.125,8.75,5,8.5],"texture":"#1"},"down":{"uv":[4.875,9.25,4.75,9.5],"texture":"#1"}}},{"from":[9.25,6,7.5],"to":[14,6.5,8.5],"rotation":{"angle":0,"axis":"y","origin":[8,16,8]},"faces":{"north":{"uv":[8,7.5,9.1875,7.625],"texture":"#1"},"east":{"uv":[9.5,6.75,9.75,6.875],"texture":"#1"},"south":{"uv":[8,7.5,9.1875,7.625],"texture":"#1"},"west":{"uv":[3.25,9.75,3.5,9.875],"texture":"#1"},"up":{"uv":[8.75,3.25,7.5,3],"texture":"#1"},"down":{"uv":[8.75,3.25,7.5,3.5],"texture":"#1"}}},{"from":[11.25,26,7.5],"to":[11.75,30,8.5],"rotation":{"angle":0,"axis":"y","origin":[8,16,8]},"faces":{"north":{"uv":[6.25,8,6.375,9],"texture":"#1"},"east":{"uv":[5.5,8,5.75,9],"texture":"#1"},"south":{"uv":[6.25,8,6.375,9],"texture":"#1"},"west":{"uv":[5.75,8,6,9],"texture":"#1"},"up":{"uv":[3.625,10,3.5,9.75],"texture":"#1"},"down":{"uv":[3.875,9.75,3.75,10],"texture":"#1"}}},{"from":[9.25,27.75,7.5],"to":[11.25,28.25,8.5],"rotation":{"angle":0,"axis":"y","origin":[8,16,8]},"faces":{"north":{"uv":[8.25,9.25,8.75,9.375],"texture":"#1"},"east":{"uv":[4,9.75,4.25,9.875],"texture":"#1"},"south":{"uv":[8.25,9.25,8.75,9.375],"texture":"#1"},"west":{"uv":[4.25,9.75,4.5,9.875],"texture":"#1"},"up":{"uv":[9.25,4.75,8.75,4.5],"texture":"#1"},"down":{"uv":[9.25,4.75,8.75,5],"texture":"#1"}}},{"from":[11.25,2,7.5],"to":[11.75,6,8.5],"rotation":{"angle":0,"axis":"y","origin":[8,16,8]},"faces":{"north":{"uv":[8.75,5,8.875,6],"texture":"#1"},"east":{"uv":[6,8,6.25,9],"texture":"#1"},"south":{"uv":[8.75,5,8.875,6],"texture":"#1"},"west":{"uv":[8,6,8.25,7],"texture":"#1"},"up":{"uv":[4.625,10,4.5,9.75],"texture":"#1"},"down":{"uv":[4.875,9.75,4.75,10],"texture":"#1"}}},{"from":[9.25,3.75,7.5],"to":[11.25,4.25,8.5],"rotation":{"angle":0,"axis":"y","origin":[8,16,8]},"faces":{"north":{"uv":[9.25,9,9.75,9.125],"texture":"#1"},"east":{"uv":[5,9.75,5.25,9.875],"texture":"#1"},"south":{"uv":[9.75,9,9.25,9.125],"texture":"#1"},"west":{"uv":[5.25,9.75,5.5,9.875],"texture":"#1"},"up":{"uv":[8.75,9,8.25,8.75],"texture":"#1"},"down":{"uv":[9.25,8.75,8.75,9],"texture":"#1"}}},{"from":[7.25,6,7.5],"to":[8.75,6.5,8.5],"rotation":{"angle":0,"axis":"y","origin":[8,16,8]},"faces":{"north":{"uv":[9.5,3,9.875,3.125],"texture":"#1"},"east":{"uv":[5.5,9.75,5.75,9.875],"texture":"#1"},"south":{"uv":[9.5,3.25,9.875,3.375],"texture":"#1"},"west":{"uv":[5.75,9.75,6,9.875],"texture":"#1"},"up":{"uv":[2.875,9.25,2.5,9],"texture":"#1"},"down":{"uv":[3.375,9,3,9.25],"texture":"#1"}}},{"from":[9.25,25.5,7.5],"to":[14,26,8.5],"rotation":{"angle":0,"axis":"y","origin":[8,16,8]},"faces":{"north":{"uv":[8,8,9.1875,8.125],"texture":"#1"},"east":{"uv":[9.75,5.75,10,5.875],"texture":"#1"},"south":{"uv":[8,8,9.1875,8.125],"texture":"#1"},"west":{"uv":[6,9.75,6.25,9.875],"texture":"#1"},"up":{"uv":[8.75,3.75,7.5,3.5],"texture":"#1"},"down":{"uv":[8.75,3.75,7.5,4],"texture":"#1"}}},{"from":[7.25,25.5,7.5],"to":[8.75,26,8.5],"rotation":{"angle":0,"axis":"y","origin":[8,16,8]},"faces":{"north":{"uv":[9.5,3.5,9.875,3.625],"texture":"#1"},"east":{"uv":[9.75,6,10,6.125],"texture":"#1"},"south":{"uv":[9.5,3.5,9.875,3.625],"texture":"#1"},"west":{"uv":[6.25,9.75,6.5,9.875],"texture":"#1"},"up":{"uv":[3.875,9.25,3.5,9],"texture":"#1"},"down":{"uv":[4.375,9,4,9.25],"texture":"#1"}}},{"from":[7.25,21,7.5],"to":[8.75,21.5,8.5],"rotation":{"angle":0,"axis":"y","origin":[8,16,8]},"faces":{"north":{"uv":[9.5,3.5,9.875,3.625],"texture":"#1"},"east":{"uv":[9.75,6,10,6.125],"texture":"#1"},"south":{"uv":[9.5,3.5,9.875,3.625],"texture":"#1"},"west":{"uv":[6.25,9.75,6.5,9.875],"texture":"#1"},"up":{"uv":[3.875,9.25,3.5,9],"texture":"#1"},"down":{"uv":[4.375,9,4,9.25],"texture":"#1"}}},{"from":[9.25,21,7.5],"to":[14,21.5,8.5],"rotation":{"angle":0,"axis":"y","origin":[8,16,8]},"faces":{"north":{"uv":[8,8,9.1875,8.125],"texture":"#1"},"east":{"uv":[9.75,5.75,10,5.875],"texture":"#1"},"south":{"uv":[8,8,9.1875,8.125],"texture":"#1"},"west":{"uv":[6,9.75,6.25,9.875],"texture":"#1"},"up":{"uv":[8.75,3.75,7.5,3.5],"texture":"#1"},"down":{"uv":[8.75,3.75,7.5,4],"texture":"#1"}}},{"from":[7.25,19,7.5],"to":[8.75,19.5,8.5],"rotation":{"angle":0,"axis":"y","origin":[8,16,8]},"faces":{"north":{"uv":[9.5,3.5,9.875,3.625],"texture":"#1"},"east":{"uv":[9.75,6,10,6.125],"texture":"#1"},"south":{"uv":[9.5,3.5,9.875,3.625],"texture":"#1"},"west":{"uv":[6.25,9.75,6.5,9.875],"texture":"#1"},"up":{"uv":[3.875,9.25,3.5,9],"texture":"#1"},"down":{"uv":[4.375,9,4,9.25],"texture":"#1"}}},{"from":[9.25,19,7.5],"to":[14,19.5,8.5],"rotation":{"angle":0,"axis":"y","origin":[8,16,8]},"faces":{"north":{"uv":[8,8,9.1875,8.125],"texture":"#1"},"east":{"uv":[9.75,5.75,10,5.875],"texture":"#1"},"south":{"uv":[8,8,9.1875,8.125],"texture":"#1"},"west":{"uv":[6,9.75,6.25,9.875],"texture":"#1"},"up":{"uv":[8.75,3.75,7.5,3.5],"texture":"#1"},"down":{"uv":[8.75,3.75,7.5,4],"texture":"#1"}}},{"from":[11.25,21.5,7.5],"to":[11.75,23,8.5],"rotation":{"angle":0,"axis":"y","origin":[8,16,8]},"faces":{"north":{"uv":[6.25,9.25,6.375,9.625],"texture":"#1"},"east":{"uv":[5,9,5.25,9.375],"texture":"#1"},"south":{"uv":[6.25,9.25,6.375,9.625],"texture":"#1"},"west":{"uv":[8.75,9,9,9.375],"texture":"#1"},"up":{"uv":[4.125,10.25,4,10],"texture":"#1"},"down":{"uv":[10.125,4,10,4.25],"texture":"#1"}}},{"from":[11.25,19.5,7.5],"to":[11.75,21,8.5],"rotation":{"angle":0,"axis":"y","origin":[8,16,8]},"faces":{"north":{"uv":[9.5,6.25,9.625,6.625],"texture":"#1"},"east":{"uv":[9,9,9.25,9.375],"texture":"#1"},"south":{"uv":[9.5,6.25,9.625,6.625],"texture":"#1"},"west":{"uv":[2.5,9.25,2.75,9.625],"texture":"#1"},"up":{"uv":[4.375,10.25,4.25,10],"texture":"#1"},"down":{"uv":[10.125,4.25,10,4.5],"texture":"#1"}}},{"from":[9.25,17,7.5],"to":[11.75,17.5,8.5],"rotation":{"angle":0,"axis":"y","origin":[8,16,8]},"faces":{"north":{"uv":[9.25,4.5,9.875,4.625],"texture":"#1"},"east":{"uv":[4.5,10,4.75,10.125],"texture":"#1"},"south":{"uv":[9.25,4.5,9.875,4.625],"texture":"#1"},"west":{"uv":[10,4.5,10.25,4.625],"texture":"#1"},"up":{"uv":[9.375,3.25,8.75,3],"texture":"#1"},"down":{"uv":[9.375,3.25,8.75,3.5],"texture":"#1"}}},{"from":[11.25,17.5,7.5],"to":[11.75,19,8.5],"rotation":{"angle":0,"axis":"y","origin":[8,16,8]},"faces":{"north":{"uv":[8.5,9.5,8.625,9.875],"texture":"#1"},"east":{"uv":[2.75,9.25,3,9.625],"texture":"#1"},"south":{"uv":[8.5,9.5,8.625,9.875],"texture":"#1"},"west":{"uv":[3,9.25,3.25,9.625],"texture":"#1"},"up":{"uv":[4.875,10.25,4.75,10],"texture":"#1"},"down":{"uv":[10.125,4.75,10,5],"texture":"#1"}}},{"from":[9.25,23,7.5],"to":[11.75,23.5,8.5],"rotation":{"angle":0,"axis":"y","origin":[8,16,8]},"faces":{"north":{"uv":[5.5,9.25,6.125,9.375],"texture":"#1"},"east":{"uv":[5,10,5.25,10.125],"texture":"#1"},"south":{"uv":[6.125,9.25,5.5,9.375],"texture":"#1"},"west":{"uv":[10,5,10.25,5.125],"texture":"#1"},"up":{"uv":[9.375,3.75,8.75,3.5],"texture":"#1"},"down":{"uv":[4.375,8.75,3.75,9],"texture":"#1"}}},{"from":[7.25,10.5,7.5],"to":[8.75,11,8.5],"rotation":{"angle":0,"axis":"y","origin":[8,16,8]},"faces":{"north":{"uv":[9.5,3.5,9.875,3.625],"texture":"#1"},"east":{"uv":[9.75,6,10,6.125],"texture":"#1"},"south":{"uv":[9.5,3.5,9.875,3.625],"texture":"#1"},"west":{"uv":[6.25,9.75,6.5,9.875],"texture":"#1"},"up":{"uv":[3.875,9.25,3.5,9],"texture":"#1"},"down":{"uv":[4.375,9,4,9.25],"texture":"#1"}}},{"from":[7.25,12.5,7.5],"to":[8.75,13,8.5],"rotation":{"angle":0,"axis":"y","origin":[8,16,8]},"faces":{"north":{"uv":[9.5,3.5,9.875,3.625],"texture":"#1"},"east":{"uv":[9.75,6,10,6.125],"texture":"#1"},"south":{"uv":[9.5,3.5,9.875,3.625],"texture":"#1"},"west":{"uv":[6.25,9.75,6.5,9.875],"texture":"#1"},"up":{"uv":[3.875,9.25,3.5,9],"texture":"#1"},"down":{"uv":[4.375,9,4,9.25],"texture":"#1"}}},{"from":[9.25,12.5,7.5],"to":[14,13,8.5],"rotation":{"angle":0,"axis":"y","origin":[8,16,8]},"faces":{"north":{"uv":[8,8,9.1875,8.125],"texture":"#1"},"east":{"uv":[9.75,5.75,10,5.875],"texture":"#1"},"south":{"uv":[8,8,9.1875,8.125],"texture":"#1"},"west":{"uv":[6,9.75,6.25,9.875],"texture":"#1"},"up":{"uv":[8.75,3.75,7.5,3.5],"texture":"#1"},"down":{"uv":[8.75,3.75,7.5,4],"texture":"#1"}}},{"from":[11.25,13,7.5],"to":[11.75,14.5,8.5],"rotation":{"angle":0,"axis":"y","origin":[8,16,8]},"faces":{"north":{"uv":[6.25,9.25,6.375,9.625],"texture":"#1"},"east":{"uv":[5,9,5.25,9.375],"texture":"#1"},"south":{"uv":[6.25,9.25,6.375,9.625],"texture":"#1"},"west":{"uv":[8.75,9,9,9.375],"texture":"#1"},"up":{"uv":[4.125,10.25,4,10],"texture":"#1"},"down":{"uv":[10.125,4,10,4.25],"texture":"#1"}}},{"from":[9.25,14.5,7.5],"to":[11.75,15,8.5],"rotation":{"angle":0,"axis":"y","origin":[8,16,8]},"faces":{"north":{"uv":[5.5,9.25,6.125,9.375],"texture":"#1"},"east":{"uv":[5,10,5.25,10.125],"texture":"#1"},"south":{"uv":[6.125,9.25,5.5,9.375],"texture":"#1"},"west":{"uv":[10,5,10.25,5.125],"texture":"#1"},"up":{"uv":[9.375,3.75,8.75,3.5],"texture":"#1"},"down":{"uv":[4.375,8.75,3.75,9],"texture":"#1"}}},{"from":[9.25,10.5,7.5],"to":[14,11,8.5],"rotation":{"angle":0,"axis":"y","origin":[8,16,8]},"faces":{"north":{"uv":[8,8,9.1875,8.125],"texture":"#1"},"east":{"uv":[9.75,5.75,10,5.875],"texture":"#1"},"south":{"uv":[8,8,9.1875,8.125],"texture":"#1"},"west":{"uv":[6,9.75,6.25,9.875],"texture":"#1"},"up":{"uv":[8.75,3.75,7.5,3.5],"texture":"#1"},"down":{"uv":[8.75,3.75,7.5,4],"texture":"#1"}}},{"from":[11.25,11,7.5],"to":[11.75,12.5,8.5],"rotation":{"angle":0,"axis":"y","origin":[8,16,8]},"faces":{"north":{"uv":[9.5,6.25,9.625,6.625],"texture":"#1"},"east":{"uv":[9,9,9.25,9.375],"texture":"#1"},"south":{"uv":[9.5,6.25,9.625,6.625],"texture":"#1"},"west":{"uv":[2.5,9.25,2.75,9.625],"texture":"#1"},"up":{"uv":[4.375,10.25,4.25,10],"texture":"#1"},"down":{"uv":[10.125,4.25,10,4.5],"texture":"#1"}}},{"from":[11.25,9,7.5],"to":[11.75,10.5,8.5],"rotation":{"angle":0,"axis":"y","origin":[8,16,8]},"faces":{"north":{"uv":[8.5,9.5,8.625,9.875],"texture":"#1"},"east":{"uv":[2.75,9.25,3,9.625],"texture":"#1"},"south":{"uv":[8.5,9.5,8.625,9.875],"texture":"#1"},"west":{"uv":[3,9.25,3.25,9.625],"texture":"#1"},"up":{"uv":[4.875,10.25,4.75,10],"texture":"#1"},"down":{"uv":[10.125,4.75,10,5],"texture":"#1"}}},{"from":[9.25,8.5,7.5],"to":[11.75,9,8.5],"rotation":{"angle":0,"axis":"y","origin":[8,16,8]},"faces":{"north":{"uv":[9.25,4.5,9.875,4.625],"texture":"#1"},"east":{"uv":[4.5,10,4.75,10.125],"texture":"#1"},"south":{"uv":[9.25,4.5,9.875,4.625],"texture":"#1"},"west":{"uv":[10,4.5,10.25,4.625],"texture":"#1"},"up":{"uv":[9.375,3.25,8.75,3],"texture":"#1"},"down":{"uv":[9.375,3.25,8.75,3.5],"texture":"#1"}}},{"from":[6.75,2,7.5],"to":[7.25,30,8.5],"rotation":{"angle":0,"axis":"y","origin":[8,16,8]},"faces":{"north":{"uv":[7.125,7.5,7,14.5],"texture":"#1"},"east":{"uv":[7,7.5,6.75,14.5],"texture":"#1"},"south":{"uv":[7.125,7.5,7,14.5],"texture":"#1"},"west":{"uv":[6.75,7.5,6.5,14.5],"texture":"#1"},"up":{"uv":[5,8.75,5.125,8.5],"texture":"#1"},"down":{"uv":[4.75,9.25,4.875,9.5],"texture":"#1"}}},{"from":[2,6,7.5],"to":[6.75,6.5,8.5],"rotation":{"angle":0,"axis":"y","origin":[8,16,8]},"faces":{"north":{"uv":[9.1875,7.5,8,7.625],"texture":"#1"},"east":{"uv":[3.5,9.75,3.25,9.875],"texture":"#1"},"south":{"uv":[9.1875,7.5,8,7.625],"texture":"#1"},"west":{"uv":[9.75,6.75,9.5,6.875],"texture":"#1"},"up":{"uv":[7.5,3.25,8.75,3],"texture":"#1"},"down":{"uv":[7.5,3.25,8.75,3.5],"texture":"#1"}}},{"from":[4.25,26,7.5],"to":[4.75,30,8.5],"rotation":{"angle":0,"axis":"y","origin":[8,16,8]},"faces":{"north":{"uv":[6.375,8,6.25,9],"texture":"#1"},"east":{"uv":[6,8,5.75,9],"texture":"#1"},"south":{"uv":[6.375,8,6.25,9],"texture":"#1"},"west":{"uv":[5.75,8,5.5,9],"texture":"#1"},"up":{"uv":[3.5,10,3.625,9.75],"texture":"#1"},"down":{"uv":[3.75,9.75,3.875,10],"texture":"#1"}}},{"from":[4.25,2,7.5],"to":[4.75,6,8.5],"rotation":{"angle":0,"axis":"y","origin":[8,16,8]},"faces":{"north":{"uv":[8.875,5,8.75,6],"texture":"#1"},"east":{"uv":[8.25,6,8,7],"texture":"#1"},"south":{"uv":[8.875,5,8.75,6],"texture":"#1"},"west":{"uv":[6.25,8,6,9],"texture":"#1"},"up":{"uv":[4.5,10,4.625,9.75],"texture":"#1"},"down":{"uv":[4.75,9.75,4.875,10],"texture":"#1"}}},{"from":[4.75,3.75,7.5],"to":[6.75,4.25,8.5],"rotation":{"angle":0,"axis":"y","origin":[8,16,8]},"faces":{"north":{"uv":[9.75,9,9.25,9.125],"texture":"#1"},"east":{"uv":[5.5,9.75,5.25,9.875],"texture":"#1"},"south":{"uv":[9.25,9,9.75,9.125],"texture":"#1"},"west":{"uv":[5.25,9.75,5,9.875],"texture":"#1"},"up":{"uv":[8.25,9,8.75,8.75],"texture":"#1"},"down":{"uv":[8.75,8.75,9.25,9],"texture":"#1"}}},{"from":[7.25,6,7.5],"to":[8.75,6.5,8.5],"rotation":{"angle":0,"axis":"y","origin":[8,16,8]},"faces":{"north":{"uv":[9.875,3,9.5,3.125],"texture":"#1"},"east":{"uv":[6,9.75,5.75,9.875],"texture":"#1"},"south":{"uv":[9.875,3.25,9.5,3.375],"texture":"#1"},"west":{"uv":[5.75,9.75,5.5,9.875],"texture":"#1"},"up":{"uv":[2.5,9.25,2.875,9],"texture":"#1"},"down":{"uv":[3,9,3.375,9.25],"texture":"#1"}}},{"from":[2,25.5,7.5],"to":[6.75,26,8.5],"rotation":{"angle":0,"axis":"y","origin":[8,16,8]},"faces":{"north":{"uv":[9.1875,8,8,8.125],"texture":"#1"},"east":{"uv":[6.25,9.75,6,9.875],"texture":"#1"},"south":{"uv":[9.1875,8,8,8.125],"texture":"#1"},"west":{"uv":[10,5.75,9.75,5.875],"texture":"#1"},"up":{"uv":[7.5,3.75,8.75,3.5],"texture":"#1"},"down":{"uv":[7.5,3.75,8.75,4],"texture":"#1"}}},{"from":[7.25,25.5,7.5],"to":[8.75,26,8.5],"rotation":{"angle":0,"axis":"y","origin":[8,16,8]},"faces":{"north":{"uv":[9.875,3.5,9.5,3.625],"texture":"#1"},"east":{"uv":[6.5,9.75,6.25,9.875],"texture":"#1"},"south":{"uv":[9.875,3.5,9.5,3.625],"texture":"#1"},"west":{"uv":[10,6,9.75,6.125],"texture":"#1"},"up":{"uv":[3.5,9.25,3.875,9],"texture":"#1"},"down":{"uv":[4,9,4.375,9.25],"texture":"#1"}}},{"from":[4.25,21.5,7.5],"to":[4.75,23,8.5],"rotation":{"angle":0,"axis":"y","origin":[8,16,8]},"faces":{"north":{"uv":[6.375,9.25,6.25,9.625],"texture":"#1"},"east":{"uv":[9,9,8.75,9.375],"texture":"#1"},"south":{"uv":[6.375,9.25,6.25,9.625],"texture":"#1"},"west":{"uv":[5.25,9,5,9.375],"texture":"#1"},"up":{"uv":[4,10.25,4.125,10],"texture":"#1"},"down":{"uv":[10,4,10.125,4.25],"texture":"#1"}}},{"from":[4.25,19.5,7.5],"to":[4.75,21,8.5],"rotation":{"angle":0,"axis":"y","origin":[8,16,8]},"faces":{"north":{"uv":[9.625,6.25,9.5,6.625],"texture":"#1"},"east":{"uv":[2.75,9.25,2.5,9.625],"texture":"#1"},"south":{"uv":[9.625,6.25,9.5,6.625],"texture":"#1"},"west":{"uv":[9.25,9,9,9.375],"texture":"#1"},"up":{"uv":[4.25,10.25,4.375,10],"texture":"#1"},"down":{"uv":[10,4.25,10.125,4.5],"texture":"#1"}}},{"from":[4.25,17,7.5],"to":[6.75,17.5,8.5],"rotation":{"angle":0,"axis":"y","origin":[8,16,8]},"faces":{"north":{"uv":[9.875,4.5,9.25,4.625],"texture":"#1"},"east":{"uv":[10.25,4.5,10,4.625],"texture":"#1"},"south":{"uv":[9.875,4.5,9.25,4.625],"texture":"#1"},"west":{"uv":[4.75,10,4.5,10.125],"texture":"#1"},"up":{"uv":[8.75,3.25,9.375,3],"texture":"#1"},"down":{"uv":[8.75,3.25,9.375,3.5],"texture":"#1"}}},{"from":[4.25,17.5,7.5],"to":[4.75,19,8.5],"rotation":{"angle":0,"axis":"y","origin":[8,16,8]},"faces":{"north":{"uv":[8.625,9.5,8.5,9.875],"texture":"#1"},"east":{"uv":[3.25,9.25,3,9.625],"texture":"#1"},"south":{"uv":[8.625,9.5,8.5,9.875],"texture":"#1"},"west":{"uv":[3,9.25,2.75,9.625],"texture":"#1"},"up":{"uv":[4.75,10.25,4.875,10],"texture":"#1"},"down":{"uv":[10,4.75,10.125,5],"texture":"#1"}}},{"from":[4.25,23,7.5],"to":[6.75,23.5,8.5],"rotation":{"angle":0,"axis":"y","origin":[8,16,8]},"faces":{"north":{"uv":[6.125,9.25,5.5,9.375],"texture":"#1"},"east":{"uv":[10.25,5,10,5.125],"texture":"#1"},"south":{"uv":[5.5,9.25,6.125,9.375],"texture":"#1"},"west":{"uv":[5.25,10,5,10.125],"texture":"#1"},"up":{"uv":[8.75,3.75,9.375,3.5],"texture":"#1"},"down":{"uv":[3.75,8.75,4.375,9],"texture":"#1"}}},{"from":[4.75,27.75,7.5],"to":[6.75,28.25,8.5],"rotation":{"angle":0,"axis":"y","origin":[8,16,8]},"faces":{"north":{"uv":[8.75,9.25,8.25,9.375],"texture":"#1"},"east":{"uv":[4.5,9.75,4.25,9.875],"texture":"#1"},"south":{"uv":[8.75,9.25,8.25,9.375],"texture":"#1"},"west":{"uv":[4.25,9.75,4,9.875],"texture":"#1"},"up":{"uv":[8.75,4.75,9.25,4.5],"texture":"#1"},"down":{"uv":[8.75,4.75,9.25,5],"texture":"#1"}}},{"from":[2,21,7.5],"to":[6.75,21.5,8.5],"rotation":{"angle":0,"axis":"y","origin":[8,16,8]},"faces":{"north":{"uv":[9.1875,8,8,8.125],"texture":"#1"},"east":{"uv":[6.25,9.75,6,9.875],"texture":"#1"},"south":{"uv":[9.1875,8,8,8.125],"texture":"#1"},"west":{"uv":[10,5.75,9.75,5.875],"texture":"#1"},"up":{"uv":[7.5,3.75,8.75,3.5],"texture":"#1"},"down":{"uv":[7.5,3.75,8.75,4],"texture":"#1"}}},{"from":[7.25,21,7.5],"to":[8.75,21.5,8.5],"rotation":{"angle":0,"axis":"y","origin":[8,16,8]},"faces":{"north":{"uv":[9.875,3.5,9.5,3.625],"texture":"#1"},"east":{"uv":[6.5,9.75,6.25,9.875],"texture":"#1"},"south":{"uv":[9.875,3.5,9.5,3.625],"texture":"#1"},"west":{"uv":[10,6,9.75,6.125],"texture":"#1"},"up":{"uv":[3.5,9.25,3.875,9],"texture":"#1"},"down":{"uv":[4,9,4.375,9.25],"texture":"#1"}}},{"from":[2,19,7.5],"to":[6.75,19.5,8.5],"rotation":{"angle":0,"axis":"y","origin":[8,16,8]},"faces":{"north":{"uv":[9.1875,8,8,8.125],"texture":"#1"},"east":{"uv":[6.25,9.75,6,9.875],"texture":"#1"},"south":{"uv":[9.1875,8,8,8.125],"texture":"#1"},"west":{"uv":[10,5.75,9.75,5.875],"texture":"#1"},"up":{"uv":[7.5,3.75,8.75,3.5],"texture":"#1"},"down":{"uv":[7.5,3.75,8.75,4],"texture":"#1"}}},{"from":[7.25,19,7.5],"to":[8.75,19.5,8.5],"rotation":{"angle":0,"axis":"y","origin":[8,16,8]},"faces":{"north":{"uv":[9.875,3.5,9.5,3.625],"texture":"#1"},"east":{"uv":[6.5,9.75,6.25,9.875],"texture":"#1"},"south":{"uv":[9.875,3.5,9.5,3.625],"texture":"#1"},"west":{"uv":[10,6,9.75,6.125],"texture":"#1"},"up":{"uv":[3.5,9.25,3.875,9],"texture":"#1"},"down":{"uv":[4,9,4.375,9.25],"texture":"#1"}}},{"from":[4.25,8.5,7.5],"to":[6.75,9,8.5],"rotation":{"angle":0,"axis":"y","origin":[8,16,8]},"faces":{"north":{"uv":[9.875,4.5,9.25,4.625],"texture":"#1"},"east":{"uv":[10.25,4.5,10,4.625],"texture":"#1"},"south":{"uv":[9.875,4.5,9.25,4.625],"texture":"#1"},"west":{"uv":[4.75,10,4.5,10.125],"texture":"#1"},"up":{"uv":[8.75,3.25,9.375,3],"texture":"#1"},"down":{"uv":[8.75,3.25,9.375,3.5],"texture":"#1"}}},{"from":[4.25,9,7.5],"to":[4.75,10.5,8.5],"rotation":{"angle":0,"axis":"y","origin":[8,16,8]},"faces":{"north":{"uv":[8.625,9.5,8.5,9.875],"texture":"#1"},"east":{"uv":[3.25,9.25,3,9.625],"texture":"#1"},"south":{"uv":[8.625,9.5,8.5,9.875],"texture":"#1"},"west":{"uv":[3,9.25,2.75,9.625],"texture":"#1"},"up":{"uv":[4.75,10.25,4.875,10],"texture":"#1"},"down":{"uv":[10,4.75,10.125,5],"texture":"#1"}}},{"from":[4.25,11,7.5],"to":[4.75,12.5,8.5],"rotation":{"angle":0,"axis":"y","origin":[8,16,8]},"faces":{"north":{"uv":[9.625,6.25,9.5,6.625],"texture":"#1"},"east":{"uv":[2.75,9.25,2.5,9.625],"texture":"#1"},"south":{"uv":[9.625,6.25,9.5,6.625],"texture":"#1"},"west":{"uv":[9.25,9,9,9.375],"texture":"#1"},"up":{"uv":[4.25,10.25,4.375,10],"texture":"#1"},"down":{"uv":[10,4.25,10.125,4.5],"texture":"#1"}}},{"from":[2,10.5,7.5],"to":[6.75,11,8.5],"rotation":{"angle":0,"axis":"y","origin":[8,16,8]},"faces":{"north":{"uv":[9.1875,8,8,8.125],"texture":"#1"},"east":{"uv":[6.25,9.75,6,9.875],"texture":"#1"},"south":{"uv":[9.1875,8,8,8.125],"texture":"#1"},"west":{"uv":[10,5.75,9.75,5.875],"texture":"#1"},"up":{"uv":[7.5,3.75,8.75,3.5],"texture":"#1"},"down":{"uv":[7.5,3.75,8.75,4],"texture":"#1"}}},{"from":[4.25,14.5,7.5],"to":[6.75,15,8.5],"rotation":{"angle":0,"axis":"y","origin":[8,16,8]},"faces":{"north":{"uv":[6.125,9.25,5.5,9.375],"texture":"#1"},"east":{"uv":[10.25,5,10,5.125],"texture":"#1"},"south":{"uv":[5.5,9.25,6.125,9.375],"texture":"#1"},"west":{"uv":[5.25,10,5,10.125],"texture":"#1"},"up":{"uv":[8.75,3.75,9.375,3.5],"texture":"#1"},"down":{"uv":[3.75,8.75,4.375,9],"texture":"#1"}}},{"from":[4.25,13,7.5],"to":[4.75,14.5,8.5],"rotation":{"angle":0,"axis":"y","origin":[8,16,8]},"faces":{"north":{"uv":[6.375,9.25,6.25,9.625],"texture":"#1"},"east":{"uv":[9,9,8.75,9.375],"texture":"#1"},"south":{"uv":[6.375,9.25,6.25,9.625],"texture":"#1"},"west":{"uv":[5.25,9,5,9.375],"texture":"#1"},"up":{"uv":[4,10.25,4.125,10],"texture":"#1"},"down":{"uv":[10,4,10.125,4.25],"texture":"#1"}}},{"from":[2,12.5,7.5],"to":[6.75,13,8.5],"rotation":{"angle":0,"axis":"y","origin":[8,16,8]},"faces":{"north":{"uv":[9.1875,8,8,8.125],"texture":"#1"},"east":{"uv":[6.25,9.75,6,9.875],"texture":"#1"},"south":{"uv":[9.1875,8,8,8.125],"texture":"#1"},"west":{"uv":[10,5.75,9.75,5.875],"texture":"#1"},"up":{"uv":[7.5,3.75,8.75,3.5],"texture":"#1"},"down":{"uv":[7.5,3.75,8.75,4],"texture":"#1"}}},{"from":[7.25,12.5,7.5],"to":[8.75,13,8.5],"rotation":{"angle":0,"axis":"y","origin":[8,16,8]},"faces":{"north":{"uv":[9.875,3.5,9.5,3.625],"texture":"#1"},"east":{"uv":[6.5,9.75,6.25,9.875],"texture":"#1"},"south":{"uv":[9.875,3.5,9.5,3.625],"texture":"#1"},"west":{"uv":[10,6,9.75,6.125],"texture":"#1"},"up":{"uv":[3.5,9.25,3.875,9],"texture":"#1"},"down":{"uv":[4,9,4.375,9.25],"texture":"#1"}}},{"from":[7.25,10.5,7.5],"to":[8.75,11,8.5],"rotation":{"angle":0,"axis":"y","origin":[8,16,8]},"faces":{"north":{"uv":[9.875,3.5,9.5,3.625],"texture":"#1"},"east":{"uv":[6.5,9.75,6.25,9.875],"texture":"#1"},"south":{"uv":[9.875,3.5,9.5,3.625],"texture":"#1"},"west":{"uv":[10,6,9.75,6.125],"texture":"#1"},"up":{"uv":[3.5,9.25,3.875,9],"texture":"#1"},"down":{"uv":[4,9,4.375,9.25],"texture":"#1"}}}],"gui_light":"front","display":{"thirdperson_righthand":{"rotation":[67.5,0,0],"translation":[0,-0.5,-1],"scale":[0.25273,0.25273,0.25273]},"thirdperson_lefthand":{"rotation":[67.5,0,0],"translation":[0,-0.5,-1],"scale":[0.25273,0.25273,0.25273]},"firstperson_righthand":{"translation":[2,1.25,0],"scale":[0.39578,0.39578,0.39578]},"firstperson_lefthand":{"translation":[2,1.25,0],"scale":[0.39578,0.39578,0.39578]},"ground":{"translation":[0,4,0],"scale":[0.4,0.4,0.4]},"gui":{"rotation":[30,145,0],"translation":[0,-3.25,0],"scale":[0.46102,0.46102,0.46102]},"head":{"scale":[0,0,0]},"fixed":{"translation":[0,0,-2],"scale":[2,2,2]}}}