{"credit":"Made by Geode","texture_size":[32,32],"textures":{"7":"andromeda:andromeda/shovel_jets","10":"andromeda:andromeda/shovel"},"elements":[{"from":[6.99975,0.83108,7],"to":[8.99975,12.83108,9],"rotation":{"angle":0,"axis":"y","origin":[8,10.35734,8]},"faces":{"north":{"uv":[0,0,1,6],"texture":"#10"},"east":{"uv":[1,0,2,6],"texture":"#10"},"south":{"uv":[2,0,3,6],"texture":"#10"},"west":{"uv":[3,0,4,6],"texture":"#10"},"up":{"uv":[8.5,11.5,7.5,10.5],"texture":"#10"},"down":{"uv":[9.5,10.5,8.5,11.5],"texture":"#10"}}},{"from":[6.74975,3.64656,13.70073],"to":[9.24975,4.64656,14.70073],"rotation":{"angle":45,"axis":"x","origin":[8,10.35734,8]},"faces":{"north":{"uv":[12,3.5,13.5,4],"texture":"#10"},"east":{"uv":[6,12.5,6.5,13],"texture":"#10"},"south":{"uv":[4.5,12,6,12.5],"texture":"#10"},"west":{"uv":[12.5,6.5,13,7],"texture":"#10"},"up":{"uv":[13.5,5.5,12,5],"texture":"#10"},"down":{"uv":[13.5,5.5,12,6],"texture":"#10"}}},{"from":[7.99975,-1.55994,3.59475],"to":[7.99975,2.44006,6.59475],"rotation":{"angle":-22.5,"axis":"x","origin":[8,10.35734,8]},"faces":{"north":{"uv":[0,0,0,2],"texture":"#10"},"east":{"uv":[3,6,4.5,8],"texture":"#10"},"south":{"uv":[0,0,0,2],"texture":"#10"},"west":{"uv":[4.5,6,6,8],"texture":"#10"},"up":{"uv":[0,1.5,0,0],"texture":"#10"},"down":{"uv":[0,0,0,1.5],"texture":"#10"}}},{"from":[7.99975,-1.55994,9.40525],"to":[7.99975,2.44006,12.40525],"rotation":{"angle":22.5,"axis":"x","origin":[8,10.35734,8]},"faces":{"north":{"uv":[0,0,0,2],"texture":"#10"},"east":{"uv":[6.5,2,8,4],"texture":"#10"},"south":{"uv":[0,0,0,2],"texture":"#10"},"west":{"uv":[6.5,4,8,6],"texture":"#10"},"up":{"uv":[0,1.5,0,0],"texture":"#10"},"down":{"uv":[0,0,0,1.5],"texture":"#10"}}},{"from":[6.49975,2.64656,13.70073],"to":[9.49975,3.64656,14.70073],"rotation":{"angle":45,"axis":"x","origin":[8,10.35734,8]},"faces":{"north":{"uv":[1.5,12,3,12.5],"texture":"#10"},"east":{"uv":[5,12.5,5.5,13],"texture":"#10"},"south":{"uv":[12,2.5,13.5,3],"texture":"#10"},"west":{"uv":[5.5,12.5,6,13],"texture":"#10"},"up":{"uv":[4.5,12.5,3,12],"texture":"#10"},"down":{"uv":[13.5,3,12,3.5],"texture":"#10"}}},{"from":[6.49975,2.64656,12.70073],"to":[9.49975,5.64656,13.70073],"rotation":{"angle":45,"axis":"x","origin":[8,10.35734,8]},"faces":{"north":{"uv":[6.5,8.5,8,10],"texture":"#10"},"east":{"uv":[11.5,2.5,12,4],"texture":"#10"},"south":{"uv":[8.5,6.5,10,8],"texture":"#10"},"west":{"uv":[11.5,5,12,6.5],"texture":"#10"},"up":{"uv":[13,4.5,11.5,4],"texture":"#10"},"down":{"uv":[8,11.5,6.5,12],"texture":"#10"}}},{"from":[6.49975,4.64656,13.70073],"to":[9.49975,5.64656,14.70073],"rotation":{"angle":45,"axis":"x","origin":[8,10.35734,8]},"faces":{"north":{"uv":[8,11.5,9.5,12],"texture":"#10"},"east":{"uv":[7.5,10,8,10.5],"texture":"#10"},"south":{"uv":[9.5,11.5,11,12],"texture":"#10"},"west":{"uv":[4.5,12.5,5,13],"texture":"#10"},"up":{"uv":[12.5,12,11,11.5],"texture":"#10"},"down":{"uv":[1.5,12,0,12.5],"texture":"#10"}}},{"from":[6.49975,2.64656,14.70073],"to":[9.49975,5.64656,15.70073],"rotation":{"angle":45,"axis":"x","origin":[8,10.35734,8]},"faces":{"north":{"uv":[5,8,6.5,9.5],"texture":"#10"},"east":{"uv":[11,5,11.5,6.5],"texture":"#10"},"south":{"uv":[8.5,5,10,6.5],"texture":"#10"},"west":{"uv":[6,11,6.5,12.5],"texture":"#10"},"up":{"uv":[12.5,7,11,6.5],"texture":"#10"},"down":{"uv":[12.5,7,11,7.5],"texture":"#10"}}},{"from":[6.49975,12.13184,3.21545],"to":[9.49975,14.13184,4.21545],"rotation":{"angle":45,"axis":"x","origin":[8,10.35734,8]},"faces":{"north":{"uv":[9,1,10.5,2],"texture":"#10"},"east":{"uv":[11,12,11.5,13],"texture":"#10"},"south":{"uv":[9,2,10.5,3],"texture":"#10"},"west":{"uv":[11.5,12,12,13],"texture":"#10"},"up":{"uv":[13,2,11.5,1.5],"texture":"#10"},"down":{"uv":[13,2,11.5,2.5],"texture":"#10"}}},{"from":[6.49975,11.13184,3.21545],"to":[9.49975,12.13184,7.21545],"rotation":{"angle":45,"axis":"x","origin":[8,10.35734,8]},"faces":{"north":{"uv":[11,11,12.5,11.5],"texture":"#10"},"east":{"uv":[10.5,10,12.5,10.5],"texture":"#10"},"south":{"uv":[11.5,0,13,0.5],"texture":"#10"},"west":{"uv":[10.5,10.5,12.5,11],"texture":"#10"},"up":{"uv":[7.5,8,6,6],"texture":"#10"},"down":{"uv":[8,0,6.5,2],"texture":"#10"}}},{"from":[6.74975,12.13184,4.21545],"to":[9.24975,14.13184,6.21545],"rotation":{"angle":45,"axis":"x","origin":[8,10.35734,8]},"faces":{"north":{"uv":[9,3,10.5,4],"texture":"#10"},"east":{"uv":[4,11,5,12],"texture":"#10"},"south":{"uv":[9,4,10.5,5],"texture":"#10"},"west":{"uv":[5,11,6,12],"texture":"#10"},"up":{"uv":[6.5,10.5,5,9.5],"texture":"#10"},"down":{"uv":[9.5,9.5,8,10.5],"texture":"#10"}}},{"from":[6.49975,12.13184,6.21545],"to":[9.49975,14.13184,7.21545],"rotation":{"angle":45,"axis":"x","origin":[8,10.35734,8]},"faces":{"north":{"uv":[8,8.5,9.5,9.5],"texture":"#10"},"east":{"uv":[8,5,8.5,6],"texture":"#10"},"south":{"uv":[9,0,10.5,1],"texture":"#10"},"west":{"uv":[10.5,12,11,13],"texture":"#10"},"up":{"uv":[13,1,11.5,0.5],"texture":"#10"},"down":{"uv":[13,1,11.5,1.5],"texture":"#10"}}},{"from":[6.49975,14.13184,3.21545],"to":[9.49975,15.13184,7.21545],"rotation":{"angle":45,"axis":"x","origin":[8,10.35734,8]},"faces":{"north":{"uv":[11,7.5,12.5,8],"texture":"#10"},"east":{"uv":[10.5,9,12.5,9.5],"texture":"#10"},"south":{"uv":[9.5,11,11,11.5],"texture":"#10"},"west":{"uv":[10.5,9.5,12.5,10],"texture":"#10"},"up":{"uv":[1.5,8,0,6],"texture":"#10"},"down":{"uv":[3,6,1.5,8],"texture":"#10"}}},{"from":[6.99925,12.52525,1.54424],"to":[8.99925,15.52525,6.54424],"rotation":{"angle":22.5,"axis":"x","origin":[8,10.35734,8]},"faces":{"north":{"uv":[9.5,8,10.5,9.5],"texture":"#10"},"east":{"uv":[4,0,6.5,1.5],"texture":"#10"},"south":{"uv":[9.5,9.5,10.5,11],"texture":"#10"},"west":{"uv":[4,1.5,6.5,3],"texture":"#10"},"up":{"uv":[8.5,8.5,7.5,6],"texture":"#10"},"down":{"uv":[1,8,0,10.5],"texture":"#10"}}},{"from":[7.50025,16.56106,4.16619],"to":[8.50025,19.56106,6.16619],"rotation":{"angle":0,"axis":"y","origin":[8.0005,19.88868,5.69211]},"faces":{"north":{"uv":[7.5,12,8,13.5],"texture":"#10"},"east":{"uv":[10.5,0,11.5,1.5],"texture":"#10"},"south":{"uv":[8,12,8.5,13.5],"texture":"#10"},"west":{"uv":[1,10.5,2,12],"texture":"#10"},"up":{"uv":[1,13.5,0.5,12.5],"texture":"#10"},"down":{"uv":[1.5,12.5,1,13.5],"texture":"#10"}}},{"from":[7.00025,18.77845,3.9776],"to":[9.00025,19.77845,8.6401],"rotation":{"angle":22.5,"axis":"x","origin":[8.0005,19.88868,5.69211]},"faces":{"north":{"uv":[6.5,8,7.5,8.5],"texture":"#10"},"east":{"uv":[4,10.5,6.5,11],"texture":"#10"},"south":{"uv":[8.5,8,9.5,8.5],"texture":"#10"},"west":{"uv":[10.5,4.5,13,5],"texture":"#10"},"up":{"uv":[3,10.5,2,8],"texture":"#10"},"down":{"uv":[9,2.5,8,5],"texture":"#10"}}},{"from":[7.50025,19.77845,4.4776],"to":[8.50025,22.77845,6.4776],"rotation":{"angle":22.5,"axis":"x","origin":[8.0005,19.88868,5.69211]},"faces":{"north":{"uv":[6.5,12,7,13.5],"texture":"#10"},"east":{"uv":[10,6.5,11,8],"texture":"#10"},"south":{"uv":[7,12,7.5,13.5],"texture":"#10"},"west":{"uv":[0,10.5,1,12],"texture":"#10"},"up":{"uv":[12.5,13,12,12],"texture":"#10"},"down":{"uv":[0.5,12.5,0,13.5],"texture":"#10"}}},{"from":[7.50025,19.77845,9.5224],"to":[8.50025,22.77845,11.5224],"rotation":{"angle":-22.5,"axis":"x","origin":[8.0005,19.88868,10.30789]},"faces":{"north":{"uv":[9.5,12,10,13.5],"texture":"#10"},"east":{"uv":[3,10.5,4,12],"texture":"#10"},"south":{"uv":[10,12,10.5,13.5],"texture":"#10"},"west":{"uv":[10.5,3,11.5,4.5],"texture":"#10"},"up":{"uv":[4,13.5,3.5,12.5],"texture":"#10"},"down":{"uv":[4.5,12.5,4,13.5],"texture":"#10"}}},{"from":[7.50075,21.93852,5.89253],"to":[8.49576,23.34567,7.29968],"rotation":{"angle":-22.5,"axis":"x","origin":[7.99825,22.6421,6.5961]},"faces":{"north":{"uv":[12.5,7,13,7.5],"texture":"#10"},"east":{"uv":[12.5,7.5,13,8],"texture":"#10"},"south":{"uv":[12.5,9,13,9.5],"texture":"#10"},"west":{"uv":[12.5,9.5,13,10],"texture":"#10"},"up":{"uv":[13,10.5,12.5,10],"texture":"#10"},"down":{"uv":[13,10.5,12.5,11],"texture":"#10"}}},{"from":[7.50075,21.93852,8.70032],"to":[8.49576,23.34567,10.10747],"rotation":{"angle":22.5,"axis":"x","origin":[7.99825,22.6421,9.4039]},"faces":{"north":{"uv":[12.5,11,13,11.5],"texture":"#10"},"east":{"uv":[12.5,11.5,13,12],"texture":"#10"},"south":{"uv":[12.5,12,13,12.5],"texture":"#10"},"west":{"uv":[12.5,12.5,13,13],"texture":"#10"},"up":{"uv":[13.5,0.5,13,0],"texture":"#10"},"down":{"uv":[13.5,0.5,13,1],"texture":"#10"}}},{"from":[7.49975,16.56106,9.83381],"to":[8.49975,19.56106,11.83381],"rotation":{"angle":0,"axis":"y","origin":[7.99975,18.06106,10.83381]},"faces":{"north":{"uv":[8.5,12,9,13.5],"texture":"#10"},"east":{"uv":[10.5,1.5,11.5,3],"texture":"#10"},"south":{"uv":[9,12,9.5,13.5],"texture":"#10"},"west":{"uv":[2,10.5,3,12],"texture":"#10"},"up":{"uv":[3,13.5,2.5,12.5],"texture":"#10"},"down":{"uv":[3.5,12.5,3,13.5],"texture":"#10"}}},{"from":[6.99975,18.77845,7.3474],"to":[8.99975,19.77845,12.0224],"rotation":{"angle":-22.5,"axis":"x","origin":[7.9995,19.88868,10.30789]},"faces":{"north":{"uv":[12,6,13,6.5],"texture":"#10"},"east":{"uv":[10.5,8,13,8.5],"texture":"#10"},"south":{"uv":[1.5,12.5,2.5,13],"texture":"#10"},"west":{"uv":[10.5,8.5,13,9],"texture":"#10"},"up":{"uv":[4,10.5,3,8],"texture":"#10"},"down":{"uv":[5,8,4,10.5],"texture":"#10"}}},{"from":[6.99925,12.52525,9.45576],"to":[8.99925,15.52525,14.45576],"rotation":{"angle":-22.5,"axis":"x","origin":[8,10.35734,8]},"faces":{"north":{"uv":[10,5,11,6.5],"texture":"#10"},"east":{"uv":[4,3,6.5,4.5],"texture":"#10"},"south":{"uv":[6.5,10,7.5,11.5],"texture":"#10"},"west":{"uv":[4,4.5,6.5,6],"texture":"#10"},"up":{"uv":[9,2.5,8,0],"texture":"#10"},"down":{"uv":[2,8,1,10.5],"texture":"#10"}}},{"from":[7.99925,8.98821,7.89905],"to":[7.99925,13.98821,12.89905],"rotation":{"angle":-22.5,"axis":"x","origin":[7.99925,12.48821,11.39905]},"faces":{"north":{"uv":[5.5,10.5,6.5,12],"texture":"#missing"},"east":{"uv":[16,16,0,0],"texture":"#7"},"south":{"uv":[6.5,10.5,7.5,12],"texture":"#missing"},"west":{"uv":[0,16,16,0],"texture":"#7"},"up":{"uv":[5,10.5,4,8],"texture":"#missing"},"down":{"uv":[6,8,5,10.5],"texture":"#missing"}}},{"from":[7.99925,8.98821,3.10095],"to":[7.99925,13.98821,8.10095],"rotation":{"angle":22.5,"axis":"x","origin":[7.99925,12.48821,4.60095]},"faces":{"north":{"uv":[7.5,10.5,6.5,12],"texture":"#missing"},"east":{"uv":[0,16,16,0],"texture":"#7"},"south":{"uv":[6.5,10.5,5.5,12],"texture":"#missing"},"west":{"uv":[16,16,0,0],"texture":"#7"},"up":{"uv":[5,8,4,10.5],"texture":"#missing"},"down":{"uv":[6,10.5,5,8],"texture":"#missing"}}}],"display":{"thirdperson_righthand":{"translation":[0,1.25,2]},"thirdperson_lefthand":{"translation":[0,1.5,2]},"firstperson_righthand":{"rotation":[10,0,0],"translation":[1.25,2.25,0],"scale":[0.8,0.8,0.8]},"firstperson_lefthand":{"rotation":[10,0,0],"translation":[1.25,2.25,0],"scale":[0.8,0.8,0.8]},"ground":{"translation":[0,1.75,0],"scale":[0.8,0.8,0.8]},"gui":{"rotation":[-90,-45,-90],"translation":[-1.25,-1,-0.5],"scale":[0.8,0.8,0.8]},"fixed":{"rotation":[-90,45,90],"translation":[1.75,-1.5,-0.5],"scale":[0.9,0.9,0.9]}}}