{"credit":"Made by Geode","texture_size":[32,32],"textures":{"7":"andromeda:andromeda/bladefire","9":"andromeda:andromeda/sword"},"elements":[{"from":[6.99975,-15.11028,7],"to":[8.99975,-3.11028,9],"rotation":{"angle":0,"axis":"y","origin":[8,0.05209,8]},"faces":{"north":{"uv":[0,0,1,6],"texture":"#9"},"east":{"uv":[1,0,2,6],"texture":"#9"},"south":{"uv":[2,0,3,6],"texture":"#9"},"west":{"uv":[3,0,4,6],"texture":"#9"},"up":{"uv":[12.5,6.5,11.5,5.5],"texture":"#9"},"down":{"uv":[11,11.5,10,12.5],"texture":"#9"}}},{"from":[6.99975,-10.51265,13.57479],"to":[8.99975,-8.51265,15.57479],"rotation":{"angle":45,"axis":"x","origin":[8,0.05209,8]},"faces":{"north":{"uv":[6,12,7,13],"texture":"#9"},"east":{"uv":[12,6.5,13,7.5],"texture":"#9"},"south":{"uv":[7,12,8,13],"texture":"#9"},"west":{"uv":[8,12,9,13],"texture":"#9"},"up":{"uv":[13,12.5,12,11.5],"texture":"#9"},"down":{"uv":[13.5,0,12.5,1],"texture":"#9"}}},{"from":[6.49975,-9.51265,-1.57479],"to":[9.49975,-8.51265,1.42521],"rotation":{"angle":-45,"axis":"x","origin":[8,0.05209,8]},"faces":{"north":{"uv":[13,3,14.5,3.5],"texture":"#9"},"east":{"uv":[3.5,13,5,13.5],"texture":"#9"},"south":{"uv":[13,4.5,14.5,5],"texture":"#9"},"west":{"uv":[13,5,14.5,5.5],"texture":"#9"},"up":{"uv":[3.5,9.5,2,8],"texture":"#9"},"down":{"uv":[9.5,2.5,8,4],"texture":"#9"}}},{"from":[6.49975,-7.51265,-1.57479],"to":[9.49975,-6.51265,1.42521],"rotation":{"angle":-45,"axis":"x","origin":[8,0.05209,8]},"faces":{"north":{"uv":[13.5,3.5,15,4],"texture":"#9"},"east":{"uv":[13.5,4,15,4.5],"texture":"#9"},"south":{"uv":[5.5,13.5,7,14],"texture":"#9"},"west":{"uv":[7,13.5,8.5,14],"texture":"#9"},"up":{"uv":[5,9.5,3.5,8],"texture":"#9"},"down":{"uv":[9.5,4,8,5.5],"texture":"#9"}}},{"from":[6.49975,-8.51265,0.42521],"to":[9.49975,-7.51265,1.42521],"rotation":{"angle":-45,"axis":"x","origin":[8,0.05209,8]},"faces":{"north":{"uv":[8.5,13.5,10,14],"texture":"#9"},"east":{"uv":[8,5.5,8.5,6],"texture":"#9"},"south":{"uv":[13.5,9.5,15,10],"texture":"#9"},"west":{"uv":[7,8,7.5,8.5],"texture":"#9"},"up":{"uv":[11.5,14,10,13.5],"texture":"#9"},"down":{"uv":[15,10,13.5,10.5],"texture":"#9"}}},{"from":[6.49975,-8.51265,-1.57479],"to":[9.49975,-7.51265,-0.57479],"rotation":{"angle":-45,"axis":"x","origin":[8,0.05209,8]},"faces":{"north":{"uv":[13.5,10.5,15,11],"texture":"#9"},"east":{"uv":[9,2,9.5,2.5],"texture":"#9"},"south":{"uv":[13.5,11,15,11.5],"texture":"#9"},"west":{"uv":[6.5,9,7,9.5],"texture":"#9"},"up":{"uv":[13,14,11.5,13.5],"texture":"#9"},"down":{"uv":[15,11.5,13.5,12],"texture":"#9"}}},{"from":[6.74975,-8.51265,-0.57479],"to":[9.24975,-7.51265,0.42521],"rotation":{"angle":-45,"axis":"x","origin":[8,0.05209,8]},"faces":{"north":{"uv":[13.5,12,15,12.5],"texture":"#9"},"east":{"uv":[6,10,6.5,10.5],"texture":"#9"},"south":{"uv":[13.5,12.5,15,13],"texture":"#9"},"west":{"uv":[10.5,1.5,11,2],"texture":"#9"},"up":{"uv":[15,13.5,13.5,13],"texture":"#9"},"down":{"uv":[15,13.5,13.5,14],"texture":"#9"}}},{"from":[6.49975,-0.14869,5.78917],"to":[9.49975,0.85131,7.78917],"rotation":{"angle":-45,"axis":"x","origin":[8,0.05209,8]},"faces":{"north":{"uv":[13,7.5,14.5,8],"texture":"#9"},"east":{"uv":[14,2.5,15,3],"texture":"#9"},"south":{"uv":[13,8,14.5,8.5],"texture":"#9"},"west":{"uv":[3.5,14,4.5,14.5],"texture":"#9"},"up":{"uv":[11,3,9.5,2],"texture":"#9"},"down":{"uv":[11,3,9.5,4],"texture":"#9"}}},{"from":[6.49975,-3.14869,4.78917],"to":[9.49975,0.85131,5.78917],"rotation":{"angle":-45,"axis":"x","origin":[8,0.05209,8]},"faces":{"north":{"uv":[3,6,4.5,8],"texture":"#9"},"east":{"uv":[12.5,4.5,13,6.5],"texture":"#9"},"south":{"uv":[4.5,6,6,8],"texture":"#9"},"west":{"uv":[12.5,7.5,13,9.5],"texture":"#9"},"up":{"uv":[14.5,6.5,13,6],"texture":"#9"},"down":{"uv":[14.5,6.5,13,7],"texture":"#9"}}},{"from":[6.74975,-2.14869,5.78917],"to":[9.24975,-0.14869,7.78917],"rotation":{"angle":-45,"axis":"x","origin":[8,0.05209,8]},"faces":{"north":{"uv":[3.5,9.5,5,10.5],"texture":"#9"},"east":{"uv":[9,12.5,10,13.5],"texture":"#9"},"south":{"uv":[9.5,4,11,5],"texture":"#9"},"west":{"uv":[12.5,9.5,13.5,10.5],"texture":"#9"},"up":{"uv":[8,10.5,6.5,9.5],"texture":"#9"},"down":{"uv":[9.5,9.5,8,10.5],"texture":"#9"}}},{"from":[6.49975,-3.14869,5.78917],"to":[9.49975,-2.14869,7.78917],"rotation":{"angle":-45,"axis":"x","origin":[8,0.05209,8]},"faces":{"north":{"uv":[13,7,14.5,7.5],"texture":"#9"},"east":{"uv":[9.5,5,10.5,5.5],"texture":"#9"},"south":{"uv":[7.5,13,9,13.5],"texture":"#9"},"west":{"uv":[14,2,15,2.5],"texture":"#9"},"up":{"uv":[10.5,9.5,9,8.5],"texture":"#9"},"down":{"uv":[3.5,9.5,2,10.5],"texture":"#9"}}},{"from":[6.49975,-3.14869,7.78917],"to":[9.49975,0.85131,8.78917],"rotation":{"angle":-45,"axis":"x","origin":[8,0.05209,8]},"faces":{"north":{"uv":[0,6,1.5,8],"texture":"#9"},"east":{"uv":[1,11.5,1.5,13.5],"texture":"#9"},"south":{"uv":[1.5,6,3,8],"texture":"#9"},"west":{"uv":[5.5,11.5,6,13.5],"texture":"#9"},"up":{"uv":[14.5,6,13,5.5],"texture":"#9"},"down":{"uv":[7.5,13,6,13.5],"texture":"#9"}}},{"from":[6.99975,-10.51265,0.42521],"to":[8.99975,-8.51265,2.42521],"rotation":{"angle":-45,"axis":"x","origin":[8,0.05209,8]},"faces":{"north":{"uv":[11.5,10.5,12.5,11.5],"texture":"#9"},"east":{"uv":[11,11.5,12,12.5],"texture":"#9"},"south":{"uv":[1.5,12,2.5,13],"texture":"#9"},"west":{"uv":[2.5,12,3.5,13],"texture":"#9"},"up":{"uv":[13,3.5,12,2.5],"texture":"#9"},"down":{"uv":[4.5,12,3.5,13],"texture":"#9"}}},{"from":[6.49975,-11.51265,-3.57479],"to":[9.49975,-9.51265,-1.57479],"rotation":{"angle":-45,"axis":"x","origin":[8,0.05209,8]},"faces":{"north":{"uv":[8.5,7.5,10,8.5],"texture":"#9"},"east":{"uv":[12.5,1,13.5,2],"texture":"#9"},"south":{"uv":[9,0,10.5,1],"texture":"#9"},"west":{"uv":[12.5,3.5,13.5,4.5],"texture":"#9"},"up":{"uv":[10.5,2,9,1],"texture":"#9"},"down":{"uv":[6.5,9,5,10],"texture":"#9"}}},{"from":[6.99925,-3.47842,3.79565],"to":[8.99925,-0.47842,8.79565],"rotation":{"angle":22.5,"axis":"x","origin":[8,0.05209,8]},"faces":{"north":{"uv":[9.5,9.5,10.5,11],"texture":"#9"},"east":{"uv":[4,0,6.5,1.5],"texture":"#9"},"south":{"uv":[5,10,6,11.5],"texture":"#9"},"west":{"uv":[4,1.5,6.5,3],"texture":"#9"},"up":{"uv":[8.5,8.5,7.5,6],"texture":"#9"},"down":{"uv":[1,8,0,10.5],"texture":"#9"}}},{"from":[6.49925,-1.02719,0.8425],"to":[9.49925,0.97281,4.8425],"rotation":{"angle":-22.5,"axis":"x","origin":[8,0.05209,8]},"faces":{"north":{"uv":[10,7.5,11.5,8.5],"texture":"#9"},"east":{"uv":[5,8,7,9],"texture":"#9"},"south":{"uv":[0,10.5,1.5,11.5],"texture":"#9"},"west":{"uv":[8.5,5.5,10.5,6.5],"texture":"#9"},"up":{"uv":[7.5,8,6,6],"texture":"#9"},"down":{"uv":[8,0,6.5,2],"texture":"#9"}}},{"from":[7.50025,2.7977,2.29976],"to":[8.50025,5.7977,4.29976],"rotation":{"angle":-45,"axis":"x","origin":[8,0.05209,8]},"faces":{"north":{"uv":[5,13,5.5,14.5],"texture":"#9"},"east":{"uv":[10.5,0,11.5,1.5],"texture":"#9"},"south":{"uv":[13,11.5,13.5,13],"texture":"#9"},"west":{"uv":[1.5,10.5,2.5,12],"texture":"#9"},"up":{"uv":[5,11.5,4.5,10.5],"texture":"#9"},"down":{"uv":[11.5,4,11,5],"texture":"#9"}}},{"from":[7.00025,2.95535,0.1048],"to":[9.00025,3.95535,3.1048],"rotation":{"angle":-22.5,"axis":"x","origin":[8,0.05209,8]},"faces":{"north":{"uv":[5.5,14,6.5,14.5],"texture":"#9"},"east":{"uv":[13,8.5,14.5,9],"texture":"#9"},"south":{"uv":[6.5,14,7.5,14.5],"texture":"#9"},"west":{"uv":[13,9,14.5,9.5],"texture":"#9"},"up":{"uv":[3.5,12,2.5,10.5],"texture":"#9"},"down":{"uv":[4.5,10.5,3.5,12],"texture":"#9"}}},{"from":[7.00025,-0.80213,-0.01054],"to":[9.00025,0.19787,2.98946],"rotation":{"angle":-45,"axis":"x","origin":[8,0.05209,8]},"faces":{"north":{"uv":[8,14,9,14.5],"texture":"#9"},"east":{"uv":[13.5,1.5,15,2],"texture":"#9"},"south":{"uv":[9,14,10,14.5],"texture":"#9"},"west":{"uv":[3.5,13.5,5,14],"texture":"#9"},"up":{"uv":[8,12,7,10.5],"texture":"#9"},"down":{"uv":[9,10.5,8,12],"texture":"#9"}}},{"from":[7.50075,-5.35293,2.33625],"to":[8.49975,-2.35593,4.33425],"rotation":{"angle":0,"axis":"y","origin":[8,0.05209,8]},"faces":{"north":{"uv":[13,13,13.5,14.5],"texture":"#9"},"east":{"uv":[10.5,5,11.5,6.5],"texture":"#9"},"south":{"uv":[13.5,0,14,1.5],"texture":"#9"},"west":{"uv":[6,10.5,7,12],"texture":"#9"},"up":{"uv":[5,15,4.5,14],"texture":"#9"},"down":{"uv":[8,14,7.5,15],"texture":"#9"}}},{"from":[7.50025,3.95535,0.6048],"to":[8.50025,5.95535,2.6048],"rotation":{"angle":-22.5,"axis":"x","origin":[8,0.05209,8]},"faces":{"north":{"uv":[12,14,12.5,15],"texture":"#9"},"east":{"uv":[11,12.5,12,13.5],"texture":"#9"},"south":{"uv":[12.5,14,13,15],"texture":"#9"},"west":{"uv":[12,12.5,13,13.5],"texture":"#9"},"up":{"uv":[14,15,13.5,14],"texture":"#9"},"down":{"uv":[14.5,14,14,15],"texture":"#9"}}},{"from":[7.50275,-0.99934,-1.3999],"to":[8.49875,0.40922,0.00866],"rotation":{"angle":22.5,"axis":"x","origin":[8,0.05209,8]},"faces":{"north":{"uv":[9.5,14.5,10,15],"texture":"#9"},"east":{"uv":[13,14.5,13.5,15],"texture":"#9"},"south":{"uv":[14.5,14,15,14.5],"texture":"#9"},"west":{"uv":[14.5,14.5,15,15],"texture":"#9"},"up":{"uv":[1.5,15.5,1,15],"texture":"#9"},"down":{"uv":[15.5,1.5,15,2],"texture":"#9"}}},{"from":[7.50025,-7.45844,8.85422],"to":[8.50025,-5.45844,10.85422],"rotation":{"angle":45,"axis":"x","origin":[8,0.05209,8]},"faces":{"north":{"uv":[10,14,10.5,15],"texture":"#9"},"east":{"uv":[10,12.5,11,13.5],"texture":"#9"},"south":{"uv":[10.5,14,11,15],"texture":"#9"},"west":{"uv":[12.5,10.5,13.5,11.5],"texture":"#9"},"up":{"uv":[11.5,15,11,14],"texture":"#9"},"down":{"uv":[12,14,11.5,15],"texture":"#9"}}},{"from":[7.50175,-7.27478,4.70961],"to":[8.49875,-5.8648,6.11958],"rotation":{"angle":0,"axis":"y","origin":[8,0.05209,8]},"faces":{"north":{"uv":[9,10.5,9.5,11],"texture":"#9"},"east":{"uv":[10,11,10.5,11.5],"texture":"#9"},"south":{"uv":[12,3.5,12.5,4],"texture":"#9"},"west":{"uv":[12.5,2,13,2.5],"texture":"#9"},"up":{"uv":[9.5,15,9,14.5],"texture":"#9"},"down":{"uv":[15,9,14.5,9.5],"texture":"#9"}}},{"from":[6.99925,-3.47842,7.20435],"to":[8.99925,-0.47842,12.20435],"rotation":{"angle":-22.5,"axis":"x","origin":[8,0.05209,8]},"faces":{"north":{"uv":[10.5,8.5,11.5,10],"texture":"#9"},"east":{"uv":[4,3,6.5,4.5],"texture":"#9"},"south":{"uv":[10.5,10,11.5,11.5],"texture":"#9"},"west":{"uv":[4,4.5,6.5,6],"texture":"#9"},"up":{"uv":[9,2.5,8,0],"texture":"#9"},"down":{"uv":[2,8,1,10.5],"texture":"#9"}}},{"from":[6.49925,-1.02719,11.1575],"to":[9.49925,0.97281,15.1575],"rotation":{"angle":22.5,"axis":"x","origin":[8,0.05209,8]},"faces":{"north":{"uv":[10.5,6.5,12,7.5],"texture":"#9"},"east":{"uv":[8.5,6.5,10.5,7.5],"texture":"#9"},"south":{"uv":[11,1.5,12.5,2.5],"texture":"#9"},"west":{"uv":[7,8.5,9,9.5],"texture":"#9"},"up":{"uv":[8,4,6.5,2],"texture":"#9"},"down":{"uv":[8,4,6.5,6],"texture":"#9"}}},{"from":[7.50025,2.7977,11.70024],"to":[8.50025,5.7977,13.70024],"rotation":{"angle":45,"axis":"x","origin":[8,0.05209,8]},"faces":{"north":{"uv":[1,13.5,1.5,15],"texture":"#9"},"east":{"uv":[11,2.5,12,4],"texture":"#9"},"south":{"uv":[0,14,0.5,15.5],"texture":"#9"},"west":{"uv":[9,11,10,12.5],"texture":"#9"},"up":{"uv":[2,15.5,1.5,14.5],"texture":"#9"},"down":{"uv":[2.5,14.5,2,15.5],"texture":"#9"}}},{"from":[7.00025,2.95535,12.8952],"to":[9.00025,3.95535,15.8952],"rotation":{"angle":22.5,"axis":"x","origin":[8,0.05209,8]},"faces":{"north":{"uv":[14.5,3,15.5,3.5],"texture":"#9"},"east":{"uv":[14,0,15.5,0.5],"texture":"#9"},"south":{"uv":[3.5,14.5,4.5,15],"texture":"#9"},"west":{"uv":[14,0.5,15.5,1],"texture":"#9"},"up":{"uv":[1,13,0,11.5],"texture":"#9"},"down":{"uv":[12.5,0,11.5,1.5],"texture":"#9"}}},{"from":[7.00025,-0.80213,13.01054],"to":[9.00025,0.19787,16.01054],"rotation":{"angle":45,"axis":"x","origin":[8,0.05209,8]},"faces":{"north":{"uv":[14.5,4.5,15.5,5],"texture":"#9"},"east":{"uv":[14,1,15.5,1.5],"texture":"#9"},"south":{"uv":[5,14.5,6,15],"texture":"#9"},"west":{"uv":[1.5,14,3,14.5],"texture":"#9"},"up":{"uv":[12.5,5.5,11.5,4],"texture":"#9"},"down":{"uv":[5.5,11.5,4.5,13],"texture":"#9"}}},{"from":[7.50075,-5.35293,11.66575],"to":[8.49975,-2.35593,13.66375],"rotation":{"angle":0,"axis":"y","origin":[8,0.05209,8]},"faces":{"north":{"uv":[0.5,14,1,15.5],"texture":"#9"},"east":{"uv":[11.5,7.5,12.5,9],"texture":"#9"},"south":{"uv":[3,14,3.5,15.5],"texture":"#9"},"west":{"uv":[11.5,9,12.5,10.5],"texture":"#9"},"up":{"uv":[3,15.5,2.5,14.5],"texture":"#9"},"down":{"uv":[15,5,14.5,6],"texture":"#9"}}},{"from":[7.50025,3.95535,13.3952],"to":[8.50025,5.95535,15.3952],"rotation":{"angle":22.5,"axis":"x","origin":[8,0.05209,8]},"faces":{"north":{"uv":[6,14.5,6.5,15.5],"texture":"#9"},"east":{"uv":[0,13,1,14],"texture":"#9"},"south":{"uv":[14.5,6,15,7],"texture":"#9"},"west":{"uv":[1.5,13,2.5,14],"texture":"#9"},"up":{"uv":[7,15.5,6.5,14.5],"texture":"#9"},"down":{"uv":[7.5,14.5,7,15.5],"texture":"#9"}}},{"from":[7.50275,-0.99934,15.99134],"to":[8.49875,0.40922,17.3999],"rotation":{"angle":-22.5,"axis":"x","origin":[8,0.05209,8]},"faces":{"north":{"uv":[15,2,15.5,2.5],"texture":"#9"},"east":{"uv":[15,2.5,15.5,3],"texture":"#9"},"south":{"uv":[3.5,15,4,15.5],"texture":"#9"},"west":{"uv":[15,3.5,15.5,4],"texture":"#9"},"up":{"uv":[4.5,15.5,4,15],"texture":"#9"},"down":{"uv":[15.5,4,15,4.5],"texture":"#9"}}},{"from":[7.50025,-7.45844,5.14578],"to":[8.50025,-5.45844,7.14578],"rotation":{"angle":-45,"axis":"x","origin":[8,0.05209,8]},"faces":{"north":{"uv":[14.5,7,15,8],"texture":"#9"},"east":{"uv":[13,2,14,3],"texture":"#9"},"south":{"uv":[8,14.5,8.5,15.5],"texture":"#9"},"west":{"uv":[2.5,13,3.5,14],"texture":"#9"},"up":{"uv":[15,9,14.5,8],"texture":"#9"},"down":{"uv":[9,14.5,8.5,15.5],"texture":"#9"}}},{"from":[7.50175,-7.27478,9.88042],"to":[8.49875,-5.8648,11.29039],"rotation":{"angle":0,"axis":"y","origin":[8,0.05209,8]},"faces":{"north":{"uv":[4.5,15,5,15.5],"texture":"#9"},"east":{"uv":[5,15,5.5,15.5],"texture":"#9"},"south":{"uv":[15,5,15.5,5.5],"texture":"#9"},"west":{"uv":[5.5,15,6,15.5],"texture":"#9"},"up":{"uv":[15.5,6,15,5.5],"texture":"#9"},"down":{"uv":[15.5,6,15,6.5],"texture":"#9"}}},{"name":"Blade","from":[8,0,-8],"to":[8,32,24],"rotation":{"angle":0,"axis":"y","origin":[8,0.05209,8]},"faces":{"north":{"uv":[0,0,0,8],"texture":"#missing"},"east":{"uv":[16,0,0,16],"texture":"#7"},"south":{"uv":[0,0,0,8],"texture":"#missing"},"west":{"uv":[0,0,16,16],"texture":"#7"},"up":{"uv":[0,8,0,0],"texture":"#missing"},"down":{"uv":[0,0,0,8],"texture":"#missing"}}}],"display":{"thirdperson_righthand":{"translation":[0,10.5,2],"scale":[0.8,0.8,0.8]},"thirdperson_lefthand":{"translation":[0,10.5,2],"scale":[0.8,0.8,0.8]},"firstperson_righthand":{"translation":[1.25,9.25,0],"scale":[0.6,0.6,0.6]},"firstperson_lefthand":{"translation":[1.25,9.25,0],"scale":[0.6,0.6,0.6]},"ground":{"translation":[0,11.75,0],"scale":[0.8,0.8,0.8]},"gui":{"rotation":[-90,-44,-90],"translation":[0.5,0.25,-0.75],"scale":[0.53,0.53,0.54]},"fixed":{"rotation":[-90,45,90],"translation":[0,-0.25,-1.5],"scale":[0.6,0.6,0.6]}}}