{"credit":"MadewithBlockbench","texture_size":[60,60],"textures":{"0":"elitecreatures:fountain_decoration_v1/fountain_3","1":"elitecreatures:fountain_decoration_v1/water_fountain_3","particle":"elitecreatures:fountain_decoration_v1/fountain_3"},"elements":[{"from":[7.58,2,7.58],"to":[8.42,14,8.42],"rotation":{"angle":0,"axis":"y","origin":[8,6.99031,8]},"faces":{"north":{"uv":[5.06667,6.66667,5.33333,9.86667],"texture":"#0"},"east":{"uv":[5.06667,6.66667,5.33333,9.86667],"texture":"#0"},"south":{"uv":[5.06667,6.66667,5.33333,9.86667],"texture":"#0"},"west":{"uv":[5.06667,6.66667,5.33333,9.86667],"texture":"#0"}}},{"from":[7.63,6.79963,7.77001],"to":[8.37,13.09963,8.51001],"rotation":{"angle":22.5,"axis":"x","origin":[8,6.99031,8]},"faces":{"north":{"uv":[2.4,6.93333,2.6,8.53333],"texture":"#0"},"east":{"uv":[2.4,6.93333,2.6,8.53333],"texture":"#0"},"south":{"uv":[2.4,6.93333,2.6,8.53333],"texture":"#0"},"west":{"uv":[2.4,6.93333,2.6,8.53333],"texture":"#0"},"up":{"uv":[7.93333,5.53333,7.73333,5.33333],"texture":"#0"},"down":{"uv":[5.8,7.73333,5.6,7.93333],"texture":"#0"}}},{"from":[7.63,12.54657,5.44958],"to":[8.37,17.29657,6.18958],"rotation":{"angle":45,"axis":"x","origin":[8,6.99031,8]},"faces":{"north":{"uv":[0.26667,7.46667,0.46667,8.73333],"texture":"#0"},"east":{"uv":[0.26667,7.46667,0.46667,8.73333],"texture":"#0"},"south":{"uv":[0.26667,7.46667,0.46667,8.73333],"texture":"#0"},"west":{"uv":[0.26667,7.46667,0.46667,8.73333],"texture":"#0"},"up":{"uv":[7.93333,5.8,7.73333,5.6],"texture":"#0"},"down":{"uv":[6.06667,7.73333,5.86667,7.93333],"texture":"#0"}}},{"from":[7.68,8.35,6.53],"to":[8.32,9.05,7.595],"rotation":{"angle":0,"axis":"y","origin":[8,6.99031,8]},"faces":{"east":{"uv":[4,8,4.2,7.73333],"rotation":90,"texture":"#0"},"west":{"uv":[4,7.73333,4.2,8],"rotation":90,"texture":"#0"},"up":{"uv":[4.2,8,4,7.73333],"texture":"#0"},"down":{"uv":[4.2,7.73333,4,8],"texture":"#0"}}},{"from":[5.99649,3.3,7.89968],"to":[7.96649,4.1,8.53968],"rotation":{"angle":-45,"axis":"y","origin":[8,6.99031,8]},"faces":{"north":{"uv":[5.33333,0.46667,5.86667,0.26667],"texture":"#0"},"south":{"uv":[5.86667,0.46667,5.33333,0.26667],"texture":"#0"},"up":{"uv":[5.86667,0.46667,5.33333,0.26667],"texture":"#0"},"down":{"uv":[5.86667,0.46667,5.33333,0.26667],"texture":"#0"}}},{"from":[5.68,14,5.68],"to":[10.32,16,10.32],"rotation":{"angle":0,"axis":"y","origin":[8,6.99031,8]},"faces":{"north":{"uv":[4,15.46667,5.26667,16],"texture":"#0"},"east":{"uv":[4,15.46667,5.26667,16],"texture":"#0"},"south":{"uv":[4,15.46667,5.26667,16],"texture":"#0"},"west":{"uv":[4,15.46667,5.26667,16],"texture":"#0"},"up":{"uv":[8,9.53846,4.61538,6.15385],"texture":"#1"},"down":{"uv":[5.26667,13.13333,4,14.4],"texture":"#0"}}},{"from":[7.18,15,4.93],"to":[8.82,15.25,5.82],"rotation":{"angle":0,"axis":"y","origin":[8,6.99031,8]},"faces":{"north":{"uv":[8,0.26667,8.46667,0.33333],"texture":"#0"},"east":{"uv":[3.46667,8,3.73333,8.06667],"texture":"#0"},"south":{"uv":[8,0.53333,8.46667,0.6],"texture":"#0"},"west":{"uv":[8,3.46667,8.26667,3.53333],"texture":"#0"},"up":{"uv":[2.06667,8,1.6,7.73333],"texture":"#0"},"down":{"uv":[8.2,2.13333,7.73333,2.4],"texture":"#0"}}},{"from":[7.43,15.85,9.48],"to":[8.57,18.45,9.48],"rotation":{"angle":0,"axis":"y","origin":[8,6.99031,8]},"faces":{"north":{"uv":[14.30769,3.23077,15.38462,0],"texture":"#1"},"east":{"uv":[0,0,0,1.4],"texture":"#1"},"south":{"uv":[14.30769,0,15.38462,3.23077],"texture":"#1"},"west":{"uv":[0,0,0,1.4],"texture":"#1"},"up":{"uv":[0.33333,0,0,0],"texture":"#1"},"down":{"uv":[0.33333,0,0,0],"texture":"#1"}}},{"from":[7.43,18.449,9.48],"to":[8.57,18.449,11.83],"rotation":{"angle":0,"axis":"y","origin":[8,13.349,7.505]},"faces":{"north":{"uv":[0.33333,0,0,0],"rotation":180,"texture":"#1"},"east":{"uv":[0,0,0,1.4],"rotation":270,"texture":"#1"},"south":{"uv":[0.33333,0,0,0],"texture":"#1"},"west":{"uv":[0,0,0,1.4],"rotation":90,"texture":"#1"},"up":{"uv":[14.30769,0,15.38462,3.23077],"rotation":180,"texture":"#1"},"down":{"uv":[14.30769,0,15.38462,3.23077],"texture":"#1"}}},{"from":[7.43,10,4.83],"to":[8.57,15.35,4.83],"rotation":{"angle":0,"axis":"y","origin":[8,6.99031,8]},"faces":{"north":{"uv":[14.30769,3.23077,15.38462,0],"texture":"#1"},"east":{"uv":[0,0,0,1.4],"texture":"#1"},"south":{"uv":[14.30769,0,15.38462,3.23077],"texture":"#1"},"west":{"uv":[0,0,0,1.4],"texture":"#1"},"up":{"uv":[0.33333,0,0,0],"texture":"#1"},"down":{"uv":[0.33333,0,0,0],"texture":"#1"}}},{"from":[7.43,15.349,4.83],"to":[8.57,15.349,10.18],"rotation":{"angle":0,"axis":"y","origin":[8,13.349,7.505]},"faces":{"north":{"uv":[0.33333,0,0,0],"rotation":180,"texture":"#1"},"east":{"uv":[0,0,0,1.4],"rotation":270,"texture":"#1"},"south":{"uv":[0.33333,0,0,0],"texture":"#1"},"west":{"uv":[0,0,0,1.4],"rotation":90,"texture":"#1"},"up":{"uv":[14.30769,0,15.38462,3.23077],"rotation":180,"texture":"#1"},"down":{"uv":[14.30769,0,15.38462,3.23077],"texture":"#1"}}},{"from":[4.6625,4,3.7225],"to":[4.6625,9.35,4.8625],"rotation":{"angle":0,"axis":"y","origin":[8,14.012,6.1675]},"faces":{"north":{"uv":[0,0,0,1.4],"texture":"#1"},"east":{"uv":[14.30769,0,15.38462,3.23077],"texture":"#1"},"south":{"uv":[0,0,0,1.4],"texture":"#1"},"west":{"uv":[14.30769,3.23077,15.38462,0],"texture":"#1"},"up":{"uv":[0.33333,0,0,0],"rotation":270,"texture":"#1"},"down":{"uv":[0.33333,0,0,0],"rotation":90,"texture":"#1"}}},{"from":[4.6625,9.349,3.7225],"to":[10.0125,9.349,4.8625],"rotation":{"angle":0,"axis":"y","origin":[8,14.012,6.1675]},"faces":{"north":{"uv":[0,0,0,1.4],"rotation":270,"texture":"#1"},"east":{"uv":[0.33333,0,0,0],"texture":"#1"},"south":{"uv":[0,0,0,1.4],"rotation":90,"texture":"#1"},"west":{"uv":[0.33333,0,0,0],"rotation":180,"texture":"#1"},"up":{"uv":[14.30769,0,15.38462,3.23077],"rotation":90,"texture":"#1"},"down":{"uv":[14.30769,0,15.38462,3.23077],"rotation":90,"texture":"#1"}}},{"from":[1.4125,-1,3.6225],"to":[1.4125,4.35,4.7625],"rotation":{"angle":45,"axis":"y","origin":[6,8.012,4.2925]},"faces":{"north":{"uv":[0,0,0,1.4],"texture":"#1"},"east":{"uv":[14.30769,0,15.38462,3.23077],"texture":"#1"},"south":{"uv":[0,0,0,1.4],"texture":"#1"},"west":{"uv":[14.30769,3.23077,15.38462,0],"texture":"#1"},"up":{"uv":[0.33333,0,0,0],"rotation":270,"texture":"#1"},"down":{"uv":[0.33333,0,0,0],"rotation":90,"texture":"#1"}}},{"from":[1.4125,4.349,3.6225],"to":[6.7625,4.349,4.7625],"rotation":{"angle":45,"axis":"y","origin":[6,8.012,4.2925]},"faces":{"north":{"uv":[0,0,0,1.4],"rotation":270,"texture":"#1"},"east":{"uv":[0.33333,0,0,0],"texture":"#1"},"south":{"uv":[0,0,0,1.4],"rotation":90,"texture":"#1"},"west":{"uv":[0.33333,0,0,0],"rotation":180,"texture":"#1"},"up":{"uv":[14.30769,0,15.38462,3.23077],"rotation":90,"texture":"#1"},"down":{"uv":[14.30769,0,15.38462,3.23077],"rotation":90,"texture":"#1"}}},{"from":[8.57,15.25,4.93],"to":[8.82,15.64,5.82],"rotation":{"angle":0,"axis":"y","origin":[8,6.99031,8]},"faces":{"north":{"uv":[5.33333,8,5.4,8.13333],"texture":"#0"},"east":{"uv":[7.73333,5.86667,8,6],"texture":"#0"},"south":{"uv":[8,5.33333,8.06667,5.46667],"texture":"#0"},"west":{"uv":[7.46667,7.73333,7.73333,7.86667],"texture":"#0"},"up":{"uv":[3.8,8.26667,3.73333,8],"texture":"#0"},"down":{"uv":[4.06667,8,4,8.26667],"texture":"#0"}}},{"from":[7.18,15.25,4.93],"to":[7.43,15.64,5.82],"rotation":{"angle":0,"axis":"y","origin":[8,6.99031,8]},"faces":{"north":{"uv":[5.6,8,5.66667,8.13333],"texture":"#0"},"east":{"uv":[7.73333,7.73333,8,7.86667],"texture":"#0"},"south":{"uv":[8,5.6,8.06667,5.73333],"texture":"#0"},"west":{"uv":[8,0,8.26667,0.13333],"texture":"#0"},"up":{"uv":[4.33333,8.26667,4.26667,8],"texture":"#0"},"down":{"uv":[4.6,8,4.53333,8.26667],"texture":"#0"}}},{"from":[6.18,17.08034,6.22296],"to":[9.82,20.72034,11.22296],"rotation":{"angle":22.5,"axis":"x","origin":[8,6.99031,8]},"faces":{"north":{"uv":[2.6,6.53333,3.73333,7.66667],"texture":"#0"},"east":{"uv":[2.86667,14.73333,4,16],"rotation":90,"texture":"#0"},"south":{"uv":[3.73333,6.53333,4.86667,7.66667],"texture":"#0"},"west":{"uv":[2.86667,16,4,14.73333],"rotation":90,"texture":"#0"},"up":{"uv":[2.86667,14.73333,4,16],"texture":"#0"},"down":{"uv":[4,16,2.86667,14.73333],"texture":"#0"}}},{"from":[6.805,17.83034,5.22296],"to":[9.195,20.22034,6.22296],"rotation":{"angle":22.5,"axis":"x","origin":[8,6.99031,8]},"faces":{"north":{"uv":[1.6,6.93333,2.26667,7.6],"texture":"#0"},"east":{"uv":[1.33333,7.46667,1.6,8.13333],"texture":"#0"},"south":{"uv":[5.33333,6.93333,6,7.6],"texture":"#0"},"west":{"uv":[7.46667,5.33333,7.73333,6],"texture":"#0"},"up":{"uv":[8.13333,6.4,7.46667,6.13333],"texture":"#0"},"down":{"uv":[8.13333,6.4,7.46667,6.66667],"texture":"#0"}}},{"from":[9.68,16,5.68],"to":[10.32,16.5,10.32],"rotation":{"angle":0,"axis":"y","origin":[8,6.99031,8]},"faces":{"north":{"uv":[5.26667,15.33333,5.06667,15.46667],"texture":"#0"},"east":{"uv":[4,15.33333,5.26667,15.46667],"texture":"#0"},"south":{"uv":[4.2,15.33333,4,15.46667],"texture":"#0"},"west":{"uv":[4,15.33333,5.26667,15.46667],"texture":"#0"},"up":{"uv":[5.26667,15.33333,4,15.13333],"rotation":90,"texture":"#0"}}},{"from":[5.68,16,5.68],"to":[6.32,16.5,10.32],"rotation":{"angle":0,"axis":"y","origin":[8,6.99031,8]},"faces":{"north":{"uv":[5.06667,15.33333,5.26667,15.46667],"texture":"#0"},"east":{"uv":[5.26667,15.33333,4,15.46667],"texture":"#0"},"south":{"uv":[4,15.33333,4.2,15.46667],"texture":"#0"},"west":{"uv":[5.26667,15.33333,4,15.46667],"texture":"#0"},"up":{"uv":[5.26667,15.13333,4,15.33333],"rotation":90,"texture":"#0"}}},{"from":[6.32,16,5.68],"to":[9.685,16.5,6.32],"rotation":{"angle":0,"axis":"y","origin":[10.04,16.25,8]},"faces":{"north":{"uv":[4.2,15.33333,5.06667,15.46667],"texture":"#0"},"east":{"uv":[4.2,15.33333,4,15.46667],"texture":"#0"},"south":{"uv":[4,15.33333,5.26667,15.46667],"texture":"#0"},"west":{"uv":[5.26667,15.33333,5.06667,15.46667],"texture":"#0"},"up":{"uv":[5.06667,15.33333,4.2,15.13333],"texture":"#0"}}},{"from":[6.32,16,9.68],"to":[9.685,16.5,10.32],"rotation":{"angle":0,"axis":"y","origin":[10.04,16.25,8]},"faces":{"north":{"uv":[5.26667,15.33333,4,15.46667],"texture":"#0"},"east":{"uv":[4,15.33333,4.2,15.46667],"texture":"#0"},"south":{"uv":[5.06667,15.33333,4.2,15.46667],"texture":"#0"},"west":{"uv":[5.06667,15.33333,5.26667,15.46667],"texture":"#0"},"up":{"uv":[5.06667,15.13333,4.2,15.33333],"texture":"#0"}}},{"from":[5.70704,10,1.98022],"to":[10.34704,10.5,2.62022],"rotation":{"angle":0,"axis":"y","origin":[7.63789,9.625,4.86142]},"faces":{"north":{"uv":[4,15.33333,5.26667,15.46667],"texture":"#0"},"east":{"uv":[4.2,15.33333,4,15.46667],"texture":"#0"},"south":{"uv":[4,15.33333,5.26667,15.46667],"texture":"#0"},"west":{"uv":[5.26667,15.33333,5.06667,15.46667],"texture":"#0"},"up":{"uv":[5.26667,15.33333,4,15.13333],"texture":"#0"}}},{"from":[4.95704,9,3.48022],"to":[5.84704,9.25,5.12022],"rotation":{"angle":0,"axis":"y","origin":[7.63789,9.625,4.86142]},"faces":{"north":{"uv":[3.46667,8,3.73333,8.06667],"texture":"#0"},"east":{"uv":[8,0.53333,8.46667,0.6],"texture":"#0"},"south":{"uv":[8,3.46667,8.26667,3.53333],"texture":"#0"},"west":{"uv":[8,0.26667,8.46667,0.33333],"texture":"#0"},"up":{"uv":[2.06667,8,1.6,7.73333],"rotation":270,"texture":"#0"},"down":{"uv":[8.2,2.13333,7.73333,2.4],"rotation":90,"texture":"#0"}}},{"from":[4.95704,9.25,3.48022],"to":[5.84704,9.64,3.73022],"rotation":{"angle":0,"axis":"y","origin":[7.63789,9.625,4.86142]},"faces":{"north":{"uv":[7.73333,5.86667,8,6],"texture":"#0"},"east":{"uv":[8,5.33333,8.06667,5.46667],"texture":"#0"},"south":{"uv":[7.46667,7.73333,7.73333,7.86667],"texture":"#0"},"west":{"uv":[5.33333,8,5.4,8.13333],"texture":"#0"},"up":{"uv":[3.8,8.26667,3.73333,8],"rotation":270,"texture":"#0"},"down":{"uv":[4.06667,8,4,8.26667],"rotation":90,"texture":"#0"}}},{"from":[4.95704,9.25,4.87022],"to":[5.84704,9.64,5.12022],"rotation":{"angle":0,"axis":"y","origin":[7.63789,9.625,4.86142]},"faces":{"north":{"uv":[7.73333,7.73333,8,7.86667],"texture":"#0"},"east":{"uv":[8,5.6,8.06667,5.73333],"texture":"#0"},"south":{"uv":[8,0,8.26667,0.13333],"texture":"#0"},"west":{"uv":[5.6,8,5.66667,8.13333],"texture":"#0"},"up":{"uv":[4.33333,8.26667,4.26667,8],"rotation":270,"texture":"#0"},"down":{"uv":[4.6,8,4.53333,8.26667],"rotation":90,"texture":"#0"}}},{"from":[5.70704,10,2.61522],"to":[6.34704,10.5,5.98022],"rotation":{"angle":0,"axis":"y","origin":[7.63789,9.625,4.86142]},"faces":{"north":{"uv":[4.2,15.33333,4,15.46667],"texture":"#0"},"east":{"uv":[4,15.33333,5.26667,15.46667],"texture":"#0"},"south":{"uv":[5.26667,15.33333,5.06667,15.46667],"texture":"#0"},"west":{"uv":[4.2,15.33333,5.06667,15.46667],"texture":"#0"},"up":{"uv":[5.06667,15.33333,4.2,15.13333],"rotation":270,"texture":"#0"}}},{"from":[5.70704,10,5.98022],"to":[10.34704,10.5,6.62022],"rotation":{"angle":0,"axis":"y","origin":[7.63789,9.625,4.86142]},"faces":{"north":{"uv":[5.26667,15.33333,4,15.46667],"texture":"#0"},"east":{"uv":[4,15.33333,4.2,15.46667],"texture":"#0"},"south":{"uv":[5.26667,15.33333,4,15.46667],"texture":"#0"},"west":{"uv":[5.06667,15.33333,5.26667,15.46667],"texture":"#0"},"up":{"uv":[5.26667,15.13333,4,15.33333],"texture":"#0"}}},{"from":[9.70704,10,2.61522],"to":[10.34704,10.5,5.98022],"rotation":{"angle":0,"axis":"y","origin":[7.63789,9.625,4.86142]},"faces":{"north":{"uv":[4,15.33333,4.2,15.46667],"texture":"#0"},"east":{"uv":[5.06667,15.33333,4.2,15.46667],"texture":"#0"},"south":{"uv":[5.06667,15.33333,5.26667,15.46667],"texture":"#0"},"west":{"uv":[5.26667,15.33333,4,15.46667],"texture":"#0"},"up":{"uv":[5.06667,15.13333,4.2,15.33333],"rotation":270,"texture":"#0"}}},{"from":[5.70704,8,1.98022],"to":[10.34704,10,6.62022],"rotation":{"angle":0,"axis":"y","origin":[7.63789,9.625,4.86142]},"faces":{"north":{"uv":[4,15.46667,5.26667,16],"texture":"#0"},"east":{"uv":[4,15.46667,5.26667,16],"texture":"#0"},"south":{"uv":[4,15.46667,5.26667,16],"texture":"#0"},"west":{"uv":[4,15.46667,5.26667,16],"texture":"#0"},"up":{"uv":[8,9.53846,4.61538,6.15385],"texture":"#1"},"down":{"uv":[5.26667,13.13333,4,14.4],"rotation":90,"texture":"#0"}}},{"from":[2.44737,3,2.88321],"to":[7.08737,5,7.52321],"rotation":{"angle":45,"axis":"y","origin":[4.87734,4.625,5.04165]},"faces":{"north":{"uv":[4,15.46667,5.26667,16],"texture":"#0"},"east":{"uv":[4,15.46667,5.26667,16],"texture":"#0"},"south":{"uv":[4,15.46667,5.26667,16],"texture":"#0"},"west":{"uv":[4,15.46667,5.26667,16],"texture":"#0"},"up":{"uv":[8,9.53846,4.61538,6.15385],"texture":"#1"},"down":{"uv":[5.26667,13.13333,4,14.4],"rotation":90,"texture":"#0"}}},{"from":[6.44737,5,3.51821],"to":[7.08737,5.5,6.88321],"rotation":{"angle":45,"axis":"y","origin":[4.87734,4.625,5.04165]},"faces":{"north":{"uv":[4,15.33333,4.2,15.46667],"texture":"#0"},"east":{"uv":[5.06667,15.33333,4.2,15.46667],"texture":"#0"},"south":{"uv":[5.06667,15.33333,5.26667,15.46667],"texture":"#0"},"west":{"uv":[5.26667,15.33333,4,15.46667],"texture":"#0"},"up":{"uv":[5.06667,15.13333,4.2,15.33333],"rotation":270,"texture":"#0"}}},{"from":[2.44737,5,6.88321],"to":[7.08737,5.5,7.52321],"rotation":{"angle":45,"axis":"y","origin":[4.87734,4.625,5.04165]},"faces":{"north":{"uv":[5.26667,15.33333,4,15.46667],"texture":"#0"},"east":{"uv":[4,15.33333,4.2,15.46667],"texture":"#0"},"south":{"uv":[5.26667,15.33333,4,15.46667],"texture":"#0"},"west":{"uv":[5.06667,15.33333,5.26667,15.46667],"texture":"#0"},"up":{"uv":[5.26667,15.13333,4,15.33333],"texture":"#0"}}},{"from":[2.44737,5,3.51821],"to":[3.08737,5.5,6.88321],"rotation":{"angle":45,"axis":"y","origin":[4.87734,4.625,5.04165]},"faces":{"north":{"uv":[4.2,15.33333,4,15.46667],"texture":"#0"},"east":{"uv":[4,15.33333,5.26667,15.46667],"texture":"#0"},"south":{"uv":[5.26667,15.33333,5.06667,15.46667],"texture":"#0"},"west":{"uv":[4.2,15.33333,5.06667,15.46667],"texture":"#0"},"up":{"uv":[5.06667,15.33333,4.2,15.13333],"rotation":270,"texture":"#0"}}},{"from":[1.69737,4.25,5.77321],"to":[2.58737,4.64,6.02321],"rotation":{"angle":45,"axis":"y","origin":[4.87734,4.625,5.04165]},"faces":{"north":{"uv":[7.73333,7.73333,8,7.86667],"texture":"#0"},"east":{"uv":[8,5.6,8.06667,5.73333],"texture":"#0"},"south":{"uv":[8,0,8.26667,0.13333],"texture":"#0"},"west":{"uv":[5.6,8,5.66667,8.13333],"texture":"#0"},"up":{"uv":[4.33333,8.26667,4.26667,8],"rotation":270,"texture":"#0"},"down":{"uv":[4.6,8,4.53333,8.26667],"rotation":90,"texture":"#0"}}},{"from":[1.69737,4.25,4.38321],"to":[2.58737,4.64,4.63321],"rotation":{"angle":45,"axis":"y","origin":[4.87734,4.625,5.04165]},"faces":{"north":{"uv":[7.73333,5.86667,8,6],"texture":"#0"},"east":{"uv":[8,5.33333,8.06667,5.46667],"texture":"#0"},"south":{"uv":[7.46667,7.73333,7.73333,7.86667],"texture":"#0"},"west":{"uv":[5.33333,8,5.4,8.13333],"texture":"#0"},"up":{"uv":[3.8,8.26667,3.73333,8],"rotation":270,"texture":"#0"},"down":{"uv":[4.06667,8,4,8.26667],"rotation":90,"texture":"#0"}}},{"from":[1.69737,4,4.38321],"to":[2.58737,4.25,6.02321],"rotation":{"angle":45,"axis":"y","origin":[4.87734,4.625,5.04165]},"faces":{"north":{"uv":[3.46667,8,3.73333,8.06667],"texture":"#0"},"east":{"uv":[8,0.53333,8.46667,0.6],"texture":"#0"},"south":{"uv":[8,3.46667,8.26667,3.53333],"texture":"#0"},"west":{"uv":[8,0.26667,8.46667,0.33333],"texture":"#0"},"up":{"uv":[2.06667,8,1.6,7.73333],"rotation":270,"texture":"#0"},"down":{"uv":[8.2,2.13333,7.73333,2.4],"rotation":90,"texture":"#0"}}},{"from":[2.44737,5,2.88321],"to":[7.08737,5.5,3.52321],"rotation":{"angle":45,"axis":"y","origin":[4.87734,4.625,5.04165]},"faces":{"north":{"uv":[4,15.33333,5.26667,15.46667],"texture":"#0"},"east":{"uv":[4.2,15.33333,4,15.46667],"texture":"#0"},"south":{"uv":[4,15.33333,5.26667,15.46667],"texture":"#0"},"west":{"uv":[5.26667,15.33333,5.06667,15.46667],"texture":"#0"},"up":{"uv":[5.26667,15.33333,4,15.13333],"texture":"#0"}}},{"from":[5.6,-4,5.58],"to":[10.4,2,10.38],"rotation":{"angle":0,"axis":"y","origin":[8,6.99031,8]},"faces":{"north":{"uv":[4,14.4,5.26667,16],"texture":"#0"},"east":{"uv":[4,14.4,5.26667,16],"texture":"#0"},"south":{"uv":[4,14.4,5.26667,16],"texture":"#0"},"west":{"uv":[4,14.4,5.26667,16],"texture":"#0"},"up":{"uv":[5.26667,14.4,4,13.13333],"texture":"#0"}}},{"from":[0.35,1.35,13.33],"to":[3.65,1.35,16.63],"rotation":{"angle":-45,"axis":"y","origin":[2,1.35,14.98]},"faces":{"north":{"uv":[4,14.4,5.26667,16],"texture":"#0"},"east":{"uv":[4,14.4,5.26667,16],"texture":"#0"},"south":{"uv":[4,14.4,5.26667,16],"texture":"#0"},"west":{"uv":[4,14.4,5.26667,16],"texture":"#0"},"up":{"uv":[16,13.86667,14.33333,12.2],"rotation":270,"texture":"#0"}}},{"from":[5.63553,1.35,10.79447],"to":[8.93553,1.35,14.09447],"rotation":{"angle":-22.5,"axis":"y","origin":[5.53553,1.35,11.44447]},"faces":{"north":{"uv":[4,14.4,5.26667,16],"texture":"#0"},"east":{"uv":[4,14.4,5.26667,16],"texture":"#0"},"south":{"uv":[4,14.4,5.26667,16],"texture":"#0"},"west":{"uv":[4,14.4,5.26667,16],"texture":"#0"},"up":{"uv":[16,13.86667,14.33333,12.2],"texture":"#0"}}},{"from":[-3.75,-4,18],"to":[19.75,1,19.75],"rotation":{"angle":0,"axis":"y","origin":[8,6.99031,8]},"faces":{"north":{"uv":[16,14.93333,9.73333,16],"texture":"#0"},"east":{"uv":[8.66667,14.93333,8.2,16],"texture":"#0"},"south":{"uv":[15.06667,14.93333,8.6,16],"texture":"#0"},"west":{"uv":[8.2,14.93333,8.66667,16],"texture":"#0"}}},{"from":[-4.25,-6,18],"to":[20.25,-4,20.25],"rotation":{"angle":0,"axis":"y","origin":[8,6.99031,8]},"faces":{"east":{"uv":[15.06667,16,14.46667,15.46667],"texture":"#0"},"south":{"uv":[15.06667,16,8.6,15.46667],"texture":"#0"},"west":{"uv":[14.46667,16,15.06667,15.46667],"texture":"#0"},"up":{"uv":[15.06667,15.4,8.6,16],"texture":"#0"},"down":{"uv":[16,0.4,14.06667,0],"texture":"#0"}}},{"from":[-4.25,1,18],"to":[20.25,2.5,20.25],"rotation":{"angle":0,"axis":"y","origin":[8,6.99031,8]},"faces":{"north":{"uv":[12.93333,15.6,6.46667,16],"texture":"#0"},"east":{"uv":[12.93333,16,12.33333,15.6],"texture":"#0"},"south":{"uv":[12.93333,16,6.46667,15.6],"texture":"#0"},"west":{"uv":[12.33333,16,12.93333,15.6],"texture":"#0"},"up":{"uv":[12.93333,13.26667,6.46667,13.86667],"texture":"#0"},"down":{"uv":[16,0.4,14.06667,0],"texture":"#0"}}},{"from":[-4.25,1,-4.25],"to":[20.25,2.5,-2],"rotation":{"angle":0,"axis":"y","origin":[8,6.99031,8]},"faces":{"north":{"uv":[6.46667,16,12.93333,15.6],"texture":"#0"},"east":{"uv":[12.33333,16,12.93333,15.6],"texture":"#0"},"south":{"uv":[6.46667,15.6,12.93333,16],"texture":"#0"},"west":{"uv":[12.93333,16,12.33333,15.6],"texture":"#0"},"up":{"uv":[12.93333,13.86667,6.46667,13.26667],"texture":"#0"},"down":{"uv":[16,0,14.06667,0.4],"texture":"#0"}}},{"from":[-4.25,-6,-4.25],"to":[20.25,-4,-2],"rotation":{"angle":0,"axis":"y","origin":[8,6.99031,8]},"faces":{"north":{"uv":[8.6,16,15.06667,15.46667],"texture":"#0"},"east":{"uv":[14.46667,16,15.06667,15.46667],"texture":"#0"},"west":{"uv":[15.06667,16,14.46667,15.46667],"texture":"#0"},"up":{"uv":[15.06667,16,8.6,15.4],"texture":"#0"},"down":{"uv":[16,0,14.06667,0.4],"texture":"#0"}}},{"from":[-3.75,-4,-3.75],"to":[19.75,1,-2],"rotation":{"angle":0,"axis":"y","origin":[8,6.99031,8]},"faces":{"north":{"uv":[8.6,14.93333,15.06667,16],"texture":"#0"},"east":{"uv":[8.2,14.93333,8.66667,16],"texture":"#0"},"south":{"uv":[9.73333,14.93333,16,16],"texture":"#0"},"west":{"uv":[8.66667,14.93333,8.2,16],"texture":"#0"}}},{"from":[5.85,-4,17.78058],"to":[10.15,0,20.03058],"rotation":{"angle":0,"axis":"y","origin":[8,-0.27907,19]},"faces":{"north":{"uv":[9.8,12.26667,8.53333,13.26667],"texture":"#0"},"east":{"uv":[1.13333,14.93333,0.53333,16],"texture":"#0"},"south":{"uv":[1.13333,14.93333,0.13333,16],"texture":"#0"},"west":{"uv":[0.73333,14.93333,0.13333,16],"texture":"#0"},"up":{"uv":[14.33333,12.8,13.06667,13.4],"texture":"#0"},"down":{"uv":[2.6,13.93333,1.33333,13.33333],"texture":"#0"}}},{"from":[5.75,-0.05813,17.46942],"to":[10.25,2.94187,20.71942],"rotation":{"angle":0,"axis":"y","origin":[8,-0.27907,19]},"faces":{"north":{"uv":[0.13333,16,1.13333,15.2],"texture":"#0"},"east":{"uv":[1.86667,15.2,1.13333,16],"texture":"#0"},"south":{"uv":[0.13333,15.2,1.13333,16],"texture":"#0"},"west":{"uv":[1.13333,15.2,1.86667,16],"texture":"#0"},"up":{"uv":[1.13333,16,0.13333,15.26667],"texture":"#0"},"down":{"uv":[1.13333,16,0.13333,15.26667],"texture":"#0"}}},{"from":[5.85,-4,-4.03058],"to":[10.15,0,-1.78058],"rotation":{"angle":0,"axis":"y","origin":[8,-0.27907,-3]},"faces":{"north":{"uv":[0.13333,14.93333,1.13333,16],"texture":"#0"},"east":{"uv":[0.53333,14.93333,1.13333,16],"texture":"#0"},"south":{"uv":[8.53333,12.26667,9.8,13.26667],"texture":"#0"},"west":{"uv":[0.13333,14.93333,0.73333,16],"texture":"#0"},"up":{"uv":[14.33333,13.4,13.06667,12.8],"texture":"#0"},"down":{"uv":[2.6,13.33333,1.33333,13.93333],"texture":"#0"}}},{"from":[5.75,-0.05813,-4.71942],"to":[10.25,2.94187,-1.46942],"rotation":{"angle":0,"axis":"y","origin":[8,-0.27907,-3]},"faces":{"north":{"uv":[1.13333,15.2,0.13333,16],"texture":"#0"},"east":{"uv":[1.13333,15.2,1.86667,16],"texture":"#0"},"south":{"uv":[1.13333,16,0.13333,15.2],"texture":"#0"},"west":{"uv":[1.86667,15.2,1.13333,16],"texture":"#0"},"up":{"uv":[1.13333,15.26667,0.13333,16],"texture":"#0"},"down":{"uv":[1.13333,15.26667,0.13333,16],"texture":"#0"}}},{"from":[-4.71942,-0.05813,5.75],"to":[-1.46942,2.94187,10.25],"rotation":{"angle":0,"axis":"y","origin":[8,-0.27907,8]},"faces":{"north":{"uv":[1.13333,15.2,1.86667,16],"texture":"#0"},"east":{"uv":[1.13333,16,0.13333,15.2],"texture":"#0"},"south":{"uv":[1.86667,15.2,1.13333,16],"texture":"#0"},"west":{"uv":[1.13333,15.2,0.13333,16],"texture":"#0"},"up":{"uv":[1.13333,15.26667,0.13333,16],"rotation":270,"texture":"#0"},"down":{"uv":[1.13333,15.26667,0.13333,16],"rotation":90,"texture":"#0"}}},{"from":[-4.03058,-4,5.85],"to":[-1.78058,0,10.15],"rotation":{"angle":0,"axis":"y","origin":[8,-0.27907,8]},"faces":{"north":{"uv":[0.53333,14.93333,1.13333,16],"texture":"#0"},"east":{"uv":[8.53333,12.26667,9.8,13.26667],"texture":"#0"},"south":{"uv":[0.13333,14.93333,0.73333,16],"texture":"#0"},"west":{"uv":[0.13333,14.93333,1.13333,16],"texture":"#0"},"up":{"uv":[14.33333,13.4,13.06667,12.8],"rotation":270,"texture":"#0"},"down":{"uv":[2.6,13.33333,1.33333,13.93333],"rotation":90,"texture":"#0"}}},{"from":[17.46942,-0.05813,5.75],"to":[20.71942,2.94187,10.25],"rotation":{"angle":0,"axis":"y","origin":[8,-0.27907,8]},"faces":{"north":{"uv":[1.86667,15.2,1.13333,16],"texture":"#0"},"east":{"uv":[0.13333,15.2,1.13333,16],"texture":"#0"},"south":{"uv":[1.13333,15.2,1.86667,16],"texture":"#0"},"west":{"uv":[0.13333,16,1.13333,15.2],"texture":"#0"},"up":{"uv":[1.13333,16,0.13333,15.26667],"rotation":270,"texture":"#0"},"down":{"uv":[1.13333,16,0.13333,15.26667],"rotation":90,"texture":"#0"}}},{"from":[17.78058,-4,5.85],"to":[20.03058,0,10.15],"rotation":{"angle":0,"axis":"y","origin":[8,-0.27907,8]},"faces":{"north":{"uv":[1.13333,14.93333,0.53333,16],"texture":"#0"},"east":{"uv":[1.13333,14.93333,0.13333,16],"texture":"#0"},"south":{"uv":[0.73333,14.93333,0.13333,16],"texture":"#0"},"west":{"uv":[9.8,12.26667,8.53333,13.26667],"texture":"#0"},"up":{"uv":[14.33333,12.8,13.06667,13.4],"rotation":270,"texture":"#0"},"down":{"uv":[2.6,13.93333,1.33333,13.33333],"rotation":90,"texture":"#0"}}},{"from":[-2,-6,-2],"to":[18,1.25,18],"rotation":{"angle":0,"axis":"y","origin":[8,6.99031,8]},"faces":{"up":{"uv":[0,0,12.30769,12.30769],"texture":"#1"},"down":{"uv":[16,0,10.66667,5.33333],"texture":"#0"}}},{"from":[-3.75,-4,-2],"to":[-2,1,18],"rotation":{"angle":0,"axis":"y","origin":[8,6.99031,8]},"faces":{"east":{"uv":[15.53333,14.93333,10.2,16],"texture":"#0"},"west":{"uv":[9.26667,14.93333,14.6,16],"texture":"#0"}}},{"from":[-4.25,1,-2.05],"to":[-1.95,2.5,18],"rotation":{"angle":0,"axis":"y","origin":[8,6.99031,8]},"faces":{"east":{"uv":[7,15.6,12.33333,16],"texture":"#0"},"west":{"uv":[12.33333,16,7,15.6],"texture":"#0"},"up":{"uv":[12.33333,13.26667,7,13.86667],"rotation":90,"texture":"#0"},"down":{"uv":[14.06667,0,16,0.4],"texture":"#0"}}},{"from":[-4.25,-6,-2.05],"to":[-2,-4,18],"rotation":{"angle":0,"axis":"y","origin":[8,6.99031,8]},"faces":{"west":{"uv":[14.46667,16,9.13333,15.46667],"texture":"#0"},"up":{"uv":[14.46667,15.4,9.13333,16],"rotation":90,"texture":"#0"},"down":{"uv":[14.06667,0,16,0.4],"texture":"#0"}}},{"from":[17.95,1,-2.05],"to":[20.25,2.5,18],"rotation":{"angle":0,"axis":"y","origin":[8,6.99031,8]},"faces":{"east":{"uv":[7,16,12.33333,15.6],"texture":"#0"},"west":{"uv":[12.33333,15.6,7,16],"texture":"#0"},"up":{"uv":[12.33333,13.86667,7,13.26667],"rotation":90,"texture":"#0"},"down":{"uv":[16,0,14.06667,0.4],"texture":"#0"}}},{"from":[18,-4,-2],"to":[19.75,1,18],"rotation":{"angle":0,"axis":"y","origin":[8,6.99031,8]},"faces":{"east":{"uv":[14.6,14.93333,9.26667,16],"texture":"#0"},"west":{"uv":[10.2,14.93333,15.53333,16],"texture":"#0"}}},{"from":[18,-6,-2.05],"to":[20.25,-4,18],"rotation":{"angle":0,"axis":"y","origin":[8,6.99031,8]},"faces":{"east":{"uv":[9.13333,16,14.46667,15.46667],"texture":"#0"},"up":{"uv":[14.46667,16,9.13333,15.4],"rotation":90,"texture":"#0"},"down":{"uv":[16,0,14.06667,0.4],"texture":"#0"}}}],"gui_light":"front","display":{"thirdperson_righthand":{"rotation":[75,45,0],"translation":[0,2.5,0],"scale":[0.375,0.375,0.375]},"thirdperson_lefthand":{"rotation":[75,45,0],"translation":[0,2.5,0],"scale":[0.375,0.375,0.375]},"firstperson_righthand":{"translation":[0,1.75,0],"scale":[0.63,0.63,0.63]},"firstperson_lefthand":{"translation":[0,1.75,0],"scale":[0.63,0.63,0.63]},"ground":{"translation":[0,3,0],"scale":[0.47,0.47,0.47]},"gui":{"rotation":[30,225,0],"translation":[0.25,1.25,0],"scale":[0.37,0.37,0.37]},"head":{"rotation":[0,180,0],"translation":[0,-6.75,0],"scale":[2.6,2.6,2.6]},"fixed":{"scale":[0,0,0]}}}