{"credit":"MadewithBlockbench","texture_size":[48,48],"textures":{"0":"elitecreatures:fountain_decoration_v1/fountain_5","1":"elitecreatures:fountain_decoration_v1/water_fountain_5","particle":"elitecreatures:fountain_decoration_v1/fountain_5"},"elements":[{"from":[5.75,0,5.75],"to":[10.25,1.75,10.25],"rotation":{"angle":0,"axis":"y","origin":[7,0,7]},"faces":{"north":{"uv":[4.08333,15.41667,2.58333,16],"texture":"#0"},"east":{"uv":[2.58333,15.41667,4.08333,16],"texture":"#0"},"south":{"uv":[4.08333,15.41667,2.58333,16],"texture":"#0"},"west":{"uv":[2.58333,15.41667,4.08333,16],"texture":"#0"},"up":{"uv":[1.5,16,0,14.5],"texture":"#0"}}},{"from":[3,0,19],"to":[13,1.75,20.5],"rotation":{"angle":0,"axis":"y","origin":[7,0,9]},"faces":{"north":{"uv":[10.5,15.41667,13.83333,16],"texture":"#0"},"south":{"uv":[10.5,15.41667,13.83333,16],"texture":"#0"},"up":{"uv":[10.5,15.58333,13.83333,15.08333],"texture":"#0"},"down":{"uv":[8.5,3.5,8.75,3.66667],"rotation":270,"texture":"#0"}}},{"from":[-2.75,0,-3],"to":[18.75,1.25,19],"rotation":{"angle":0,"axis":"y","origin":[8,0.625,8]},"faces":{"up":{"uv":[0,0,10.75,11],"texture":"#1"},"down":{"uv":[14.41667,7.33333,7.25,0],"texture":"#0"}}},{"from":[13,0,13],"to":[14.25,1.75,20.5],"rotation":{"angle":0,"axis":"y","origin":[13.875,0.875,17.75]},"faces":{"north":{"uv":[13.75,15.41667,14.16667,16],"texture":"#0"},"east":{"uv":[11.25,15.41667,13.75,16],"texture":"#0"},"south":{"uv":[13.75,15.41667,14.16667,16],"texture":"#0"},"west":{"uv":[13.75,15.41667,11.25,16],"texture":"#0"},"up":{"uv":[13.75,15.41667,11.25,15],"rotation":90,"texture":"#0"},"down":{"uv":[8.5,3.5,8.75,3.66667],"rotation":270,"texture":"#0"}}},{"from":[14.25,0,15.75],"to":[15.75,0.75,22],"rotation":{"angle":0,"axis":"y","origin":[15.5,0.375,18.375]},"faces":{"east":{"uv":[10.75,15.75,12.83333,16],"texture":"#0"},"south":{"uv":[14.25,15.75,14.75,16],"texture":"#0"},"up":{"uv":[12.83333,15.75,10.75,15.25],"rotation":90,"texture":"#0"},"down":{"uv":[8.5,3.5,8.75,3.66667],"rotation":270,"texture":"#0"}}},{"from":[0.25,0,15.75],"to":[1.75,0.75,22],"rotation":{"angle":0,"axis":"y","origin":[0.5,0.375,18.375]},"faces":{"south":{"uv":[14.75,15.75,14.25,16],"texture":"#0"},"west":{"uv":[12.83333,15.75,10.75,16],"texture":"#0"},"up":{"uv":[12.83333,15.25,10.75,15.75],"rotation":90,"texture":"#0"},"down":{"uv":[8.5,3.5,8.75,3.66667],"rotation":270,"texture":"#0"}}},{"from":[1.75,0,13],"to":[3,1.75,20.5],"rotation":{"angle":0,"axis":"y","origin":[2.125,0.875,17.75]},"faces":{"north":{"uv":[14.16667,15.41667,13.75,16],"texture":"#0"},"east":{"uv":[11.25,15.41667,13.75,16],"texture":"#0"},"south":{"uv":[14.16667,15.41667,13.75,16],"texture":"#0"},"west":{"uv":[13.75,15.41667,11.25,16],"texture":"#0"},"up":{"uv":[13.75,15,11.25,15.41667],"rotation":90,"texture":"#0"},"down":{"uv":[8.5,3.5,8.75,3.66667],"rotation":270,"texture":"#0"}}},{"from":[1.75,0,20.5],"to":[14.25,0.75,22],"rotation":{"angle":0,"axis":"y","origin":[8,0.375,21.25]},"faces":{"south":{"uv":[10.08333,15.75,14.25,16],"texture":"#0"},"up":{"uv":[10.08333,15.25,14.25,15.75],"texture":"#0"},"down":{"uv":[8.5,3.5,8.75,3.66667],"rotation":270,"texture":"#0"}}},{"from":[14.25,0,-6],"to":[15.75,0.75,0.25],"rotation":{"angle":0,"axis":"y","origin":[15.5,0.375,-2.375]},"faces":{"north":{"uv":[14.75,15.75,14.25,16],"texture":"#0"},"east":{"uv":[12.83333,15.75,10.75,16],"texture":"#0"},"up":{"uv":[10.75,15.75,12.83333,15.25],"rotation":90,"texture":"#0"},"down":{"uv":[8.5,3.5,8.75,3.66667],"rotation":270,"texture":"#0"}}},{"from":[1.75,0,-6],"to":[14.25,0.75,-4.5],"rotation":{"angle":0,"axis":"y","origin":[8,0.375,-5.25]},"faces":{"north":{"uv":[14.25,15.75,10.08333,16],"texture":"#0"},"up":{"uv":[10.08333,15.75,14.25,15.25],"texture":"#0"},"down":{"uv":[8.5,3.5,8.75,3.66667],"rotation":270,"texture":"#0"}}},{"from":[20.25,0,1.75],"to":[21.75,0.75,14.25],"rotation":{"angle":0,"axis":"y","origin":[21,0.375,8]},"faces":{"east":{"uv":[10.08333,15.75,14.25,16],"texture":"#0"},"up":{"uv":[10.08333,15.25,14.25,15.75],"rotation":270,"texture":"#0"},"down":{"uv":[8.5,3.5,8.75,3.66667],"rotation":270,"texture":"#0"}}},{"from":[14.25,0,14.25],"to":[21.75,0.75,15.75],"rotation":{"angle":0,"axis":"y","origin":[17.75,0.625,7.25]},"faces":{"east":{"uv":[11,15.75,10.5,16],"texture":"#0"},"south":{"uv":[10.5,15.75,8,16],"texture":"#0"},"up":{"uv":[10.50833,15.25,8.00833,15.75],"texture":"#0"},"down":{"uv":[8.5,3.5,8.75,3.66667],"rotation":270,"texture":"#0"}}},{"from":[14.25,0,0.25],"to":[21.75,0.75,1.75],"rotation":{"angle":0,"axis":"y","origin":[17.75,0.625,8.75]},"faces":{"north":{"uv":[8,15.75,10.5,16],"texture":"#0"},"east":{"uv":[10.5,15.75,11,16],"texture":"#0"},"up":{"uv":[10.50833,15.75,8.00833,15.25],"texture":"#0"},"down":{"uv":[8.5,3.5,8.75,3.66667],"rotation":270,"texture":"#0"}}},{"from":[14.25,0,13],"to":[20.25,1.75,14.25],"rotation":{"angle":0,"axis":"y","origin":[17.75,0.625,7.25]},"faces":{"north":{"uv":[11.08333,15.41667,13.08333,16],"texture":"#0"},"east":{"uv":[10.16667,15.41667,10.58333,16],"texture":"#0"},"south":{"uv":[11.08333,15.41667,13.08333,16],"texture":"#0"},"up":{"uv":[11.08333,15.5,13.08333,15.08333],"texture":"#0"},"down":{"uv":[8.5,3.5,8.75,3.66667],"rotation":270,"texture":"#0"}}},{"from":[14.25,0,1.75],"to":[20.25,1.75,3],"rotation":{"angle":0,"axis":"y","origin":[17.75,0.625,8.75]},"faces":{"north":{"uv":[13.08333,15.41667,11.08333,16],"texture":"#0"},"east":{"uv":[10.58333,15.41667,10.16667,16],"texture":"#0"},"south":{"uv":[13.08333,15.41667,11.08333,16],"texture":"#0"},"up":{"uv":[11.08333,15.08333,13.08333,15.5],"texture":"#0"},"down":{"uv":[8.5,3.5,8.75,3.66667],"rotation":270,"texture":"#0"}}},{"from":[13,0,-4.5],"to":[14.25,1.75,3],"rotation":{"angle":0,"axis":"y","origin":[13.875,0.875,-1.75]},"faces":{"north":{"uv":[14.16667,15.41667,13.75,16],"texture":"#0"},"east":{"uv":[13.75,15.41667,11.25,16],"texture":"#0"},"south":{"uv":[14.16667,15.41667,13.75,16],"texture":"#0"},"west":{"uv":[11.25,15.41667,13.75,16],"texture":"#0"},"up":{"uv":[11.25,15.41667,13.75,15],"rotation":90,"texture":"#0"},"down":{"uv":[8.5,3.5,8.75,3.66667],"rotation":270,"texture":"#0"}}},{"from":[1.75,0,-4.5],"to":[3,1.75,3],"rotation":{"angle":0,"axis":"y","origin":[2.125,0.875,-1.75]},"faces":{"north":{"uv":[13.75,15.41667,14.16667,16],"texture":"#0"},"east":{"uv":[13.75,15.41667,11.25,16],"texture":"#0"},"south":{"uv":[13.75,15.41667,14.16667,16],"texture":"#0"},"west":{"uv":[11.25,15.41667,13.75,16],"texture":"#0"},"up":{"uv":[11.25,15,13.75,15.41667],"rotation":90,"texture":"#0"},"down":{"uv":[8.5,3.5,8.75,3.66667],"rotation":270,"texture":"#0"}}},{"from":[0.25,0,-6],"to":[1.75,0.75,0.25],"rotation":{"angle":0,"axis":"y","origin":[0.5,0.375,-2.375]},"faces":{"north":{"uv":[14.25,15.75,14.75,16],"texture":"#0"},"west":{"uv":[10.75,15.75,12.83333,16],"texture":"#0"},"up":{"uv":[10.75,15.25,12.83333,15.75],"rotation":90,"texture":"#0"},"down":{"uv":[8.5,3.5,8.75,3.66667],"rotation":270,"texture":"#0"}}},{"from":[3,0,-4.5],"to":[13,1.75,-3],"rotation":{"angle":0,"axis":"y","origin":[7,0,7]},"faces":{"north":{"uv":[13.83333,15.41667,10.5,16],"texture":"#0"},"south":{"uv":[13.83333,15.41667,10.5,16],"texture":"#0"},"up":{"uv":[10.5,15.08333,13.83333,15.58333],"texture":"#0"},"down":{"uv":[8.5,3.5,8.75,3.66667],"rotation":270,"texture":"#0"}}},{"from":[18.75,0,3],"to":[20.25,1.75,13],"rotation":{"angle":0,"axis":"y","origin":[19.5,0.875,8]},"faces":{"east":{"uv":[10.5,15.41667,13.83333,16],"texture":"#0"},"west":{"uv":[10.5,15.41667,13.83333,16],"texture":"#0"},"up":{"uv":[10.41667,15.41667,13.75,14.91667],"rotation":90,"texture":"#0"},"down":{"uv":[8.5,3.5,8.75,3.66667],"rotation":270,"texture":"#0"}}},{"from":[-5.75,0,14.25],"to":[1.75,0.75,15.75],"rotation":{"angle":0,"axis":"y","origin":[-1.75,0.625,7.25]},"faces":{"south":{"uv":[8,15.75,10.5,16],"texture":"#0"},"west":{"uv":[10.5,15.75,11,16],"texture":"#0"},"up":{"uv":[8.00833,15.25,10.50833,15.75],"texture":"#0"},"down":{"uv":[8.5,3.5,8.75,3.66667],"rotation":270,"texture":"#0"}}},{"from":[-4.25,0,3],"to":[-2.75,1.75,13],"rotation":{"angle":0,"axis":"y","origin":[-3.5,0.875,8]},"faces":{"east":{"uv":[13.83333,15.41667,10.5,16],"texture":"#0"},"west":{"uv":[13.83333,15.41667,10.5,16],"texture":"#0"},"up":{"uv":[10.41667,14.91667,13.75,15.41667],"rotation":90,"texture":"#0"},"down":{"uv":[8.5,3.5,8.75,3.66667],"rotation":270,"texture":"#0"}}},{"from":[-1.25,1.35,7],"to":[2.75,1.35,11],"rotation":{"angle":22.5,"axis":"y","origin":[0.75,1.35,9]},"faces":{"up":{"uv":[13.91667,11,16,13.33333],"rotation":90,"texture":"#0"}}},{"from":[4.51257,1.35,13.01882],"to":[8.51257,1.35,17.01882],"rotation":{"angle":-45,"axis":"y","origin":[6.26257,1.35,15.01882]},"faces":{"up":{"uv":[13.91667,13.33333,16,11],"rotation":180,"texture":"#0"}}},{"from":[0.74372,1.35,3.74739],"to":[3.24372,1.35,6.24739],"rotation":{"angle":-45,"axis":"y","origin":[1.99372,1.35,4.99739]},"faces":{"up":{"uv":[13.91667,11.08333,16,13.33333],"rotation":90,"texture":"#0"}}},{"from":[9.85349,1.35,14.26194],"to":[12.35349,1.35,16.76194],"rotation":{"angle":22.5,"axis":"y","origin":[11.35349,1.35,15.01194]},"faces":{"up":{"uv":[13.91667,11.08333,16,13.33333],"texture":"#0"}}},{"from":[-4.25,0,13],"to":[1.75,1.75,14.25],"rotation":{"angle":0,"axis":"y","origin":[-1.75,0.625,7.25]},"faces":{"north":{"uv":[13.08333,15.41667,11.08333,16],"texture":"#0"},"south":{"uv":[13.08333,15.41667,11.08333,16],"texture":"#0"},"west":{"uv":[10.58333,15.41667,10.16667,16],"texture":"#0"},"up":{"uv":[13.08333,15.5,11.08333,15.08333],"texture":"#0"},"down":{"uv":[8.5,3.5,8.75,3.66667],"rotation":270,"texture":"#0"}}},{"from":[-5.75,0,1.75],"to":[-4.25,0.75,14.25],"rotation":{"angle":0,"axis":"y","origin":[-5,0.375,8]},"faces":{"west":{"uv":[14.25,15.75,10.08333,16],"texture":"#0"},"up":{"uv":[10.08333,15.75,14.25,15.25],"rotation":270,"texture":"#0"},"down":{"uv":[8.5,3.5,8.75,3.66667],"rotation":270,"texture":"#0"}}},{"from":[-5.75,0,0.25],"to":[1.75,0.75,1.75],"rotation":{"angle":0,"axis":"y","origin":[-1.75,0.625,8.75]},"faces":{"north":{"uv":[10.5,15.75,8,16],"texture":"#0"},"west":{"uv":[11,15.75,10.5,16],"texture":"#0"},"up":{"uv":[8.00833,15.75,10.50833,15.25],"texture":"#0"},"down":{"uv":[8.5,3.5,8.75,3.66667],"rotation":270,"texture":"#0"}}},{"from":[-4.25,0,1.75],"to":[1.75,1.75,3],"rotation":{"angle":0,"axis":"y","origin":[-1.75,0.625,8.75]},"faces":{"north":{"uv":[11.08333,15.41667,13.08333,16],"texture":"#0"},"south":{"uv":[11.08333,15.41667,13.08333,16],"texture":"#0"},"west":{"uv":[10.16667,15.41667,10.58333,16],"texture":"#0"},"up":{"uv":[13.08333,15.08333,11.08333,15.5],"texture":"#0"},"down":{"uv":[8.5,3.5,8.75,3.66667],"rotation":270,"texture":"#0"}}},{"from":[6,6,6],"to":[10,7.25,10],"rotation":{"angle":0,"axis":"y","origin":[8,8.25,8]},"faces":{"north":{"uv":[4.725,16,6.05833,15.58333],"texture":"#0"},"east":{"uv":[4.725,16,6.05833,15.58333],"texture":"#0"},"south":{"uv":[4.725,16,6.05833,15.58333],"texture":"#0"},"west":{"uv":[4.725,16,6.05833,15.58333],"texture":"#0"},"down":{"uv":[11.58333,3,10.25,4.33333],"texture":"#0"}}},{"from":[4.5,7.25,4.5],"to":[11.5,8,11.5],"rotation":{"angle":0,"axis":"y","origin":[8,8.25,8]},"faces":{"north":{"uv":[8.25,15.75,10.58333,16],"texture":"#0"},"east":{"uv":[8.25,15.75,10.58333,16],"texture":"#0"},"south":{"uv":[8.25,15.75,10.58333,16],"texture":"#0"},"west":{"uv":[8.25,15.75,10.58333,16],"texture":"#0"},"up":{"uv":[9.66667,2.33333,7.33333,4.66667],"texture":"#0"},"down":{"uv":[9.66667,2.33333,7.33333,4.66667],"texture":"#0"}}},{"from":[5.25,9.25,5.25],"to":[10.75,9.25,10.75],"rotation":{"angle":0,"axis":"y","origin":[8,8.25,8]},"faces":{"up":{"uv":[2.83333,2.95833,5.45833,5.83333],"texture":"#1"}}},{"from":[5.875,14,8],"to":[9.825,27,8],"rotation":{"angle":0,"axis":"y","origin":[8,18.15,8]},"faces":{"north":{"uv":[16,9.5,14.25,16],"texture":"#1"},"south":{"uv":[14.25,9.5,16,16],"texture":"#1"}}},{"from":[8,14,5.875],"to":[8,27,9.825],"rotation":{"angle":0,"axis":"y","origin":[8,20.5,8]},"faces":{"east":{"uv":[16,9.5,14.25,16],"texture":"#1"},"west":{"uv":[14.25,9.5,16,16],"texture":"#1"}}},{"from":[7.65,14,7.65],"to":[8.35,15,8.35],"rotation":{"angle":0,"axis":"y","origin":[8,18.15,8]},"faces":{"north":{"uv":[0.83333,13.5,1.08333,13.83333],"texture":"#0"},"east":{"uv":[0.83333,13.5,1.08333,13.83333],"texture":"#0"},"south":{"uv":[0.83333,13.5,1.08333,13.83333],"texture":"#0"},"west":{"uv":[0.83333,13.5,1.08333,13.83333],"texture":"#0"},"up":{"uv":[1.08333,13.5,0.83333,13.25],"texture":"#0"}}},{"from":[7.2,13.5,7.2],"to":[8.8,14.1,8.8],"rotation":{"angle":0,"axis":"y","origin":[8,18.15,8]},"faces":{"north":{"uv":[0.83333,14.33333,1.33333,14.5],"texture":"#0"},"east":{"uv":[0.83333,14.33333,1.33333,14.5],"texture":"#0"},"south":{"uv":[0.83333,14.33333,1.33333,14.5],"texture":"#0"},"west":{"uv":[0.83333,14.33333,1.33333,14.5],"texture":"#0"},"up":{"uv":[1.33333,14.33333,0.83333,13.83333],"texture":"#0"},"down":{"uv":[11.91667,4,11.41667,4.5],"texture":"#0"}}},{"from":[7.2,7.75,7.2],"to":[8.8,10,8.8],"rotation":{"angle":0,"axis":"y","origin":[8,12.4375,8]},"faces":{"north":{"uv":[0,13.75,0.5,14.5],"texture":"#0"},"east":{"uv":[0,13.75,0.5,14.5],"texture":"#0"},"south":{"uv":[0,13.75,0.5,14.5],"texture":"#0"},"west":{"uv":[0,13.75,0.5,14.5],"texture":"#0"},"up":{"uv":[0.5,13.75,0,13.25],"texture":"#0"}}},{"from":[6.75,1.75,6.75],"to":[9.25,6,9.25],"rotation":{"angle":0,"axis":"y","origin":[7,0.25,7]},"faces":{"north":{"uv":[15.16667,14.58333,16,16],"texture":"#0"},"east":{"uv":[15.16667,14.58333,16,16],"texture":"#0"},"south":{"uv":[15.16667,14.58333,16,16],"texture":"#0"},"west":{"uv":[15.16667,14.58333,16,16],"texture":"#0"}}},{"from":[7.45,10,7.45],"to":[8.55,13.5,8.55],"rotation":{"angle":0,"axis":"y","origin":[8,12.4375,8]},"faces":{"north":{"uv":[0.5,13.33333,0.83333,14.5],"texture":"#0"},"east":{"uv":[0.5,13.33333,0.83333,14.5],"texture":"#0"},"south":{"uv":[0.5,13.33333,0.83333,14.5],"texture":"#0"},"west":{"uv":[0.5,13.33333,0.83333,14.5],"texture":"#0"}}},{"from":[4.5,8,10.75],"to":[11.5,10.25,11.5],"rotation":{"angle":0,"axis":"y","origin":[8,10.125,8]},"faces":{"north":{"uv":[10.58333,15,8.25,15.75],"texture":"#0"},"east":{"uv":[10.58333,15,10.83333,15.75],"texture":"#0"},"south":{"uv":[8.25,15,10.58333,15.75],"texture":"#0"},"west":{"uv":[10.58333,15,10.83333,15.75],"texture":"#0"},"up":{"uv":[8.25,15,10.58333,14.75],"texture":"#0"},"down":{"uv":[14.66667,3.33333,12.33333,3.58333],"texture":"#0"}}},{"from":[4.5,8,4.5],"to":[11.5,10.25,5.25],"rotation":{"angle":0,"axis":"y","origin":[8,10.125,8]},"faces":{"north":{"uv":[10.58333,15,8.25,15.75],"texture":"#0"},"east":{"uv":[10.83333,15,10.58333,15.75],"texture":"#0"},"south":{"uv":[8.25,15,10.58333,15.75],"texture":"#0"},"west":{"uv":[10.83333,15,10.58333,15.75],"texture":"#0"},"up":{"uv":[8.25,14.75,10.58333,15],"texture":"#0"},"down":{"uv":[14.66667,3.58333,12.33333,3.33333],"texture":"#0"}}},{"from":[10.75,8,5.25],"to":[11.5,10.25,10.75],"rotation":{"angle":0,"axis":"y","origin":[11.125,9.125,7.25]},"faces":{"east":{"uv":[8.5,15,10.33333,15.75],"texture":"#0"},"west":{"uv":[10.33333,15,8.5,15.75],"texture":"#0"},"up":{"uv":[10.33333,15,8.5,14.75],"rotation":90,"texture":"#0"},"down":{"uv":[8.58333,12,8.33333,13.83333],"texture":"#0"}}},{"from":[4.5,8,5.25],"to":[5.25,10.25,10.75],"rotation":{"angle":0,"axis":"y","origin":[4.875,9.125,7.25]},"faces":{"east":{"uv":[8.5,15,10.33333,15.75],"texture":"#0"},"west":{"uv":[10.33333,15,8.5,15.75],"texture":"#0"},"up":{"uv":[10.33333,14.75,8.5,15],"rotation":90,"texture":"#0"},"down":{"uv":[8.33333,12,8.58333,13.83333],"texture":"#0"}}}],"gui_light":"front","display":{"thirdperson_righthand":{"rotation":[75,45,0],"translation":[0,2.5,0],"scale":[0.375,0.375,0.375]},"thirdperson_lefthand":{"rotation":[75,45,0],"translation":[0,2.5,0],"scale":[0.375,0.375,0.375]},"firstperson_righthand":{"translation":[0,1.75,0],"scale":[0.63,0.63,0.63]},"firstperson_lefthand":{"translation":[0,1.75,0],"scale":[0.63,0.63,0.63]},"ground":{"translation":[0,3,0],"scale":[0.47,0.47,0.47]},"gui":{"rotation":[30,225,0],"translation":[0.25,-0.5,0],"scale":[0.37,0.37,0.37]},"head":{"translation":[0,-22.25,0],"scale":[2.6,2.6,2.6]},"fixed":{"scale":[0,0,0]}}}