{"credit":"MadewithBlockbench","texture_size":[76,76],"textures":{"0":"elitecreatures:fountain_decoration_v1/fountain_1","1":"elitecreatures:fountain_decoration_v1/water_fountain_1","particle":"elitecreatures:fountain_decoration_v1/fountain_1"},"elements":[{"from":[6.6,3.65,9.26],"to":[9.4,11.3,9.26],"rotation":{"angle":0,"axis":"y","origin":[8,6.125,9.8]},"faces":{"north":{"uv":[15.04714,3.82883,16,6.52128],"texture":"#1"},"south":{"uv":[16,3.82883,15.04714,6.52128],"texture":"#1"}}},{"from":[6.2,1.85,12.5],"to":[9.8,8.15,16.1],"rotation":{"angle":0,"axis":"y","origin":[8,6.125,9.8]},"faces":{"north":{"uv":[4.21053,14.63158,4.94737,16],"texture":"#0"},"east":{"uv":[4.21053,14.63158,4.94737,16],"texture":"#0"},"south":{"uv":[4.21053,14.63158,4.94737,16],"texture":"#0"},"west":{"uv":[4.21053,14.63158,4.94737,16],"texture":"#0"}}},{"from":[-3.8,1.85,12.5],"to":[-0.1,6.9,16.1],"rotation":{"angle":0,"axis":"y","origin":[8,6.125,9.8]},"faces":{"north":{"uv":[4.21053,14.63158,4.94737,16],"texture":"#0"},"east":{"uv":[4.94737,14.63158,4.21053,16],"texture":"#0"},"south":{"uv":[4.21053,14.63158,4.94737,16],"texture":"#0"},"west":{"uv":[4.94737,14.63158,4.21053,16],"texture":"#0"}}},{"from":[-4.1,6.85,12.2],"to":[0.2,7.9,16.4],"rotation":{"angle":0,"axis":"y","origin":[8,6.125,9.8]},"faces":{"north":{"uv":[1.21053,15.57895,0,16],"texture":"#0"},"east":{"uv":[1.21053,15.57895,0,16],"texture":"#0"},"south":{"uv":[1.21053,15.57895,0,16],"texture":"#0"},"west":{"uv":[1.21053,15.57895,0,16],"texture":"#0"},"down":{"uv":[0.05263,15.94737,0,16],"texture":"#0"}}},{"from":[-4.35,7.9,11.95],"to":[0.45,9.2,16.65],"rotation":{"angle":0,"axis":"y","origin":[8,6.125,9.8]},"faces":{"north":{"uv":[1.21053,15.57895,0,16],"texture":"#0"},"east":{"uv":[1.21053,15.57895,0,16],"texture":"#0"},"south":{"uv":[1.21053,15.57895,0,16],"texture":"#0"},"west":{"uv":[1.21053,15.57895,0,16],"texture":"#0"},"up":{"uv":[1.21053,14.36842,0,15.57895],"texture":"#0"},"down":{"uv":[0.05263,15.94737,0,16],"texture":"#0"}}},{"from":[16.1,1.85,12.5],"to":[19.8,6.9,16.1],"rotation":{"angle":0,"axis":"y","origin":[8,6.125,9.8]},"faces":{"north":{"uv":[4.94737,14.63158,4.21053,16],"texture":"#0"},"east":{"uv":[4.21053,14.63158,4.94737,16],"texture":"#0"},"south":{"uv":[4.94737,14.63158,4.21053,16],"texture":"#0"},"west":{"uv":[4.21053,14.63158,4.94737,16],"texture":"#0"}}},{"from":[15.8,6.85,12.2],"to":[20.1,7.9,16.4],"rotation":{"angle":0,"axis":"y","origin":[8,6.125,9.8]},"faces":{"north":{"uv":[0,15.57895,1.21053,16],"texture":"#0"},"east":{"uv":[0,15.57895,1.21053,16],"texture":"#0"},"south":{"uv":[0,15.57895,1.21053,16],"texture":"#0"},"west":{"uv":[0,15.57895,1.21053,16],"texture":"#0"},"down":{"uv":[0,15.94737,0.05263,16],"texture":"#0"}}},{"from":[15.55,7.9,11.95],"to":[20.35,9.2,16.65],"rotation":{"angle":0,"axis":"y","origin":[8,6.125,9.8]},"faces":{"north":{"uv":[0,15.57895,1.21053,16],"texture":"#0"},"east":{"uv":[0,15.57895,1.21053,16],"texture":"#0"},"south":{"uv":[0,15.57895,1.21053,16],"texture":"#0"},"west":{"uv":[0,15.57895,1.21053,16],"texture":"#0"},"up":{"uv":[0,14.36842,1.21053,15.57895],"texture":"#0"},"down":{"uv":[0,15.94737,0.05263,16],"texture":"#0"}}},{"from":[5.075,11.3,9.26],"to":[10.925,11.3,17.36],"rotation":{"angle":0,"axis":"y","origin":[8,6.125,9.8]},"faces":{"up":{"uv":[16,2.77986,14.00686,0],"texture":"#1"}}},{"from":[3.7,3.8,7.45],"to":[8.05,3.8,11.05],"rotation":{"angle":0,"axis":"y","origin":[8,6.125,9.8]},"faces":{"up":{"uv":[2.77574,13.73913,1.3913,12.17666],"rotation":90,"texture":"#1"}}},{"from":[7.95,3.8,7.45],"to":[12.3,3.8,11.05],"rotation":{"angle":0,"axis":"y","origin":[8,6.125,9.8]},"faces":{"up":{"uv":[1.3913,12.17666,2.77574,13.73913],"rotation":90,"texture":"#1"}}},{"from":[4.4,8.15,10.7],"to":[11.6,9.275,17.9],"rotation":{"angle":0,"axis":"y","origin":[8,6.125,9.8]},"faces":{"north":{"uv":[14.47368,13.94737,16,14.21053],"texture":"#0"},"east":{"uv":[14.47368,13.94737,16,14.21053],"texture":"#0"},"south":{"uv":[14.47368,13.94737,16,14.21053],"texture":"#0"},"west":{"uv":[14.47368,13.94737,16,14.21053],"texture":"#0"},"up":{"uv":[15.26316,14.21053,15.21053,14.15789],"texture":"#0"},"down":{"uv":[15.26316,14.15789,15.21053,14.21053],"texture":"#0"}}},{"from":[10.925,9.275,11.375],"to":[11.6,11.975,17.225],"rotation":{"angle":0,"axis":"y","origin":[8,6.125,9.8]},"faces":{"east":{"uv":[14.63158,13.36842,15.84211,13.94737],"texture":"#0"},"west":{"uv":[14.63158,13.36842,15.84211,13.94737],"texture":"#0"},"up":{"uv":[13.21053,14.63158,12,14.47368],"rotation":90,"texture":"#0"}}},{"from":[9.4,10.4,9.35],"to":[10.025,11.975,10.7],"rotation":{"angle":0,"axis":"y","origin":[8,6.125,9.8]},"faces":{"north":{"uv":[15.78947,13.52632,15.94737,13.84211],"texture":"#0"},"east":{"uv":[15.52632,13.57895,15.78947,13.89474],"texture":"#0"},"west":{"uv":[15.52632,13.57895,15.78947,13.89474],"texture":"#0"},"up":{"uv":[15.78947,13.68421,15.52632,13.52632],"rotation":90,"texture":"#0"},"down":{"uv":[15.78947,14.15789,15.52632,14],"rotation":90,"texture":"#0"}}},{"from":[5.975,10.4,9.35],"to":[6.6,11.975,10.7],"rotation":{"angle":0,"axis":"y","origin":[8,6.125,9.8]},"faces":{"north":{"uv":[15.94737,13.52632,15.78947,13.84211],"texture":"#0"},"east":{"uv":[15.78947,13.57895,15.52632,13.89474],"texture":"#0"},"west":{"uv":[15.78947,13.57895,15.52632,13.89474],"texture":"#0"},"up":{"uv":[15.78947,13.52632,15.52632,13.68421],"rotation":90,"texture":"#0"},"down":{"uv":[15.78947,14,15.52632,14.15789],"rotation":90,"texture":"#0"}}},{"from":[9.4,9.275,10.7],"to":[11.6,11.975,11.375],"rotation":{"angle":0,"axis":"y","origin":[8,6.125,9.8]},"faces":{"north":{"uv":[15.84211,13.42105,15.36842,14],"texture":"#0"},"east":{"uv":[15.84211,13.42105,16,14],"texture":"#0"},"south":{"uv":[14.78947,12.78947,15.26316,13.36842],"texture":"#0"},"west":{"uv":[15.84211,13.42105,16,14],"texture":"#0"},"up":{"uv":[15.05263,14.42105,14.57895,14.26316],"texture":"#0"}}},{"from":[4.4,9.275,10.7],"to":[6.6,11.975,11.375],"rotation":{"angle":0,"axis":"y","origin":[8,6.125,9.8]},"faces":{"north":{"uv":[15.36842,13.42105,15.84211,14],"texture":"#0"},"east":{"uv":[16,13.42105,15.84211,14],"texture":"#0"},"south":{"uv":[15.26316,12.78947,14.78947,13.36842],"texture":"#0"},"west":{"uv":[16,13.42105,15.84211,14],"texture":"#0"},"up":{"uv":[14.57895,14.42105,15.05263,14.26316],"texture":"#0"}}},{"from":[4.4,9.275,11.375],"to":[5.075,11.975,17.225],"rotation":{"angle":0,"axis":"y","origin":[8,6.125,9.8]},"faces":{"east":{"uv":[15.84211,13.36842,14.63158,13.94737],"texture":"#0"},"west":{"uv":[15.84211,13.36842,14.63158,13.94737],"texture":"#0"},"up":{"uv":[13.21053,14.47368,12,14.63158],"rotation":90,"texture":"#0"}}},{"from":[4.4,9.275,17.225],"to":[11.6,11.975,17.9],"rotation":{"angle":0,"axis":"y","origin":[8,6.125,9.8]},"faces":{"north":{"uv":[14.47368,13.36842,16,13.94737],"texture":"#0"},"east":{"uv":[14.47368,13.36842,14.63158,13.94737],"texture":"#0"},"south":{"uv":[14.47368,13.36842,16,13.94737],"texture":"#0"},"west":{"uv":[14.47368,13.36842,14.63158,13.94737],"texture":"#0"},"up":{"uv":[13.36842,14.36842,11.84211,14.21053],"texture":"#0"}}},{"from":[6.6,10.4,9.35],"to":[9.4,11.075,10.7],"rotation":{"angle":0,"axis":"y","origin":[8,6.125,9.8]},"faces":{"north":{"uv":[14.94737,13.57895,15.52632,13.73684],"texture":"#0"},"up":{"uv":[15.52632,13.57895,14.94737,13.31579],"texture":"#0"},"down":{"uv":[15.52632,14,14.94737,13.73684],"texture":"#0"}}},{"from":[6.6,9.275,10.7],"to":[9.4,11.075,11.375],"rotation":{"angle":0,"axis":"y","origin":[8,6.125,9.8]},"faces":{"north":{"uv":[14.94737,13.57895,15.52632,13.94737],"texture":"#0"},"south":{"uv":[2.31579,12.84211,2.89474,13.21053],"texture":"#0"},"up":{"uv":[15.52632,13.36842,14.94737,13.52632],"texture":"#0"}}},{"from":[-1.9,0.05,-0.1],"to":[17.9,6.35,1.7],"rotation":{"angle":0,"axis":"y","origin":[8,6.125,9.8]},"faces":{"north":{"uv":[10.15789,14.63158,13.57895,16],"texture":"#0"},"east":{"uv":[14.78947,14.63158,15.26316,16],"texture":"#0"},"south":{"uv":[10.15789,14.63158,13.57895,16],"texture":"#0"},"west":{"uv":[15.26316,14.63158,14.78947,16],"texture":"#0"},"up":{"uv":[13.57895,14.63158,10.15789,14.21053],"texture":"#0"}}},{"from":[-7.3,0.05,17.9],"to":[23.3,6.35,19.7],"rotation":{"angle":0,"axis":"y","origin":[8,6.125,9.8]},"faces":{"north":{"uv":[7.36842,14.63158,12.78947,16],"texture":"#0"},"south":{"uv":[7.36842,14.63158,12.78947,16],"texture":"#0"},"up":{"uv":[7.36842,14.63158,12.78947,14.21053],"texture":"#0"}}},{"from":[16.1,0.05,1.7],"to":[17.9,6.35,6.2],"rotation":{"angle":0,"axis":"y","origin":[8,6.125,9.8]},"faces":{"east":{"uv":[13.84211,14.63158,14.78947,16],"texture":"#0"},"west":{"uv":[13.84211,14.63158,14.78947,16],"texture":"#0"},"up":{"uv":[12.15789,14.63158,13.10526,14.21053],"rotation":90,"texture":"#0"}}},{"from":[16.1,0.05,6.2],"to":[25.1,6.35,8],"rotation":{"angle":0,"axis":"y","origin":[8,6.125,9.8]},"faces":{"north":{"uv":[16,14.63158,14.10526,16],"texture":"#0"},"east":{"uv":[15.63158,14.63158,16,16],"texture":"#0"},"south":{"uv":[16,14.63158,14.10526,16],"texture":"#0"},"west":{"uv":[15.63158,14.63158,16,16],"texture":"#0"},"up":{"uv":[14.10526,14.26316,16,14.63158],"texture":"#0"}}},{"from":[23.3,0.05,8],"to":[25.1,6.35,19.7],"rotation":{"angle":0,"axis":"y","origin":[8,6.125,9.8]},"faces":{"east":{"uv":[13.15789,14.63158,15.63158,16],"texture":"#0"},"south":{"uv":[12.78947,14.63158,13.15789,16],"texture":"#0"},"west":{"uv":[15.63158,14.63158,13.15789,16],"texture":"#0"},"up":{"uv":[12.26316,14.63158,9.78947,14.21053],"rotation":90,"texture":"#0"}}},{"from":[-1.9,0.05,1.7],"to":[-0.1,6.35,6.2],"rotation":{"angle":0,"axis":"y","origin":[8,6.125,9.8]},"faces":{"east":{"uv":[14.78947,14.63158,13.84211,16],"texture":"#0"},"west":{"uv":[14.78947,14.63158,13.84211,16],"texture":"#0"},"up":{"uv":[12.15789,14.21053,13.10526,14.63158],"rotation":90,"texture":"#0"}}},{"from":[-9.1,0.05,6.2],"to":[-0.1,6.35,8],"rotation":{"angle":0,"axis":"y","origin":[8,6.125,9.8]},"faces":{"north":{"uv":[14.10526,14.63158,16,16],"texture":"#0"},"east":{"uv":[16,14.63158,15.63158,16],"texture":"#0"},"south":{"uv":[14.10526,14.63158,16,16],"texture":"#0"},"west":{"uv":[16,14.63158,15.63158,16],"texture":"#0"},"up":{"uv":[16,14.26316,14.10526,14.63158],"texture":"#0"}}},{"from":[-9.1,0.05,8],"to":[-7.3,6.35,19.7],"rotation":{"angle":0,"axis":"y","origin":[8,6.125,9.8]},"faces":{"east":{"uv":[13.15789,14.63158,15.63158,16],"texture":"#0"},"south":{"uv":[13.15789,14.63158,12.78947,16],"texture":"#0"},"west":{"uv":[15.63158,14.63158,13.15789,16],"texture":"#0"},"up":{"uv":[12.26316,14.21053,9.78947,14.63158],"rotation":90,"texture":"#0"}}},{"from":[-9.1,0.05,-0.1],"to":[25.1,1.85,19.7],"rotation":{"angle":0,"axis":"y","origin":[8,6.125,9.8]},"faces":{"up":{"uv":[7.21053,4.15789,0,0],"texture":"#0"},"down":{"uv":[7.21053,4.15789,0,8.31579],"texture":"#0"}}},{"from":[-9.0375,3.65,-0.1],"to":[25.0375,3.65,19.7],"rotation":{"angle":0,"axis":"y","origin":[8,6.125,9.8]},"faces":{"north":{"uv":[0,0,0,0],"texture":"#1"},"east":{"uv":[0,0,0,0],"texture":"#1"},"south":{"uv":[0,0,0,0],"texture":"#1"},"west":{"uv":[0,0,0,0],"texture":"#1"},"up":{"uv":[13.62243,6.85355,1.8032,0],"texture":"#1"},"down":{"uv":[0,0,0.26087,0.52174],"texture":"#1"}}}],"gui_light":"front","display":{"thirdperson_righthand":{"rotation":[75,45,0],"translation":[0,2.5,0],"scale":[0.375,0.375,0.375]},"thirdperson_lefthand":{"rotation":[75,45,0],"translation":[0,2.5,0],"scale":[0.375,0.375,0.375]},"firstperson_righthand":{"translation":[0,1.75,0],"scale":[0.38,0.38,0.38]},"firstperson_lefthand":{"translation":[0,1.75,0],"scale":[0.38,0.38,0.38]},"ground":{"translation":[0,3,0],"scale":[0.47,0.47,0.47]},"gui":{"rotation":[30,225,0],"translation":[1,0,0],"scale":[0.37,0.37,0.37]},"head":{"rotation":[0,180,0],"translation":[0,-22.5,2.75],"scale":[2.6,2.6,2.6]},"fixed":{"scale":[0,0,0]}}}