{"textures":{"0":"modelengine:entity/amethystgolem"},"elements":[{"from":[4.122449,6.3035316,1.2024474],"to":[11.551021,12.589247,9.202448],"rotation":{"angle":0.0,"axis":"y","origin":[7.836735,3.7321033,21.297688]},"faces":{"east":{"uv":[7.75,11.375,8.625,12.0625],"rotation":0,"texture":"#0","tintindex":0},"south":{"uv":[11.5,7.375,12.3125,8.0625],"rotation":0,"texture":"#0","tintindex":0},"north":{"uv":[11.5,4.25,12.3125,4.9375],"rotation":0,"texture":"#0","tintindex":0},"west":{"uv":[11.5,0.0,12.375,0.6875],"rotation":0,"texture":"#0","tintindex":0},"up":{"uv":[1.375,11.5625,0.5625,10.6875],"rotation":0,"texture":"#0","tintindex":0},"down":{"uv":[2.1875,10.6875,1.375,11.5625],"rotation":0,"texture":"#0","tintindex":0}}},{"from":[5.836735,4.589246,1.2024474],"to":[9.836735,6.3035316,2.9167333],"rotation":{"angle":0.0,"axis":"y","origin":[7.836735,3.7321033,21.297688]},"faces":{"east":{"uv":[0.5625,10.5,0.75,10.6875],"rotation":0,"texture":"#0","tintindex":0},"south":{"uv":[12.8125,9.8125,13.25,10.0],"rotation":0,"texture":"#0","tintindex":0},"north":{"uv":[12.125,8.8125,12.5625,9.0],"rotation":0,"texture":"#0","tintindex":0},"west":{"uv":[10.0,11.0625,10.1875,11.25],"rotation":0,"texture":"#0","tintindex":0},"up":{"uv":[13.75,6.6875,13.3125,6.5],"rotation":0,"texture":"#0","tintindex":0},"down":{"uv":[13.8125,1.0,13.375,1.1875],"rotation":0,"texture":"#0","tintindex":0}}},{"from":[2.9795918,9.160675,0.05959034],"to":[12.693878,10.874961,3.4881616],"rotation":{"angle":0.0,"axis":"y","origin":[7.836735,3.7321033,21.297688]},"faces":{"east":{"uv":[13.375,1.5625,13.75,1.75],"rotation":0,"texture":"#0","tintindex":0},"south":{"uv":[12.8125,7.75,13.875,7.9375],"rotation":0,"texture":"#0","tintindex":0},"north":{"uv":[7.5,1.375,8.5625,1.5625],"rotation":0,"texture":"#0","tintindex":0},"west":{"uv":[13.375,1.75,13.75,1.9375],"rotation":0,"texture":"#0","tintindex":0},"up":{"uv":[9.75,1.375,8.6875,1.0],"rotation":0,"texture":"#0","tintindex":0},"down":{"uv":[13.1875,6.875,12.125,7.25],"rotation":0,"texture":"#0","tintindex":0}}}],"display":{"head":{"translation":[0.0,-6.4,0.0],"scale":[4.0,4.0,4.0]}}}