{"textures":{"0":"modelengine:entity/amethystgolem"},"elements":[{"from":[6.1778936,4.753563,5.799587],"to":[10.749322,8.182135,9.799587],"rotation":{"angle":0.0,"axis":"y","origin":[17.448448,30.395735,11.353566]},"faces":{"east":{"uv":[13.25,10.1875,13.6875,10.5625],"rotation":0,"texture":"#0","tintindex":0},"south":{"uv":[13.25,3.125,13.75,3.5],"rotation":0,"texture":"#0","tintindex":0},"north":{"uv":[1.75,4.25,2.25,4.625],"rotation":0,"texture":"#0","tintindex":0},"west":{"uv":[13.25,11.125,13.6875,11.5],"rotation":0,"texture":"#0","tintindex":0},"up":{"uv":[13.5,3.125,13.0,2.6875],"rotation":0,"texture":"#0","tintindex":0},"down":{"uv":[10.625,13.0,10.125,13.4375],"rotation":0,"texture":"#0","tintindex":0}}},{"from":[7.3207507,0.83087254,-3.590476],"to":[10.177894,8.830873,-0.16190529],"rotation":{"angle":-22.5,"axis":"x","origin":[17.448448,30.395735,11.353566]},"faces":{"east":{"uv":[11.4375,12.5625,11.8125,13.4375],"rotation":0,"texture":"#0","tintindex":0},"south":{"uv":[12.25,12.8125,12.5625,13.6875],"rotation":0,"texture":"#0","tintindex":0},"north":{"uv":[0.8125,8.0,1.125,8.875],"rotation":0,"texture":"#0","tintindex":0},"west":{"uv":[0.0,12.625,0.375,13.5],"rotation":0,"texture":"#0","tintindex":0},"up":{"uv":[8.0,13.6875,7.6875,13.3125],"rotation":0,"texture":"#0","tintindex":0},"down":{"uv":[8.3125,13.3125,8.0,13.6875],"rotation":0,"texture":"#0","tintindex":0}}}],"display":{"head":{"translation":[0.0,-6.4,0.0],"scale":[4.0,4.0,4.0]}}}