{"textures":{"0":"modelengine:entity/amethystgolem"},"elements":[{"from":[-6.317032,16.350412,1.4605012],"to":[0.54011106,27.778984,7.746216],"rotation":{"angle":-22.5,"axis":"z","origin":[10.056313,18.824638,8.589457]},"faces":{"east":{"uv":[2.1875,10.25,2.875,11.5],"rotation":0,"texture":"#0","tintindex":0},"south":{"uv":[3.0,9.5,3.75,10.75],"rotation":0,"texture":"#0","tintindex":0},"north":{"uv":[9.4375,9.375,10.1875,10.625],"rotation":0,"texture":"#0","tintindex":0},"west":{"uv":[10.25,6.1875,10.9375,7.4375],"rotation":0,"texture":"#0","tintindex":0},"up":{"uv":[12.5,5.625,11.75,4.9375],"rotation":0,"texture":"#0","tintindex":0},"down":{"uv":[12.5,5.625,11.75,6.3125],"rotation":0,"texture":"#0","tintindex":0}}},{"from":[3.4285712,1.3837161,6.4366636],"to":[12.571428,4.812288,15.579521],"rotation":{"angle":22.5,"axis":"x","origin":[10.056313,18.824638,8.589457]},"faces":{"east":{"uv":[12.25,2.3125,13.25,2.6875],"rotation":0,"texture":"#0","tintindex":0},"south":{"uv":[12.3125,4.0,13.3125,4.375],"rotation":0,"texture":"#0","tintindex":0},"north":{"uv":[8.375,3.6875,9.375,4.0625],"rotation":0,"texture":"#0","tintindex":0},"west":{"uv":[12.3125,4.375,13.3125,4.75],"rotation":0,"texture":"#0","tintindex":0},"up":{"uv":[5.5,2.75,4.5,1.75],"rotation":0,"texture":"#0","tintindex":0},"down":{"uv":[9.6875,0.0,8.6875,1.0],"rotation":0,"texture":"#0","tintindex":0}}},{"from":[5.142857,0.37593555,3.174787],"to":[10.285714,6.0902214,10.03193],"rotation":{"angle":0.0,"axis":"y","origin":[10.056313,18.824638,8.589457]},"faces":{"east":{"uv":[9.5625,3.0625,10.3125,3.6875],"rotation":0,"texture":"#0","tintindex":0},"south":{"uv":[2.125,12.5,2.6875,13.125],"rotation":0,"texture":"#0","tintindex":0},"north":{"uv":[12.4375,2.6875,13.0,3.3125],"rotation":0,"texture":"#0","tintindex":0},"west":{"uv":[12.0,3.375,12.75,4.0],"rotation":0,"texture":"#0","tintindex":0},"up":{"uv":[12.5625,12.25,12.0,11.5],"rotation":0,"texture":"#0","tintindex":0},"down":{"uv":[5.9375,12.0625,5.375,12.8125],"rotation":0,"texture":"#0","tintindex":0}}},{"from":[-6.317032,16.350412,7.746216],"to":[0.54011106,31.207556,14.603359],"rotation":{"angle":-22.5,"axis":"z","origin":[10.056313,18.824638,8.589457]},"faces":{"east":{"uv":[4.5625,8.5,5.3125,10.125],"rotation":0,"texture":"#0","tintindex":0},"south":{"uv":[5.3125,8.5,6.0625,10.125],"rotation":0,"texture":"#0","tintindex":0},"north":{"uv":[3.8125,8.5,4.5625,10.125],"rotation":0,"texture":"#0","tintindex":0},"west":{"uv":[6.0625,8.5,6.8125,10.125],"rotation":0,"texture":"#0","tintindex":0},"up":{"uv":[12.25,1.9375,11.5,1.1875],"rotation":0,"texture":"#0","tintindex":0},"down":{"uv":[12.25,1.9375,11.5,2.6875],"rotation":0,"texture":"#0","tintindex":0}}},{"from":[-9.174175,19.207554,14.603359],"to":[0.54011106,26.636127,18.03193],"rotation":{"angle":-22.5,"axis":"z","origin":[10.056313,18.824638,8.589457]},"faces":{"east":{"uv":[1.5,12.625,1.875,13.4375],"rotation":0,"texture":"#0","tintindex":0},"south":{"uv":[4.8125,10.125,5.875,10.9375],"rotation":0,"texture":"#0","tintindex":0},"north":{"uv":[3.75,10.125,4.8125,10.9375],"rotation":0,"texture":"#0","tintindex":0},"west":{"uv":[12.625,5.9375,13.0,6.75],"rotation":0,"texture":"#0","tintindex":0},"up":{"uv":[1.0625,12.625,0.0,12.25],"rotation":0,"texture":"#0","tintindex":0},"down":{"uv":[2.125,12.25,1.0625,12.625],"rotation":0,"texture":"#0","tintindex":0}}},{"from":[0.54011106,16.350412,1.4605012],"to":[21.111542,31.207556,14.603359],"rotation":{"angle":-22.5,"axis":"z","origin":[10.056313,18.824638,8.589457]},"faces":{"east":{"uv":[5.5625,1.75,7.0,3.375],"rotation":0,"texture":"#0","tintindex":0},"south":{"uv":[0.0,1.625,2.25,3.25],"rotation":0,"texture":"#0","tintindex":0},"north":{"uv":[0.0,0.0,2.25,1.625],"rotation":0,"texture":"#0","tintindex":0},"west":{"uv":[6.0625,0.0,7.5,1.625],"rotation":0,"texture":"#0","tintindex":0},"up":{"uv":[4.5,1.4375,2.25,0.0],"rotation":0,"texture":"#0","tintindex":0},"down":{"uv":[4.5,1.4375,2.25,2.875],"rotation":0,"texture":"#0","tintindex":0}}},{"from":[1.1428566,8.923907,4.117112],"to":[16.0,22.638195,14.402827],"rotation":{"angle":22.5,"axis":"x","origin":[8.714286,21.914816,9.720536]},"faces":{"east":{"uv":[3.25,6.375,4.375,7.875],"rotation":0,"texture":"#0","tintindex":0},"south":{"uv":[0.0,5.0,1.625,6.5],"rotation":0,"texture":"#0","tintindex":0},"north":{"uv":[4.875,4.625,6.5,6.125],"rotation":0,"texture":"#0","tintindex":0},"west":{"uv":[0.0,6.5,1.125,8.0],"rotation":0,"texture":"#0","tintindex":0},"up":{"uv":[7.1875,4.5,5.5625,3.375],"rotation":0,"texture":"#0","tintindex":0},"down":{"uv":[3.25,6.375,1.625,7.5],"rotation":0,"texture":"#0","tintindex":0}}},{"from":[16.011806,11.177803,3.640843],"to":[18.86895,14.0349455,7.069414],"rotation":{"angle":-22.5,"axis":"z","origin":[8.714286,21.914816,9.720536]},"faces":{"east":{"uv":[11.625,3.375,12.0,3.6875],"rotation":0,"texture":"#0","tintindex":0},"south":{"uv":[8.3125,13.3125,8.625,13.625],"rotation":0,"texture":"#0","tintindex":0},"north":{"uv":[10.25,7.4375,10.5625,7.75],"rotation":0,"texture":"#0","tintindex":0},"west":{"uv":[5.5625,13.3125,5.9375,13.625],"rotation":0,"texture":"#0","tintindex":0},"up":{"uv":[13.625,6.125,13.3125,5.75],"rotation":0,"texture":"#0","tintindex":0},"down":{"uv":[13.625,6.125,13.3125,6.5],"rotation":0,"texture":"#0","tintindex":0}}},{"from":[16.011806,8.892088,7.069414],"to":[18.86895,14.0349455,11.640843],"rotation":{"angle":-22.5,"axis":"z","origin":[8.714286,21.914816,9.720536]},"faces":{"east":{"uv":[8.0625,5.0,8.5625,5.5625],"rotation":0,"texture":"#0","tintindex":0},"south":{"uv":[6.6875,13.0625,7.0,13.625],"rotation":0,"texture":"#0","tintindex":0},"north":{"uv":[11.125,13.0,11.4375,13.5625],"rotation":0,"texture":"#0","tintindex":0},"west":{"uv":[7.25,12.625,7.75,13.1875],"rotation":0,"texture":"#0","tintindex":0},"up":{"uv":[3.6875,12.125,3.375,11.625],"rotation":0,"texture":"#0","tintindex":0},"down":{"uv":[6.25,13.1875,5.9375,13.6875],"rotation":0,"texture":"#0","tintindex":0}}},{"from":[18.86895,8.892088,3.640843],"to":[21.154665,14.0349455,11.640843],"rotation":{"angle":-22.5,"axis":"z","origin":[8.714286,21.914816,9.720536]},"faces":{"east":{"uv":[6.5,5.5625,7.375,6.125],"rotation":0,"texture":"#0","tintindex":0},"south":{"uv":[11.5,4.9375,11.75,5.5],"rotation":0,"texture":"#0","tintindex":0},"north":{"uv":[7.25,7.5625,7.5,8.125],"rotation":0,"texture":"#0","tintindex":0},"west":{"uv":[11.75,6.3125,12.625,6.875],"rotation":0,"texture":"#0","tintindex":0},"up":{"uv":[0.8125,10.5,0.5625,9.625],"rotation":0,"texture":"#0","tintindex":0},"down":{"uv":[9.4375,13.0,9.1875,13.875],"rotation":0,"texture":"#0","tintindex":0}}},{"from":[-5.752557,12.092381,3.640843],"to":[-0.60969925,14.949523,11.640843],"rotation":{"angle":22.5,"axis":"z","origin":[8.714286,21.914816,9.720536]},"faces":{"east":{"uv":[8.5625,2.375,9.4375,2.6875],"rotation":0,"texture":"#0","tintindex":0},"south":{"uv":[13.25,8.375,13.8125,8.6875],"rotation":0,"texture":"#0","tintindex":0},"north":{"uv":[13.25,3.5,13.8125,3.8125],"rotation":0,"texture":"#0","tintindex":0},"west":{"uv":[12.8125,9.5,13.6875,9.8125],"rotation":0,"texture":"#0","tintindex":0},"up":{"uv":[7.75,12.625,7.1875,11.75],"rotation":0,"texture":"#0","tintindex":0},"down":{"uv":[10.0,11.8125,9.4375,12.6875],"rotation":0,"texture":"#0","tintindex":0}}},{"from":[-5.752557,9.806665,5.926557],"to":[-0.60969925,12.092381,11.640843],"rotation":{"angle":22.5,"axis":"z","origin":[8.714286,21.914816,9.720536]},"faces":{"east":{"uv":[12.5625,13.25,13.1875,13.5],"rotation":0,"texture":"#0","tintindex":0},"south":{"uv":[13.25,13.125,13.8125,13.375],"rotation":0,"texture":"#0","tintindex":0},"north":{"uv":[11.3125,9.0,11.875,9.25],"rotation":0,"texture":"#0","tintindex":0},"west":{"uv":[13.25,12.875,13.875,13.125],"rotation":0,"texture":"#0","tintindex":0},"up":{"uv":[4.375,8.5,3.8125,7.875],"rotation":0,"texture":"#0","tintindex":0},"down":{"uv":[12.9375,0.0,12.375,0.625],"rotation":0,"texture":"#0","tintindex":0}}},{"from":[4.5714283,21.518795,-4.253785],"to":[13.142858,28.947365,3.174787],"rotation":{"angle":0.0,"axis":"y","origin":[8.714286,21.914816,9.720536]},"faces":{"east":{"uv":[4.8125,10.9375,5.625,11.75],"rotation":0,"texture":"#0","tintindex":0},"south":{"uv":[10.5625,4.6875,11.5,5.5],"rotation":0,"texture":"#0","tintindex":0},"north":{"uv":[10.1875,10.4375,11.125,11.25],"rotation":0,"texture":"#0","tintindex":0},"west":{"uv":[10.9375,6.0625,11.75,6.875],"rotation":0,"texture":"#0","tintindex":0},"up":{"uv":[11.5,8.25,10.5625,7.4375],"rotation":0,"texture":"#0","tintindex":0},"down":{"uv":[8.6875,10.5625,7.75,11.375],"rotation":0,"texture":"#0","tintindex":0}}},{"from":[5.714286,15.673266,-2.8198261],"to":[10.857143,20.244696,5.7516036],"rotation":{"angle":22.5,"axis":"x","origin":[8.714286,21.914816,9.720536]},"faces":{"east":{"uv":[11.875,9.0,12.8125,9.5],"rotation":0,"texture":"#0","tintindex":0},"south":{"uv":[12.6875,8.375,13.25,8.875],"rotation":0,"texture":"#0","tintindex":0},"north":{"uv":[4.8125,12.6875,5.375,13.1875],"rotation":0,"texture":"#0","tintindex":0},"west":{"uv":[11.875,9.5,12.8125,10.0],"rotation":0,"texture":"#0","tintindex":0},"up":{"uv":[12.0,12.5625,11.4375,11.625],"rotation":0,"texture":"#0","tintindex":0},"down":{"uv":[5.375,11.75,4.8125,12.6875],"rotation":0,"texture":"#0","tintindex":0}}}],"display":{"head":{"translation":[0.0,-6.4,0.0],"scale":[4.0,4.0,4.0]}}}