{"textures":{"0":"modelengine:entity/amethystgolem"},"elements":[{"from":[4.8571424,2.5714283,6.285714],"to":[11.142858,7.714286,9.714286],"rotation":{"angle":0.0,"axis":"y","origin":[-10.714951,30.360388,19.838482]},"faces":{"east":{"uv":[13.125,5.1875,13.5,5.75],"rotation":0,"texture":"#0","tintindex":0},"south":{"uv":[12.25,1.75,12.9375,2.3125],"rotation":0,"texture":"#0","tintindex":0},"north":{"uv":[12.25,1.1875,12.9375,1.75],"rotation":0,"texture":"#0","tintindex":0},"west":{"uv":[13.125,10.5625,13.5,11.125],"rotation":0,"texture":"#0","tintindex":0},"up":{"uv":[11.5,4.625,10.8125,4.25],"rotation":0,"texture":"#0","tintindex":0},"down":{"uv":[13.25,12.875,12.5625,13.25],"rotation":0,"texture":"#0","tintindex":0}}},{"from":[4.8571424,2.5714283,9.714286],"to":[11.142858,4.8571424,12.0],"rotation":{"angle":0.0,"axis":"y","origin":[-10.714951,30.360388,19.838482]},"faces":{"east":{"uv":[3.0,7.5,3.25,7.75],"rotation":0,"texture":"#0","tintindex":0},"south":{"uv":[13.25,8.6875,13.9375,8.9375],"rotation":0,"texture":"#0","tintindex":0},"north":{"uv":[13.0625,12.625,13.75,12.875],"rotation":0,"texture":"#0","tintindex":0},"west":{"uv":[5.625,10.9375,5.875,11.1875],"rotation":0,"texture":"#0","tintindex":0},"up":{"uv":[13.9375,9.1875,13.25,8.9375],"rotation":0,"texture":"#0","tintindex":0},"down":{"uv":[13.9375,9.1875,13.25,9.4375],"rotation":0,"texture":"#0","tintindex":0}}},{"from":[4.8571424,4.8571424,9.714286],"to":[8.285714,7.142857,12.0],"rotation":{"angle":0.0,"axis":"y","origin":[-10.714951,30.360388,19.838482]},"faces":{"east":{"uv":[5.375,11.75,5.625,12.0],"rotation":0,"texture":"#0","tintindex":0},"south":{"uv":[13.3125,11.75,13.6875,12.0],"rotation":0,"texture":"#0","tintindex":0},"north":{"uv":[13.3125,11.5,13.6875,11.75],"rotation":0,"texture":"#0","tintindex":0},"west":{"uv":[12.0,4.0,12.25,4.25],"rotation":0,"texture":"#0","tintindex":0},"up":{"uv":[13.75,0.25,13.375,0.0],"rotation":0,"texture":"#0","tintindex":0},"down":{"uv":[13.75,0.25,13.375,0.5],"rotation":0,"texture":"#0","tintindex":0}}}],"display":{"head":{"translation":[0.0,-6.4,0.0],"scale":[4.0,4.0,4.0]}}}