{"textures":{"0":"modelengine:entity/amethystgolem"},"elements":[{"from":[6.5714283,8.0,4.8571424],"to":[11.714286,22.857143,9.428572],"rotation":{"angle":0.0,"axis":"y","origin":[6.246668,8.352418,7.7046785]},"faces":{"east":{"uv":[10.3125,3.0625,10.8125,4.6875],"rotation":0,"texture":"#0","tintindex":0},"south":{"uv":[9.75,0.0,10.3125,1.625],"rotation":0,"texture":"#0","tintindex":0},"north":{"uv":[0.0,9.625,0.5625,11.25],"rotation":0,"texture":"#0","tintindex":0},"west":{"uv":[6.6875,10.3125,7.1875,11.9375],"rotation":0,"texture":"#0","tintindex":0},"up":{"uv":[5.9375,13.3125,5.375,12.8125],"rotation":0,"texture":"#0","tintindex":0},"down":{"uv":[13.375,7.25,12.8125,7.75],"rotation":0,"texture":"#0","tintindex":0}}}],"display":{"head":{"translation":[0.0,-6.4,0.0],"scale":[4.0,4.0,4.0]}}}