{"credit":"Made with Blockbench","texture_size":[32,32],"textures":{"2":"moonset:moonset/moon_pickaxe"},"elements":[{"from":[7,0,7.5],"to":[9,2,9.5],"rotation":{"angle":45,"axis":"x","origin":[8,1.5,8]},"faces":{"north":{"uv":[5,10,6,11],"texture":"#2"},"east":{"uv":[6,10,7,11],"texture":"#2"},"south":{"uv":[7,10,8,11],"texture":"#2"},"west":{"uv":[8,10,9,11],"texture":"#2"},"up":{"uv":[10,11,9,10],"texture":"#2"},"down":{"uv":[11,9,10,10],"texture":"#2"}}},{"from":[7,6.75,7.5],"to":[9,8.75,9.5],"rotation":{"angle":45,"axis":"x","origin":[8,8.25,8]},"faces":{"north":{"uv":[10,10,11,11],"texture":"#2"},"east":{"uv":[0,10.5,1,11.5],"texture":"#2"},"south":{"uv":[10.5,0,11.5,1],"texture":"#2"},"west":{"uv":[1,10.5,2,11.5],"texture":"#2"},"up":{"uv":[11.5,2,10.5,1],"texture":"#2"},"down":{"uv":[3,10.5,2,11.5],"texture":"#2"}}},{"from":[7.25,12.21789,8],"to":[8.75,14.21789,10],"rotation":{"angle":45,"axis":"x","origin":[8,14.21789,8]},"faces":{"north":{"uv":[10.5,4,11.25,5],"texture":"#2"},"east":{"uv":[10.5,2,11.5,3],"texture":"#2"},"south":{"uv":[10.5,5,11.25,6],"texture":"#2"},"west":{"uv":[10.5,3,11.5,4],"texture":"#2"},"up":{"uv":[11.25,7,10.5,6],"texture":"#2"},"down":{"uv":[11.25,7,10.5,8],"texture":"#2"}}},{"from":[7.7,11.77274,0.64325],"to":[8.3,13.27274,3.64325],"rotation":{"angle":-45,"axis":"x","origin":[8,12.52274,2.14325]},"faces":{"north":{"uv":[11.5,10.5,11.75,11.25],"texture":"#2"},"east":{"uv":[7,9,8.5,9.75],"texture":"#2"},"south":{"uv":[11.5,11.5,11.75,12.25],"texture":"#2"},"west":{"uv":[8.5,9,10,9.75],"texture":"#2"},"up":{"uv":[4.75,13,4.5,11.5],"texture":"#2"},"down":{"uv":[11.75,5,11.5,6.5],"texture":"#2"}}},{"from":[7.6,11.99289,1.75],"to":[8.4,13.99289,4.75],"rotation":{"angle":-22.5,"axis":"x","origin":[8,12.74289,2.625]},"faces":{"north":{"uv":[10.5,8,11,9],"texture":"#2"},"east":{"uv":[9,0,10.5,1],"texture":"#2"},"south":{"uv":[11.5,1,12,2],"texture":"#2"},"west":{"uv":[9,1,10.5,2],"texture":"#2"},"up":{"uv":[3.5,12.5,3,11],"texture":"#2"},"down":{"uv":[4,11,3.5,12.5],"texture":"#2"}}},{"from":[7.5,12.74289,3.75],"to":[8.5,14.74289,6.75],"rotation":{"angle":0,"axis":"y","origin":[8,14.24289,4.75]},"faces":{"north":{"uv":[2,11.5,2.5,12.5],"texture":"#2"},"east":{"uv":[9,2,10.5,3],"texture":"#2"},"south":{"uv":[11.5,2,12,3],"texture":"#2"},"west":{"uv":[9,3,10.5,4],"texture":"#2"},"up":{"uv":[5.5,12.5,5,11],"texture":"#2"},"down":{"uv":[6,11,5.5,12.5],"texture":"#2"}}},{"from":[7.5,12.74289,9.25],"to":[8.5,14.74289,12.25],"rotation":{"angle":0,"axis":"y","origin":[8,14.24289,10.25]},"faces":{"north":{"uv":[2.5,11.5,3,12.5],"texture":"#2"},"east":{"uv":[4,9,5.5,10],"texture":"#2"},"south":{"uv":[11.5,3,12,4],"texture":"#2"},"west":{"uv":[9,4,10.5,5],"texture":"#2"},"up":{"uv":[6.5,12.5,6,11],"texture":"#2"},"down":{"uv":[7,11,6.5,12.5],"texture":"#2"}}},{"from":[7.6,11.99289,11.25],"to":[8.4,13.99289,14.25],"rotation":{"angle":22.5,"axis":"x","origin":[8,12.86789,13.375]},"faces":{"north":{"uv":[4,11.5,4.5,12.5],"texture":"#2"},"east":{"uv":[10.5,0,9,1],"texture":"#2"},"south":{"uv":[11.5,4,12,5],"texture":"#2"},"west":{"uv":[5.5,9,7,10],"texture":"#2"},"up":{"uv":[7.5,12.5,7,11],"texture":"#2"},"down":{"uv":[8,11,7.5,12.5],"texture":"#2"}}},{"from":[7.7,11.76323,12.40459],"to":[8.3,13.26323,15.40459],"rotation":{"angle":45,"axis":"x","origin":[8,12.51323,13.90459]},"faces":{"north":{"uv":[12,1,12.25,1.75],"texture":"#2"},"east":{"uv":[0,9.5,1.5,10.25],"texture":"#2"},"south":{"uv":[12,2,12.25,2.75],"texture":"#2"},"west":{"uv":[1.5,9.5,3,10.25],"texture":"#2"},"up":{"uv":[11.75,8,11.5,6.5],"texture":"#2"},"down":{"uv":[11.75,8,11.5,9.5],"texture":"#2"}}},{"from":[7.35,1,7.35],"to":[8.65,7,8.65],"rotation":{"angle":-45,"axis":"y","origin":[8,4.5,8]},"faces":{"north":{"uv":[4,6,4.75,9],"texture":"#2"},"east":{"uv":[5,6,5.75,9],"texture":"#2"},"south":{"uv":[6,6,6.75,9],"texture":"#2"},"west":{"uv":[7,6,7.75,9],"texture":"#2"},"up":{"uv":[10.25,11.75,9.5,11],"texture":"#2"},"down":{"uv":[11.75,9.5,11,10.25],"texture":"#2"}}},{"from":[7.3,2.6,7.3],"to":[8.7,5.6,8.7],"rotation":{"angle":-45,"axis":"y","origin":[8,5.1,8]},"faces":{"north":{"uv":[3,9.5,3.75,11],"texture":"#2"},"east":{"uv":[9.5,6,10.25,7.5],"texture":"#2"},"south":{"uv":[9.5,7.5,10.25,9],"texture":"#2"},"west":{"uv":[4,10,4.75,11.5],"texture":"#2"},"up":{"uv":[11.25,11.75,10.5,11],"texture":"#2"},"down":{"uv":[0.75,11.5,0,12.25],"texture":"#2"}}},{"from":[7.625,12.42175,6.48536],"to":[8.375,15.42175,9.48536],"rotation":{"angle":-45,"axis":"x","origin":[8,13.92175,7.98536]},"faces":{"north":{"uv":[8,11,8.5,12.5],"texture":"#2"},"east":{"uv":[8,6,9.5,7.5],"texture":"#2"},"south":{"uv":[11,8,11.5,9.5],"texture":"#2"},"west":{"uv":[8,7.5,9.5,9],"texture":"#2"},"up":{"uv":[9,12.5,8.5,11],"texture":"#2"},"down":{"uv":[9.5,11,9,12.5],"texture":"#2"}}},{"from":[7.375,7,7.25],"to":[8.625,13.25,8.75],"rotation":{"angle":0,"axis":"y","origin":[7.675,8,7.7]},"faces":{"north":{"uv":[0,6,0.75,9.25],"texture":"#2"},"east":{"uv":[1,6,1.75,9.25],"texture":"#2"},"south":{"uv":[2,6,2.75,9.25],"texture":"#2"},"west":{"uv":[3,6,3.75,9.25],"texture":"#2"},"up":{"uv":[12.25,0.75,11.5,0],"texture":"#2"},"down":{"uv":[1.75,11.5,1,12.25],"texture":"#2"}}}],"gui_light":"front","display":{"thirdperson_righthand":{"translation":[0,1.75,1],"scale":[1.24375,1.24375,1.24375]},"thirdperson_lefthand":{"translation":[0,1.75,1],"scale":[1.24375,1.24375,1.24375]},"firstperson_righthand":{"rotation":[0.81,1.12,10.45],"translation":[3,2.5,-1.5],"scale":[1.11133,1.11133,1.11133]},"firstperson_lefthand":{"rotation":[0.81,1.12,10.45],"translation":[3,2.5,-1.5],"scale":[1.11133,1.11133,1.11133]},"ground":{"rotation":[45,0,0],"translation":[0,11,0],"scale":[0.4,0.4,0.4]},"gui":{"rotation":[90,45,-90],"translation":[-1,-1,0],"scale":[0.95,0.95,0.95]},"head":{"rotation":[90,-46,-90],"translation":[-2.25,-12.5,4.5],"scale":[1.3,1.3,1.3]},"fixed":{"rotation":[-90,45,90],"translation":[2,-2,-2.75],"scale":[2.16797,2.16797,2.16797]}}}