{"texture_size":[64,64],"textures":{"1":"adventurer_warhammers:item/skull_warhammer"},"elements":[{"from":[7.02,-5.98,7.02],"to":[8.98,11.98,8.98],"rotation":{"angle":0,"axis":"y","origin":[8,26.5,7.5]},"faces":{"north":{"uv":[12,7,11.5,11.5],"texture":"#1"},"east":{"uv":[11.75,7,12.25,11.5],"texture":"#1"},"south":{"uv":[11.5,7,12,11.5],"texture":"#1"},"west":{"uv":[11.25,7,11.75,11.5],"texture":"#1"}}},{"from":[7.02,-9.13,6.52],"to":[8.98,-6.17,9.48],"rotation":{"angle":45,"axis":"x","origin":[8,-7.65,8]},"faces":{"north":{"uv":[11.5,12.25,12,11.5],"texture":"#1"},"east":{"uv":[11.5,11.5,10.75,12.25],"texture":"#1"},"south":{"uv":[11.25,11.5,11.5,12.25],"texture":"#1"},"west":{"uv":[10.75,11.5,11.5,12.25],"texture":"#1"},"up":{"uv":[12,12.25,11.5,11.5],"texture":"#1"},"down":{"uv":[11.5,12.25,11.25,11.5],"texture":"#1"}}},{"from":[7.52,-8.10172,9.49172],"to":[8.48,-7.14172,10.45172],"rotation":{"angle":45,"axis":"x","origin":[8,-7.62172,7.97172]},"faces":{"north":{"uv":[10.75,12,11,12.25],"texture":"#1"},"east":{"uv":[10.75,12,11,12.25],"texture":"#1"},"south":{"uv":[10.75,12,11,12.25],"texture":"#1"},"west":{"uv":[10.75,12,11,12.25],"texture":"#1"},"up":{"uv":[10.75,12,11,12.25],"texture":"#1"},"down":{"uv":[10.75,12,11,12.25],"texture":"#1"}}},{"from":[7.52,-10.10172,7.54828],"to":[8.48,-9.14172,8.50828],"rotation":{"angle":45,"axis":"x","origin":[8.5,-7.62172,8.02828]},"faces":{"north":{"uv":[10.75,12,11,12.25],"texture":"#1"},"east":{"uv":[10.75,12,11,12.25],"texture":"#1"},"south":{"uv":[10.75,12,11,12.25],"texture":"#1"},"west":{"uv":[10.75,12,11,12.25],"texture":"#1"},"up":{"uv":[10.75,12,11,12.25],"texture":"#1"},"down":{"uv":[10.75,12,11,12.25],"texture":"#1"}}},{"from":[7.98,10.89421,7],"to":[9.98,12.89421,9],"rotation":{"angle":-45,"axis":"z","origin":[8.98,11.89421,7.98]},"faces":{"north":{"uv":[12.75,7,12.25,7.5],"texture":"#1"},"east":{"uv":[12.5,7,12.75,7.5],"texture":"#1"},"south":{"uv":[12.25,7,12.75,7.5],"texture":"#1"},"up":{"uv":[12.25,7,12.75,7.25],"texture":"#1"}}},{"from":[6,10.87421,6.98],"to":[8.04,12.91421,9.02],"rotation":{"angle":45,"axis":"z","origin":[7.02,11.89421,7.98]},"faces":{"north":{"uv":[11.25,7,10.75,7.5],"texture":"#1"},"south":{"uv":[10.75,7,11.25,7.5],"texture":"#1"},"west":{"uv":[10.75,7,11,7.5],"texture":"#1"},"up":{"uv":[10.75,7,11.25,7.25],"texture":"#1"}}},{"from":[7.98,-7.10579,7],"to":[9.98,-5.10579,9],"rotation":{"angle":-45,"axis":"z","origin":[8.98,-6.10579,7.98]},"faces":{"north":{"uv":[12.5,11,12,11.5],"texture":"#1"},"east":{"uv":[12.25,11,12.5,11.5],"texture":"#1"},"south":{"uv":[12,11,12.5,11.5],"texture":"#1"},"up":{"uv":[12,11,12.5,11.25],"texture":"#1"}}},{"from":[6,-7.12579,6.98],"to":[8.04,-5.08579,9.02],"rotation":{"angle":45,"axis":"z","origin":[7.02,-6.10579,7.98]},"faces":{"north":{"uv":[11.5,11,11,11.5],"texture":"#1"},"south":{"uv":[11,11,11.5,11.5],"texture":"#1"},"west":{"uv":[11,11,11.25,11.5],"texture":"#1"},"up":{"uv":[11,11,11.5,11.25],"texture":"#1"}}},{"from":[3,20.65,4.5],"to":[13,28.65,11.5],"rotation":{"angle":0,"axis":"y","origin":[8,23.65,8]},"faces":{"north":{"uv":[13,2.75,10.5,4.75],"texture":"#1"},"east":{"uv":[14.25,9.75,16,11.75],"texture":"#1"},"south":{"uv":[10.5,2.75,13,4.75],"texture":"#1"},"west":{"uv":[14.25,6,16,8],"texture":"#1"},"up":{"uv":[12.75,14,15.25,12.25],"texture":"#1"},"down":{"uv":[14.75,1,12.25,2.75],"texture":"#1"}}},{"from":[13,22.65,6.5],"to":[16,28.65,9.5],"rotation":{"angle":0,"axis":"y","origin":[12,24.65,8]},"faces":{"north":{"uv":[13.75,2.75,13,4.25],"texture":"#1"},"east":{"uv":[12.75,6,13.5,7.5],"texture":"#1"},"south":{"uv":[13,2.75,13.75,4.25],"texture":"#1"},"up":{"uv":[16,13.5,15.25,12.75],"texture":"#1"},"down":{"uv":[13.5,7.5,12.75,8.25],"texture":"#1"}}},{"from":[11.98,24.63,11.48],"to":[16.02,26.67,11.52],"rotation":{"angle":0,"axis":"y","origin":[5,23.65,8]},"faces":{"north":{"uv":[15,4.25,14,4.75],"texture":"#1"},"south":{"uv":[14,4.25,15,4.75],"texture":"#1"}}},{"from":[12.98,20.63,10.48],"to":[21.02,23.67,10.52],"rotation":{"angle":0,"axis":"y","origin":[10,20.65,7]},"faces":{"north":{"uv":[15,4.25,13,5],"texture":"#1"},"south":{"uv":[13,4.25,15,5],"texture":"#1"}}},{"from":[12.98,23.63,9.48],"to":[18.02,26.67,9.52],"rotation":{"angle":0,"axis":"y","origin":[7,22.65,6]},"faces":{"north":{"uv":[15,3.5,13.75,4.25],"texture":"#1"},"south":{"uv":[13.75,3.5,15,4.25],"texture":"#1"}}},{"from":[11.98,24.63,4.48],"to":[16.02,26.67,4.52],"rotation":{"angle":0,"axis":"y","origin":[5,23.65,8]},"faces":{"north":{"uv":[15,4.25,14,4.75],"texture":"#1"},"south":{"uv":[14,4.25,15,4.75],"texture":"#1"}}},{"from":[12.98,20.63,5.48],"to":[21.02,23.67,5.52],"rotation":{"angle":0,"axis":"y","origin":[10,20.65,9]},"faces":{"north":{"uv":[15,4.25,13,5],"texture":"#1"},"south":{"uv":[13,4.25,15,5],"texture":"#1"}}},{"from":[12.98,23.63,6.48],"to":[18.02,26.67,6.52],"rotation":{"angle":0,"axis":"y","origin":[7,22.65,10]},"faces":{"north":{"uv":[15,3.5,13.75,4.25],"texture":"#1"},"south":{"uv":[13.75,3.5,15,4.25],"texture":"#1"}}},{"from":[15.98,25.63,7.98],"to":[25.02,28.67,8.02],"rotation":{"angle":0,"axis":"y","origin":[14,25.65,4.5]},"faces":{"north":{"uv":[16,2.75,13.75,3.5],"texture":"#1"},"south":{"uv":[13.75,2.75,16,3.5],"texture":"#1"}}},{"from":[6.5,11.9,6.5],"to":[9.5,18.9,9.5],"rotation":{"angle":0,"axis":"y","origin":[16,11.9,8]},"faces":{"north":{"uv":[11.25,5.25,12,7],"texture":"#1"},"east":{"uv":[11.25,5.25,12,7],"texture":"#1"},"south":{"uv":[11.25,5.25,12,7],"texture":"#1"},"west":{"uv":[11.25,5.25,12,7],"texture":"#1"},"down":{"uv":[12,6.25,12.75,7],"texture":"#1"}}},{"from":[5.5,16.9,7.5],"to":[10.5,17.9,8.5],"rotation":{"angle":0,"axis":"y","origin":[16,11.9,8]},"faces":{"north":{"uv":[12,5.25,12.25,5.5],"texture":"#1"},"east":{"uv":[12,5.25,12.25,5.5],"texture":"#1"},"south":{"uv":[12,5.25,12.25,5.5],"texture":"#1"},"west":{"uv":[12,5.25,12.25,5.5],"texture":"#1"},"up":{"uv":[12,5.25,12.25,5.5],"texture":"#1"},"down":{"uv":[12,5.25,12.25,5.5],"texture":"#1"}}},{"from":[7.5,16.9,5.5],"to":[8.5,17.9,10.5],"rotation":{"angle":0,"axis":"y","origin":[16,11.9,8]},"faces":{"north":{"uv":[12,5.25,12.25,5.5],"texture":"#1"},"east":{"uv":[12,5.25,12.25,5.5],"texture":"#1"},"south":{"uv":[12,5.25,12.25,5.5],"texture":"#1"},"west":{"uv":[12,5.25,12.25,5.5],"texture":"#1"},"up":{"uv":[12,5.25,12.25,5.5],"texture":"#1"},"down":{"uv":[12,5.25,12.25,5.5],"texture":"#1"}}},{"from":[7.5,12.9,5.5],"to":[8.5,13.9,10.5],"rotation":{"angle":0,"axis":"y","origin":[16,11.9,8]},"faces":{"north":{"uv":[12,5.75,12.25,6],"texture":"#1"},"east":{"uv":[12,5.75,12.25,6],"texture":"#1"},"south":{"uv":[12,5.75,12.25,6],"texture":"#1"},"west":{"uv":[12,5.75,12.25,6],"texture":"#1"},"up":{"uv":[12,5.75,12.25,6],"texture":"#1"},"down":{"uv":[12,5.75,12.25,6],"texture":"#1"}}},{"from":[7.5,14.9,5.5],"to":[8.5,15.9,10.5],"rotation":{"angle":0,"axis":"y","origin":[16,11.9,8]},"faces":{"north":{"uv":[12,5.5,12.25,5.75],"texture":"#1"},"east":{"uv":[12,5.5,12.25,5.75],"texture":"#1"},"south":{"uv":[12,5.5,12.25,5.75],"texture":"#1"},"west":{"uv":[12,5.5,12.25,5.75],"texture":"#1"},"up":{"uv":[12,5.5,12.25,5.75],"texture":"#1"},"down":{"uv":[12,5.5,12.25,5.75],"texture":"#1"}}},{"from":[5.5,14.9,7.5],"to":[10.5,15.9,8.5],"rotation":{"angle":0,"axis":"y","origin":[16,11.9,8]},"faces":{"north":{"uv":[12,5.5,12.25,5.75],"texture":"#1"},"east":{"uv":[12,5.5,12.25,5.75],"texture":"#1"},"south":{"uv":[12,5.5,12.25,5.75],"texture":"#1"},"west":{"uv":[12,5.5,12.25,5.75],"texture":"#1"},"up":{"uv":[12,5.5,12.25,5.75],"texture":"#1"},"down":{"uv":[12,5.5,12.25,5.75],"texture":"#1"}}},{"from":[5.5,12.9,7.5],"to":[10.5,13.9,8.5],"rotation":{"angle":0,"axis":"y","origin":[16,11.9,8]},"faces":{"north":{"uv":[12,5.75,12.25,6],"texture":"#1"},"east":{"uv":[12,5.75,12.25,6],"texture":"#1"},"south":{"uv":[12,5.75,12.25,6],"texture":"#1"},"west":{"uv":[12,5.75,12.25,6],"texture":"#1"},"up":{"uv":[12,5.75,12.25,6],"texture":"#1"},"down":{"uv":[12,5.75,12.25,6],"texture":"#1"}}},{"from":[6,18.65,6],"to":[10,20.65,10],"rotation":{"angle":0,"axis":"y","origin":[8,53.4,7.5]},"faces":{"north":{"uv":[11.25,4.75,12.25,5.25],"texture":"#1"},"east":{"uv":[11.25,4.75,12.25,5.25],"texture":"#1"},"south":{"uv":[11.25,4.75,12.25,5.25],"texture":"#1"},"west":{"uv":[11.25,4.75,12.25,5.25],"texture":"#1"},"down":{"uv":[11.25,4.75,10.25,5.75],"texture":"#1"}}},{"from":[-0.04,28.61,4.48],"to":[3,28.65,11.52],"rotation":{"angle":0,"axis":"y","origin":[-4.02,23.63,7.98]},"faces":{"up":{"uv":[12,14,12.75,12.25],"texture":"#1"},"down":{"uv":[12,14,12.75,12.25],"texture":"#1"}}},{"from":[-0.04,21.61,11.46],"to":[3,28.65,11.5],"rotation":{"angle":0,"axis":"y","origin":[-4.02,23.63,7.98]},"faces":{"north":{"uv":[10.5,2.75,9.75,4.5],"texture":"#1"},"south":{"uv":[9.75,2.75,10.5,4.5],"texture":"#1"}}},{"from":[-0.04,21.61,4.5],"to":[3,28.65,4.54],"rotation":{"angle":0,"axis":"y","origin":[-4.02,23.63,1.02]},"faces":{"north":{"uv":[10.5,2.75,9.75,4.5],"texture":"#1"},"south":{"uv":[9.75,2.75,10.5,4.5],"texture":"#1"}}},{"from":[-0.04,21.61,4.48],"to":[0,28.65,11.52],"rotation":{"angle":0,"axis":"y","origin":[-4.02,23.63,7.98]},"faces":{"east":{"uv":[9.75,2.75,8,4.5],"texture":"#1"},"west":{"uv":[8,2.75,9.75,4.5],"texture":"#1"}}},{"from":[0.45017,19.91517,11.48],"to":[4.49017,21.95517,11.52],"rotation":{"angle":45,"axis":"z","origin":[1.97017,20.68517,8]},"faces":{"north":{"uv":[11.25,5.75,10.25,6.25],"texture":"#1"},"south":{"uv":[10.25,5.75,11.25,6.25],"texture":"#1"}}},{"from":[0.45017,19.91517,4.48],"to":[0.49017,21.95517,11.52],"rotation":{"angle":45,"axis":"z","origin":[1.97017,20.68517,8]},"faces":{"east":{"uv":[14,0.5,12.25,1],"texture":"#1"},"west":{"uv":[12.25,0.5,14,1],"texture":"#1"}}},{"from":[0.45017,19.91517,4.48],"to":[4.49017,21.95517,4.52],"rotation":{"angle":45,"axis":"z","origin":[1.97017,20.68517,8]},"faces":{"north":{"uv":[11.25,5.75,10.25,6.25],"texture":"#1"},"south":{"uv":[10.25,5.75,11.25,6.25],"texture":"#1"}}},{"from":[0.45017,19.91517,4.48],"to":[4.49017,19.95517,11.52],"rotation":{"angle":45,"axis":"z","origin":[1.97017,20.68517,8]},"faces":{"up":{"uv":[15.75,1,14.75,2.75],"texture":"#1"},"down":{"uv":[15.75,1,14.75,2.75],"texture":"#1"}}}],"gui_light":"front","display":{"thirdperson_righthand":{"rotation":[-10,-90,0],"translation":[0,-1.5,2],"scale":[0.8,0.8,0.8]},"thirdperson_lefthand":{"rotation":[-10,90,0],"translation":[0,-1.5,2],"scale":[0.8,0.8,0.8]},"firstperson_righthand":{"rotation":[21,-90,0],"translation":[4,-4.75,-2.5],"scale":[0.6,0.6,0.6]},"firstperson_lefthand":{"rotation":[21,90,0],"translation":[4,-4.75,-2.5],"scale":[0.6,0.6,0.6]},"ground":{"rotation":[0,0,-45],"translation":[0,4,0],"scale":[0.35,0.35,0.35]},"gui":{"rotation":[0,0,-45],"translation":[-2.25,-1.75,0],"scale":[0.475,0.475,0.475]},"head":{"rotation":[-45,-90,0],"translation":[0.25,7,-2.75],"scale":[0.6,0.6,0.6]},"fixed":{"rotation":[0,-180,-45],"translation":[2.25,-1.75,0],"scale":[0.45,0.45,0.45]}}}