{"credit":"MadewithBlockbench","texture_size":[40,40],"textures":{"1":"avalanche_set:avalanche_eff_01_1","2":"avalanche_set:avalanche_eff_02","5":"avalanche_set:avalanche_bow"},"elements":[{"from":[4.52485,4.5161,7.7125],"to":[5.22485,11.5161,8.4125],"rotation":{"angle":0,"axis":"y","origin":[8,8,8]},"faces":{"north":{"uv":[12,0,12.3,2.8],"texture":"#5"},"east":{"uv":[12,2.8,12.3,5.6],"texture":"#5"},"south":{"uv":[12,5.6,12.3,8.4],"texture":"#5"},"west":{"uv":[12,8.4,12.3,11.2],"texture":"#5"},"up":{"uv":[14.7,1.5,14.4,1.2],"texture":"#5"},"down":{"uv":[14.7,1.6,14.4,1.9],"texture":"#5"}}},{"from":[-0.62515,-12.0135,8.0625],"to":[14.37485,28.0135,8.0625],"rotation":{"angle":0,"axis":"y","origin":[8,8,8]},"faces":{"north":{"uv":[0,0,6,16],"texture":"#5"},"east":{"uv":[0,0,0,16],"texture":"#5"},"south":{"uv":[6,0,12,16],"texture":"#5"},"west":{"uv":[0,0,0,16],"texture":"#5"},"up":{"uv":[6,0,0,0],"texture":"#5"},"down":{"uv":[6,0,0,0],"texture":"#5"}}},{"from":[4.34985,6.1839,7.5375],"to":[5.39985,6.8839,8.5875],"rotation":{"angle":0,"axis":"y","origin":[8,8,8]},"faces":{"north":{"uv":[14,1.1,14.4,0.8],"texture":"#5"},"east":{"uv":[14,1.5,14.4,1.2],"texture":"#5"},"south":{"uv":[14,1.9,14.4,1.6],"texture":"#5"},"west":{"uv":[14,2.3,14.4,2],"texture":"#5"},"up":{"uv":[14,12.8,13.6,12.4],"texture":"#5"},"down":{"uv":[14,6,13.6,6.4],"texture":"#5"}}},{"from":[4.34985,5.6589,7.5375],"to":[5.39985,6.0089,8.5875],"rotation":{"angle":0,"axis":"y","origin":[8,8,8]},"faces":{"north":{"uv":[14.4,2.1,14.8,2],"texture":"#5"},"east":{"uv":[14.4,2.5,14.8,2.4],"texture":"#5"},"south":{"uv":[14.4,2.9,14.8,2.8],"texture":"#5"},"west":{"uv":[14.4,3.3,14.8,3.2],"texture":"#5"},"up":{"uv":[14,13.2,13.6,12.8],"texture":"#5"},"down":{"uv":[13.2,13.6,12.8,14],"texture":"#5"}}},{"from":[4.34985,4.7839,7.5375],"to":[5.39985,5.4839,8.5875],"rotation":{"angle":0,"axis":"y","origin":[8,8,8]},"faces":{"north":{"uv":[14,2.7,14.4,2.4],"texture":"#5"},"east":{"uv":[14,3.1,14.4,2.8],"texture":"#5"},"south":{"uv":[14,3.5,14.4,3.2],"texture":"#5"},"west":{"uv":[14,3.9,14.4,3.6],"texture":"#5"},"up":{"uv":[14,13.6,13.6,13.2],"texture":"#5"},"down":{"uv":[13.6,13.6,13.2,14],"texture":"#5"}}},{"from":[2.47485,6.89448,7.1],"to":[3.52485,7.94448,9.025],"rotation":{"angle":45,"axis":"z","origin":[8,8,8]},"faces":{"north":{"uv":[13.6,14,14,13.6],"texture":"#5"},"east":{"uv":[13.2,1.2,14,0.8],"texture":"#5"},"south":{"uv":[14,0.4,14.4,0],"texture":"#5"},"west":{"uv":[13.2,1.6,14,1.2],"texture":"#5"},"up":{"uv":[13.6,3.2,13.2,2.4],"texture":"#5"},"down":{"uv":[13.6,1.6,13.2,2.4],"texture":"#5"}}},{"from":[2.12485,6.54448,7.3625],"to":[3.87485,8.29448,8.7625],"rotation":{"angle":45,"axis":"z","origin":[8,8,8]},"faces":{"north":{"uv":[12.4,3.9,13.1,3.2],"texture":"#5"},"east":{"uv":[12.4,5.5,13,4.8],"texture":"#5"},"south":{"uv":[12.4,4.7,13.1,4],"texture":"#5"},"west":{"uv":[12.4,6.3,13,5.6],"texture":"#5"},"up":{"uv":[13.1,7.8,12.4,7.2],"texture":"#5"},"down":{"uv":[13.1,6.4,12.4,7],"texture":"#5"}}},{"from":[4.3625,1.56707,7.8625],"to":[4.7625,3.81707,8.2625],"rotation":{"angle":0,"axis":"z","origin":[8,8,8]},"faces":{"north":{"uv":[13.6,3.3,13.8,2.4],"texture":"#5"},"east":{"uv":[13.6,4.5,13.8,3.6],"texture":"#5"},"south":{"uv":[13.6,5.7,13.8,4.8],"texture":"#5"},"west":{"uv":[13.6,12.1,13.8,11.2],"texture":"#5"},"up":{"uv":[14.6,3.8,14.4,3.6],"texture":"#5"}}},{"from":[0.80843,4.84405,7.7625],"to":[1.40843,6.09405,8.3625],"rotation":{"angle":45,"axis":"z","origin":[8,8,8]},"faces":{"north":{"uv":[14,4.5,14.2,4],"texture":"#5"},"east":{"uv":[14,5.3,14.2,4.8],"texture":"#5"},"south":{"uv":[14,6.1,14.2,5.6],"texture":"#5"},"west":{"uv":[14,6.9,14.2,6.4],"texture":"#5"},"up":{"uv":[14.6,4.2,14.4,4],"texture":"#5"}}},{"from":[7.99799,-0.42667,7.6625],"to":[8.79799,1.32333,8.4625],"rotation":{"angle":-22.5,"axis":"z","origin":[8,8,8]},"faces":{"north":{"uv":[13.2,11.9,13.5,11.2],"texture":"#5"},"east":{"uv":[13.2,12.7,13.5,12],"texture":"#5"},"south":{"uv":[13.2,13.5,13.5,12.8],"texture":"#5"},"west":{"uv":[13.6,2.3,13.9,1.6],"texture":"#5"},"down":{"uv":[14.7,0.8,14.4,1.1],"texture":"#5"}}},{"from":[0.30843,3.34405,7.7625],"to":[0.90843,4.59405,8.3625],"rotation":{"angle":45,"axis":"z","origin":[8,8,8]},"faces":{"north":{"uv":[14,7.7,14.2,7.2],"texture":"#5"},"east":{"uv":[14,8.5,14.2,8],"texture":"#5"},"south":{"uv":[14,9.3,14.2,8.8],"texture":"#5"},"west":{"uv":[14,10.1,14.2,9.6],"texture":"#5"},"down":{"uv":[14.6,4.4,14.4,4.6],"texture":"#5"}}},{"from":[5.41247,1.09196,7.4625],"to":[6.66247,2.34196,8.6625],"rotation":{"angle":0,"axis":"z","origin":[8,8,8]},"faces":{"north":{"uv":[13.2,6.9,13.7,6.4],"texture":"#5"},"east":{"uv":[13.2,7.7,13.7,7.2],"texture":"#5"},"south":{"uv":[13.2,8.5,13.7,8],"texture":"#5"},"west":{"uv":[13.2,9.3,13.7,8.8],"texture":"#5"},"up":{"uv":[13.7,10.9,13.2,10.4],"texture":"#5"},"down":{"uv":[13.7,9.6,13.2,10.1],"texture":"#5"}}},{"from":[1.67471,2.15941,7.5625],"to":[2.67471,4.65941,8.5625],"rotation":{"angle":45,"axis":"z","origin":[8,8,8]},"faces":{"north":{"uv":[12.8,12.2,13.2,11.2],"texture":"#5"},"east":{"uv":[12,13.8,12.4,12.8],"texture":"#5"},"south":{"uv":[12.4,13.8,12.8,12.8],"texture":"#5"},"west":{"uv":[12.8,13.4,13.2,12.4],"texture":"#5"}}},{"from":[6.78379,-1.77936,7.0625],"to":[8.78379,0.22064,9.0625],"rotation":{"angle":0,"axis":"z","origin":[8,8,8]},"faces":{"north":{"uv":[12,12,12.8,11.2],"texture":"#5"},"east":{"uv":[12,12.8,12.8,12],"texture":"#5"},"south":{"uv":[12.4,0.8,13.2,0],"texture":"#5"},"west":{"uv":[12.4,1.6,13.2,0.8],"texture":"#5"},"up":{"uv":[13.2,3.2,12.4,2.4],"texture":"#5"},"down":{"uv":[13.2,1.6,12.4,2.4],"texture":"#5"}}},{"from":[8.78379,-1.52936,7.3125],"to":[10.53379,-0.02936,8.8125],"rotation":{"angle":0,"axis":"z","origin":[8,8,8]},"faces":{"north":{"uv":[12.4,8.6,13.1,8],"texture":"#5"},"east":{"uv":[13.2,0.6,13.8,0],"texture":"#5"},"south":{"uv":[12.4,9.4,13.1,8.8],"texture":"#5"},"up":{"uv":[13.1,11,12.4,10.4],"texture":"#5"},"down":{"uv":[13.1,9.6,12.4,10.2],"texture":"#5"}}},{"from":[9.13717,-3.50674,7.5625],"to":[10.13717,-1.50674,8.5625],"rotation":{"angle":0,"axis":"z","origin":[8,8,8]},"faces":{"north":{"uv":[13.2,4,13.6,3.2],"texture":"#5"},"east":{"uv":[13.2,4.8,13.6,4],"texture":"#5"},"south":{"uv":[13.2,5.6,13.6,4.8],"texture":"#5"},"west":{"uv":[13.2,6.4,13.6,5.6],"texture":"#5"},"down":{"uv":[14.4,0.4,14,0.8],"texture":"#5"}}},{"from":[1.36993,-2.28994,7.7625],"to":[1.96993,-1.03994,8.3625],"rotation":{"angle":45,"axis":"z","origin":[8,8,8]},"faces":{"north":{"uv":[14,10.9,14.2,10.4],"texture":"#5"},"east":{"uv":[14,11.7,14.2,11.2],"texture":"#5"},"south":{"uv":[12,14.5,12.2,14],"texture":"#5"},"west":{"uv":[14,12.5,14.2,12],"texture":"#5"},"down":{"uv":[14.6,4.8,14.4,5],"texture":"#5"}}},{"from":[10.51219,-4.79,7.8625],"to":[10.91219,-3.54,8.2625],"rotation":{"angle":0,"axis":"z","origin":[8,8,8]},"faces":{"north":{"uv":[12.4,14.5,12.6,14],"texture":"#5"},"east":{"uv":[12.8,14.5,13,14],"texture":"#5"},"south":{"uv":[14,13.3,14.2,12.8],"texture":"#5"},"west":{"uv":[13.2,14.5,13.4,14],"texture":"#5"},"down":{"uv":[14.6,5.2,14.4,5.4],"texture":"#5"}}},{"from":[10.51219,-5.19,7.8625],"to":[11.76219,-4.79,8.2625],"rotation":{"angle":0,"axis":"z","origin":[8,8,8]},"faces":{"north":{"uv":[13.6,14.2,14.1,14],"texture":"#5"},"east":{"uv":[14.4,5.8,14.6,5.6],"texture":"#5"},"south":{"uv":[14,13.8,14.5,13.6],"texture":"#5"},"west":{"uv":[14.4,6.2,14.6,6],"texture":"#5"},"up":{"uv":[14.9,0.6,14.4,0.4],"texture":"#5"},"down":{"uv":[14.9,0,14.4,0.2],"texture":"#5"}}},{"from":[4.34985,9.1161,7.5375],"to":[5.39985,9.8161,8.5875],"rotation":{"angle":0,"axis":"y","origin":[8,8,8]},"faces":{"north":{"uv":[14,0.8,14.4,1.1],"texture":"#5"},"east":{"uv":[14,1.2,14.4,1.5],"texture":"#5"},"south":{"uv":[14,1.6,14.4,1.9],"texture":"#5"},"west":{"uv":[14,2,14.4,2.3],"texture":"#5"},"up":{"uv":[14,6.4,13.6,6],"texture":"#5"},"down":{"uv":[14,12.4,13.6,12.8],"texture":"#5"}}},{"from":[4.34985,9.9911,7.5375],"to":[5.39985,10.3411,8.5875],"rotation":{"angle":0,"axis":"y","origin":[8,8,8]},"faces":{"north":{"uv":[14.4,2,14.8,2.1],"texture":"#5"},"east":{"uv":[14.4,2.4,14.8,2.5],"texture":"#5"},"south":{"uv":[14.4,2.8,14.8,2.9],"texture":"#5"},"west":{"uv":[14.4,3.2,14.8,3.3],"texture":"#5"},"up":{"uv":[13.2,14,12.8,13.6],"texture":"#5"},"down":{"uv":[14,12.8,13.6,13.2],"texture":"#5"}}},{"from":[4.34985,10.5161,7.5375],"to":[5.39985,11.2161,8.5875],"rotation":{"angle":0,"axis":"y","origin":[8,8,8]},"faces":{"north":{"uv":[14,2.4,14.4,2.7],"texture":"#5"},"east":{"uv":[14,2.8,14.4,3.1],"texture":"#5"},"south":{"uv":[14,3.2,14.4,3.5],"texture":"#5"},"west":{"uv":[14,3.6,14.4,3.9],"texture":"#5"},"up":{"uv":[13.6,14,13.2,13.6],"texture":"#5"},"down":{"uv":[14,13.2,13.6,13.6],"texture":"#5"}}},{"from":[2.47485,8.05552,7.1],"to":[3.52485,9.10552,9.025],"rotation":{"angle":-45,"axis":"z","origin":[8,8,8]},"faces":{"north":{"uv":[13.6,13.6,14,14],"texture":"#5"},"east":{"uv":[13.2,0.8,14,1.2],"texture":"#5"},"south":{"uv":[14,0,14.4,0.4],"texture":"#5"},"west":{"uv":[13.2,1.2,14,1.6],"texture":"#5"},"up":{"uv":[13.6,2.4,13.2,1.6],"texture":"#5"},"down":{"uv":[13.6,2.4,13.2,3.2],"texture":"#5"}}},{"from":[2.12485,7.70552,7.3625],"to":[3.87485,9.45552,8.7625],"rotation":{"angle":-45,"axis":"z","origin":[8,8,8]},"faces":{"north":{"uv":[12.4,3.2,13.1,3.9],"texture":"#5"},"east":{"uv":[12.4,4.8,13,5.5],"texture":"#5"},"south":{"uv":[12.4,4,13.1,4.7],"texture":"#5"},"west":{"uv":[12.4,5.6,13,6.3],"texture":"#5"},"up":{"uv":[13.1,7,12.4,6.4],"texture":"#5"},"down":{"uv":[13.1,7.2,12.4,7.8],"texture":"#5"}}},{"from":[4.3625,12.18293,7.8625],"to":[4.7625,14.43293,8.2625],"rotation":{"angle":0,"axis":"z","origin":[8,8,8]},"faces":{"north":{"uv":[13.6,2.4,13.8,3.3],"texture":"#5"},"east":{"uv":[13.6,3.6,13.8,4.5],"texture":"#5"},"south":{"uv":[13.6,4.8,13.8,5.7],"texture":"#5"},"west":{"uv":[13.6,11.2,13.8,12.1],"texture":"#5"},"down":{"uv":[14.6,3.6,14.4,3.8],"texture":"#5"}}},{"from":[11.3625,7.93293,7.9875],"to":[11.5125,20.93293,8.1375],"rotation":{"angle":0,"axis":"z","origin":[8,8,8]},"faces":{"north":{"uv":[14.8,2.2,15,3.1],"texture":"#5"},"east":{"uv":[14.8,3.4,15,4.3],"texture":"#5"},"south":{"uv":[14.8,4.6,15,5.5],"texture":"#5"},"west":{"uv":[14.8,11,15,11.9],"texture":"#5"},"down":{"uv":[15.8,3.4,15.6,3.6],"texture":"#5"}}},{"from":[11.3625,-4.93293,7.9875],"to":[11.5125,8.06707,8.1375],"rotation":{"angle":0,"axis":"z","origin":[8,8,8]},"faces":{"north":{"uv":[14.8,3.1,15,2.2],"texture":"#5"},"east":{"uv":[14.8,4.3,15,3.4],"texture":"#5"},"south":{"uv":[14.8,5.5,15,4.6],"texture":"#5"},"west":{"uv":[14.8,11.9,15,11],"texture":"#5"},"up":{"uv":[15.8,3.6,15.6,3.4],"texture":"#5"}}},{"from":[0.80843,9.90595,7.7625],"to":[1.40843,11.15595,8.3625],"rotation":{"angle":-45,"axis":"z","origin":[8,8,8]},"faces":{"north":{"uv":[14,4,14.2,4.5],"texture":"#5"},"east":{"uv":[14,4.8,14.2,5.3],"texture":"#5"},"south":{"uv":[14,5.6,14.2,6.1],"texture":"#5"},"west":{"uv":[14,6.4,14.2,6.9],"texture":"#5"},"down":{"uv":[14.6,4,14.4,4.2],"texture":"#5"}}},{"from":[7.99799,14.67667,7.6625],"to":[8.79799,16.42667,8.4625],"rotation":{"angle":22.5,"axis":"z","origin":[8,8,8]},"faces":{"north":{"uv":[13.2,11.2,13.5,11.9],"texture":"#5"},"east":{"uv":[13.2,12,13.5,12.7],"texture":"#5"},"south":{"uv":[13.2,12.8,13.5,13.5],"texture":"#5"},"west":{"uv":[13.6,1.6,13.9,2.3],"texture":"#5"},"up":{"uv":[14.7,1.1,14.4,0.8],"texture":"#5"}}},{"from":[0.30843,11.40595,7.7625],"to":[0.90843,12.65595,8.3625],"rotation":{"angle":-45,"axis":"z","origin":[8,8,8]},"faces":{"north":{"uv":[14,7.2,14.2,7.7],"texture":"#5"},"east":{"uv":[14,8,14.2,8.5],"texture":"#5"},"south":{"uv":[14,8.8,14.2,9.3],"texture":"#5"},"west":{"uv":[14,9.6,14.2,10.1],"texture":"#5"},"up":{"uv":[14.6,4.6,14.4,4.4],"texture":"#5"}}},{"from":[5.41247,13.65804,7.4625],"to":[6.66247,14.90804,8.6625],"rotation":{"angle":0,"axis":"z","origin":[8,8,8]},"faces":{"north":{"uv":[13.2,6.4,13.7,6.9],"texture":"#5"},"east":{"uv":[13.2,7.2,13.7,7.7],"texture":"#5"},"south":{"uv":[13.2,8,13.7,8.5],"texture":"#5"},"west":{"uv":[13.2,8.8,13.7,9.3],"texture":"#5"},"up":{"uv":[13.7,10.1,13.2,9.6],"texture":"#5"},"down":{"uv":[13.7,10.4,13.2,10.9],"texture":"#5"}}},{"from":[1.67471,11.34059,7.5625],"to":[2.67471,13.84059,8.5625],"rotation":{"angle":-45,"axis":"z","origin":[8,8,8]},"faces":{"north":{"uv":[12.8,11.2,13.2,12.2],"texture":"#5"},"east":{"uv":[12,12.8,12.4,13.8],"texture":"#5"},"south":{"uv":[12.4,12.8,12.8,13.8],"texture":"#5"},"west":{"uv":[12.8,12.4,13.2,13.4],"texture":"#5"}}},{"from":[6.78379,15.77936,7.0625],"to":[8.78379,17.77936,9.0625],"rotation":{"angle":0,"axis":"z","origin":[8,8,8]},"faces":{"north":{"uv":[12,11.2,12.8,12],"texture":"#5"},"east":{"uv":[12,12,12.8,12.8],"texture":"#5"},"south":{"uv":[12.4,0,13.2,0.8],"texture":"#5"},"west":{"uv":[12.4,0.8,13.2,1.6],"texture":"#5"},"up":{"uv":[13.2,2.4,12.4,1.6],"texture":"#5"},"down":{"uv":[13.2,2.4,12.4,3.2],"texture":"#5"}}},{"from":[8.78379,16.02936,7.3125],"to":[10.53379,17.52936,8.8125],"rotation":{"angle":0,"axis":"z","origin":[8,8,8]},"faces":{"north":{"uv":[12.4,8,13.1,8.6],"texture":"#5"},"east":{"uv":[13.2,0,13.8,0.6],"texture":"#5"},"south":{"uv":[12.4,8.8,13.1,9.4],"texture":"#5"},"up":{"uv":[13.1,10.2,12.4,9.6],"texture":"#5"},"down":{"uv":[13.1,10.4,12.4,11],"texture":"#5"}}},{"from":[9.13717,17.50674,7.5625],"to":[10.13717,19.50674,8.5625],"rotation":{"angle":0,"axis":"z","origin":[8,8,8]},"faces":{"north":{"uv":[13.2,3.2,13.6,4],"texture":"#5"},"east":{"uv":[13.2,4,13.6,4.8],"texture":"#5"},"south":{"uv":[13.2,4.8,13.6,5.6],"texture":"#5"},"west":{"uv":[13.2,5.6,13.6,6.4],"texture":"#5"},"up":{"uv":[14.4,0.8,14,0.4],"texture":"#5"}}},{"from":[1.36993,17.03994,7.7625],"to":[1.96993,18.28994,8.3625],"rotation":{"angle":-45,"axis":"z","origin":[8,8,8]},"faces":{"north":{"uv":[14,10.4,14.2,10.9],"texture":"#5"},"east":{"uv":[14,11.2,14.2,11.7],"texture":"#5"},"south":{"uv":[12,14,12.2,14.5],"texture":"#5"},"west":{"uv":[14,12,14.2,12.5],"texture":"#5"},"up":{"uv":[14.6,5,14.4,4.8],"texture":"#5"}}},{"from":[10.51219,19.54,7.8625],"to":[10.91219,20.79,8.2625],"rotation":{"angle":0,"axis":"z","origin":[8,8,8]},"faces":{"north":{"uv":[12.4,14,12.6,14.5],"texture":"#5"},"east":{"uv":[12.8,14,13,14.5],"texture":"#5"},"south":{"uv":[14,12.8,14.2,13.3],"texture":"#5"},"west":{"uv":[13.2,14,13.4,14.5],"texture":"#5"},"up":{"uv":[14.6,5.4,14.4,5.2],"texture":"#5"}}},{"from":[10.51219,20.79,7.8625],"to":[11.76219,21.19,8.2625],"rotation":{"angle":0,"axis":"z","origin":[8,8,8]},"faces":{"north":{"uv":[13.6,14,14.1,14.2],"texture":"#5"},"east":{"uv":[14.4,5.6,14.6,5.8],"texture":"#5"},"south":{"uv":[14,13.6,14.5,13.8],"texture":"#5"},"west":{"uv":[14.4,6,14.6,6.2],"texture":"#5"},"up":{"uv":[14.9,0.2,14.4,0],"texture":"#5"},"down":{"uv":[14.9,0.4,14.4,0.6],"texture":"#5"}}},{"from":[5.07971,-5.816,7.9375],"to":[9.07971,-1.816,7.9375],"rotation":{"angle":0,"axis":"y","origin":[8,8,8]},"faces":{"north":{"uv":[0,0,16,16],"texture":"#2"},"south":{"uv":[16,0,0,16],"texture":"#2"}}},{"from":[5.07971,17.834,7.9375],"to":[9.07971,21.834,7.9375],"rotation":{"angle":0,"axis":"y","origin":[8,8,8]},"faces":{"north":{"uv":[0,0,16,16],"texture":"#2"},"south":{"uv":[16,0,0,16],"texture":"#2"}}},{"from":[7.82971,15.384,7.1875],"to":[11.82971,19.384,7.1875],"rotation":{"angle":0,"axis":"y","origin":[6.82971,10.759,7.0625]},"faces":{"north":{"uv":[0,0,16,16],"texture":"#1"},"east":{"uv":[0,0,0,0],"texture":"#1"},"south":{"uv":[16,0,0,16],"texture":"#1"},"west":{"uv":[0,0,0,0],"texture":"#1"},"up":{"uv":[0,0,0,0],"texture":"#1"},"down":{"uv":[0,0,0,0],"texture":"#1"}}},{"from":[1.82971,2.134,6.9375],"to":[5.82971,6.134,6.9375],"rotation":{"angle":0,"axis":"y","origin":[6.82971,10.759,7.0625]},"faces":{"north":{"uv":[0,0,16,16],"texture":"#1"},"east":{"uv":[0,0,0,0],"texture":"#1"},"south":{"uv":[16,0,0,16],"texture":"#1"},"west":{"uv":[0,0,0,0],"texture":"#1"},"up":{"uv":[0,0,0,0],"texture":"#1"},"down":{"uv":[0,0,0,0],"texture":"#1"}}},{"from":[2.82971,13.134,9.0625],"to":[6.82971,17.134,9.0625],"rotation":{"angle":0,"axis":"y","origin":[7.82971,21.759,8.9375]},"faces":{"north":{"uv":[0,0,16,16],"texture":"#1"},"east":{"uv":[0,0,0,0],"texture":"#1"},"south":{"uv":[16,0,0,16],"texture":"#1"},"west":{"uv":[0,0,0,0],"texture":"#1"},"up":{"uv":[0,0,0,0],"texture":"#1"},"down":{"uv":[0,0,0,0],"texture":"#1"}}},{"from":[8.32971,-3.616,8.8125],"to":[12.32971,0.384,8.8125],"rotation":{"angle":0,"axis":"y","origin":[7.32971,-8.241,8.9375]},"faces":{"north":{"uv":[0,0,16,16],"texture":"#1"},"east":{"uv":[0,0,0,0],"texture":"#1"},"south":{"uv":[16,0,0,16],"texture":"#1"},"west":{"uv":[0,0,0,0],"texture":"#1"},"up":{"uv":[0,0,0,0],"texture":"#1"},"down":{"uv":[0,0,0,0],"texture":"#1"}}}],"gui_light":"front","display":{"thirdperson_righthand":{"rotation":[0,-90,0],"translation":[0,-2.25,3.5],"scale":[1,1,0.6]},"thirdperson_lefthand":{"rotation":[0,90,0],"translation":[0,-2.5,3.5],"scale":[1,1,0.6]},"firstperson_righthand":{"rotation":[-180,-85,174],"translation":[4.75,1.5,-2.5]},"firstperson_lefthand":{"scale":[0,0,0]},"ground":{"translation":[0,7.25,0],"scale":[0.5,0.5,0.5]},"gui":{"rotation":[0,0,-45],"translation":[-1.25,1.25,0],"scale":[0.65,0.65,0.65]},"head":{"translation":[0,6,0],"scale":[0,0,0]},"fixed":{"rotation":[0,0,-135],"translation":[-1.25,1.75,-1.75],"scale":[1.99766,1.99766,1.99766]}}}