{"credit":"MadewithBlockbench","texture_size":[40,40],"textures":{"0":"avalanche_set:avalanche_shield","1":"avalanche_set:avalanche_eff_03","2":"avalanche_set:avalanche_eff_02","3":"avalanche_set:avalanche_eff_01_1","particle":"avalanche_set:avalanche_shield"},"elements":[{"from":[7.25,1.93233,7.8],"to":[8.75,9.93233,8.05],"rotation":{"angle":0,"axis":"y","origin":[8,8,8]},"faces":{"north":{"uv":[2.4,8.4,3,11.6],"texture":"#0"},"east":{"uv":[9.2,12,9.3,15.2],"texture":"#0"},"south":{"uv":[3.2,8.4,3.8,11.6],"texture":"#0"},"west":{"uv":[12,11.6,12.1,14.8],"texture":"#0"},"up":{"uv":[3.4,14.1,2.8,14],"texture":"#0"},"down":{"uv":[14.6,2.8,14,2.9],"texture":"#0"}}},{"from":[5.99573,15.50202,8.35],"to":[6.39573,16.75202,8.75],"rotation":{"angle":-45,"axis":"z","origin":[8,8,8]},"faces":{"north":{"uv":[12.8,9.2,13,9.7],"texture":"#0"},"east":{"uv":[11.2,12.8,11.4,13.3],"texture":"#0"},"south":{"uv":[11.6,12.8,11.8,13.3],"texture":"#0"},"west":{"uv":[12.4,12.8,12.6,13.3],"texture":"#0"},"up":{"uv":[14.2,3.4,14,3.2],"texture":"#0"}}},{"from":[11.81679,13.54268,8.25],"to":[12.41679,14.79268,8.85],"rotation":{"angle":0,"axis":"y","origin":[8,8,8]},"faces":{"north":{"uv":[12.8,12.8,13,13.3],"texture":"#0"},"east":{"uv":[0,13.2,0.2,13.7],"texture":"#0"},"south":{"uv":[0.4,13.2,0.6,13.7],"texture":"#0"},"west":{"uv":[0.8,13.2,1,13.7],"texture":"#0"},"up":{"uv":[3.8,14.2,3.6,14],"texture":"#0"}}},{"from":[6.77075,13.46876,8.05],"to":[7.77075,15.46876,9.05],"rotation":{"angle":-45,"axis":"z","origin":[8,8,8]},"faces":{"north":{"uv":[3.2,12,3.6,12.8],"texture":"#0"},"east":{"uv":[12,4,12.4,4.8],"texture":"#0"},"south":{"uv":[4.8,12,5.2,12.8],"texture":"#0"},"west":{"uv":[12,4.8,12.4,5.6],"texture":"#0"},"up":{"uv":[10.8,9.6,10.4,9.2],"texture":"#0"}}},{"from":[8.22925,13.46876,8.05],"to":[9.22925,15.46876,9.05],"rotation":{"angle":45,"axis":"z","origin":[8,8,8]},"faces":{"north":{"uv":[5.2,12,5.6,12.8],"texture":"#0"},"east":{"uv":[5.6,12,6,12.8],"texture":"#0"},"south":{"uv":[12,5.6,12.4,6.4],"texture":"#0"},"west":{"uv":[6,12,6.4,12.8],"texture":"#0"},"up":{"uv":[6.4,11.2,6,10.8],"texture":"#0"}}},{"from":[3.58321,13.54268,8.25],"to":[4.18321,14.79268,8.85],"rotation":{"angle":0,"axis":"y","origin":[8,8,8]},"faces":{"north":{"uv":[1.2,13.2,1.4,13.7],"texture":"#0"},"east":{"uv":[1.6,13.2,1.8,13.7],"texture":"#0"},"south":{"uv":[2,13.2,2.2,13.7],"texture":"#0"},"west":{"uv":[2.4,13.2,2.6,13.7],"texture":"#0"},"up":{"uv":[14.2,3.8,14,3.6],"texture":"#0"}}},{"from":[9.60427,15.50202,8.35],"to":[10.00427,16.75202,8.75],"rotation":{"angle":45,"axis":"z","origin":[8,8,8]},"faces":{"north":{"uv":[2.8,13.2,3,13.7],"texture":"#0"},"east":{"uv":[3.2,13.2,3.4,13.7],"texture":"#0"},"south":{"uv":[13.2,3.2,13.4,3.7],"texture":"#0"},"west":{"uv":[3.6,13.2,3.8,13.7],"texture":"#0"},"up":{"uv":[14.2,4.2,14,4],"texture":"#0"}}},{"from":[8.37859,14.10889,8.35],"to":[9.62859,14.50889,8.75],"rotation":{"angle":-45,"axis":"z","origin":[8,8,8]},"faces":{"north":{"uv":[4,13.2,4.5,13.4],"texture":"#0"},"east":{"uv":[14,4.4,14.2,4.6],"texture":"#0"},"south":{"uv":[13.2,4,13.7,4.2],"texture":"#0"},"up":{"uv":[13.7,4.6,13.2,4.4],"texture":"#0"},"down":{"uv":[13.7,4.8,13.2,5],"texture":"#0"}}},{"from":[11.69089,11.80548,8.25],"to":[12.94089,12.40548,8.85],"rotation":{"angle":0,"axis":"y","origin":[8,8,8]},"faces":{"north":{"uv":[13.2,5.2,13.7,5.4],"texture":"#0"},"east":{"uv":[4.8,14,5,14.2],"texture":"#0"},"south":{"uv":[13.2,5.6,13.7,5.8],"texture":"#0"},"up":{"uv":[13.7,6.2,13.2,6],"texture":"#0"},"down":{"uv":[13.7,6.4,13.2,6.6],"texture":"#0"}}},{"from":[11.74138,7.29009,7.55],"to":[13.74138,9.29009,9.55],"rotation":{"angle":45,"axis":"z","origin":[8,8,8]},"faces":{"north":{"uv":[11.2,1.2,12,2],"texture":"#0"},"east":{"uv":[11.2,2,12,2.8],"texture":"#0"},"south":{"uv":[11.2,2.8,12,3.6],"texture":"#0"},"west":{"uv":[11.2,3.6,12,4.4],"texture":"#0"},"up":{"uv":[12,5.2,11.2,4.4],"texture":"#0"},"down":{"uv":[12,5.2,11.2,6],"texture":"#0"}}},{"from":[2.25862,7.29009,7.55],"to":[4.25862,9.29009,9.55],"rotation":{"angle":-45,"axis":"z","origin":[8,8,8]},"faces":{"north":{"uv":[6,11.2,6.8,12],"texture":"#0"},"east":{"uv":[11.2,6,12,6.8],"texture":"#0"},"south":{"uv":[6.8,11.2,7.6,12],"texture":"#0"},"west":{"uv":[11.2,6.8,12,7.6],"texture":"#0"},"up":{"uv":[8.4,12,7.6,11.2],"texture":"#0"},"down":{"uv":[12,7.6,11.2,8.4],"texture":"#0"}}},{"from":[3.05911,11.80548,8.25],"to":[4.30911,12.40548,8.85],"rotation":{"angle":0,"axis":"y","origin":[8,8,8]},"faces":{"north":{"uv":[13.2,6.8,13.7,7],"texture":"#0"},"south":{"uv":[13.2,7.2,13.7,7.4],"texture":"#0"},"west":{"uv":[14,4.8,14.2,5],"texture":"#0"},"up":{"uv":[13.7,7.8,13.2,7.6],"texture":"#0"},"down":{"uv":[13.7,8,13.2,8.2],"texture":"#0"}}},{"from":[6.37141,14.10889,8.35],"to":[7.62141,14.50889,8.75],"rotation":{"angle":45,"axis":"z","origin":[8,8,8]},"faces":{"north":{"uv":[13.2,8.4,13.7,8.6],"texture":"#0"},"south":{"uv":[13.2,8.8,13.7,9],"texture":"#0"},"west":{"uv":[5.2,14,5.4,14.2],"texture":"#0"},"up":{"uv":[13.7,9.4,13.2,9.2],"texture":"#0"},"down":{"uv":[13.7,9.6,13.2,9.8],"texture":"#0"}}},{"from":[4.88799,8.84333,8.05],"to":[5.88799,11.34333,9.05],"rotation":{"angle":0,"axis":"y","origin":[8,8,8]},"faces":{"north":{"uv":[8.4,11.2,8.8,12.2],"texture":"#0"},"east":{"uv":[3.6,11.6,4,12.6],"texture":"#0"},"south":{"uv":[9.6,11.6,10,12.6],"texture":"#0"},"west":{"uv":[10,11.6,10.4,12.6],"texture":"#0"}}},{"from":[10.11201,8.84333,8.05],"to":[11.11201,11.34333,9.05],"rotation":{"angle":0,"axis":"y","origin":[8,8,8]},"faces":{"north":{"uv":[10.4,11.6,10.8,12.6],"texture":"#0"},"east":{"uv":[10.8,11.6,11.2,12.6],"texture":"#0"},"south":{"uv":[11.2,11.6,11.6,12.6],"texture":"#0"},"west":{"uv":[11.6,11.6,12,12.6],"texture":"#0"}}},{"from":[9.62006,5.91877,7.95],"to":[10.87006,7.16877,9.15],"rotation":{"angle":45,"axis":"z","origin":[8,8,8]},"faces":{"north":{"uv":[12,9.2,12.5,9.7],"texture":"#0"},"east":{"uv":[0,12.4,0.5,12.9],"texture":"#0"},"south":{"uv":[0.8,12.4,1.3,12.9],"texture":"#0"},"west":{"uv":[1.6,12.4,2.1,12.9],"texture":"#0"},"up":{"uv":[4.5,12.9,4,12.4],"texture":"#0"},"down":{"uv":[12.9,4,12.4,4.5],"texture":"#0"}}},{"from":[10.75231,6.92049,8.15],"to":[12.50231,7.72049,8.95],"rotation":{"angle":22.5,"axis":"z","origin":[8,8,8]},"faces":{"north":{"uv":[12.8,0.8,13.5,1.1],"texture":"#0"},"east":{"uv":[12.8,3.6,13.1,3.9],"texture":"#0"},"south":{"uv":[12.8,1.2,13.5,1.5],"texture":"#0"},"up":{"uv":[13.5,1.9,12.8,1.6],"texture":"#0"},"down":{"uv":[13.5,2,12.8,2.3],"texture":"#0"}}},{"from":[11.87829,8.90869,8.25],"to":[12.47829,10.15869,8.85],"rotation":{"angle":0,"axis":"y","origin":[8,8,8]},"faces":{"north":{"uv":[13.2,10,13.4,10.5],"texture":"#0"},"east":{"uv":[13.2,10.8,13.4,11.3],"texture":"#0"},"south":{"uv":[13.2,11.6,13.4,12.1],"texture":"#0"},"west":{"uv":[13.2,12.4,13.4,12.9],"texture":"#0"},"up":{"uv":[14.2,5.4,14,5.2],"texture":"#0"}}},{"from":[5.12994,5.91877,7.95],"to":[6.37994,7.16877,9.15],"rotation":{"angle":-45,"axis":"z","origin":[8,8,8]},"faces":{"north":{"uv":[12.4,4.8,12.9,5.3],"texture":"#0"},"east":{"uv":[12.4,5.6,12.9,6.1],"texture":"#0"},"south":{"uv":[12.4,6.4,12.9,6.9],"texture":"#0"},"west":{"uv":[12.4,7.2,12.9,7.7],"texture":"#0"},"up":{"uv":[12.9,10.5,12.4,10],"texture":"#0"},"down":{"uv":[12.9,10.8,12.4,11.3],"texture":"#0"}}},{"from":[3.49769,6.92049,8.15],"to":[5.24769,7.72049,8.95],"rotation":{"angle":-22.5,"axis":"z","origin":[8,8,8]},"faces":{"north":{"uv":[2.4,12.8,3.1,13.1],"texture":"#0"},"south":{"uv":[12.8,2.4,13.5,2.7],"texture":"#0"},"west":{"uv":[14,2.4,14.3,2.7],"texture":"#0"},"up":{"uv":[13.5,3.1,12.8,2.8],"texture":"#0"},"down":{"uv":[3.9,12.8,3.2,13.1],"texture":"#0"}}},{"from":[3.52171,8.90869,8.25],"to":[4.12171,10.15869,8.85],"rotation":{"angle":0,"axis":"y","origin":[8,8,8]},"faces":{"north":{"uv":[13.2,13.2,13.4,13.7],"texture":"#0"},"east":{"uv":[13.6,0,13.8,0.5],"texture":"#0"},"south":{"uv":[13.6,0.8,13.8,1.3],"texture":"#0"},"west":{"uv":[13.6,1.6,13.8,2.1],"texture":"#0"},"up":{"uv":[5.8,14.2,5.6,14],"texture":"#0"}}},{"from":[4.02171,7.40869,8.25],"to":[4.62171,8.65869,8.85],"rotation":{"angle":0,"axis":"y","origin":[8,8,8]},"faces":{"north":{"uv":[13.6,2.4,13.8,2.9],"texture":"#0"},"east":{"uv":[13.6,3.2,13.8,3.7],"texture":"#0"},"south":{"uv":[4,13.6,4.2,14.1],"texture":"#0"},"west":{"uv":[4.4,13.6,4.6,14.1],"texture":"#0"},"down":{"uv":[14.2,5.6,14,5.8],"texture":"#0"}}},{"from":[4.8688,8.14495,8.35],"to":[5.2688,10.39495,8.75],"rotation":{"angle":45,"axis":"z","origin":[8,8,8]},"faces":{"north":{"uv":[8.4,12.4,8.6,13.3],"texture":"#0"},"east":{"uv":[4.8,12.8,5,13.7],"texture":"#0"},"south":{"uv":[5.2,12.8,5.4,13.7],"texture":"#0"},"west":{"uv":[5.6,12.8,5.8,13.7],"texture":"#0"},"down":{"uv":[6.2,14,6,14.2],"texture":"#0"}}},{"from":[10.7312,8.14495,8.35],"to":[11.1312,10.39495,8.75],"rotation":{"angle":-45,"axis":"z","origin":[8,8,8]},"faces":{"north":{"uv":[6,12.8,6.2,13.7],"texture":"#0"},"east":{"uv":[6.4,12.8,6.6,13.7],"texture":"#0"},"south":{"uv":[6.8,12.8,7,13.7],"texture":"#0"},"west":{"uv":[7.2,12.8,7.4,13.7],"texture":"#0"},"down":{"uv":[14.2,6,14,6.2],"texture":"#0"}}},{"from":[11.37829,7.40869,8.25],"to":[11.97829,8.65869,8.85],"rotation":{"angle":0,"axis":"y","origin":[8,8,8]},"faces":{"north":{"uv":[8.4,13.6,8.6,14.1],"texture":"#0"},"east":{"uv":[13.6,10,13.8,10.5],"texture":"#0"},"south":{"uv":[13.6,10.8,13.8,11.3],"texture":"#0"},"west":{"uv":[11.2,13.6,11.4,14.1],"texture":"#0"},"down":{"uv":[6.6,14,6.4,14.2],"texture":"#0"}}},{"from":[12.46916,6.74205,8.35],"to":[12.86916,7.99205,8.75],"rotation":{"angle":-45,"axis":"z","origin":[8,8,8]},"faces":{"north":{"uv":[11.6,13.6,11.8,14.1],"texture":"#0"},"east":{"uv":[13.6,11.6,13.8,12.1],"texture":"#0"},"south":{"uv":[12.4,13.6,12.6,14.1],"texture":"#0"},"west":{"uv":[13.6,12.4,13.8,12.9],"texture":"#0"},"up":{"uv":[14.2,6.6,14,6.4],"texture":"#0"}}},{"from":[10.27066,1.70032,8.35],"to":[10.67066,3.95032,8.75],"rotation":{"angle":0,"axis":"y","origin":[8,8,8]},"faces":{"north":{"uv":[7.6,12.8,7.8,13.7],"texture":"#0"},"east":{"uv":[8,12.8,8.2,13.7],"texture":"#0"},"south":{"uv":[12.8,8,13,8.9],"texture":"#0"},"west":{"uv":[8.8,12.8,9,13.7],"texture":"#0"},"down":{"uv":[7,14,6.8,14.2],"texture":"#0"}}},{"from":[5.32934,1.70032,8.35],"to":[5.72934,3.95032,8.75],"rotation":{"angle":0,"axis":"y","origin":[8,8,8]},"faces":{"north":{"uv":[9.6,12.8,9.8,13.7],"texture":"#0"},"east":{"uv":[10,12.8,10.2,13.7],"texture":"#0"},"south":{"uv":[10.4,12.8,10.6,13.7],"texture":"#0"},"west":{"uv":[10.8,12.8,11,13.7],"texture":"#0"},"down":{"uv":[14.2,6.8,14,7],"texture":"#0"}}},{"from":[3.13084,6.74205,8.35],"to":[3.53084,7.99205,8.75],"rotation":{"angle":45,"axis":"z","origin":[8,8,8]},"faces":{"north":{"uv":[12.8,13.6,13,14.1],"texture":"#0"},"east":{"uv":[13.6,13.2,13.8,13.7],"texture":"#0"},"south":{"uv":[0,14,0.2,14.5],"texture":"#0"},"west":{"uv":[14,0,14.2,0.5],"texture":"#0"},"up":{"uv":[7.4,14.2,7.2,14],"texture":"#0"}}},{"from":[2.24116,2.24116,7.175],"to":[3.74116,3.74116,9.925],"rotation":{"angle":45,"axis":"z","origin":[8,8,8]},"faces":{"north":{"uv":[12,0,12.6,0.6],"texture":"#0"},"east":{"uv":[7.6,10.4,8.7,11],"texture":"#0"},"south":{"uv":[10.4,11.5,11,10.4],"rotation":270,"texture":"#0"},"west":{"uv":[10.4,8.4,11.5,9],"texture":"#0"},"up":{"uv":[10.2,11.5,9.6,10.4],"texture":"#0"},"down":{"uv":[11,10.4,10.4,11.5],"texture":"#0"}}},{"from":[1.74116,1.74116,7.55],"to":[4.24116,4.24116,9.55],"rotation":{"angle":45,"axis":"z","origin":[8,8,8]},"faces":{"north":{"uv":[4.8,8.4,5.8,9.4],"texture":"#0"},"east":{"uv":[4.8,9.6,5.6,10.6],"texture":"#0"},"south":{"uv":[6,8.4,7,9.4],"texture":"#0"},"west":{"uv":[5.6,9.6,6.4,10.6],"texture":"#0"},"up":{"uv":[7.4,10.4,6.4,9.6],"texture":"#0"},"down":{"uv":[8.6,9.6,7.6,10.4],"texture":"#0"}}},{"from":[9.31223,9.31223,7.175],"to":[10.81223,10.81223,9.925],"rotation":{"angle":45,"axis":"z","origin":[8,8,8]},"faces":{"north":{"uv":[12,2.4,12.6,3],"texture":"#0"},"east":{"uv":[4.8,10.8,5.9,11.4],"texture":"#0"},"south":{"uv":[10.4,8.4,11.5,9],"texture":"#0"},"west":{"uv":[10.8,9.2,11.9,9.8],"texture":"#0"},"up":{"uv":[9.4,11.9,8.8,10.8],"texture":"#0"},"down":{"uv":[11.8,0,11.2,1.1],"texture":"#0"}}},{"from":[8.81223,8.81223,7.55],"to":[11.31223,11.31223,9.55],"rotation":{"angle":45,"axis":"z","origin":[8,8,8]},"faces":{"north":{"uv":[7.2,8.4,8.2,9.4],"texture":"#0"},"east":{"uv":[9.6,8.4,10.4,9.4],"texture":"#0"},"south":{"uv":[8.4,8.4,9.4,9.4],"texture":"#0"},"west":{"uv":[8.8,9.6,9.6,10.6],"texture":"#0"},"up":{"uv":[10.6,10.4,9.6,9.6],"texture":"#0"},"down":{"uv":[7.4,10.4,6.4,11.2],"texture":"#0"}}},{"from":[7.25,11.95933,7.8],"to":[8.75,12.95933,9.3],"rotation":{"angle":0,"axis":"y","origin":[8,8,8]},"faces":{"north":{"uv":[12,8,12.6,8.4],"texture":"#0"},"east":{"uv":[12.4,11.6,13,12],"texture":"#0"},"south":{"uv":[12.4,12,13,12.4],"texture":"#0"},"west":{"uv":[12.4,12.4,13,12.8],"texture":"#0"},"up":{"uv":[12.6,2.2,12,1.6],"texture":"#0"},"down":{"uv":[3,12,2.4,12.6],"texture":"#0"}}},{"from":[6.75,12.95933,7.8],"to":[9.25,13.95933,9.3],"rotation":{"angle":0,"axis":"y","origin":[8,8,8]},"faces":{"north":{"uv":[11.6,8.4,12.6,8.8],"texture":"#0"},"east":{"uv":[12.8,0,13.4,0.4],"texture":"#0"},"south":{"uv":[11.6,8.8,12.6,9.2],"texture":"#0"},"west":{"uv":[12.8,0.4,13.4,0.8],"texture":"#0"},"up":{"uv":[12.2,10.6,11.2,10],"texture":"#0"},"down":{"uv":[12.2,10.8,11.2,11.4],"texture":"#0"}}},{"from":[4.29587,12.4081,8.05],"to":[5.29587,14.4081,9.05],"rotation":{"angle":-45,"axis":"z","origin":[8,8,8]},"faces":{"north":{"uv":[6.4,12,6.8,12.8],"texture":"#0"},"east":{"uv":[12,6.4,12.4,7.2],"texture":"#0"},"south":{"uv":[6.8,12,7.2,12.8],"texture":"#0"},"west":{"uv":[7.2,12,7.6,12.8],"texture":"#0"},"up":{"uv":[11.2,10.4,10.8,10],"texture":"#0"}}},{"from":[9.31679,14.54268,8.25],"to":[9.91679,15.79268,8.85],"rotation":{"angle":0,"axis":"y","origin":[8,8,8]},"faces":{"north":{"uv":[0.4,14,0.6,14.5],"texture":"#0"},"east":{"uv":[0.8,14,1,14.5],"texture":"#0"},"south":{"uv":[14,0.8,14.2,1.3],"texture":"#0"},"west":{"uv":[1.2,14,1.4,14.5],"texture":"#0"},"up":{"uv":[14.2,7.4,14,7.2],"texture":"#0"}}},{"from":[10.70413,12.4081,8.05],"to":[11.70413,14.4081,9.05],"rotation":{"angle":45,"axis":"z","origin":[8,8,8]},"faces":{"north":{"uv":[12,7.2,12.4,8],"texture":"#0"},"east":{"uv":[7.6,12,8,12.8],"texture":"#0"},"south":{"uv":[8,12,8.4,12.8],"texture":"#0"},"west":{"uv":[8.8,12,9.2,12.8],"texture":"#0"},"up":{"uv":[13.2,3.6,12.8,3.2],"texture":"#0"}}},{"from":[6.08321,14.54268,8.25],"to":[6.68321,15.79268,8.85],"rotation":{"angle":0,"axis":"y","origin":[8,8,8]},"faces":{"north":{"uv":[1.6,14,1.8,14.5],"texture":"#0"},"east":{"uv":[14,1.6,14.2,2.1],"texture":"#0"},"south":{"uv":[2,14,2.2,14.5],"texture":"#0"},"west":{"uv":[2.4,14,2.6,14.5],"texture":"#0"},"up":{"uv":[7.8,14.2,7.6,14],"texture":"#0"}}},{"from":[6.5,1.18233,8.05],"to":[9.5,10.68233,9.05],"rotation":{"angle":0,"axis":"y","origin":[8,8,8]},"faces":{"north":{"uv":[0,8.4,1.2,12.2],"texture":"#0"},"east":{"uv":[4,8.4,4.4,12.2],"texture":"#0"},"south":{"uv":[1.2,8.4,2.4,12.2],"texture":"#0"},"west":{"uv":[4.4,8.4,4.8,12.2],"texture":"#0"},"up":{"uv":[3.6,12,2.4,11.6],"texture":"#0"},"down":{"uv":[6,11.6,4.8,12],"texture":"#0"}}},{"from":[1,-2.81767,8.55],"to":[15,17.68232,8.55],"rotation":{"angle":0,"axis":"y","origin":[8,8,8]},"faces":{"north":{"uv":[0,0,5.6,8.2],"texture":"#0"},"east":{"uv":[0,0,0,8.2],"texture":"#0"},"south":{"uv":[5.6,0,11.2,8.2],"texture":"#0"},"west":{"uv":[0,0,0,8.2],"texture":"#0"},"up":{"uv":[5.6,0,0,0],"texture":"#0"},"down":{"uv":[5.6,0,0,0],"texture":"#0"}}},{"from":[4.4,2.33233,7.7],"to":[11.4,9.33233,7.7],"rotation":{"angle":0,"axis":"y","origin":[8,8,8]},"faces":{"north":{"uv":[0,0,16,16],"texture":"#1"},"east":{"uv":[0,0,0,8.2],"texture":"#1"},"south":{"uv":[16,0,0,16],"texture":"#1"},"west":{"uv":[0,0,0,8.2],"texture":"#1"},"up":{"uv":[5.6,0,0,0],"texture":"#1"},"down":{"uv":[5.6,0,0,0],"texture":"#1"}}},{"from":[5.5,8.58233,7.7],"to":[10.5,13.58233,7.7],"rotation":{"angle":0,"axis":"y","origin":[8,8,8]},"faces":{"north":{"uv":[0,0,16,16],"texture":"#2"},"east":{"uv":[0,0,0,8.2],"texture":"#2"},"south":{"uv":[16,0,0,16],"texture":"#2"},"west":{"uv":[0,0,0,8.2],"texture":"#2"},"up":{"uv":[5.6,0,0,0],"texture":"#2"},"down":{"uv":[5.6,0,0,0],"texture":"#2"}}},{"from":[9.5,9.58233,7.45],"to":[14.5,14.58233,7.45],"rotation":{"angle":0,"axis":"y","origin":[8,8,8]},"faces":{"north":{"uv":[0,0,16,16],"texture":"#3"},"east":{"uv":[0,0,0,8.2],"texture":"#3"},"south":{"uv":[16,0,0,16],"texture":"#3"},"west":{"uv":[0,0,0,8.2],"texture":"#3"},"up":{"uv":[5.6,0,0,0],"texture":"#3"},"down":{"uv":[5.6,0,0,0],"texture":"#3"}}},{"from":[3.75,-1.66767,7.45],"to":[8.75,3.33233,7.45],"rotation":{"angle":0,"axis":"y","origin":[8,8,8]},"faces":{"north":{"uv":[0,0,16,16],"texture":"#3"},"east":{"uv":[0,0,0,8.2],"texture":"#3"},"south":{"uv":[16,0,0,16],"texture":"#3"},"west":{"uv":[0,0,0,8.2],"texture":"#3"},"up":{"uv":[5.6,0,0,0],"texture":"#3"},"down":{"uv":[5.6,0,0,0],"texture":"#3"}}}],"gui_light":"front","display":{"thirdperson_righthand":{"rotation":[0,-90,0],"translation":[3.25,0.25,2],"scale":[1.3,1.3,1.3]},"thirdperson_lefthand":{"rotation":[0,-90,0],"translation":[3.25,0.25,2],"scale":[1.3,1.3,1.3]},"firstperson_righthand":{"translation":[0,-0.75,0]},"firstperson_lefthand":{"translation":[0,-0.75,0]},"ground":{"rotation":[67.67,-12.55,-18.61],"translation":[0,0.5,0]},"gui":{"rotation":[0,-180,0],"translation":[0,0.25,0],"scale":[0.80586,0.80586,0.80586]},"head":{"translation":[0,18,0]},"fixed":{"translation":[0,-0.5,-4.5],"scale":[2.24219,2.24219,2.24219]}}}