{"credit":"MadewithBlockbench","textures":{"0":"avalanche_set:avalanche_shovel","1":"avalanche_set:avalanche_eff_02","2":"avalanche_set:avalanche_eff_01_1","particle":"avalanche_set:avalanche_shovel"},"elements":[{"from":[5.51291,15.44498,7.7],"to":[6.76291,16.04498,8.3],"rotation":{"angle":-22.5,"axis":"z","origin":[5.00125,15.21956,8]},"faces":{"north":{"uv":[13.2,10.4,13.4,10.9],"rotation":90,"texture":"#0"},"east":{"uv":[14.6,4.4,14.4,4.6],"rotation":270,"texture":"#0"},"south":{"uv":[11.2,13.2,11.4,13.7],"rotation":270,"texture":"#0"},"up":{"uv":[10.8,13.2,11,13.7],"rotation":270,"texture":"#0"},"down":{"uv":[11.6,13.2,11.8,13.7],"rotation":270,"texture":"#0"}}},{"from":[13.91055,15.54074,7],"to":[15.91055,17.54074,9],"rotation":{"angle":-45,"axis":"z","origin":[8,19,8]},"faces":{"north":{"uv":[10.4,10.4,11.2,11.2],"texture":"#0"},"east":{"uv":[11.2,2.4,12,3.2],"texture":"#0"},"south":{"uv":[11.2,3.2,12,4],"texture":"#0"},"west":{"uv":[11.2,4,12,4.8],"texture":"#0"},"up":{"uv":[12,8.8,11.2,8],"texture":"#0"},"down":{"uv":[12,8.8,11.2,9.6],"texture":"#0"}}},{"from":[14.41055,14.04074,7.5],"to":[16.41055,15.04074,8.5],"rotation":{"angle":-45,"axis":"z","origin":[8,19,8]},"faces":{"north":{"uv":[2.4,12.4,3.2,12.8],"texture":"#0"},"east":{"uv":[13.2,0.4,13.6,0.8],"texture":"#0"},"south":{"uv":[12.4,5.6,13.2,6],"texture":"#0"},"west":{"uv":[0.8,13.2,1.2,13.6],"texture":"#0"},"up":{"uv":[13.2,6.4,12.4,6],"texture":"#0"},"down":{"uv":[13.2,6.4,12.4,6.8],"texture":"#0"}}},{"from":[4.2696,14.47135,7.6],"to":[5.9696,15.27135,8.4],"rotation":{"angle":45,"axis":"z","origin":[5.00125,15.21956,8]},"faces":{"north":{"uv":[8.8,12.8,9.5,13.1],"texture":"#0"},"east":{"uv":[13.6,4.4,13.9,4.7],"texture":"#0"},"south":{"uv":[12.8,8.8,13.5,9.1],"texture":"#0"},"west":{"uv":[2.8,14.4,3.1,14.7],"texture":"#0"},"up":{"uv":[13.5,9.5,12.8,9.2],"texture":"#0"},"down":{"uv":[13.5,9.6,12.8,9.9],"texture":"#0"}}},{"from":[9.23709,15.44498,7.7],"to":[10.48709,16.04498,8.3],"rotation":{"angle":22.5,"axis":"z","origin":[10.99875,15.21956,8]},"faces":{"north":{"uv":[13.2,10.9,13.4,10.4],"rotation":90,"texture":"#0"},"south":{"uv":[11.2,13.7,11.4,13.2],"rotation":270,"texture":"#0"},"west":{"uv":[14.6,4.6,14.4,4.4],"rotation":270,"texture":"#0"},"up":{"uv":[10.8,13.7,11,13.2],"rotation":270,"texture":"#0"},"down":{"uv":[11.6,13.7,11.8,13.2],"rotation":270,"texture":"#0"}}},{"from":[10.0304,14.47135,7.6],"to":[11.7304,15.27135,8.4],"rotation":{"angle":-45,"axis":"z","origin":[10.99875,15.21956,8]},"faces":{"north":{"uv":[9.5,12.8,8.8,13.1],"texture":"#0"},"east":{"uv":[3.1,14.4,2.8,14.7],"texture":"#0"},"south":{"uv":[13.5,8.8,12.8,9.1],"texture":"#0"},"west":{"uv":[13.9,4.4,13.6,4.7],"texture":"#0"},"up":{"uv":[12.8,9.5,13.5,9.2],"texture":"#0"},"down":{"uv":[12.8,9.6,13.5,9.9],"texture":"#0"}}},{"from":[9.81679,8.88965,7.7],"to":[10.41679,10.13965,8.3],"rotation":{"angle":0,"axis":"y","origin":[7,19.75,8]},"faces":{"north":{"uv":[0.8,13.6,1,14.1],"texture":"#0"},"east":{"uv":[13.6,0.8,13.8,1.3],"texture":"#0"},"south":{"uv":[1.2,13.6,1.4,14.1],"texture":"#0"},"west":{"uv":[1.6,13.6,1.8,14.1],"texture":"#0"},"down":{"uv":[5.4,14.4,5.2,14.6],"texture":"#0"}}},{"from":[5.58321,8.88965,7.7],"to":[6.18321,10.13965,8.3],"rotation":{"angle":0,"axis":"y","origin":[9,19.75,8]},"faces":{"north":{"uv":[1,13.6,0.8,14.1],"texture":"#0"},"east":{"uv":[1.8,13.6,1.6,14.1],"texture":"#0"},"south":{"uv":[1.4,13.6,1.2,14.1],"texture":"#0"},"west":{"uv":[13.8,0.8,13.6,1.3],"texture":"#0"},"down":{"uv":[5.2,14.4,5.4,14.6],"texture":"#0"}}},{"from":[-0.41055,14.04074,7.5],"to":[1.58945,15.04074,8.5],"rotation":{"angle":45,"axis":"z","origin":[8,19,8]},"faces":{"north":{"uv":[3.2,12.4,2.4,12.8],"texture":"#0"},"east":{"uv":[1.2,13.2,0.8,13.6],"texture":"#0"},"south":{"uv":[13.2,5.6,12.4,6],"texture":"#0"},"west":{"uv":[13.6,0.4,13.2,0.8],"texture":"#0"},"up":{"uv":[12.4,6.4,13.2,6],"texture":"#0"},"down":{"uv":[12.4,6.4,13.2,6.8],"texture":"#0"}}},{"from":[0.08945,15.54074,7],"to":[2.08945,17.54074,9],"rotation":{"angle":45,"axis":"z","origin":[8,19,8]},"faces":{"north":{"uv":[11.2,10.4,10.4,11.2],"texture":"#0"},"east":{"uv":[12,4,11.2,4.8],"texture":"#0"},"south":{"uv":[12,3.2,11.2,4],"texture":"#0"},"west":{"uv":[12,2.4,11.2,3.2],"texture":"#0"},"up":{"uv":[11.2,8.8,12,8],"texture":"#0"},"down":{"uv":[11.2,8.8,12,9.6],"texture":"#0"}}},{"from":[17.17119,-6.68766,7.8],"to":[17.57119,-5.43766,8.2],"rotation":{"angle":-45,"axis":"z","origin":[6.25,-0.25,8]},"faces":{"north":{"uv":[13.6,2.8,13.8,3.3],"texture":"#0"},"east":{"uv":[3.2,13.6,3.4,14.1],"texture":"#0"},"south":{"uv":[3.6,13.6,3.8,14.1],"texture":"#0"},"west":{"uv":[13.6,3.6,13.8,4.1],"texture":"#0"},"up":{"uv":[5.8,14.6,5.6,14.4],"texture":"#0"},"down":{"uv":[14.6,5.6,14.4,5.8],"texture":"#0"}}},{"from":[0.66234,-11.17119,7.8],"to":[1.06234,-9.92119,8.2],"rotation":{"angle":45,"axis":"z","origin":[6.25,-0.25,8]},"faces":{"north":{"uv":[13.6,1.6,13.8,2.1],"texture":"#0"},"east":{"uv":[2,13.6,2.2,14.1],"texture":"#0"},"south":{"uv":[2.4,13.6,2.6,14.1],"texture":"#0"},"west":{"uv":[2.8,13.6,3,14.1],"texture":"#0"},"down":{"uv":[14.6,5.2,14.4,5.4],"texture":"#0"}}},{"from":[9.06679,-11.11035,7.7],"to":[9.66679,-9.86035,8.3],"rotation":{"angle":0,"axis":"y","origin":[6.25,-0.25,8]},"faces":{"north":{"uv":[0.8,13.6,1,14.1],"texture":"#0"},"east":{"uv":[13.6,0.8,13.8,1.3],"texture":"#0"},"south":{"uv":[1.2,13.6,1.4,14.1],"texture":"#0"},"west":{"uv":[1.6,13.6,1.8,14.1],"texture":"#0"},"down":{"uv":[5.4,14.4,5.2,14.6],"texture":"#0"}}},{"from":[13.66055,-5.95926,7.5],"to":[15.66055,-4.95926,8.5],"rotation":{"angle":-45,"axis":"z","origin":[7.25,-1,8]},"faces":{"north":{"uv":[2.4,12.4,3.2,12.8],"texture":"#0"},"east":{"uv":[13.2,0.4,13.6,0.8],"texture":"#0"},"south":{"uv":[12.4,5.6,13.2,6],"texture":"#0"},"west":{"uv":[0.8,13.2,1.2,13.6],"texture":"#0"},"up":{"uv":[13.2,6.4,12.4,6],"texture":"#0"},"down":{"uv":[13.2,6.4,12.4,6.8],"texture":"#0"}}},{"from":[6.33321,-11.11035,7.7],"to":[6.93321,-9.86035,8.3],"rotation":{"angle":0,"axis":"y","origin":[9.75,-0.25,8]},"faces":{"north":{"uv":[1,13.6,0.8,14.1],"texture":"#0"},"east":{"uv":[1.8,13.6,1.6,14.1],"texture":"#0"},"south":{"uv":[1.4,13.6,1.2,14.1],"texture":"#0"},"west":{"uv":[13.8,0.8,13.6,1.3],"texture":"#0"},"down":{"uv":[5.2,14.4,5.4,14.6],"texture":"#0"}}},{"from":[0.33945,-5.95926,7.5],"to":[2.33945,-4.95926,8.5],"rotation":{"angle":45,"axis":"z","origin":[8.75,-1,8]},"faces":{"north":{"uv":[3.2,12.4,2.4,12.8],"texture":"#0"},"east":{"uv":[1.2,13.2,0.8,13.6],"texture":"#0"},"south":{"uv":[13.2,5.6,12.4,6],"texture":"#0"},"west":{"uv":[13.6,0.4,13.2,0.8],"texture":"#0"},"up":{"uv":[12.4,6.4,13.2,6],"texture":"#0"},"down":{"uv":[12.4,6.4,13.2,6.8],"texture":"#0"}}},{"from":[14.93766,-11.17119,7.8],"to":[15.33766,-9.92119,8.2],"rotation":{"angle":-45,"axis":"z","origin":[9.75,-0.25,8]},"faces":{"north":{"uv":[13.8,1.6,13.6,2.1],"texture":"#0"},"east":{"uv":[3,13.6,2.8,14.1],"texture":"#0"},"south":{"uv":[2.6,13.6,2.4,14.1],"texture":"#0"},"west":{"uv":[2.2,13.6,2,14.1],"texture":"#0"},"down":{"uv":[14.4,5.2,14.6,5.4],"texture":"#0"}}},{"from":[-1.57119,-6.68766,7.8],"to":[-1.17119,-5.43766,8.2],"rotation":{"angle":45,"axis":"z","origin":[9.75,-0.25,8]},"faces":{"north":{"uv":[13.8,2.8,13.6,3.3],"texture":"#0"},"east":{"uv":[13.8,3.6,13.6,4.1],"texture":"#0"},"south":{"uv":[3.8,13.6,3.6,14.1],"texture":"#0"},"west":{"uv":[3.4,13.6,3.2,14.1],"texture":"#0"},"up":{"uv":[5.6,14.6,5.8,14.4],"texture":"#0"},"down":{"uv":[14.4,5.6,14.6,5.8],"texture":"#0"}}},{"from":[5,7.923,8],"to":[11,13.923,8],"rotation":{"angle":0,"axis":"y","origin":[8,12.923,8]},"faces":{"north":{"uv":[0,0,16,16],"texture":"#1"},"east":{"uv":[5.2,12.8,5.8,13.2],"texture":"#1"},"south":{"uv":[16,0,0,16],"texture":"#1"},"west":{"uv":[6,12.8,6.6,13.2],"texture":"#1"},"up":{"uv":[12.6,2.2,11.6,1.6],"texture":"#1"},"down":{"uv":[12.6,4.8,11.6,5.4],"texture":"#1"}}},{"from":[7.5,-8.027,7.5],"to":[8.5,11.973,8.5],"rotation":{"angle":0,"axis":"y","origin":[8,10,8]},"faces":{"north":{"uv":[9.6,0,10,8],"texture":"#0"},"east":{"uv":[9.6,8,10,16],"texture":"#0"},"south":{"uv":[10,0,10.4,8],"texture":"#0"},"west":{"uv":[10,8,10.4,16],"texture":"#0"},"up":{"uv":[13.2,12,12.8,11.6],"texture":"#0"},"down":{"uv":[12.4,12.8,12,13.2],"texture":"#0"}}},{"from":[-4.0135,7.9865,8],"to":[20.0135,22.9865,8],"rotation":{"angle":0,"axis":"y","origin":[8,15.4865,8]},"faces":{"north":{"uv":[0,0,9.6,6],"texture":"#0"},"east":{"uv":[0,0,0,6],"texture":"#0"},"south":{"uv":[0,6,9.6,12],"texture":"#0"},"west":{"uv":[0,0,0,6],"texture":"#0"},"up":{"uv":[9.6,0,0,0],"texture":"#0"},"down":{"uv":[9.6,0,0,0],"texture":"#0"}}},{"from":[7.25,9.973,7.25],"to":[8.75,10.973,8.75],"rotation":{"angle":0,"axis":"y","origin":[8,11.473,8]},"faces":{"north":{"uv":[0.4,12.8,1,13.2],"texture":"#0"},"east":{"uv":[12.8,0.8,13.4,1.2],"texture":"#0"},"south":{"uv":[1.2,12.8,1.8,13.2],"texture":"#0"},"west":{"uv":[12.8,1.2,13.4,1.6],"texture":"#0"},"up":{"uv":[12.6,3.4,12,2.8],"texture":"#0"},"down":{"uv":[4.2,12,3.6,12.6],"texture":"#0"}}},{"from":[7.25,-7.027,7.25],"to":[8.75,-6.027,8.75],"rotation":{"angle":0,"axis":"y","origin":[8,-7.527,8]},"faces":{"north":{"uv":[12.8,3.2,13.4,3.6],"texture":"#0"},"east":{"uv":[3.6,12.8,4.2,13.2],"texture":"#0"},"south":{"uv":[12.8,3.6,13.4,4],"texture":"#0"},"west":{"uv":[12.8,4,13.4,4.4],"texture":"#0"},"up":{"uv":[5.8,12.6,5.2,12],"texture":"#0"},"down":{"uv":[6.6,12,6,12.6],"texture":"#0"}}},{"from":[6.75,12.7659,7],"to":[9.25,15.2659,9],"rotation":{"angle":45,"axis":"z","origin":[8,14.0159,8]},"faces":{"north":{"uv":[10.4,0,11.4,1],"texture":"#0"},"east":{"uv":[10.4,2.4,11.2,3.4],"texture":"#0"},"south":{"uv":[10.4,1.2,11.4,2.2],"texture":"#0"},"west":{"uv":[10.4,3.6,11.2,4.6],"texture":"#0"},"up":{"uv":[11.4,5.6,10.4,4.8],"texture":"#0"},"down":{"uv":[11.4,5.6,10.4,6.4],"texture":"#0"}}},{"from":[11.4814,15.0186,6.625],"to":[12.9814,16.5186,9.375],"rotation":{"angle":-45,"axis":"z","origin":[8,20,8]},"faces":{"north":{"uv":[6.8,12,7.4,12.6],"texture":"#0"},"east":{"uv":[10.4,6.4,11.5,7],"texture":"#0"},"south":{"uv":[7.6,12,8.2,12.6],"texture":"#0"},"west":{"uv":[10.4,7.2,11.5,7.8],"texture":"#0"},"up":{"uv":[11,9.1,10.4,8],"texture":"#0"},"down":{"uv":[11,9.2,10.4,10.3],"texture":"#0"}}},{"from":[21.13089,-5.88089,7.5],"to":[22.88089,-4.13089,8.5],"rotation":{"angle":-45,"axis":"z","origin":[8,9,8]},"faces":{"north":{"uv":[11.6,5.6,12.3,6.3],"texture":"#0"},"east":{"uv":[3.2,12.4,3.6,13.1],"texture":"#0"},"south":{"uv":[11.6,6.4,12.3,7.1],"texture":"#0"},"west":{"uv":[12.4,11.2,12.8,11.9],"texture":"#0"},"up":{"uv":[13.1,12.4,12.4,12],"texture":"#0"},"down":{"uv":[13.1,12.4,12.4,12.8],"texture":"#0"}}},{"from":[21.48947,-5.48947,7.25],"to":[22.48947,-4.48947,8.75],"rotation":{"angle":-45,"axis":"z","origin":[8,9,8]},"faces":{"north":{"uv":[12.4,12.8,12.8,13.2],"texture":"#0"},"east":{"uv":[4.4,12.8,5,13.2],"texture":"#0"},"south":{"uv":[12.8,12.8,13.2,13.2],"texture":"#0"},"west":{"uv":[12.8,4.4,13.4,4.8],"texture":"#0"},"up":{"uv":[3.2,13.4,2.8,12.8],"texture":"#0"},"down":{"uv":[13.2,4.8,12.8,5.4],"texture":"#0"}}},{"from":[7.25,-7.777,7.25],"to":[8.75,-7.277,8.75],"rotation":{"angle":0,"axis":"y","origin":[8,1,8]},"faces":{"north":{"uv":[2,13.2,2.6,13.4],"texture":"#0"},"east":{"uv":[13.2,2.4,13.8,2.6],"texture":"#0"},"south":{"uv":[3.2,13.2,3.8,13.4],"texture":"#0"},"west":{"uv":[4,13.2,4.6,13.4],"texture":"#0"},"up":{"uv":[12.6,8.6,12,8],"texture":"#0"},"down":{"uv":[9,12,8.4,12.6],"texture":"#0"}}},{"from":[7.25,11.223,7.25],"to":[8.75,11.723,8.75],"rotation":{"angle":0,"axis":"y","origin":[8,20,8]},"faces":{"north":{"uv":[2,13.2,2.6,13.4],"texture":"#0"},"east":{"uv":[13.2,2.4,13.8,2.6],"texture":"#0"},"south":{"uv":[3.2,13.2,3.8,13.4],"texture":"#0"},"west":{"uv":[4,13.2,4.6,13.4],"texture":"#0"},"up":{"uv":[12.6,8.6,12,8],"texture":"#0"},"down":{"uv":[9,12,8.4,12.6],"texture":"#0"}}},{"from":[7.25,11.973,7.25],"to":[8.75,12.973,8.75],"rotation":{"angle":0,"axis":"y","origin":[8,11.473,8]},"faces":{"north":{"uv":[12.8,3.2,13.4,3.6],"texture":"#0"},"east":{"uv":[3.6,12.8,4.2,13.2],"texture":"#0"},"south":{"uv":[12.8,3.6,13.4,4],"texture":"#0"},"west":{"uv":[12.8,4,13.4,4.4],"texture":"#0"},"up":{"uv":[5.8,12.6,5.2,12],"texture":"#0"},"down":{"uv":[6.6,12,6,12.6],"texture":"#0"}}},{"from":[6.75,-9.027,7.25],"to":[9.25,-8.027,8.75],"rotation":{"angle":0,"axis":"y","origin":[8,10,8]},"faces":{"north":{"uv":[2.4,12,3.4,12.4],"texture":"#0"},"east":{"uv":[5.2,12.8,5.8,13.2],"texture":"#0"},"south":{"uv":[12,2.4,13,2.8],"texture":"#0"},"west":{"uv":[6,12.8,6.6,13.2],"texture":"#0"},"up":{"uv":[12.6,2.2,11.6,1.6],"texture":"#0"},"down":{"uv":[12.6,4.8,11.6,5.4],"texture":"#0"}}},{"from":[6,-15.027,8],"to":[10,-11.027,8],"rotation":{"angle":0,"axis":"y","origin":[8.25,7,8.75]},"faces":{"north":{"uv":[0,0,16,16],"texture":"#1"},"east":{"uv":[5.2,12.8,5.8,13.2],"texture":"#1"},"south":{"uv":[16,0,0,16],"texture":"#1"},"west":{"uv":[6,12.8,6.6,13.2],"texture":"#1"},"up":{"uv":[12.6,2.2,11.6,1.6],"texture":"#1"},"down":{"uv":[12.6,4.8,11.6,5.4],"texture":"#1"}}},{"from":[9.65,11.123,9],"to":[13.65,15.123,9],"rotation":{"angle":0,"axis":"y","origin":[11.9,33.15,9.75]},"faces":{"north":{"uv":[0,0,16,16],"texture":"#2"},"east":{"uv":[5.2,12.8,5.8,13.2],"texture":"#2"},"south":{"uv":[16,0,0,16],"texture":"#2"},"west":{"uv":[6,12.8,6.6,13.2],"texture":"#2"},"up":{"uv":[12.6,2.2,11.6,1.6],"texture":"#2"},"down":{"uv":[12.6,4.8,11.6,5.4],"texture":"#2"}}},{"from":[3.5,19.023,6.9],"to":[7.5,23.023,6.9],"rotation":{"angle":0,"axis":"y","origin":[5.5,21.023,6.9]},"faces":{"north":{"uv":[0,0,16,16],"texture":"#2"},"east":{"uv":[5.2,12.8,5.8,13.2],"texture":"#2"},"south":{"uv":[16,0,0,16],"texture":"#2"},"west":{"uv":[6,12.8,6.6,13.2],"texture":"#2"},"up":{"uv":[12.6,2.2,11.6,1.6],"texture":"#2"},"down":{"uv":[12.6,4.8,11.6,5.4],"texture":"#2"}}},{"from":[7.75,-11.727,7.4],"to":[11.75,-7.727,7.4],"rotation":{"angle":0,"axis":"y","origin":[10,10.3,8.15]},"faces":{"north":{"uv":[0,0,16,16],"texture":"#2"},"east":{"uv":[5.2,12.8,5.8,13.2],"texture":"#2"},"south":{"uv":[16,0,0,16],"texture":"#2"},"west":{"uv":[6,12.8,6.6,13.2],"texture":"#2"},"up":{"uv":[12.6,2.2,11.6,1.6],"texture":"#2"},"down":{"uv":[12.6,4.8,11.6,5.4],"texture":"#2"}}}],"gui_light":"front","display":{"thirdperson_righthand":{"rotation":[0,90,0],"translation":[0,6.75,1]},"thirdperson_lefthand":{"scale":[0,0,0]},"firstperson_righthand":{"rotation":[-3.5,85,0],"translation":[1,3.5,1.5],"scale":[0.74258,0.74258,0.74258]},"firstperson_lefthand":{"rotation":[-3.5,85,0],"translation":[1,3.5,1.5],"scale":[0.74258,0.74258,0.74258]},"ground":{"translation":[0,10,0],"scale":[0.6,0.6,0.6]},"gui":{"rotation":[0,-180,45],"translation":[1,1,0],"scale":[0.50313,0.50313,0.50313]},"head":{"scale":[0,0,0]},"fixed":{"rotation":[0,0,45],"translation":[-2.25,2.25,-1.5],"scale":[1.48711,1.48711,1.48711]}}}