{"credit":"MadewithBlockbench","textures":{"0":"avalanche_set:avalanche_wings_1","1":"avalanche_set:avalanche_eff_01_1","2":"avalanche_set:avalanche_eff_02","3":"avalanche_set:avalanche_wings_2"},"elements":[{"from":[9.25184,11.50513,7.925],"to":[9.65184,12.75513,8.325],"rotation":{"angle":45,"axis":"z","origin":[8,8,8]},"faces":{"north":{"uv":[14.5,0,14,1.25],"texture":"#3","tintindex":0},"east":{"uv":[14.5,6,14,7.25],"texture":"#3","tintindex":0},"south":{"uv":[14.5,4,14,5.25],"texture":"#3","tintindex":0},"west":{"uv":[14.5,2,14,3.25],"texture":"#3","tintindex":0},"up":{"uv":[15,1.5,15.5,1],"texture":"#3","tintindex":0},"down":{"uv":[2,15,2.5,15.5],"texture":"#3","tintindex":0}}},{"from":[4.2412,7.77673,7.125],"to":[6.2412,9.77673,9.125],"rotation":{"angle":45,"axis":"z","origin":[8,8,8]},"faces":{"north":{"uv":[7,4,5,6],"texture":"#3","tintindex":0},"east":{"uv":[6,6,4,8],"texture":"#3","tintindex":0},"south":{"uv":[4,6,2,8],"texture":"#3","tintindex":0},"west":{"uv":[2,6,0,8],"texture":"#3","tintindex":0},"up":{"uv":[6,8,8,6],"texture":"#3","tintindex":0},"down":{"uv":[7,4,9,6],"texture":"#3","tintindex":0}}},{"from":[2.11988,6.40541,7.525],"to":[3.36988,7.65541,8.725],"rotation":{"angle":45,"axis":"z","origin":[8,8,8]},"faces":{"north":{"uv":[11.25,0,10,1.25],"texture":"#3","tintindex":0},"east":{"uv":[12,5,11,6.25],"texture":"#3","tintindex":0},"south":{"uv":[2.25,10,1,11.25],"texture":"#3","tintindex":0},"west":{"uv":[8,10,7,11.25],"texture":"#3","tintindex":0},"up":{"uv":[11,8,12.25,7],"texture":"#3","tintindex":0},"down":{"uv":[8,11,9.25,12],"texture":"#3","tintindex":0}}},{"from":[4.4912,9.77673,7.375],"to":[5.9912,11.52673,8.875],"rotation":{"angle":45,"axis":"z","origin":[8,8,8]},"faces":{"north":{"uv":[1.5,8,0,9.75],"texture":"#3","tintindex":0},"east":{"uv":[9.5,2,8,3.75],"texture":"#3","tintindex":0},"south":{"uv":[3.5,8,2,9.75],"texture":"#3","tintindex":0},"west":{"uv":[9.5,0,8,1.75],"texture":"#3","tintindex":0},"up":{"uv":[9,5.5,10.5,4],"texture":"#3","tintindex":0}}},{"from":[4.86989,5.96858,7.625],"to":[5.86989,7.96858,8.625],"rotation":{"angle":-45,"axis":"z","origin":[8,8,8]},"faces":{"north":{"uv":[8,8,7,10],"texture":"#3","tintindex":0},"east":{"uv":[1,10,0,12],"texture":"#3","tintindex":0},"south":{"uv":[10,8,9,10],"texture":"#3","tintindex":0},"west":{"uv":[9,9,8,11],"texture":"#3","tintindex":0},"up":{"uv":[12,9,13,8],"texture":"#3","tintindex":0}}},{"from":[-8.88553,-0.616,8.125],"to":[7.11447,15.384,8.125],"rotation":{"angle":0,"axis":"z","origin":[8,8,8]},"faces":{"north":{"uv":[16,0,0,16],"texture":"#0","tintindex":0},"south":{"uv":[0,0,16,16],"texture":"#0","tintindex":0}}},{"from":[-1.63553,10.384,7.875],"to":[4.36447,16.384,7.875],"rotation":{"angle":0,"axis":"z","origin":[8,8,8]},"faces":{"north":{"uv":[16,0,0,16],"texture":"#2","tintindex":0},"south":{"uv":[0,0,16,16],"texture":"#2","tintindex":0}}},{"from":[-0.38553,1.884,7.875],"to":[1.61447,3.884,7.875],"rotation":{"angle":0,"axis":"z","origin":[8,8,8]},"faces":{"north":{"uv":[16,0,0,16],"texture":"#1","tintindex":0},"south":{"uv":[0,0,16,16],"texture":"#1","tintindex":0}}},{"from":[-7.88553,12.634,7.875],"to":[-4.88553,15.634,7.875],"rotation":{"angle":0,"axis":"z","origin":[8,8,8]},"faces":{"north":{"uv":[16,0,0,16],"texture":"#1","cullface":"west","tintindex":0},"south":{"uv":[0,0,16,16],"texture":"#1","cullface":"west","tintindex":0}}},{"from":[4.46447,3.884,7.625],"to":[5.46447,6.384,8.625],"rotation":{"angle":0,"axis":"z","origin":[8,8,8]},"faces":{"north":{"uv":[5,8,4,10.5],"texture":"#3","tintindex":0},"east":{"uv":[9,6,8,8.5],"texture":"#3","tintindex":0},"south":{"uv":[7,8,6,10.5],"texture":"#3","tintindex":0},"west":{"uv":[6,8,5,10.5],"texture":"#3","tintindex":0}}},{"from":[3.63682,4.49989,7.725],"to":[5.38682,5.29989,8.525],"rotation":{"angle":22.5,"axis":"z","origin":[8,8,8]},"faces":{"north":{"uv":[10.75,10,9,10.75],"texture":"#3","tintindex":0},"east":{"uv":[8.75,14,8,14.75],"texture":"#3","tintindex":0},"south":{"uv":[4.75,11,3,11.75],"texture":"#3","tintindex":0},"up":{"uv":[11,4.75,12.75,4],"texture":"#3","tintindex":0},"down":{"uv":[5,11,6.75,11.75],"texture":"#3","tintindex":0}}},{"from":[5.73075,2.44936,7.825],"to":[6.33075,3.69936,8.425],"rotation":{"angle":0,"axis":"z","origin":[8,8,8]},"faces":{"north":{"uv":[12.5,9,12,10.25],"texture":"#3","tintindex":0},"east":{"uv":[0.5,13,0,14.25],"texture":"#3","tintindex":0},"south":{"uv":[12.5,11,12,12.25],"texture":"#3","tintindex":0},"west":{"uv":[11.5,12,11,13.25],"texture":"#3","tintindex":0},"down":{"uv":[14,12,14.5,12.5],"texture":"#3","tintindex":0}}},{"from":[6.23075,3.94936,7.825],"to":[6.83075,5.19936,8.425],"rotation":{"angle":0,"axis":"z","origin":[8,8,8]},"faces":{"north":{"uv":[1.5,13,1,14.25],"texture":"#3","tintindex":0},"east":{"uv":[5.5,13,5,14.25],"texture":"#3","tintindex":0},"south":{"uv":[13.5,3,13,4.25],"texture":"#3","tintindex":0},"west":{"uv":[13.5,1,13,2.25],"texture":"#3","tintindex":0},"up":{"uv":[13,14.5,13.5,14],"texture":"#3","tintindex":0}}},{"from":[10.24456,0.64477,7.925],"to":[10.64456,2.89477,8.325],"rotation":{"angle":-45,"axis":"z","origin":[8,8,8]},"faces":{"north":{"uv":[12.5,1,12,3.25],"texture":"#3","tintindex":0},"east":{"uv":[4.5,12,4,14.25],"texture":"#3","tintindex":0},"south":{"uv":[3.5,12,3,14.25],"texture":"#3","tintindex":0},"west":{"uv":[2.5,12,2,14.25],"texture":"#3","tintindex":0},"down":{"uv":[11,14,11.5,14.5],"texture":"#3","tintindex":0}}},{"from":[5.16925,9.58335,7.825],"to":[5.76925,10.83335,8.425],"rotation":{"angle":0,"axis":"z","origin":[8,8,8]},"faces":{"north":{"uv":[6.5,13,6,14.25],"texture":"#3","tintindex":0},"east":{"uv":[9.5,13,9,14.25],"texture":"#3","tintindex":0},"south":{"uv":[13.5,8,13,9.25],"texture":"#3","tintindex":0},"west":{"uv":[13.5,6,13,7.25],"texture":"#3","tintindex":0},"up":{"uv":[14,14.5,14.5,14],"texture":"#3","tintindex":0}}},{"from":[4.09487,8.00184,7.925],"to":[4.49487,9.25184,8.325],"rotation":{"angle":-45,"axis":"z","origin":[8,8,8]},"faces":{"north":{"uv":[10.5,13,10,14.25],"texture":"#3","tintindex":0},"east":{"uv":[13.5,12,13,13.25],"texture":"#3","tintindex":0},"south":{"uv":[12.5,13,12,14.25],"texture":"#3","tintindex":0},"west":{"uv":[13.5,10,13,11.25],"texture":"#3","tintindex":0},"up":{"uv":[15,0.5,15.5,0],"texture":"#3","tintindex":0}}},{"from":[6.34816,11.50513,7.925],"to":[6.74816,12.75513,8.325],"rotation":{"angle":-45,"axis":"z","origin":[8,8,8]},"faces":{"north":{"uv":[14,0,14.5,1.25],"texture":"#3","tintindex":0},"east":{"uv":[14,2,14.5,3.25],"texture":"#3","tintindex":0},"south":{"uv":[14,4,14.5,5.25],"texture":"#3","tintindex":0},"west":{"uv":[14,6,14.5,7.25],"texture":"#3","tintindex":0},"up":{"uv":[15.5,1.5,15,1],"texture":"#3","tintindex":0},"down":{"uv":[2.5,15,2,15.5],"texture":"#3","tintindex":0}}},{"from":[9.7588,7.77673,7.125],"to":[11.7588,9.77673,9.125],"rotation":{"angle":-45,"axis":"z","origin":[8,8,8]},"faces":{"north":{"uv":[5,4,7,6],"texture":"#3","tintindex":0},"east":{"uv":[0,6,2,8],"texture":"#3","tintindex":0},"south":{"uv":[2,6,4,8],"texture":"#3","tintindex":0},"west":{"uv":[4,6,6,8],"texture":"#3","tintindex":0},"up":{"uv":[8,8,6,6],"texture":"#3","tintindex":0},"down":{"uv":[9,4,7,6],"texture":"#3","tintindex":0}}},{"from":[12.63012,6.40541,7.525],"to":[13.88012,7.65541,8.725],"rotation":{"angle":-45,"axis":"z","origin":[8,8,8]},"faces":{"north":{"uv":[10,0,11.25,1.25],"texture":"#3","tintindex":0},"east":{"uv":[7,10,8,11.25],"texture":"#3","tintindex":0},"south":{"uv":[1,10,2.25,11.25],"texture":"#3","tintindex":0},"west":{"uv":[11,5,12,6.25],"texture":"#3","tintindex":0},"up":{"uv":[12.25,8,11,7],"texture":"#3","tintindex":0},"down":{"uv":[9.25,11,8,12],"texture":"#3","tintindex":0}}},{"from":[10.0088,9.77673,7.375],"to":[11.5088,11.52673,8.875],"rotation":{"angle":-45,"axis":"z","origin":[8,8,8]},"faces":{"north":{"uv":[0,8,1.5,9.75],"texture":"#3","tintindex":0},"east":{"uv":[8,0,9.5,1.75],"texture":"#3","tintindex":0},"south":{"uv":[2,8,3.5,9.75],"texture":"#3","tintindex":0},"west":{"uv":[8,2,9.5,3.75],"texture":"#3","tintindex":0},"up":{"uv":[10.5,5.5,9,4],"texture":"#3","tintindex":0}}},{"from":[10.13011,5.96858,7.625],"to":[11.13011,7.96858,8.625],"rotation":{"angle":45,"axis":"z","origin":[8,8,8]},"faces":{"north":{"uv":[7,8,8,10],"texture":"#3","tintindex":0},"east":{"uv":[8,9,9,11],"texture":"#3","tintindex":0},"south":{"uv":[9,8,10,10],"texture":"#3","tintindex":0},"west":{"uv":[0,10,1,12],"texture":"#3","tintindex":0},"up":{"uv":[13,9,12,8],"texture":"#3","tintindex":0}}},{"from":[8.88553,-0.616,8.125],"to":[24.88553,15.384,8.125],"rotation":{"angle":0,"axis":"z","origin":[16.88553,7.384,8.125]},"faces":{"north":{"uv":[0,0,16,16],"texture":"#0","tintindex":0},"south":{"uv":[16,0,0,16],"texture":"#0","tintindex":0}}},{"from":[11.63553,10.384,7.875],"to":[17.63553,16.384,7.875],"rotation":{"angle":0,"axis":"z","origin":[8,8,8]},"faces":{"north":{"uv":[0,0,16,16],"texture":"#2","tintindex":0},"south":{"uv":[16,0,0,16],"texture":"#2","tintindex":0}}},{"from":[14.38553,1.884,7.875],"to":[16.38553,3.884,7.875],"rotation":{"angle":0,"axis":"z","origin":[8,8,8]},"faces":{"north":{"uv":[0,0,16,16],"texture":"#1","tintindex":0},"south":{"uv":[16,0,0,16],"texture":"#1","tintindex":0}}},{"from":[20.88553,12.634,7.875],"to":[23.88553,15.634,7.875],"rotation":{"angle":0,"axis":"z","origin":[8,8,8]},"faces":{"north":{"uv":[0,0,16,16],"texture":"#1","cullface":"east","tintindex":0},"south":{"uv":[16,0,0,16],"texture":"#1","cullface":"east","tintindex":0}}},{"from":[10.53553,3.884,7.625],"to":[11.53553,6.384,8.625],"rotation":{"angle":0,"axis":"z","origin":[8,8,8]},"faces":{"north":{"uv":[4,8,5,10.5],"texture":"#3","tintindex":0},"east":{"uv":[5,8,6,10.5],"texture":"#3","tintindex":0},"south":{"uv":[6,8,7,10.5],"texture":"#3","tintindex":0},"west":{"uv":[8,6,9,8.5],"texture":"#3","tintindex":0}}},{"from":[10.61318,4.49989,7.725],"to":[12.36318,5.29989,8.525],"rotation":{"angle":-22.5,"axis":"z","origin":[8,8,8]},"faces":{"north":{"uv":[9,10,10.75,10.75],"texture":"#3","tintindex":0},"south":{"uv":[3,11,4.75,11.75],"texture":"#3","tintindex":0},"west":{"uv":[8,14,8.75,14.75],"texture":"#3","tintindex":0},"up":{"uv":[12.75,4.75,11,4],"texture":"#3","tintindex":0},"down":{"uv":[6.75,11,5,11.75],"texture":"#3","tintindex":0}}},{"from":[9.66925,2.44936,7.825],"to":[10.26925,3.69936,8.425],"rotation":{"angle":0,"axis":"z","origin":[8,8,8]},"faces":{"north":{"uv":[12,9,12.5,10.25],"texture":"#3","tintindex":0},"east":{"uv":[11,12,11.5,13.25],"texture":"#3","tintindex":0},"south":{"uv":[12,11,12.5,12.25],"texture":"#3","tintindex":0},"west":{"uv":[0,13,0.5,14.25],"texture":"#3","tintindex":0},"down":{"uv":[14.5,12,14,12.5],"texture":"#3","tintindex":0}}},{"from":[9.16925,3.94936,7.825],"to":[9.76925,5.19936,8.425],"rotation":{"angle":0,"axis":"z","origin":[8,8,8]},"faces":{"north":{"uv":[1,13,1.5,14.25],"texture":"#3","tintindex":0},"east":{"uv":[13,1,13.5,2.25],"texture":"#3","tintindex":0},"south":{"uv":[13,3,13.5,4.25],"texture":"#3","tintindex":0},"west":{"uv":[5,13,5.5,14.25],"texture":"#3","tintindex":0},"up":{"uv":[13.5,14.5,13,14],"texture":"#3","tintindex":0}}},{"from":[5.35544,0.64477,7.925],"to":[5.75544,2.89477,8.325],"rotation":{"angle":45,"axis":"z","origin":[8,8,8]},"faces":{"north":{"uv":[12,1,12.5,3.25],"texture":"#3","tintindex":0},"east":{"uv":[2,12,2.5,14.25],"texture":"#3","tintindex":0},"south":{"uv":[3,12,3.5,14.25],"texture":"#3","tintindex":0},"west":{"uv":[4,12,4.5,14.25],"texture":"#3","tintindex":0},"down":{"uv":[11.5,14,11,14.5],"texture":"#3","tintindex":0}}},{"from":[10.23075,9.58335,7.825],"to":[10.83075,10.83335,8.425],"rotation":{"angle":0,"axis":"z","origin":[8,8,8]},"faces":{"north":{"uv":[6,13,6.5,14.25],"texture":"#3","tintindex":0},"east":{"uv":[13,6,13.5,7.25],"texture":"#3","tintindex":0},"south":{"uv":[13,8,13.5,9.25],"texture":"#3","tintindex":0},"west":{"uv":[9,13,9.5,14.25],"texture":"#3","tintindex":0},"up":{"uv":[14.5,14.5,14,14],"texture":"#3","tintindex":0}}},{"from":[11.50513,8.00184,7.925],"to":[11.90513,9.25184,8.325],"rotation":{"angle":45,"axis":"z","origin":[8,8,8]},"faces":{"north":{"uv":[10,13,10.5,14.25],"texture":"#3","tintindex":0},"east":{"uv":[13,10,13.5,11.25],"texture":"#3","tintindex":0},"south":{"uv":[12,13,12.5,14.25],"texture":"#3","tintindex":0},"west":{"uv":[13,12,13.5,13.25],"texture":"#3","tintindex":0},"up":{"uv":[15.5,0.5,15,0],"texture":"#3","tintindex":0}}},{"from":[10.93768,11.36293,7.375],"to":[11.68768,12.11293,8.875],"rotation":{"angle":-45,"axis":"z","origin":[8,15,8]},"faces":{"north":{"uv":[14,8,14.75,8.75],"texture":"#3","tintindex":0},"east":{"uv":[5,12,6.5,12.75],"texture":"#3","tintindex":0},"south":{"uv":[14,9,14.75,9.75],"texture":"#3","tintindex":0},"west":{"uv":[12,5,13.5,5.75],"texture":"#3","tintindex":0},"up":{"uv":[7.75,13.5,7,12],"texture":"#3","tintindex":0},"down":{"uv":[8.75,12,8,13.5],"texture":"#3","tintindex":0}}},{"from":[10.68768,11.11293,7.625],"to":[11.93768,12.36293,8.625],"rotation":{"angle":-45,"axis":"z","origin":[8,15,8]},"faces":{"north":{"uv":[10,2,11.25,3.25],"texture":"#3","tintindex":0},"east":{"uv":[10,11,11,12.25],"texture":"#3","tintindex":0},"south":{"uv":[10,8,11.25,9.25],"texture":"#3","tintindex":0},"west":{"uv":[11,10,12,11.25],"texture":"#3","tintindex":0},"up":{"uv":[1.25,13,0,12],"texture":"#3","tintindex":0},"down":{"uv":[13.25,0,12,1],"texture":"#3","tintindex":0}}},{"from":[7.5057,12.54491,7.125],"to":[10.5057,15.54491,9.125],"rotation":{"angle":-45,"axis":"z","origin":[8,15,8]},"faces":{"north":{"uv":[0,0,3,3],"texture":"#3","tintindex":0},"east":{"uv":[3,0,5,3],"texture":"#3","tintindex":0},"south":{"uv":[0,3,3,6],"texture":"#3","tintindex":0},"west":{"uv":[3,3,5,6],"texture":"#3","tintindex":0},"up":{"uv":[8,2,5,0],"texture":"#3","tintindex":0},"down":{"uv":[8,2,5,4],"texture":"#3","tintindex":0}}},{"from":[4.96421,16.64905,7.875],"to":[10.96421,22.64905,7.875],"rotation":{"angle":0,"axis":"z","origin":[8,15,8]},"faces":{"north":{"uv":[0,0,16,16],"texture":"#2","cullface":"up","tintindex":0},"south":{"uv":[16,0,0,16],"texture":"#2","cullface":"up","tintindex":0}}}],"gui_light":"front","display":{"thirdperson_righthand":{"translation":[0,2.75,0.25],"scale":[0.3,0.3,0.3]},"thirdperson_lefthand":{"rotation":[73.5,0,0],"translation":[-5.5,-6.25,11],"scale":[1.65313,1.65313,1.65313]},"firstperson_righthand":{"translation":[-0.5,5,1],"scale":[0.84336,0.84336,0.84336]},"firstperson_lefthand":{"scale":[0,0,0]},"ground":{"translation":[0,6,0]},"gui":{"translation":[0,-0.5,0],"scale":[0.56758,0.56758,0.56758]},"head":{"translation":[0,-45.5,6.25],"scale":[2.15,2.15,2.15]},"fixed":{"translation":[0,4,-3.25],"scale":[2.31445,2.31445,2.31445]}}}