{"credit":"mctowncraft,QQ:1447709546","texture_size":[128,128],"textures":{"0":"mctown:block/archer/dragon_spirit_2","particle":"mctown:block/archer/dragon_spirit_2"},"elements":[{"from":[5,-0.73333,1.3808],"to":[11,1.26667,7.3808],"rotation":{"angle":0,"axis":"x","origin":[8,1.80156,7.48905]},"faces":{"north":{"uv":[6.75,1.375,7.5,1.625],"texture":"#0"},"east":{"uv":[6.125,6.75,6.875,7],"texture":"#0"},"south":{"uv":[6.75,6.375,7.5,6.625],"texture":"#0"},"west":{"uv":[1.75,6.875,2.5,7.125],"texture":"#0"},"up":{"uv":[4.625,4.25,3.875,3.5],"texture":"#0"},"down":{"uv":[4.875,0,4.125,0.75],"texture":"#0"}}},{"from":[5.275,3.33179,1.48719],"to":[5.275,6.33179,12.48719],"rotation":{"angle":0,"axis":"x","origin":[8,1.80156,7.48905]},"faces":{"north":{"uv":[4.625,3,4.625,3.375],"rotation":180,"texture":"#0"},"east":{"uv":[3.25,5.5,1.875,5.875],"rotation":180,"texture":"#0"},"south":{"uv":[1.875,3.25,1.875,3.625],"rotation":180,"texture":"#0"},"west":{"uv":[1.875,5.5,3.25,5.875],"rotation":180,"texture":"#0"},"up":{"uv":[4.625,7.625,4.625,9],"texture":"#0"},"down":{"uv":[4.5,9,4.5,7.625],"texture":"#0"}}},{"from":[10.725,3.33179,1.48719],"to":[10.725,6.33179,12.48719],"rotation":{"angle":0,"axis":"x","origin":[8,1.80156,7.48905]},"faces":{"north":{"uv":[4.625,3,4.625,3.375],"rotation":180,"texture":"#0"},"east":{"uv":[3.25,5.5,1.875,5.875],"rotation":180,"texture":"#0"},"south":{"uv":[1.875,3.25,1.875,3.625],"rotation":180,"texture":"#0"},"west":{"uv":[1.875,5.5,3.25,5.875],"rotation":180,"texture":"#0"},"up":{"uv":[4.625,7.625,4.625,9],"texture":"#0"},"down":{"uv":[4.5,9,4.5,7.625],"texture":"#0"}}},{"from":[5,1.26667,1.3808],"to":[11,3.26667,15.3808],"rotation":{"angle":0,"axis":"x","origin":[8,1.80156,7.48905]},"faces":{"north":{"uv":[1.875,4.875,2.625,5.125],"texture":"#0"},"east":{"uv":[0,5.875,1.75,6.125],"texture":"#0"},"south":{"uv":[0,5.375,0.75,5.625],"texture":"#0"},"west":{"uv":[5.875,2.25,7.625,2.5],"texture":"#0"},"up":{"uv":[2.75,1.75,2,0],"texture":"#0"},"down":{"uv":[2.75,1.875,2,3.625],"texture":"#0"}}},{"from":[5.025,-0.49895,6.41899],"to":[10.975,1.50105,12.41899],"rotation":{"angle":-22.5,"axis":"x","origin":[8,1.80156,7.48905]},"faces":{"north":{"uv":[2.625,6.875,3.375,7.125],"texture":"#0"},"east":{"uv":[3.5,6.875,4.25,7.125],"texture":"#0"},"south":{"uv":[7,0,7.75,0.25],"texture":"#0"},"west":{"uv":[7,0.375,7.75,0.625],"texture":"#0"},"up":{"uv":[0.75,5.25,0,4.5],"texture":"#0"},"down":{"uv":[3.5,4.625,2.75,5.375],"texture":"#0"}}},{"from":[4.5,3.27263,3.1828],"to":[11.5,6.27263,10.1828],"rotation":{"angle":0,"axis":"x","origin":[8,3.75,15]},"faces":{"north":{"uv":[6.125,4.5,7,4.875],"texture":"#0"},"east":{"uv":[0,6.25,0.875,6.625],"texture":"#0"},"south":{"uv":[3,6.375,3.875,6.75],"texture":"#0"},"west":{"uv":[4,6.375,4.875,6.75],"texture":"#0"},"up":{"uv":[1.75,4.125,0.875,3.25],"texture":"#0"},"down":{"uv":[3.75,3.625,2.875,4.5],"texture":"#0"}}},{"from":[4.75,0.27263,3.1828],"to":[4.75,3.27263,14.1828],"rotation":{"angle":0,"axis":"x","origin":[8,3.75,15]},"faces":{"north":{"uv":[1.875,3.25,1.875,3.625],"texture":"#0"},"east":{"uv":[3.25,5.5,1.875,5.875],"texture":"#0"},"south":{"uv":[4.625,3,4.625,3.375],"texture":"#0"},"west":{"uv":[1.875,5.5,3.25,5.875],"texture":"#0"},"up":{"uv":[4.5,9,4.5,7.625],"texture":"#0"},"down":{"uv":[4.625,7.625,4.625,9],"texture":"#0"}}},{"from":[11.25,0.27263,3.1828],"to":[11.25,3.27263,14.1828],"rotation":{"angle":0,"axis":"x","origin":[8,3.75,15]},"faces":{"north":{"uv":[1.875,3.25,1.875,3.625],"texture":"#0"},"east":{"uv":[3.25,5.5,1.875,5.875],"texture":"#0"},"south":{"uv":[4.625,3,4.625,3.375],"texture":"#0"},"west":{"uv":[1.875,5.5,3.25,5.875],"texture":"#0"},"up":{"uv":[4.5,9,4.5,7.625],"texture":"#0"},"down":{"uv":[4.625,7.625,4.625,9],"texture":"#0"}}},{"from":[4.5,3.27263,10.1828],"to":[11.5,8.27263,15.1828],"rotation":{"angle":0,"axis":"x","origin":[8,3.75,15]},"faces":{"north":{"uv":[5,1,5.875,1.625],"texture":"#0"},"east":{"uv":[1.25,2.125,1.875,2.75],"texture":"#0"},"south":{"uv":[3.625,5,4.5,5.625],"texture":"#0"},"west":{"uv":[6,1,6.625,1.625],"texture":"#0"},"up":{"uv":[5.5,5.625,4.625,5],"texture":"#0"},"down":{"uv":[6,4.25,5.125,4.875],"texture":"#0"}}},{"from":[6,10.52697,11.13001],"to":[6,14.52697,20.13001],"rotation":{"angle":22.5,"axis":"x","origin":[8,3.75,15]},"faces":{"north":{"uv":[2.75,3.75,2.75,4.25],"texture":"#0"},"east":{"uv":[5.75,2.375,4.625,2.875],"texture":"#0"},"south":{"uv":[5.5,7.5,5.5,8],"texture":"#0"},"west":{"uv":[4.625,2.375,5.75,2.875],"texture":"#0"},"up":{"uv":[5.625,8.625,5.625,7.5],"texture":"#0"},"down":{"uv":[2.875,7.625,2.875,8.75],"texture":"#0"}}},{"from":[10,10.52697,11.13001],"to":[10,14.52697,20.13001],"rotation":{"angle":22.5,"axis":"x","origin":[8,3.75,15]},"faces":{"north":{"uv":[2.75,3.75,2.75,4.25],"texture":"#0"},"east":{"uv":[5.75,2.375,4.625,2.875],"texture":"#0"},"south":{"uv":[5.5,7.5,5.5,8],"texture":"#0"},"west":{"uv":[4.625,2.375,5.75,2.875],"texture":"#0"},"up":{"uv":[5.625,8.625,5.625,7.5],"texture":"#0"},"down":{"uv":[2.875,7.625,2.875,8.75],"texture":"#0"}}},{"from":[5.025,2.52697,11.13001],"to":[10.975,10.52697,20.13001],"rotation":{"angle":22.5,"axis":"x","origin":[8,3.75,15]},"faces":{"north":{"uv":[1.875,3.75,2.625,4.75],"texture":"#0"},"east":{"uv":[0,2.125,1.125,3.125],"texture":"#0"},"south":{"uv":[3.75,2.375,4.5,3.375],"texture":"#0"},"west":{"uv":[2.875,0,4,1],"texture":"#0"},"up":{"uv":[3.625,3.5,2.875,2.375],"texture":"#0"},"down":{"uv":[0.75,3.25,0,4.375],"texture":"#0"}}},{"from":[4.4875,7.86123,1.55345],"to":[11.5125,11.86123,17.55345],"rotation":{"angle":-22.5,"axis":"x","origin":[8,3.75,15]},"faces":{"north":{"uv":[3.375,5.75,4.25,6.25],"texture":"#0"},"east":{"uv":[2.875,1.125,4.875,1.625],"texture":"#0"},"south":{"uv":[4.375,5.75,5.25,6.25],"texture":"#0"},"west":{"uv":[2.875,1.75,4.875,2.25],"texture":"#0"},"up":{"uv":[0.875,2,0,0],"texture":"#0"},"down":{"uv":[1.875,0,1,2],"texture":"#0"}}},{"from":[6.5,11.86123,3.55345],"to":[9.5,13.86123,15.55345],"rotation":{"angle":-22.5,"axis":"x","origin":[8,3.75,15]},"faces":{"north":{"uv":[6.875,7.5,7.25,7.75],"texture":"#0"},"east":{"uv":[5.375,6,6.875,6.25],"texture":"#0"},"south":{"uv":[7.625,1.375,8,1.625],"texture":"#0"},"west":{"uv":[6.125,4.125,7.625,4.375],"texture":"#0"},"up":{"uv":[1.25,5.75,0.875,4.25],"texture":"#0"},"down":{"uv":[1.75,4.25,1.375,5.75],"texture":"#0"}}},{"from":[8,13.86123,3.55345],"to":[8,16.86123,15.55345],"rotation":{"angle":-22.5,"axis":"x","origin":[8,3.75,15]},"faces":{"north":{"uv":[6.375,7.75,6.375,8.125],"texture":"#0"},"east":{"uv":[5,0,6.5,0.375],"texture":"#0"},"south":{"uv":[6.5,7.75,6.5,8.125],"texture":"#0"},"west":{"uv":[5,0.5,6.5,0.875],"texture":"#0"},"up":{"uv":[6.625,9.25,6.625,7.75],"texture":"#0"},"down":{"uv":[6.75,7.75,6.75,9.25],"texture":"#0"}}},{"from":[7,0.80828,-2.43517],"to":[9,2.80828,1.56483],"rotation":{"angle":22.5,"axis":"x","origin":[8,3.75,15]},"faces":{"north":{"uv":[7.75,2.25,8,2.5],"texture":"#0"},"east":{"uv":[1.75,7.25,2.25,7.5],"texture":"#0"},"south":{"uv":[7.75,2.625,8,2.875],"texture":"#0"},"west":{"uv":[2.375,7.25,2.875,7.5],"texture":"#0"},"up":{"uv":[3.25,7.75,3,7.25],"texture":"#0"},"down":{"uv":[3.625,7.25,3.375,7.75],"texture":"#0"}}},{"from":[7.5,18.73225,5.61005],"to":[8.5,21.73225,6.61005],"rotation":{"angle":-45,"axis":"x","origin":[8,3.75,15]},"faces":{"north":{"uv":[4.875,6.875,4.75,7.25],"rotation":180,"texture":"#0"},"east":{"uv":[7,0.75,7.375,0.875],"rotation":270,"texture":"#0"},"south":{"uv":[0.875,7.125,0.75,6.75],"texture":"#0"},"west":{"uv":[7.75,1.125,8.125,1.25],"rotation":90,"texture":"#0"},"up":{"uv":[3.625,4.625,3.75,4.75],"rotation":180,"texture":"#0"},"down":{"uv":[4.75,0.875,4.875,1],"texture":"#0"}}},{"from":[7,10.87976,18.38072],"to":[9,12.87976,23.38072],"rotation":{"angle":-45,"axis":"x","origin":[8,3.75,15]},"faces":{"north":{"uv":[7.75,0.75,8,1],"texture":"#0"},"east":{"uv":[1.25,2.875,1.875,3.125],"texture":"#0"},"south":{"uv":[1.125,7.75,1.375,8],"texture":"#0"},"west":{"uv":[7,6,7.625,6.25],"texture":"#0"},"up":{"uv":[4.625,7.5,4.375,6.875],"texture":"#0"},"down":{"uv":[7.25,6.75,7,7.375],"texture":"#0"}}},{"from":[4,11.86123,4.55345],"to":[6,13.86123,8.55345],"rotation":{"angle":-22.5,"axis":"x","origin":[8,3.75,15]},"faces":{"north":{"uv":[3,6,3.25,6.25],"texture":"#0"},"east":{"uv":[7.125,2.625,7.625,2.875],"texture":"#0"},"south":{"uv":[1.75,7.625,2,7.875],"texture":"#0"},"west":{"uv":[7.125,3,7.625,3.25],"texture":"#0"},"up":{"uv":[7.375,3.875,7.125,3.375],"texture":"#0"},"down":{"uv":[7.375,4.5,7.125,5],"texture":"#0"}}},{"from":[4.05,15.48243,9.29625],"to":[5.975,16.48243,13.29625],"rotation":{"angle":-45,"axis":"x","origin":[8,3.75,15]},"faces":{"north":{"uv":[7.75,5,8,5.125],"texture":"#0"},"east":{"uv":[4.125,0.875,4.625,1],"texture":"#0"},"south":{"uv":[7.75,5.25,8,5.375],"texture":"#0"},"west":{"uv":[1.875,5.25,2.375,5.375],"texture":"#0"},"up":{"uv":[4,7.75,3.75,7.25],"texture":"#0"},"down":{"uv":[1,7.375,0.75,7.875],"texture":"#0"}}},{"from":[4,11.86123,8.55345],"to":[6,14.86123,16.55345],"rotation":{"angle":-22.5,"axis":"x","origin":[8,3.75,15]},"faces":{"north":{"uv":[7.5,1.75,7.75,2.125],"texture":"#0"},"east":{"uv":[1.875,6,2.875,6.375],"texture":"#0"},"south":{"uv":[7.5,4.5,7.75,4.875],"texture":"#0"},"west":{"uv":[6,2.625,7,3],"texture":"#0"},"up":{"uv":[1.25,7.25,1,6.25],"texture":"#0"},"down":{"uv":[1.625,6.25,1.375,7.25],"texture":"#0"}}},{"from":[4.025,11.64932,19.53923],"to":[5.975,13.64932,26.53923],"rotation":{"angle":-45,"axis":"x","origin":[8,3.75,15]},"faces":{"north":{"uv":[2.125,7.625,2.375,7.875],"texture":"#0"},"east":{"uv":[5.75,6.375,6.625,6.625],"texture":"#0"},"south":{"uv":[2.5,7.625,2.75,7.875],"texture":"#0"},"west":{"uv":[1.75,6.5,2.625,6.75],"texture":"#0"},"up":{"uv":[6.875,0.875,6.625,0],"texture":"#0"},"down":{"uv":[0.25,6.75,0,7.625],"texture":"#0"}}},{"from":[10,11.86123,8.55345],"to":[12,14.86123,16.55345],"rotation":{"angle":-22.5,"axis":"x","origin":[8,3.75,15]},"faces":{"north":{"uv":[7.75,1.75,7.5,2.125],"texture":"#0"},"east":{"uv":[7,2.625,6,3],"texture":"#0"},"south":{"uv":[7.75,4.5,7.5,4.875],"texture":"#0"},"west":{"uv":[2.875,6,1.875,6.375],"texture":"#0"},"up":{"uv":[1,7.25,1.25,6.25],"texture":"#0"},"down":{"uv":[1.375,6.25,1.625,7.25],"texture":"#0"}}},{"from":[10.025,11.64932,19.53923],"to":[11.975,13.64932,26.53923],"rotation":{"angle":-45,"axis":"x","origin":[8,3.75,15]},"faces":{"north":{"uv":[2.375,7.625,2.125,7.875],"texture":"#0"},"east":{"uv":[2.625,6.5,1.75,6.75],"texture":"#0"},"south":{"uv":[2.75,7.625,2.5,7.875],"texture":"#0"},"west":{"uv":[6.625,6.375,5.75,6.625],"texture":"#0"},"up":{"uv":[6.625,0.875,6.875,0],"texture":"#0"},"down":{"uv":[0,6.75,0.25,7.625],"texture":"#0"}}},{"from":[10.025,15.48243,9.29625],"to":[11.95,16.48243,13.29625],"rotation":{"angle":-45,"axis":"x","origin":[8,3.75,15]},"faces":{"north":{"uv":[8,5,7.75,5.125],"texture":"#0"},"east":{"uv":[2.375,5.25,1.875,5.375],"texture":"#0"},"south":{"uv":[8,5.25,7.75,5.375],"texture":"#0"},"west":{"uv":[4.625,0.875,4.125,1],"texture":"#0"},"up":{"uv":[3.75,7.75,4,7.25],"texture":"#0"},"down":{"uv":[0.75,7.375,1,7.875],"texture":"#0"}}},{"from":[10,11.86123,4.55345],"to":[12,13.86123,8.55345],"rotation":{"angle":-22.5,"axis":"x","origin":[8,3.75,15]},"faces":{"north":{"uv":[3.25,6,3,6.25],"texture":"#0"},"east":{"uv":[7.625,3,7.125,3.25],"texture":"#0"},"south":{"uv":[2,7.625,1.75,7.875],"texture":"#0"},"west":{"uv":[7.625,2.625,7.125,2.875],"texture":"#0"},"up":{"uv":[7.125,3.875,7.375,3.375],"texture":"#0"},"down":{"uv":[7.125,4.5,7.375,5],"texture":"#0"}}}],"display":{"head":{"rotation":[3,0,0],"translation":[0,7.5,-35.25],"scale":[4,4,4]}}}