{"textures":{"0":"modelengine:entity/toro_rabbit","1":"modelengine:entity/rabbit_nest","2":"modelengine:entity/easter_egg1","3":"modelengine:entity/easter_egg2","4":"modelengine:entity/easter_egg3"},"elements":[{"name":"cube","from":[6.2,6.2,5.6],"to":[10.4,11.0,9.8],"rotation":{"angle":0.0,"axis":"x","origin":[8.6,-13.000001,6.8]},"faces":{"down":{"uv":[10.5,3.5,7.0,7.0],"rotation":0,"texture":"#2","tintindex":0},"east":{"uv":[3.5,0.0,7.0,4.0],"rotation":0,"texture":"#2","tintindex":0},"north":{"uv":[0.0,0.0,3.5,4.0],"rotation":0,"texture":"#2","tintindex":0},"south":{"uv":[0.0,4.0,3.5,8.0],"rotation":0,"texture":"#2","tintindex":0},"up":{"uv":[10.5,3.5,7.0,0.0],"rotation":0,"texture":"#2","tintindex":0},"west":{"uv":[3.5,4.0,7.0,8.0],"rotation":0,"texture":"#2","tintindex":0}}},{"name":"cube","from":[6.8,6.6499996,9.8],"to":[9.8,9.8,10.4],"rotation":{"angle":0.0,"axis":"x","origin":[8.6,-13.000001,6.8]},"faces":{"down":{"uv":[8.5,12.0,6.0,12.5],"rotation":0,"texture":"#2","tintindex":0},"east":{"uv":[5.0,12.0,5.5,14.5],"rotation":0,"texture":"#2","tintindex":0},"north":{"uv":[7.0,7.0,9.5,9.5],"rotation":0,"texture":"#2","tintindex":0},"south":{"uv":[0.0,8.0,2.5,10.5],"rotation":0,"texture":"#2","tintindex":0},"up":{"uv":[13.0,7.0,10.5,6.5],"rotation":0,"texture":"#2","tintindex":0},"west":{"uv":[5.5,12.0,6.0,14.5],"rotation":0,"texture":"#2","tintindex":0}}},{"name":"cube","from":[6.8,6.6499996,5.0],"to":[9.8,9.8,5.6],"rotation":{"angle":0.0,"axis":"x","origin":[8.6,-13.000001,6.8]},"faces":{"down":{"uv":[14.0,12.0,11.5,12.5],"rotation":0,"texture":"#2","tintindex":0},"east":{"uv":[12.0,7.0,12.5,9.5],"rotation":0,"texture":"#2","tintindex":0},"north":{"uv":[2.5,8.0,5.0,10.5],"rotation":0,"texture":"#2","tintindex":0},"south":{"uv":[5.0,9.5,7.5,12.0],"rotation":0,"texture":"#2","tintindex":0},"up":{"uv":[11.5,12.5,9.0,12.0],"rotation":0,"texture":"#2","tintindex":0},"west":{"uv":[8.5,12.0,9.0,14.5],"rotation":0,"texture":"#2","tintindex":0}}},{"name":"cube","from":[10.4,6.6499996,6.2],"to":[11.0,9.8,9.2],"rotation":{"angle":0.0,"axis":"x","origin":[7.55,-13.000001,5.75]},"faces":{"down":{"uv":[13.0,7.0,12.5,9.5],"rotation":0,"texture":"#2","tintindex":0},"east":{"uv":[9.5,7.0,12.0,9.5],"rotation":0,"texture":"#2","tintindex":0},"north":{"uv":[6.0,12.5,6.5,15.0],"rotation":0,"texture":"#2","tintindex":0},"south":{"uv":[6.5,12.5,7.0,15.0],"rotation":0,"texture":"#2","tintindex":0},"up":{"uv":[7.5,15.0,7.0,12.5],"rotation":0,"texture":"#2","tintindex":0},"west":{"uv":[7.5,9.5,10.0,12.0],"rotation":0,"texture":"#2","tintindex":0}}},{"name":"cube","from":[5.6,6.6499996,6.2],"to":[6.2,9.8,9.2],"rotation":{"angle":0.0,"axis":"x","origin":[9.65,-13.000001,5.75]},"faces":{"down":{"uv":[10.0,12.5,9.5,15.0],"rotation":0,"texture":"#2","tintindex":0},"east":{"uv":[10.0,9.5,12.5,12.0],"rotation":0,"texture":"#2","tintindex":0},"north":{"uv":[7.5,12.5,8.0,15.0],"rotation":0,"texture":"#2","tintindex":0},"south":{"uv":[8.0,12.5,8.5,15.0],"rotation":0,"texture":"#2","tintindex":0},"up":{"uv":[9.5,15.0,9.0,12.5],"rotation":0,"texture":"#2","tintindex":0},"west":{"uv":[0.0,10.5,2.5,13.0],"rotation":0,"texture":"#2","tintindex":0}}},{"name":"cube","from":[6.8,11.0,6.2],"to":[9.8,12.2,9.2],"rotation":{"angle":0.0,"axis":"x","origin":[8.6,-13.000001,6.8]},"faces":{"down":{"uv":[5.0,10.5,2.5,13.0],"rotation":0,"texture":"#2","tintindex":0},"east":{"uv":[10.5,3.5,13.0,4.5],"rotation":0,"texture":"#2","tintindex":0},"north":{"uv":[10.5,2.5,13.0,3.5],"rotation":0,"texture":"#2","tintindex":0},"south":{"uv":[10.5,4.5,13.0,5.5],"rotation":0,"texture":"#2","tintindex":0},"up":{"uv":[13.0,2.5,10.5,0.0],"rotation":0,"texture":"#2","tintindex":0},"west":{"uv":[10.5,5.5,13.0,6.5],"rotation":0,"texture":"#2","tintindex":0}}}],"display":{"head":{"translation":[0.0,-6.4,0.0],"rotation":[0.0,0.0,0.0],"scale":[3.8095,3.8095,3.8095]}}}