{"textures":{"0":"modelengine:entity/toro_rabbit","1":"modelengine:entity/rabbit_nest","2":"modelengine:entity/easter_egg1","3":"modelengine:entity/easter_egg2","4":"modelengine:entity/easter_egg3"},"elements":[{"name":"cube","from":[-0.8500004,7.25,4.1],"to":[14.75,18.05,13.46],"rotation":{"angle":22.5,"axis":"x","origin":[7.55,-5.8,2.6]},"faces":{"down":{"uv":[7.5,5.875,5.875,6.875],"rotation":0,"texture":"#0","tintindex":0},"east":{"uv":[7.75,0.0,8.75,1.125],"rotation":0,"texture":"#0","tintindex":0},"north":{"uv":[5.0625,1.125,6.6875,2.25],"rotation":0,"texture":"#0","tintindex":0},"south":{"uv":[5.0625,2.25,6.6875,3.375],"rotation":0,"texture":"#0","tintindex":0},"up":{"uv":[5.875,6.875,4.25,5.875],"rotation":0,"texture":"#0","tintindex":0},"west":{"uv":[0.0,7.9375,1.0,9.0625],"rotation":0,"texture":"#0","tintindex":0}}},{"name":"cube","from":[0.34999967,2.7499998,10.55],"to":[13.55,11.75,22.91],"rotation":{"angle":0.0,"axis":"x","origin":[7.4,-5.8,2.6]},"faces":{"down":{"uv":[2.75,5.25,1.375,6.5625],"rotation":0,"texture":"#0","tintindex":0},"east":{"uv":[7.125,3.4375,8.4375,4.375],"rotation":0,"texture":"#0","tintindex":0},"north":{"uv":[2.125,7.0,3.5,7.9375],"rotation":0,"texture":"#0","tintindex":0},"south":{"uv":[7.125,2.5,8.5,3.4375],"rotation":0,"texture":"#0","tintindex":0},"up":{"uv":[1.375,6.5625,0.0,5.25],"rotation":0,"texture":"#0","tintindex":0},"west":{"uv":[7.5,4.375,8.8125,5.3125],"rotation":0,"texture":"#0","tintindex":0}}},{"name":"cube","from":[-2.3500004,6.05,1.8499998],"to":[16.25,16.85,13.610001],"rotation":{"angle":0.0,"axis":"x","origin":[7.25,-5.8,2.6]},"faces":{"down":{"uv":[3.875,1.75,1.9375,3.0],"rotation":0,"texture":"#0","tintindex":0},"east":{"uv":[5.5,6.875,6.75,8.0],"rotation":0,"texture":"#0","tintindex":0},"north":{"uv":[0.0,3.0,1.9375,4.125],"rotation":0,"texture":"#0","tintindex":0},"south":{"uv":[1.9375,3.0,3.875,4.125],"rotation":0,"texture":"#0","tintindex":0},"up":{"uv":[1.9375,3.0,0.0,1.75],"rotation":0,"texture":"#0","tintindex":0},"west":{"uv":[6.75,6.875,8.0,8.0],"rotation":0,"texture":"#0","tintindex":0}}},{"name":"cube","from":[1.6161764,6.05,-3.1000004],"to":[13.166177,13.1,3.4099998],"rotation":{"angle":0.0,"axis":"x","origin":[7.6161766,-5.8,2.6]},"faces":{"down":{"uv":[9.1875,7.625,8.0,8.3125],"rotation":0,"texture":"#0","tintindex":0},"east":{"uv":[10.5,3.8125,11.1875,4.5625],"rotation":0,"texture":"#0","tintindex":0},"north":{"uv":[3.4375,8.0,4.625,8.75],"rotation":0,"texture":"#0","tintindex":0},"south":{"uv":[4.625,8.0,5.8125,8.75],"rotation":0,"texture":"#0","tintindex":0},"up":{"uv":[7.9375,8.6875,6.75,8.0],"rotation":0,"texture":"#0","tintindex":0},"west":{"uv":[3.4375,10.8125,4.125,11.5625],"rotation":0,"texture":"#0","tintindex":0}}},{"name":"cube","from":[1.1749997,0.6499996,-3.7000003],"to":[12.725,7.25,12.860001],"rotation":{"angle":22.5,"axis":"x","origin":[7.475,-5.8,2.6]},"faces":{"down":{"uv":[5.0625,1.75,3.875,3.5],"rotation":0,"texture":"#0","tintindex":0},"east":{"uv":[7.5,5.3125,9.25,6.0],"rotation":0,"texture":"#0","tintindex":0},"north":{"uv":[7.9375,8.3125,9.125,9.0],"rotation":0,"texture":"#0","tintindex":0},"south":{"uv":[8.4375,3.4375,9.625,4.125],"rotation":0,"texture":"#0","tintindex":0},"up":{"uv":[4.5625,1.75,3.375,0.0],"rotation":0,"texture":"#0","tintindex":0},"west":{"uv":[7.5,6.0,9.25,6.6875],"rotation":0,"texture":"#0","tintindex":0}}}],"display":{"head":{"translation":[0.0,-6.4,0.0],"rotation":[0.0,0.0,0.0],"scale":[3.8095,3.8095,3.8095]}}}