{"textures":{"0":"modelengine:entity/toro_rabbit","1":"modelengine:entity/rabbit_nest","2":"modelengine:entity/easter_egg1","3":"modelengine:entity/easter_egg2","4":"modelengine:entity/easter_egg3"},"elements":[{"name":"cube","from":[1.9999998,7.4,2.6],"to":[14.0,8.6,15.2],"rotation":{"angle":0.0,"axis":"x","origin":[8.6,8.0,5.0]},"faces":{"down":{"uv":[10.0,0.0,5.0,5.25],"rotation":0,"texture":"#1","tintindex":0},"east":{"uv":[10.0,3.0,15.25,3.5],"rotation":0,"texture":"#1","tintindex":0},"north":{"uv":[10.0,4.0,15.0,4.5],"rotation":0,"texture":"#1","tintindex":0},"south":{"uv":[10.0,4.5,15.0,5.0],"rotation":0,"texture":"#1","tintindex":0},"up":{"uv":[5.0,5.25,0.0,0.0],"rotation":0,"texture":"#1","tintindex":0},"west":{"uv":[10.0,3.5,15.25,4.0],"rotation":0,"texture":"#1","tintindex":0}}},{"name":"cube","from":[1.3999997,8.6,2.6],"to":[2.6,12.8,15.2],"rotation":{"angle":0.0,"axis":"x","origin":[8.6,8.0,5.0]},"faces":{"down":{"uv":[0.5,10.25,0.0,15.5],"rotation":0,"texture":"#1","tintindex":0},"east":{"uv":[0.0,5.25,5.25,7.0],"rotation":0,"texture":"#1","tintindex":0},"north":{"uv":[6.5,10.25,7.0,12.0],"rotation":0,"texture":"#1","tintindex":0},"south":{"uv":[7.0,10.25,7.5,12.0],"rotation":0,"texture":"#1","tintindex":0},"up":{"uv":[10.5,14.0,10.0,8.75],"rotation":0,"texture":"#1","tintindex":0},"west":{"uv":[5.25,5.25,10.5,7.0],"rotation":0,"texture":"#1","tintindex":0}}},{"name":"cube","from":[1.8499998,8.6,2.1499996],"to":[14.150001,12.35,3.35],"rotation":{"angle":0.0,"axis":"x","origin":[11.900001,8.0,4.5499997]},"faces":{"down":{"uv":[0.5,10.25,0.0,15.5],"rotation":270,"texture":"#1","tintindex":0},"east":{"uv":[6.5,10.25,7.0,12.0],"rotation":0,"texture":"#1","tintindex":0},"north":{"uv":[5.25,5.25,10.5,7.0],"rotation":0,"texture":"#1","tintindex":0},"south":{"uv":[0.0,5.25,5.25,7.0],"rotation":0,"texture":"#1","tintindex":0},"up":{"uv":[10.5,14.0,10.0,8.75],"rotation":90,"texture":"#1","tintindex":0},"west":{"uv":[7.0,10.25,7.5,12.0],"rotation":0,"texture":"#1","tintindex":0}}},{"name":"cube","from":[1.8499998,8.6,14.3],"to":[14.150001,12.35,15.5],"rotation":{"angle":0.0,"axis":"x","origin":[11.900001,8.0,3.35]},"faces":{"down":{"uv":[0.0,10.25,0.5,15.5],"rotation":270,"texture":"#1","tintindex":0},"east":{"uv":[7.0,10.25,6.5,12.0],"rotation":0,"texture":"#1","tintindex":0},"north":{"uv":[5.25,5.25,0.0,7.0],"rotation":0,"texture":"#1","tintindex":0},"south":{"uv":[10.5,5.25,5.25,7.0],"rotation":0,"texture":"#1","tintindex":0},"up":{"uv":[10.0,14.0,10.5,8.75],"rotation":90,"texture":"#1","tintindex":0},"west":{"uv":[7.5,10.25,7.0,12.0],"rotation":0,"texture":"#1","tintindex":0}}},{"name":"cube","from":[13.400001,8.6,2.6],"to":[14.6,12.8,15.2],"rotation":{"angle":0.0,"axis":"x","origin":[7.4,8.0,5.0]},"faces":{"down":{"uv":[1.5,10.25,1.0,15.5],"rotation":0,"texture":"#1","tintindex":0},"east":{"uv":[0.0,7.0,5.25,8.75],"rotation":0,"texture":"#1","tintindex":0},"north":{"uv":[7.5,10.25,8.0,12.0],"rotation":0,"texture":"#1","tintindex":0},"south":{"uv":[8.0,10.25,8.5,12.0],"rotation":0,"texture":"#1","tintindex":0},"up":{"uv":[1.0,15.5,0.5,10.25],"rotation":0,"texture":"#1","tintindex":0},"west":{"uv":[5.25,7.0,10.5,8.75],"rotation":0,"texture":"#1","tintindex":0}}}],"display":{"head":{"translation":[0.0,-6.4,0.0],"rotation":[0.0,0.0,0.0],"scale":[3.8095,3.8095,3.8095]}}}