{"textures":{"0":"modelengine:entity/toro_rabbit","1":"modelengine:entity/rabbit_nest","2":"modelengine:entity/easter_egg1","3":"modelengine:entity/easter_egg2","4":"modelengine:entity/easter_egg3"},"elements":[{"name":"cube","from":[4.0911765,4.25,8.15],"to":[8.891176,8.45,18.95],"rotation":{"angle":22.5,"axis":"x","origin":[4.0911765,12.2,11.900001]},"faces":{"down":{"uv":[1.0625,10.4375,1.5625,11.5625],"rotation":0,"texture":"#0","tintindex":0},"east":{"uv":[12.0,1.375,10.875,1.8125],"rotation":0,"texture":"#0","tintindex":0},"north":{"uv":[2.625,6.5625,2.125,7.0],"rotation":0,"texture":"#0","tintindex":0},"south":{"uv":[3.25,11.75,2.75,12.1875],"rotation":0,"texture":"#0","tintindex":0},"up":{"uv":[0.5625,11.5625,1.0625,10.4375],"rotation":0,"texture":"#0","tintindex":0},"west":{"uv":[11.9375,10.5,10.8125,10.9375],"rotation":0,"texture":"#0","tintindex":0}}},{"name":"cube","from":[5.291177,6.6499996,10.25],"to":[10.091177,10.85,17.6],"rotation":{"angle":45.0,"axis":"x","origin":[4.0911765,12.2,11.900001]},"faces":{"down":{"uv":[4.875,11.3125,5.375,12.0625],"rotation":0,"texture":"#0","tintindex":0},"east":{"uv":[1.9375,11.5625,1.1875,12.0],"rotation":0,"texture":"#0","tintindex":0},"north":{"uv":[10.375,11.75,9.875,12.1875],"rotation":0,"texture":"#0","tintindex":0},"south":{"uv":[12.375,5.9375,11.875,6.375],"rotation":0,"texture":"#0","tintindex":0},"up":{"uv":[11.1875,4.5625,11.6875,3.8125],"rotation":0,"texture":"#0","tintindex":0},"west":{"uv":[1.1875,11.5625,0.4375,12.0],"rotation":0,"texture":"#0","tintindex":0}}}],"display":{"head":{"translation":[0.0,-6.4,0.0],"rotation":[0.0,0.0,0.0],"scale":[3.8095,3.8095,3.8095]}}}