{"textures":{"0":"modelengine:entity/2023"},"elements":[{"from":[-15.6,-10.833601,11.136],"to":[32.0,19.2048,11.136],"rotation":{"angle":0.0,"axis":"y","origin":[-5.9448004,8.0,0.3711996]},"faces":{"east":{"uv":[0.0,0.0,0.0,1.75],"rotation":0,"texture":"#0","tintindex":0},"south":{"uv":[16.0,0.0,0.0,8.5],"rotation":0,"texture":"#0","tintindex":0},"north":{"uv":[0.0,0.0,16.0,8.5],"rotation":0,"texture":"#0","tintindex":0},"west":{"uv":[0.0,0.0,0.0,1.75],"rotation":0,"texture":"#0","tintindex":0},"up":{"uv":[3.0,0.0,0.0,0.0],"rotation":0,"texture":"#0","tintindex":0},"down":{"uv":[3.0,0.0,0.0,0.0],"rotation":0,"texture":"#0","tintindex":0}}}],"display":{"head":{"translation":[25.264,-6.4,0.0],"scale":[4.0,4.0,4.0]}}}