{
	"credit": "Made with Blockbench",
	"texture_size": [64, 64],
	"textures": {
		"0": "elitecreature:indian_furniture_v1/indian_statue",
		"particle": "elitecreature:indian_furniture_v1/indian_statue"
	},
	"elements": [
		{
			"from": [6, 18, 7],
			"to": [10, 20, 11],
			"rotation": {"angle": 0, "axis": "y", "origin": [0, 30, 0]},
			"faces": {
				"north": {"uv": [1.5, 5.5, 2.5, 6], "texture": "#0"},
				"east": {"uv": [1.5, 5.5, 2.5, 6], "texture": "#0"},
				"south": {"uv": [1.5, 5.5, 2.5, 6], "texture": "#0"},
				"west": {"uv": [1.5, 5.5, 2.5, 6], "texture": "#0"},
				"up": {"uv": [3.5, 7.75, 2.5, 6.75], "texture": "#0"}
			}
		},
		{
			"from": [6, 20, 9],
			"to": [10, 24, 9],
			"rotation": {"angle": 0, "axis": "y", "origin": [8, 22, 9]},
			"faces": {
				"north": {"uv": [6.5, 6.75, 7.5, 7.75], "texture": "#0"},
				"south": {"uv": [7.5, 6.75, 6.5, 7.75], "texture": "#0"}
			}
		},
		{
			"from": [8, 20, 7],
			"to": [8, 24, 11],
			"rotation": {"angle": 0, "axis": "y", "origin": [8, 22, 9]},
			"faces": {
				"east": {"uv": [6.5, 6.75, 7.5, 7.75], "texture": "#0"},
				"west": {"uv": [7.5, 6.75, 6.5, 7.75], "texture": "#0"}
			}
		},
		{
			"from": [6, 13, 7],
			"to": [10, 16, 11],
			"rotation": {"angle": 0, "axis": "y", "origin": [0, 30, 0]},
			"faces": {
				"north": {"uv": [4, 3.25, 5, 4], "texture": "#0"},
				"east": {"uv": [5.5, 7, 4.5, 7.75], "texture": "#0"},
				"south": {"uv": [3.5, 7, 4.5, 7.75], "texture": "#0"},
				"west": {"uv": [4.5, 7, 5.5, 7.75], "texture": "#0"},
				"down": {"uv": [2.5, 6.75, 1.5, 7.75], "texture": "#0"}
			}
		},
		{
			"from": [7, 12, 8],
			"to": [9, 13, 10],
			"rotation": {"angle": 0, "axis": "y", "origin": [0, 30, 0]},
			"faces": {
				"north": {"uv": [6.5, 1.25, 7, 1.5], "texture": "#0"},
				"east": {"uv": [6.5, 1.25, 7, 1.5], "texture": "#0"},
				"south": {"uv": [6.5, 1.25, 7, 1.5], "texture": "#0"},
				"west": {"uv": [6.5, 1.25, 7, 1.5], "texture": "#0"}
			}
		},
		{
			"from": [0, 0, 4],
			"to": [16, 3, 12],
			"rotation": {"angle": 0, "axis": "y", "origin": [0, 30, 0]},
			"faces": {
				"north": {"uv": [4, 1.5, 8, 2.25], "texture": "#0"},
				"east": {"uv": [1.5, 6, 3.5, 6.75], "texture": "#0"},
				"south": {"uv": [0, 8.25, 4, 9], "texture": "#0"},
				"west": {"uv": [1.5, 6, 3.5, 6.75], "texture": "#0"},
				"up": {"uv": [4, 2, 0, 0], "texture": "#0"},
				"down": {"uv": [4, 2, 0, 4], "texture": "#0"}
			}
		},
		{
			"from": [3, 8, 6],
			"to": [13, 12, 12],
			"rotation": {"angle": 0, "axis": "y", "origin": [0, 30, 0]},
			"faces": {
				"north": {"uv": [4, 2.25, 6.5, 3.25], "texture": "#0"},
				"east": {"uv": [5, 6, 3.5, 7], "texture": "#0"},
				"south": {"uv": [2.5, 4, 5, 5], "texture": "#0"},
				"west": {"uv": [3.5, 6, 5, 7], "texture": "#0"},
				"up": {"uv": [2.5, 5.5, 0, 4], "texture": "#0"},
				"down": {"uv": [6.5, 0, 4, 1.5], "texture": "#0"}
			}
		},
		{
			"from": [11, 5, 6.5],
			"to": [14, 10, 10.5],
			"rotation": {"angle": 0, "axis": "y", "origin": [0, 30, 0]},
			"faces": {
				"north": {"uv": [0, 7, 0.75, 8.25], "texture": "#0"},
				"east": {"uv": [6.5, 4.25, 7.5, 5.5], "texture": "#0"},
				"south": {"uv": [0.75, 7, 1.5, 8.25], "texture": "#0"},
				"west": {"uv": [6.5, 5.5, 7.5, 6.75], "texture": "#0"},
				"up": {"uv": [6.25, 8, 5.5, 7], "texture": "#0"},
				"down": {"uv": [8.25, 0.5, 7.5, 1.5], "texture": "#0"}
			}
		},
		{
			"from": [2, 5, 6.5],
			"to": [5, 10, 10.5],
			"rotation": {"angle": 0, "axis": "y", "origin": [16, 30, 0]},
			"faces": {
				"north": {"uv": [0.75, 7, 0, 8.25], "texture": "#0"},
				"east": {"uv": [7.5, 5.5, 6.5, 6.75], "texture": "#0"},
				"south": {"uv": [1.5, 7, 0.75, 8.25], "texture": "#0"},
				"west": {"uv": [7.5, 4.25, 6.5, 5.5], "texture": "#0"},
				"up": {"uv": [5.5, 8, 6.25, 7], "texture": "#0"},
				"down": {"uv": [7.5, 0.5, 8.25, 1.5], "texture": "#0"}
			}
		},
		{
			"from": [3, 4, 5],
			"to": [13, 6, 9],
			"rotation": {"angle": 0, "axis": "y", "origin": [0, 30, 0]},
			"faces": {
				"north": {"uv": [6.5, 2.25, 9, 2.75], "texture": "#0"},
				"east": {"uv": [7.5, 3.25, 8.5, 3.75], "texture": "#0"},
				"south": {"uv": [6.5, 2.25, 9, 2.75], "texture": "#0"},
				"west": {"uv": [7.5, 3.25, 8.5, 3.75], "texture": "#0"},
				"up": {"uv": [5, 6, 2.5, 5], "texture": "#0"},
				"down": {"uv": [7.5, 3.25, 5, 4.25], "texture": "#0"}
			}
		},
		{
			"from": [5, 16, 6],
			"to": [11, 18, 12],
			"rotation": {"angle": 0, "axis": "y", "origin": [0, 30, 0]},
			"faces": {
				"north": {"uv": [7.5, 0, 9, 0.5], "texture": "#0"},
				"east": {"uv": [7.5, 0, 9, 0.5], "texture": "#0"},
				"south": {"uv": [7.5, 0, 9, 0.5], "texture": "#0"},
				"west": {"uv": [7.5, 0, 9, 0.5], "texture": "#0"},
				"up": {"uv": [6.5, 5.75, 5, 4.25], "texture": "#0"},
				"down": {"uv": [1.5, 5.5, 0, 7], "texture": "#0"}
			}
		},
		{
			"from": [5, 3, 7],
			"to": [11, 8, 11],
			"rotation": {"angle": 0, "axis": "y", "origin": [0, 30, 0]},
			"faces": {
				"north": {"uv": [5, 5.75, 6.5, 7], "texture": "#0"},
				"east": {"uv": [6.5, 0, 7.5, 1.25], "texture": "#0"},
				"south": {"uv": [5, 5.75, 6.5, 7], "texture": "#0"},
				"west": {"uv": [6.5, 0, 7.5, 1.25], "texture": "#0"}
			}
		}
	],
	"gui_light": "front",
	"display": {
		"thirdperson_righthand": {
			"scale": [0.42, 0.42, 0.42]
		},
		"thirdperson_lefthand": {
			"scale": [0.42, 0.42, 0.42]
		},
		"firstperson_righthand": {
			"scale": [0.79, 0.79, 0.79]
		},
		"firstperson_lefthand": {
			"scale": [0.79, 0.79, 0.79]
		},
		"ground": {
			"translation": [0, 5, 0],
			"scale": [0.62, 0.62, 0.62]
		},
		"gui": {
			"rotation": [30, 225, 0],
			"translation": [0, -1, 0],
			"scale": [0.47, 0.47, 0.47]
		},
		"head": {
			"rotation": [0, 180, 0],
			"translation": [0, -30.5, 0],
			"scale": [1.6, 1.6, 1.6]
		},
		"fixed": {
			"translation": [0, -4, -4.25]
		}
	}
}