{
	"credit": "Made with Blockbench",
	"texture_size": [32, 32],
	"textures": {
		"0": "elitecreature:indian_furniture_v1/indian_carpet_2",
		"particle": "elitecreature:indian_furniture_v1/indian_carpet_2"
	},
	"elements": [
		{
			"from": [-16, 0.25, 0],
			"to": [16, 0.25, 32],
			"faces": {
				"up": {"uv": [16, 16, 0, 0], "texture": "#0"},
				"down": {"uv": [0, 16, 16, 0], "texture": "#0"}
			}
		}
	],
	"gui_light": "front",
	"display": {
		"thirdperson_righthand": {
			"translation": [4, 4.75, -3.5],
			"scale": [0.55, 0.55, 0.55]
		},
		"thirdperson_lefthand": {
			"translation": [-4.25, 4.75, -3.5],
			"scale": [0.55, 0.55, 0.55]
		},
		"firstperson_righthand": {
			"translation": [0, 7, 0],
			"scale": [0.39, 0.39, 0.39]
		},
		"firstperson_lefthand": {
			"translation": [-4.25, 7, 0],
			"scale": [0.39, 0.39, 0.39]
		},
		"ground": {
			"translation": [8.25, 5.75, 0]
		},
		"gui": {
			"rotation": [30, 225, 0],
			"translation": [0.25, -0.5, 0],
			"scale": [0.4, 0.4, 0.4]
		},
		"head": {
			"translation": [7.5, -26.5, 0]
		},
		"fixed": {
			"rotation": [90, 0, 0],
			"translation": [0, 0, 15.25],
			"scale": [2, 2, 2]
		}
	}
}