{
	"credit": "Made with Blockbench",
	"texture_size": [256, 128],
	"textures": {
		"3": "elitecreature:indian_furniture_v1/indian_lamp_stand"
	},
	"elements": [
		{
			"from": [6, 25, 6],
			"to": [10, 27, 10],
			"rotation": {"angle": 0, "axis": "y", "origin": [0, 30, 0]},
			"faces": {
				"north": {"uv": [11.5, 3.25, 12, 2.75], "texture": "#3"},
				"east": {"uv": [11.5, 3.25, 12, 2.75], "texture": "#3"},
				"south": {"uv": [11.5, 3.25, 12, 2.75], "texture": "#3"},
				"west": {"uv": [11.5, 3.25, 12, 2.75], "texture": "#3"},
				"up": {"uv": [12, 2.25, 11.5, 1.25], "texture": "#3"}
			}
		},
		{
			"from": [4, 0, 4],
			"to": [12, 2, 12],
			"rotation": {"angle": 0, "axis": "y", "origin": [0, 30, 0]},
			"faces": {
				"north": {"uv": [11.5, 2.75, 12.5, 2.25], "texture": "#3"},
				"east": {"uv": [11.5, 2.75, 12.5, 2.25], "texture": "#3"},
				"south": {"uv": [11.5, 2.75, 12.5, 2.25], "texture": "#3"},
				"west": {"uv": [11.5, 2.75, 12.5, 2.25], "texture": "#3"},
				"up": {"uv": [11.5, 2, 10.5, 0], "texture": "#3"},
				"down": {"uv": [11.5, 2, 10.5, 4], "texture": "#3"}
			}
		},
		{
			"from": [5, 23, 5],
			"to": [11, 25, 11],
			"rotation": {"angle": 0, "axis": "y", "origin": [0, 30, 0]},
			"faces": {
				"north": {"uv": [11.5, 0.5, 12.25, 0], "texture": "#3"},
				"east": {"uv": [11.5, 0.5, 12.25, 0], "texture": "#3"},
				"south": {"uv": [11.5, 0.5, 12.25, 0], "texture": "#3"},
				"west": {"uv": [11.5, 0.5, 12.25, 0], "texture": "#3"},
				"up": {"uv": [11.5, 7, 10.75, 5.5], "texture": "#3"},
				"down": {"uv": [11.5, 4, 10.75, 5.5], "texture": "#3"}
			}
		},
		{
			"from": [7, 2, 7],
			"to": [9, 23, 9],
			"rotation": {"angle": 0, "axis": "y", "origin": [0, 30, 0]},
			"faces": {
				"north": {"uv": [10.5, 9.25, 10.75, 4], "texture": "#3"},
				"east": {"uv": [10.5, 9.25, 10.75, 4], "texture": "#3"},
				"south": {"uv": [10.5, 9.25, 10.75, 4], "texture": "#3"},
				"west": {"uv": [10.5, 9.25, 10.75, 4], "texture": "#3"}
			}
		},
		{
			"from": [10, 14, 5],
			"to": [11, 23, 11],
			"rotation": {"angle": 45, "axis": "z", "origin": [11, 23, 8]},
			"faces": {
				"north": {"uv": [15.875, 7.5, 16, 5.25], "texture": "#3"},
				"east": {"uv": [15.125, 7.5, 15.875, 5.25], "texture": "#3"},
				"south": {"uv": [15.875, 7.5, 16, 5.25], "texture": "#3"},
				"west": {"uv": [15.125, 7.5, 15.875, 5.25], "texture": "#3"},
				"up": {"uv": [15, 6.75, 15.125, 5.25], "texture": "#3"},
				"down": {"uv": [15, 6.75, 15.125, 5.25], "texture": "#3"}
			}
		},
		{
			"from": [10.5, 14, 1],
			"to": [10.5, 23, 5],
			"rotation": {"angle": 45, "axis": "z", "origin": [11, 23, 8]},
			"faces": {
				"east": {"uv": [15.5, 9.75, 16, 7.5], "texture": "#3"},
				"west": {"uv": [16, 9.75, 15.5, 7.5], "texture": "#3"}
			}
		},
		{
			"from": [10.5, 14, 11],
			"to": [10.5, 23, 15],
			"rotation": {"angle": 45, "axis": "z", "origin": [11, 23, 8]},
			"faces": {
				"east": {"uv": [16, 9.75, 15.5, 7.5], "texture": "#3"},
				"west": {"uv": [15.5, 9.75, 16, 7.5], "texture": "#3"}
			}
		},
		{
			"from": [9, 2, 8],
			"to": [16, 23, 8],
			"rotation": {"angle": 0, "axis": "y", "origin": [0, 30, 0]},
			"faces": {
				"north": {"uv": [15.125, 5.25, 16, 0], "texture": "#3"},
				"east": {"uv": [10.5, 9.25, 10.75, 4], "texture": "#3"},
				"south": {"uv": [16, 5.25, 15.125, 0], "texture": "#3"},
				"west": {"uv": [10.5, 9.25, 10.75, 4], "texture": "#3"}
			}
		},
		{
			"from": [5, 14, 5],
			"to": [6, 23, 11],
			"rotation": {"angle": -45, "axis": "z", "origin": [5, 23, 8]},
			"faces": {
				"north": {"uv": [16, 7.5, 15.875, 5.25], "texture": "#3"},
				"east": {"uv": [15.875, 7.5, 15.125, 5.25], "texture": "#3"},
				"south": {"uv": [16, 7.5, 15.875, 5.25], "texture": "#3"},
				"west": {"uv": [15.875, 7.5, 15.125, 5.25], "texture": "#3"},
				"up": {"uv": [15.125, 6.75, 15, 5.25], "texture": "#3"},
				"down": {"uv": [15.125, 6.75, 15, 5.25], "texture": "#3"}
			}
		},
		{
			"from": [5.5, 14, 1],
			"to": [5.5, 23, 5],
			"rotation": {"angle": -45, "axis": "z", "origin": [5, 23, 8]},
			"faces": {
				"east": {"uv": [15.5, 9.75, 16, 7.5], "texture": "#3"},
				"west": {"uv": [16, 9.75, 15.5, 7.5], "texture": "#3"}
			}
		},
		{
			"from": [5.5, 14, 11],
			"to": [5.5, 23, 15],
			"rotation": {"angle": -45, "axis": "z", "origin": [5, 23, 8]},
			"faces": {
				"east": {"uv": [16, 9.75, 15.5, 7.5], "texture": "#3"},
				"west": {"uv": [15.5, 9.75, 16, 7.5], "texture": "#3"}
			}
		},
		{
			"from": [0, 2, 8],
			"to": [7, 23, 8],
			"rotation": {"angle": 0, "axis": "y", "origin": [16, 30, 0]},
			"faces": {
				"north": {"uv": [16, 5.25, 15.125, 0], "texture": "#3"},
				"east": {"uv": [10.75, 9.25, 10.5, 4], "texture": "#3"},
				"south": {"uv": [15.125, 5.25, 16, 0], "texture": "#3"},
				"west": {"uv": [10.75, 9.25, 10.5, 4], "texture": "#3"}
			}
		},
		{
			"from": [5, 11.87868, 5.87868],
			"to": [11, 20.87868, 6.87868],
			"rotation": {"angle": 45, "axis": "x", "origin": [8, 23, 8]},
			"faces": {
				"north": {"uv": [15.875, 7.5, 15.125, 5.25], "texture": "#3"},
				"east": {"uv": [16, 7.5, 15.875, 5.25], "texture": "#3"},
				"south": {"uv": [15.875, 7.5, 15.125, 5.25], "texture": "#3"},
				"west": {"uv": [16, 7.5, 15.875, 5.25], "texture": "#3"},
				"up": {"uv": [15.125, 6.75, 15, 5.25], "rotation": 90, "texture": "#3"},
				"down": {"uv": [15.125, 6.75, 15, 5.25], "rotation": 270, "texture": "#3"}
			}
		},
		{
			"from": [11, 11.87868, 6.37868],
			"to": [15, 20.87868, 6.37868],
			"rotation": {"angle": 45, "axis": "x", "origin": [8, 23, 8]},
			"faces": {
				"north": {"uv": [16, 9.75, 15.5, 7.5], "texture": "#3"},
				"south": {"uv": [15.5, 9.75, 16, 7.5], "texture": "#3"}
			}
		},
		{
			"from": [1, 11.87868, 6.37868],
			"to": [5, 20.87868, 6.37868],
			"rotation": {"angle": 45, "axis": "x", "origin": [8, 23, 8]},
			"faces": {
				"north": {"uv": [15.5, 9.75, 16, 7.5], "texture": "#3"},
				"south": {"uv": [16, 9.75, 15.5, 7.5], "texture": "#3"}
			}
		},
		{
			"from": [8, 2, 0],
			"to": [8, 23, 7],
			"rotation": {"angle": 0, "axis": "y", "origin": [8, 23, 8]},
			"faces": {
				"north": {"uv": [10.75, 9.25, 10.5, 4], "texture": "#3"},
				"east": {"uv": [16, 5.25, 15.125, 0], "texture": "#3"},
				"south": {"uv": [10.75, 9.25, 10.5, 4], "texture": "#3"},
				"west": {"uv": [15.125, 5.25, 16, 0], "texture": "#3"}
			}
		},
		{
			"from": [5, 11.87868, 9.12132],
			"to": [11, 20.87868, 10.12132],
			"rotation": {"angle": -45, "axis": "x", "origin": [8, 23, 8]},
			"faces": {
				"north": {"uv": [15.125, 7.5, 15.875, 5.25], "texture": "#3"},
				"east": {"uv": [15.875, 7.5, 16, 5.25], "texture": "#3"},
				"south": {"uv": [15.125, 7.5, 15.875, 5.25], "texture": "#3"},
				"west": {"uv": [15.875, 7.5, 16, 5.25], "texture": "#3"},
				"up": {"uv": [15, 6.75, 15.125, 5.25], "rotation": 90, "texture": "#3"},
				"down": {"uv": [15, 6.75, 15.125, 5.25], "rotation": 270, "texture": "#3"}
			}
		},
		{
			"from": [11, 11.87868, 9.62132],
			"to": [15, 20.87868, 9.62132],
			"rotation": {"angle": -45, "axis": "x", "origin": [8, 23, 8]},
			"faces": {
				"north": {"uv": [16, 9.75, 15.5, 7.5], "texture": "#3"},
				"south": {"uv": [15.5, 9.75, 16, 7.5], "texture": "#3"}
			}
		},
		{
			"from": [1, 11.87868, 9.62132],
			"to": [5, 20.87868, 9.62132],
			"rotation": {"angle": -45, "axis": "x", "origin": [8, 23, 8]},
			"faces": {
				"north": {"uv": [15.5, 9.75, 16, 7.5], "texture": "#3"},
				"south": {"uv": [16, 9.75, 15.5, 7.5], "texture": "#3"}
			}
		},
		{
			"from": [8, 2, 9],
			"to": [8, 23, 16],
			"rotation": {"angle": 0, "axis": "y", "origin": [8, 23, 8]},
			"faces": {
				"north": {"uv": [10.5, 9.25, 10.75, 4], "texture": "#3"},
				"east": {"uv": [15.125, 5.25, 16, 0], "texture": "#3"},
				"south": {"uv": [10.5, 9.25, 10.75, 4], "texture": "#3"},
				"west": {"uv": [16, 5.25, 15.125, 0], "texture": "#3"}
			}
		}
	],
	"gui_light": "front",
	"display": {
		"thirdperson_righthand": {
			"translation": [0, -2.25, 2],
			"scale": [0.56, 0.56, 0.56]
		},
		"thirdperson_lefthand": {
			"translation": [0, -2.25, 2],
			"scale": [0.56, 0.56, 0.56]
		},
		"firstperson_righthand": {
			"translation": [0, -2.25, 2],
			"scale": [0.56, 0.56, 0.56]
		},
		"firstperson_lefthand": {
			"translation": [0, -2.25, 2],
			"scale": [0.56, 0.56, 0.56]
		},
		"ground": {
			"translation": [0, 3.25, 0],
			"scale": [0.7, 0.7, 0.7]
		},
		"gui": {
			"rotation": [30, 225, 0],
			"translation": [0, -2, 0],
			"scale": [0.43, 0.43, 0.43]
		},
		"fixed": {
			"rotation": [-90, 0, 0],
			"translation": [0, 0, -16.75],
			"scale": [2, 2, 2]
		}
	},
	"groups": [
		0,
		1,
		2,
		3,
		{
			"name": "group",
			"origin": [11, 23, 8],
			"color": 0,
			"children": [4, 5, 6, 7]
		},
		{
			"name": "group",
			"origin": [11, 23, 8],
			"color": 0,
			"children": [8, 9, 10, 11]
		},
		{
			"name": "group",
			"origin": [11, 23, 8],
			"color": 0,
			"children": [12, 13, 14, 15]
		},
		{
			"name": "group",
			"origin": [11, 23, 8],
			"color": 0,
			"children": [16, 17, 18, 19]
		}
	]
}