{
	"credit": "Made with Blockbench",
	"texture_size": [64, 64],
	"textures": {
		"1": "elitecreature:indian_furniture_v1/indian_pictureframe_2"
	},
	"elements": [
		{
			"from": [-15, 29, 14],
			"to": [15, 31, 16],
			"faces": {
				"north": {"uv": [7.5, 6.5, 15, 7], "texture": "#1"},
				"east": {"uv": [8.25, 4, 8.75, 4.5], "texture": "#1"},
				"west": {"uv": [8.25, 4.5, 8.75, 5], "texture": "#1"},
				"up": {"uv": [15, 7.5, 7.5, 7], "texture": "#1"},
				"down": {"uv": [15, 7.5, 7.5, 8], "texture": "#1"}
			}
		},
		{
			"from": [-15, 1, 14],
			"to": [15, 3, 16],
			"rotation": {"angle": 0, "axis": "y", "origin": [0, 16, 0]},
			"faces": {
				"north": {"uv": [7.5, 7, 15, 6.5], "texture": "#1"},
				"east": {"uv": [8.25, 4.5, 8.75, 4], "texture": "#1"},
				"west": {"uv": [8.25, 5, 8.75, 4.5], "texture": "#1"},
				"up": {"uv": [15, 8, 7.5, 7.5], "texture": "#1"},
				"down": {"uv": [15, 7, 7.5, 7.5], "texture": "#1"}
			}
		},
		{
			"from": [10, 26, 13.75],
			"to": [16, 32, 13.75],
			"rotation": {"angle": 0, "axis": "y", "origin": [14, 29, 10]},
			"faces": {
				"north": {"uv": [8.25, 1, 9.75, 2.5], "texture": "#1"}
			}
		},
		{
			"from": [-3, 26, 13.75],
			"to": [3, 32, 13.75],
			"rotation": {"angle": 0, "axis": "y", "origin": [14, 29, 10]},
			"faces": {
				"north": {"uv": [8.25, 2.5, 9.75, 4], "texture": "#1"}
			}
		},
		{
			"from": [12, 3, 14],
			"to": [15, 29, 16],
			"faces": {
				"north": {"uv": [7.5, 0, 8.25, 6.5], "texture": "#1"},
				"east": {"uv": [8.5, 8, 9, 14.5], "texture": "#1"},
				"west": {"uv": [9, 8, 9.5, 14.5], "texture": "#1"}
			}
		},
		{
			"from": [-15, 3, 14],
			"to": [-12, 29, 16],
			"rotation": {"angle": 0, "axis": "y", "origin": [16, 0, 0]},
			"faces": {
				"north": {"uv": [8.25, 0, 7.5, 6.5], "texture": "#1"},
				"east": {"uv": [9.5, 8, 9, 14.5], "texture": "#1"},
				"west": {"uv": [9, 8, 8.5, 14.5], "texture": "#1"}
			}
		},
		{
			"from": [-15, 1, 16],
			"to": [15, 31, 18],
			"faces": {
				"north": {"uv": [0, 0, 7.5, 7.5], "texture": "#1"},
				"east": {"uv": [7.5, 8, 8, 15.5], "texture": "#1"},
				"south": {"uv": [0, 7.5, 7.5, 15], "texture": "#1"},
				"west": {"uv": [8, 8, 8.5, 15.5], "texture": "#1"},
				"up": {"uv": [15.75, 0.5, 8.25, 0], "texture": "#1"},
				"down": {"uv": [15.75, 0, 8.25, 0.5], "texture": "#1"}
			}
		}
	],
	"gui_light": "front",
	"display": {
		"thirdperson_righthand": {
			"rotation": [0, 180, 0],
			"translation": [-1.75, 0.75, 2.75],
			"scale": [0.22, 0.22, 0.22]
		},
		"thirdperson_lefthand": {
			"rotation": [0, 180, 0],
			"translation": [1.75, 0.75, 2.75],
			"scale": [0.22, 0.22, 0.22]
		},
		"firstperson_righthand": {
			"rotation": [0, 180, 0],
			"translation": [-1.5, 0, 0],
			"scale": [0.5, 0.5, 0.5]
		},
		"firstperson_lefthand": {
			"rotation": [0, 180, 0],
			"translation": [5, 0, 0],
			"scale": [0.5, 0.5, 0.5]
		},
		"ground": {
			"translation": [3.5, 0, -4.5],
			"scale": [0.46, 0.46, 0.46]
		},
		"gui": {
			"rotation": [30, 225, 0],
			"translation": [0.25, -4.5, 0],
			"scale": [0.34, 0.34, 0.34]
		},
		"fixed": {
			"translation": [0, 0, -20],
			"scale": [2, 2, 2]
		}
	},
	"groups": [
		{
			"name": "group",
			"origin": [0, 0, 0],
			"color": 0,
			"children": [
				0,
				1,
				2,
				3,
				{
					"name": "group",
					"origin": [0, 0, 0],
					"color": 0,
					"children": [4, 5, 6]
				}
			]
		}
	]
}