{
	"credit": "Made with Blockbench",
	"texture_size": [64, 64],
	"textures": {
		"0": "elitecreature:indian_furniture_v1/indian_table_long",
		"particle": "elitecreature:indian_furniture_v1/indian_table_long"
	},
	"elements": [
		{
			"from": [-15, 14, 1],
			"to": [15, 16, 15],
			"faces": {
				"north": {"uv": [0, 12, 7.5, 12.5], "texture": "#0"},
				"east": {"uv": [6.5, 0, 10, 0.5], "texture": "#0"},
				"south": {"uv": [0, 12, 7.5, 12.5], "texture": "#0"},
				"west": {"uv": [6.5, 0, 10, 0.5], "texture": "#0"},
				"up": {"uv": [15, 16, 7.5, 12.5], "texture": "#0"},
				"down": {"uv": [7.5, 12.5, 0, 16], "texture": "#0"}
			}
		},
		{
			"from": [-14, 9, 14],
			"to": [14, 14, 14],
			"rotation": {"angle": 0, "axis": "y", "origin": [0, 16, 0]},
			"faces": {
				"north": {"uv": [9, 6, 16, 4.75], "texture": "#0"},
				"south": {"uv": [9, 6, 16, 4.75], "texture": "#0"}
			}
		},
		{
			"from": [-14, 9, 2],
			"to": [14, 14, 2],
			"rotation": {"angle": 0, "axis": "y", "origin": [0, 16, 16]},
			"faces": {
				"north": {"uv": [16, 6, 9, 4.75], "texture": "#0"},
				"south": {"uv": [16, 6, 9, 4.75], "texture": "#0"}
			}
		},
		{
			"from": [15, 9, 1],
			"to": [15, 14, 15],
			"rotation": {"angle": 0, "axis": "y", "origin": [0, 11.5, 2]},
			"faces": {
				"east": {"uv": [14.25, 6, 10.75, 4.75], "texture": "#0"},
				"west": {"uv": [10.75, 6, 14.25, 4.75], "texture": "#0"}
			}
		},
		{
			"from": [-15, 9, 1],
			"to": [-15, 14, 15],
			"rotation": {"angle": 0, "axis": "y", "origin": [0, 11.5, 2]},
			"faces": {
				"east": {"uv": [14.25, 6, 10.75, 4.75], "texture": "#0"},
				"west": {"uv": [10.75, 6, 14.25, 4.75], "texture": "#0"}
			}
		},
		{
			"from": [12.5, 1, 3],
			"to": [14.5, 12, 5],
			"rotation": {"angle": 0, "axis": "y", "origin": [16, 0, 0]},
			"faces": {
				"north": {"uv": [7.5, 9.75, 8, 12.5], "texture": "#0"},
				"east": {"uv": [8, 9.75, 8.5, 12.5], "texture": "#0"},
				"south": {"uv": [7.5, 9.75, 8, 12.5], "texture": "#0"},
				"west": {"uv": [8, 9.75, 8.5, 12.5], "texture": "#0"}
			}
		},
		{
			"from": [-14.5, 1, 11],
			"to": [-12.5, 12, 13],
			"faces": {
				"north": {"uv": [8, 9.75, 7.5, 12.5], "texture": "#0"},
				"east": {"uv": [8.5, 9.75, 8, 12.5], "texture": "#0"},
				"south": {"uv": [8, 9.75, 7.5, 12.5], "texture": "#0"},
				"west": {"uv": [8.5, 9.75, 8, 12.5], "texture": "#0"}
			}
		},
		{
			"from": [12.5, 12, 2.5],
			"to": [14.5, 14, 5.5],
			"rotation": {"angle": 0, "axis": "y", "origin": [16, 0, 0]},
			"faces": {
				"north": {"uv": [7.25, 5.5, 7.75, 6], "texture": "#0"},
				"east": {"uv": [6.5, 5.5, 7.25, 6], "texture": "#0"},
				"south": {"uv": [7.25, 5.5, 7.75, 6], "texture": "#0"},
				"west": {"uv": [6.5, 5.5, 7.25, 6], "texture": "#0"},
				"down": {"uv": [2.25, 7, 1.75, 7.75], "texture": "#0"}
			}
		},
		{
			"from": [12.5, 0, 1.5],
			"to": [14.5, 1, 6.5],
			"rotation": {"angle": 0, "axis": "y", "origin": [16, 0, 0]},
			"faces": {
				"north": {"uv": [7.5, 2.5, 8, 2.75], "texture": "#0"},
				"east": {"uv": [7, 5, 8.25, 5.25], "texture": "#0"},
				"south": {"uv": [7.5, 2.75, 8, 3], "texture": "#0"},
				"west": {"uv": [7, 5, 8.25, 5.25], "texture": "#0"},
				"up": {"uv": [0.5, 8.25, 0, 7], "texture": "#0"},
				"down": {"uv": [1, 7, 0.5, 8.25], "texture": "#0"}
			}
		},
		{
			"from": [12.5, 1, 1.5],
			"to": [14.5, 2, 2.5],
			"rotation": {"angle": 0, "axis": "y", "origin": [16, 0, 0]},
			"faces": {
				"north": {"uv": [7.5, 3, 8, 3.25], "texture": "#0"},
				"east": {"uv": [3.25, 7, 3.5, 7.25], "texture": "#0"},
				"south": {"uv": [7.5, 3.25, 8, 3.5], "texture": "#0"},
				"west": {"uv": [3.5, 7, 3.25, 7.25], "texture": "#0"},
				"up": {"uv": [8, 3.75, 7.5, 3.5], "texture": "#0"},
				"down": {"uv": [8, 3.75, 7.5, 4], "texture": "#0"}
			}
		},
		{
			"from": [12.5, 1, 5.5],
			"to": [14.5, 2, 6.5],
			"rotation": {"angle": 0, "axis": "y", "origin": [16, 0, 16]},
			"faces": {
				"north": {"uv": [8, 3.25, 7.5, 3.5], "texture": "#0"},
				"east": {"uv": [3.5, 7, 3.25, 7.25], "texture": "#0"},
				"south": {"uv": [8, 3, 7.5, 3.25], "texture": "#0"},
				"west": {"uv": [3.25, 7, 3.5, 7.25], "texture": "#0"},
				"up": {"uv": [8, 3.5, 7.5, 3.75], "texture": "#0"},
				"down": {"uv": [8, 4, 7.5, 3.75], "texture": "#0"}
			}
		},
		{
			"from": [-14.5, 12, 2.5],
			"to": [-12.5, 14, 5.5],
			"faces": {
				"north": {"uv": [7.75, 5.5, 7.25, 6], "texture": "#0"},
				"east": {"uv": [7.25, 5.5, 6.5, 6], "texture": "#0"},
				"south": {"uv": [7.75, 5.5, 7.25, 6], "texture": "#0"},
				"west": {"uv": [7.25, 5.5, 6.5, 6], "texture": "#0"},
				"down": {"uv": [1.75, 7, 2.25, 7.75], "texture": "#0"}
			}
		},
		{
			"from": [-14.5, 0, 1.5],
			"to": [-12.5, 1, 6.5],
			"faces": {
				"north": {"uv": [8, 2.5, 7.5, 2.75], "texture": "#0"},
				"east": {"uv": [8.25, 5, 7, 5.25], "texture": "#0"},
				"south": {"uv": [8, 2.75, 7.5, 3], "texture": "#0"},
				"west": {"uv": [8.25, 5, 7, 5.25], "texture": "#0"},
				"up": {"uv": [0, 8.25, 0.5, 7], "texture": "#0"},
				"down": {"uv": [0.5, 7, 1, 8.25], "texture": "#0"}
			}
		},
		{
			"from": [-14.5, 1, 1.5],
			"to": [-12.5, 2, 2.5],
			"faces": {
				"north": {"uv": [8, 3, 7.5, 3.25], "texture": "#0"},
				"east": {"uv": [3.25, 7, 3.5, 7.25], "texture": "#0"},
				"south": {"uv": [8, 3.25, 7.5, 3.5], "texture": "#0"},
				"west": {"uv": [3.5, 7, 3.25, 7.25], "texture": "#0"},
				"up": {"uv": [7.5, 3.75, 8, 3.5], "texture": "#0"},
				"down": {"uv": [7.5, 3.75, 8, 4], "texture": "#0"}
			}
		},
		{
			"from": [-14.5, 1, 5.5],
			"to": [-12.5, 2, 6.5],
			"rotation": {"angle": 0, "axis": "y", "origin": [0, 0, 16]},
			"faces": {
				"north": {"uv": [7.5, 3.25, 8, 3.5], "texture": "#0"},
				"east": {"uv": [3.5, 7, 3.25, 7.25], "texture": "#0"},
				"south": {"uv": [7.5, 3, 8, 3.25], "texture": "#0"},
				"west": {"uv": [3.25, 7, 3.5, 7.25], "texture": "#0"},
				"up": {"uv": [7.5, 3.5, 8, 3.75], "texture": "#0"},
				"down": {"uv": [7.5, 4, 8, 3.75], "texture": "#0"}
			}
		},
		{
			"from": [-14.5, 1, 3],
			"to": [-12.5, 12, 5],
			"faces": {
				"north": {"uv": [8, 9.75, 7.5, 12.5], "texture": "#0"},
				"east": {"uv": [8.5, 9.75, 8, 12.5], "texture": "#0"},
				"south": {"uv": [8, 9.75, 7.5, 12.5], "texture": "#0"},
				"west": {"uv": [8.5, 9.75, 8, 12.5], "texture": "#0"}
			}
		},
		{
			"from": [12.5, 1, 11],
			"to": [14.5, 12, 13],
			"rotation": {"angle": 0, "axis": "y", "origin": [16, 0, 0]},
			"faces": {
				"north": {"uv": [7.5, 9.75, 8, 12.5], "texture": "#0"},
				"east": {"uv": [8, 9.75, 8.5, 12.5], "texture": "#0"},
				"south": {"uv": [7.5, 9.75, 8, 12.5], "texture": "#0"},
				"west": {"uv": [8, 9.75, 8.5, 12.5], "texture": "#0"}
			}
		},
		{
			"from": [12.5, 12, 10.5],
			"to": [14.5, 14, 13.5],
			"rotation": {"angle": 0, "axis": "y", "origin": [16, 0, 16]},
			"faces": {
				"north": {"uv": [7.75, 5.5, 7.25, 6], "texture": "#0"},
				"east": {"uv": [7.25, 5.5, 6.5, 6], "texture": "#0"},
				"south": {"uv": [7.75, 5.5, 7.25, 6], "texture": "#0"},
				"west": {"uv": [7.25, 5.5, 6.5, 6], "texture": "#0"},
				"down": {"uv": [2.25, 7.75, 1.75, 7], "texture": "#0"}
			}
		},
		{
			"from": [12.5, 0, 9.5],
			"to": [14.5, 1, 14.5],
			"rotation": {"angle": 0, "axis": "y", "origin": [16, 0, 16]},
			"faces": {
				"north": {"uv": [8, 2.75, 7.5, 3], "texture": "#0"},
				"east": {"uv": [8.25, 5, 7, 5.25], "texture": "#0"},
				"south": {"uv": [8, 2.5, 7.5, 2.75], "texture": "#0"},
				"west": {"uv": [8.25, 5, 7, 5.25], "texture": "#0"},
				"up": {"uv": [0.5, 7, 0, 8.25], "texture": "#0"},
				"down": {"uv": [1, 8.25, 0.5, 7], "texture": "#0"}
			}
		},
		{
			"from": [12.5, 1, 13.5],
			"to": [14.5, 2, 14.5],
			"rotation": {"angle": 0, "axis": "y", "origin": [16, 0, 16]},
			"faces": {
				"north": {"uv": [8, 3.25, 7.5, 3.5], "texture": "#0"},
				"east": {"uv": [3.5, 7, 3.25, 7.25], "texture": "#0"},
				"south": {"uv": [8, 3, 7.5, 3.25], "texture": "#0"},
				"west": {"uv": [3.25, 7, 3.5, 7.25], "texture": "#0"},
				"up": {"uv": [8, 3.5, 7.5, 3.75], "texture": "#0"},
				"down": {"uv": [8, 4, 7.5, 3.75], "texture": "#0"}
			}
		},
		{
			"from": [12.5, 1, 9.5],
			"to": [14.5, 2, 10.5],
			"rotation": {"angle": 0, "axis": "y", "origin": [16, 0, 0]},
			"faces": {
				"north": {"uv": [7.5, 3, 8, 3.25], "texture": "#0"},
				"east": {"uv": [3.25, 7, 3.5, 7.25], "texture": "#0"},
				"south": {"uv": [7.5, 3.25, 8, 3.5], "texture": "#0"},
				"west": {"uv": [3.5, 7, 3.25, 7.25], "texture": "#0"},
				"up": {"uv": [8, 3.75, 7.5, 3.5], "texture": "#0"},
				"down": {"uv": [8, 3.75, 7.5, 4], "texture": "#0"}
			}
		},
		{
			"from": [-14.5, 12, 10.5],
			"to": [-12.5, 14, 13.5],
			"rotation": {"angle": 0, "axis": "y", "origin": [0, 0, 16]},
			"faces": {
				"north": {"uv": [7.25, 5.5, 7.75, 6], "texture": "#0"},
				"east": {"uv": [6.5, 5.5, 7.25, 6], "texture": "#0"},
				"south": {"uv": [7.25, 5.5, 7.75, 6], "texture": "#0"},
				"west": {"uv": [6.5, 5.5, 7.25, 6], "texture": "#0"},
				"down": {"uv": [1.75, 7.75, 2.25, 7], "texture": "#0"}
			}
		},
		{
			"from": [-14.5, 0, 9.5],
			"to": [-12.5, 1, 14.5],
			"rotation": {"angle": 0, "axis": "y", "origin": [0, 0, 16]},
			"faces": {
				"north": {"uv": [7.5, 2.75, 8, 3], "texture": "#0"},
				"east": {"uv": [7, 5, 8.25, 5.25], "texture": "#0"},
				"south": {"uv": [7.5, 2.5, 8, 2.75], "texture": "#0"},
				"west": {"uv": [7, 5, 8.25, 5.25], "texture": "#0"},
				"up": {"uv": [0, 7, 0.5, 8.25], "texture": "#0"},
				"down": {"uv": [0.5, 8.25, 1, 7], "texture": "#0"}
			}
		},
		{
			"from": [-14.5, 1, 13.5],
			"to": [-12.5, 2, 14.5],
			"rotation": {"angle": 0, "axis": "y", "origin": [0, 0, 16]},
			"faces": {
				"north": {"uv": [7.5, 3.25, 8, 3.5], "texture": "#0"},
				"east": {"uv": [3.5, 7, 3.25, 7.25], "texture": "#0"},
				"south": {"uv": [7.5, 3, 8, 3.25], "texture": "#0"},
				"west": {"uv": [3.25, 7, 3.5, 7.25], "texture": "#0"},
				"up": {"uv": [7.5, 3.5, 8, 3.75], "texture": "#0"},
				"down": {"uv": [7.5, 4, 8, 3.75], "texture": "#0"}
			}
		},
		{
			"from": [-14.5, 1, 9.5],
			"to": [-12.5, 2, 10.5],
			"faces": {
				"north": {"uv": [8, 3, 7.5, 3.25], "texture": "#0"},
				"east": {"uv": [3.25, 7, 3.5, 7.25], "texture": "#0"},
				"south": {"uv": [8, 3.25, 7.5, 3.5], "texture": "#0"},
				"west": {"uv": [3.5, 7, 3.25, 7.25], "texture": "#0"},
				"up": {"uv": [7.5, 3.75, 8, 3.5], "texture": "#0"},
				"down": {"uv": [7.5, 3.75, 8, 4], "texture": "#0"}
			}
		}
	],
	"gui_light": "front",
	"display": {
		"thirdperson_righthand": {
			"translation": [-2.5, 0, 0],
			"scale": [0.42, 0.42, 0.42]
		},
		"thirdperson_lefthand": {
			"translation": [-9, 0, 0],
			"scale": [0.42, 0.42, 0.42]
		},
		"firstperson_righthand": {
			"translation": [2.5, 3.25, 0],
			"scale": [0.44, 0.44, 0.44]
		},
		"firstperson_lefthand": {
			"translation": [-7, 3.25, 0],
			"scale": [0.44, 0.44, 0.44]
		},
		"ground": {
			"translation": [4.5, 2, -0.5],
			"scale": [0.5, 0.5, 0.5]
		},
		"gui": {
			"rotation": [30, 225, 0],
			"translation": [-1.5, -1.25, 0],
			"scale": [0.25, 0.25, 0.25]
		},
		"head": {
			"translation": [0, -30.5, 0],
			"scale": [1.6, 1.6, 1.6]
		},
		"fixed": {
			"translation": [0, -4, -4.25],
			"scale": [0, 0, 0]
		}
	},
	"groups": [
		0,
		1,
		2,
		3,
		4,
		{
			"name": "group",
			"origin": [16, 0, 16],
			"color": 0,
			"children": [5, 6, 7, 8, 9, 10]
		},
		{
			"name": "group",
			"origin": [16, 0, 16],
			"color": 0,
			"children": [11, 12, 13, 14, 15, 16]
		},
		{
			"name": "group",
			"origin": [16, 0, 16],
			"color": 0,
			"children": [17, 18, 19, 20]
		},
		{
			"name": "group",
			"origin": [16, 0, 16],
			"color": 0,
			"children": [21, 22, 23, 24]
		}
	]
}