{
	"credit": "Made with Blockbench",
	"texture_size": [32, 32],
	"textures": {
		"0": "elitecreature:indian_furniture_v1/indian_carpet_1",
		"particle": "elitecreature:indian_furniture_v1/indian_carpet_1"
	},
	"elements": [
		{
			"from": [-16, 0.25, 0],
			"to": [16, 0.25, 16],
			"faces": {
				"up": {"uv": [16, 8, 0, 0], "texture": "#0"},
				"down": {"uv": [0, 8, 16, 0], "texture": "#0"}
			}
		}
	],
	"gui_light": "front",
	"display": {
		"thirdperson_righthand": {
			"translation": [-1.75, 4.75, 1],
			"scale": [0.55, 0.55, 0.55]
		},
		"thirdperson_lefthand": {
			"translation": [-10.25, 4.75, 1],
			"scale": [0.55, 0.55, 0.55]
		},
		"firstperson_righthand": {
			"translation": [0, 5.5, 0],
			"scale": [0.56, 0.56, 0.56]
		},
		"firstperson_lefthand": {
			"translation": [-4.75, 5.5, 0],
			"scale": [0.56, 0.56, 0.56]
		},
		"ground": {
			"translation": [8.25, 5.75, 0]
		},
		"gui": {
			"rotation": [30, 225, 0],
			"translation": [-2.25, 0.75, 0],
			"scale": [0.4, 0.4, 0.4]
		},
		"head": {
			"translation": [7.5, 0, 0]
		},
		"fixed": {
			"rotation": [90, 0, 0],
			"translation": [0, 0, 15.25],
			"scale": [2, 2, 2]
		}
	}
}