{
	"credit": "Made with Blockbench",
	"texture_size": [64, 64],
	"textures": {
		"1": "elitecreature:indian_furniture_v1/indian_pot"
	},
	"elements": [
		{
			"from": [3, 0, 3],
			"to": [13, 2, 13],
			"faces": {
				"north": {"uv": [5.5, 2, 8, 2.5], "texture": "#1"},
				"east": {"uv": [5.5, 2, 8, 2.5], "texture": "#1"},
				"south": {"uv": [5.5, 2, 8, 2.5], "texture": "#1"},
				"west": {"uv": [5.5, 2, 8, 2.5], "texture": "#1"},
				"down": {"uv": [5.5, 0, 3, 2.5], "texture": "#1"}
			}
		},
		{
			"from": [2, 2, 2],
			"to": [14, 8, 14],
			"faces": {
				"north": {"uv": [3, 2.5, 6, 4], "texture": "#1"},
				"east": {"uv": [3, 2.5, 6, 4], "texture": "#1"},
				"south": {"uv": [3, 2.5, 6, 4], "texture": "#1"},
				"west": {"uv": [3, 2.5, 6, 4], "texture": "#1"},
				"up": {"uv": [3, 3, 0, 0], "texture": "#1"},
				"down": {"uv": [3, 3, 0, 6], "texture": "#1"}
			}
		},
		{
			"from": [4, 13, 4],
			"to": [12, 15, 12],
			"faces": {
				"north": {"uv": [6, 3, 8, 3.5], "texture": "#1"},
				"east": {"uv": [6, 3.5, 8, 4], "texture": "#1"},
				"south": {"uv": [6, 3, 8, 3.5], "texture": "#1"},
				"west": {"uv": [6, 3.5, 8, 4], "texture": "#1"},
				"up": {"uv": [7.5, 2, 5.5, 0], "texture": "#1"},
				"down": {"uv": [5, 5.5, 3, 7.5], "texture": "#1"}
			}
		},
		{
			"from": [5, 8, 5],
			"to": [11, 13, 11],
			"faces": {
				"north": {"uv": [5, 5.5, 6.5, 6.75], "texture": "#1"},
				"east": {"uv": [0, 6, 1.5, 7.25], "texture": "#1"},
				"south": {"uv": [5, 5.5, 6.5, 6.75], "texture": "#1"},
				"west": {"uv": [0, 6, 1.5, 7.25], "texture": "#1"}
			}
		}
	],
	"gui_light": "front",
	"display": {
		"thirdperson_righthand": {
			"translation": [0, 1, 2.75],
			"scale": [0.38, 0.38, 0.38]
		},
		"thirdperson_lefthand": {
			"translation": [0, 1, 2.75],
			"scale": [0.38, 0.38, 0.38]
		},
		"ground": {
			"translation": [0, 3, 0],
			"scale": [0.67, 0.67, 0.67]
		},
		"gui": {
			"rotation": [30, 225, 0],
			"scale": [0.625, 0.625, 0.625]
		},
		"fixed": {
			"rotation": [-90, 0, 0],
			"translation": [0, 0, -16],
			"scale": [2, 2, 2]
		}
	}
}