{
	"credit": "Made with Blockbench",
	"texture_size": [64, 64],
	"textures": {
		"1": "elitecreature:indian_furniture_v1/indian_table_big"
	},
	"elements": [
		{
			"from": [-15, 14, 1],
			"to": [15, 16, 31],
			"faces": {
				"north": {"uv": [7.5, 1.25, 15, 1.75], "texture": "#1"},
				"east": {"uv": [7.5, 1.75, 15, 2.25], "texture": "#1"},
				"south": {"uv": [7.5, 2.25, 15, 2.75], "texture": "#1"},
				"west": {"uv": [7.5, 2.75, 15, 3.25], "texture": "#1"},
				"up": {"uv": [7.5, 7.5, 0, 0], "texture": "#1"},
				"down": {"uv": [7.5, 7.5, 0, 15], "texture": "#1"}
			}
		},
		{
			"from": [14, 9, 2],
			"to": [14, 14, 30],
			"rotation": {"angle": 0, "axis": "y", "origin": [0, 11.5, 2]},
			"faces": {
				"east": {"uv": [7.5, 0, 14.5, 1.25], "texture": "#1"},
				"west": {"uv": [14.5, 0, 7.5, 1.25], "texture": "#1"}
			}
		},
		{
			"from": [-14, 9, 2],
			"to": [-14, 14, 30],
			"rotation": {"angle": 0, "axis": "y", "origin": [16, 11.5, 2]},
			"faces": {
				"east": {"uv": [7.5, 0, 14.5, 1.25], "texture": "#1"},
				"west": {"uv": [14.5, 0, 7.5, 1.25], "texture": "#1"}
			}
		},
		{
			"from": [-14, 9, 29],
			"to": [14, 14, 29],
			"rotation": {"angle": 0, "axis": "y", "origin": [8, 11.5, 16]},
			"faces": {
				"north": {"uv": [14.5, 0, 7.5, 1.25], "texture": "#1"},
				"south": {"uv": [7.5, 0, 14.5, 1.25], "texture": "#1"}
			}
		},
		{
			"from": [-14, 9, 3],
			"to": [14, 14, 3],
			"rotation": {"angle": 0, "axis": "y", "origin": [8, 11.5, 16]},
			"faces": {
				"north": {"uv": [14.5, 0, 7.5, 1.25], "texture": "#1"},
				"south": {"uv": [7.5, 0, 14.5, 1.25], "texture": "#1"}
			}
		},
		{
			"from": [12.5, 1, 2],
			"to": [14.5, 12, 4],
			"rotation": {"angle": 0, "axis": "y", "origin": [16, 0, 0]},
			"faces": {
				"north": {"uv": [7.5, 3.25, 8, 6], "texture": "#1"},
				"east": {"uv": [7.5, 6, 8, 8.75], "texture": "#1"},
				"south": {"uv": [8, 3.25, 8.5, 6], "texture": "#1"},
				"west": {"uv": [8, 6, 8.5, 8.75], "texture": "#1"}
			}
		},
		{
			"from": [12.5, 12, 1.5],
			"to": [14.5, 14, 4.5],
			"rotation": {"angle": 0, "axis": "y", "origin": [16, 0, 0]},
			"faces": {
				"north": {"uv": [8.5, 8, 9, 8.5], "texture": "#1"},
				"east": {"uv": [8.5, 5.75, 9.25, 6.25], "texture": "#1"},
				"south": {"uv": [8.5, 8.5, 9, 9], "texture": "#1"},
				"west": {"uv": [8.5, 6.25, 9.25, 6.75], "texture": "#1"},
				"down": {"uv": [9, 6.75, 8.5, 7.5], "texture": "#1"}
			}
		},
		{
			"from": [12.5, 0, 0.5],
			"to": [14.5, 1, 5.5],
			"rotation": {"angle": 0, "axis": "y", "origin": [16, 0, 0]},
			"faces": {
				"north": {"uv": [7.5, 8.75, 8, 9], "texture": "#1"},
				"east": {"uv": [8.5, 7.5, 9.75, 7.75], "texture": "#1"},
				"south": {"uv": [8, 8.75, 8.5, 9], "texture": "#1"},
				"west": {"uv": [8.5, 7.75, 9.75, 8], "texture": "#1"},
				"up": {"uv": [9, 4.5, 8.5, 3.25], "texture": "#1"},
				"down": {"uv": [9, 4.5, 8.5, 5.75], "texture": "#1"}
			}
		},
		{
			"from": [12.5, 1, 0.5],
			"to": [14.5, 2, 1.5],
			"rotation": {"angle": 0, "axis": "y", "origin": [16, 0, 0]},
			"faces": {
				"north": {"uv": [9, 3.25, 9.5, 3.5], "texture": "#1"},
				"east": {"uv": [9, 5.25, 9.25, 5.5], "texture": "#1"},
				"south": {"uv": [9, 3.5, 9.5, 3.75], "texture": "#1"},
				"west": {"uv": [9, 5.5, 9.25, 5.75], "texture": "#1"},
				"up": {"uv": [9.5, 4, 9, 3.75], "texture": "#1"},
				"down": {"uv": [9.5, 4, 9, 4.25], "texture": "#1"}
			}
		},
		{
			"from": [12.5, 1, 4.5],
			"to": [14.5, 2, 5.5],
			"rotation": {"angle": 0, "axis": "y", "origin": [16, 0, 16]},
			"faces": {
				"north": {"uv": [9, 4.25, 9.5, 4.5], "texture": "#1"},
				"east": {"uv": [9, 6.75, 9.25, 7], "texture": "#1"},
				"south": {"uv": [9, 4.5, 9.5, 4.75], "texture": "#1"},
				"west": {"uv": [9, 7, 9.25, 7.25], "texture": "#1"},
				"up": {"uv": [9.5, 5, 9, 4.75], "texture": "#1"},
				"down": {"uv": [9.5, 5, 9, 5.25], "texture": "#1"}
			}
		},
		{
			"from": [-14.5, 1, 2],
			"to": [-12.5, 12, 4],
			"faces": {
				"north": {"uv": [8, 3.25, 7.5, 6], "texture": "#1"},
				"east": {"uv": [8.5, 6, 8, 8.75], "texture": "#1"},
				"south": {"uv": [8.5, 3.25, 8, 6], "texture": "#1"},
				"west": {"uv": [8, 6, 7.5, 8.75], "texture": "#1"}
			}
		},
		{
			"from": [-14.5, 12, 1.5],
			"to": [-12.5, 14, 4.5],
			"faces": {
				"north": {"uv": [9, 8, 8.5, 8.5], "texture": "#1"},
				"east": {"uv": [9.25, 6.25, 8.5, 6.75], "texture": "#1"},
				"south": {"uv": [9, 8.5, 8.5, 9], "texture": "#1"},
				"west": {"uv": [9.25, 5.75, 8.5, 6.25], "texture": "#1"},
				"down": {"uv": [8.5, 6.75, 9, 7.5], "texture": "#1"}
			}
		},
		{
			"from": [-14.5, 0, 0.5],
			"to": [-12.5, 1, 5.5],
			"faces": {
				"north": {"uv": [8, 8.75, 7.5, 9], "texture": "#1"},
				"east": {"uv": [9.75, 7.75, 8.5, 8], "texture": "#1"},
				"south": {"uv": [8.5, 8.75, 8, 9], "texture": "#1"},
				"west": {"uv": [9.75, 7.5, 8.5, 7.75], "texture": "#1"},
				"up": {"uv": [8.5, 4.5, 9, 3.25], "texture": "#1"},
				"down": {"uv": [8.5, 4.5, 9, 5.75], "texture": "#1"}
			}
		},
		{
			"from": [-14.5, 1, 0.5],
			"to": [-12.5, 2, 1.5],
			"faces": {
				"north": {"uv": [9.5, 3.25, 9, 3.5], "texture": "#1"},
				"east": {"uv": [9.25, 5.5, 9, 5.75], "texture": "#1"},
				"south": {"uv": [9.5, 3.5, 9, 3.75], "texture": "#1"},
				"west": {"uv": [9.25, 5.25, 9, 5.5], "texture": "#1"},
				"up": {"uv": [9, 4, 9.5, 3.75], "texture": "#1"},
				"down": {"uv": [9, 4, 9.5, 4.25], "texture": "#1"}
			}
		},
		{
			"from": [-14.5, 1, 4.5],
			"to": [-12.5, 2, 5.5],
			"rotation": {"angle": 0, "axis": "y", "origin": [0, 0, 16]},
			"faces": {
				"north": {"uv": [9.5, 4.25, 9, 4.5], "texture": "#1"},
				"east": {"uv": [9.25, 7, 9, 7.25], "texture": "#1"},
				"south": {"uv": [9.5, 4.5, 9, 4.75], "texture": "#1"},
				"west": {"uv": [9.25, 6.75, 9, 7], "texture": "#1"},
				"up": {"uv": [9, 5, 9.5, 4.75], "texture": "#1"},
				"down": {"uv": [9, 5, 9.5, 5.25], "texture": "#1"}
			}
		},
		{
			"from": [-14.5, 1, 28],
			"to": [-12.5, 12, 30],
			"rotation": {"angle": 0, "axis": "y", "origin": [0, 0, 16]},
			"faces": {
				"north": {"uv": [8, 3.25, 8.5, 6], "texture": "#1"},
				"east": {"uv": [8, 6, 8.5, 8.75], "texture": "#1"},
				"south": {"uv": [7.5, 3.25, 8, 6], "texture": "#1"},
				"west": {"uv": [7.5, 6, 8, 8.75], "texture": "#1"}
			}
		},
		{
			"from": [-14.5, 12, 27.5],
			"to": [-12.5, 14, 30.5],
			"rotation": {"angle": 0, "axis": "y", "origin": [0, 0, 16]},
			"faces": {
				"north": {"uv": [8.5, 8.5, 9, 9], "texture": "#1"},
				"east": {"uv": [8.5, 6.25, 9.25, 6.75], "texture": "#1"},
				"south": {"uv": [8.5, 8, 9, 8.5], "texture": "#1"},
				"west": {"uv": [8.5, 5.75, 9.25, 6.25], "texture": "#1"},
				"down": {"uv": [8.5, 7.5, 9, 6.75], "texture": "#1"}
			}
		},
		{
			"from": [-14.5, 0, 26.5],
			"to": [-12.5, 1, 31.5],
			"rotation": {"angle": 0, "axis": "y", "origin": [0, 0, 16]},
			"faces": {
				"north": {"uv": [8, 8.75, 8.5, 9], "texture": "#1"},
				"east": {"uv": [8.5, 7.75, 9.75, 8], "texture": "#1"},
				"south": {"uv": [7.5, 8.75, 8, 9], "texture": "#1"},
				"west": {"uv": [8.5, 7.5, 9.75, 7.75], "texture": "#1"},
				"up": {"uv": [8.5, 3.25, 9, 4.5], "texture": "#1"},
				"down": {"uv": [8.5, 5.75, 9, 4.5], "texture": "#1"}
			}
		},
		{
			"from": [-14.5, 1, 30.5],
			"to": [-12.5, 2, 31.5],
			"rotation": {"angle": 0, "axis": "y", "origin": [0, 0, 16]},
			"faces": {
				"north": {"uv": [9, 3.5, 9.5, 3.75], "texture": "#1"},
				"east": {"uv": [9, 5.5, 9.25, 5.75], "texture": "#1"},
				"south": {"uv": [9, 3.25, 9.5, 3.5], "texture": "#1"},
				"west": {"uv": [9, 5.25, 9.25, 5.5], "texture": "#1"},
				"up": {"uv": [9, 3.75, 9.5, 4], "texture": "#1"},
				"down": {"uv": [9, 4.25, 9.5, 4], "texture": "#1"}
			}
		},
		{
			"from": [-14.5, 1, 26.5],
			"to": [-12.5, 2, 27.5],
			"faces": {
				"north": {"uv": [9, 4.5, 9.5, 4.75], "texture": "#1"},
				"east": {"uv": [9, 7, 9.25, 7.25], "texture": "#1"},
				"south": {"uv": [9, 4.25, 9.5, 4.5], "texture": "#1"},
				"west": {"uv": [9, 6.75, 9.25, 7], "texture": "#1"},
				"up": {"uv": [9, 4.75, 9.5, 5], "texture": "#1"},
				"down": {"uv": [9, 5.25, 9.5, 5], "texture": "#1"}
			}
		},
		{
			"from": [12.5, 1, 28],
			"to": [14.5, 12, 30],
			"rotation": {"angle": 0, "axis": "y", "origin": [16, 0, 16]},
			"faces": {
				"north": {"uv": [8.5, 3.25, 8, 6], "texture": "#1"},
				"east": {"uv": [8, 6, 7.5, 8.75], "texture": "#1"},
				"south": {"uv": [8, 3.25, 7.5, 6], "texture": "#1"},
				"west": {"uv": [8.5, 6, 8, 8.75], "texture": "#1"}
			}
		},
		{
			"from": [12.5, 12, 27.5],
			"to": [14.5, 14, 30.5],
			"rotation": {"angle": 0, "axis": "y", "origin": [16, 0, 16]},
			"faces": {
				"north": {"uv": [9, 8.5, 8.5, 9], "texture": "#1"},
				"east": {"uv": [9.25, 5.75, 8.5, 6.25], "texture": "#1"},
				"south": {"uv": [9, 8, 8.5, 8.5], "texture": "#1"},
				"west": {"uv": [9.25, 6.25, 8.5, 6.75], "texture": "#1"},
				"down": {"uv": [9, 7.5, 8.5, 6.75], "texture": "#1"}
			}
		},
		{
			"from": [12.5, 0, 26.5],
			"to": [14.5, 1, 31.5],
			"rotation": {"angle": 0, "axis": "y", "origin": [16, 0, 16]},
			"faces": {
				"north": {"uv": [8.5, 8.75, 8, 9], "texture": "#1"},
				"east": {"uv": [9.75, 7.5, 8.5, 7.75], "texture": "#1"},
				"south": {"uv": [8, 8.75, 7.5, 9], "texture": "#1"},
				"west": {"uv": [9.75, 7.75, 8.5, 8], "texture": "#1"},
				"up": {"uv": [9, 3.25, 8.5, 4.5], "texture": "#1"},
				"down": {"uv": [9, 5.75, 8.5, 4.5], "texture": "#1"}
			}
		},
		{
			"from": [12.5, 1, 30.5],
			"to": [14.5, 2, 31.5],
			"rotation": {"angle": 0, "axis": "y", "origin": [16, 0, 16]},
			"faces": {
				"north": {"uv": [9.5, 3.5, 9, 3.75], "texture": "#1"},
				"east": {"uv": [9.25, 5.25, 9, 5.5], "texture": "#1"},
				"south": {"uv": [9.5, 3.25, 9, 3.5], "texture": "#1"},
				"west": {"uv": [9.25, 5.5, 9, 5.75], "texture": "#1"},
				"up": {"uv": [9.5, 3.75, 9, 4], "texture": "#1"},
				"down": {"uv": [9.5, 4.25, 9, 4], "texture": "#1"}
			}
		},
		{
			"from": [12.5, 1, 26.5],
			"to": [14.5, 2, 27.5],
			"rotation": {"angle": 0, "axis": "y", "origin": [16, 0, 0]},
			"faces": {
				"north": {"uv": [9.5, 4.5, 9, 4.75], "texture": "#1"},
				"east": {"uv": [9.25, 6.75, 9, 7], "texture": "#1"},
				"south": {"uv": [9.5, 4.25, 9, 4.5], "texture": "#1"},
				"west": {"uv": [9.25, 7, 9, 7.25], "texture": "#1"},
				"up": {"uv": [9.5, 4.75, 9, 5], "texture": "#1"},
				"down": {"uv": [9.5, 5.25, 9, 5], "texture": "#1"}
			}
		}
	],
	"gui_light": "front",
	"display": {
		"thirdperson_righthand": {
			"translation": [-2.5, 0, 0],
			"scale": [0.42, 0.42, 0.42]
		},
		"thirdperson_lefthand": {
			"translation": [-9, 0, 0],
			"scale": [0.42, 0.42, 0.42]
		},
		"firstperson_righthand": {
			"translation": [0, 3.25, 0],
			"scale": [0.33, 0.33, 0.33]
		},
		"firstperson_lefthand": {
			"translation": [-7, 3.25, 0],
			"scale": [0.33, 0.33, 0.33]
		},
		"ground": {
			"translation": [4.5, 2, -3.75],
			"scale": [0.5, 0.5, 0.5]
		},
		"gui": {
			"rotation": [30, 225, 0],
			"translation": [0, -1.75, 0],
			"scale": [0.25, 0.25, 0.25]
		},
		"head": {
			"translation": [0, -30.5, -25.5],
			"scale": [1.6, 1.6, 1.6]
		},
		"fixed": {
			"translation": [0, -4, -4.25],
			"scale": [0, 0, 0]
		}
	},
	"groups": [
		0,
		1,
		2,
		3,
		4,
		{
			"name": "group",
			"origin": [16, 0, 16],
			"color": 0,
			"children": [5, 6, 7, 8, 9]
		},
		{
			"name": "group",
			"origin": [16, 0, 16],
			"color": 0,
			"children": []
		},
		{
			"name": "group",
			"origin": [16, 0, 16],
			"color": 0,
			"children": []
		},
		{
			"name": "group",
			"origin": [16, 0, 16],
			"color": 0,
			"children": []
		},
		{
			"name": "group",
			"origin": [16, 0, 16],
			"color": 0,
			"children": [10, 11, 12, 13, 14]
		},
		{
			"name": "group",
			"origin": [16, 0, 16],
			"color": 0,
			"children": [15, 16, 17, 18, 19]
		},
		{
			"name": "group",
			"origin": [16, 0, 16],
			"color": 0,
			"children": [20, 21, 22, 23, 24]
		}
	]
}