{"credit":"MadebyBlockbench.","texture_size":[32,32],"textures":{"0":"elitecreatures:santa_decoration/candy_cane2_0"},"elements":[{"from":[6,0,11],"to":[9,10,14],"faces":{"north":{"uv":[1.5,0,3,5],"texture":"#0"},"east":{"uv":[1.5,0,3,5],"texture":"#0"},"south":{"uv":[1.5,0,3,5],"texture":"#0"},"west":{"uv":[1.5,0,3,5],"texture":"#0"},"up":{"uv":[9.5,1.5,8,0],"texture":"#0"},"down":{"uv":[4.5,8,3,9.5],"texture":"#0"}}},{"from":[6.01,11.6,17.25],"to":[8.99,14.6,21.25],"rotation":{"angle":45,"axis":"x","origin":[8,21,12]},"faces":{"north":{"uv":[4.5,8,6,9.5],"texture":"#0"},"east":{"uv":[4,5,6,6.5],"texture":"#0"},"south":{"uv":[8,5,9.5,6.5],"texture":"#0"},"west":{"uv":[4,6.5,6,5],"texture":"#0"},"up":{"uv":[6,9,7.49,7],"texture":"#0"},"down":{"uv":[7.49,9,6,7],"texture":"#0"}}},{"from":[6,10,7.25],"to":[9,12.75,11.25],"faces":{"north":{"uv":[7.5,8.5,9,10],"texture":"#0"},"east":{"uv":[6,5.5,8,7],"texture":"#0"},"south":{"uv":[9,1.5,10.5,3],"texture":"#0"},"west":{"uv":[6,5.5,8,7],"texture":"#0"},"up":{"uv":[6,9,7.5,7],"texture":"#0"},"down":{"uv":[6,9,7.5,7],"texture":"#0"}}},{"from":[6.01,9.75,-3.5],"to":[8.99,12.75,0.5],"rotation":{"angle":-45,"axis":"x","origin":[8,21,4]},"faces":{"north":{"uv":[6,9,7.5,10.5],"texture":"#0"},"east":{"uv":[7.5,3.5,9.5,5],"texture":"#0"},"south":{"uv":[9,8.5,10.5,10],"texture":"#0"},"west":{"uv":[7.5,3.5,9.5,5],"texture":"#0"},"up":{"uv":[1.5,10,0,8],"texture":"#0"},"down":{"uv":[1.5,8,0,10],"texture":"#0"}}},{"from":[12,0,3],"to":[14,6,5],"faces":{"north":{"uv":[1,5,2,8],"texture":"#0"},"east":{"uv":[1,5,2,8],"texture":"#0"},"south":{"uv":[1,5,2,8],"texture":"#0"},"west":{"uv":[1,5,2,8],"texture":"#0"},"up":{"uv":[11.5,2,10.5,1],"texture":"#0"},"down":{"uv":[11.5,2,10.5,3],"texture":"#0"}}},{"from":[12,6.5,5],"to":[14,8.25,8],"faces":{"north":{"uv":[2.5,10.5,3.5,11.5],"texture":"#0"},"east":{"uv":[9.5,0,11,1],"texture":"#0"},"south":{"uv":[10.5,3,11.5,4],"texture":"#0"},"west":{"uv":[9.5,0,11,1],"texture":"#0"},"up":{"uv":[2,8,1,6.5],"texture":"#0"},"down":{"uv":[2,6.5,1,8],"texture":"#0"}}},{"from":[12.01,6.5,-5.5],"to":[13.99,8.5,-2.5],"rotation":{"angle":-45,"axis":"x","origin":[14,17.5,1.75]},"faces":{"north":{"uv":[3.5,10.5,4.5,11.5],"texture":"#0"},"east":{"uv":[9.5,4.5,11,5.5],"texture":"#0"},"south":{"uv":[5.5,10.5,6.5,11.5],"texture":"#0"},"west":{"uv":[9.5,4.5,11,5.5],"texture":"#0"},"up":{"uv":[2,8,1,6.5],"texture":"#0"},"down":{"uv":[2,6.5,1,8],"texture":"#0"}}},{"from":[12.01,7.5,15],"to":[13.99,9.5,18],"rotation":{"angle":45,"axis":"x","origin":[14,17.5,9.75]},"faces":{"north":{"uv":[6.5,10.5,7.5,11.5],"texture":"#0"},"east":{"uv":[1,10,2.5,11],"texture":"#0"},"south":{"uv":[10.5,6.5,11.5,7.5],"texture":"#0"},"west":{"uv":[1,10,2.5,11],"texture":"#0"},"up":{"uv":[2,8,1,6.5],"texture":"#0"},"down":{"uv":[2,6.5,1,8],"texture":"#0"}}},{"from":[2.01,6.48918,3.78132],"to":[3.99,8.48918,6.78132],"rotation":{"angle":-45,"axis":"x","origin":[3,5.1875,5.9205]},"faces":{"north":{"uv":[11.5,6.5,10.5,7.5],"texture":"#0"},"east":{"uv":[2.5,10,1,11],"texture":"#0"},"south":{"uv":[7.5,10.5,6.5,11.5],"texture":"#0"},"west":{"uv":[2.5,10,1,11],"texture":"#0"},"up":{"uv":[2,6.5,1,8],"texture":"#0"},"down":{"uv":[2,8,1,6.5],"texture":"#0"}}},{"from":[2.01,5.95517,4.52567],"to":[3.99,7.95517,7.52567],"rotation":{"angle":45,"axis":"x","origin":[3,5.1875,5.9205]},"faces":{"north":{"uv":[6.5,10.5,5.5,11.5],"texture":"#0"},"east":{"uv":[11,4.5,9.5,5.5],"texture":"#0"},"south":{"uv":[4.5,10.5,3.5,11.5],"texture":"#0"},"west":{"uv":[11,4.5,9.5,5.5],"texture":"#0"},"up":{"uv":[2,6.5,1,8],"texture":"#0"},"down":{"uv":[2,8,1,6.5],"texture":"#0"}}},{"from":[2,6.5,4],"to":[4,8.25,7],"faces":{"north":{"uv":[11.5,3,10.5,4],"texture":"#0"},"east":{"uv":[11,0,9.5,1],"texture":"#0"},"south":{"uv":[3.5,10.5,2.5,11.5],"texture":"#0"},"west":{"uv":[11,0,9.5,1],"texture":"#0"},"up":{"uv":[2,6.5,1,8],"texture":"#0"},"down":{"uv":[2,8,1,6.5],"texture":"#0"}}},{"from":[2,0,7],"to":[4,6,9],"faces":{"north":{"uv":[2,5,1,8],"texture":"#0"},"east":{"uv":[2,5,1,8],"texture":"#0"},"south":{"uv":[2,5,1,8],"texture":"#0"},"west":{"uv":[2,5,1,8],"texture":"#0"},"up":{"uv":[11.5,1,10.5,2],"texture":"#0"},"down":{"uv":[11.5,3,10.5,2],"texture":"#0"}}}],"gui_light":"front","display":{"thirdperson_righthand":{"rotation":[75,45,0],"translation":[0,2.5,0],"scale":[0.375,0.375,0.375]},"thirdperson_lefthand":{"rotation":[75,45,0],"translation":[0,2.5,0],"scale":[0.375,0.375,0.375]},"firstperson_righthand":{"rotation":[0,45,0],"translation":[0,3,0],"scale":[0.4,0.4,0.4]},"firstperson_lefthand":{"rotation":[0,45,0],"translation":[0,3,0],"scale":[0.4,0.4,0.4]},"ground":{"translation":[0,2,0],"scale":[0.5,0.5,0.5]},"gui":{"rotation":[-151.72,39.74,-179.88],"translation":[1,1.65,0],"scale":[0.97852,0.97852,0.97852]},"head":{"translation":[0,-30.4,0],"scale":[1.6,1.6,1.6]},"fixed":{"rotation":[-90,180,0],"translation":[0,0,-16],"scale":[2.01,2.01,2.01]}}}