{"credit":"MadebyBlockbench.","texture_size":[128,128],"textures":{"0":"elitecreatures:santa_decoration/christmas_tree_0"},"elements":[{"from":[6,-16,6],"to":[10,18,10],"faces":{"north":{"uv":[2.5,7,3,11.25],"texture":"#0"},"east":{"uv":[3,7,3.5,11.25],"texture":"#0"},"south":{"uv":[8,5.5,8.5,9.75],"texture":"#0"},"west":{"uv":[3.5,8.25,4,12.5],"texture":"#0"},"up":{"uv":[6.25,12.5,5.75,12],"texture":"#0"},"down":{"uv":[12.75,3.25,12.25,3.75],"texture":"#0"}}},{"from":[-6,-7.25,-6],"to":[22,-7.25,22],"faces":{"north":{"uv":[0,0,3.5,0],"texture":"#0"},"east":{"uv":[0,0,3.5,0],"texture":"#0"},"south":{"uv":[0,0,3.5,0],"texture":"#0"},"west":{"uv":[0,0,3.5,0],"texture":"#0"},"up":{"uv":[3.5,3.5,0,0],"texture":"#0"},"down":{"uv":[3.5,3.5,0,7],"texture":"#0"}}},{"from":[-4,4,-4],"to":[20,4,20],"faces":{"north":{"uv":[0,0,3,0],"texture":"#0"},"east":{"uv":[0,0,3,0],"texture":"#0"},"south":{"uv":[0,0,3,0],"texture":"#0"},"west":{"uv":[0,0,3,0],"texture":"#0"},"up":{"uv":[6.5,3,3.5,0],"texture":"#0"},"down":{"uv":[6.5,3,3.5,6],"texture":"#0"}}},{"from":[4,19,8],"to":[12,27,8],"faces":{"north":{"uv":[9.25,2.75,10.25,3.75],"texture":"#0"},"east":{"uv":[0,0,0,1],"texture":"#0"},"south":{"uv":[4,9.5,5,10.5],"texture":"#0"},"west":{"uv":[0,0,0,1],"texture":"#0"},"up":{"uv":[1,0,0,0],"texture":"#0"},"down":{"uv":[1,0,0,0],"texture":"#0"}}},{"from":[8,19,4],"to":[8,27,12],"faces":{"north":{"uv":[0,0,0,1],"texture":"#0"},"east":{"uv":[5,9.5,6,10.5],"texture":"#0"},"south":{"uv":[0,0,0,1],"texture":"#0"},"west":{"uv":[6,9.5,7,10.5],"texture":"#0"},"up":{"uv":[0,1,0,0],"texture":"#0"},"down":{"uv":[0,0,0,1],"texture":"#0"}}},{"from":[12,-8,3],"to":[19,-4,13],"rotation":{"angle":-22.5,"axis":"z","origin":[15.5,-3.5,8]},"faces":{"north":{"uv":[11.25,10,12.125,10.5],"texture":"#0"},"east":{"uv":[6.5,5.5,7.75,6],"texture":"#0"},"south":{"uv":[11.25,10.5,12.125,11],"texture":"#0"},"west":{"uv":[10.5,6.375,11.75,6.875],"texture":"#0"},"up":{"uv":[7.375,9.5,6.5,8.25],"texture":"#0"},"down":{"uv":[9.25,0,8.375,1.25],"texture":"#0"}}},{"from":[12,-3,5],"to":[16,6,11],"rotation":{"angle":22.5,"axis":"z","origin":[15.5,1.5,8]},"faces":{"north":{"uv":[7.375,8.25,7.875,9.375],"texture":"#0"},"east":{"uv":[7.75,9.75,8.5,10.875],"texture":"#0"},"south":{"uv":[5.25,10.875,5.75,12],"texture":"#0"},"west":{"uv":[10,1.5,10.75,2.625],"texture":"#0"},"up":{"uv":[2.25,12.5,1.75,11.75],"texture":"#0"},"down":{"uv":[8.75,11.75,8.25,12.5],"texture":"#0"}}},{"from":[10.75,8.5,5],"to":[14.75,19.5,11],"rotation":{"angle":22.5,"axis":"z","origin":[15.5,11.5,8]},"faces":{"north":{"uv":[8.5,10.375,9,11.75],"texture":"#0"},"east":{"uv":[0,8.75,0.75,10.125],"texture":"#0"},"south":{"uv":[9,10.375,9.5,11.75],"texture":"#0"},"west":{"uv":[0.75,8.75,1.5,10.125],"texture":"#0"},"up":{"uv":[9.25,12.5,8.75,11.75],"texture":"#0"},"down":{"uv":[12.25,8.875,11.75,9.625],"texture":"#0"}}},{"from":[12,3.25,3],"to":[18,7.25,13],"rotation":{"angle":-22.5,"axis":"z","origin":[15.5,7.5,8]},"faces":{"north":{"uv":[11.75,6.875,12.5,7.375],"texture":"#0"},"east":{"uv":[10.5,6.875,11.75,7.375],"texture":"#0"},"south":{"uv":[9.25,11.75,10,12.25],"texture":"#0"},"west":{"uv":[10.75,1.5,12,2],"texture":"#0"},"up":{"uv":[7.75,10.75,7,9.5],"texture":"#0"},"down":{"uv":[10.5,3.75,9.75,5],"texture":"#0"}}},{"from":[-2,3,3],"to":[4,7,13],"rotation":{"angle":22.5,"axis":"z","origin":[0.5,7.5,8]},"faces":{"north":{"uv":[10.5,11.75,11.25,12.25],"texture":"#0"},"east":{"uv":[10.75,2,12,2.5],"texture":"#0"},"south":{"uv":[4,11.875,4.75,12.375],"texture":"#0"},"west":{"uv":[4,10.875,5.25,11.375],"texture":"#0"},"up":{"uv":[10.5,6.25,9.75,5],"texture":"#0"},"down":{"uv":[10.5,6.25,9.75,7.5],"texture":"#0"}}},{"from":[2,9,5],"to":[6,20,11],"rotation":{"angle":-22.5,"axis":"z","origin":[0.5,11.5,8]},"faces":{"north":{"uv":[9.5,10.375,10,11.75],"texture":"#0"},"east":{"uv":[1.5,8.75,2.25,10.125],"texture":"#0"},"south":{"uv":[6.25,10.5,6.75,11.875],"texture":"#0"},"west":{"uv":[9,3.75,9.75,5.125],"texture":"#0"},"up":{"uv":[5.25,12.625,4.75,11.875],"texture":"#0"},"down":{"uv":[6.75,11.875,6.25,12.625],"texture":"#0"}}},{"from":[0,-3,5],"to":[4,6,11],"rotation":{"angle":-22.5,"axis":"z","origin":[0.5,1.5,8]},"faces":{"north":{"uv":[5.75,10.875,6.25,12],"texture":"#0"},"east":{"uv":[10,9,10.75,10.125],"texture":"#0"},"south":{"uv":[7.75,10.875,8.25,12],"texture":"#0"},"west":{"uv":[0,10.125,0.75,11.25],"texture":"#0"},"up":{"uv":[12.5,2.25,12,1.5],"texture":"#0"},"down":{"uv":[5.75,12,5.25,12.75],"texture":"#0"}}},{"from":[-3,-8,3],"to":[4,-4,13],"rotation":{"angle":22.5,"axis":"z","origin":[0.5,-3.5,8]},"faces":{"north":{"uv":[11.25,11,12.125,11.5],"texture":"#0"},"east":{"uv":[11,2.5,12.25,3],"texture":"#0"},"south":{"uv":[4,11.375,4.875,11.875],"texture":"#0"},"west":{"uv":[11,3,12.25,3.5],"texture":"#0"},"up":{"uv":[9.25,2.5,8.375,1.25],"texture":"#0"},"down":{"uv":[9.25,2.5,8.375,3.75],"texture":"#0"}}},{"from":[5.5,9,10.5],"to":[11.5,20,14.5],"rotation":{"angle":-22.5,"axis":"x","origin":[8.5,11.5,16]},"faces":{"north":{"uv":[8.5,9,9.25,10.375],"texture":"#0"},"east":{"uv":[6.75,10.75,7.25,12.125],"texture":"#0"},"south":{"uv":[9.25,0,10,1.375],"texture":"#0"},"west":{"uv":[7.25,10.75,7.75,12.125],"texture":"#0"},"up":{"uv":[12,12.5,11.25,12],"texture":"#0"},"down":{"uv":[12.75,12,12,12.5],"texture":"#0"}}},{"from":[3.5,3,12.5],"to":[13.5,7,18.5],"rotation":{"angle":22.5,"axis":"x","origin":[8.5,7.5,16]},"faces":{"north":{"uv":[11,7.375,12.25,7.875],"texture":"#0"},"east":{"uv":[6.75,12.125,7.5,12.625],"texture":"#0"},"south":{"uv":[11,7.875,12.25,8.375],"texture":"#0"},"west":{"uv":[7.5,12.125,8.25,12.625],"texture":"#0"},"up":{"uv":[11,8.25,9.75,7.5],"texture":"#0"},"down":{"uv":[11,8.25,9.75,9],"texture":"#0"}}},{"from":[5.5,-3,12.5],"to":[11.5,6,16.5],"rotation":{"angle":-22.5,"axis":"x","origin":[8.5,1.5,16]},"faces":{"north":{"uv":[0.75,10.125,1.5,11.25],"texture":"#0"},"east":{"uv":[2.5,11.25,3,12.375],"texture":"#0"},"south":{"uv":[1.5,10.125,2.25,11.25],"texture":"#0"},"west":{"uv":[3,11.25,3.5,12.375],"texture":"#0"},"up":{"uv":[12.875,10.125,12.125,9.625],"texture":"#0"},"down":{"uv":[12.875,10.125,12.125,10.625],"texture":"#0"}}},{"from":[3.5,-8,12.5],"to":[13.5,-4,19.5],"rotation":{"angle":22.5,"axis":"x","origin":[8.5,-3.5,16]},"faces":{"north":{"uv":[11,8.375,12.25,8.875],"texture":"#0"},"east":{"uv":[11.25,11.5,12.125,12],"texture":"#0"},"south":{"uv":[0,11.25,1.25,11.75],"texture":"#0"},"west":{"uv":[0,11.75,0.875,12.25],"texture":"#0"},"up":{"uv":[9.75,6.375,8.5,5.5],"texture":"#0"},"down":{"uv":[9.75,6.375,8.5,7.25],"texture":"#0"}}},{"from":[5.5,9,1.5],"to":[11.5,20,5.5],"rotation":{"angle":22.5,"axis":"x","origin":[8.5,11.5,0]},"faces":{"north":{"uv":[9.25,1.375,10,2.75],"texture":"#0"},"east":{"uv":[10.75,9,11.25,10.375],"texture":"#0"},"south":{"uv":[9.25,9,10,10.375],"texture":"#0"},"west":{"uv":[10.75,10.375,11.25,11.75],"texture":"#0"},"up":{"uv":[12.875,11.125,12.125,10.625],"texture":"#0"},"down":{"uv":[12.875,11.125,12.125,11.625],"texture":"#0"}}},{"from":[3.5,3,-2.5],"to":[13.5,7,3.5],"rotation":{"angle":-22.5,"axis":"x","origin":[8.5,7.5,0]},"faces":{"north":{"uv":[11.25,0,12.5,0.5],"texture":"#0"},"east":{"uv":[0,12.25,0.75,12.75],"texture":"#0"},"south":{"uv":[11.25,0.5,12.5,1],"texture":"#0"},"west":{"uv":[0.75,12.25,1.5,12.75],"texture":"#0"},"up":{"uv":[11.25,0.75,10,0],"texture":"#0"},"down":{"uv":[11.25,0.75,10,1.5],"texture":"#0"}}},{"from":[5.5,-3,-0.5],"to":[11.5,6,3.5],"rotation":{"angle":22.5,"axis":"x","origin":[8.5,1.5,0]},"faces":{"north":{"uv":[10,10.125,10.75,11.25],"texture":"#0"},"east":{"uv":[11.25,8.875,11.75,10],"texture":"#0"},"south":{"uv":[10.25,2.625,11,3.75],"texture":"#0"},"west":{"uv":[10,11.25,10.5,12.375],"texture":"#0"},"up":{"uv":[13,2.75,12.25,2.25],"texture":"#0"},"down":{"uv":[13,2.75,12.25,3.25],"texture":"#0"}}},{"from":[3.5,-8,-3.5],"to":[13.5,-4,3.5],"rotation":{"angle":-22.5,"axis":"x","origin":[8.5,-3.5,0]},"faces":{"north":{"uv":[11.25,1,12.5,1.5],"texture":"#0"},"east":{"uv":[0.875,11.75,1.75,12.25],"texture":"#0"},"south":{"uv":[1.25,11.25,2.5,11.75],"texture":"#0"},"west":{"uv":[11.75,6.375,12.625,6.875],"texture":"#0"},"up":{"uv":[9.75,8.125,8.5,7.25],"texture":"#0"},"down":{"uv":[9.75,8.125,8.5,9],"texture":"#0"}}},{"from":[3.5,-4.72208,3.15746],"to":[13.5,9.27792,13.15746],"faces":{"north":{"uv":[6.5,3.75,7.75,5.5],"texture":"#0"},"east":{"uv":[0,7,1.25,8.75],"texture":"#0"},"south":{"uv":[1.25,7,2.5,8.75],"texture":"#0"},"west":{"uv":[7.75,3.75,9,5.5],"texture":"#0"},"up":{"uv":[5.25,9.5,4,8.25],"texture":"#0"},"down":{"uv":[6.5,8.25,5.25,9.5],"texture":"#0"}}},{"from":[-0.5,-6,-1],"to":[17.5,-3,17],"rotation":{"angle":-45,"axis":"y","origin":[8.5,-4.5,8]},"faces":{"north":{"uv":[12.75,3.75,10.5,4.125],"texture":"#0"},"east":{"uv":[10.5,3.75,12.75,4.125],"texture":"#0"},"south":{"uv":[12.75,3.75,10.5,4.125],"texture":"#0"},"west":{"uv":[10.5,3.75,12.75,4.125],"texture":"#0"},"up":{"uv":[5.75,8.25,3.5,6],"texture":"#0"},"down":{"uv":[8,6,5.75,8.25],"texture":"#0"}}},{"from":[1.75,9,1.25],"to":[15.25,12,14.75],"rotation":{"angle":-45,"axis":"y","origin":[8.5,10.5,8]},"faces":{"north":{"uv":[10.5,4.875,12.1875,5.25],"texture":"#0"},"east":{"uv":[12.1875,4.875,10.5,5.25],"texture":"#0"},"south":{"uv":[10.5,4.875,12.1875,5.25],"texture":"#0"},"west":{"uv":[12.1875,4.875,10.5,5.25],"texture":"#0"},"up":{"uv":[8.375,1.875,6.5,0],"texture":"#0"},"down":{"uv":[8.375,1.875,6.5,3.75],"texture":"#0"}}},{"from":[7,5,-2.5],"to":[9,7,-0.5],"faces":{"north":{"uv":[9.5,5.125,9.75,5.375],"texture":"#0"},"east":{"uv":[9.5,5.125,9.75,5.375],"texture":"#0"},"south":{"uv":[9.5,5.125,9.75,5.375],"texture":"#0"},"west":{"uv":[9.5,5.125,9.75,5.375],"texture":"#0"},"up":{"uv":[2.5,10,2.25,9.75],"texture":"#0"},"down":{"uv":[2.5,10,2.25,9.75],"texture":"#0"}}},{"from":[5,5,16.5],"to":[7,7,18.5],"faces":{"north":{"uv":[2.5,10.75,2.25,11],"texture":"#0"},"east":{"uv":[2.25,10.75,2.5,11],"texture":"#0"},"south":{"uv":[2.5,10.75,2.25,11],"texture":"#0"},"west":{"uv":[2.25,10.75,2.5,11],"texture":"#0"},"up":{"uv":[8.5,11.125,8.25,10.875],"texture":"#0"},"down":{"uv":[8.5,11.125,8.25,10.875],"texture":"#0"}}},{"from":[16,5,5.5],"to":[18,7,7.5],"faces":{"north":{"uv":[2.5,9,2.25,9.25],"texture":"#0"},"east":{"uv":[2.25,9,2.5,9.25],"texture":"#0"},"south":{"uv":[2.5,9,2.25,9.25],"texture":"#0"},"west":{"uv":[2.25,9,2.5,9.25],"texture":"#0"},"up":{"uv":[9.25,5.375,9,5.125],"texture":"#0"},"down":{"uv":[9,5.375,9.25,5.125],"texture":"#0"}}},{"from":[0,1,0],"to":[16,4,16],"rotation":{"angle":-45,"axis":"y","origin":[8,2.5,8]},"faces":{"north":{"uv":[10.5,3.75,12.5,4.125],"texture":"#0"},"east":{"uv":[12.5,3.75,10.5,4.125],"texture":"#0"},"south":{"uv":[10.5,3.75,12.5,4.125],"texture":"#0"},"west":{"uv":[12.5,3.75,10.5,4.125],"texture":"#0"},"up":{"uv":[5.75,8.25,3.5,6],"texture":"#0"},"down":{"uv":[8,6,5.75,8.25],"texture":"#0"}}},{"from":[1,10,5.5],"to":[3,12,7.5],"faces":{"north":{"uv":[9.5,5.125,9.75,5.375],"texture":"#0"},"east":{"uv":[9.5,5.125,9.75,5.375],"texture":"#0"},"south":{"uv":[9.5,5.125,9.75,5.375],"texture":"#0"},"west":{"uv":[9.5,5.125,9.75,5.375],"texture":"#0"},"up":{"uv":[2.5,10,2.25,9.75],"texture":"#0"},"down":{"uv":[2.5,10,2.25,9.75],"texture":"#0"}}},{"from":[15,-1,9.5],"to":[17,1,11.5],"faces":{"north":{"uv":[2.5,10.75,2.25,11],"texture":"#0"},"east":{"uv":[2.25,10.75,2.5,11],"texture":"#0"},"south":{"uv":[2.5,10.75,2.25,11],"texture":"#0"},"west":{"uv":[2.25,10.75,2.5,11],"texture":"#0"},"up":{"uv":[8.5,11.125,8.25,10.875],"texture":"#0"},"down":{"uv":[8.5,11.125,8.25,10.875],"texture":"#0"}}},{"from":[-2,5,9.5],"to":[0,7,11.5],"faces":{"north":{"uv":[2.5,9,2.25,9.25],"texture":"#0"},"east":{"uv":[2.25,9,2.5,9.25],"texture":"#0"},"south":{"uv":[2.5,9,2.25,9.25],"texture":"#0"},"west":{"uv":[2.25,9,2.5,9.25],"texture":"#0"},"up":{"uv":[9.25,5.375,9,5.125],"texture":"#0"},"down":{"uv":[9,5.375,9.25,5.125],"texture":"#0"}}},{"from":[8,10,13.5],"to":[10,12,15.5],"faces":{"north":{"uv":[9.5,5.125,9.75,5.375],"texture":"#0"},"east":{"uv":[9.5,5.125,9.75,5.375],"texture":"#0"},"south":{"uv":[9.5,5.125,9.75,5.375],"texture":"#0"},"west":{"uv":[9.5,5.125,9.75,5.375],"texture":"#0"},"up":{"uv":[2.5,10,2.25,9.75],"texture":"#0"},"down":{"uv":[2.5,10,2.25,9.75],"texture":"#0"}}},{"from":[10,-2,16.5],"to":[12,0,18.5],"faces":{"north":{"uv":[2.5,9,2.25,9.25],"texture":"#0"},"east":{"uv":[2.25,9,2.5,9.25],"texture":"#0"},"south":{"uv":[2.5,9,2.25,9.25],"texture":"#0"},"west":{"uv":[2.25,9,2.5,9.25],"texture":"#0"},"up":{"uv":[9.25,5.375,9,5.125],"texture":"#0"},"down":{"uv":[9,5.375,9.25,5.125],"texture":"#0"}}},{"from":[-2,-2,10.5],"to":[0,0,12.5],"faces":{"north":{"uv":[9.5,5.125,9.75,5.375],"texture":"#0"},"east":{"uv":[9.5,5.125,9.75,5.375],"texture":"#0"},"south":{"uv":[9.5,5.125,9.75,5.375],"texture":"#0"},"west":{"uv":[9.5,5.125,9.75,5.375],"texture":"#0"},"up":{"uv":[2.5,10,2.25,9.75],"texture":"#0"},"down":{"uv":[2.5,10,2.25,9.75],"texture":"#0"}}},{"from":[-1,-1,4.5],"to":[1,1,6.5],"faces":{"north":{"uv":[2.5,10.75,2.25,11],"texture":"#0"},"east":{"uv":[2.25,10.75,2.5,11],"texture":"#0"},"south":{"uv":[2.5,10.75,2.25,11],"texture":"#0"},"west":{"uv":[2.25,10.75,2.5,11],"texture":"#0"},"up":{"uv":[8.5,11.125,8.25,10.875],"texture":"#0"},"down":{"uv":[8.5,11.125,8.25,10.875],"texture":"#0"}}},{"from":[12.5,12,4.5],"to":[14.5,14,6.5],"faces":{"north":{"uv":[2.5,10.75,2.25,11],"texture":"#0"},"east":{"uv":[2.25,10.75,2.5,11],"texture":"#0"},"south":{"uv":[2.5,10.75,2.25,11],"texture":"#0"},"west":{"uv":[2.25,10.75,2.5,11],"texture":"#0"},"up":{"uv":[8.5,11.125,8.25,10.875],"texture":"#0"},"down":{"uv":[8.5,11.125,8.25,10.875],"texture":"#0"}}},{"from":[3,13,9.5],"to":[5,15,11.5],"faces":{"north":{"uv":[2.5,9,2.25,9.25],"texture":"#0"},"east":{"uv":[2.25,9,2.5,9.25],"texture":"#0"},"south":{"uv":[2.5,9,2.25,9.25],"texture":"#0"},"west":{"uv":[2.25,9,2.5,9.25],"texture":"#0"},"up":{"uv":[9.25,5.375,9,5.125],"texture":"#0"},"down":{"uv":[9,5.375,9.25,5.125],"texture":"#0"}}},{"from":[13,11,9.5],"to":[15,13,11.5],"faces":{"north":{"uv":[9.5,5.125,9.75,5.375],"texture":"#0"},"east":{"uv":[9.5,5.125,9.75,5.375],"texture":"#0"},"south":{"uv":[9.5,5.125,9.75,5.375],"texture":"#0"},"west":{"uv":[9.5,5.125,9.75,5.375],"texture":"#0"},"up":{"uv":[2.5,10,2.25,9.75],"texture":"#0"},"down":{"uv":[2.5,10,2.25,9.75],"texture":"#0"}}},{"from":[9,-2,-2.5],"to":[11,0,-0.5],"faces":{"north":{"uv":[2.5,9,2.25,9.25],"texture":"#0"},"east":{"uv":[2.25,9,2.5,9.25],"texture":"#0"},"south":{"uv":[2.5,9,2.25,9.25],"texture":"#0"},"west":{"uv":[2.25,9,2.5,9.25],"texture":"#0"},"up":{"uv":[9.25,5.375,9,5.125],"texture":"#0"},"down":{"uv":[9,5.375,9.25,5.125],"texture":"#0"}}},{"from":[6,12,1.5],"to":[8,14,3.5],"faces":{"north":{"uv":[2.5,10.75,2.25,11],"texture":"#0"},"east":{"uv":[2.25,10.75,2.5,11],"texture":"#0"},"south":{"uv":[2.5,10.75,2.25,11],"texture":"#0"},"west":{"uv":[2.25,10.75,2.5,11],"texture":"#0"},"up":{"uv":[8.5,11.125,8.25,10.875],"texture":"#0"},"down":{"uv":[8.5,11.125,8.25,10.875],"texture":"#0"}}},{"from":[5,-7,-3.5],"to":[7,-5,-1.5],"faces":{"north":{"uv":[9.5,5.125,9.75,5.375],"texture":"#0"},"east":{"uv":[9.5,5.125,9.75,5.375],"texture":"#0"},"south":{"uv":[9.5,5.125,9.75,5.375],"texture":"#0"},"west":{"uv":[9.5,5.125,9.75,5.375],"texture":"#0"},"up":{"uv":[2.5,10,2.25,9.75],"texture":"#0"},"down":{"uv":[2.5,10,2.25,9.75],"texture":"#0"}}},{"from":[6,-7,17.5],"to":[8,-5,19.5],"faces":{"north":{"uv":[2.5,10.75,2.25,11],"texture":"#0"},"east":{"uv":[2.25,10.75,2.5,11],"texture":"#0"},"south":{"uv":[2.5,10.75,2.25,11],"texture":"#0"},"west":{"uv":[2.25,10.75,2.5,11],"texture":"#0"},"up":{"uv":[8.5,11.125,8.25,10.875],"texture":"#0"},"down":{"uv":[8.5,11.125,8.25,10.875],"texture":"#0"}}},{"from":[17,-6,7.5],"to":[19,-4,9.5],"faces":{"north":{"uv":[2.5,9,2.25,9.25],"texture":"#0"},"east":{"uv":[2.25,9,2.5,9.25],"texture":"#0"},"south":{"uv":[2.5,9,2.25,9.25],"texture":"#0"},"west":{"uv":[2.25,9,2.5,9.25],"texture":"#0"},"up":{"uv":[9.25,5.375,9,5.125],"texture":"#0"},"down":{"uv":[9,5.375,9.25,5.125],"texture":"#0"}}}],"gui_light":"front","display":{"thirdperson_righthand":{"rotation":[75,45,0],"translation":[0,2.5,0],"scale":[0.375,0.375,0.375]},"thirdperson_lefthand":{"rotation":[75,45,0],"translation":[0,2.5,0],"scale":[0.375,0.375,0.375]},"firstperson_righthand":{"rotation":[0,45,0],"translation":[0,3,0],"scale":[0.4,0.4,0.4]},"firstperson_lefthand":{"rotation":[0,45,0],"translation":[0,3,0],"scale":[0.4,0.4,0.4]},"ground":{"translation":[0,9.75,0],"scale":[0.5,0.5,0.5]},"gui":{"rotation":[30,45,0],"translation":[0,1.4,0],"scale":[0.40703,0.40703,0.40703]},"head":{"translation":[0,-4.65,0],"scale":[1.6,1.6,1.6]},"fixed":{"rotation":[-90,180,0],"translation":[0,0,-80],"scale":[3.4,3.4,3.4]}}}