{"credit":"MadebyBlockbench.","texture_size":[64,64],"textures":{"0":"elitecreatures:santa_decoration/nutcracker_0"},"elements":[{"from":[12,11,5],"to":[16,14,10],"faces":{"north":{"uv":[8,12.5,7,13.25],"texture":"#0"},"east":{"uv":[12.75,12.25,11.5,13],"texture":"#0"},"south":{"uv":[7,12.5,8,13.25],"texture":"#0"},"west":{"uv":[12,5.75,13.25,6.5],"texture":"#0"},"up":{"uv":[2.5,12.75,3.5,11.5],"texture":"#0"},"down":{"uv":[2.5,11.5,1.5,12.75],"texture":"#0"}}},{"from":[9,-14,6],"to":[12,-2,9],"faces":{"north":{"uv":[10.75,5.5,11.5,8.5],"texture":"#0"},"east":{"uv":[9.5,10.75,8.75,13.75],"texture":"#0"},"south":{"uv":[10.75,8.5,11.5,11.5],"texture":"#0"},"west":{"uv":[8.75,10.75,9.5,13.75],"texture":"#0"},"up":{"uv":[13.5,8.5,12.75,7.75],"texture":"#0"},"down":{"uv":[13.5,8.5,12.75,9.25],"texture":"#0"}}},{"from":[9,-16,4],"to":[12,-14,9],"faces":{"north":{"uv":[12.75,10.75,13.5,11.25],"texture":"#0"},"east":{"uv":[4,6.5,5.25,7],"texture":"#0"},"south":{"uv":[13.75,1.25,13,1.75],"texture":"#0"},"west":{"uv":[5.25,6.5,4,7],"texture":"#0"},"up":{"uv":[12.75,7.75,12,6.5],"texture":"#0"},"down":{"uv":[12.75,7.75,12,9],"texture":"#0"}}},{"from":[4,-14,6],"to":[7,-2,9],"faces":{"north":{"uv":[11.5,5.5,10.75,8.5],"texture":"#0"},"east":{"uv":[9.5,10.75,8.75,13.75],"texture":"#0"},"south":{"uv":[11.5,8.5,10.75,11.5],"texture":"#0"},"west":{"uv":[8.75,10.75,9.5,13.75],"texture":"#0"},"up":{"uv":[13.5,10,12.75,9.25],"texture":"#0"},"down":{"uv":[13.5,10,12.75,10.75],"texture":"#0"}}},{"from":[4,-16,4],"to":[7,-14,9],"faces":{"north":{"uv":[13.5,10.75,12.75,11.25],"texture":"#0"},"east":{"uv":[4,6.5,5.25,7],"texture":"#0"},"south":{"uv":[13,1.25,13.75,1.75],"texture":"#0"},"west":{"uv":[5.25,6.5,4,7],"texture":"#0"},"up":{"uv":[12,7.75,12.75,6.5],"texture":"#0"},"down":{"uv":[12.75,10.25,12,11.5],"texture":"#0"}}},{"from":[4,-2,4],"to":[12,14,10],"faces":{"north":{"uv":[0,0,2,4],"texture":"#0"},"east":{"uv":[5.5,2.5,4,6.5],"texture":"#0"},"south":{"uv":[2,0,4,4],"texture":"#0"},"west":{"uv":[4,2.5,5.5,6.5],"texture":"#0"},"up":{"uv":[11.5,5.5,9.5,4],"texture":"#0"},"down":{"uv":[4,10,2,11.5],"texture":"#0"}}},{"from":[1,-1,6],"to":[4,11,9],"faces":{"north":{"uv":[10.75,5.5,10,8.5],"texture":"#0"},"east":{"uv":[10,8.5,10.75,11.5],"texture":"#0"},"south":{"uv":[10,5.5,10.75,8.5],"texture":"#0"},"west":{"uv":[0.75,10.75,1.5,13.75],"texture":"#0"},"up":{"uv":[3.25,13.5,2.5,12.75],"texture":"#0"},"down":{"uv":[13.5,7,12.75,7.75],"texture":"#0"}}},{"from":[4,14,3],"to":[12,22,11],"faces":{"north":{"uv":[2,8,4,10],"texture":"#0"},"east":{"uv":[2,8.75,0,10.75],"texture":"#0"},"south":{"uv":[8.5,0,10.5,2],"texture":"#0"},"west":{"uv":[0,8.75,2,10.75],"texture":"#0"},"up":{"uv":[10,10.75,8,8.75],"texture":"#0"},"down":{"uv":[6,9.25,4,11.25],"texture":"#0"}}},{"from":[0,11,5],"to":[4,14,10],"faces":{"north":{"uv":[7,12.5,8,13.25],"texture":"#0"},"east":{"uv":[12,11.5,13.25,12.25],"texture":"#0"},"south":{"uv":[8,12.5,7,13.25],"texture":"#0"},"west":{"uv":[11.5,12.25,12.75,13],"texture":"#0"},"up":{"uv":[3.5,12.75,2.5,11.5],"texture":"#0"},"down":{"uv":[12.5,2.5,11.5,3.75],"texture":"#0"}}},{"from":[4,22,2.99],"to":[12,31,10.99],"faces":{"north":{"uv":[5.5,2.5,7.5,4.75],"texture":"#0"},"east":{"uv":[5.5,4.75,7.5,7],"texture":"#0"},"south":{"uv":[0,6.5,2,8.75],"texture":"#0"},"west":{"uv":[7.5,4.75,5.5,7],"texture":"#0"},"up":{"uv":[8,11.25,6,9.25],"texture":"#0"},"down":{"uv":[11.5,2,9.5,4],"texture":"#0"}}},{"from":[3,22,1],"to":[13,24,11],"faces":{"north":{"uv":[11.5,3.75,14,4.25],"texture":"#0"},"east":{"uv":[14,5.25,11.5,5.75],"texture":"#0"},"south":{"uv":[11.5,4.75,14,5.25],"texture":"#0"},"west":{"uv":[11.5,5.25,14,5.75],"texture":"#0"},"up":{"uv":[2.5,6.5,0,4],"texture":"#0"},"down":{"uv":[6.5,0,4,2.5],"texture":"#0"}}},{"from":[5,9,2.99],"to":[11,14,2.99],"faces":{"north":{"uv":[10.5,0,12,1.25],"texture":"#0"},"east":{"uv":[0,0,0,1.25],"texture":"#0"},"south":{"uv":[11.5,1.25,13,2.5],"texture":"#0"},"west":{"uv":[0,0,0,1.25],"texture":"#0"},"up":{"uv":[1.5,0,0,0],"texture":"#0"},"down":{"uv":[1.5,0,0,0],"texture":"#0"}}},{"from":[11.25,15,2.99],"to":[13.25,24,10.99],"rotation":{"angle":22.5,"axis":"z","origin":[13.5,19.5,7]},"faces":{"north":{"uv":[9.5,10.75,10,13],"texture":"#0"},"east":{"uv":[4,7,6,9.25],"texture":"#0"},"south":{"uv":[3.5,11.5,4,13.75],"texture":"#0"},"west":{"uv":[6,7,8,9.25],"texture":"#0"},"up":{"uv":[10.5,13.5,10,11.5],"texture":"#0"},"down":{"uv":[12,10.25,11.5,12.25],"texture":"#0"}}},{"from":[2.63582,14.42597,2.99],"to":[4.63582,23.42597,10.99],"rotation":{"angle":-22.5,"axis":"z","origin":[3.88582,18.92597,6.99]},"faces":{"north":{"uv":[11.5,5.75,12,8],"texture":"#0"},"east":{"uv":[7.5,2.25,9.5,4.5],"texture":"#0"},"south":{"uv":[11.5,8,12,10.25],"texture":"#0"},"west":{"uv":[7.5,4.5,9.5,6.75],"texture":"#0"},"up":{"uv":[11,13.5,10.5,11.5],"texture":"#0"},"down":{"uv":[11.5,11.5,11,13.5],"texture":"#0"}}},{"from":[12,-1,6],"to":[15,11,9],"faces":{"north":{"uv":[10,5.5,10.75,8.5],"texture":"#0"},"east":{"uv":[1.5,10.75,0.75,13.75],"texture":"#0"},"south":{"uv":[10.75,5.5,10,8.5],"texture":"#0"},"west":{"uv":[0.75,10.75,1.5,13.75],"texture":"#0"},"up":{"uv":[3.25,13.5,2.5,12.75],"texture":"#0"},"down":{"uv":[13.5,7,12.75,7.75],"texture":"#0"}}}],"gui_light":"front","display":{"thirdperson_righthand":{"rotation":[75,45,0],"translation":[0,2.5,0],"scale":[0.375,0.375,0.375]},"thirdperson_lefthand":{"rotation":[75,45,0],"translation":[0,2.5,0],"scale":[0.375,0.375,0.375]},"firstperson_righthand":{"rotation":[-180,60,-180],"scale":[0.4,0.4,0.4]},"firstperson_lefthand":{"rotation":[-180,60,180],"scale":[0.4,0.4,0.4]},"ground":{"translation":[0,8.75,0],"scale":[0.5,0.5,0.5]},"gui":{"rotation":[-153.75,45,-180],"translation":[0,0.15,0],"scale":[0.31797,0.31797,0.31797]},"head":{"translation":[0,-4.9,0],"scale":[1.6,1.6,1.6]},"fixed":{"rotation":[-90,180,0],"translation":[0,0,-48],"scale":[2.01,2.01,2.01]}}}