{"credit":"Made by Elo106","texture_size":[64,64],"textures":{"6":"voxelspawns_swords:item/vs_sword_frost"},"elements":[{"from":[6.499,2.999,6.999],"to":[14.501,5.001,9.001],"rotation":{"angle":0,"axis":"y","origin":[5,28,-1]},"faces":{"north":{"uv":[0,6,4,5],"texture":"#6"},"east":{"uv":[10.5,6,11.5,5],"texture":"#6"},"south":{"uv":[4,6,8,5],"texture":"#6"},"west":{"uv":[10.5,7,11.5,6],"texture":"#6"},"up":{"uv":[8,7,4,6],"texture":"#6"},"down":{"uv":[4,6,0,7],"texture":"#6"}}},{"from":[-10.498,3.002,7.5],"to":[6.5,5,8.498],"rotation":{"angle":0,"axis":"y","origin":[7.001,5.001,7.999]},"faces":{"north":{"uv":[0,0,8.5,1],"texture":"#6"},"east":{"uv":[11.5,5,12,6],"texture":"#6"},"south":{"uv":[8.5,0,0,1],"texture":"#6"},"west":{"uv":[11.5,6,12,7],"texture":"#6"},"up":{"uv":[8.5,4.5,0,4],"texture":"#6"},"down":{"uv":[8.5,4.5,0,5],"texture":"#6"}}},{"from":[-12.498,2.002,7.5],"to":[7.5,3,8.498],"rotation":{"angle":0,"axis":"y","origin":[7.001,5.001,7.999]},"faces":{"north":{"uv":[0,2,10,2.5],"texture":"#6"},"east":{"uv":[12,1,12.5,1.5],"texture":"#6"},"south":{"uv":[10,2,0,2.5],"texture":"#6"},"west":{"uv":[12,1.5,12.5,2],"texture":"#6"},"up":{"uv":[10,3.5,0,3],"texture":"#6"},"down":{"uv":[10,3.5,0,4],"texture":"#6"}}},{"from":[-11.96054,2.31406,7.501],"to":[-9.96454,4.31006,8.497],"rotation":{"angle":22.5,"axis":"z","origin":[-11.96254,3.31206,7.999]},"faces":{"north":{"uv":[0,11,1,12],"texture":"#6"},"east":{"uv":[11.5,7,12,8],"texture":"#6"},"south":{"uv":[11,0,12,1],"texture":"#6"},"west":{"uv":[11.5,8,12,9],"texture":"#6"},"up":{"uv":[12.5,9.5,11.5,9],"texture":"#6"},"down":{"uv":[12.5,9.5,11.5,10],"texture":"#6"}}},{"from":[-13.02841,2.35685,7.502],"to":[-11.34691,3.8196,8.496],"rotation":{"angle":45,"axis":"z","origin":[-12.34391,2.8226,7.999]},"faces":{"north":{"uv":[0,12,1,12.5],"texture":"#6"},"east":{"uv":[2,12,2.5,12.5],"texture":"#6"},"south":{"uv":[12,0,13,0.5],"texture":"#6"},"west":{"uv":[12,2,12.5,2.5],"texture":"#6"},"up":{"uv":[13,1,12,0.5],"texture":"#6"},"down":{"uv":[2,12,1,12.5],"texture":"#6"}}},{"from":[6.76935,3.002,5.64745],"to":[10.76735,5,7.64545],"rotation":{"angle":45,"axis":"y","origin":[8.26835,4.001,6.64645]},"faces":{"north":{"uv":[7.5,9,9.5,10],"texture":"#6"},"east":{"uv":[1,11,2,12],"texture":"#6"},"south":{"uv":[9.5,9,11.5,10],"texture":"#6"},"west":{"uv":[11,1,12,2],"texture":"#6"},"up":{"uv":[2,11,0,10],"texture":"#6"},"down":{"uv":[4,10,2,11],"texture":"#6"}}},{"from":[6.76935,3.002,8.35255],"to":[10.76735,5,10.35055],"rotation":{"angle":-45,"axis":"y","origin":[8.26835,4.001,9.35155]},"faces":{"north":{"uv":[10,2,12,3],"texture":"#6"},"east":{"uv":[2,11,3,12],"texture":"#6"},"south":{"uv":[10,3,12,4],"texture":"#6"},"west":{"uv":[3,11,4,12],"texture":"#6"},"up":{"uv":[6,11,4,10],"texture":"#6"},"down":{"uv":[8,10,6,11],"texture":"#6"}}},{"from":[6.76935,4.35455,7],"to":[11.76735,6.35255,8.998],"rotation":{"angle":45,"axis":"z","origin":[8.26835,5.35355,7.999]},"faces":{"north":{"uv":[0,7,2.5,8],"texture":"#6"},"east":{"uv":[4,11,5,12],"texture":"#6"},"south":{"uv":[2.5,7,5,8],"texture":"#6"},"west":{"uv":[11,4,12,5],"texture":"#6"},"up":{"uv":[7.5,8,5,7],"texture":"#6"},"down":{"uv":[10,7,7.5,8],"texture":"#6"}}},{"from":[6.76935,1.64945,7],"to":[9.76735,3.64745,8.998],"rotation":{"angle":-45,"axis":"z","origin":[8.26835,2.64845,7.999]},"faces":{"north":{"uv":[10,7,11.5,8],"texture":"#6"},"east":{"uv":[5,11,6,12],"texture":"#6"},"south":{"uv":[8,10,9.5,11],"texture":"#6"},"west":{"uv":[6,11,7,12],"texture":"#6"},"up":{"uv":[11.5,9,10,8],"texture":"#6"},"down":{"uv":[11,10,9.5,11],"texture":"#6"}}},{"from":[14.53956,2.19888,7],"to":[19.53756,4.19688,8.998],"rotation":{"angle":-22.5,"axis":"z","origin":[16.53856,4.69788,7.999]},"faces":{"north":{"uv":[0,8,2.5,9],"texture":"#6"},"east":{"uv":[7,11,8,12],"texture":"#6"},"south":{"uv":[2.5,8,5,9],"texture":"#6"},"west":{"uv":[8,11,9,12],"texture":"#6"},"up":{"uv":[7.5,9,5,8],"texture":"#6"},"down":{"uv":[10.5,5,8,6],"texture":"#6"}}},{"from":[19.15844,0.24564,7.002],"to":[24.15244,2.23964,8.996],"rotation":{"angle":-45,"axis":"z","origin":[20.15544,7.24264,7.999]},"faces":{"north":{"uv":[8,6,10.5,7],"texture":"#6"},"east":{"uv":[9,11,10,12],"texture":"#6"},"south":{"uv":[7.5,8,10,9],"texture":"#6"},"west":{"uv":[10,11,11,12],"texture":"#6"},"up":{"uv":[11,1,8.5,0],"texture":"#6"},"down":{"uv":[11,1,8.5,2],"texture":"#6"}}},{"from":[14.69308,4.03537,7.001],"to":[19.68908,6.03137,8.997],"rotation":{"angle":22.5,"axis":"z","origin":[17.19108,5.03337,7.999]},"faces":{"north":{"uv":[8.5,4,11,5],"texture":"#6"},"east":{"uv":[11,10,12,11],"texture":"#6"},"south":{"uv":[0,9,2.5,10],"texture":"#6"},"west":{"uv":[11,11,12,12],"texture":"#6"},"up":{"uv":[5,10,2.5,9],"texture":"#6"},"down":{"uv":[7.5,9,5,10],"texture":"#6"}}}],"gui_light":"front","display":{"thirdperson_righthand":{"rotation":[0,90,-90],"translation":[0,2.25,-3.75]},"thirdperson_lefthand":{"rotation":[0,-90,90],"translation":[0,2.25,-3.75]},"firstperson_righthand":{"rotation":[64,68,-162],"translation":[0.25,3.25,1.25],"scale":[0.5,0.5,0.5]},"firstperson_lefthand":{"rotation":[-70.4,-60.75,23.61],"translation":[0.25,3,0.5],"scale":[0.5,0.5,0.5]},"ground":{"rotation":[-90,-45,0],"translation":[0.5,-1,-1.75],"scale":[0.5,0.5,0.5]},"gui":{"rotation":[0,0,-135],"translation":[0.25,-3.5,0],"scale":[0.6,0.6,0.6]},"head":{"rotation":[-179.75,0,0],"translation":[-9,-9.25,0]},"fixed":{"rotation":[180,0,45],"translation":[-0.75,-5.75,-1]}}}