{"textures":{"0":"modelengine:entity/mso_zeus"},"elements":[{"name":"cube","from":[5.66,2.5399985,4.1],"to":[11.12,8.0,10.34],"rotation":{"angle":0.0,"axis":"x","origin":[8.0,8.0,8.0]},"faces":{"down":{"uv":[4.3125,8.125,3.875,8.625],"rotation":0,"texture":"#0","tintindex":0},"east":{"uv":[2.9375,8.625,3.4375,9.0625],"rotation":0,"texture":"#0","tintindex":0},"north":{"uv":[3.4375,8.625,3.875,9.0625],"rotation":0,"texture":"#0","tintindex":0},"south":{"uv":[4.375,8.625,4.8125,9.0625],"rotation":0,"texture":"#0","tintindex":0},"up":{"uv":[3.875,8.625,3.4375,8.125],"rotation":0,"texture":"#0","tintindex":0},"west":{"uv":[3.875,8.625,4.375,9.0625],"rotation":0,"texture":"#0","tintindex":0}}}],"display":{"head":{"translation":[0.0,-6.4,0.0],"rotation":[0.0,0.0,0.0],"scale":[3.8095,3.8095,3.8095]}}}