{"textures":{"0":"modelengine:entity/mso_zeus"},"elements":[{"name":"cube","from":[5.66,-1.3599997,2.9299998],"to":[8.0,8.0,13.070001],"rotation":{"angle":0.0,"axis":"x","origin":[8.0,8.0,8.0]},"faces":{"down":{"uv":[5.625,6.625,5.4375,7.4375],"rotation":0,"texture":"#0","tintindex":0},"east":{"uv":[4.4375,7.4375,5.25,8.1875],"rotation":0,"texture":"#0","tintindex":0},"north":{"uv":[5.25,7.4375,5.4375,8.1875],"rotation":0,"texture":"#0","tintindex":0},"south":{"uv":[6.25,7.4375,6.4375,8.1875],"rotation":0,"texture":"#0","tintindex":0},"up":{"uv":[5.4375,7.4375,5.25,6.625],"rotation":0,"texture":"#0","tintindex":0},"west":{"uv":[5.4375,7.4375,6.25,8.1875],"rotation":0,"texture":"#0","tintindex":0}}},{"name":"cube","from":[4.879999,-1.3599997,4.49],"to":[5.66,5.6600013,11.51],"rotation":{"angle":0.0,"axis":"x","origin":[8.0,8.0,8.0]},"faces":{"down":{"uv":[9.0,6.375,8.9375,6.9375],"rotation":0,"texture":"#0","tintindex":0},"east":{"uv":[8.3125,6.9375,8.875,7.5],"rotation":0,"texture":"#0","tintindex":0},"north":{"uv":[8.875,6.9375,8.9375,7.5],"rotation":0,"texture":"#0","tintindex":0},"south":{"uv":[9.5,6.9375,9.5625,7.5],"rotation":0,"texture":"#0","tintindex":0},"up":{"uv":[8.9375,6.9375,8.875,6.375],"rotation":0,"texture":"#0","tintindex":0},"west":{"uv":[8.9375,6.9375,9.5,7.5],"rotation":0,"texture":"#0","tintindex":0}}}],"display":{"head":{"translation":[0.0,-6.4,0.0],"rotation":[0.0,0.0,0.0],"scale":[3.8095,3.8095,3.8095]}}}