{"textures":{"0":"modelengine:entity/mso_zeus"},"elements":[{"name":"cube","from":[8.0,-4.48,3.7099998],"to":[10.34,8.0,12.29],"rotation":{"angle":0.0,"axis":"x","origin":[8.0,8.0,8.0]},"faces":{"down":{"uv":[8.375,0.0,8.5625,0.6875],"rotation":0,"texture":"#0","tintindex":0},"east":{"uv":[9.0625,0.6875,8.375,1.6875],"rotation":0,"texture":"#0","tintindex":0},"north":{"uv":[8.375,0.6875,8.1875,1.6875],"rotation":0,"texture":"#0","tintindex":0},"south":{"uv":[9.25,0.6875,9.0625,1.6875],"rotation":0,"texture":"#0","tintindex":0},"up":{"uv":[8.1875,0.6875,8.375,0.0],"rotation":0,"texture":"#0","tintindex":0},"west":{"uv":[8.1875,0.6875,7.5,1.6875],"rotation":0,"texture":"#0","tintindex":0}}},{"name":"cube","from":[10.34,-2.1400013,5.2699995],"to":[11.12,8.0,10.73],"rotation":{"angle":0.0,"axis":"x","origin":[8.0,8.0,8.0]},"faces":{"down":{"uv":[4.875,9.0,4.9375,9.4375],"rotation":0,"texture":"#0","tintindex":0},"east":{"uv":[5.3125,9.4375,4.875,10.25],"rotation":0,"texture":"#0","tintindex":0},"north":{"uv":[4.875,9.4375,4.8125,10.25],"rotation":0,"texture":"#0","tintindex":0},"south":{"uv":[5.375,9.4375,5.3125,10.25],"rotation":0,"texture":"#0","tintindex":0},"up":{"uv":[4.8125,9.4375,4.875,9.0],"rotation":0,"texture":"#0","tintindex":0},"west":{"uv":[4.8125,9.4375,4.375,10.25],"rotation":0,"texture":"#0","tintindex":0}}}],"display":{"head":{"translation":[0.0,-6.4,0.0],"rotation":[0.0,0.0,0.0],"scale":[3.8095,3.8095,3.8095]}}}