{"textures":{"0":"modelengine:entity/mso_zeus"},"elements":[{"name":"cube","from":[7.2199984,5.659999,5.66],"to":[8.78,10.340001,10.34],"rotation":{"angle":0.0,"axis":"x","origin":[8.0,8.0,8.0]},"faces":{"down":{"uv":[4.25,15.1875,4.125,15.5625],"rotation":0,"texture":"#0","tintindex":0},"east":{"uv":[3.625,15.5625,4.0,15.9375],"rotation":0,"texture":"#0","tintindex":0},"north":{"uv":[4.0,15.5625,4.125,15.9375],"rotation":0,"texture":"#0","tintindex":0},"south":{"uv":[4.5,15.5625,4.625,15.9375],"rotation":0,"texture":"#0","tintindex":0},"up":{"uv":[4.125,15.5625,4.0,15.1875],"rotation":0,"texture":"#0","tintindex":0},"west":{"uv":[4.125,15.5625,4.5,15.9375],"rotation":0,"texture":"#0","tintindex":0}}},{"name":"cube","from":[7.609999,10.340001,5.66],"to":[7.609999,18.919998,10.34],"rotation":{"angle":0.0,"axis":"x","origin":[8.389998,12.679997,8.0]},"faces":{"down":{"uv":[2.125,14.0,2.125,14.375],"rotation":0,"texture":"#0","tintindex":0},"east":{"uv":[1.75,14.375,2.125,15.0625],"rotation":0,"texture":"#0","tintindex":0},"north":{"uv":[2.125,14.375,2.125,15.0625],"rotation":0,"texture":"#0","tintindex":0},"south":{"uv":[2.5,14.375,2.5,15.0625],"rotation":0,"texture":"#0","tintindex":0},"up":{"uv":[2.125,14.375,2.125,14.0],"rotation":0,"texture":"#0","tintindex":0},"west":{"uv":[2.125,14.375,2.5,15.0625],"rotation":0,"texture":"#0","tintindex":0}}},{"name":"cube","from":[8.504698,21.081879,5.66],"to":[8.504698,29.661877,10.34],"rotation":{"angle":0.0,"axis":"x","origin":[8.504698,21.081879,8.0]},"faces":{"down":{"uv":[1.3125,14.0,1.3125,14.375],"rotation":0,"texture":"#0","tintindex":0},"east":{"uv":[0.9375,14.375,1.3125,15.0625],"rotation":0,"texture":"#0","tintindex":0},"north":{"uv":[1.3125,14.375,1.3125,15.0625],"rotation":0,"texture":"#0","tintindex":0},"south":{"uv":[1.6875,14.375,1.6875,15.0625],"rotation":0,"texture":"#0","tintindex":0},"up":{"uv":[1.3125,14.375,1.3125,14.0],"rotation":0,"texture":"#0","tintindex":0},"west":{"uv":[1.3125,14.375,1.6875,15.0625],"rotation":0,"texture":"#0","tintindex":0}}},{"name":"cube","from":[8.78,18.919998,5.66],"to":[10.339998,27.5,10.34],"rotation":{"angle":0.0,"axis":"x","origin":[9.559999,21.259998,8.0]},"faces":{"down":{"uv":[5.375,14.8125,5.25,15.1875],"rotation":0,"texture":"#0","tintindex":0},"east":{"uv":[4.75,15.1875,5.125,15.875],"rotation":0,"texture":"#0","tintindex":0},"north":{"uv":[5.125,15.1875,5.25,15.875],"rotation":0,"texture":"#0","tintindex":0},"south":{"uv":[5.25,15.1875,5.125,15.875],"rotation":0,"texture":"#0","tintindex":0},"up":{"uv":[5.25,15.1875,5.125,14.8125],"rotation":0,"texture":"#0","tintindex":0},"west":{"uv":[5.25,15.1875,5.625,15.875],"rotation":0,"texture":"#0","tintindex":0}}},{"name":"cube","from":[7.609999,18.919998,5.66],"to":[7.609999,21.259998,10.34],"rotation":{"angle":-22.5,"axis":"z","origin":[7.609999,18.919998,8.0]},"faces":{"down":{"uv":[0.375,15.4375,0.375,15.8125],"rotation":0,"texture":"#0","tintindex":0},"east":{"uv":[0.0,15.8125,0.375,16.0],"rotation":0,"texture":"#0","tintindex":0},"north":{"uv":[0.375,15.8125,0.375,16.0],"rotation":0,"texture":"#0","tintindex":0},"south":{"uv":[0.75,15.8125,0.75,16.0],"rotation":0,"texture":"#0","tintindex":0},"up":{"uv":[0.375,15.8125,0.375,15.4375],"rotation":0,"texture":"#0","tintindex":0},"west":{"uv":[0.375,15.8125,0.75,16.0],"rotation":0,"texture":"#0","tintindex":0}}},{"name":"cube","from":[8.0,10.340001,5.66],"to":[9.559999,18.919998,10.34],"rotation":{"angle":0.0,"axis":"x","origin":[8.78,12.679997,8.0]},"faces":{"down":{"uv":[5.375,14.8125,5.25,15.1875],"rotation":0,"texture":"#0","tintindex":0},"east":{"uv":[4.75,15.1875,5.125,15.875],"rotation":0,"texture":"#0","tintindex":0},"north":{"uv":[5.125,15.1875,5.25,15.875],"rotation":0,"texture":"#0","tintindex":0},"south":{"uv":[5.25,15.1875,5.125,15.875],"rotation":0,"texture":"#0","tintindex":0},"up":{"uv":[5.25,15.1875,5.125,14.8125],"rotation":0,"texture":"#0","tintindex":0},"west":{"uv":[5.25,15.1875,5.625,15.875],"rotation":0,"texture":"#0","tintindex":0}}},{"name":"cube","from":[9.326,10.340001,-6.8199997],"to":[9.481998,22.82,5.66],"rotation":{"angle":0.0,"axis":"x","origin":[8.623999,12.679997,3.3199997]},"faces":{"down":{"uv":[7.0,12.9375,7.0,13.9375],"rotation":0,"texture":"#0","tintindex":0},"east":{"uv":[6.0,13.9375,7.0,14.9375],"rotation":0,"texture":"#0","tintindex":0},"north":{"uv":[7.0,13.9375,7.0,14.9375],"rotation":0,"texture":"#0","tintindex":0},"south":{"uv":[8.0,13.9375,8.0,14.9375],"rotation":0,"texture":"#0","tintindex":0},"up":{"uv":[7.0,13.9375,7.0,12.9375],"rotation":0,"texture":"#0","tintindex":0},"west":{"uv":[7.0,13.9375,8.0,14.9375],"rotation":0,"texture":"#0","tintindex":0}}},{"name":"cube","from":[9.162199,22.4222,-0.58780026],"to":[9.9578,25.5578,5.6678],"rotation":{"angle":0.0,"axis":"x","origin":[9.169998,25.55,5.66]},"faces":{"down":{"uv":[6.0,14.4375,5.9375,14.9375],"rotation":0,"texture":"#0","tintindex":0},"east":{"uv":[5.9375,14.9375,6.4375,15.1875],"rotation":0,"texture":"#0","tintindex":0},"north":{"uv":[5.875,14.9375,5.9375,15.1875],"rotation":0,"texture":"#0","tintindex":0},"south":{"uv":[6.4375,14.9375,6.5,15.1875],"rotation":0,"texture":"#0","tintindex":0},"up":{"uv":[5.9375,14.9375,5.875,14.4375],"rotation":0,"texture":"#0","tintindex":0},"west":{"uv":[5.9375,14.9375,6.4375,15.1875],"rotation":0,"texture":"#0","tintindex":0}}},{"name":"cube","from":[9.169998,21.650002,-6.8199997],"to":[9.949999,24.77,-0.5799999],"rotation":{"angle":-22.5,"axis":"x","origin":[9.169998,24.77,-0.5799999]},"faces":{"down":{"uv":[6.0,14.4375,5.9375,14.9375],"rotation":0,"texture":"#0","tintindex":0},"east":{"uv":[5.9375,14.9375,6.4375,15.1875],"rotation":0,"texture":"#0","tintindex":0},"north":{"uv":[5.875,14.9375,5.9375,15.1875],"rotation":0,"texture":"#0","tintindex":0},"south":{"uv":[6.4375,14.9375,6.5,15.1875],"rotation":0,"texture":"#0","tintindex":0},"up":{"uv":[5.9375,14.9375,5.875,14.4375],"rotation":0,"texture":"#0","tintindex":0},"west":{"uv":[5.9375,14.9375,6.4375,15.1875],"rotation":0,"texture":"#0","tintindex":0}}},{"name":"cube","from":[9.162199,16.572199,-8.777801],"to":[9.9578,22.8278,-5.6422005],"rotation":{"angle":22.5,"axis":"x","origin":[9.169998,16.579998,-8.7699995]},"faces":{"down":{"uv":[6.125,15.1875,6.0625,15.4375],"rotation":0,"texture":"#0","tintindex":0},"east":{"uv":[6.3125,15.4375,6.0625,15.9375],"rotation":0,"texture":"#0","tintindex":0},"north":{"uv":[6.0,15.4375,6.0625,15.9375],"rotation":0,"texture":"#0","tintindex":0},"south":{"uv":[6.3125,15.4375,6.375,15.9375],"rotation":0,"texture":"#0","tintindex":0},"up":{"uv":[6.0625,15.4375,6.0,15.1875],"rotation":0,"texture":"#0","tintindex":0},"west":{"uv":[6.0625,15.4375,6.3125,15.9375],"rotation":0,"texture":"#0","tintindex":0}}},{"name":"cube","from":[9.169998,10.340001,-9.550001],"to":[9.949999,16.579998,-6.4300003],"rotation":{"angle":0.0,"axis":"x","origin":[9.169998,10.340001,-9.550001]},"faces":{"down":{"uv":[6.125,15.1875,6.0625,15.4375],"rotation":0,"texture":"#0","tintindex":0},"east":{"uv":[6.3125,15.4375,6.0625,15.9375],"rotation":0,"texture":"#0","tintindex":0},"north":{"uv":[6.0,15.4375,6.0625,15.9375],"rotation":0,"texture":"#0","tintindex":0},"south":{"uv":[6.3125,15.4375,6.375,15.9375],"rotation":0,"texture":"#0","tintindex":0},"up":{"uv":[6.0625,15.4375,6.0,15.1875],"rotation":0,"texture":"#0","tintindex":0},"west":{"uv":[6.0625,15.4375,6.3125,15.9375],"rotation":0,"texture":"#0","tintindex":0}}},{"name":"cube","from":[8.506353,5.659999,-13.667874],"to":[8.506353,10.340001,-5.0878716],"rotation":{"angle":0.0,"axis":"x","origin":[9.286352,8.0,-5.0878716]},"faces":{"down":{"uv":[2.3125,14.75,2.3125,15.4375],"rotation":0,"texture":"#0","tintindex":0},"east":{"uv":[1.625,15.4375,2.3125,15.8125],"rotation":0,"texture":"#0","tintindex":0},"north":{"uv":[2.3125,15.4375,2.3125,15.8125],"rotation":0,"texture":"#0","tintindex":0},"south":{"uv":[3.0,15.4375,3.0,15.8125],"rotation":0,"texture":"#0","tintindex":0},"up":{"uv":[2.3125,15.4375,2.3125,14.75],"rotation":0,"texture":"#0","tintindex":0},"west":{"uv":[2.3125,15.4375,3.0,15.8125],"rotation":0,"texture":"#0","tintindex":0}}},{"name":"cube","from":[8.78,5.659999,-11.500001],"to":[10.339998,10.340001,-2.9199996],"rotation":{"angle":0.0,"axis":"x","origin":[9.559999,8.0,-2.9199996]},"faces":{"down":{"uv":[0.6875,14.375,0.8125,15.0625],"rotation":0,"texture":"#0","tintindex":0},"east":{"uv":[0.0,15.0625,0.6875,15.4375],"rotation":0,"texture":"#0","tintindex":0},"north":{"uv":[0.6875,15.0625,0.8125,15.4375],"rotation":0,"texture":"#0","tintindex":0},"south":{"uv":[1.5,15.0625,1.625,15.4375],"rotation":0,"texture":"#0","tintindex":0},"up":{"uv":[0.8125,15.0625,0.6875,14.375],"rotation":0,"texture":"#0","tintindex":0},"west":{"uv":[0.8125,15.0625,1.5,15.4375],"rotation":0,"texture":"#0","tintindex":0}}},{"name":"cube","from":[7.609999,5.659999,-2.9199996],"to":[7.609999,10.340001,5.66],"rotation":{"angle":0.0,"axis":"x","origin":[8.389998,8.0,5.66]},"faces":{"down":{"uv":[0.6875,14.75,0.6875,15.4375],"rotation":0,"texture":"#0","tintindex":0},"east":{"uv":[0.0,15.4375,0.6875,15.8125],"rotation":0,"texture":"#0","tintindex":0},"north":{"uv":[0.6875,15.4375,0.6875,15.8125],"rotation":0,"texture":"#0","tintindex":0},"south":{"uv":[1.375,15.4375,1.375,15.8125],"rotation":0,"texture":"#0","tintindex":0},"up":{"uv":[0.6875,15.4375,0.6875,14.75],"rotation":0,"texture":"#0","tintindex":0},"west":{"uv":[0.6875,15.4375,1.375,15.8125],"rotation":0,"texture":"#0","tintindex":0}}},{"name":"cube","from":[7.5514994,5.659999,-4.9674997],"to":[7.5514994,10.340001,-2.6275],"rotation":{"angle":-22.5,"axis":"y","origin":[8.331499,8.0,-2.6275]},"faces":{"down":{"uv":[0.1875,14.5,0.1875,14.6875],"rotation":0,"texture":"#0","tintindex":0},"east":{"uv":[0.0,14.6875,0.1875,15.0625],"rotation":0,"texture":"#0","tintindex":0},"north":{"uv":[0.1875,14.6875,0.1875,15.0625],"rotation":0,"texture":"#0","tintindex":0},"south":{"uv":[0.375,14.6875,0.375,15.0625],"rotation":0,"texture":"#0","tintindex":0},"up":{"uv":[0.1875,14.6875,0.1875,14.5],"rotation":0,"texture":"#0","tintindex":0},"west":{"uv":[0.1875,14.6875,0.375,15.0625],"rotation":0,"texture":"#0","tintindex":0}}},{"name":"cube","from":[8.0,5.659999,-2.9199996],"to":[9.559999,10.340001,5.66],"rotation":{"angle":0.0,"axis":"x","origin":[8.78,8.0,5.66]},"faces":{"down":{"uv":[0.8125,14.375,0.6875,15.0625],"rotation":0,"texture":"#0","tintindex":0},"east":{"uv":[0.0,15.0625,0.6875,15.4375],"rotation":0,"texture":"#0","tintindex":0},"north":{"uv":[0.6875,15.0625,0.8125,15.4375],"rotation":0,"texture":"#0","tintindex":0},"south":{"uv":[1.5,15.0625,1.625,15.4375],"rotation":0,"texture":"#0","tintindex":0},"up":{"uv":[0.8125,15.0625,0.6875,14.375],"rotation":0,"texture":"#0","tintindex":0},"west":{"uv":[0.8125,15.0625,1.5,15.4375],"rotation":0,"texture":"#0","tintindex":0}}},{"name":"cube","from":[9.162199,22.4222,10.3322],"to":[9.9578,25.5578,16.5878],"rotation":{"angle":0.0,"axis":"x","origin":[9.169998,25.55,10.34]},"faces":{"down":{"uv":[6.0,14.9375,5.9375,14.4375],"rotation":0,"texture":"#0","tintindex":0},"east":{"uv":[6.4375,14.9375,5.9375,15.1875],"rotation":0,"texture":"#0","tintindex":0},"north":{"uv":[6.5,14.9375,6.4375,15.1875],"rotation":0,"texture":"#0","tintindex":0},"south":{"uv":[5.9375,14.9375,5.875,15.1875],"rotation":0,"texture":"#0","tintindex":0},"up":{"uv":[5.9375,14.4375,5.875,14.9375],"rotation":0,"texture":"#0","tintindex":0},"west":{"uv":[6.4375,14.9375,5.9375,15.1875],"rotation":0,"texture":"#0","tintindex":0}}},{"name":"cube","from":[9.326,10.340001,10.34],"to":[9.481998,22.82,22.82],"rotation":{"angle":0.0,"axis":"x","origin":[8.623999,12.679997,12.679999]},"faces":{"down":{"uv":[7.0,13.9375,7.0,12.9375],"rotation":0,"texture":"#0","tintindex":0},"east":{"uv":[7.0,13.9375,6.0,14.9375],"rotation":0,"texture":"#0","tintindex":0},"north":{"uv":[8.0,13.9375,8.0,14.9375],"rotation":0,"texture":"#0","tintindex":0},"south":{"uv":[7.0,13.9375,7.0,14.9375],"rotation":0,"texture":"#0","tintindex":0},"up":{"uv":[7.0,12.9375,7.0,13.9375],"rotation":0,"texture":"#0","tintindex":0},"west":{"uv":[8.0,13.9375,7.0,14.9375],"rotation":0,"texture":"#0","tintindex":0}}},{"name":"cube","from":[9.162199,16.572199,21.6422],"to":[9.9578,22.8278,24.777802],"rotation":{"angle":-22.5,"axis":"x","origin":[9.169998,16.579998,24.77]},"faces":{"down":{"uv":[6.125,15.4375,6.0625,15.1875],"rotation":0,"texture":"#0","tintindex":0},"east":{"uv":[6.0625,15.4375,6.3125,15.9375],"rotation":0,"texture":"#0","tintindex":0},"north":{"uv":[6.375,15.4375,6.3125,15.9375],"rotation":0,"texture":"#0","tintindex":0},"south":{"uv":[6.0625,15.4375,6.0,15.9375],"rotation":0,"texture":"#0","tintindex":0},"up":{"uv":[6.0625,15.1875,6.0,15.4375],"rotation":0,"texture":"#0","tintindex":0},"west":{"uv":[6.3125,15.4375,6.0625,15.9375],"rotation":0,"texture":"#0","tintindex":0}}},{"name":"cube","from":[9.169998,21.650002,16.58],"to":[9.949999,24.77,22.82],"rotation":{"angle":22.5,"axis":"x","origin":[9.169998,24.77,16.58]},"faces":{"down":{"uv":[6.0,14.9375,5.9375,14.4375],"rotation":0,"texture":"#0","tintindex":0},"east":{"uv":[6.4375,14.9375,5.9375,15.1875],"rotation":0,"texture":"#0","tintindex":0},"north":{"uv":[6.5,14.9375,6.4375,15.1875],"rotation":0,"texture":"#0","tintindex":0},"south":{"uv":[5.9375,14.9375,5.875,15.1875],"rotation":0,"texture":"#0","tintindex":0},"up":{"uv":[5.9375,14.4375,5.875,14.9375],"rotation":0,"texture":"#0","tintindex":0},"west":{"uv":[6.4375,14.9375,5.9375,15.1875],"rotation":0,"texture":"#0","tintindex":0}}},{"name":"cube","from":[9.169998,10.340001,22.430004],"to":[9.949999,16.579998,25.55],"rotation":{"angle":0.0,"axis":"x","origin":[9.169998,10.340001,25.55]},"faces":{"down":{"uv":[6.125,15.4375,6.0625,15.1875],"rotation":0,"texture":"#0","tintindex":0},"east":{"uv":[6.0625,15.4375,6.3125,15.9375],"rotation":0,"texture":"#0","tintindex":0},"north":{"uv":[6.375,15.4375,6.3125,15.9375],"rotation":0,"texture":"#0","tintindex":0},"south":{"uv":[6.0625,15.4375,6.0,15.9375],"rotation":0,"texture":"#0","tintindex":0},"up":{"uv":[6.0625,15.1875,6.0,15.4375],"rotation":0,"texture":"#0","tintindex":0},"west":{"uv":[6.3125,15.4375,6.0625,15.9375],"rotation":0,"texture":"#0","tintindex":0}}},{"name":"cube","from":[8.0,-2.920001,5.66],"to":[9.559999,5.659999,10.34],"rotation":{"angle":0.0,"axis":"x","origin":[8.78,3.319998,8.0]},"faces":{"down":{"uv":[5.25,14.8125,5.125,15.1875],"rotation":0,"texture":"#0","tintindex":0},"east":{"uv":[4.75,15.875,5.125,15.1875],"rotation":0,"texture":"#0","tintindex":0},"north":{"uv":[5.125,15.875,5.25,15.1875],"rotation":0,"texture":"#0","tintindex":0},"south":{"uv":[5.25,15.875,5.125,15.1875],"rotation":0,"texture":"#0","tintindex":0},"up":{"uv":[5.375,15.1875,5.25,14.8125],"rotation":0,"texture":"#0","tintindex":0},"west":{"uv":[5.25,15.875,5.625,15.1875],"rotation":0,"texture":"#0","tintindex":0}}},{"name":"cube","from":[8.78,-11.500001,5.66],"to":[10.339998,-2.920001,10.34],"rotation":{"angle":0.0,"axis":"x","origin":[9.559999,-5.260002,8.0]},"faces":{"down":{"uv":[5.25,14.8125,5.125,15.1875],"rotation":0,"texture":"#0","tintindex":0},"east":{"uv":[4.75,15.875,5.125,15.1875],"rotation":0,"texture":"#0","tintindex":0},"north":{"uv":[5.125,15.875,5.25,15.1875],"rotation":0,"texture":"#0","tintindex":0},"south":{"uv":[5.25,15.875,5.125,15.1875],"rotation":0,"texture":"#0","tintindex":0},"up":{"uv":[5.375,15.1875,5.25,14.8125],"rotation":0,"texture":"#0","tintindex":0},"west":{"uv":[5.25,15.875,5.625,15.1875],"rotation":0,"texture":"#0","tintindex":0}}},{"name":"cube","from":[7.609999,-2.920001,5.66],"to":[7.609999,5.659999,10.34],"rotation":{"angle":0.0,"axis":"x","origin":[8.389998,3.319998,8.0]},"faces":{"down":{"uv":[2.125,14.0,2.125,14.375],"rotation":0,"texture":"#0","tintindex":0},"east":{"uv":[1.75,15.0625,2.125,14.375],"rotation":0,"texture":"#0","tintindex":0},"north":{"uv":[2.125,15.0625,2.125,14.375],"rotation":0,"texture":"#0","tintindex":0},"south":{"uv":[2.5,15.0625,2.5,14.375],"rotation":0,"texture":"#0","tintindex":0},"up":{"uv":[2.125,14.375,2.125,14.0],"rotation":0,"texture":"#0","tintindex":0},"west":{"uv":[2.125,15.0625,2.5,14.375],"rotation":0,"texture":"#0","tintindex":0}}},{"name":"cube","from":[7.609999,-5.260002,5.66],"to":[7.609999,-2.920001,10.34],"rotation":{"angle":22.5,"axis":"z","origin":[7.609999,-2.920001,8.0]},"faces":{"down":{"uv":[0.375,15.4375,0.375,15.8125],"rotation":0,"texture":"#0","tintindex":0},"east":{"uv":[0.0,16.0,0.375,15.8125],"rotation":0,"texture":"#0","tintindex":0},"north":{"uv":[0.375,16.0,0.375,15.8125],"rotation":0,"texture":"#0","tintindex":0},"south":{"uv":[0.75,16.0,0.75,15.8125],"rotation":0,"texture":"#0","tintindex":0},"up":{"uv":[0.375,15.8125,0.375,15.4375],"rotation":0,"texture":"#0","tintindex":0},"west":{"uv":[0.375,16.0,0.75,15.8125],"rotation":0,"texture":"#0","tintindex":0}}},{"name":"cube","from":[8.504698,-13.66188,5.66],"to":[8.504698,-5.0818796,10.34],"rotation":{"angle":0.0,"axis":"x","origin":[8.504698,-5.0818796,8.0]},"faces":{"down":{"uv":[1.3125,14.0,1.3125,14.375],"rotation":0,"texture":"#0","tintindex":0},"east":{"uv":[0.9375,15.0625,1.3125,14.375],"rotation":0,"texture":"#0","tintindex":0},"north":{"uv":[1.3125,15.0625,1.3125,14.375],"rotation":0,"texture":"#0","tintindex":0},"south":{"uv":[1.6875,15.0625,1.6875,14.375],"rotation":0,"texture":"#0","tintindex":0},"up":{"uv":[1.3125,14.375,1.3125,14.0],"rotation":0,"texture":"#0","tintindex":0},"west":{"uv":[1.3125,15.0625,1.6875,14.375],"rotation":0,"texture":"#0","tintindex":0}}},{"name":"cube","from":[9.169998,-0.58000207,-9.550001],"to":[9.949999,5.659999,-6.4300003],"rotation":{"angle":0.0,"axis":"x","origin":[9.169998,5.659999,-9.550001]},"faces":{"down":{"uv":[6.0625,15.1875,6.0,15.4375],"rotation":0,"texture":"#0","tintindex":0},"east":{"uv":[6.3125,15.9375,6.0625,15.4375],"rotation":0,"texture":"#0","tintindex":0},"north":{"uv":[6.0,15.9375,6.0625,15.4375],"rotation":0,"texture":"#0","tintindex":0},"south":{"uv":[6.3125,15.9375,6.375,15.4375],"rotation":0,"texture":"#0","tintindex":0},"up":{"uv":[6.125,15.4375,6.0625,15.1875],"rotation":0,"texture":"#0","tintindex":0},"west":{"uv":[6.0625,15.9375,6.3125,15.4375],"rotation":0,"texture":"#0","tintindex":0}}},{"name":"cube","from":[9.162199,-9.557802,-0.58780026],"to":[9.9578,-6.422201,5.6678],"rotation":{"angle":0.0,"axis":"x","origin":[9.169998,-9.550001,5.66]},"faces":{"down":{"uv":[5.9375,14.4375,5.875,14.9375],"rotation":0,"texture":"#0","tintindex":0},"east":{"uv":[5.9375,15.1875,6.4375,14.9375],"rotation":0,"texture":"#0","tintindex":0},"north":{"uv":[5.875,15.1875,5.9375,14.9375],"rotation":0,"texture":"#0","tintindex":0},"south":{"uv":[6.4375,15.1875,6.5,14.9375],"rotation":0,"texture":"#0","tintindex":0},"up":{"uv":[6.0,14.9375,5.9375,14.4375],"rotation":0,"texture":"#0","tintindex":0},"west":{"uv":[5.9375,15.1875,6.4375,14.9375],"rotation":0,"texture":"#0","tintindex":0}}},{"name":"cube","from":[9.162199,-6.8278027,-8.777801],"to":[9.9578,-0.5722008,-5.6422005],"rotation":{"angle":-22.5,"axis":"x","origin":[9.169998,-0.58000207,-8.7699995]},"faces":{"down":{"uv":[6.0625,15.1875,6.0,15.4375],"rotation":0,"texture":"#0","tintindex":0},"east":{"uv":[6.3125,15.9375,6.0625,15.4375],"rotation":0,"texture":"#0","tintindex":0},"north":{"uv":[6.0,15.9375,6.0625,15.4375],"rotation":0,"texture":"#0","tintindex":0},"south":{"uv":[6.3125,15.9375,6.375,15.4375],"rotation":0,"texture":"#0","tintindex":0},"up":{"uv":[6.125,15.4375,6.0625,15.1875],"rotation":0,"texture":"#0","tintindex":0},"west":{"uv":[6.0625,15.9375,6.3125,15.4375],"rotation":0,"texture":"#0","tintindex":0}}},{"name":"cube","from":[9.169998,-8.770001,-6.8199997],"to":[9.949999,-5.6500006,-0.5799999],"rotation":{"angle":22.5,"axis":"x","origin":[9.169998,-8.770001,-0.5799999]},"faces":{"down":{"uv":[5.9375,14.4375,5.875,14.9375],"rotation":0,"texture":"#0","tintindex":0},"east":{"uv":[5.9375,15.1875,6.4375,14.9375],"rotation":0,"texture":"#0","tintindex":0},"north":{"uv":[5.875,15.1875,5.9375,14.9375],"rotation":0,"texture":"#0","tintindex":0},"south":{"uv":[6.4375,15.1875,6.5,14.9375],"rotation":0,"texture":"#0","tintindex":0},"up":{"uv":[6.0,14.9375,5.9375,14.4375],"rotation":0,"texture":"#0","tintindex":0},"west":{"uv":[5.9375,15.1875,6.4375,14.9375],"rotation":0,"texture":"#0","tintindex":0}}},{"name":"cube","from":[9.326,-6.8200006,-6.8199997],"to":[9.481998,5.659999,5.66],"rotation":{"angle":0.0,"axis":"x","origin":[8.623999,3.319998,3.3199997]},"faces":{"down":{"uv":[7.0,12.9375,7.0,13.9375],"rotation":0,"texture":"#0","tintindex":0},"east":{"uv":[6.0,14.9375,7.0,13.9375],"rotation":0,"texture":"#0","tintindex":0},"north":{"uv":[7.0,14.9375,7.0,13.9375],"rotation":0,"texture":"#0","tintindex":0},"south":{"uv":[8.0,14.9375,8.0,13.9375],"rotation":0,"texture":"#0","tintindex":0},"up":{"uv":[7.0,13.9375,7.0,12.9375],"rotation":0,"texture":"#0","tintindex":0},"west":{"uv":[7.0,14.9375,8.0,13.9375],"rotation":0,"texture":"#0","tintindex":0}}},{"name":"cube","from":[9.169998,-0.58000207,22.430004],"to":[9.949999,5.659999,25.55],"rotation":{"angle":0.0,"axis":"x","origin":[9.169998,5.659999,25.55]},"faces":{"down":{"uv":[6.0625,15.4375,6.0,15.1875],"rotation":0,"texture":"#0","tintindex":0},"east":{"uv":[6.0625,15.9375,6.3125,15.4375],"rotation":0,"texture":"#0","tintindex":0},"north":{"uv":[6.375,15.9375,6.3125,15.4375],"rotation":0,"texture":"#0","tintindex":0},"south":{"uv":[6.0625,15.9375,6.0,15.4375],"rotation":0,"texture":"#0","tintindex":0},"up":{"uv":[6.125,15.1875,6.0625,15.4375],"rotation":0,"texture":"#0","tintindex":0},"west":{"uv":[6.3125,15.9375,6.0625,15.4375],"rotation":0,"texture":"#0","tintindex":0}}},{"name":"cube","from":[9.169998,-8.770001,16.58],"to":[9.949999,-5.6500006,22.82],"rotation":{"angle":-22.5,"axis":"x","origin":[9.169998,-8.770001,16.58]},"faces":{"down":{"uv":[5.9375,14.9375,5.875,14.4375],"rotation":0,"texture":"#0","tintindex":0},"east":{"uv":[6.4375,15.1875,5.9375,14.9375],"rotation":0,"texture":"#0","tintindex":0},"north":{"uv":[6.5,15.1875,6.4375,14.9375],"rotation":0,"texture":"#0","tintindex":0},"south":{"uv":[5.9375,15.1875,5.875,14.9375],"rotation":0,"texture":"#0","tintindex":0},"up":{"uv":[6.0,14.4375,5.9375,14.9375],"rotation":0,"texture":"#0","tintindex":0},"west":{"uv":[6.4375,15.1875,5.9375,14.9375],"rotation":0,"texture":"#0","tintindex":0}}},{"name":"cube","from":[9.162199,-6.8278027,21.6422],"to":[9.9578,-0.5722008,24.777802],"rotation":{"angle":22.5,"axis":"x","origin":[9.169998,-0.58000207,24.77]},"faces":{"down":{"uv":[6.0625,15.4375,6.0,15.1875],"rotation":0,"texture":"#0","tintindex":0},"east":{"uv":[6.0625,15.9375,6.3125,15.4375],"rotation":0,"texture":"#0","tintindex":0},"north":{"uv":[6.375,15.9375,6.3125,15.4375],"rotation":0,"texture":"#0","tintindex":0},"south":{"uv":[6.0625,15.9375,6.0,15.4375],"rotation":0,"texture":"#0","tintindex":0},"up":{"uv":[6.125,15.1875,6.0625,15.4375],"rotation":0,"texture":"#0","tintindex":0},"west":{"uv":[6.3125,15.9375,6.0625,15.4375],"rotation":0,"texture":"#0","tintindex":0}}},{"name":"cube","from":[9.326,-6.8200006,10.34],"to":[9.481998,5.659999,22.82],"rotation":{"angle":0.0,"axis":"x","origin":[8.623999,3.319998,12.679999]},"faces":{"down":{"uv":[7.0,13.9375,7.0,12.9375],"rotation":0,"texture":"#0","tintindex":0},"east":{"uv":[7.0,14.9375,6.0,13.9375],"rotation":0,"texture":"#0","tintindex":0},"north":{"uv":[8.0,14.9375,8.0,13.9375],"rotation":0,"texture":"#0","tintindex":0},"south":{"uv":[7.0,14.9375,7.0,13.9375],"rotation":0,"texture":"#0","tintindex":0},"up":{"uv":[7.0,12.9375,7.0,13.9375],"rotation":0,"texture":"#0","tintindex":0},"west":{"uv":[8.0,14.9375,7.0,13.9375],"rotation":0,"texture":"#0","tintindex":0}}},{"name":"cube","from":[9.162199,-9.557802,10.3322],"to":[9.9578,-6.422201,16.5878],"rotation":{"angle":0.0,"axis":"x","origin":[9.169998,-9.550001,10.34]},"faces":{"down":{"uv":[5.9375,14.9375,5.875,14.4375],"rotation":0,"texture":"#0","tintindex":0},"east":{"uv":[6.4375,15.1875,5.9375,14.9375],"rotation":0,"texture":"#0","tintindex":0},"north":{"uv":[6.5,15.1875,6.4375,14.9375],"rotation":0,"texture":"#0","tintindex":0},"south":{"uv":[5.9375,15.1875,5.875,14.9375],"rotation":0,"texture":"#0","tintindex":0},"up":{"uv":[6.0,14.4375,5.9375,14.9375],"rotation":0,"texture":"#0","tintindex":0},"west":{"uv":[6.4375,15.1875,5.9375,14.9375],"rotation":0,"texture":"#0","tintindex":0}}},{"name":"cube","from":[8.506353,5.659999,21.087872],"to":[8.506353,10.340001,29.66787],"rotation":{"angle":0.0,"axis":"x","origin":[9.286352,8.0,21.087872]},"faces":{"down":{"uv":[2.3125,15.4375,2.3125,14.75],"rotation":0,"texture":"#0","tintindex":0},"east":{"uv":[2.3125,15.4375,1.625,15.8125],"rotation":0,"texture":"#0","tintindex":0},"north":{"uv":[3.0,15.4375,3.0,15.8125],"rotation":0,"texture":"#0","tintindex":0},"south":{"uv":[2.3125,15.4375,2.3125,15.8125],"rotation":0,"texture":"#0","tintindex":0},"up":{"uv":[2.3125,14.75,2.3125,15.4375],"rotation":0,"texture":"#0","tintindex":0},"west":{"uv":[3.0,15.4375,2.3125,15.8125],"rotation":0,"texture":"#0","tintindex":0}}},{"name":"cube","from":[8.78,5.659999,18.920002],"to":[10.339998,10.340001,27.5],"rotation":{"angle":0.0,"axis":"x","origin":[9.559999,8.0,18.920002]},"faces":{"down":{"uv":[0.6875,15.0625,0.8125,14.375],"rotation":0,"texture":"#0","tintindex":0},"east":{"uv":[0.6875,15.0625,0.0,15.4375],"rotation":0,"texture":"#0","tintindex":0},"north":{"uv":[1.625,15.0625,1.5,15.4375],"rotation":0,"texture":"#0","tintindex":0},"south":{"uv":[0.8125,15.0625,0.6875,15.4375],"rotation":0,"texture":"#0","tintindex":0},"up":{"uv":[0.8125,14.375,0.6875,15.0625],"rotation":0,"texture":"#0","tintindex":0},"west":{"uv":[1.5,15.0625,0.8125,15.4375],"rotation":0,"texture":"#0","tintindex":0}}},{"name":"cube","from":[7.5514994,5.659999,18.6275],"to":[7.5514994,10.340001,20.967503],"rotation":{"angle":22.5,"axis":"y","origin":[8.331499,8.0,18.6275]},"faces":{"down":{"uv":[0.1875,14.6875,0.1875,14.5],"rotation":0,"texture":"#0","tintindex":0},"east":{"uv":[0.1875,14.6875,0.0,15.0625],"rotation":0,"texture":"#0","tintindex":0},"north":{"uv":[0.375,14.6875,0.375,15.0625],"rotation":0,"texture":"#0","tintindex":0},"south":{"uv":[0.1875,14.6875,0.1875,15.0625],"rotation":0,"texture":"#0","tintindex":0},"up":{"uv":[0.1875,14.5,0.1875,14.6875],"rotation":0,"texture":"#0","tintindex":0},"west":{"uv":[0.375,14.6875,0.1875,15.0625],"rotation":0,"texture":"#0","tintindex":0}}},{"name":"cube","from":[8.0,5.659999,10.34],"to":[9.559999,10.340001,18.920002],"rotation":{"angle":0.0,"axis":"x","origin":[8.78,8.0,10.34]},"faces":{"down":{"uv":[0.8125,15.0625,0.6875,14.375],"rotation":0,"texture":"#0","tintindex":0},"east":{"uv":[0.6875,15.0625,0.0,15.4375],"rotation":0,"texture":"#0","tintindex":0},"north":{"uv":[1.625,15.0625,1.5,15.4375],"rotation":0,"texture":"#0","tintindex":0},"south":{"uv":[0.8125,15.0625,0.6875,15.4375],"rotation":0,"texture":"#0","tintindex":0},"up":{"uv":[0.8125,14.375,0.6875,15.0625],"rotation":0,"texture":"#0","tintindex":0},"west":{"uv":[1.5,15.0625,0.8125,15.4375],"rotation":0,"texture":"#0","tintindex":0}}},{"name":"cube","from":[7.609999,5.659999,10.34],"to":[7.609999,10.340001,18.920002],"rotation":{"angle":0.0,"axis":"x","origin":[8.389998,8.0,10.34]},"faces":{"down":{"uv":[0.6875,15.4375,0.6875,14.75],"rotation":0,"texture":"#0","tintindex":0},"east":{"uv":[0.6875,15.4375,0.0,15.8125],"rotation":0,"texture":"#0","tintindex":0},"north":{"uv":[1.375,15.4375,1.375,15.8125],"rotation":0,"texture":"#0","tintindex":0},"south":{"uv":[0.6875,15.4375,0.6875,15.8125],"rotation":0,"texture":"#0","tintindex":0},"up":{"uv":[0.6875,14.75,0.6875,15.4375],"rotation":0,"texture":"#0","tintindex":0},"west":{"uv":[1.375,15.4375,0.6875,15.8125],"rotation":0,"texture":"#0","tintindex":0}}}],"display":{"head":{"translation":[0.0,-6.4,0.0],"rotation":[0.0,0.0,0.0],"scale":[3.8095,3.8095,3.8095]}}}