{"credit":"Made with Blockbench","parent":"virtual_balloon","ambientocclusion":false,"texture_size":[64,64],"textures":{"0":"balloons:blocks_balloons/volcanic","particle":"balloons:blocks_balloons/volcanic"},"elements":[{"from":[0,0,0],"to":[17,17,0],"rotation":{"angle":0,"axis":"y","origin":[0,-0.001,0]},"faces":{"north":{"uv":[4.25,0,0,4.25],"texture":"#0"},"east":{"uv":[0,0,0,4.25],"texture":"#0"},"south":{"uv":[0,4.25,4.25,8.5],"texture":"#0"},"west":{"uv":[0,0,0,4.25],"texture":"#0"},"up":{"uv":[4.25,0,0,0],"texture":"#0"},"down":{"uv":[4.25,0,0,0],"texture":"#0"}}},{"from":[0,0,16.999],"to":[17,17,16.999],"rotation":{"angle":0,"axis":"y","origin":[0,0,0.999]},"faces":{"north":{"uv":[0,4.25,4.25,8.5],"texture":"#0"},"east":{"uv":[0,0,0,4.25],"texture":"#0"},"south":{"uv":[4.25,0,0,4.25],"texture":"#0"},"west":{"uv":[0,0,0,4.25],"texture":"#0"},"up":{"uv":[4.25,0,0,0],"texture":"#0"},"down":{"uv":[4.25,0,0,0],"texture":"#0"}}},{"from":[0,0,0],"to":[0,17,17],"faces":{"north":{"uv":[0,0,0,4.25],"texture":"#0"},"east":{"uv":[0,4.25,4.25,8.5],"texture":"#0"},"south":{"uv":[0,0,0,4.25],"texture":"#0"},"west":{"uv":[0,0,4.25,4.25],"texture":"#0"},"up":{"uv":[0,4.25,0,0],"texture":"#0"},"down":{"uv":[0,0,0,4.25],"texture":"#0"}}},{"from":[17,0,0],"to":[17,17,17],"faces":{"north":{"uv":[0,0,0,4.25],"texture":"#0"},"east":{"uv":[0,0,4.25,4.25],"texture":"#0"},"south":{"uv":[0,0,0,4.25],"texture":"#0"},"west":{"uv":[0,4.25,4.25,8.5],"texture":"#0"},"up":{"uv":[0,4.25,0,0],"texture":"#0"},"down":{"uv":[0,0,0,4.25],"texture":"#0"}}},{"from":[0,16.999,0],"to":[17,16.999,17],"rotation":{"angle":0,"axis":"y","origin":[0,-0.001,0]},"faces":{"north":{"uv":[0,0,4.25,0],"texture":"#0"},"east":{"uv":[0,0,4.25,0],"texture":"#0"},"south":{"uv":[0,0,4.25,0],"texture":"#0"},"west":{"uv":[0,0,4.25,0],"texture":"#0"},"up":{"uv":[12.75,4.25,8.5,0],"texture":"#0"},"down":{"uv":[4.25,4.25,0,8.5],"texture":"#0"}}},{"from":[0,-0.001,0],"to":[17,-0.001,17],"rotation":{"angle":0,"axis":"y","origin":[0,0.999,0]},"faces":{"north":{"uv":[0,0,4.25,0],"texture":"#0"},"east":{"uv":[0,0,4.25,0],"texture":"#0"},"south":{"uv":[0,0,4.25,0],"texture":"#0"},"west":{"uv":[0,0,4.25,0],"texture":"#0"},"up":{"uv":[4.25,8.5,0,4.25],"texture":"#0"},"down":{"uv":[8.5,0,4.25,4.25],"texture":"#0"}}}],"display":{"ground":{"translation":[0,10.25,0],"scale":[1.5,1.5,1.5]},"gui":{"rotation":[0,-9,0],"translation":[-0.5,0,0],"scale":[0.7,0.7,0.7]},"head":{"translation":[0,21.25,0],"scale":[1.8,1.8,1.8]}}}