{"credit":"mctowncraft,QQ:1447709546","texture_size":[64,64],"textures":{"0":"cosmetic:heads/mctown_ghast","particle":"cosmetic:heads/mctown_ghast"},"elements":[{"from":[3,-0.1,3],"to":[13,9.9,13],"faces":{"north":{"uv":[2.5,2.5,5,5],"texture":"#0"},"east":{"uv":[0,2.5,2.5,5],"texture":"#0"},"south":{"uv":[7.5,2.5,10,5],"texture":"#0"},"west":{"uv":[5,2.5,7.5,5],"texture":"#0"},"up":{"uv":[5,2.5,2.5,0],"texture":"#0"},"down":{"uv":[7.5,0,5,2.5],"texture":"#0"}}},{"from":[10,-4.1,4],"to":[12,0.9,6],"faces":{"north":{"uv":[14.5,0.5,15,1.75],"texture":"#0"},"east":{"uv":[14,0.5,14.5,1.75],"texture":"#0"},"south":{"uv":[15.5,0.5,16,1.75],"texture":"#0"},"west":{"uv":[15,0.5,15.5,1.75],"texture":"#0"},"up":{"uv":[15,0.5,14.5,0],"texture":"#0"},"down":{"uv":[15.5,0,15,0.5],"texture":"#0"}}},{"from":[7,-5.1,4],"to":[9,-0.1,6],"faces":{"north":{"uv":[14.5,0.5,15,1.75],"texture":"#0"},"east":{"uv":[14,0.5,14.5,1.75],"texture":"#0"},"south":{"uv":[15.5,0.5,16,1.75],"texture":"#0"},"west":{"uv":[15,0.5,15.5,1.75],"texture":"#0"},"up":{"uv":[15,0.5,14.5,0],"texture":"#0"},"down":{"uv":[15.5,0,15,0.5],"texture":"#0"}}},{"from":[4,-4.1,4],"to":[6,0.9,6],"faces":{"north":{"uv":[14.5,0.5,15,1.75],"texture":"#0"},"east":{"uv":[14,0.5,14.5,1.75],"texture":"#0"},"south":{"uv":[15.5,0.5,16,1.75],"texture":"#0"},"west":{"uv":[15,0.5,15.5,1.75],"texture":"#0"},"up":{"uv":[15,0.5,14.5,0],"texture":"#0"},"down":{"uv":[15.5,0,15,0.5],"texture":"#0"}}},{"from":[4,-5.1,7],"to":[6,-0.1,9],"faces":{"north":{"uv":[14.5,0.5,15,1.75],"texture":"#0"},"east":{"uv":[14,0.5,14.5,1.75],"texture":"#0"},"south":{"uv":[15.5,0.5,16,1.75],"texture":"#0"},"west":{"uv":[15,0.5,15.5,1.75],"texture":"#0"},"up":{"uv":[15,0.5,14.5,0],"texture":"#0"},"down":{"uv":[15.5,0,15,0.5],"texture":"#0"}}},{"from":[7,-4.1,7],"to":[9,0.9,9],"faces":{"north":{"uv":[14.5,0.5,15,1.75],"texture":"#0"},"east":{"uv":[14,0.5,14.5,1.75],"texture":"#0"},"south":{"uv":[15.5,0.5,16,1.75],"texture":"#0"},"west":{"uv":[15,0.5,15.5,1.75],"texture":"#0"},"up":{"uv":[15,0.5,14.5,0],"texture":"#0"},"down":{"uv":[15.5,0,15,0.5],"texture":"#0"}}},{"from":[10,-5.1,7],"to":[12,-0.1,9],"faces":{"north":{"uv":[14.5,0.5,15,1.75],"texture":"#0"},"east":{"uv":[14,0.5,14.5,1.75],"texture":"#0"},"south":{"uv":[15.5,0.5,16,1.75],"texture":"#0"},"west":{"uv":[15,0.5,15.5,1.75],"texture":"#0"},"up":{"uv":[15,0.5,14.5,0],"texture":"#0"},"down":{"uv":[15.5,0,15,0.5],"texture":"#0"}}},{"from":[4,-4.1,10],"to":[6,0.9,12],"faces":{"north":{"uv":[14.5,0.5,15,1.75],"texture":"#0"},"east":{"uv":[14,0.5,14.5,1.75],"texture":"#0"},"south":{"uv":[15.5,0.5,16,1.75],"texture":"#0"},"west":{"uv":[15,0.5,15.5,1.75],"texture":"#0"},"up":{"uv":[15,0.5,14.5,0],"texture":"#0"},"down":{"uv":[15.5,0,15,0.5],"texture":"#0"}}},{"from":[7,-5.1,10],"to":[9,-0.1,12],"faces":{"north":{"uv":[14.5,0.5,15,1.75],"texture":"#0"},"east":{"uv":[14,0.5,14.5,1.75],"texture":"#0"},"south":{"uv":[15.5,0.5,16,1.75],"texture":"#0"},"west":{"uv":[15,0.5,15.5,1.75],"texture":"#0"},"up":{"uv":[15,0.5,14.5,0],"texture":"#0"},"down":{"uv":[15.5,0,15,0.5],"texture":"#0"}}},{"from":[10,-4.1,10],"to":[12,0.9,12],"faces":{"north":{"uv":[14.5,0.5,15,1.75],"texture":"#0"},"east":{"uv":[14,0.5,14.5,1.75],"texture":"#0"},"south":{"uv":[15.5,0.5,16,1.75],"texture":"#0"},"west":{"uv":[15,0.5,15.5,1.75],"texture":"#0"},"up":{"uv":[15,0.5,14.5,0],"texture":"#0"},"down":{"uv":[15.5,0,15,0.5],"texture":"#0"}}},{"from":[3,-0.2,3],"to":[13,9.8,13],"faces":{"north":{"uv":[2.5,7.5,5,10],"texture":"#0"},"east":{"uv":[0,7.5,2.5,10],"texture":"#0"},"south":{"uv":[7.5,7.5,10,10],"texture":"#0"},"west":{"uv":[5,7.5,7.5,10],"texture":"#0"},"up":{"uv":[5,7.5,2.5,5],"texture":"#0"},"down":{"uv":[7.5,5,5,7.5],"texture":"#0"}}},{"from":[10,-4.2,4],"to":[12,0.8,6],"faces":{"north":{"uv":[14.5,2.25,15,3.5],"texture":"#0"},"east":{"uv":[14,2.25,14.5,3.5],"texture":"#0"},"south":{"uv":[15.5,2.25,16,3.5],"texture":"#0"},"west":{"uv":[15,2.25,15.5,3.5],"texture":"#0"},"up":{"uv":[15,2.25,14.5,1.75],"texture":"#0"},"down":{"uv":[15.5,1.75,15,2.25],"texture":"#0"}}},{"from":[7,-5.2,4],"to":[9,-0.2,6],"faces":{"north":{"uv":[14.5,2.25,15,3.5],"texture":"#0"},"east":{"uv":[14,2.25,14.5,3.5],"texture":"#0"},"south":{"uv":[15.5,2.25,16,3.5],"texture":"#0"},"west":{"uv":[15,2.25,15.5,3.5],"texture":"#0"},"up":{"uv":[15,2.25,14.5,1.75],"texture":"#0"},"down":{"uv":[15.5,1.75,15,2.25],"texture":"#0"}}},{"from":[4,-4.2,4],"to":[6,0.8,6],"faces":{"north":{"uv":[14.5,2.25,15,3.5],"texture":"#0"},"east":{"uv":[14,2.25,14.5,3.5],"texture":"#0"},"south":{"uv":[15.5,2.25,16,3.5],"texture":"#0"},"west":{"uv":[15,2.25,15.5,3.5],"texture":"#0"},"up":{"uv":[15,2.25,14.5,1.75],"texture":"#0"},"down":{"uv":[15.5,1.75,15,2.25],"texture":"#0"}}},{"from":[4,-5.2,7],"to":[6,-0.2,9],"faces":{"north":{"uv":[14.5,2.25,15,3.5],"texture":"#0"},"east":{"uv":[14,2.25,14.5,3.5],"texture":"#0"},"south":{"uv":[15.5,2.25,16,3.5],"texture":"#0"},"west":{"uv":[15,2.25,15.5,3.5],"texture":"#0"},"up":{"uv":[15,2.25,14.5,1.75],"texture":"#0"},"down":{"uv":[15.5,1.75,15,2.25],"texture":"#0"}}},{"from":[7,-4.2,7],"to":[9,0.8,9],"faces":{"north":{"uv":[14.5,2.25,15,3.5],"texture":"#0"},"east":{"uv":[14,2.25,14.5,3.5],"texture":"#0"},"south":{"uv":[15.5,2.25,16,3.5],"texture":"#0"},"west":{"uv":[15,2.25,15.5,3.5],"texture":"#0"},"up":{"uv":[15,2.25,14.5,1.75],"texture":"#0"},"down":{"uv":[15.5,1.75,15,2.25],"texture":"#0"}}},{"from":[10,-5.2,7],"to":[12,-0.2,9],"faces":{"north":{"uv":[14.5,2.25,15,3.5],"texture":"#0"},"east":{"uv":[14,2.25,14.5,3.5],"texture":"#0"},"south":{"uv":[15.5,2.25,16,3.5],"texture":"#0"},"west":{"uv":[15,2.25,15.5,3.5],"texture":"#0"},"up":{"uv":[15,2.25,14.5,1.75],"texture":"#0"},"down":{"uv":[15.5,1.75,15,2.25],"texture":"#0"}}},{"from":[4,-4.2,10],"to":[6,0.8,12],"faces":{"north":{"uv":[14.5,2.25,15,3.5],"texture":"#0"},"east":{"uv":[14,2.25,14.5,3.5],"texture":"#0"},"south":{"uv":[15.5,2.25,16,3.5],"texture":"#0"},"west":{"uv":[15,2.25,15.5,3.5],"texture":"#0"},"up":{"uv":[15,2.25,14.5,1.75],"texture":"#0"},"down":{"uv":[15.5,1.75,15,2.25],"texture":"#0"}}},{"from":[7,-5.2,10],"to":[9,-0.2,12],"faces":{"north":{"uv":[14.5,2.25,15,3.5],"texture":"#0"},"east":{"uv":[14,2.25,14.5,3.5],"texture":"#0"},"south":{"uv":[15.5,2.25,16,3.5],"texture":"#0"},"west":{"uv":[15,2.25,15.5,3.5],"texture":"#0"},"up":{"uv":[15,2.25,14.5,1.75],"texture":"#0"},"down":{"uv":[15.5,1.75,15,2.25],"texture":"#0"}}},{"from":[10,-4.2,10],"to":[12,0.8,12],"faces":{"north":{"uv":[14.5,2.25,15,3.5],"texture":"#0"},"east":{"uv":[14,2.25,14.5,3.5],"texture":"#0"},"south":{"uv":[15.5,2.25,16,3.5],"texture":"#0"},"west":{"uv":[15,2.25,15.5,3.5],"texture":"#0"},"up":{"uv":[15,2.25,14.5,1.75],"texture":"#0"},"down":{"uv":[15.5,1.75,15,2.25],"texture":"#0"}}},{"from":[3,-0.3,3],"to":[13,9.7,13],"faces":{"north":{"uv":[2.5,12.5,5,15],"texture":"#0"},"east":{"uv":[0,12.5,2.5,15],"texture":"#0"},"south":{"uv":[7.5,12.5,10,15],"texture":"#0"},"west":{"uv":[5,12.5,7.5,15],"texture":"#0"},"up":{"uv":[5,12.5,2.5,10],"texture":"#0"},"down":{"uv":[7.5,10,5,12.5],"texture":"#0"}}},{"from":[10,-4.3,4],"to":[12,0.7,6],"faces":{"north":{"uv":[14.5,4,15,5.25],"texture":"#0"},"east":{"uv":[14,4,14.5,5.25],"texture":"#0"},"south":{"uv":[15.5,4,16,5.25],"texture":"#0"},"west":{"uv":[15,4,15.5,5.25],"texture":"#0"},"up":{"uv":[15,4,14.5,3.5],"texture":"#0"},"down":{"uv":[15.5,3.5,15,4],"texture":"#0"}}},{"from":[7,-5.3,4],"to":[9,-0.3,6],"faces":{"north":{"uv":[14.5,4,15,5.25],"texture":"#0"},"east":{"uv":[14,4,14.5,5.25],"texture":"#0"},"south":{"uv":[15.5,4,16,5.25],"texture":"#0"},"west":{"uv":[15,4,15.5,5.25],"texture":"#0"},"up":{"uv":[15,4,14.5,3.5],"texture":"#0"},"down":{"uv":[15.5,3.5,15,4],"texture":"#0"}}},{"from":[4,-4.3,4],"to":[6,0.7,6],"faces":{"north":{"uv":[14.5,4,15,5.25],"texture":"#0"},"east":{"uv":[14,4,14.5,5.25],"texture":"#0"},"south":{"uv":[15.5,4,16,5.25],"texture":"#0"},"west":{"uv":[15,4,15.5,5.25],"texture":"#0"},"up":{"uv":[15,4,14.5,3.5],"texture":"#0"},"down":{"uv":[15.5,3.5,15,4],"texture":"#0"}}},{"from":[4,-5.3,7],"to":[6,-0.3,9],"faces":{"north":{"uv":[14.5,4,15,5.25],"texture":"#0"},"east":{"uv":[14,4,14.5,5.25],"texture":"#0"},"south":{"uv":[15.5,4,16,5.25],"texture":"#0"},"west":{"uv":[15,4,15.5,5.25],"texture":"#0"},"up":{"uv":[15,4,14.5,3.5],"texture":"#0"},"down":{"uv":[15.5,3.5,15,4],"texture":"#0"}}},{"from":[7,-4.3,7],"to":[9,0.7,9],"faces":{"north":{"uv":[14.5,4,15,5.25],"texture":"#0"},"east":{"uv":[14,4,14.5,5.25],"texture":"#0"},"south":{"uv":[15.5,4,16,5.25],"texture":"#0"},"west":{"uv":[15,4,15.5,5.25],"texture":"#0"},"up":{"uv":[15,4,14.5,3.5],"texture":"#0"},"down":{"uv":[15.5,3.5,15,4],"texture":"#0"}}},{"from":[10,-5.3,7],"to":[12,-0.3,9],"faces":{"north":{"uv":[14.5,4,15,5.25],"texture":"#0"},"east":{"uv":[14,4,14.5,5.25],"texture":"#0"},"south":{"uv":[15.5,4,16,5.25],"texture":"#0"},"west":{"uv":[15,4,15.5,5.25],"texture":"#0"},"up":{"uv":[15,4,14.5,3.5],"texture":"#0"},"down":{"uv":[15.5,3.5,15,4],"texture":"#0"}}},{"from":[4,-4.3,10],"to":[6,0.7,12],"faces":{"north":{"uv":[14.5,4,15,5.25],"texture":"#0"},"east":{"uv":[14,4,14.5,5.25],"texture":"#0"},"south":{"uv":[15.5,4,16,5.25],"texture":"#0"},"west":{"uv":[15,4,15.5,5.25],"texture":"#0"},"up":{"uv":[15,4,14.5,3.5],"texture":"#0"},"down":{"uv":[15.5,3.5,15,4],"texture":"#0"}}},{"from":[7,-5.3,10],"to":[9,-0.3,12],"faces":{"north":{"uv":[14.5,4,15,5.25],"texture":"#0"},"east":{"uv":[14,4,14.5,5.25],"texture":"#0"},"south":{"uv":[15.5,4,16,5.25],"texture":"#0"},"west":{"uv":[15,4,15.5,5.25],"texture":"#0"},"up":{"uv":[15,4,14.5,3.5],"texture":"#0"},"down":{"uv":[15.5,3.5,15,4],"texture":"#0"}}},{"from":[10,-4.3,10],"to":[12,0.7,12],"faces":{"north":{"uv":[14.5,4,15,5.25],"texture":"#0"},"east":{"uv":[14,4,14.5,5.25],"texture":"#0"},"south":{"uv":[15.5,4,16,5.25],"texture":"#0"},"west":{"uv":[15,4,15.5,5.25],"texture":"#0"},"up":{"uv":[15,4,14.5,3.5],"texture":"#0"},"down":{"uv":[15.5,3.5,15,4],"texture":"#0"}}}],"display":{"thirdperson_righthand":{"translation":[0,1.5,0],"scale":[0.25,0.25,0.25]},"thirdperson_lefthand":{"translation":[0,1.5,0],"scale":[0.25,0.25,0.25]},"firstperson_righthand":{"scale":[0.25,0.25,0.25]},"firstperson_lefthand":{"scale":[0.25,0.25,0.25]},"ground":{"scale":[0.25,0.25,0.25]},"gui":{"rotation":[30,-135,0],"translation":[0,2.75,0],"scale":[0.65,0.65,0.65]},"head":{"translation":[-22,0,0]},"fixed":{"translation":[0,5.5,0]}}}