{"credit":"mctowncraft,QQ:1447709546","texture_size":[64,64],"textures":{"2":"cosmetic:heads/mctown_shark_hat_1"},"elements":[{"from":[3,5.5,2],"to":[13,8.5,8],"rotation":{"angle":0,"axis":"y","origin":[8,7.5,8]},"faces":{"north":{"uv":[7.5,0,10,0.75],"texture":"#2"},"east":{"uv":[9.75,7.25,11.25,8],"texture":"#2"},"south":{"uv":[7.5,0.75,10,1.5],"texture":"#2"},"west":{"uv":[3,10,4.5,10.75],"texture":"#2"},"up":{"uv":[0,4.5,2.5,6],"texture":"#2"},"down":{"uv":[2.5,4.75,5,6.25],"texture":"#2"}}},{"from":[3.01,4.43807,1.39896],"to":[12.99,7.54307,10.37896],"rotation":{"angle":22.5,"axis":"x","origin":[8,3.42807,4.38896]},"faces":{"north":{"uv":[7.5,5,10,5.75],"texture":"#2"},"east":{"uv":[8.5,8.5,10.75,9.25],"texture":"#2"},"south":{"uv":[7.5,5.75,10,6.5],"texture":"#2"},"west":{"uv":[8.5,6.5,10.75,7.25],"texture":"#2"},"up":{"uv":[2.5,2.5,5,4.75],"texture":"#2"},"down":{"uv":[2.5,0,5,2.25],"texture":"#2"}}},{"from":[3.51,5.17862,4.24915],"to":[4.49,6.15862,5.22915],"rotation":{"angle":22.5,"axis":"x","origin":[8.5,5.16862,0.23915]},"faces":{"north":{"uv":[4,10.75,4.25,11],"texture":"#2"},"east":{"uv":[4.25,10.75,4.5,11],"texture":"#2"},"south":{"uv":[7,10.75,7.25,11],"texture":"#2"},"west":{"uv":[7.25,10.75,7.5,11],"texture":"#2"},"up":{"uv":[7.5,10.75,7.75,11],"texture":"#2"},"down":{"uv":[7.75,10.75,8,11],"texture":"#2"}}},{"from":[11.51,5.17862,4.24915],"to":[12.49,6.15862,5.22915],"rotation":{"angle":22.5,"axis":"x","origin":[7.5,5.16862,0.23915]},"faces":{"north":{"uv":[9.75,10.75,10,11],"texture":"#2"},"east":{"uv":[10,10.75,10.25,11],"texture":"#2"},"south":{"uv":[10.25,10.75,10.5,11],"texture":"#2"},"west":{"uv":[10.5,10.75,10.75,11],"texture":"#2"},"up":{"uv":[10.75,10.75,11,11],"texture":"#2"},"down":{"uv":[10.75,1.25,11,1.5],"texture":"#2"}}},{"from":[3.51,5.17862,6.24915],"to":[4.49,6.15862,7.22915],"rotation":{"angle":22.5,"axis":"x","origin":[8.5,5.16862,0.23915]},"faces":{"north":{"uv":[8,10.75,8.25,11],"texture":"#2"},"east":{"uv":[8.5,10.75,8.75,11],"texture":"#2"},"south":{"uv":[8.75,10.75,9,11],"texture":"#2"},"west":{"uv":[9,10.75,9.25,11],"texture":"#2"},"up":{"uv":[9.25,10.75,9.5,11],"texture":"#2"},"down":{"uv":[9.5,10.75,9.75,11],"texture":"#2"}}},{"from":[11.51,5.17862,6.24915],"to":[12.49,6.15862,7.22915],"rotation":{"angle":22.5,"axis":"x","origin":[7.5,5.16862,0.23915]},"faces":{"north":{"uv":[10.75,4,11,4.25],"texture":"#2"},"east":{"uv":[10.75,4.25,11,4.5],"texture":"#2"},"south":{"uv":[10.75,4.5,11,4.75],"texture":"#2"},"west":{"uv":[10.75,4.75,11,5],"texture":"#2"},"up":{"uv":[10.75,5,11,5.25],"texture":"#2"},"down":{"uv":[10.75,5.25,11,5.5],"texture":"#2"}}},{"from":[3,-0.5,8],"to":[13,8.5,13],"rotation":{"angle":0,"axis":"y","origin":[8,8.5,8]},"faces":{"north":{"uv":[0,0,2.5,2.25],"texture":"#2"},"east":{"uv":[3.5,7.75,4.75,10],"texture":"#2"},"south":{"uv":[0,2.25,2.5,4.5],"texture":"#2"},"west":{"uv":[4.75,7.75,6,10],"texture":"#2"},"up":{"uv":[3.5,6.5,6,7.75],"texture":"#2"},"down":{"uv":[6,6.5,8.5,7.75],"texture":"#2"}}},{"from":[7.5,7.875,9.625],"to":[8.5,12.875,14.625],"rotation":{"angle":22.5,"axis":"x","origin":[7.5,11,10.5]},"faces":{"north":{"uv":[3.25,8.25,3.5,9.5],"texture":"#2"},"east":{"uv":[2,8.25,3.25,9.5],"texture":"#2"},"south":{"uv":[8.25,9.75,8.5,11],"texture":"#2"},"west":{"uv":[8.5,7.25,9.75,8.5],"texture":"#2"},"up":{"uv":[0,10,0.25,11.25],"texture":"#2"},"down":{"uv":[0.25,10,0.5,11.25],"texture":"#2"}}},{"from":[4.5,4.5,2.5],"to":[5.5,5.5,3.5],"rotation":{"angle":0,"axis":"y","origin":[8.5,7.5,8]},"faces":{"north":{"uv":[1.75,6,2,6.25],"texture":"#2"},"east":{"uv":[2,6,2.25,6.25],"texture":"#2"},"south":{"uv":[2.25,6,2.5,6.25],"texture":"#2"},"west":{"uv":[1,8,1.25,8.25],"texture":"#2"},"up":{"uv":[1.25,8,1.5,8.25],"texture":"#2"},"down":{"uv":[1.5,8,1.75,8.25],"texture":"#2"}}},{"from":[4.5,0.5,2.5],"to":[5.5,1.5,3.5],"rotation":{"angle":0,"axis":"y","origin":[8.5,3.5,8]},"faces":{"north":{"uv":[1.75,10.25,2,10.5],"texture":"#2"},"east":{"uv":[10.25,1.25,10.5,1.5],"texture":"#2"},"south":{"uv":[10.25,4,10.5,4.25],"texture":"#2"},"west":{"uv":[10.25,4.25,10.5,4.5],"texture":"#2"},"up":{"uv":[10.25,4.5,10.5,4.75],"texture":"#2"},"down":{"uv":[10.25,4.75,10.5,5],"texture":"#2"}}},{"from":[3.5,0.5,4.5],"to":[4.5,1.5,5.5],"rotation":{"angle":0,"axis":"y","origin":[7.5,3.5,10]},"faces":{"north":{"uv":[10.5,4.5,10.75,4.75],"texture":"#2"},"east":{"uv":[10.5,4.75,10.75,5],"texture":"#2"},"south":{"uv":[10.5,5,10.75,5.25],"texture":"#2"},"west":{"uv":[10.5,5.25,10.75,5.5],"texture":"#2"},"up":{"uv":[10.5,5.5,10.75,5.75],"texture":"#2"},"down":{"uv":[10.5,5.75,10.75,6],"texture":"#2"}}},{"from":[11.5,0.5,4.5],"to":[12.5,1.5,5.5],"rotation":{"angle":0,"axis":"y","origin":[8.5,3.5,10]},"faces":{"north":{"uv":[2.5,10.75,2.75,11],"texture":"#2"},"east":{"uv":[2.75,10.75,3,11],"texture":"#2"},"south":{"uv":[3,10.75,3.25,11],"texture":"#2"},"west":{"uv":[3.25,10.75,3.5,11],"texture":"#2"},"up":{"uv":[3.5,10.75,3.75,11],"texture":"#2"},"down":{"uv":[3.75,10.75,4,11],"texture":"#2"}}},{"from":[3.5,0.5,6.5],"to":[4.5,1.5,7.5],"rotation":{"angle":0,"axis":"y","origin":[7.5,3.5,12]},"faces":{"north":{"uv":[10.5,6,10.75,6.25],"texture":"#2"},"east":{"uv":[10.5,6.25,10.75,6.5],"texture":"#2"},"south":{"uv":[10.5,9.5,10.75,9.75],"texture":"#2"},"west":{"uv":[10.5,9.75,10.75,10],"texture":"#2"},"up":{"uv":[10.5,10,10.75,10.25],"texture":"#2"},"down":{"uv":[10.5,10.25,10.75,10.5],"texture":"#2"}}},{"from":[6.4375,4.5,2.5],"to":[7.4375,5.5,3.5],"rotation":{"angle":0,"axis":"y","origin":[8.125,7.5,8]},"faces":{"north":{"uv":[3,9.5,3.25,9.75],"texture":"#2"},"east":{"uv":[3.25,9.5,3.5,9.75],"texture":"#2"},"south":{"uv":[3,9.75,3.25,10],"texture":"#2"},"west":{"uv":[3.25,9.75,3.5,10],"texture":"#2"},"up":{"uv":[10,1.25,10.25,1.5],"texture":"#2"},"down":{"uv":[10,4,10.25,4.25],"texture":"#2"}}},{"from":[11.5,0.5,6.5],"to":[12.5,1.5,7.5],"rotation":{"angle":0,"axis":"y","origin":[8.5,3.5,12]},"faces":{"north":{"uv":[1,10.75,1.25,11],"texture":"#2"},"east":{"uv":[1.25,10.75,1.5,11],"texture":"#2"},"south":{"uv":[1.5,10.75,1.75,11],"texture":"#2"},"west":{"uv":[1.75,10.75,2,11],"texture":"#2"},"up":{"uv":[2,10.75,2.25,11],"texture":"#2"},"down":{"uv":[2.25,10.75,2.5,11],"texture":"#2"}}},{"from":[6.4375,0.5,2.5],"to":[7.4375,1.5,3.5],"rotation":{"angle":0,"axis":"y","origin":[8.125,3.5,8]},"faces":{"north":{"uv":[10.25,5,10.5,5.25],"texture":"#2"},"east":{"uv":[10.25,5.25,10.5,5.5],"texture":"#2"},"south":{"uv":[10.25,5.5,10.5,5.75],"texture":"#2"},"west":{"uv":[10.25,5.75,10.5,6],"texture":"#2"},"up":{"uv":[10.25,6,10.5,6.25],"texture":"#2"},"down":{"uv":[10.25,6.25,10.5,6.5],"texture":"#2"}}},{"from":[10.5,4.5,2.5],"to":[11.5,5.5,3.5],"rotation":{"angle":0,"axis":"y","origin":[7.5,7.5,8]},"faces":{"north":{"uv":[10,4.25,10.25,4.5],"texture":"#2"},"east":{"uv":[10,4.5,10.25,4.75],"texture":"#2"},"south":{"uv":[10,4.75,10.25,5],"texture":"#2"},"west":{"uv":[10,5,10.25,5.25],"texture":"#2"},"up":{"uv":[10,5.25,10.25,5.5],"texture":"#2"},"down":{"uv":[10,5.5,10.25,5.75],"texture":"#2"}}},{"from":[10.5,0.5,2.5],"to":[11.5,1.5,3.5],"rotation":{"angle":0,"axis":"y","origin":[7.5,3.5,8]},"faces":{"north":{"uv":[9,10.5,9.25,10.75],"texture":"#2"},"east":{"uv":[9.25,10.5,9.5,10.75],"texture":"#2"},"south":{"uv":[10.5,10.5,10.75,10.75],"texture":"#2"},"west":{"uv":[10.5,1.25,10.75,1.5],"texture":"#2"},"up":{"uv":[10.5,4,10.75,4.25],"texture":"#2"},"down":{"uv":[10.5,4.25,10.75,4.5],"texture":"#2"}}},{"from":[8.5625,4.5,2.5],"to":[9.5625,5.5,3.5],"rotation":{"angle":0,"axis":"y","origin":[7.875,7.5,8]},"faces":{"north":{"uv":[10,5.75,10.25,6],"texture":"#2"},"east":{"uv":[10,6,10.25,6.25],"texture":"#2"},"south":{"uv":[10,6.25,10.25,6.5],"texture":"#2"},"west":{"uv":[1,10.25,1.25,10.5],"texture":"#2"},"up":{"uv":[1.25,10.25,1.5,10.5],"texture":"#2"},"down":{"uv":[1.5,10.25,1.75,10.5],"texture":"#2"}}},{"from":[8.5625,0.5,2.5],"to":[9.5625,1.5,3.5],"rotation":{"angle":0,"axis":"y","origin":[7.875,3.5,8]},"faces":{"north":{"uv":[1,10.5,1.25,10.75],"texture":"#2"},"east":{"uv":[1.25,10.5,1.5,10.75],"texture":"#2"},"south":{"uv":[1.5,10.5,1.75,10.75],"texture":"#2"},"west":{"uv":[1.75,10.5,2,10.75],"texture":"#2"},"up":{"uv":[8.5,10.5,8.75,10.75],"texture":"#2"},"down":{"uv":[8.75,10.5,9,10.75],"texture":"#2"}}},{"from":[3,-0.5,2],"to":[13,0.5,8],"rotation":{"angle":0,"axis":"y","origin":[8,7.5,8]},"faces":{"north":{"uv":[2.5,2.25,5,2.5],"texture":"#2"},"east":{"uv":[3.5,6.25,5,6.5],"texture":"#2"},"south":{"uv":[9.5,9.25,12,9.5],"texture":"#2"},"west":{"uv":[9.75,3.5,11.25,3.75],"texture":"#2"},"up":{"uv":[5,5,7.5,6.5],"texture":"#2"},"down":{"uv":[5,0,7.5,1.5],"texture":"#2"}}},{"from":[0.54015,0.00701,10.5],"to":[5.54015,1.00701,14.5],"rotation":{"angle":22.5,"axis":"z","origin":[3.02358,0.48343,12.49296]},"faces":{"north":{"uv":[9.75,3.75,11,4],"texture":"#2"},"east":{"uv":[10,0.25,11,0.5],"texture":"#2"},"south":{"uv":[9.75,8,11,8.25],"texture":"#2"},"west":{"uv":[10,0.5,11,0.75],"texture":"#2"},"up":{"uv":[8.75,4,10,5],"texture":"#2"},"down":{"uv":[7,9.75,8.25,10.75],"texture":"#2"}}},{"from":[10.45985,0.00701,10.5],"to":[15.45985,1.00701,14.5],"rotation":{"angle":-22.5,"axis":"z","origin":[12.97642,0.48343,12.49296]},"faces":{"north":{"uv":[11,3.75,9.75,4],"texture":"#2"},"east":{"uv":[11,0.5,10,0.75],"texture":"#2"},"south":{"uv":[11,8,9.75,8.25],"texture":"#2"},"west":{"uv":[11,0.25,10,0.5],"texture":"#2"},"up":{"uv":[10,4,8.75,5],"texture":"#2"},"down":{"uv":[8.25,9.75,7,10.75],"texture":"#2"}}},{"from":[4.4965,1.6207,9.72493],"to":[11.4965,8.6207,17.72493],"rotation":{"angle":45,"axis":"x","origin":[7.01396,4.60761,11.22054]},"faces":{"north":{"uv":[7,1.5,8.75,3.25],"texture":"#2"},"east":{"uv":[5,1.5,7,3.25],"texture":"#2"},"south":{"uv":[7,3.25,8.75,5],"texture":"#2"},"west":{"uv":[5,3.25,7,5],"texture":"#2"},"up":{"uv":[0,6,1.75,8],"texture":"#2"},"down":{"uv":[1.75,6.25,3.5,8.25],"texture":"#2"}}},{"from":[6.00722,-5.15714,13.64992],"to":[10.00722,2.84286,18.64992],"rotation":{"angle":0,"axis":"y","origin":[8.02494,-1.1578,15.13738]},"faces":{"north":{"uv":[0,8,1,10],"texture":"#2"},"east":{"uv":[6,7.75,7.25,9.75],"texture":"#2"},"south":{"uv":[1,8.25,2,10.25],"texture":"#2"},"west":{"uv":[7.25,7.75,8.5,9.75],"texture":"#2"},"up":{"uv":[8.75,1.5,9.75,2.75],"texture":"#2"},"down":{"uv":[8.75,2.75,9.75,4],"texture":"#2"}}},{"from":[7.51,-10.36014,15.62663],"to":[8.49,-5.38014,19.60663],"rotation":{"angle":-45,"axis":"x","origin":[8.04,-6.34405,16.07917]},"faces":{"north":{"uv":[0.5,10,0.75,11.25],"texture":"#2"},"east":{"uv":[8.5,9.25,9.5,10.5],"texture":"#2"},"south":{"uv":[0.75,10,1,11.25],"texture":"#2"},"west":{"uv":[2,9.5,3,10.75],"texture":"#2"},"up":{"uv":[5,10,5.25,11],"texture":"#2"},"down":{"uv":[5.25,10,5.5,11],"texture":"#2"}}},{"from":[7.5,-10.3263,12.56824],"to":[8.5,-5.3263,16.56824],"rotation":{"angle":45,"axis":"x","origin":[8.04,-6.34405,16.07917]},"faces":{"north":{"uv":[4.5,10,4.75,11.25],"texture":"#2"},"east":{"uv":[9.5,9.5,10.5,10.75],"texture":"#2"},"south":{"uv":[4.75,10,5,11.25],"texture":"#2"},"west":{"uv":[6,9.75,7,11],"texture":"#2"},"up":{"uv":[5.5,10,5.75,11],"texture":"#2"},"down":{"uv":[5.75,10,6,11],"texture":"#2"}}}],"gui_light":"front","display":{"thirdperson_righthand":{"rotation":[75,45,0],"translation":[0,2.5,0],"scale":[0.375,0.375,0.375]},"thirdperson_lefthand":{"rotation":[75,45,0],"translation":[0,2.5,0],"scale":[0.375,0.375,0.375]},"firstperson_righthand":{"rotation":[0,45,0],"scale":[0.4,0.4,0.4]},"firstperson_lefthand":{"rotation":[0,45,0],"scale":[0.4,0.4,0.4]},"ground":{"translation":[0,3,0],"scale":[0.25,0.25,0.25]},"gui":{"rotation":[30,225,0],"translation":[0,4,0]},"head":{"translation":[0,6.5,0],"scale":[1.8,1.8,1.8]},"fixed":{"translation":[0,6,0],"scale":[2,2,2]}}}