{"credit":"mctowncraft,QQ:1447709546","texture_size":[48,32],"textures":{"0":"cosmetic:heads/mctown_fox_hat"},"elements":[{"name":"body","from":[4,4,-3],"to":[12,9,5],"rotation":{"angle":0,"axis":"y","origin":[7,0,0]},"faces":{"north":{"uv":[8,13.5,10.66667,16],"texture":"#0"},"east":{"uv":[5.33333,13.5,8,16],"texture":"#0"},"south":{"uv":[13.33333,13.5,16,16],"texture":"#0"},"west":{"uv":[10.66667,13.5,13.33333,16],"texture":"#0"},"up":{"uv":[10.66667,13.5,8,9.5],"texture":"#0"},"down":{"uv":[13.33333,9.5,10.66667,13.5],"texture":"#0"}}},{"name":"head","from":[5.99,4.99,-7.01],"to":[10.01,7.01,-3.99],"rotation":{"angle":0,"axis":"y","origin":[7,0,0]},"faces":{"north":{"uv":[3,10.5,4.33333,11.5],"texture":"#0"},"east":{"uv":[2,10.5,3,11.5],"texture":"#0"},"south":{"uv":[5.33333,10.5,6.66667,11.5],"texture":"#0"},"west":{"uv":[4.33333,10.5,5.33333,11.5],"texture":"#0"},"up":{"uv":[4.33333,10.5,3,9],"texture":"#0"},"down":{"uv":[5.66667,9,4.33333,10.5],"texture":"#0"}}},{"name":"head","from":[3.99,10.99,-3.01],"to":[6.01,13.01,-1.99],"rotation":{"angle":0,"axis":"y","origin":[7,0,0]},"faces":{"north":{"uv":[5.33333,1,6,2],"texture":"#0"},"east":{"uv":[5,1,5.33333,2],"texture":"#0"},"south":{"uv":[6.33333,1,7,2],"texture":"#0"},"west":{"uv":[6,1,6.33333,2],"texture":"#0"},"up":{"uv":[6,1,5.33333,0.5],"texture":"#0"},"down":{"uv":[6.66667,0.5,6,1],"texture":"#0"}}},{"name":"head","from":[9.99,10.99,-3.01],"to":[12.01,13.01,-1.99],"rotation":{"angle":0,"axis":"y","origin":[7,0,0]},"faces":{"north":{"uv":[3,1,3.66667,2],"texture":"#0"},"east":{"uv":[2.66667,1,3,2],"texture":"#0"},"south":{"uv":[4,1,4.66667,2],"texture":"#0"},"west":{"uv":[3.66667,1,4,2],"texture":"#0"},"up":{"uv":[3.66667,1,3,0.5],"texture":"#0"},"down":{"uv":[4.33333,0.5,3.66667,1],"texture":"#0"}}},{"name":"head","from":[11.99,4.99,-4.01],"to":[15.01,5.01,2.01],"rotation":{"angle":-22.5,"axis":"z","origin":[12,5,-1]},"faces":{"north":{"uv":[0,16,1,16],"texture":"#0"},"east":{"uv":[-2,16,0,16],"texture":"#0"},"south":{"uv":[3,16,4,16],"texture":"#0"},"west":{"uv":[1,16,3,16],"texture":"#0"},"up":{"uv":[1,16,0,13],"texture":"#0"},"down":{"uv":[2,13,1,16],"texture":"#0"}}},{"name":"head","from":[0.99,4.99,-4.01],"to":[4.01,5.01,2.01],"shade":false,"rotation":{"angle":22.5,"axis":"z","origin":[4,5,-1]},"faces":{"north":{"uv":[1,16,0,16],"texture":"#0"},"east":{"uv":[3,16,1,16],"texture":"#0"},"south":{"uv":[4,16,3,16],"texture":"#0"},"west":{"uv":[0,16,-2,16],"texture":"#0"},"up":{"uv":[0,16,1,13],"texture":"#0"},"down":{"uv":[1,13,2,16],"texture":"#0"}}},{"name":"head","from":[3.99,4.99,-4.01],"to":[12.01,11.01,2.01],"rotation":{"angle":0,"axis":"y","origin":[7,0,0]},"faces":{"north":{"uv":[2.33333,5.5,5,8.5],"texture":"#0"},"east":{"uv":[0.33333,5.5,2.33333,8.5],"texture":"#0"},"south":{"uv":[7,5.5,9.66667,8.5],"texture":"#0"},"west":{"uv":[5,5.5,7,8.5],"texture":"#0"},"up":{"uv":[5,5.5,2.33333,2.5],"texture":"#0"},"down":{"uv":[7.66667,2.5,5,5.5],"texture":"#0"}}},{"name":"tail","from":[6,-2,4.75],"to":[10,7,9.75],"rotation":{"angle":0,"axis":"y","origin":[7,0,0]},"faces":{"north":{"uv":[11.66667,2.5,13,7],"texture":"#0"},"east":{"uv":[10,2.5,11.66667,7],"texture":"#0"},"south":{"uv":[14.66667,2.5,16,7],"texture":"#0"},"west":{"uv":[13,2.5,14.66667,7],"texture":"#0"},"up":{"uv":[13,2.5,11.66667,0],"texture":"#0"},"down":{"uv":[14.33333,0,13,2.5],"texture":"#0"}}}],"display":{"thirdperson_righthand":{"translation":[0,0.5,0],"scale":[0.25,0.25,0.25]},"thirdperson_lefthand":{"translation":[0,0.75,0],"scale":[0.25,0.25,0.25]},"firstperson_righthand":{"translation":[2.75,0,0],"scale":[0.25,0.25,0.25]},"firstperson_lefthand":{"translation":[2.25,0,0],"scale":[0.25,0.25,0.25]},"ground":{"scale":[0.25,0.25,0.25]},"gui":{"rotation":[30,-135,0],"translation":[-4.5,3.75,0]},"head":{"translation":[0,8.25,11.5],"scale":[1.65,1.65,1.65]},"fixed":{"translation":[0,4,2.5]}}}