{"textures":{"0":"modelengine:entity/enderlord"},"elements":[{"name":"cube","from":[6.522438,7.2279334,7.209326],"to":[8.022438,8.757933,8.799326],"rotation":{"angle":0.0,"axis":"x","origin":[7.25,-5.95,7.55]},"faces":{"down":{"uv":[6.125,1.125,5.75,1.5],"rotation":0,"texture":"#0","tintindex":0},"east":{"uv":[5.625,5.75,6.0,6.125],"rotation":0,"texture":"#0","tintindex":0},"north":{"uv":[5.25,5.75,5.625,6.125],"rotation":0,"texture":"#0","tintindex":0},"south":{"uv":[5.75,0.0,6.125,0.375],"rotation":0,"texture":"#0","tintindex":0},"up":{"uv":[6.125,1.125,5.75,0.75],"rotation":0,"texture":"#0","tintindex":0},"west":{"uv":[5.75,0.375,6.125,0.75],"rotation":0,"texture":"#0","tintindex":0}}},{"name":"cube","from":[6.222438,8.577933,7.8093257],"to":[6.8224382,9.057933,8.049326],"rotation":{"angle":0.0,"axis":"x","origin":[7.1,-5.95,7.55]},"faces":{"down":{"uv":[9.0,1.5,8.875,1.625],"rotation":0,"texture":"#0","tintindex":0},"east":{"uv":[8.875,1.0,9.0,1.125],"rotation":0,"texture":"#0","tintindex":0},"north":{"uv":[8.875,0.875,9.0,1.0],"rotation":0,"texture":"#0","tintindex":0},"south":{"uv":[8.875,1.125,9.0,1.25],"rotation":0,"texture":"#0","tintindex":0},"up":{"uv":[9.0,1.5,8.875,1.375],"rotation":0,"texture":"#0","tintindex":0},"west":{"uv":[8.875,1.25,9.0,1.375],"rotation":0,"texture":"#0","tintindex":0}}},{"name":"cube","from":[6.0724382,8.727934,7.8093257],"to":[6.522438,9.657933,8.049326],"rotation":{"angle":0.0,"axis":"x","origin":[6.8,-5.799999,7.55]},"faces":{"down":{"uv":[9.0,1.75,8.875,1.875],"rotation":0,"texture":"#0","tintindex":0},"east":{"uv":[8.375,2.875,8.5,3.125],"rotation":0,"texture":"#0","tintindex":0},"north":{"uv":[8.375,2.625,8.5,2.875],"rotation":0,"texture":"#0","tintindex":0},"south":{"uv":[8.375,3.125,8.5,3.375],"rotation":0,"texture":"#0","tintindex":0},"up":{"uv":[9.0,1.75,8.875,1.625],"rotation":0,"texture":"#0","tintindex":0},"west":{"uv":[8.375,3.375,8.5,3.625],"rotation":0,"texture":"#0","tintindex":0}}},{"name":"cube","from":[6.0724382,9.6279335,7.8093257],"to":[6.3724384,9.957933,8.049326],"rotation":{"angle":0.0,"axis":"x","origin":[6.6499996,-5.499999,7.55]},"faces":{"down":{"uv":[9.0,2.5,8.875,2.625],"rotation":0,"texture":"#0","tintindex":0},"east":{"uv":[8.875,2.0,9.0,2.125],"rotation":0,"texture":"#0","tintindex":0},"north":{"uv":[8.875,1.875,9.0,2.0],"rotation":0,"texture":"#0","tintindex":0},"south":{"uv":[8.875,2.125,9.0,2.25],"rotation":0,"texture":"#0","tintindex":0},"up":{"uv":[9.0,2.5,8.875,2.375],"rotation":0,"texture":"#0","tintindex":0},"west":{"uv":[8.875,2.25,9.0,2.375],"rotation":0,"texture":"#0","tintindex":0}}},{"name":"cube","from":[6.672438,2.0979314,7.359326],"to":[7.7224383,7.2279334,8.499326],"rotation":{"angle":0.0,"axis":"x","origin":[7.25,-5.95,7.55]},"faces":{"down":{"uv":[7.75,5.875,7.5,6.125],"rotation":0,"texture":"#0","tintindex":0},"east":{"uv":[1.0,2.625,1.25,3.75],"rotation":0,"texture":"#0","tintindex":0},"north":{"uv":[0.75,2.625,1.0,3.75],"rotation":0,"texture":"#0","tintindex":0},"south":{"uv":[1.25,2.625,1.5,3.75],"rotation":0,"texture":"#0","tintindex":0},"up":{"uv":[7.75,3.875,7.5,3.625],"rotation":0,"texture":"#0","tintindex":0},"west":{"uv":[1.75,2.75,2.0,3.875],"rotation":0,"texture":"#0","tintindex":0}}},{"name":"cube","from":[6.3724384,6.2979317,7.959326],"to":[6.672438,6.777933,8.049326],"rotation":{"angle":0.0,"axis":"x","origin":[6.95,-5.95,7.55]},"faces":{"down":{"uv":[9.0,5.0,8.875,5.125],"rotation":0,"texture":"#0","tintindex":0},"east":{"uv":[8.875,4.5,9.0,4.625],"rotation":0,"texture":"#0","tintindex":0},"north":{"uv":[8.875,4.375,9.0,4.5],"rotation":0,"texture":"#0","tintindex":0},"south":{"uv":[8.875,4.625,9.0,4.75],"rotation":0,"texture":"#0","tintindex":0},"up":{"uv":[9.0,5.0,8.875,4.875],"rotation":0,"texture":"#0","tintindex":0},"west":{"uv":[8.875,4.75,9.0,4.875],"rotation":0,"texture":"#0","tintindex":0}}},{"name":"cube","from":[6.222438,6.597932,7.959326],"to":[6.522438,7.0779333,8.049326],"rotation":{"angle":0.0,"axis":"x","origin":[6.8,-5.6499996,7.55]},"faces":{"down":{"uv":[9.0,5.75,8.875,5.875],"rotation":0,"texture":"#0","tintindex":0},"east":{"uv":[8.875,5.25,9.0,5.375],"rotation":0,"texture":"#0","tintindex":0},"north":{"uv":[8.875,5.125,9.0,5.25],"rotation":0,"texture":"#0","tintindex":0},"south":{"uv":[8.875,5.375,9.0,5.5],"rotation":0,"texture":"#0","tintindex":0},"up":{"uv":[9.0,5.75,8.875,5.625],"rotation":0,"texture":"#0","tintindex":0},"west":{"uv":[8.875,5.5,9.0,5.625],"rotation":0,"texture":"#0","tintindex":0}}},{"name":"cube","from":[6.732438,-0.90206766,7.479326],"to":[7.6624384,2.1279333,8.439325],"rotation":{"angle":0.0,"axis":"x","origin":[7.25,-5.95,7.55]},"faces":{"down":{"uv":[0.875,7.625,0.625,7.875],"rotation":0,"texture":"#0","tintindex":0},"east":{"uv":[4.75,0.5,5.0,1.125],"rotation":0,"texture":"#0","tintindex":0},"north":{"uv":[4.625,2.0,4.875,2.625],"rotation":0,"texture":"#0","tintindex":0},"south":{"uv":[4.875,4.875,5.125,5.5],"rotation":0,"texture":"#0","tintindex":0},"up":{"uv":[7.75,7.5,7.5,7.25],"rotation":0,"texture":"#0","tintindex":0},"west":{"uv":[4.875,2.0,5.125,2.625],"rotation":0,"texture":"#0","tintindex":0}}}],"display":{"head":{"translation":[0.0,-6.4,0.0],"rotation":[0.0,0.0,0.0],"scale":[3.8095,3.8095,3.8095]}}}