{"textures":{"0":"modelengine:entity/enderlord"},"elements":[{"name":"cube","from":[7.1,7.115,7.4],"to":[8.9,8.945,8.75],"rotation":{"angle":0.0,"axis":"x","origin":[7.85,3.0499997,8.0]},"faces":{"down":{"uv":[7.0,6.375,6.625,6.625],"rotation":0,"texture":"#0","tintindex":0},"east":{"uv":[6.75,2.75,7.0,3.125],"rotation":0,"texture":"#0","tintindex":0},"north":{"uv":[2.25,5.75,2.625,6.125],"rotation":0,"texture":"#0","tintindex":0},"south":{"uv":[4.875,5.75,5.25,6.125],"rotation":0,"texture":"#0","tintindex":0},"up":{"uv":[7.0,1.0,6.625,0.75],"rotation":0,"texture":"#0","tintindex":0},"west":{"uv":[6.75,3.125,7.0,3.5],"rotation":0,"texture":"#0","tintindex":0}}},{"name":"cube","from":[7.25,9.844999,7.55],"to":[8.75,11.315,8.75],"rotation":{"angle":0.0,"axis":"x","origin":[7.85,4.85,8.0]},"faces":{"down":{"uv":[7.125,5.75,6.75,6.0],"rotation":0,"texture":"#0","tintindex":0},"east":{"uv":[7.5,7.5,7.75,7.75],"rotation":0,"texture":"#0","tintindex":0},"north":{"uv":[6.75,5.0,7.125,5.25],"rotation":0,"texture":"#0","tintindex":0},"south":{"uv":[6.75,5.25,7.125,5.5],"rotation":0,"texture":"#0","tintindex":0},"up":{"uv":[7.125,5.75,6.75,5.5],"rotation":0,"texture":"#0","tintindex":0},"west":{"uv":[7.5,0.5,7.75,0.75],"rotation":0,"texture":"#0","tintindex":0}}},{"name":"cube","from":[7.19,8.915,7.55],"to":[8.81,9.844999,8.75],"rotation":{"angle":0.0,"axis":"x","origin":[7.85,4.85,8.0]},"faces":{"down":{"uv":[7.25,6.875,6.875,7.125],"rotation":0,"texture":"#0","tintindex":0},"east":{"uv":[7.5,1.0,7.75,1.25],"rotation":0,"texture":"#0","tintindex":0},"north":{"uv":[3.25,6.875,3.625,7.125],"rotation":0,"texture":"#0","tintindex":0},"south":{"uv":[3.625,6.875,4.0,7.125],"rotation":0,"texture":"#0","tintindex":0},"up":{"uv":[5.0,7.125,4.625,6.875],"rotation":0,"texture":"#0","tintindex":0},"west":{"uv":[7.5,1.25,7.75,1.5],"rotation":0,"texture":"#0","tintindex":0}}},{"name":"cube","from":[7.25,11.315,7.31],"to":[8.75,13.594999,8.75],"rotation":{"angle":0.0,"axis":"x","origin":[7.85,7.25,8.0]},"faces":{"down":{"uv":[2.625,6.875,2.25,7.125],"rotation":0,"texture":"#0","tintindex":0},"east":{"uv":[5.75,5.25,6.0,5.75],"rotation":0,"texture":"#0","tintindex":0},"north":{"uv":[4.125,0.5,4.5,1.0],"rotation":0,"texture":"#0","tintindex":0},"south":{"uv":[4.125,1.0,4.5,1.5],"rotation":0,"texture":"#0","tintindex":0},"up":{"uv":[0.375,7.125,0.0,6.875],"rotation":0,"texture":"#0","tintindex":0},"west":{"uv":[1.5,6.0,1.75,6.5],"rotation":0,"texture":"#0","tintindex":0}}},{"name":"cube","from":[6.95,13.594999,7.1],"to":[9.05,14.374999,8.9],"rotation":{"angle":0.0,"axis":"x","origin":[7.85,9.53,8.0]},"faces":{"down":{"uv":[4.625,1.5,4.125,1.875],"rotation":0,"texture":"#0","tintindex":0},"east":{"uv":[7.875,6.875,8.25,7.0],"rotation":0,"texture":"#0","tintindex":0},"north":{"uv":[7.5,2.0,8.0,2.125],"rotation":0,"texture":"#0","tintindex":0},"south":{"uv":[7.5,2.125,8.0,2.25],"rotation":0,"texture":"#0","tintindex":0},"up":{"uv":[4.5,3.875,4.0,3.5],"rotation":0,"texture":"#0","tintindex":0},"west":{"uv":[7.875,7.75,8.25,7.875],"rotation":0,"texture":"#0","tintindex":0}}},{"name":"cube","from":[6.8,14.374999,7.01],"to":[9.2,15.154999,8.96],"rotation":{"angle":0.0,"axis":"x","origin":[7.85,10.31,8.0]},"faces":{"down":{"uv":[4.625,2.25,4.125,2.625],"rotation":0,"texture":"#0","tintindex":0},"east":{"uv":[2.25,8.0,2.625,8.125],"rotation":0,"texture":"#0","tintindex":0},"north":{"uv":[7.5,2.25,8.0,2.375],"rotation":0,"texture":"#0","tintindex":0},"south":{"uv":[7.5,2.375,8.0,2.5],"rotation":0,"texture":"#0","tintindex":0},"up":{"uv":[4.625,2.25,4.125,1.875],"rotation":0,"texture":"#0","tintindex":0},"west":{"uv":[2.625,8.0,3.0,8.125],"rotation":0,"texture":"#0","tintindex":0}}},{"name":"cube","from":[6.2,15.154999,6.92],"to":[9.8,16.085001,9.05],"rotation":{"angle":0.0,"axis":"x","origin":[7.85,11.09,8.0]},"faces":{"down":{"uv":[2.0,0.5,1.25,1.0],"rotation":0,"texture":"#0","tintindex":0},"east":{"uv":[6.0,6.0,6.5,6.25],"rotation":0,"texture":"#0","tintindex":0},"north":{"uv":[4.125,3.875,4.875,4.125],"rotation":0,"texture":"#0","tintindex":0},"south":{"uv":[4.25,2.625,5.0,2.875],"rotation":0,"texture":"#0","tintindex":0},"up":{"uv":[2.0,0.5,1.25,0.0],"rotation":0,"texture":"#0","tintindex":0},"west":{"uv":[6.0,5.25,6.5,5.5],"rotation":0,"texture":"#0","tintindex":0}}},{"name":"cube","from":[5.8999996,16.085001,6.8599997],"to":[10.1,17.015,9.2],"rotation":{"angle":0.0,"axis":"x","origin":[7.85,12.0199995,8.0]},"faces":{"down":{"uv":[1.75,1.0,0.875,1.5],"rotation":0,"texture":"#0","tintindex":0},"east":{"uv":[6.0,5.5,6.5,5.75],"rotation":0,"texture":"#0","tintindex":0},"north":{"uv":[3.75,0.0,4.625,0.25],"rotation":0,"texture":"#0","tintindex":0},"south":{"uv":[3.75,0.25,4.625,0.5],"rotation":0,"texture":"#0","tintindex":0},"up":{"uv":[0.875,1.5,0.0,1.0],"rotation":0,"texture":"#0","tintindex":0},"west":{"uv":[6.0,5.75,6.5,6.0],"rotation":0,"texture":"#0","tintindex":0}}},{"name":"cube","from":[5.1499996,16.985,6.8599997],"to":[10.85,18.365,9.2],"rotation":{"angle":0.0,"axis":"x","origin":[7.85,12.0199995,8.0]},"faces":{"down":{"uv":[1.25,0.5,0.0,1.0],"rotation":0,"texture":"#0","tintindex":0},"east":{"uv":[0.75,6.125,1.25,6.375],"rotation":0,"texture":"#0","tintindex":0},"north":{"uv":[2.25,2.25,3.5,2.5],"rotation":0,"texture":"#0","tintindex":0},"south":{"uv":[2.25,0.875,3.5,1.125],"rotation":0,"texture":"#0","tintindex":0},"up":{"uv":[1.25,0.5,0.0,0.0],"rotation":0,"texture":"#0","tintindex":0},"west":{"uv":[1.75,6.125,2.25,6.375],"rotation":0,"texture":"#0","tintindex":0}}},{"name":"cube","from":[9.195986,17.586615,9.08],"to":[10.245985,20.166615,9.77],"rotation":{"angle":-22.5,"axis":"z","origin":[9.720985,18.276615,9.425]},"faces":{"down":{"uv":[6.875,8.375,6.625,8.5],"rotation":0,"texture":"#0","tintindex":0},"east":{"uv":[3.75,7.75,3.875,8.25],"rotation":0,"texture":"#0","tintindex":0},"north":{"uv":[5.125,6.125,5.375,6.625],"rotation":0,"texture":"#0","tintindex":0},"south":{"uv":[5.375,6.125,5.625,6.625],"rotation":0,"texture":"#0","tintindex":0},"up":{"uv":[6.125,8.5,5.875,8.375],"rotation":0,"texture":"#0","tintindex":0},"west":{"uv":[3.875,7.75,4.0,8.25],"rotation":0,"texture":"#0","tintindex":0}}},{"name":"cube","from":[5.745985,17.586615,9.08],"to":[6.795985,20.166615,9.77],"rotation":{"angle":22.5,"axis":"z","origin":[6.270985,18.276615,9.425]},"faces":{"down":{"uv":[8.625,0.0,8.375,0.125],"rotation":0,"texture":"#0","tintindex":0},"east":{"uv":[6.375,7.75,6.5,8.25],"rotation":0,"texture":"#0","tintindex":0},"north":{"uv":[5.625,6.125,5.875,6.625],"rotation":0,"texture":"#0","tintindex":0},"south":{"uv":[6.125,0.0,6.375,0.5],"rotation":0,"texture":"#0","tintindex":0},"up":{"uv":[8.625,8.5,8.375,8.375],"rotation":0,"texture":"#0","tintindex":0},"west":{"uv":[6.5,7.75,6.625,8.25],"rotation":0,"texture":"#0","tintindex":0}}},{"name":"cube","from":[9.879293,19.821838,9.139999],"to":[10.929295,21.201836,9.710001],"rotation":{"angle":0.0,"axis":"x","origin":[10.404294,20.511837,9.425]},"faces":{"down":{"uv":[8.125,8.375,7.875,8.5],"rotation":0,"texture":"#0","tintindex":0},"east":{"uv":[6.875,8.375,7.0,8.625],"rotation":0,"texture":"#0","tintindex":0},"north":{"uv":[5.0,7.75,5.25,8.0],"rotation":0,"texture":"#0","tintindex":0},"south":{"uv":[5.25,7.75,5.5,8.0],"rotation":0,"texture":"#0","tintindex":0},"up":{"uv":[7.375,8.5,7.125,8.375],"rotation":0,"texture":"#0","tintindex":0},"west":{"uv":[7.0,8.375,7.125,8.625],"rotation":0,"texture":"#0","tintindex":0}}},{"name":"cube","from":[5.0626764,19.821838,9.139999],"to":[6.1126766,21.201836,9.710001],"rotation":{"angle":0.0,"axis":"x","origin":[5.5876765,20.511837,9.425]},"faces":{"down":{"uv":[8.625,0.25,8.375,0.375],"rotation":0,"texture":"#0","tintindex":0},"east":{"uv":[7.375,8.375,7.5,8.625],"rotation":0,"texture":"#0","tintindex":0},"north":{"uv":[6.625,7.75,6.875,8.0],"rotation":0,"texture":"#0","tintindex":0},"south":{"uv":[7.25,7.75,7.5,8.0],"rotation":0,"texture":"#0","tintindex":0},"up":{"uv":[8.625,0.25,8.375,0.125],"rotation":0,"texture":"#0","tintindex":0},"west":{"uv":[8.125,8.375,8.25,8.625],"rotation":0,"texture":"#0","tintindex":0}}},{"name":"cube","from":[10.2134285,20.62851,9.139999],"to":[10.993428,22.75851,9.710001],"rotation":{"angle":-45.0,"axis":"z","origin":[10.738428,21.318508,9.425]},"faces":{"down":{"uv":[4.625,8.875,4.5,9.0],"rotation":0,"texture":"#0","tintindex":0},"east":{"uv":[5.5,7.75,5.625,8.25],"rotation":0,"texture":"#0","tintindex":0},"north":{"uv":[4.0,7.75,4.125,8.25],"rotation":0,"texture":"#0","tintindex":0},"south":{"uv":[5.625,7.75,5.75,8.25],"rotation":0,"texture":"#0","tintindex":0},"up":{"uv":[4.5,9.0,4.375,8.875],"rotation":0,"texture":"#0","tintindex":0},"west":{"uv":[6.25,7.75,6.375,8.25],"rotation":0,"texture":"#0","tintindex":0}}},{"name":"cube","from":[4.919461,20.819427,9.139999],"to":[5.699461,22.949432,9.710001],"rotation":{"angle":45.0,"axis":"z","origin":[5.444461,21.50943,9.425]},"faces":{"down":{"uv":[7.125,8.875,7.0,9.0],"rotation":0,"texture":"#0","tintindex":0},"east":{"uv":[7.625,7.75,7.75,8.25],"rotation":0,"texture":"#0","tintindex":0},"north":{"uv":[7.5,7.75,7.625,8.25],"rotation":0,"texture":"#0","tintindex":0},"south":{"uv":[7.75,7.75,7.875,8.25],"rotation":0,"texture":"#0","tintindex":0},"up":{"uv":[7.0,9.0,6.875,8.875],"rotation":0,"texture":"#0","tintindex":0},"west":{"uv":[7.75,0.0,7.875,0.5],"rotation":0,"texture":"#0","tintindex":0}}},{"name":"cube","from":[11.500437,22.201492,9.139999],"to":[12.220437,22.681492,9.710001],"rotation":{"angle":-22.5,"axis":"z","origin":[11.965437,22.89149,9.425]},"faces":{"down":{"uv":[5.375,8.875,5.25,9.0],"rotation":0,"texture":"#0","tintindex":0},"east":{"uv":[4.75,8.875,4.875,9.0],"rotation":0,"texture":"#0","tintindex":0},"north":{"uv":[4.625,8.875,4.75,9.0],"rotation":0,"texture":"#0","tintindex":0},"south":{"uv":[4.875,8.875,5.0,9.0],"rotation":0,"texture":"#0","tintindex":0},"up":{"uv":[5.25,9.0,5.125,8.875],"rotation":0,"texture":"#0","tintindex":0},"west":{"uv":[5.0,8.875,5.125,9.0],"rotation":0,"texture":"#0","tintindex":0}}},{"name":"cube","from":[3.755548,22.281857,9.139999],"to":[4.4755483,22.76186,9.710001],"rotation":{"angle":22.5,"axis":"z","origin":[4.220548,22.971859,9.425]},"faces":{"down":{"uv":[8.625,8.875,8.5,9.0],"rotation":0,"texture":"#0","tintindex":0},"east":{"uv":[8.0,8.875,8.125,9.0],"rotation":0,"texture":"#0","tintindex":0},"north":{"uv":[7.875,8.875,8.0,9.0],"rotation":0,"texture":"#0","tintindex":0},"south":{"uv":[8.125,8.875,8.25,9.0],"rotation":0,"texture":"#0","tintindex":0},"up":{"uv":[8.5,9.0,8.375,8.875],"rotation":0,"texture":"#0","tintindex":0},"west":{"uv":[8.25,8.875,8.375,9.0],"rotation":0,"texture":"#0","tintindex":0}}},{"name":"cube","from":[11.460663,22.599892,9.139999],"to":[12.120663,23.229893,9.710001],"rotation":{"angle":0.0,"axis":"x","origin":[11.925662,23.289894,9.425]},"faces":{"down":{"uv":[6.125,8.875,6.0,9.0],"rotation":0,"texture":"#0","tintindex":0},"east":{"uv":[5.5,8.875,5.625,9.0],"rotation":0,"texture":"#0","tintindex":0},"north":{"uv":[5.375,8.875,5.5,9.0],"rotation":0,"texture":"#0","tintindex":0},"south":{"uv":[5.625,8.875,5.75,9.0],"rotation":0,"texture":"#0","tintindex":0},"up":{"uv":[6.0,9.0,5.875,8.875],"rotation":0,"texture":"#0","tintindex":0},"west":{"uv":[5.75,8.875,5.875,9.0],"rotation":0,"texture":"#0","tintindex":0}}},{"name":"cube","from":[3.8713076,22.599892,9.139999],"to":[4.531308,23.229893,9.710001],"rotation":{"angle":0.0,"axis":"x","origin":[4.3363075,23.289894,9.425]},"faces":{"down":{"uv":[7.875,8.875,7.75,9.0],"rotation":0,"texture":"#0","tintindex":0},"east":{"uv":[7.25,8.875,7.375,9.0],"rotation":0,"texture":"#0","tintindex":0},"north":{"uv":[7.125,8.875,7.25,9.0],"rotation":0,"texture":"#0","tintindex":0},"south":{"uv":[7.375,8.875,7.5,9.0],"rotation":0,"texture":"#0","tintindex":0},"up":{"uv":[7.75,9.0,7.625,8.875],"rotation":0,"texture":"#0","tintindex":0},"west":{"uv":[7.5,8.875,7.625,9.0],"rotation":0,"texture":"#0","tintindex":0}}},{"name":"cube","from":[11.223183,22.889912,9.139999],"to":[11.689873,23.356602,9.710001],"rotation":{"angle":45.0,"axis":"z","origin":[11.494873,23.579914,9.425]},"faces":{"down":{"uv":[6.875,8.875,6.75,9.0],"rotation":0,"texture":"#0","tintindex":0},"east":{"uv":[6.25,8.875,6.375,9.0],"rotation":0,"texture":"#0","tintindex":0},"north":{"uv":[6.125,8.875,6.25,9.0],"rotation":0,"texture":"#0","tintindex":0},"south":{"uv":[6.375,8.875,6.5,9.0],"rotation":0,"texture":"#0","tintindex":0},"up":{"uv":[6.75,9.0,6.625,8.875],"rotation":0,"texture":"#0","tintindex":0},"west":{"uv":[6.5,8.875,6.625,9.0],"rotation":0,"texture":"#0","tintindex":0}}},{"name":"cube","from":[3.633828,22.889912,9.139999],"to":[4.100518,23.356602,9.710001],"rotation":{"angle":45.0,"axis":"z","origin":[3.9055183,23.579914,9.425]},"faces":{"down":{"uv":[9.0,0.25,8.875,0.375],"rotation":0,"texture":"#0","tintindex":0},"east":{"uv":[8.75,8.875,8.875,9.0],"rotation":0,"texture":"#0","tintindex":0},"north":{"uv":[8.625,8.875,8.75,9.0],"rotation":0,"texture":"#0","tintindex":0},"south":{"uv":[8.875,8.875,9.0,9.0],"rotation":0,"texture":"#0","tintindex":0},"up":{"uv":[9.0,0.25,8.875,0.125],"rotation":0,"texture":"#0","tintindex":0},"west":{"uv":[8.875,0.0,9.0,0.125],"rotation":0,"texture":"#0","tintindex":0}}},{"name":"cube","from":[6.35,18.335001,7.31],"to":[9.65,19.115,9.05],"rotation":{"angle":0.0,"axis":"x","origin":[7.85,13.37,8.0]},"faces":{"down":{"uv":[3.125,0.375,2.375,0.75],"rotation":0,"texture":"#0","tintindex":0},"east":{"uv":[7.0,8.0,7.375,8.125],"rotation":0,"texture":"#0","tintindex":0},"north":{"uv":[2.375,0.75,3.125,0.875],"rotation":0,"texture":"#0","tintindex":0},"south":{"uv":[6.875,3.875,7.625,4.0],"rotation":0,"texture":"#0","tintindex":0},"up":{"uv":[3.125,0.375,2.375,0.0],"rotation":0,"texture":"#0","tintindex":0},"west":{"uv":[7.875,8.0,8.25,8.125],"rotation":0,"texture":"#0","tintindex":0}}},{"name":"cube","from":[7.25,19.085001,7.46],"to":[8.75,19.865002,8.9],"rotation":{"angle":0.0,"axis":"x","origin":[7.85,14.12,8.0]},"faces":{"down":{"uv":[5.0,7.125,4.625,7.375],"rotation":0,"texture":"#0","tintindex":0},"east":{"uv":[8.375,0.375,8.625,0.5],"rotation":0,"texture":"#0","tintindex":0},"north":{"uv":[8.0,0.5,8.375,0.625],"rotation":0,"texture":"#0","tintindex":0},"south":{"uv":[8.0,0.625,8.375,0.75],"rotation":0,"texture":"#0","tintindex":0},"up":{"uv":[7.375,1.0,7.0,0.75],"rotation":0,"texture":"#0","tintindex":0},"west":{"uv":[8.375,0.5,8.625,0.625],"rotation":0,"texture":"#0","tintindex":0}}},{"name":"cube","from":[7.4,19.835,7.61],"to":[8.6,21.215,8.9],"rotation":{"angle":0.0,"axis":"x","origin":[7.85,14.87,8.0]},"faces":{"down":{"uv":[8.0,3.625,7.75,3.875],"rotation":0,"texture":"#0","tintindex":0},"east":{"uv":[7.75,1.0,8.0,1.25],"rotation":0,"texture":"#0","tintindex":0},"north":{"uv":[7.75,0.5,8.0,0.75],"rotation":0,"texture":"#0","tintindex":0},"south":{"uv":[7.75,1.25,8.0,1.5],"rotation":0,"texture":"#0","tintindex":0},"up":{"uv":[8.0,2.0,7.75,1.75],"rotation":0,"texture":"#0","tintindex":0},"west":{"uv":[7.75,1.5,8.0,1.75],"rotation":0,"texture":"#0","tintindex":0}}},{"name":"cube","from":[7.19,11.315,7.67],"to":[8.81,12.544999,8.75],"rotation":{"angle":0.0,"axis":"x","origin":[7.85,7.25,8.0]},"faces":{"down":{"uv":[7.25,1.0,6.875,1.25],"rotation":0,"texture":"#0","tintindex":0},"east":{"uv":[7.5,1.5,7.75,1.75],"rotation":0,"texture":"#0","tintindex":0},"north":{"uv":[6.875,0.0,7.25,0.25],"rotation":0,"texture":"#0","tintindex":0},"south":{"uv":[6.875,0.25,7.25,0.5],"rotation":0,"texture":"#0","tintindex":0},"up":{"uv":[7.25,0.75,6.875,0.5],"rotation":0,"texture":"#0","tintindex":0},"west":{"uv":[7.5,1.75,7.75,2.0],"rotation":0,"texture":"#0","tintindex":0}}},{"name":"cube","from":[5.45,8.165,7.25],"to":[7.1,8.6449995,8.45],"rotation":{"angle":0.0,"axis":"x","origin":[6.05,3.0499997,8.0]},"faces":{"down":{"uv":[7.125,4.25,6.75,4.5],"rotation":0,"texture":"#0","tintindex":0},"east":{"uv":[0.25,8.375,0.5,8.5],"rotation":0,"texture":"#0","tintindex":0},"north":{"uv":[7.875,3.5,8.25,3.625],"rotation":0,"texture":"#0","tintindex":0},"south":{"uv":[7.875,5.5,8.25,5.625],"rotation":0,"texture":"#0","tintindex":0},"up":{"uv":[7.125,4.25,6.75,4.0],"rotation":0,"texture":"#0","tintindex":0},"west":{"uv":[0.5,8.375,0.75,8.5],"rotation":0,"texture":"#0","tintindex":0}}},{"name":"cube","from":[8.9,8.165,7.25],"to":[10.55,8.6449995,8.45],"rotation":{"angle":0.0,"axis":"x","origin":[9.5,3.0499997,8.0]},"faces":{"down":{"uv":[7.125,4.75,6.75,5.0],"rotation":0,"texture":"#0","tintindex":0},"east":{"uv":[0.75,8.375,1.0,8.5],"rotation":0,"texture":"#0","tintindex":0},"north":{"uv":[7.875,5.75,8.25,5.875],"rotation":0,"texture":"#0","tintindex":0},"south":{"uv":[7.875,6.75,8.25,6.875],"rotation":0,"texture":"#0","tintindex":0},"up":{"uv":[7.125,4.75,6.75,4.5],"rotation":0,"texture":"#0","tintindex":0},"west":{"uv":[1.0,8.375,1.25,8.5],"rotation":0,"texture":"#0","tintindex":0}}}],"display":{"head":{"translation":[0.0,-6.4,0.0],"rotation":[0.0,0.0,0.0],"scale":[3.8095,3.8095,3.8095]}}}