{"textures":{"0":"modelengine:entity/enderlord"},"elements":[{"name":"cube","from":[7.7365093,2.4869266,7.718673],"to":[8.21651,8.216928,8.228674],"rotation":{"angle":0.0,"axis":"x","origin":[8.104072,8.748995,8.689347]},"faces":{"down":{"uv":[9.0,8.75,8.875,8.875],"rotation":0,"texture":"#0","tintindex":0},"east":{"uv":[5.25,0.0,5.375,1.25],"rotation":0,"texture":"#0","tintindex":0},"north":{"uv":[5.125,3.125,5.25,4.375],"rotation":0,"texture":"#0","tintindex":0},"south":{"uv":[5.25,1.875,5.375,3.125],"rotation":0,"texture":"#0","tintindex":0},"up":{"uv":[9.0,8.75,8.875,8.625],"rotation":0,"texture":"#0","tintindex":0},"west":{"uv":[5.25,3.125,5.375,4.375],"rotation":0,"texture":"#0","tintindex":0}}}],"display":{"head":{"translation":[0.0,-6.4,0.0],"rotation":[0.0,0.0,0.0],"scale":[3.8095,3.8095,3.8095]}}}