{"textures":{"0":"modelengine:entity/enderlord"},"elements":[{"name":"cube","from":[10.415234,8.446217,7.718673],"to":[10.895234,13.276217,8.228673],"rotation":{"angle":-22.5,"axis":"z","origin":[8.15,14.900001,8.69]},"faces":{"down":{"uv":[8.75,7.75,8.625,7.875],"rotation":0,"texture":"#0","tintindex":0},"east":{"uv":[4.0,6.0,4.125,7.0],"rotation":0,"texture":"#0","tintindex":0},"north":{"uv":[3.125,5.5,3.25,6.5],"rotation":0,"texture":"#0","tintindex":0},"south":{"uv":[0.5,6.125,0.625,7.125],"rotation":0,"texture":"#0","tintindex":0},"up":{"uv":[8.75,7.75,8.625,7.625],"rotation":0,"texture":"#0","tintindex":0},"west":{"uv":[0.625,6.125,0.75,7.125],"rotation":0,"texture":"#0","tintindex":0}}},{"name":"cube","from":[9.720819,12.2929535,7.718673],"to":[10.164282,12.476642,8.228673],"rotation":{"angle":-45.0,"axis":"z","origin":[9.960819,12.532953,7.9736733]},"faces":{"down":{"uv":[1.0,9.0,0.875,9.125],"rotation":0,"texture":"#0","tintindex":0},"east":{"uv":[0.375,9.0,0.5,9.125],"rotation":0,"texture":"#0","tintindex":0},"north":{"uv":[0.25,9.0,0.375,9.125],"rotation":0,"texture":"#0","tintindex":0},"south":{"uv":[0.5,9.0,0.625,9.125],"rotation":0,"texture":"#0","tintindex":0},"up":{"uv":[0.875,9.125,0.75,9.0],"rotation":0,"texture":"#0","tintindex":0},"west":{"uv":[0.625,9.0,0.75,9.125],"rotation":0,"texture":"#0","tintindex":0}}}],"display":{"head":{"translation":[0.0,-6.4,0.0],"rotation":[0.0,0.0,0.0],"scale":[3.8095,3.8095,3.8095]}}}