{"textures":{"0":"modelengine:entity/enderlord"},"elements":[{"name":"cube","from":[7.7365093,1.5869269,7.718673],"to":[8.21651,8.216928,8.228673],"rotation":{"angle":0.0,"axis":"x","origin":[8.104072,8.748995,8.689347]},"faces":{"down":{"uv":[8.5,9.0,8.375,9.125],"rotation":0,"texture":"#0","tintindex":0},"east":{"uv":[2.625,4.75,2.75,6.125],"rotation":0,"texture":"#0","tintindex":0},"north":{"uv":[2.125,4.75,2.25,6.125],"rotation":0,"texture":"#0","tintindex":0},"south":{"uv":[2.75,4.75,2.875,6.125],"rotation":0,"texture":"#0","tintindex":0},"up":{"uv":[8.375,9.125,8.25,9.0],"rotation":0,"texture":"#0","tintindex":0},"west":{"uv":[3.25,4.75,3.375,6.125],"rotation":0,"texture":"#0","tintindex":0}}}],"display":{"head":{"translation":[0.0,-6.4,0.0],"rotation":[0.0,0.0,0.0],"scale":[3.8095,3.8095,3.8095]}}}