{"textures":{"0":"modelengine:entity/enderlord"},"elements":[{"name":"cube","from":[10.415234,8.446217,7.718673],"to":[10.895234,13.276217,8.228673],"rotation":{"angle":-22.5,"axis":"z","origin":[8.15,14.900001,8.69]},"faces":{"down":{"uv":[9.0,8.0,8.875,8.125],"rotation":0,"texture":"#0","tintindex":0},"east":{"uv":[5.875,6.125,6.0,7.125],"rotation":0,"texture":"#0","tintindex":0},"north":{"uv":[2.75,6.125,2.875,7.125],"rotation":0,"texture":"#0","tintindex":0},"south":{"uv":[6.125,1.0,6.25,2.0],"rotation":0,"texture":"#0","tintindex":0},"up":{"uv":[9.0,8.0,8.875,7.875],"rotation":0,"texture":"#0","tintindex":0},"west":{"uv":[6.125,2.0,6.25,3.0],"rotation":0,"texture":"#0","tintindex":0}}},{"name":"cube","from":[9.720819,12.2929535,7.718673],"to":[10.164282,12.476642,8.228673],"rotation":{"angle":-45.0,"axis":"z","origin":[9.960819,12.532953,7.9736733]},"faces":{"down":{"uv":[1.75,9.0,1.625,9.125],"rotation":0,"texture":"#0","tintindex":0},"east":{"uv":[1.125,9.0,1.25,9.125],"rotation":0,"texture":"#0","tintindex":0},"north":{"uv":[1.0,9.0,1.125,9.125],"rotation":0,"texture":"#0","tintindex":0},"south":{"uv":[1.25,9.0,1.375,9.125],"rotation":0,"texture":"#0","tintindex":0},"up":{"uv":[1.625,9.125,1.5,9.0],"rotation":0,"texture":"#0","tintindex":0},"west":{"uv":[1.375,9.0,1.5,9.125],"rotation":0,"texture":"#0","tintindex":0}}}],"display":{"head":{"translation":[0.0,-6.4,0.0],"rotation":[0.0,0.0,0.0],"scale":[3.8095,3.8095,3.8095]}}}