{"credit":"by w11shes","textures":{"0":"elitecreatures:goblin_assortment/goblin_bow","particle":"elitecreatures:goblin_assortment/goblin_bow"},"elements":[{"from":[8,-6,10],"to":[8.05,22,11],"faces":{"east":{"uv":[0,0,0.5,16],"texture":"#0"},"west":{"uv":[0,0,0.5,16],"texture":"#0"}}},{"from":[6.98,11,5],"to":[9.02,18,8],"rotation":{"angle":-22.5,"axis":"x","origin":[0,11,7]},"faces":{"north":{"uv":[7.5,2,8.5,5.5],"texture":"#0"},"east":{"uv":[0.5,0,2,3.5],"texture":"#0"},"south":{"uv":[6.5,8,7.5,11.5],"texture":"#0"},"west":{"uv":[2,0,3.5,3.5],"texture":"#0"},"up":{"uv":[3.5,10,2.5,8.5],"texture":"#0"},"down":{"uv":[9.5,8,8.5,9.5],"texture":"#0"}}},{"from":[7,12,1],"to":[9,19,3],"rotation":{"angle":-22.5,"axis":"x","origin":[0,11,7]},"faces":{"north":{"uv":[5.5,3,6.5,6.5],"texture":"#0"},"east":{"uv":[6.5,3,7.5,6.5],"texture":"#0"},"south":{"uv":[4.5,7.5,5.5,11],"texture":"#0"},"west":{"uv":[5.5,7.5,6.5,11],"texture":"#0"},"up":{"uv":[10,1,9,0],"texture":"#0"},"down":{"uv":[10,1,9,2],"texture":"#0"}}},{"from":[7,-3,1],"to":[9,4,3],"rotation":{"angle":22.5,"axis":"x","origin":[0,5,7]},"faces":{"north":{"uv":[5.5,6.5,6.5,3],"texture":"#0"},"east":{"uv":[6.5,6.5,7.5,3],"texture":"#0"},"south":{"uv":[4.5,11,5.5,7.5],"texture":"#0"},"west":{"uv":[5.5,11,6.5,7.5],"texture":"#0"},"up":{"uv":[10,2,9,1],"texture":"#0"},"down":{"uv":[10,0,9,1],"texture":"#0"}}},{"from":[8,17,1],"to":[8.05,21,5],"rotation":{"angle":-22.5,"axis":"x","origin":[0,11,7]},"faces":{"east":{"uv":[2.5,12,0.5,14],"texture":"#0"},"west":{"uv":[0.5,12,2.5,14],"texture":"#0"}}},{"from":[8,-5,1],"to":[8.05,-1,5],"rotation":{"angle":22.5,"axis":"x","origin":[0,5,7]},"faces":{"east":{"uv":[2.5,14,0.5,12],"texture":"#0"},"west":{"uv":[0.5,14,2.5,12],"texture":"#0"}}},{"from":[7,12,3],"to":[9,14,5],"rotation":{"angle":-22.5,"axis":"x","origin":[0,11,7]},"faces":{"east":{"uv":[9.5,2,10.5,3],"texture":"#0"},"west":{"uv":[9.5,3,10.5,4],"texture":"#0"},"up":{"uv":[4.5,10.5,3.5,9.5],"texture":"#0"},"down":{"uv":[10.5,4,9.5,5],"texture":"#0"}}},{"from":[7,12,8],"to":[9,14,9],"rotation":{"angle":-22.5,"axis":"x","origin":[0,11,7]},"faces":{"east":{"uv":[10,0,10.5,1],"texture":"#0"},"south":{"uv":[12,0,13,1],"texture":"#0"},"west":{"uv":[10.5,0,11,1],"texture":"#0"},"up":{"uv":[12,0.5,11,0],"texture":"#0"},"down":{"uv":[12,0.5,11,1],"texture":"#0"}}},{"from":[7,2,8],"to":[9,4,9],"rotation":{"angle":22.5,"axis":"x","origin":[8,5,7]},"faces":{"east":{"uv":[10,1,10.5,0],"texture":"#0"},"south":{"uv":[12,1,13,0],"texture":"#0"},"west":{"uv":[10.5,1,11,0],"texture":"#0"},"up":{"uv":[12,1,11,0.5],"texture":"#0"},"down":{"uv":[12,0,11,0.5],"texture":"#0"}}},{"from":[7,15.6194,8.91342],"to":[9,17.6194,16.91342],"rotation":{"angle":-45,"axis":"x","origin":[0,11,7]},"faces":{"east":{"uv":[4.5,0,8.5,1],"texture":"#0"},"west":{"uv":[5,1,9,2],"texture":"#0"},"up":{"uv":[5.5,6,4.5,2],"texture":"#0"},"down":{"uv":[4.5,5,3.5,9],"texture":"#0"}}},{"from":[8,14.6194,18.66342],"to":[8.05,17.6194,24.66342],"rotation":{"angle":-45,"axis":"x","origin":[0,11,6.75]},"faces":{"east":{"uv":[6.5,6.5,9.5,8],"texture":"#0"},"west":{"uv":[9.5,6.5,6.5,8],"texture":"#0"}}},{"from":[8.1,23.66342,9.6306],"to":[8.15,29.66342,12.6306],"faces":{"east":{"uv":[9.5,6.5,12.5,8],"rotation":90,"texture":"#0"},"west":{"uv":[12.5,6.5,9.5,8],"rotation":270,"texture":"#0"}}},{"from":[8.1,21.1194,12.16342],"to":[8.15,24.1194,18.16342],"faces":{"east":{"uv":[9.5,6.5,12.5,8],"texture":"#0"},"west":{"uv":[12.5,6.5,9.5,8],"texture":"#0"}}},{"from":[8.1,-13.66342,9.6306],"to":[8.15,-7.66342,12.6306],"faces":{"east":{"uv":[12.5,6.5,9.5,8],"rotation":90,"texture":"#0"},"west":{"uv":[9.5,6.5,12.5,8],"rotation":270,"texture":"#0"}}},{"from":[8,-1.6194,18.66342],"to":[8.05,1.3806,24.66342],"rotation":{"angle":45,"axis":"x","origin":[0,5,6.75]},"faces":{"east":{"uv":[6.5,8,9.5,6.5],"texture":"#0"},"west":{"uv":[9.5,8,6.5,6.5],"texture":"#0"}}},{"from":[8.1,-8.1194,12.16342],"to":[8.15,-5.1194,18.16342],"faces":{"east":{"uv":[9.5,8,12.5,6.5],"texture":"#0"},"west":{"uv":[12.5,8,9.5,6.5],"texture":"#0"}}},{"from":[7,13.6194,16.91342],"to":[9,20.6194,18.91342],"rotation":{"angle":-45,"axis":"x","origin":[0,11,7]},"faces":{"north":{"uv":[7.5,8,8.5,11.5],"texture":"#0"},"east":{"uv":[0.5,8.5,1.5,12],"texture":"#0"},"south":{"uv":[1.5,8.5,2.5,12],"texture":"#0"},"west":{"uv":[8.5,2,9.5,5.5],"texture":"#0"},"up":{"uv":[8.5,6.5,7.5,5.5],"texture":"#0"},"down":{"uv":[9.5,5.5,8.5,6.5],"texture":"#0"}}},{"from":[8,18.6194,14.91342],"to":[8.05,22.6194,18.91342],"rotation":{"angle":-45,"axis":"x","origin":[0,11,7]},"faces":{"east":{"uv":[0.5,12,2.5,14],"texture":"#0"},"west":{"uv":[2.5,12,0.5,14],"texture":"#0"}}},{"from":[8,-6.6194,14.91342],"to":[8.05,-2.6194,18.91342],"rotation":{"angle":45,"axis":"x","origin":[0,5,7]},"faces":{"east":{"uv":[0.5,14,2.5,12],"texture":"#0"},"west":{"uv":[2.5,14,0.5,12],"texture":"#0"}}},{"from":[6.98,-2,5],"to":[9.02,5,8],"rotation":{"angle":22.5,"axis":"x","origin":[0,5,7]},"faces":{"north":{"uv":[7.5,5.5,8.5,2],"texture":"#0"},"east":{"uv":[0.5,3.5,2,0],"texture":"#0"},"south":{"uv":[6.5,11.5,7.5,8],"texture":"#0"},"west":{"uv":[2,3.5,3.5,0],"texture":"#0"},"up":{"uv":[9.5,9.5,8.5,8],"texture":"#0"},"down":{"uv":[3.5,8.5,2.5,10],"texture":"#0"}}},{"from":[7,2,3],"to":[9,4,5],"rotation":{"angle":22.5,"axis":"x","origin":[0,5,7]},"faces":{"east":{"uv":[9.5,3,10.5,2],"texture":"#0"},"west":{"uv":[9.5,4,10.5,3],"texture":"#0"},"up":{"uv":[10.5,5,9.5,4],"texture":"#0"},"down":{"uv":[4.5,9.5,3.5,10.5],"texture":"#0"}}},{"from":[7,-1.6194,8.91342],"to":[9,0.3806,16.91342],"rotation":{"angle":45,"axis":"x","origin":[0,5,7]},"faces":{"east":{"uv":[4.5,1,8.5,0],"texture":"#0"},"west":{"uv":[5,2,9,1],"texture":"#0"},"up":{"uv":[4.5,9,3.5,5],"texture":"#0"},"down":{"uv":[5.5,2,4.5,6],"texture":"#0"}}},{"from":[7,-4.6194,16.91342],"to":[9,2.3806,18.91342],"rotation":{"angle":45,"axis":"x","origin":[0,5,7]},"faces":{"north":{"uv":[7.5,11.5,8.5,8],"texture":"#0"},"east":{"uv":[0.5,12,1.5,8.5],"texture":"#0"},"south":{"uv":[1.5,12,2.5,8.5],"texture":"#0"},"west":{"uv":[8.5,5.5,9.5,2],"texture":"#0"},"up":{"uv":[9.5,6.5,8.5,5.5],"texture":"#0"},"down":{"uv":[8.5,5.5,7.5,6.5],"texture":"#0"}}},{"from":[7,5,5],"to":[9,11,7],"faces":{"north":{"uv":[3.5,2,4.5,5],"texture":"#0"},"east":{"uv":[0.5,5.5,1.5,8.5],"texture":"#0"},"south":{"uv":[1.5,5.5,2.5,8.5],"texture":"#0"},"west":{"uv":[2.5,5.5,3.5,8.5],"texture":"#0"}}}],"gui_light":"front","display":{"thirdperson_righthand":{"translation":[-1,-2,2],"scale":[0.6,0.6,0.6]},"thirdperson_lefthand":{"translation":[-1,-2,1.75],"scale":[0.6,0.6,0.6]},"firstperson_righthand":{"rotation":[10.75,0,0],"translation":[0,5.25,0],"scale":[0.6,0.6,0.6]},"firstperson_lefthand":{"rotation":[10.75,0,0],"translation":[0,5.25,0],"scale":[0.6,0.6,0.6]},"ground":{"rotation":[11.56,-44.14,62.03],"translation":[0,3,0],"scale":[0.41836,0.41836,0.41836]},"gui":{"rotation":[-90,135,-90],"translation":[-1,1,-1.5],"scale":[0.45,0.45,0.45]},"head":{"rotation":[90,27.25,90],"translation":[0,15.5,0],"scale":[0.6,0.6,0.6]},"fixed":{"rotation":[-90,-45,-90],"translation":[1,-0.5,-1.25],"scale":[1.01797,1.01797,1.01797]}}}