{"credit":"by w11shes","textures":{"0":"elitecreatures:goblin_assortment/goblin_axe","particle":"elitecreatures:goblin_assortment/goblin_axe"},"elements":[{"from":[7,-12,7],"to":[10,-6,10],"rotation":{"angle":0,"axis":"y","origin":[8.5,-1,8]},"faces":{"north":{"uv":[0,7,1.5,10],"texture":"#0"},"east":{"uv":[0,7,1.5,10],"texture":"#0"},"south":{"uv":[0,7,1.5,10],"texture":"#0"},"west":{"uv":[0,7,1.5,10],"texture":"#0"},"up":{"uv":[8.5,7.5,7,6],"rotation":270,"texture":"#0"},"down":{"uv":[8.5,7.5,7,9],"rotation":90,"texture":"#0"}}},{"from":[7,7,7],"to":[10,15,10],"rotation":{"angle":0,"axis":"y","origin":[8.5,-1,8]},"faces":{"north":{"uv":[5.5,6,7,10],"texture":"#0"},"east":{"uv":[5.5,6,7,10],"texture":"#0"},"south":{"uv":[5.5,6,7,10],"texture":"#0"},"west":{"uv":[5.5,6,7,10],"texture":"#0"},"up":{"uv":[9.5,1.5,8,0],"rotation":270,"texture":"#0"},"down":{"uv":[9.5,1.5,8,3],"rotation":90,"texture":"#0"}}},{"from":[9.5,-8.83883,18.54594],"to":[7.5,-10.83883,16.54594],"rotation":{"angle":45,"axis":"x","origin":[8.5,-1,8]},"faces":{"north":{"uv":[8,4.5,9,3.5],"texture":"#0"},"south":{"uv":[3.5,8.5,4.5,7.5],"texture":"#0"},"up":{"uv":[9,6,10,7],"rotation":270,"texture":"#0"},"down":{"uv":[8.5,6,9.5,5],"rotation":90,"texture":"#0"}}},{"from":[7.5,-6,7.5],"to":[9.5,17,9.5],"rotation":{"angle":0,"axis":"y","origin":[8.5,-1,8]},"faces":{"north":{"uv":[15,0,16,11.5],"texture":"#0"},"east":{"uv":[15,0,16,11.5],"texture":"#0"},"south":{"uv":[15,0,16,11.5],"texture":"#0"},"west":{"uv":[15,0,16,11.5],"texture":"#0"},"up":{"uv":[14,0,15,1],"rotation":270,"texture":"#0"}}},{"from":[8.5,4.5,-2],"to":[8.5,18.5,7],"rotation":{"angle":0,"axis":"y","origin":[8.5,-1,8]},"faces":{"east":{"uv":[4.5,0,0,7],"texture":"#0"},"west":{"uv":[0,0,4.5,7],"texture":"#0"}}},{"from":[8.5,4.5,10],"to":[8.5,16.5,17],"rotation":{"angle":0,"axis":"y","origin":[8.5,-1,8]},"faces":{"east":{"uv":[8,0,4.5,6],"texture":"#0"},"west":{"uv":[4.5,0,8,6],"texture":"#0"}}},{"from":[8,7.5,1],"to":[9,16.5,5],"rotation":{"angle":0,"axis":"y","origin":[8.5,-1,8]},"faces":{"north":{"uv":[1.5,1,2,5.5],"texture":"#0"},"east":{"uv":[3.5,1,1.5,5.5],"texture":"#0"},"south":{"uv":[3,1,3.5,5.5],"texture":"#0"},"west":{"uv":[1.5,1,3.5,5.5],"texture":"#0"},"up":{"uv":[3.5,1,1.5,1.5],"rotation":270,"texture":"#0"},"down":{"uv":[3.5,5,1.5,5.5],"rotation":90,"texture":"#0"}}},{"from":[7.5,-11.83883,15.54594],"to":[9.5,-7.83883,19.54594],"rotation":{"angle":45,"axis":"x","origin":[8.5,-1,8]},"faces":{"north":{"uv":[3.5,7,4.5,9],"texture":"#0"},"east":{"uv":[1.5,7,3.5,9],"rotation":90,"texture":"#0"},"south":{"uv":[8,3,9,5],"texture":"#0"},"west":{"uv":[1.5,7,3.5,9],"texture":"#0"},"up":{"uv":[10,6,8,5],"rotation":270,"texture":"#0"},"down":{"uv":[10.5,6,8.5,7],"rotation":90,"texture":"#0"}}}],"gui_light":"front","display":{"thirdperson_righthand":{"translation":[0,3.75,1.75],"scale":[0.725,0.725,0.725]},"thirdperson_lefthand":{"translation":[0,3.75,1.75],"scale":[0.725,0.725,0.725]},"firstperson_righthand":{"rotation":[-13.8,14.86,10.16],"translation":[6,5.5,-9.5]},"firstperson_lefthand":{"rotation":[-13.8,14.86,10.16],"translation":[6,5.5,-9.5]},"ground":{"rotation":[0,0,84],"translation":[-3.75,0,0],"scale":[0.57422,0.57422,0.57422]},"gui":{"rotation":[-90,45,90],"translation":[-1,1.25,0],"scale":[0.47461,0.47461,0.47461]},"head":{"rotation":[90,137,90],"translation":[7.5,9.5,0],"scale":[0.76953,0.76953,0.76953]},"fixed":{"rotation":[0,90,0],"translation":[0,4.25,-1.25],"scale":[1.2832,1.2832,1.2832]}}}