{"credit":"by w11shes","textures":{"0":"elitecreatures:goblin_assortment/goblin_dagger","particle":"elitecreatures:goblin_assortment/goblin_dagger"},"elements":[{"from":[6.7375,0,6.7625],"to":[8.7375,6,8.7625],"rotation":{"angle":0,"axis":"y","origin":[7.75,7,8.0125]},"faces":{"north":{"uv":[6,9,8,15],"texture":"#0"},"east":{"uv":[6,9,8,15],"texture":"#0"},"south":{"uv":[6,9,8,15],"texture":"#0"},"west":{"uv":[6,9,8,15],"texture":"#0"}}},{"from":[6.2375,6,5.2625],"to":[9.2375,9,10.2625],"rotation":{"angle":0,"axis":"y","origin":[7.75,7,8.0125]},"faces":{"north":{"uv":[8,9,11,12],"texture":"#0"},"east":{"uv":[6,0,11,3],"texture":"#0"},"south":{"uv":[11,0,14,3],"texture":"#0"},"west":{"uv":[6,0,11,3],"texture":"#0"},"up":{"uv":[11,6,6,3],"rotation":270,"texture":"#0"},"down":{"uv":[11,6,6,9],"rotation":90,"texture":"#0"}}},{"from":[7.7375,9,5.2625],"to":[7.7875,21,11.2625],"rotation":{"angle":0,"axis":"y","origin":[7.75,7,8.0125]},"faces":{"east":{"uv":[6,0,0,12],"texture":"#0"},"west":{"uv":[0,0,6,12],"texture":"#0"}}},{"from":[6.2375,0.01992,0.67887],"to":[9.2375,3.01992,3.67887],"rotation":{"angle":-45,"axis":"x","origin":[7.75,7,8.0125]},"faces":{"north":{"uv":[11,6,14,9],"texture":"#0"},"east":{"uv":[11,3,14,6],"rotation":270,"texture":"#0"},"south":{"uv":[11,9,14,12],"texture":"#0"},"west":{"uv":[11,3,14,6],"texture":"#0"},"up":{"uv":[3,15,0,12],"rotation":270,"texture":"#0"},"down":{"uv":[6,12,3,15],"rotation":90,"texture":"#0"}}}],"gui_light":"front","display":{"thirdperson_righthand":{"translation":[0,1.25,1.75],"scale":[0.725,0.725,0.725]},"thirdperson_lefthand":{"translation":[0,1.25,1.75],"scale":[0.725,0.725,0.725]},"firstperson_righthand":{"rotation":[0,17,0],"translation":[6,-2,-7.75]},"firstperson_lefthand":{"rotation":[0,17,0],"translation":[6,-2,-7.75]},"ground":{"rotation":[0,0,84],"scale":[0.57422,0.57422,0.57422]},"gui":{"rotation":[-90,45,90],"translation":[1,-1,0],"scale":[0.58984,0.58984,0.58984]},"head":{"rotation":[90,137,90],"translation":[2,10.5,0],"scale":[0.76953,0.76953,0.76953]},"fixed":{"rotation":[0,90,0],"translation":[0,0.25,-1.75],"scale":[1.2832,1.2832,1.2832]}}}