{"credit":"by w11shes","textures":{"0":"elitecreatures:goblin_assortment/goblin_sword","particle":"elitecreatures:goblin_assortment/goblin_sword"},"elements":[{"from":[7,-4,7],"to":[9,5,9],"rotation":{"angle":0,"axis":"y","origin":[8,8.35355,8]},"faces":{"north":{"uv":[4.5,0,5.5,4.5],"texture":"#0"},"east":{"uv":[4.5,0,5.5,4.5],"texture":"#0"},"south":{"uv":[4.5,0,5.5,4.5],"texture":"#0"},"west":{"uv":[4.5,0,5.5,4.5],"texture":"#0"}}},{"from":[6.5,-2.08883,-2.44239],"to":[9.5,0.91117,0.55761],"rotation":{"angle":-45,"axis":"x","origin":[8,8.35355,8]},"faces":{"north":{"uv":[8,1.5,9.5,3],"texture":"#0"},"east":{"uv":[3.5,7.5,2,9],"texture":"#0"},"south":{"uv":[7.5,0,9,1.5],"texture":"#0"},"west":{"uv":[2,7.5,3.5,9],"texture":"#0"},"up":{"uv":[9.5,6.5,8,5],"rotation":90,"texture":"#0"},"down":{"uv":[9.5,6.5,8,8],"rotation":270,"texture":"#0"}}},{"from":[2.72951,4.74846,6],"to":[6.72951,8.74846,10],"rotation":{"angle":22.5,"axis":"z","origin":[8,8.35355,8]},"faces":{"north":{"uv":[2,9.5,0,11.5],"texture":"#0"},"east":{"uv":[4.5,4.5,6.5,6.5],"texture":"#0"},"south":{"uv":[0,9.5,2,11.5],"texture":"#0"},"west":{"uv":[5.5,0,7.5,2],"texture":"#0"},"up":{"uv":[2,13.5,0,11.5],"rotation":90,"texture":"#0"},"down":{"uv":[2,7.5,0,9.5],"rotation":270,"texture":"#0"}}},{"from":[2.75757,2.92981,6.99],"to":[5.77757,4.94981,9.01],"rotation":{"angle":22.5,"axis":"z","origin":[8,8.35355,8]},"faces":{"north":{"uv":[10.5,0,9,1],"texture":"#0"},"east":{"uv":[3.5,8.5,5,9.5],"texture":"#0"},"south":{"uv":[9,0,10.5,1],"texture":"#0"},"west":{"uv":[5,8.5,6,9.5],"texture":"#0"},"down":{"uv":[6,8.5,7,10],"rotation":270,"texture":"#0"}}},{"from":[9.27049,4.74846,6],"to":[13.27049,8.74846,10],"rotation":{"angle":-22.5,"axis":"z","origin":[8,8.35355,8]},"faces":{"north":{"uv":[0,9.5,2,11.5],"texture":"#0"},"east":{"uv":[7.5,0,5.5,2],"texture":"#0"},"south":{"uv":[2,9.5,0,11.5],"texture":"#0"},"west":{"uv":[6.5,4.5,4.5,6.5],"texture":"#0"},"up":{"uv":[2,11.5,0,13.5],"rotation":90,"texture":"#0"},"down":{"uv":[2,9.5,0,7.5],"rotation":270,"texture":"#0"}}},{"from":[10.22243,2.92981,6.99],"to":[13.24243,4.94981,9.01],"rotation":{"angle":-22.5,"axis":"z","origin":[8,8.35355,8]},"faces":{"north":{"uv":[9,0,10.5,1],"texture":"#0"},"east":{"uv":[6,8.5,5,9.5],"texture":"#0"},"south":{"uv":[10.5,0,9,1],"texture":"#0"},"west":{"uv":[5,8.5,3.5,9.5],"texture":"#0"},"down":{"uv":[6,10,7,8.5],"rotation":270,"texture":"#0"}}},{"from":[6.5,4.33139,7.33397],"to":[9.5,7.33139,12.33397],"rotation":{"angle":-22.5,"axis":"x","origin":[8,8.35355,8]},"faces":{"east":{"uv":[8,2,5.5,3.5],"texture":"#0"},"south":{"uv":[8,8,9.5,9.5],"texture":"#0"},"west":{"uv":[5.5,2,8,3.5],"texture":"#0"},"up":{"uv":[4.5,7.5,2,6],"rotation":90,"texture":"#0"},"down":{"uv":[9,3.5,6.5,5],"rotation":270,"texture":"#0"}}},{"from":[6.5,4.33139,3.66603],"to":[9.5,7.33139,8.66603],"rotation":{"angle":22.5,"axis":"x","origin":[8,8.35355,8]},"faces":{"north":{"uv":[9.5,8,8,9.5],"texture":"#0"},"east":{"uv":[5.5,2,8,3.5],"texture":"#0"},"west":{"uv":[8,2,5.5,3.5],"texture":"#0"},"up":{"uv":[2,7.5,4.5,6],"rotation":90,"texture":"#0"},"down":{"uv":[6.5,3.5,9,5],"rotation":270,"texture":"#0"}}},{"from":[7.5,7,6],"to":[8.5,22,10],"rotation":{"angle":0,"axis":"y","origin":[8,8.35355,8]},"faces":{"north":{"uv":[0,0,0.5,7.5],"texture":"#0"},"east":{"uv":[2,0,0,7.5],"texture":"#0"},"south":{"uv":[1.5,0,2,7.5],"texture":"#0"},"west":{"uv":[0,0,2,7.5],"texture":"#0"},"up":{"uv":[0,0,2,0.5],"rotation":90,"texture":"#0"}}},{"from":[7.95,15,5],"to":[8,27,10],"rotation":{"angle":0,"axis":"y","origin":[8,8.35355,8]},"faces":{"east":{"uv":[4.5,0,2,6],"texture":"#0"},"west":{"uv":[2,0,4.5,6],"texture":"#0"}}}],"gui_light":"front","display":{"thirdperson_righthand":{"translation":[0,4,1.75],"scale":[0.725,0.725,0.725]},"thirdperson_lefthand":{"translation":[0,4,1.75],"scale":[0.725,0.725,0.725]},"firstperson_righthand":{"rotation":[0,17,0],"translation":[6,1.5,-7.75]},"firstperson_lefthand":{"rotation":[0,17,0],"translation":[6,1.5,-7.75]},"ground":{"rotation":[0,0,84],"translation":[1.5,0,0],"scale":[0.57422,0.57422,0.57422]},"gui":{"rotation":[-68,45,83],"translation":[1.5,-0.75,0],"scale":[0.5957,0.5957,0.5957]},"head":{"rotation":[90,137,90],"translation":[1.25,11.25,0],"scale":[0.76953,0.76953,0.76953]},"fixed":{"rotation":[0,90,0],"translation":[0,-0.75,0],"scale":[1.2832,1.2832,1.2832]}}}