{"credit":"by w11shes","textures":{"0":"elitecreatures:goblin_assortment/shaman_staff","1":"elitecreatures:goblin_assortment/shaman_flame","particle":"elitecreatures:goblin_assortment/shaman_staff"},"elements":[{"from":[8.29926,-16,8.29926],"to":[10.29926,-1,10.29926],"rotation":{"angle":0,"axis":"y","origin":[9.29926,5.45,8]},"faces":{"north":{"uv":[3,0,4,7.5],"texture":"#0"},"east":{"uv":[3,0,4,7.5],"texture":"#0"},"south":{"uv":[3,0,4,7.5],"texture":"#0"},"west":{"uv":[3,0,4,7.5],"texture":"#0"},"down":{"uv":[12.5,9.5,11.5,10.5],"rotation":90,"texture":"#0"}}},{"from":[8.27926,-0.73666,3.06498],"to":[10.31926,11.26334,5.06498],"rotation":{"angle":-45,"axis":"x","origin":[9.29926,5.45,8]},"faces":{"north":{"uv":[1,6,2,11.9],"texture":"#0"},"east":{"uv":[1,6,0,11.9],"texture":"#0"},"south":{"uv":[2,6,3,11.9],"texture":"#0"},"west":{"uv":[0,6,1,11.9],"texture":"#0"},"up":{"uv":[1.5,13,0.5,12],"rotation":270,"texture":"#0"}}},{"from":[3.29926,4.00213,4.59446],"to":[5.29926,6.00213,12.59446],"rotation":{"angle":-22.5,"axis":"x","origin":[9.29926,5.45,8]},"faces":{"east":{"uv":[11,4,7,5],"texture":"#0"},"south":{"uv":[1.5,12,2.5,13],"texture":"#0"},"west":{"uv":[7,4,11,5],"texture":"#0"},"up":{"uv":[11,6,7,5],"rotation":270,"texture":"#0"},"down":{"uv":[11,6,7,7],"rotation":90,"texture":"#0"}}},{"from":[8.29926,6.00213,10.59446],"to":[10.29926,13.00213,12.59446],"rotation":{"angle":-22.5,"axis":"x","origin":[9.29926,5.45,8]},"faces":{"north":{"uv":[3,9.5,4,13],"texture":"#0"},"east":{"uv":[10.5,0,9.5,3.5],"texture":"#0"},"south":{"uv":[4,9.5,5,13],"texture":"#0"},"west":{"uv":[9.5,0,10.5,3.5],"texture":"#0"}}},{"from":[8.29926,11.00213,4.59446],"to":[10.29926,13.00213,10.59446],"rotation":{"angle":-22.5,"axis":"x","origin":[9.29926,5.45,8]},"faces":{"north":{"uv":[12,4,13,5],"texture":"#0"},"east":{"uv":[13.5,0,10.5,1],"texture":"#0"},"west":{"uv":[10.5,0,13.5,1],"texture":"#0"},"down":{"uv":[13.5,1,10.5,2],"rotation":90,"texture":"#0"}}},{"from":[7.29926,12.00213,3.59446],"to":[11.29926,15.00213,8.59446],"rotation":{"angle":-22.5,"axis":"x","origin":[9.29926,5.45,8]},"faces":{"north":{"uv":[5,9.5,7,11],"texture":"#0"},"east":{"uv":[11.5,9,9,10.5],"texture":"#0"},"west":{"uv":[9,9,11.5,10.5],"texture":"#0"},"up":{"uv":[9.5,2,7,0],"rotation":270,"texture":"#0"},"down":{"uv":[9.5,2,7,4],"rotation":90,"texture":"#0"}}},{"from":[6.29926,12.00213,8.59446],"to":[12.29926,17.00213,14.59446],"rotation":{"angle":-22.5,"axis":"x","origin":[9.29926,5.45,8]},"faces":{"north":{"uv":[4,2.5,7,5],"texture":"#0"},"east":{"uv":[7,0,4,2.5],"texture":"#0"},"south":{"uv":[4,5,7,7.5],"texture":"#0"},"west":{"uv":[4,0,7,2.5],"texture":"#0"},"up":{"uv":[3,3,0,0],"rotation":270,"texture":"#0"},"down":{"uv":[3,3,0,6],"rotation":90,"texture":"#0"}}},{"from":[0.7542,15.75,6.30242],"to":[6.7542,17.75,8.30242],"rotation":{"angle":45,"axis":"y","origin":[9.29926,5.45,8]},"faces":{"north":{"uv":[10.5,2,13.5,3],"texture":"#0"},"south":{"uv":[13.5,2,10.5,3],"texture":"#0"},"west":{"uv":[12,5,13,6],"texture":"#0"},"up":{"uv":[10,13.5,9,10.5],"rotation":270,"texture":"#0"},"down":{"uv":[11,10.5,10,13.5],"rotation":90,"texture":"#0"}}},{"from":[1.7542,7.75,6.30242],"to":[4.7542,10.75,8.30242],"rotation":{"angle":45,"axis":"y","origin":[9.29926,5.45,8]},"faces":{"north":{"uv":[6,11,7.5,12.5],"texture":"#0"},"east":{"uv":[6,12.5,7,14],"texture":"#0"},"south":{"uv":[6,11,7.5,12.5],"texture":"#0"},"west":{"uv":[6,12.5,7,14],"texture":"#0"},"up":{"uv":[12,8,11,6.5],"rotation":270,"texture":"#0"},"down":{"uv":[8.5,11,7.5,12.5],"rotation":90,"texture":"#0"}}},{"from":[2.7542,10.75,7.25242],"to":[3.7542,15.75,7.30242],"rotation":{"angle":45,"axis":"y","origin":[9.29926,5.45,8]},"faces":{"north":{"uv":[0,12,0.5,14.5],"texture":"#0"},"south":{"uv":[0,12,0.5,14.5],"texture":"#0"}}},{"from":[14.84432,9.75,7.25242],"to":[15.84432,15.75,7.30242],"rotation":{"angle":-45,"axis":"y","origin":[9.29926,5.45,8]},"faces":{"north":{"uv":[15.5,0,15,3],"texture":"#0"},"south":{"uv":[15.5,0,15,3],"texture":"#0"}}},{"from":[13.84432,6.75,6.30242],"to":[16.84432,9.75,8.30242],"rotation":{"angle":-45,"axis":"y","origin":[9.29926,5.45,8]},"faces":{"north":{"uv":[15,0,13.5,1.5],"texture":"#0"},"east":{"uv":[16,3,15,4.5],"texture":"#0"},"south":{"uv":[15,0,13.5,1.5],"texture":"#0"},"west":{"uv":[16,3,15,4.5],"texture":"#0"},"up":{"uv":[15,1.5,13.5,2.5],"rotation":270,"texture":"#0"},"down":{"uv":[15,2.5,13.5,3.5],"rotation":90,"texture":"#0"}}},{"from":[0.7542,17.75,6.30242],"to":[2.7542,20.75,8.30242],"rotation":{"angle":45,"axis":"y","origin":[9.29926,5.45,8]},"faces":{"north":{"uv":[11.5,8,12.5,9.5],"texture":"#0"},"east":{"uv":[12,11.5,13,13],"texture":"#0"},"south":{"uv":[12.5,8,11.5,9.5],"texture":"#0"},"west":{"uv":[11,10.5,12,12],"texture":"#0"},"up":{"uv":[13,11.5,12,10.5],"rotation":270,"texture":"#0"}}},{"from":[11.84432,15.75,6.30242],"to":[17.84432,17.75,8.30242],"rotation":{"angle":-45,"axis":"y","origin":[9.29926,5.45,8]},"faces":{"north":{"uv":[13.5,2,10.5,3],"texture":"#0"},"east":{"uv":[13,5,12,6],"texture":"#0"},"south":{"uv":[10.5,2,13.5,3],"texture":"#0"},"up":{"uv":[10,10.5,9,13.5],"rotation":270,"texture":"#0"},"down":{"uv":[11,13.5,10,10.5],"rotation":90,"texture":"#0"}}},{"from":[15.84432,17.75,6.30242],"to":[17.84432,20.75,8.30242],"rotation":{"angle":-45,"axis":"y","origin":[9.29926,5.45,8]},"faces":{"north":{"uv":[12.5,8,11.5,9.5],"texture":"#0"},"east":{"uv":[12,10.5,11,12],"texture":"#0"},"south":{"uv":[11.5,8,12.5,9.5],"texture":"#0"},"west":{"uv":[13,11.5,12,13],"texture":"#0"},"up":{"uv":[13,10.5,12,11.5],"rotation":270,"texture":"#0"}}},{"from":[5.32457,3.01048,4.29926],"to":[10.32457,5.01048,6.29926],"rotation":{"angle":-45,"axis":"z","origin":[9.29926,5.45,8]},"faces":{"north":{"uv":[13,3,10.5,4],"texture":"#0"},"south":{"uv":[10.5,3,13,4],"texture":"#0"},"west":{"uv":[11,12,12,13],"texture":"#0"},"up":{"uv":[12,6.5,11,4],"rotation":270,"texture":"#0"},"down":{"uv":[6,11,5,13.5],"rotation":90,"texture":"#0"}}},{"from":[8.27396,3.01048,4.29926],"to":[13.27396,5.01048,6.29926],"rotation":{"angle":45,"axis":"z","origin":[9.29926,5.45,8]},"faces":{"north":{"uv":[10.5,3,13,4],"texture":"#0"},"east":{"uv":[12,12,11,13],"texture":"#0"},"south":{"uv":[13,3,10.5,4],"texture":"#0"},"up":{"uv":[12,4,11,6.5],"rotation":270,"texture":"#0"},"down":{"uv":[6,13.5,5,11],"rotation":90,"texture":"#0"}}},{"from":[1.4131,13.9,6.97843],"to":[6.4131,24.9,7.02843],"shade":false,"rotation":{"angle":22.5,"axis":"y","origin":[9.29926,5.45,8]},"faces":{"north":{"uv":[5,1,10,12],"texture":"#1"},"south":{"uv":[10,1,5,12],"texture":"#1"}}},{"from":[12.18542,13.9,6.97843],"to":[17.18542,24.9,7.02843],"shade":false,"rotation":{"angle":-22.5,"axis":"y","origin":[9.29926,5.45,8]},"faces":{"north":{"uv":[10,1,5,12],"texture":"#1"},"south":{"uv":[5,1,10,12],"texture":"#1"}}},{"from":[9.29926,-6.9,4.39926],"to":[9.34926,2.1,7.39926],"rotation":{"angle":0,"axis":"y","origin":[9.29926,5.45,8]},"faces":{"east":{"uv":[14.5,4.5,13,9],"texture":"#0"},"west":{"uv":[13,4.5,14.5,9],"texture":"#0"}}},{"from":[12.79926,7.92184,8.4293],"to":[5.79926,0.92184,1.4293],"shade":false,"rotation":{"angle":45,"axis":"x","origin":[9.29926,5.45,8]},"faces":{"north":{"uv":[13,14.5,14.5,16],"texture":"#0"},"east":{"uv":[13,14.5,14.5,16],"texture":"#0"},"south":{"uv":[13,14.5,14.5,16],"texture":"#0"},"west":{"uv":[13,14.5,14.5,16],"texture":"#0"},"up":{"uv":[13,14.5,14.5,16],"rotation":270,"texture":"#0"},"down":{"uv":[13,14.5,14.5,16],"rotation":90,"texture":"#0"}}},{"from":[12.04926,7.17184,7.6793],"to":[6.54926,1.67184,2.1793],"shade":false,"rotation":{"angle":45,"axis":"x","origin":[9.29926,5.45,8]},"faces":{"north":{"uv":[14.5,14.5,16,16],"texture":"#0"},"east":{"uv":[14.5,14.5,16,16],"texture":"#0"},"south":{"uv":[14.5,14.5,16,16],"texture":"#0"},"west":{"uv":[14.5,14.5,16,16],"texture":"#0"},"up":{"uv":[14.5,14.5,16,16],"rotation":270,"texture":"#0"},"down":{"uv":[14.5,14.5,16,16],"rotation":90,"texture":"#0"}}},{"from":[7.29926,2.42184,2.9293],"to":[11.29926,6.42184,6.9293],"shade":false,"rotation":{"angle":45,"axis":"x","origin":[9.29926,5.45,8]},"faces":{"north":{"uv":[3,7.5,5,9.5],"texture":"#0"},"east":{"uv":[7,7,9,9],"texture":"#0"},"south":{"uv":[5,7.5,7,9.5],"texture":"#0"},"west":{"uv":[7,7,9,9],"rotation":270,"texture":"#0"},"up":{"uv":[9,11,7,9],"rotation":270,"texture":"#0"},"down":{"uv":[11,7,9,9],"rotation":90,"texture":"#0"}}}],"gui_light":"front","display":{"thirdperson_righthand":{"translation":[0,8.25,1.75],"scale":[0.725,0.725,0.725]},"thirdperson_lefthand":{"translation":[0,8.25,1.75],"scale":[0.725,0.725,0.725]},"firstperson_righthand":{"rotation":[0,17,0],"translation":[7.25,5.5,-9.25]},"firstperson_lefthand":{"rotation":[0,17,0],"translation":[7.25,5.5,-9.25]},"ground":{"rotation":[0,0,84],"translation":[-3.75,0,0],"scale":[0.57422,0.57422,0.57422]},"gui":{"rotation":[-115,45,107],"translation":[-2.25,0.5,0],"scale":[0.4668,0.4668,0.4668]},"head":{"rotation":[90,137,90],"translation":[7.5,11,0],"scale":[0.76953,0.76953,0.76953]},"fixed":{"translation":[0,4.25,-6.5],"scale":[1.2832,1.2832,1.2832]}}}