{"credit":"by w11shes","textures":{"0":"elitecreatures:goblin_assortment/wooden_mace","particle":"elitecreatures:goblin_assortment/wooden_mace"},"elements":[{"from":[6,-16,6],"to":[10,-13,10],"faces":{"north":{"uv":[4,7,6,8.5],"texture":"#0"},"east":{"uv":[4,7,6,8.5],"texture":"#0"},"south":{"uv":[4,7,6,8.5],"texture":"#0"},"west":{"uv":[4,7,6,8.5],"texture":"#0"},"up":{"uv":[2,9,0,7],"texture":"#0"},"down":{"uv":[4,7,2,9],"texture":"#0"}}},{"from":[7,-13,7],"to":[9,-3,9],"faces":{"north":{"uv":[6,6.5,7,11.5],"texture":"#0"},"east":{"uv":[6,6.5,7,11.5],"texture":"#0"},"south":{"uv":[6,6.5,7,11.5],"texture":"#0"},"west":{"uv":[6,6.5,7,11.5],"texture":"#0"}}},{"from":[5.5,-3,5.5],"to":[10.5,11,10.5],"faces":{"north":{"uv":[0,0,2.5,7],"texture":"#0"},"east":{"uv":[0,0,2.5,7],"texture":"#0"},"south":{"uv":[0,0,2.5,7],"texture":"#0"},"west":{"uv":[0,0,2.5,7],"texture":"#0"},"up":{"uv":[8.5,2.5,6,0],"texture":"#0"},"down":{"uv":[8.5,2.5,6,5],"texture":"#0"}}},{"from":[4.5,6,4.5],"to":[11.5,9,11.5],"rotation":{"angle":0,"axis":"y","origin":[0,-1,0]},"faces":{"north":{"uv":[6,5,9.5,6.5],"texture":"#0"},"east":{"uv":[6,5,9.5,6.5],"texture":"#0"},"south":{"uv":[6,5,9.5,6.5],"texture":"#0"},"west":{"uv":[6,5,9.5,6.5],"texture":"#0"},"up":{"uv":[6,3.5,2.5,0],"texture":"#0"},"down":{"uv":[6,3.5,2.5,7],"texture":"#0"}}},{"from":[0.5,6,8],"to":[4.5,9,8.05],"rotation":{"angle":0,"axis":"y","origin":[0,-1,0]},"faces":{"north":{"uv":[7,6.5,9,8],"texture":"#0"},"south":{"uv":[9,6.5,7,8],"texture":"#0"}}},{"from":[11.5,6,8],"to":[15.5,9,8.05],"rotation":{"angle":0,"axis":"y","origin":[16,-1,0]},"faces":{"north":{"uv":[9,6.5,7,8],"texture":"#0"},"south":{"uv":[7,6.5,9,8],"texture":"#0"}}},{"from":[7.95,6,11.5],"to":[8,9,15.5],"rotation":{"angle":0,"axis":"y","origin":[16,-1,0]},"faces":{"east":{"uv":[9,6.5,7,8],"texture":"#0"},"west":{"uv":[7,6.5,9,8],"texture":"#0"}}},{"from":[7.95,6,0.5],"to":[8,9,4.5],"rotation":{"angle":0,"axis":"y","origin":[16,-1,-16]},"faces":{"east":{"uv":[7,6.5,9,8],"texture":"#0"},"west":{"uv":[9,6.5,7,8],"texture":"#0"}}},{"from":[7.95,0,0.5],"to":[8,3,4.5],"rotation":{"angle":0,"axis":"y","origin":[16,-7,-16]},"faces":{"east":{"uv":[7,6.5,9,8],"texture":"#0"},"west":{"uv":[9,6.5,7,8],"texture":"#0"}}},{"from":[11.5,0,8],"to":[15.5,3,8.05],"rotation":{"angle":0,"axis":"y","origin":[16,-7,0]},"faces":{"north":{"uv":[9,6.5,7,8],"texture":"#0"},"south":{"uv":[7,6.5,9,8],"texture":"#0"}}},{"from":[7.95,0,11.5],"to":[8,3,15.5],"rotation":{"angle":0,"axis":"y","origin":[16,-7,0]},"faces":{"east":{"uv":[9,6.5,7,8],"texture":"#0"},"west":{"uv":[7,6.5,9,8],"texture":"#0"}}},{"from":[0.5,0,8],"to":[4.5,3,8.05],"rotation":{"angle":0,"axis":"y","origin":[0,-7,0]},"faces":{"north":{"uv":[7,6.5,9,8],"texture":"#0"},"south":{"uv":[9,6.5,7,8],"texture":"#0"}}},{"from":[4.5,0,4.5],"to":[11.5,3,11.5],"rotation":{"angle":0,"axis":"y","origin":[0,-7,0]},"faces":{"north":{"uv":[6,5,9.5,6.5],"texture":"#0"},"east":{"uv":[6,5,9.5,6.5],"texture":"#0"},"south":{"uv":[6,5,9.5,6.5],"texture":"#0"},"west":{"uv":[6,5,9.5,6.5],"texture":"#0"},"up":{"uv":[6,3.5,2.5,0],"texture":"#0"},"down":{"uv":[6,3.5,2.5,7],"texture":"#0"}}},{"from":[8,11,6.5],"to":[8.05,16,9.5],"rotation":{"angle":-45,"axis":"y","origin":[8.025,13.5,8]},"faces":{"east":{"uv":[8.5,0,10,2.5],"texture":"#0"},"west":{"uv":[8.5,0,10,2.5],"texture":"#0"}}},{"from":[8,11,6.5],"to":[8.05,16,9.5],"rotation":{"angle":45,"axis":"y","origin":[8.025,13.5,8]},"faces":{"east":{"uv":[8.5,0,10,2.5],"texture":"#0"},"west":{"uv":[8.5,0,10,2.5],"texture":"#0"}}}],"gui_light":"front","display":{"thirdperson_righthand":{"translation":[0,10,1.75],"scale":[0.725,0.725,0.725]},"thirdperson_lefthand":{"translation":[0,10,1.75],"scale":[0.725,0.725,0.725]},"firstperson_righthand":{"rotation":[-3.06,16.74,10.45],"translation":[3.5,10.5,-7.75],"scale":[1.06641,1.06641,1.06641]},"firstperson_lefthand":{"rotation":[-3.06,16.74,10.45],"translation":[3.5,10.5,-7.75],"scale":[1.06641,1.06641,1.06641]},"ground":{"rotation":[0,0,84],"translation":[-3.75,0,0],"scale":[0.57422,0.57422,0.57422]},"gui":{"rotation":[-55,45,77],"translation":[-3.75,3.25,0],"scale":[0.55859,0.55859,0.55859]},"head":{"rotation":[90,137,90],"translation":[2,8.25,0],"scale":[0.76953,0.76953,0.76953]},"fixed":{"rotation":[0,90,0],"translation":[0,4.25,0],"scale":[1.2832,1.2832,1.2832]}}}