{"textures":{"0":"modelengine:entity/amethystspikes"},"elements":[{"from":[6.857143,4.5714283,6.857143],"to":[9.142858,19.428572,9.142858],"rotation":{"angle":0.0,"axis":"y","origin":[6.857143,32.57143,12.571428]},"faces":{"east":{"uv":[2.25,8.75,3.25,15.25],"rotation":0,"texture":"#0","tintindex":0},"south":{"uv":[3.25,8.75,4.25,15.25],"rotation":0,"texture":"#0","tintindex":0},"north":{"uv":[8.75,0.0,9.75,6.5],"rotation":0,"texture":"#0","tintindex":0},"west":{"uv":[4.25,8.75,5.25,15.25],"rotation":0,"texture":"#0","tintindex":0},"up":{"uv":[6.25,9.75,5.25,8.75],"rotation":0,"texture":"#0","tintindex":0},"down":{"uv":[10.75,3.0,9.75,4.0],"rotation":0,"texture":"#0","tintindex":0}}}],"display":{"head":{"translation":[0.0,-6.4,0.0],"scale":[4.0,4.0,4.0]}}}