{"textures":{"0":"modelengine:entity/amethystspikes"},"elements":[{"from":[5.428571,4.285714,5.428571],"to":[10.571428,14.0,10.571428],"rotation":{"angle":0.0,"axis":"y","origin":[10.0,32.285713,9.428572]},"faces":{"east":{"uv":[6.5,4.25,8.75,8.5],"rotation":0,"texture":"#0","tintindex":0},"south":{"uv":[6.5,8.5,8.75,12.75],"rotation":0,"texture":"#0","tintindex":0},"north":{"uv":[6.5,0.0,8.75,4.25],"rotation":0,"texture":"#0","tintindex":0},"west":{"uv":[0.0,8.75,2.25,13.0],"rotation":0,"texture":"#0","tintindex":0},"up":{"uv":[11.0,8.75,8.75,6.5],"rotation":0,"texture":"#0","tintindex":0},"down":{"uv":[11.0,8.75,8.75,11.0],"rotation":0,"texture":"#0","tintindex":0}}}],"display":{"head":{"translation":[0.0,-6.4,0.0],"scale":[4.0,4.0,4.0]}}}