{"credit":"dev_kig","texture_size":[64,64],"textures":{"0":"bee_set:beebackpack","particle":"bee_set:beebackpack"},"elements":[{"from":[1,0,0.5],"to":[15,16,8.5],"rotation":{"angle":0,"axis":"y","origin":[8,10.75,4.25]},"faces":{"north":{"uv":[3.5,8,7,12],"texture":"#0"},"east":{"uv":[8.5,0,10.75,4],"texture":"#0"},"south":{"uv":[0,8,3.5,12],"texture":"#0"},"west":{"uv":[7,8,9.25,12],"texture":"#0"},"up":{"uv":[12,6.25,8.5,4],"rotation":180,"texture":"#0"},"down":{"uv":[12.75,6.25,9.25,8.5],"rotation":180,"texture":"#0"}}},{"from":[2,16,0.5],"to":[14,17,8.5],"rotation":{"angle":0,"axis":"y","origin":[8,10.75,4.25]},"faces":{"north":{"uv":[9.375,6.375,12.625,8.375],"texture":"#0"},"east":{"uv":[2.25,0,0,4],"texture":"#0"},"south":{"uv":[9.375,7.25,12.375,7.5],"texture":"#0"},"west":{"uv":[0,0,2.25,4],"texture":"#0"},"up":{"uv":[12,6.25,8.5,4],"rotation":180,"texture":"#0"},"down":{"uv":[12.75,6.25,9.25,8.5],"rotation":180,"texture":"#0"}}},{"from":[-9,0,7.5],"to":[25,16,7.5],"rotation":{"angle":0,"axis":"y","origin":[8,10.75,4.25]},"faces":{"north":{"uv":[0,4,8.49219,8],"texture":"#0"},"east":{"uv":[0,0,0,4],"texture":"#0"},"south":{"uv":[0,4,8.49219,8],"texture":"#0"},"west":{"uv":[0,0,0,4],"texture":"#0"},"up":{"uv":[8.5,0,0,0],"rotation":180,"texture":"#0"},"down":{"uv":[8.5,0,0,0],"rotation":180,"texture":"#0"}}},{"from":[12,1,8.5],"to":[15,16,14.25],"rotation":{"angle":0,"axis":"y","origin":[8,10.75,4.25]},"faces":{"north":{"uv":[0,12,0.75,15.5],"texture":"#0"},"east":{"uv":[0.75,12,1.5,15.5],"texture":"#0"},"south":{"uv":[10.75,0,11.5,3.5],"texture":"#0"},"west":{"uv":[11.5,0,12.25,3.5],"texture":"#0"},"up":{"uv":[7.75,12.75,7,12],"rotation":180,"texture":"#0"},"down":{"uv":[8.5,12,7.75,12.75],"rotation":180,"texture":"#0"}}},{"from":[1,1,8.5],"to":[4,15.75,14],"rotation":{"angle":0,"axis":"y","origin":[8,10.75,4.25]},"faces":{"north":{"uv":[3,12,3.75,15.5],"texture":"#0"},"east":{"uv":[3.75,12,4.5,15.5],"texture":"#0"},"south":{"uv":[1.5,12,2.25,15.5],"texture":"#0"},"west":{"uv":[2.25,12,3,15.5],"texture":"#0"},"up":{"uv":[9.25,12.75,8.5,12],"rotation":180,"texture":"#0"},"down":{"uv":[10,12,9.25,12.75],"rotation":180,"texture":"#0"}}},{"from":[4,1,8.5],"to":[1,15.75,14],"rotation":{"angle":0,"axis":"y","origin":[8,10.75,4.25]},"faces":{"north":{"uv":[3,12,3.75,15.5],"texture":"#0"},"east":{"uv":[3.75,12,4.5,15.5],"texture":"#0"},"south":{"uv":[1.5,12,2.25,15.5],"texture":"#0"},"west":{"uv":[2.25,12,3,15.5],"texture":"#0"},"up":{"uv":[9.25,12.75,8.5,12],"rotation":180,"texture":"#0"},"down":{"uv":[10,12,9.25,12.75],"rotation":180,"texture":"#0"}}},{"from":[15,1,8.5],"to":[12,16,14.25],"rotation":{"angle":0,"axis":"y","origin":[8,10.75,4.25]},"faces":{"north":{"uv":[3,12,3.75,15.5],"texture":"#0"},"east":{"uv":[3.75,12,4.5,15.5],"texture":"#0"},"south":{"uv":[1.5,12,2.25,15.5],"texture":"#0"},"west":{"uv":[2.25,12,3,15.5],"texture":"#0"},"up":{"uv":[9.25,12.75,8.5,12],"rotation":180,"texture":"#0"},"down":{"uv":[10,12,9.25,12.75],"rotation":180,"texture":"#0"}}},{"from":[2,1,-0.5],"to":[14,8,0.5],"rotation":{"angle":0,"axis":"y","origin":[8,10.75,4.25]},"faces":{"north":{"uv":[9.25,10.25,12.25,12],"texture":"#0"},"east":{"uv":[6.5,12,7,13.75],"texture":"#0"},"south":{"uv":[9.25,8.5,12.25,10.25],"texture":"#0"},"west":{"uv":[8.5,6.25,9,8],"texture":"#0"},"up":{"uv":[13.75,4,10.75,3.5],"rotation":180,"texture":"#0"},"down":{"uv":[15,4,12,4.5],"rotation":180,"texture":"#0"}}},{"from":[4,10,-0.5],"to":[12,13,0.5],"rotation":{"angle":0,"axis":"y","origin":[8,10.75,4.25]},"faces":{"north":{"uv":[12,4.5,14,5.25],"texture":"#0"},"east":{"uv":[12.25,1.25,12.75,2],"texture":"#0"},"south":{"uv":[4.5,12,6.5,12.75],"texture":"#0"},"west":{"uv":[12.25,0.5,12.75,1.25],"texture":"#0"},"up":{"uv":[14,5.75,12,5.25],"rotation":180,"texture":"#0"},"down":{"uv":[14,5.75,12,6.25],"rotation":180,"texture":"#0"}}},{"from":[6,16,6.5],"to":[10,18,7.5],"rotation":{"angle":0,"axis":"y","origin":[8,10.75,4.25]},"faces":{"north":{"uv":[11,12,12,12.5],"texture":"#0"},"east":{"uv":[12.25,2.5,12.75,3],"texture":"#0"},"south":{"uv":[10,12,11,12.5],"texture":"#0"},"west":{"uv":[12.25,2,12.75,2.5],"texture":"#0"},"up":{"uv":[13,12.5,12,12],"rotation":180,"texture":"#0"},"down":{"uv":[13.25,0,12.25,0.5],"rotation":180,"texture":"#0"}}}],"gui_light":"front","display":{"thirdperson_righthand":{"translation":[0,0,2.75],"scale":[0.31055,0.31055,0.31055]},"thirdperson_lefthand":{"rotation":[-111.25,0.19,-176],"translation":[-5.75,-5,7.5],"scale":[0.66211,0.66211,0.66211]},"firstperson_righthand":{"scale":[0,0,0]},"firstperson_lefthand":{"scale":[0,0,0]},"ground":{"rotation":[45.07,-4.26,-10.27],"scale":[0.40234,0.40234,0.40234]},"gui":{"rotation":[-157.62,19.57,172.15],"scale":[0.51172,0.51172,0.51172]},"head":{"rotation":[0,180,0],"translation":[0,-16.5,4.25],"scale":[0.94727,0.94727,0.94727]},"fixed":{"translation":[0,0,-1.75]}}}