{"credit":"dev_kig","texture_size":[48,48],"textures":{"2":"bee_set:beehat","particle":"bee_set:beehammer"},"elements":[{"from":[1.76563,15,1.84375],"to":[14.23438,20,14.15625],"rotation":{"angle":0,"axis":"y","origin":[4.65094,20.51563,4.73586]},"faces":{"north":{"uv":[4,4,8,5.66667],"texture":"#2"},"east":{"uv":[4,5.66667,8,7.33333],"texture":"#2"},"south":{"uv":[4,7.33333,8,9],"texture":"#2"},"west":{"uv":[0,8,4,9.66667],"texture":"#2"},"up":{"uv":[4,4,0,0],"texture":"#2"},"down":{"uv":[4,4,0,8],"texture":"#2"}}},{"from":[2.79688,17.03125,1.46875],"to":[4.79688,19.03125,1.78125],"rotation":{"angle":0,"axis":"y","origin":[3.76563,18,7]},"faces":{"north":{"uv":[10.01042,3.99522,11.33174,5.33395],"texture":"#particle"},"east":{"uv":[11.41189,9.52218,12.00404,10.23591],"texture":"#particle"},"south":{"uv":[6.77647,1.50588,9.03529,2.88627],"texture":"#missing"},"west":{"uv":[11.41189,9.52218,12.00404,10.23591],"texture":"#particle"},"up":{"uv":[11.41189,9.52218,12.00404,10.23591],"texture":"#particle"},"down":{"uv":[11.41189,9.52218,12.00404,10.23591],"texture":"#particle"}}},{"from":[7,20,7],"to":[9,21,9],"rotation":{"angle":0,"axis":"y","origin":[4.41657,20.51563,4.89211]},"faces":{"north":{"uv":[10,0.66667,10.66667,1],"texture":"#2"},"east":{"uv":[10,1,10.66667,1.33333],"texture":"#2"},"south":{"uv":[10,1.33333,10.66667,1.66667],"texture":"#2"},"west":{"uv":[10,1.66667,10.66667,2],"texture":"#2"},"up":{"uv":[9,7,8.33333,6.33333],"texture":"#2"},"down":{"uv":[9,7,8.33333,7.66667],"texture":"#2"}}},{"from":[4.53125,24,-1],"to":[6.53125,26,1],"rotation":{"angle":0,"axis":"y","origin":[4.41657,20.51563,4.89211]},"faces":{"north":{"uv":[8.33333,7.66667,9,8.33333],"texture":"#2"},"east":{"uv":[8.33333,8.33333,9,9],"texture":"#2"},"south":{"uv":[8.66667,1.33333,9.33333,2],"texture":"#2"},"west":{"uv":[8.66667,2,9.33333,2.66667],"texture":"#2"},"up":{"uv":[9.33333,3.33333,8.66667,2.66667],"texture":"#2"},"down":{"uv":[9.33333,3.33333,8.66667,4],"texture":"#2"}}},{"from":[9.46875,24,-1],"to":[11.46875,26,1],"rotation":{"angle":0,"axis":"y","origin":[11.58343,20.51563,4.89211]},"faces":{"north":{"uv":[0.66667,9.66667,1.33333,10.33333],"texture":"#2"},"east":{"uv":[1.33333,9.66667,2,10.33333],"texture":"#2"},"south":{"uv":[2,9.66667,2.66667,10.33333],"texture":"#2"},"west":{"uv":[2.66667,9.66667,3.33333,10.33333],"texture":"#2"},"up":{"uv":[4,10.33333,3.33333,9.66667],"texture":"#2"},"down":{"uv":[4.66667,9.66667,4,10.33333],"texture":"#2"}}},{"from":[5,19.1875,4],"to":[6,24,5],"rotation":{"angle":-22.5,"axis":"x","origin":[8,22,4.5]},"faces":{"north":{"uv":[8,1.33333,8.33333,3],"texture":"#2"},"east":{"uv":[8,3,8.33333,4.66667],"texture":"#2"},"south":{"uv":[8,4.66667,8.33333,6.33333],"texture":"#2"},"west":{"uv":[8,6.33333,8.33333,8],"texture":"#2"},"up":{"uv":[9,6.33333,8.66667,6],"texture":"#2"},"down":{"uv":[10.33333,2,10,2.33333],"texture":"#2"}}},{"from":[10,19.1875,4],"to":[11,24,5],"rotation":{"angle":-22.5,"axis":"x","origin":[8,22,4.5]},"faces":{"north":{"uv":[8,8,8.33333,9.66667],"texture":"#2"},"east":{"uv":[8.33333,1.33333,8.66667,3],"texture":"#2"},"south":{"uv":[8.33333,3,8.66667,4.66667],"texture":"#2"},"west":{"uv":[8.33333,4.66667,8.66667,6.33333],"texture":"#2"},"up":{"uv":[10.33333,2.66667,10,2.33333],"texture":"#2"},"down":{"uv":[10.33333,2.66667,10,3],"texture":"#2"}}},{"from":[10,21.69867,-1.06462],"to":[11,22.69867,2.93538],"rotation":{"angle":22.5,"axis":"x","origin":[8,20.19867,6.93538]},"faces":{"north":{"uv":[10,3,10.33333,3.33333],"texture":"#2"},"east":{"uv":[4.66667,9.66667,6,10],"texture":"#2"},"south":{"uv":[10,3.33333,10.33333,3.66667],"texture":"#2"},"west":{"uv":[6,9.66667,7.33333,10],"texture":"#2"},"up":{"uv":[10,7.33333,9.66667,6],"texture":"#2"},"down":{"uv":[7.66667,9.66667,7.33333,11],"texture":"#2"}}},{"from":[5,21.69867,-1.06462],"to":[6,22.69867,2.93538],"rotation":{"angle":22.5,"axis":"x","origin":[8,20.19867,6.93538]},"faces":{"north":{"uv":[10,3.66667,10.33333,4],"texture":"#2"},"east":{"uv":[9.66667,7.33333,11,7.66667],"texture":"#2"},"south":{"uv":[10,4,10.33333,4.33333],"texture":"#2"},"west":{"uv":[7.66667,9.66667,9,10],"texture":"#2"},"up":{"uv":[10,9,9.66667,7.66667],"texture":"#2"},"down":{"uv":[10,9,9.66667,10.33333],"texture":"#2"}}},{"from":[2,14,-4.125],"to":[14,15,1.875],"rotation":{"angle":0,"axis":"y","origin":[4.41657,20.51563,4.89211]},"faces":{"north":{"uv":[8,0,12,0.33333],"texture":"#2"},"east":{"uv":[8,0.66667,10,1],"texture":"#2"},"south":{"uv":[8,0.33333,12,0.66667],"texture":"#2"},"west":{"uv":[8,1,10,1.33333],"texture":"#2"},"up":{"uv":[8,2,4,0],"texture":"#2"},"down":{"uv":[8,2,4,4],"texture":"#2"}}},{"from":[14,14,-4.125],"to":[2,15,1.875],"rotation":{"angle":0,"axis":"y","origin":[4.41657,20.51563,4.89211]},"faces":{"north":{"uv":[8,0,12,0.33333],"texture":"#2"},"east":{"uv":[8,0.66667,10,1],"texture":"#2"},"south":{"uv":[8,0.33333,12,0.66667],"texture":"#2"},"west":{"uv":[8,1,10,1.33333],"texture":"#2"},"up":{"uv":[8,2,4,0],"texture":"#2"},"down":{"uv":[8,2,4,4],"texture":"#2"}}},{"from":[-2.57324,18.74,4.93116],"to":[1.77876,18.74,9.28316],"rotation":{"angle":-22.5,"axis":"z","origin":[1.60276,18.74,7.10716]},"faces":{"north":{"uv":[0,0,4.01569,0],"texture":"#particle"},"east":{"uv":[0,0,1.33856,0],"texture":"#particle"},"south":{"uv":[0,0,4.01569,0],"texture":"#particle"},"west":{"uv":[0,0,1.33856,0],"texture":"#particle"},"up":{"uv":[0,6.66156,1.67321,5.33341],"texture":"#particle"},"down":{"uv":[0,5.33341,1.67321,6.66156],"texture":"#particle"}}},{"from":[14.22124,18.74,4.93116],"to":[18.57324,18.74,9.28316],"rotation":{"angle":22.5,"axis":"z","origin":[14.39724,18.74,7.10716]},"faces":{"north":{"uv":[4.01569,0,0,0],"texture":"#particle"},"east":{"uv":[1.33856,0,0,0],"texture":"#particle"},"south":{"uv":[4.01569,0,0,0],"texture":"#particle"},"west":{"uv":[1.33856,0,0,0],"texture":"#particle"},"up":{"uv":[1.67321,6.66156,0,5.33341],"texture":"#particle"},"down":{"uv":[1.67321,5.33341,0,6.66156],"texture":"#particle"}}}],"gui_light":"front","display":{"thirdperson_righthand":{"rotation":[-5.06,-1.7,1.02],"translation":[0,-2,1.25],"scale":[0.27344,0.27344,0.27344]},"thirdperson_lefthand":{"rotation":[-5.06,-1.7,1.02],"translation":[0,-2,1.25],"scale":[0.27344,0.27344,0.27344]},"firstperson_righthand":{"rotation":[0,14,0],"translation":[2.5,-5.75,0],"scale":[0.57617,0.57617,0.57617]},"firstperson_lefthand":{"rotation":[0,14,0],"translation":[2.5,-5.75,0],"scale":[0.57617,0.57617,0.57617]},"ground":{"translation":[0,-4.25,0]},"gui":{"rotation":[33.69,132,15.48],"translation":[0.75,-3.25,0],"scale":[0.5918,0.5918,0.5918]},"head":{"translation":[0,-5.25,0],"scale":[1.1543,1.1543,1.1543]},"fixed":{"translation":[0.25,-9.25,-0.25]}}}