{"textures":{"0":"modelengine:entity/toro_rabbit","1":"modelengine:entity/rabbit_nest","2":"modelengine:entity/easter_egg1","3":"modelengine:entity/easter_egg2","4":"modelengine:entity/easter_egg3"},"elements":[{"name":"cube","from":[4.967,4.2200003,7.040001],"to":[9.431,12.62,9.68],"rotation":{"angle":0.0,"axis":"x","origin":[10.007,-7.3,18.080002]},"faces":{"down":{"uv":[12.0625,9.3125,11.625,9.5625],"rotation":0,"texture":"#0","tintindex":0},"east":{"uv":[10.5,7.1875,10.75,8.0625],"rotation":0,"texture":"#0","tintindex":0},"north":{"uv":[6.25,0.0,6.6875,0.875],"rotation":0,"texture":"#0","tintindex":0},"south":{"uv":[6.6875,2.5,7.125,3.375],"rotation":0,"texture":"#0","tintindex":0},"up":{"uv":[6.6875,1.125,6.25,0.875],"rotation":0,"texture":"#0","tintindex":0},"west":{"uv":[5.375,11.3125,5.625,12.1875],"rotation":0,"texture":"#0","tintindex":0}}},{"name":"cube","from":[5.903,12.62,7.040001],"to":[9.239,17.54,9.080001],"rotation":{"angle":0.0,"axis":"x","origin":[10.007,-7.3,18.080002]},"faces":{"down":{"uv":[8.8125,4.125,8.4375,4.3125],"rotation":0,"texture":"#0","tintindex":0},"east":{"uv":[6.5625,8.9375,6.75,9.4375],"rotation":0,"texture":"#0","tintindex":0},"north":{"uv":[3.4375,4.125,3.8125,4.625],"rotation":0,"texture":"#0","tintindex":0},"south":{"uv":[6.1875,9.8125,6.5625,10.3125],"rotation":0,"texture":"#0","tintindex":0},"up":{"uv":[7.875,6.875,7.5,6.6875],"rotation":0,"texture":"#0","tintindex":0},"west":{"uv":[9.8125,8.0625,10.0,8.5625],"rotation":0,"texture":"#0","tintindex":0}}},{"name":"cube","from":[6.863,17.42,7.16],"to":[8.999001,19.82,8.6],"rotation":{"angle":0.0,"axis":"x","origin":[10.007,-7.3,18.080002]},"faces":{"down":{"uv":[5.5625,3.375,5.3125,3.5],"rotation":0,"texture":"#0","tintindex":0},"east":{"uv":[3.3125,5.25,3.4375,5.5],"rotation":0,"texture":"#0","tintindex":0},"north":{"uv":[10.5,4.5625,10.75,4.8125],"rotation":0,"texture":"#0","tintindex":0},"south":{"uv":[11.625,0.5,11.875,0.75],"rotation":0,"texture":"#0","tintindex":0},"up":{"uv":[5.3125,3.5,5.0625,3.375],"rotation":0,"texture":"#0","tintindex":0},"west":{"uv":[3.3125,5.5,3.4375,5.75],"rotation":0,"texture":"#0","tintindex":0}}}],"display":{"head":{"translation":[0.0,-6.4,0.0],"rotation":[0.0,0.0,0.0],"scale":[3.8095,3.8095,3.8095]}}}