{"textures":{"0":"modelengine:entity/toro_rabbit","1":"modelengine:entity/rabbit_nest","2":"modelengine:entity/easter_egg1","3":"modelengine:entity/easter_egg2","4":"modelengine:entity/easter_egg3"},"elements":[{"name":"cube","from":[5.7411766,4.25,8.15],"to":[10.541177,8.45,18.95],"rotation":{"angle":22.5,"axis":"x","origin":[10.541177,12.2,11.900001]},"faces":{"down":{"uv":[1.5625,10.4375,1.0625,11.5625],"rotation":0,"texture":"#0","tintindex":0},"east":{"uv":[10.8125,10.5,11.9375,10.9375],"rotation":0,"texture":"#0","tintindex":0},"north":{"uv":[2.125,6.5625,2.625,7.0],"rotation":0,"texture":"#0","tintindex":0},"south":{"uv":[2.75,11.75,3.25,12.1875],"rotation":0,"texture":"#0","tintindex":0},"up":{"uv":[1.0625,11.5625,0.5625,10.4375],"rotation":0,"texture":"#0","tintindex":0},"west":{"uv":[10.875,1.375,12.0,1.8125],"rotation":0,"texture":"#0","tintindex":0}}},{"name":"cube","from":[4.5411763,6.6499996,10.25],"to":[9.341177,10.85,17.6],"rotation":{"angle":45.0,"axis":"x","origin":[10.541177,12.2,11.900001]},"faces":{"down":{"uv":[5.375,11.3125,4.875,12.0625],"rotation":0,"texture":"#0","tintindex":0},"east":{"uv":[0.4375,11.5625,1.1875,12.0],"rotation":0,"texture":"#0","tintindex":0},"north":{"uv":[9.875,11.75,10.375,12.1875],"rotation":0,"texture":"#0","tintindex":0},"south":{"uv":[11.875,5.9375,12.375,6.375],"rotation":0,"texture":"#0","tintindex":0},"up":{"uv":[11.6875,4.5625,11.1875,3.8125],"rotation":0,"texture":"#0","tintindex":0},"west":{"uv":[1.1875,11.5625,1.9375,12.0],"rotation":0,"texture":"#0","tintindex":0}}}],"display":{"head":{"translation":[0.0,-6.4,0.0],"rotation":[0.0,0.0,0.0],"scale":[3.8095,3.8095,3.8095]}}}