{"credit":"MadewithBlockbench","texture_size":[256,256],"textures":{"0":"elitecreatures:medieval_market_decoration_v1/medeivalmarket_02","particle":"elitecreatures:medieval_market_decoration_v1/medeivalmarket_02"},"elements":[{"from":[1.5,0,1.5],"to":[14.5,14,14.5],"rotation":{"angle":0,"axis":"y","origin":[12,-16,22]},"faces":{"north":{"uv":[7.5,0,8.3125,0.875],"rotation":180,"texture":"#0"},"east":{"uv":[7.5,0,8.3125,0.875],"rotation":180,"texture":"#0"},"south":{"uv":[8.3125,0,7.5,0.875],"rotation":180,"texture":"#0"},"west":{"uv":[7.5,0,8.3125,0.875],"rotation":180,"texture":"#0"},"up":{"uv":[9.625,5.71875,10.4375,6.53125],"texture":"#0"},"down":{"uv":[8.375,0,9.1875,0.8125],"texture":"#0"}}},{"from":[8,11,6],"to":[12,20,7],"rotation":{"angle":22.5,"axis":"x","origin":[4,1,6]},"faces":{"north":{"uv":[8.5,5.96875,8.75,6.53125],"texture":"#0"},"east":{"uv":[8.75,5.96875,8.8125,6.53125],"texture":"#0"},"south":{"uv":[8.5,5.96875,8.75,6.53125],"texture":"#0"},"west":{"uv":[8.75,5.96875,8.8125,6.53125],"texture":"#0"},"up":{"uv":[8.75,6.53125,8.5,6.59375],"texture":"#0"},"down":{"uv":[8.75,6.53125,8.5,6.59375],"texture":"#0"}}},{"from":[7,20,6.3],"to":[13,22,8.3],"rotation":{"angle":22.5,"axis":"x","origin":[4,3,6]},"faces":{"north":{"uv":[8.8125,5.96875,9.1875,6.09375],"texture":"#0"},"east":{"uv":[9.1875,5.96875,9.3125,6.09375],"texture":"#0"},"south":{"uv":[8.8125,5.96875,9.1875,6.09375],"texture":"#0"},"west":{"uv":[9.1875,5.96875,9.3125,6.09375],"texture":"#0"},"up":{"uv":[9.1875,6.21875,8.8125,6.09375],"texture":"#0"},"down":{"uv":[9.1875,6.21875,8.8125,6.09375],"texture":"#0"}}},{"from":[9.5,22,6.8],"to":[10.5,25,7.8],"rotation":{"angle":22.5,"axis":"x","origin":[4,3,6]},"faces":{"north":{"uv":[8.4375,6.40625,8.5,6.59375],"texture":"#0"},"east":{"uv":[8.4375,6.40625,8.5,6.59375],"texture":"#0"},"south":{"uv":[8.4375,6.40625,8.5,6.59375],"texture":"#0"},"west":{"uv":[8.4375,6.40625,8.5,6.59375],"texture":"#0"},"up":{"uv":[8.5,6.40625,8.4375,6.34375],"texture":"#0"},"down":{"uv":[8.5,6.40625,8.4375,6.34375],"texture":"#0"}}},{"from":[9,25,6.3],"to":[11,27,8.3],"rotation":{"angle":22.5,"axis":"x","origin":[4,3,6]},"faces":{"north":{"uv":[8.8125,6.21875,8.9375,6.34375],"texture":"#0"},"east":{"uv":[8.8125,6.21875,8.9375,6.34375],"texture":"#0"},"south":{"uv":[8.8125,6.21875,8.9375,6.34375],"texture":"#0"},"west":{"uv":[8.8125,6.21875,8.9375,6.34375],"texture":"#0"},"up":{"uv":[8.8125,6.21875,8.9375,6.34375],"texture":"#0"},"down":{"uv":[8.8125,6.21875,8.9375,6.34375],"texture":"#0"}}},{"from":[11.5,21,5],"to":[13.5,23,7],"rotation":{"angle":0,"axis":"y","origin":[4,3,6]},"faces":{"north":{"uv":[8.8125,6.21875,8.9375,6.34375],"texture":"#0"},"east":{"uv":[8.8125,6.21875,8.9375,6.34375],"texture":"#0"},"south":{"uv":[8.8125,6.21875,8.9375,6.34375],"texture":"#0"},"west":{"uv":[8.8125,6.21875,8.9375,6.34375],"texture":"#0"},"up":{"uv":[8.8125,6.21875,8.9375,6.34375],"rotation":90,"texture":"#0"},"down":{"uv":[8.8125,6.21875,8.9375,6.34375],"rotation":270,"texture":"#0"}}},{"from":[11.5,16,3],"to":[13.5,18,9],"rotation":{"angle":0,"axis":"y","origin":[4,3,6]},"faces":{"north":{"uv":[9.1875,5.96875,9.3125,6.09375],"texture":"#0"},"east":{"uv":[8.8125,5.96875,9.1875,6.09375],"texture":"#0"},"south":{"uv":[9.1875,5.96875,9.3125,6.09375],"texture":"#0"},"west":{"uv":[8.8125,5.96875,9.1875,6.09375],"texture":"#0"},"up":{"uv":[9.1875,6.21875,8.8125,6.09375],"rotation":90,"texture":"#0"},"down":{"uv":[9.1875,6.21875,8.8125,6.09375],"rotation":270,"texture":"#0"}}},{"from":[12,18,5.5],"to":[13,21,6.5],"rotation":{"angle":0,"axis":"y","origin":[4,3,6]},"faces":{"north":{"uv":[8.4375,6.40625,8.5,6.59375],"texture":"#0"},"east":{"uv":[8.4375,6.40625,8.5,6.59375],"texture":"#0"},"south":{"uv":[8.4375,6.40625,8.5,6.59375],"texture":"#0"},"west":{"uv":[8.4375,6.40625,8.5,6.59375],"texture":"#0"},"up":{"uv":[8.5,6.40625,8.4375,6.34375],"rotation":90,"texture":"#0"},"down":{"uv":[8.5,6.40625,8.4375,6.34375],"rotation":270,"texture":"#0"}}},{"from":[12,7,4],"to":[13,16,8],"rotation":{"angle":0,"axis":"y","origin":[4,1,6]},"faces":{"north":{"uv":[8.75,5.96875,8.8125,6.53125],"texture":"#0"},"east":{"uv":[8.5,5.96875,8.75,6.53125],"texture":"#0"},"south":{"uv":[8.75,5.96875,8.8125,6.53125],"texture":"#0"},"west":{"uv":[8.5,5.96875,8.75,6.53125],"texture":"#0"},"up":{"uv":[8.75,6.53125,8.5,6.59375],"rotation":90,"texture":"#0"},"down":{"uv":[8.75,6.53125,8.5,6.59375],"rotation":270,"texture":"#0"}}},{"from":[9,10,-3.7],"to":[11,12,-1.7],"rotation":{"angle":22.5,"axis":"x","origin":[4,3,6]},"faces":{"north":{"uv":[8.8125,6.21875,8.9375,6.34375],"texture":"#0"},"east":{"uv":[8.8125,6.21875,8.9375,6.34375],"texture":"#0"},"south":{"uv":[8.8125,6.21875,8.9375,6.34375],"texture":"#0"},"west":{"uv":[8.8125,6.21875,8.9375,6.34375],"texture":"#0"},"up":{"uv":[8.8125,6.21875,8.9375,6.34375],"texture":"#0"},"down":{"uv":[8.8125,6.21875,8.9375,6.34375],"texture":"#0"}}},{"from":[9.5,7,-3.2],"to":[10.5,10,-2.2],"rotation":{"angle":22.5,"axis":"x","origin":[4,3,6]},"faces":{"north":{"uv":[8.4375,6.40625,8.5,6.59375],"texture":"#0"},"east":{"uv":[8.4375,6.40625,8.5,6.59375],"texture":"#0"},"south":{"uv":[8.4375,6.40625,8.5,6.59375],"texture":"#0"},"west":{"uv":[8.4375,6.40625,8.5,6.59375],"texture":"#0"},"up":{"uv":[8.5,6.40625,8.4375,6.34375],"texture":"#0"},"down":{"uv":[8.5,6.40625,8.4375,6.34375],"texture":"#0"}}},{"from":[7,5,-3.7],"to":[13,7,-1.7],"rotation":{"angle":22.5,"axis":"x","origin":[4,3,6]},"faces":{"north":{"uv":[8.8125,5.96875,9.1875,6.09375],"texture":"#0"},"east":{"uv":[9.1875,5.96875,9.3125,6.09375],"texture":"#0"},"south":{"uv":[8.8125,5.96875,9.1875,6.09375],"texture":"#0"},"west":{"uv":[9.1875,5.96875,9.3125,6.09375],"texture":"#0"},"up":{"uv":[9.1875,6.21875,8.8125,6.09375],"texture":"#0"},"down":{"uv":[9.1875,6.21875,8.8125,6.09375],"texture":"#0"}}},{"from":[8,-4,-4],"to":[12,5,-3],"rotation":{"angle":22.5,"axis":"x","origin":[4,1,6]},"faces":{"north":{"uv":[8.5,5.96875,8.75,6.53125],"texture":"#0"},"east":{"uv":[8.75,5.96875,8.8125,6.53125],"texture":"#0"},"south":{"uv":[8.5,5.96875,8.75,6.53125],"texture":"#0"},"west":{"uv":[8.75,5.96875,8.8125,6.53125],"texture":"#0"},"up":{"uv":[8.75,6.53125,8.5,6.59375],"texture":"#0"},"down":{"uv":[8.75,6.53125,8.5,6.59375],"texture":"#0"}}},{"from":[9,10,9],"to":[10,19,13],"rotation":{"angle":22.5,"axis":"z","origin":[4,1,6]},"faces":{"north":{"uv":[8.75,5.96875,8.8125,6.53125],"texture":"#0"},"east":{"uv":[8.5,5.96875,8.75,6.53125],"texture":"#0"},"south":{"uv":[8.75,5.96875,8.8125,6.53125],"texture":"#0"},"west":{"uv":[8.5,5.96875,8.75,6.53125],"texture":"#0"},"up":{"uv":[8.75,6.53125,8.5,6.59375],"rotation":90,"texture":"#0"},"down":{"uv":[8.75,6.53125,8.5,6.59375],"rotation":270,"texture":"#0"}}},{"from":[7.7,19,8],"to":[9.7,21,14],"rotation":{"angle":22.5,"axis":"z","origin":[4,3,6]},"faces":{"north":{"uv":[9.1875,5.96875,9.3125,6.09375],"texture":"#0"},"east":{"uv":[8.8125,5.96875,9.1875,6.09375],"texture":"#0"},"south":{"uv":[9.1875,5.96875,9.3125,6.09375],"texture":"#0"},"west":{"uv":[8.8125,5.96875,9.1875,6.09375],"texture":"#0"},"up":{"uv":[9.1875,6.21875,8.8125,6.09375],"rotation":90,"texture":"#0"},"down":{"uv":[9.1875,6.21875,8.8125,6.09375],"rotation":270,"texture":"#0"}}},{"from":[8.2,21,10.5],"to":[9.2,24,11.5],"rotation":{"angle":22.5,"axis":"z","origin":[4,3,6]},"faces":{"north":{"uv":[8.4375,6.40625,8.5,6.59375],"texture":"#0"},"east":{"uv":[8.4375,6.40625,8.5,6.59375],"texture":"#0"},"south":{"uv":[8.4375,6.40625,8.5,6.59375],"texture":"#0"},"west":{"uv":[8.4375,6.40625,8.5,6.59375],"texture":"#0"},"up":{"uv":[8.5,6.40625,8.4375,6.34375],"rotation":90,"texture":"#0"},"down":{"uv":[8.5,6.40625,8.4375,6.34375],"rotation":270,"texture":"#0"}}},{"from":[7.7,24,10],"to":[9.7,26,12],"rotation":{"angle":22.5,"axis":"z","origin":[4,3,6]},"faces":{"north":{"uv":[8.8125,6.21875,8.9375,6.34375],"texture":"#0"},"east":{"uv":[8.8125,6.21875,8.9375,6.34375],"texture":"#0"},"south":{"uv":[8.8125,6.21875,8.9375,6.34375],"texture":"#0"},"west":{"uv":[8.8125,6.21875,8.9375,6.34375],"texture":"#0"},"up":{"uv":[8.8125,6.21875,8.9375,6.34375],"rotation":90,"texture":"#0"},"down":{"uv":[8.8125,6.21875,8.9375,6.34375],"rotation":270,"texture":"#0"}}},{"from":[12.5,14,1.5],"to":[14.5,16,14.5],"rotation":{"angle":0,"axis":"y","origin":[12,-16,22]},"faces":{"north":{"uv":[7.65625,0.875,7.53125,1],"rotation":180,"texture":"#0"},"east":{"uv":[7.5,0.125,8.3125,0],"rotation":180,"texture":"#0"},"south":{"uv":[7.53125,0.875,7.65625,1],"rotation":180,"texture":"#0"},"west":{"uv":[7.5,0.125,8.3125,0],"rotation":180,"texture":"#0"},"up":{"uv":[8.5,0,8.375,0.8125],"texture":"#0"},"down":{"uv":[8.375,0,8.5,0.8125],"texture":"#0"}}},{"from":[3.5,14,1.5],"to":[12.5,16,3.5],"rotation":{"angle":0,"axis":"y","origin":[12,-16,22]},"faces":{"north":{"uv":[8.21875,0.875,7.65625,1],"rotation":180,"texture":"#0"},"east":{"uv":[7.625,0,7.5,0.125],"rotation":180,"texture":"#0"},"south":{"uv":[8.21875,1,7.65625,0.875],"rotation":180,"texture":"#0"},"west":{"uv":[7.625,0,7.5,0.125],"rotation":180,"texture":"#0"},"up":{"uv":[8.46875,0,9.03125,0.125],"texture":"#0"},"down":{"uv":[8.9375,0,8.375,0.125],"texture":"#0"}}},{"from":[1.5,14,1.5],"to":[3.5,16,14.5],"rotation":{"angle":0,"axis":"y","origin":[12,-16,22]},"faces":{"north":{"uv":[7.53125,0.875,7.65625,1],"rotation":180,"texture":"#0"},"east":{"uv":[8.3125,0.125,7.5,0],"rotation":180,"texture":"#0"},"south":{"uv":[7.65625,0.875,7.53125,1],"rotation":180,"texture":"#0"},"west":{"uv":[8.3125,0.125,7.5,0],"rotation":180,"texture":"#0"},"up":{"uv":[8.375,0,8.5,0.8125],"texture":"#0"},"down":{"uv":[8.5,0,8.375,0.8125],"texture":"#0"}}},{"from":[3.5,14,12.5],"to":[12.5,16,14.5],"rotation":{"angle":0,"axis":"y","origin":[12,-16,22]},"faces":{"north":{"uv":[7.65625,1,8.21875,0.875],"rotation":180,"texture":"#0"},"east":{"uv":[7.5,0,7.625,0.125],"rotation":180,"texture":"#0"},"south":{"uv":[7.65625,0.875,8.21875,1],"rotation":180,"texture":"#0"},"west":{"uv":[7.5,0,7.625,0.125],"rotation":180,"texture":"#0"},"up":{"uv":[8.46875,0.125,9.03125,0],"texture":"#0"},"down":{"uv":[8.9375,0.125,8.375,0],"texture":"#0"}}},{"from":[0.5,10.5,0.5],"to":[15.5,13.5,15.5],"rotation":{"angle":0,"axis":"y","origin":[12,-16,22]},"faces":{"north":{"uv":[7.25,1,8.1875,1.1875],"rotation":180,"texture":"#0"},"east":{"uv":[7.25,1,8.1875,1.1875],"rotation":180,"texture":"#0"},"south":{"uv":[7.25,1,8.1875,1.1875],"rotation":180,"texture":"#0"},"west":{"uv":[7.25,1,8.1875,1.1875],"rotation":180,"texture":"#0"},"up":{"uv":[9.25,0,10.1875,0.9375],"texture":"#0"},"down":{"uv":[9.25,0,10.1875,0.9375],"texture":"#0"}}},{"from":[1,3,1],"to":[15,13,15],"rotation":{"angle":0,"axis":"y","origin":[12,-16,22]},"faces":{"north":{"uv":[8.375,0.875,9.25,1.5],"rotation":180,"texture":"#0"},"east":{"uv":[8.375,0.875,9.25,1.5],"rotation":180,"texture":"#0"},"south":{"uv":[9.25,0.875,8.375,1.5],"rotation":180,"texture":"#0"},"west":{"uv":[8.375,0.875,9.25,1.5],"rotation":180,"texture":"#0"},"up":{"uv":[8.375,0,9.25,0.875],"texture":"#0"},"down":{"uv":[8.375,0,9.25,0.875],"texture":"#0"}}},{"from":[0.5,2.5,0.5],"to":[15.5,5.5,15.5],"rotation":{"angle":0,"axis":"y","origin":[12,-16,22]},"faces":{"north":{"uv":[7.25,1,8.1875,1.1875],"rotation":180,"texture":"#0"},"east":{"uv":[7.25,1,8.1875,1.1875],"rotation":180,"texture":"#0"},"south":{"uv":[7.25,1,8.1875,1.1875],"rotation":180,"texture":"#0"},"west":{"uv":[7.25,1,8.1875,1.1875],"rotation":180,"texture":"#0"},"up":{"uv":[9.25,0,10.1875,0.9375],"texture":"#0"},"down":{"uv":[9.25,0,10.1875,0.9375],"texture":"#0"}}},{"from":[4.5,10,7],"to":[8.5,16,8],"rotation":{"angle":-22.5,"axis":"x","origin":[0.5,8,6]},"faces":{"north":{"uv":[8.5,5.96875,8.75,6.34375],"texture":"#0"},"east":{"uv":[8.75,5.96875,8.8125,6.34375],"texture":"#0"},"south":{"uv":[8.5,5.96875,8.75,6.34375],"texture":"#0"},"west":{"uv":[8.75,5.96875,8.8125,6.34375],"texture":"#0"},"up":{"uv":[8.75,6.53125,8.5,6.59375],"texture":"#0"},"down":{"uv":[8.75,6.53125,8.5,6.59375],"texture":"#0"}}},{"from":[3.5,16,6.5],"to":[9.5,17,8.5],"rotation":{"angle":-22.5,"axis":"x","origin":[0.5,8,6]},"faces":{"north":{"uv":[8.8125,5.96875,9.1875,6.03125],"texture":"#0"},"east":{"uv":[9.1875,5.96875,9.3125,6.03125],"texture":"#0"},"south":{"uv":[8.8125,5.96875,9.1875,6.03125],"texture":"#0"},"west":{"uv":[9.1875,5.96875,9.3125,6.03125],"texture":"#0"},"up":{"uv":[9.1875,6.21875,8.8125,6.09375],"texture":"#0"},"down":{"uv":[9.1875,6.21875,8.8125,6.09375],"texture":"#0"}}},{"from":[6,17,7],"to":[7,20,8],"rotation":{"angle":-22.5,"axis":"x","origin":[0.5,8,6]},"faces":{"north":{"uv":[8.4375,6.40625,8.5,6.59375],"texture":"#0"},"east":{"uv":[8.4375,6.40625,8.5,6.59375],"texture":"#0"},"south":{"uv":[8.4375,6.40625,8.5,6.59375],"texture":"#0"},"west":{"uv":[8.4375,6.40625,8.5,6.59375],"texture":"#0"},"up":{"uv":[8.5,6.40625,8.4375,6.34375],"texture":"#0"},"down":{"uv":[8.5,6.40625,8.4375,6.34375],"texture":"#0"}}},{"from":[5.5,20,6.5],"to":[7.5,22,8.5],"rotation":{"angle":-22.5,"axis":"x","origin":[0.5,8,6]},"faces":{"north":{"uv":[8.8125,6.21875,8.9375,6.34375],"texture":"#0"},"east":{"uv":[8.8125,6.21875,8.9375,6.34375],"texture":"#0"},"south":{"uv":[8.8125,6.21875,8.9375,6.34375],"texture":"#0"},"west":{"uv":[8.8125,6.21875,8.9375,6.34375],"texture":"#0"},"up":{"uv":[8.8125,6.21875,8.9375,6.34375],"texture":"#0"},"down":{"uv":[8.8125,6.21875,8.9375,6.34375],"texture":"#0"}}},{"from":[-5.5,0.5,-2],"to":[-3.5,2.5,0],"rotation":{"angle":0,"axis":"y","origin":[0.5,2,0]},"faces":{"north":{"uv":[8.8125,6.21875,8.9375,6.34375],"rotation":90,"texture":"#0"},"east":{"uv":[8.8125,6.21875,8.9375,6.34375],"rotation":180,"texture":"#0"},"south":{"uv":[8.8125,6.21875,8.9375,6.34375],"rotation":270,"texture":"#0"},"west":{"uv":[8.8125,6.21875,8.9375,6.34375],"texture":"#0"},"up":{"uv":[8.8125,6.21875,8.9375,6.34375],"rotation":270,"texture":"#0"},"down":{"uv":[8.8125,6.21875,8.9375,6.34375],"rotation":270,"texture":"#0"}}},{"from":[-3.5,1,-1.5],"to":[-0.5,2,-0.5],"rotation":{"angle":0,"axis":"y","origin":[0.5,2,0]},"faces":{"north":{"uv":[8.4375,6.40625,8.5,6.59375],"rotation":90,"texture":"#0"},"east":{"uv":[8.5,6.40625,8.4375,6.34375],"rotation":180,"texture":"#0"},"south":{"uv":[8.4375,6.40625,8.5,6.59375],"rotation":270,"texture":"#0"},"west":{"uv":[8.5,6.40625,8.4375,6.34375],"texture":"#0"},"up":{"uv":[8.4375,6.40625,8.5,6.59375],"rotation":270,"texture":"#0"},"down":{"uv":[8.4375,6.40625,8.5,6.59375],"rotation":270,"texture":"#0"}}},{"from":[-0.5,0.5,-4],"to":[0.5,2.5,2],"rotation":{"angle":0,"axis":"y","origin":[0.5,2,0]},"faces":{"north":{"uv":[9.1875,5.96875,9.3125,6.03125],"rotation":90,"texture":"#0"},"east":{"uv":[9.1875,6.21875,8.8125,6.09375],"rotation":180,"texture":"#0"},"south":{"uv":[9.1875,5.96875,9.3125,6.03125],"rotation":270,"texture":"#0"},"west":{"uv":[9.1875,6.21875,8.8125,6.09375],"texture":"#0"},"up":{"uv":[8.8125,5.96875,9.1875,6.03125],"rotation":270,"texture":"#0"},"down":{"uv":[8.8125,5.96875,9.1875,6.03125],"rotation":270,"texture":"#0"}}},{"from":[0.5,1,-3],"to":[6.5,2,1],"rotation":{"angle":0,"axis":"y","origin":[0.5,2,0]},"faces":{"north":{"uv":[8.75,5.96875,8.8125,6.34375],"rotation":90,"texture":"#0"},"east":{"uv":[8.75,6.53125,8.5,6.59375],"rotation":180,"texture":"#0"},"south":{"uv":[8.75,5.96875,8.8125,6.34375],"rotation":270,"texture":"#0"},"west":{"uv":[8.75,6.53125,8.5,6.59375],"texture":"#0"},"up":{"uv":[8.5,5.96875,8.75,6.34375],"rotation":270,"texture":"#0"},"down":{"uv":[8.5,5.96875,8.75,6.34375],"rotation":270,"texture":"#0"}}},{"from":[3.86396,1.1,1.94975],"to":[6.86396,1.9,4.94975],"rotation":{"angle":45,"axis":"y","origin":[0.5,2,0]},"faces":{"north":{"uv":[8.4375,6.59375,8.4875,6.78125],"rotation":90,"texture":"#0"},"east":{"uv":[8.6875,6.78125,8.5,6.83125],"rotation":180,"texture":"#0"},"south":{"uv":[8.4375,6.59375,8.4875,6.78125],"rotation":270,"texture":"#0"},"west":{"uv":[8.6875,6.78125,8.5,6.83125],"texture":"#0"},"up":{"uv":[8.5,6.59375,8.6875,6.78125],"rotation":270,"texture":"#0"},"down":{"uv":[8.5,6.59375,8.6875,6.78125],"rotation":270,"texture":"#0"}}},{"from":[6,23,11.2],"to":[8,27,11.9],"rotation":{"angle":0,"axis":"y","origin":[0,-3,7.9]},"faces":{"north":{"uv":[8.53125,6.21875,8.65625,5.96875],"texture":"#0"},"east":{"uv":[8.75,5.96875,8.79375,6.21875],"texture":"#0"},"south":{"uv":[8.5,5.96875,8.625,6.21875],"texture":"#0"},"west":{"uv":[8.75,5.96875,8.79375,6.21875],"texture":"#0"},"up":{"uv":[8.625,6.53125,8.5,6.575],"texture":"#0"},"down":{"uv":[8.625,6.53125,8.5,6.575],"texture":"#0"}}},{"from":[5,21,10.8],"to":[9,23,12.3],"rotation":{"angle":0,"axis":"y","origin":[0,-3,7.9]},"faces":{"north":{"uv":[8.8125,5.96875,9.0625,6.09375],"texture":"#0"},"east":{"uv":[9.1875,5.96875,9.28125,6.09375],"texture":"#0"},"south":{"uv":[8.8125,5.96875,9.0625,6.09375],"texture":"#0"},"west":{"uv":[9.1875,5.96875,9.28125,6.09375],"texture":"#0"},"up":{"uv":[9.0625,6.1875,8.8125,6.09375],"texture":"#0"},"down":{"uv":[9.0625,6.1875,8.8125,6.09375],"texture":"#0"}}},{"from":[6.5,4,11],"to":[7.5,21,12],"rotation":{"angle":0,"axis":"y","origin":[0,-3,7.9]},"faces":{"north":{"uv":[8.8125,6.34375,8.875,7.40625],"texture":"#0"},"east":{"uv":[8.8125,6.34375,8.875,7.40625],"texture":"#0"},"south":{"uv":[8.8125,6.34375,8.875,7.40625],"texture":"#0"},"west":{"uv":[8.8125,6.34375,8.875,7.40625],"texture":"#0"},"up":{"uv":[8.5,6.40625,8.4375,6.34375],"texture":"#0"},"down":{"uv":[8.5,6.40625,8.4375,6.34375],"texture":"#0"}}},{"from":[4,25.2,11.3],"to":[5.5,26.7,11.8],"rotation":{"angle":-45,"axis":"z","origin":[7,23.7,16.9]},"faces":{"north":{"uv":[8.5,6.6875,8.59375,6.78125],"texture":"#0"},"east":{"uv":[8.4375,6.59375,8.46875,6.6875],"texture":"#0"},"south":{"uv":[8.5,6.6875,8.59375,6.78125],"texture":"#0"},"west":{"uv":[8.4375,6.59375,8.46875,6.6875],"texture":"#0"},"up":{"uv":[8.59375,6.78125,8.5,6.8125],"texture":"#0"},"down":{"uv":[8.59375,6.78125,8.5,6.8125],"texture":"#0"}}},{"from":[15,0.1,18.4],"to":[16.5,0.6,19.9],"rotation":{"angle":45,"axis":"y","origin":[18,-5,16.9]},"faces":{"north":{"uv":[8.59375,6.78125,8.5,6.8125],"rotation":180,"texture":"#0"},"east":{"uv":[8.4375,6.59375,8.46875,6.6875],"rotation":270,"texture":"#0"},"south":{"uv":[8.59375,6.78125,8.5,6.8125],"texture":"#0"},"west":{"uv":[8.4375,6.59375,8.46875,6.6875],"rotation":90,"texture":"#0"},"up":{"uv":[8.5,6.6875,8.59375,6.78125],"rotation":180,"texture":"#0"},"down":{"uv":[8.5,6.6875,8.59375,6.78125],"texture":"#0"}}},{"from":[17,0,16.2],"to":[19,0.7,20.2],"rotation":{"angle":0,"axis":"y","origin":[11,4,-9.8]},"faces":{"north":{"uv":[8.625,6.53125,8.5,6.575],"rotation":180,"texture":"#0"},"east":{"uv":[8.75,5.96875,8.79375,6.21875],"rotation":270,"texture":"#0"},"south":{"uv":[8.625,6.53125,8.5,6.575],"texture":"#0"},"west":{"uv":[8.75,5.96875,8.79375,6.21875],"rotation":90,"texture":"#0"},"up":{"uv":[8.53125,6.21875,8.65625,5.96875],"rotation":180,"texture":"#0"},"down":{"uv":[8.5,5.96875,8.625,6.21875],"texture":"#0"}}},{"from":[16,-0.4,14.2],"to":[20,1.1,16.2],"rotation":{"angle":0,"axis":"y","origin":[11,4,-9.8]},"faces":{"north":{"uv":[9.0625,6.1875,8.8125,6.09375],"rotation":180,"texture":"#0"},"east":{"uv":[9.1875,5.96875,9.28125,6.09375],"rotation":270,"texture":"#0"},"south":{"uv":[9.0625,6.1875,8.8125,6.09375],"texture":"#0"},"west":{"uv":[9.1875,5.96875,9.28125,6.09375],"rotation":90,"texture":"#0"},"up":{"uv":[8.8125,5.96875,9.0625,6.09375],"rotation":180,"texture":"#0"},"down":{"uv":[8.8125,5.96875,9.0625,6.09375],"texture":"#0"}}},{"from":[17.5,-0.1,-2.8],"to":[18.5,0.9,14.2],"rotation":{"angle":0,"axis":"y","origin":[11,4,-9.8]},"faces":{"north":{"uv":[8.5,6.40625,8.4375,6.34375],"rotation":180,"texture":"#0"},"east":{"uv":[8.8125,6.34375,8.875,7.40625],"rotation":270,"texture":"#0"},"south":{"uv":[8.5,6.40625,8.4375,6.34375],"texture":"#0"},"west":{"uv":[8.8125,6.34375,8.875,7.40625],"rotation":90,"texture":"#0"},"up":{"uv":[8.8125,6.34375,8.875,7.40625],"rotation":180,"texture":"#0"},"down":{"uv":[8.8125,6.34375,8.875,7.40625],"texture":"#0"}}}],"gui_light":"front","display":{"thirdperson_righthand":{"rotation":[67.5,0,0],"translation":[0,2.25,2],"scale":[0.3125,0.3125,0.3125]},"thirdperson_lefthand":{"rotation":[67.5,0,0],"translation":[0,2.25,2],"scale":[0.3125,0.3125,0.3125]},"firstperson_righthand":{"rotation":[0,45,0],"translation":[0,0.75,0],"scale":[0.4625,0.4625,0.4625]},"firstperson_lefthand":{"rotation":[0,45,0],"translation":[0,0.75,0],"scale":[0.4625,0.4625,0.4625]},"ground":{"translation":[0,2.75,0],"scale":[0.41602,0.41602,0.41602]},"gui":{"rotation":[30,225,0],"scale":[0.64414,0.64414,0.64414]},"head":{"translation":[0,-29.65,0],"scale":[0,0,0]},"fixed":{"rotation":[-90,0,0],"translation":[0,0,-17],"scale":[2.13477,2.13477,2.13477]}}}