{"credit":"MadewithBlockbench","texture_size":[256,256],"textures":{"0":"elitecreatures:medieval_market_decoration_v1/medeivalmarket_02","particle":"elitecreatures:medieval_market_decoration_v1/medeivalmarket_02"},"elements":[{"from":[-2,-4,1],"to":[0,2,26],"rotation":{"angle":0,"axis":"y","origin":[8,-0.75,11.51535]},"faces":{"north":{"uv":[2.1875,5.6875,2.0625,6.0625],"texture":"#0"},"east":{"uv":[7.4375,2.40625,5.875,2.78125],"texture":"#0"},"south":{"uv":[2.1875,5.6875,2.0625,6.0625],"texture":"#0"},"west":{"uv":[7.4375,2.40625,5.875,2.78125],"texture":"#0"},"up":{"uv":[2.625,5,2.75,6.5625],"texture":"#0"},"down":{"uv":[2.625,5,2.75,6.5625],"texture":"#0"}}},{"from":[16,-4,1],"to":[18,2,26],"rotation":{"angle":0,"axis":"y","origin":[8,-0.75,11.51535]},"faces":{"north":{"uv":[2.0625,5.6875,2.1875,6.0625],"texture":"#0"},"east":{"uv":[5.875,2.40625,7.4375,2.78125],"texture":"#0"},"south":{"uv":[2.0625,5.6875,2.1875,6.0625],"texture":"#0"},"west":{"uv":[5.875,2.40625,7.4375,2.78125],"texture":"#0"},"up":{"uv":[2.75,5,2.625,6.5625],"texture":"#0"},"down":{"uv":[2.75,5,2.625,6.5625],"texture":"#0"}}},{"from":[15,-7.5,22.5],"to":[19,-3,26.5],"rotation":{"angle":0,"axis":"y","origin":[8,-0.75,11.51535]},"faces":{"north":{"uv":[10.25,1.6875,10,1.96875],"texture":"#0"},"east":{"uv":[10.25,1.6875,10,1.96875],"texture":"#0"},"south":{"uv":[10.25,1.6875,10,1.96875],"texture":"#0"},"west":{"uv":[10.25,1.6875,10,1.96875],"texture":"#0"},"up":{"uv":[10.25,2.21875,10,1.96875],"texture":"#0"},"down":{"uv":[10.25,2.21875,10,1.96875],"texture":"#0"}}},{"from":[15,-3,22.5],"to":[19,3.5,26.5],"rotation":{"angle":0,"axis":"y","origin":[8,-0.75,11.51535]},"faces":{"north":{"uv":[10.25,1,10,1.40625],"texture":"#0"},"east":{"uv":[10.25,1,10,1.40625],"texture":"#0"},"south":{"uv":[10.25,1,10,1.40625],"texture":"#0"},"west":{"uv":[10.25,1,10,1.40625],"texture":"#0"},"up":{"uv":[10.25,2.21875,10,1.96875],"texture":"#0"},"down":{"uv":[10.25,2.21875,10,1.96875],"texture":"#0"}}},{"from":[-3,-3,22.5],"to":[1,3.5,26.5],"rotation":{"angle":0,"axis":"y","origin":[8,-0.75,11.51535]},"faces":{"north":{"uv":[10,1,10.25,1.40625],"texture":"#0"},"east":{"uv":[10,1,10.25,1.40625],"texture":"#0"},"south":{"uv":[10,1,10.25,1.40625],"texture":"#0"},"west":{"uv":[10,1,10.25,1.40625],"texture":"#0"},"up":{"uv":[10,2.21875,10.25,1.96875],"texture":"#0"},"down":{"uv":[10,2.21875,10.25,1.96875],"texture":"#0"}}},{"from":[-3,-7.5,22.5],"to":[1,-3,26.5],"rotation":{"angle":0,"axis":"y","origin":[8,-0.75,11.51535]},"faces":{"north":{"uv":[10,1.6875,10.25,1.96875],"texture":"#0"},"east":{"uv":[10,1.6875,10.25,1.96875],"texture":"#0"},"south":{"uv":[10,1.6875,10.25,1.96875],"texture":"#0"},"west":{"uv":[10,1.6875,10.25,1.96875],"texture":"#0"},"up":{"uv":[10,2.21875,10.25,1.96875],"texture":"#0"},"down":{"uv":[10,2.21875,10.25,1.96875],"texture":"#0"}}},{"from":[-3,-3,0],"to":[1,3.5,4],"rotation":{"angle":0,"axis":"y","origin":[8,-0.75,4.48465]},"faces":{"north":{"uv":[10.25,1,10,1.40625],"texture":"#0"},"east":{"uv":[10.25,1,10,1.40625],"texture":"#0"},"south":{"uv":[10.25,1,10,1.40625],"texture":"#0"},"west":{"uv":[10.25,1,10,1.40625],"texture":"#0"},"up":{"uv":[10,1.96875,10.25,2.21875],"texture":"#0"},"down":{"uv":[10,1.96875,10.25,2.21875],"texture":"#0"}}},{"from":[-3,-7.5,0],"to":[1,-3,4],"rotation":{"angle":0,"axis":"y","origin":[8,-0.75,4.48465]},"faces":{"north":{"uv":[10.25,1.6875,10,1.96875],"texture":"#0"},"east":{"uv":[10.25,1.6875,10,1.96875],"texture":"#0"},"south":{"uv":[10.25,1.6875,10,1.96875],"texture":"#0"},"west":{"uv":[10.25,1.6875,10,1.96875],"texture":"#0"},"up":{"uv":[10,1.96875,10.25,2.21875],"texture":"#0"},"down":{"uv":[10,1.96875,10.25,2.21875],"texture":"#0"}}},{"from":[15,-3,0],"to":[19,3.5,4],"rotation":{"angle":0,"axis":"y","origin":[8,-0.75,4.48465]},"faces":{"north":{"uv":[10,1,10.25,1.40625],"texture":"#0"},"east":{"uv":[10,1,10.25,1.40625],"texture":"#0"},"south":{"uv":[10,1,10.25,1.40625],"texture":"#0"},"west":{"uv":[10,1,10.25,1.40625],"texture":"#0"},"up":{"uv":[10.25,1.96875,10,2.21875],"texture":"#0"},"down":{"uv":[10.25,1.96875,10,2.21875],"texture":"#0"}}},{"from":[15,-7.5,0],"to":[19,-3,4],"rotation":{"angle":0,"axis":"y","origin":[8,-0.75,4.48465]},"faces":{"north":{"uv":[10,1.6875,10.25,1.96875],"texture":"#0"},"east":{"uv":[10,1.6875,10.25,1.96875],"texture":"#0"},"south":{"uv":[10,1.6875,10.25,1.96875],"texture":"#0"},"west":{"uv":[10,1.6875,10.25,1.96875],"texture":"#0"},"up":{"uv":[10.25,1.96875,10,2.21875],"texture":"#0"},"down":{"uv":[10.25,1.96875,10,2.21875],"texture":"#0"}}},{"from":[15.6,-6.5,-16],"to":[17.6,-4.5,0],"rotation":{"angle":0,"axis":"y","origin":[8,-0.75,11.51535]},"faces":{"north":{"uv":[7.375,0.6875,7.25,0.8125],"texture":"#0"},"east":{"uv":[8.25,1.875,7.25,1.75],"texture":"#0"},"south":{"uv":[7.375,0.6875,7.25,0.8125],"texture":"#0"},"west":{"uv":[7.25,1.875,8.25,1.75],"texture":"#0"},"up":{"uv":[9.875,1,10,2],"texture":"#0"},"down":{"uv":[9.875,1,10,2],"texture":"#0"}}},{"from":[8,-9,12],"to":[20.5,-7,14],"rotation":{"angle":0,"axis":"y","origin":[8,-0.75,11.51535]},"faces":{"north":{"uv":[7.25,1.875,8.03125,1.75],"texture":"#0"},"east":{"uv":[7.375,0.6875,7.25,0.8125],"texture":"#0"},"south":{"uv":[8.03125,1.875,7.25,1.75],"texture":"#0"},"west":{"uv":[7.375,0.6875,7.25,0.8125],"texture":"#0"},"up":{"uv":[9.875,1,10,1.78125],"rotation":90,"texture":"#0"},"down":{"uv":[9.875,1,10,1.78125],"rotation":270,"texture":"#0"}}},{"from":[-4.5,-9,12],"to":[8,-7,14],"rotation":{"angle":0,"axis":"y","origin":[8,-0.75,11.51535]},"faces":{"north":{"uv":[8.03125,1.875,7.25,1.75],"texture":"#0"},"east":{"uv":[7.25,0.6875,7.375,0.8125],"texture":"#0"},"south":{"uv":[7.25,1.875,8.03125,1.75],"texture":"#0"},"west":{"uv":[7.25,0.6875,7.375,0.8125],"texture":"#0"},"up":{"uv":[9.875,1.78125,10,1],"rotation":90,"texture":"#0"},"down":{"uv":[9.875,1.78125,10,1],"rotation":270,"texture":"#0"}}},{"from":[-1.6,-6.5,-16],"to":[0.4,-4.5,0],"rotation":{"angle":0,"axis":"y","origin":[8,-0.75,11.51535]},"faces":{"north":{"uv":[7.25,0.6875,7.375,0.8125],"texture":"#0"},"east":{"uv":[8.25,1.875,7.25,1.75],"texture":"#0"},"south":{"uv":[7.25,0.6875,7.375,0.8125],"texture":"#0"},"west":{"uv":[7.25,1.875,8.25,1.75],"texture":"#0"},"up":{"uv":[10,1,9.875,2],"texture":"#0"},"down":{"uv":[10,1,9.875,2],"texture":"#0"}}},{"from":[0.5,-6,-5],"to":[15.5,-5,-3],"rotation":{"angle":0,"axis":"y","origin":[8,-0.75,11.51535]},"faces":{"north":{"uv":[7.25,1.8125,8.1875,1.75],"texture":"#0"},"east":{"uv":[7.25,0.6875,7.375,0.75],"texture":"#0"},"south":{"uv":[8.1875,1.8125,7.25,1.75],"texture":"#0"},"west":{"uv":[7.25,0.6875,7.375,0.75],"texture":"#0"},"up":{"uv":[10,1,9.875,1.9375],"rotation":90,"texture":"#0"},"down":{"uv":[10,1,9.875,1.9375],"rotation":270,"texture":"#0"}}},{"from":[1,-1,23.5],"to":[8,2,25.5],"rotation":{"angle":0,"axis":"y","origin":[8,-0.75,11.51535]},"faces":{"north":{"uv":[6.15625,2.5625,5.71875,2.75],"texture":"#0"},"east":{"uv":[2.1875,5.6875,2.0625,5.875],"texture":"#0"},"south":{"uv":[6.15625,2.5625,5.71875,2.75],"texture":"#0"},"west":{"uv":[2.1875,5.6875,2.0625,5.875],"texture":"#0"},"up":{"uv":[2.625,5.4375,2.75,5],"rotation":90,"texture":"#0"},"down":{"uv":[2.625,5.4375,2.75,5],"rotation":90,"texture":"#0"}}},{"from":[1,-4,23.5],"to":[8,-1,25.5],"rotation":{"angle":0,"axis":"y","origin":[8,-0.75,11.51535]},"faces":{"north":{"uv":[6.15625,2.5625,5.71875,2.75],"texture":"#0"},"east":{"uv":[2.1875,5.6875,2.0625,5.875],"texture":"#0"},"south":{"uv":[6.15625,2.5625,5.71875,2.75],"texture":"#0"},"west":{"uv":[2.1875,5.6875,2.0625,5.875],"texture":"#0"},"up":{"uv":[2.625,5.4375,2.75,5],"rotation":90,"texture":"#0"},"down":{"uv":[2.625,5.4375,2.75,5],"rotation":90,"texture":"#0"}}},{"from":[8,-4,23.5],"to":[15,-1,25.5],"rotation":{"angle":0,"axis":"y","origin":[8,-0.75,11.51535]},"faces":{"north":{"uv":[5.71875,2.5625,6.15625,2.75],"texture":"#0"},"east":{"uv":[2.0625,5.6875,2.1875,5.875],"texture":"#0"},"south":{"uv":[5.71875,2.5625,6.15625,2.75],"texture":"#0"},"west":{"uv":[2.0625,5.6875,2.1875,5.875],"texture":"#0"},"up":{"uv":[2.625,5,2.75,5.4375],"rotation":90,"texture":"#0"},"down":{"uv":[2.625,5,2.75,5.4375],"rotation":90,"texture":"#0"}}},{"from":[8,-1,23.5],"to":[15,2,25.5],"rotation":{"angle":0,"axis":"y","origin":[8,-0.75,11.51535]},"faces":{"north":{"uv":[5.71875,2.5625,6.15625,2.75],"texture":"#0"},"east":{"uv":[2.0625,5.6875,2.1875,5.875],"texture":"#0"},"south":{"uv":[5.71875,2.5625,6.15625,2.75],"texture":"#0"},"west":{"uv":[2.0625,5.6875,2.1875,5.875],"texture":"#0"},"up":{"uv":[2.625,5,2.75,5.4375],"rotation":90,"texture":"#0"},"down":{"uv":[2.625,5,2.75,5.4375],"rotation":90,"texture":"#0"}}},{"from":[-2.5,-7,0.5],"to":[18.5,-4,26],"rotation":{"angle":0,"axis":"y","origin":[8,-0.75,11.51535]},"faces":{"north":{"uv":[6.0625,3.0625,7.375,3.25],"texture":"#0"},"east":{"uv":[5.75,4.03125,7.34375,4.21875],"texture":"#0"},"south":{"uv":[6.0625,3.0625,7.375,3.25],"texture":"#0"},"west":{"uv":[5.75,4.03125,7.34375,4.21875],"texture":"#0"},"up":{"uv":[9.8125,3.46875,8.5,1.875],"texture":"#0"},"down":{"uv":[9.8125,3.46875,8.5,1.875],"texture":"#0"}}},{"from":[19.5,-16,5],"to":[19.5,0,21],"rotation":{"angle":0,"axis":"y","origin":[19.1,-8.5,11.5]},"faces":{"north":{"uv":[0,0,0,1],"texture":"#missing"},"east":{"uv":[7.375,2.875,8.375,3.875],"texture":"#0"},"south":{"uv":[0,0,0,1],"texture":"#missing"},"west":{"uv":[7.375,2.875,8.375,3.875],"texture":"#0"},"up":{"uv":[0,0,0,1],"texture":"#missing"},"down":{"uv":[0,0,0,1],"texture":"#missing"}}},{"from":[-3.5,-16,5],"to":[-3.5,0,21],"rotation":{"angle":0,"axis":"y","origin":[-3.1,-8.5,11.5]},"faces":{"north":{"uv":[0,0,0,1],"texture":"#missing"},"east":{"uv":[8.375,2.875,7.375,3.875],"texture":"#0"},"south":{"uv":[0,0,0,1],"texture":"#missing"},"west":{"uv":[8.375,2.875,7.375,3.875],"texture":"#0"},"up":{"uv":[0,0,0,1],"texture":"#missing"},"down":{"uv":[0,0,0,1],"texture":"#missing"}}},{"from":[5.6,-4,20.5],"to":[8.6,-1,25.5],"rotation":{"angle":-22.5,"axis":"y","origin":[18.5,-5,33]},"faces":{"north":{"uv":[12.8125,2.96875,13,3.15625],"texture":"#0"},"east":{"uv":[13.0625,2.125,13.25,2.4375],"rotation":90,"texture":"#0"},"south":{"uv":[12.8125,2.96875,13,3.15625],"rotation":180,"texture":"#0"},"west":{"uv":[13.25,2.125,13.0625,2.4375],"rotation":270,"texture":"#0"},"up":{"uv":[13.0625,2.4375,13.25,2.75],"texture":"#0"},"down":{"uv":[13.0625,2.75,13.25,3.0625],"rotation":180,"texture":"#0"}}},{"from":[12.5,-4.5,16.7],"to":[17,-0.5,20.7],"rotation":{"angle":22.5,"axis":"y","origin":[18.5,-5,33]},"faces":{"north":{"uv":[13.0625,2.125,12.8125,2.40625],"rotation":270,"texture":"#0"},"east":{"uv":[12.40625,2.34375,12.65625,2.59375],"texture":"#0"},"south":{"uv":[12.8125,2.125,13.0625,2.40625],"rotation":90,"texture":"#0"},"west":{"uv":[12.40625,2.34375,12.65625,2.59375],"rotation":180,"texture":"#0"},"up":{"uv":[12.8125,2.40625,13.0625,2.6875],"rotation":90,"texture":"#0"},"down":{"uv":[12.8125,2.6875,13.0625,2.96875],"rotation":90,"texture":"#0"}}},{"from":[1.5,-4,23.8],"to":[5.5,1,28.8],"rotation":{"angle":-22.5,"axis":"y","origin":[18.5,-3,33]},"faces":{"north":{"uv":[12.8125,2.125,12.5,2.375],"rotation":270,"texture":"#0"},"east":{"uv":[12.5,2.625,12.8125,2.9375],"texture":"#0"},"south":{"uv":[12.5,2.125,12.8125,2.375],"rotation":90,"texture":"#0"},"west":{"uv":[12.5,2.625,12.8125,2.9375],"rotation":180,"texture":"#0"},"up":{"uv":[12.5,2.375,12.8125,2.625],"rotation":90,"texture":"#0"},"down":{"uv":[12.5,2.9375,12.8125,3.1875],"rotation":90,"texture":"#0"}}},{"from":[9,-4,14],"to":[15,2,18],"rotation":{"angle":22.5,"axis":"y","origin":[18.5,-3,33]},"faces":{"north":{"uv":[12.0625,3,12.4375,3.375],"rotation":180,"texture":"#0"},"east":{"uv":[12.4375,2.75,12.0625,3],"rotation":270,"texture":"#0"},"south":{"uv":[12.0625,3,12.4375,3.375],"texture":"#0"},"west":{"uv":[12.0625,2.75,12.4375,3],"rotation":90,"texture":"#0"},"up":{"uv":[11.625,3.1875,12,3.4375],"rotation":180,"texture":"#0"},"down":{"uv":[12.0625,3.375,12.4375,3.625],"texture":"#0"}}},{"from":[4.5,-3.05025,8.63604],"to":[5.5,2.94975,12.63604],"rotation":{"angle":45,"axis":"x","origin":[-3.5,-3,17]},"faces":{"north":{"uv":[13.25,2.125,13.3125,2.5],"rotation":180,"texture":"#0"},"east":{"uv":[13.625,1.875,13.25,2.125],"rotation":270,"texture":"#0"},"south":{"uv":[13.25,2.125,13.3125,2.5],"texture":"#0"},"west":{"uv":[13.25,1.875,13.625,2.125],"rotation":90,"texture":"#0"},"up":{"uv":[13.3125,2.125,13.375,2.375],"rotation":180,"texture":"#0"},"down":{"uv":[13.3125,2.125,13.375,2.375],"texture":"#0"}}},{"from":[1.5,-4,9],"to":[8.5,3,19],"rotation":{"angle":0,"axis":"y","origin":[-3.5,-3,17]},"faces":{"north":{"uv":[11.625,3.1875,12.0625,2.75],"rotation":180,"texture":"#0"},"east":{"uv":[12.0625,2.125,11.625,2.75],"rotation":270,"texture":"#0"},"south":{"uv":[11.625,2.75,12.0625,3.1875],"texture":"#0"},"west":{"uv":[11.625,2.125,12.0625,2.75],"rotation":90,"texture":"#0"},"up":{"uv":[12.0625,2.125,12.5,2.75],"rotation":180,"texture":"#0"},"down":{"uv":[11.625,3.4375,12.0625,4.0625],"texture":"#0"}}},{"from":[6.33583,2.43471,12],"to":[11.33583,3.43471,17],"rotation":{"angle":-22.5,"axis":"z","origin":[-3.5,-3,17]},"faces":{"north":{"uv":[12.75,3.5,12.4375,3.5625],"rotation":180,"texture":"#0"},"east":{"uv":[12.8125,3.1875,12.75,3.5],"rotation":270,"texture":"#0"},"south":{"uv":[12.75,3.5,12.4375,3.5625],"texture":"#0"},"west":{"uv":[12.8125,3.1875,12.75,3.5],"rotation":90,"texture":"#0"},"up":{"uv":[12.75,3.1875,12.4375,3.5],"rotation":180,"texture":"#0"},"down":{"uv":[12.4375,3.1875,12.75,3.5],"texture":"#0"}}},{"from":[2,1.97372,5.13759],"to":[8,5.47372,12.13759],"rotation":{"angle":-22.5,"axis":"x","origin":[-3.5,-3,17]},"faces":{"north":{"uv":[12.65625,3.59375,13.03125,3.8125],"rotation":180,"texture":"#0"},"east":{"uv":[12.28125,3.625,12.0625,4.0625],"rotation":270,"texture":"#0"},"south":{"uv":[12.65625,3.59375,13.03125,3.8125],"texture":"#0"},"west":{"uv":[12.0625,3.625,12.28125,4.0625],"rotation":90,"texture":"#0"},"up":{"uv":[12.28125,3.625,12.65625,4.0625],"rotation":180,"texture":"#0"},"down":{"uv":[12.65625,4.0625,12.28125,3.625],"texture":"#0"}}},{"from":[-2.62987,-6.0709,13],"to":[2.37013,-5.0709,18],"rotation":{"angle":45,"axis":"z","origin":[-3.5,-3,17]},"faces":{"north":{"uv":[12.4375,3.5,12.75,3.5625],"rotation":180,"texture":"#0"},"east":{"uv":[12.75,3.1875,12.8125,3.5],"rotation":270,"texture":"#0"},"south":{"uv":[12.4375,3.5,12.75,3.5625],"texture":"#0"},"west":{"uv":[12.75,3.1875,12.8125,3.5],"rotation":90,"texture":"#0"},"up":{"uv":[12.4375,3.1875,12.75,3.5],"rotation":180,"texture":"#0"},"down":{"uv":[12.75,3.1875,12.4375,3.5],"texture":"#0"}}},{"from":[2.5,-3.7,4.5],"to":[7.5,-0.2,11.5],"rotation":{"angle":0,"axis":"y","origin":[-3.5,-3,17]},"faces":{"north":{"uv":[13.03125,3.59375,13.34375,3.8125],"rotation":180,"texture":"#0"},"east":{"uv":[13.03125,3.15625,12.8125,3.59375],"rotation":270,"texture":"#0"},"south":{"uv":[13.03125,3.59375,13.34375,3.8125],"texture":"#0"},"west":{"uv":[12.8125,3.15625,13.03125,3.59375],"rotation":90,"texture":"#0"},"up":{"uv":[13.03125,3.15625,13.34375,3.59375],"rotation":180,"texture":"#0"},"down":{"uv":[13.03125,3.15625,13.34375,3.59375],"texture":"#0"}}},{"from":[12.4,15,12],"to":[13.2,18.5,16],"rotation":{"angle":-45,"axis":"x","origin":[21,8,41]},"faces":{"north":{"uv":[13.8125,2.125,13.8625,2.34375],"rotation":180,"texture":"#0"},"east":{"uv":[13.5,2.125,13.75,2.34375],"rotation":180,"texture":"#0"},"south":{"uv":[13.8125,2.125,13.8625,2.34375],"texture":"#0"},"west":{"uv":[13.5,2.34375,13.75,2.125],"texture":"#0"},"up":{"uv":[13.8,2.375,13.75,2.125],"rotation":180,"texture":"#0"},"down":{"uv":[13.8,2.375,13.75,2.125],"texture":"#0"}}},{"from":[12.3,17,15],"to":[13.3,22,18.5],"rotation":{"angle":-45,"axis":"x","origin":[21,8,41]},"faces":{"north":{"uv":[13.375,2.125,13.4375,2.4375],"texture":"#0"},"east":{"uv":[13.625,1.875,13.9375,2.09375],"rotation":90,"texture":"#0"},"south":{"uv":[13.375,2.4375,13.4375,2.125],"rotation":180,"texture":"#0"},"west":{"uv":[13.9375,1.875,13.625,2.09375],"rotation":270,"texture":"#0"},"up":{"uv":[13.5,2.34375,13.4375,2.125],"rotation":180,"texture":"#0"},"down":{"uv":[13.5,2.34375,13.4375,2.125],"texture":"#0"}}},{"from":[12.02067,-1.23434,13.1],"to":[16.02067,-1.23434,16.1],"rotation":{"angle":-45,"axis":"x","origin":[12.7,-1.2,12.6]},"faces":{"north":{"uv":[1.21875,6.84375,1.0625,6.9375],"texture":"#0"},"east":{"uv":[1.0625,6.84375,1,6.9375],"texture":"#0"},"south":{"uv":[1.21875,6.84375,1.0625,6.9375],"texture":"#0"},"west":{"uv":[1.0625,6.84375,1,6.9375],"texture":"#0"},"up":{"uv":[1.5,6.65625,1.3125,6.90625],"rotation":270,"texture":"#0"},"down":{"uv":[1.5,6.65625,1.3125,6.90625],"rotation":90,"texture":"#0"}}},{"from":[12.2,0.4,3.7],"to":[12.2,3.4,7.7],"rotation":{"angle":22.5,"axis":"z","origin":[20.1,-9.7,-4]},"faces":{"north":{"uv":[1.0625,6.84375,1,6.9375],"rotation":270,"texture":"#0"},"east":{"uv":[1.5625,6.90625,1.375,7.15625],"rotation":90,"texture":"#0"},"south":{"uv":[1.0625,6.84375,1,6.9375],"rotation":90,"texture":"#0"},"west":{"uv":[1.5625,6.90625,1.375,7.15625],"rotation":90,"texture":"#0"},"up":{"uv":[1.21875,6.84375,1.0625,6.9375],"rotation":90,"texture":"#0"},"down":{"uv":[1.21875,6.84375,1.0625,6.9375],"rotation":90,"texture":"#0"}}},{"from":[6.6,-7.7,4.7],"to":[8.6,-6.8,6.7],"rotation":{"angle":-22.5,"axis":"z","origin":[20.1,-9.7,-4]},"faces":{"north":{"uv":[1.6875,7.09375,1.5625,7.15],"texture":"#0"},"east":{"uv":[1.6875,7.15625,1.5625,7.2125],"texture":"#0"},"south":{"uv":[1.6875,7.09375,1.8125,7.15],"texture":"#0"},"west":{"uv":[1.6875,7.15625,1.5625,7.2125],"texture":"#0"},"up":{"uv":[1.6875,6.96875,1.5625,7.09375],"texture":"#0"},"down":{"uv":[1.6875,6.96875,1.5625,7.09375],"texture":"#0"}}},{"from":[9.6,-7.9,6.2],"to":[14.6,-5.9,9.2],"rotation":{"angle":-22.5,"axis":"x","origin":[19.6,-9.3,-4]},"faces":{"north":{"uv":[1.875,6.84375,1.5625,6.96875],"texture":"#0"},"east":{"uv":[1.875,6.8125,2.0625,6.9375],"texture":"#0"},"south":{"uv":[2,6.96875,1.6875,7.09375],"texture":"#0"},"west":{"uv":[2.0625,6.8125,1.875,6.9375],"texture":"#0"},"up":{"uv":[1.875,6.65625,1.5625,6.84375],"texture":"#0"},"down":{"uv":[1.875,6.65625,1.5625,6.84375],"texture":"#0"}}},{"from":[17.1,-2.2,4.7],"to":[19.1,-0.7,7.2],"rotation":{"angle":22.5,"axis":"z","origin":[19.6,-9.3,-4]},"faces":{"north":{"uv":[1.4375,7.3125,1.3125,7.40625],"texture":"#0"},"east":{"uv":[1.28125,7.21875,1.125,7.3125],"texture":"#0"},"south":{"uv":[1.40625,7.21875,1.28125,7.3125],"texture":"#0"},"west":{"uv":[1.28125,7.21875,1.125,7.3125],"texture":"#0"},"up":{"uv":[1.28125,7.0625,1.15625,7.21875],"texture":"#0"},"down":{"uv":[1.28125,7.0625,1.15625,7.21875],"texture":"#0"}}},{"from":[13.02067,-1.33434,12.1],"to":[15.02067,-0.43434,14.1],"rotation":{"angle":-22.5,"axis":"x","origin":[12.7,-1.2,12.6]},"faces":{"north":{"uv":[1.125,7.25,1,7.30625],"texture":"#0"},"east":{"uv":[1.125,7.1875,1,7.24375],"texture":"#0"},"south":{"uv":[1.125,7.25,1,7.30625],"texture":"#0"},"west":{"uv":[1.125,7.1875,1,7.24375],"texture":"#0"},"up":{"uv":[1.25,6.9375,1.125,7.0625],"rotation":270,"texture":"#0"},"down":{"uv":[1.25,6.9375,1.125,7.0625],"rotation":90,"texture":"#0"}}},{"from":[12.52067,-1.93434,7.6],"to":[15.52067,0.06566,12.6],"rotation":{"angle":0,"axis":"y","origin":[12.7,-1.2,12.6]},"faces":{"north":{"uv":[1.3125,6.53125,1.5,6.65625],"texture":"#0"},"east":{"uv":[1.3125,6.71875,1,6.84375],"texture":"#0"},"south":{"uv":[1.5,6.53125,1.3125,6.65625],"texture":"#0"},"west":{"uv":[1.3125,7.3125,1,7.4375],"texture":"#0"},"up":{"uv":[1.3125,6.53125,1,6.71875],"rotation":270,"texture":"#0"},"down":{"uv":[1.3125,6.53125,1,6.71875],"rotation":90,"texture":"#0"}}},{"from":[12.82067,0.26566,6.5],"to":[15.32067,1.76566,8.5],"rotation":{"angle":-22.5,"axis":"x","origin":[12.7,-1.2,12.6]},"faces":{"north":{"uv":[1.15625,7.09375,1,7.1875],"texture":"#0"},"east":{"uv":[1.125,6.84375,1,6.9375],"texture":"#0"},"south":{"uv":[1.15625,7.09375,1,7.1875],"texture":"#0"},"west":{"uv":[1.375,6.9375,1.25,7.03125],"texture":"#0"},"up":{"uv":[1.125,6.9375,1,7.09375],"rotation":270,"texture":"#0"},"down":{"uv":[1.125,6.9375,1,7.09375],"rotation":90,"texture":"#0"}}},{"from":[7.8,5.16411,13.35772],"to":[11.8,8.16411,13.35772],"rotation":{"angle":22.5,"axis":"x","origin":[11,6.6,-5]},"faces":{"north":{"uv":[1.5625,6.90625,1.375,7.15625],"rotation":90,"texture":"#0"},"east":{"uv":[1.0625,6.84375,1,6.9375],"rotation":90,"texture":"#0"},"south":{"uv":[1.5625,6.90625,1.375,7.15625],"rotation":90,"texture":"#0"},"west":{"uv":[1.0625,6.84375,1,6.9375],"rotation":270,"texture":"#0"},"up":{"uv":[1.21875,6.84375,1.0625,6.9375],"texture":"#0"},"down":{"uv":[1.21875,6.84375,1.0625,6.9375],"rotation":180,"texture":"#0"}}},{"from":[-1.92144,-1.57971,4.6],"to":[0.07856,-0.67971,6.6],"rotation":{"angle":45,"axis":"y","origin":[11,6.6,-5]},"faces":{"north":{"uv":[1.6875,7.09375,1.5625,7.15],"texture":"#0"},"east":{"uv":[1.6875,7.15625,1.5625,7.2125],"texture":"#0"},"south":{"uv":[1.6875,7.09375,1.8125,7.15],"texture":"#0"},"west":{"uv":[1.6875,7.15625,1.5625,7.2125],"texture":"#0"},"up":{"uv":[1.6875,6.96875,1.5625,7.09375],"texture":"#0"},"down":{"uv":[1.6875,6.96875,1.5625,7.09375],"texture":"#0"}}},{"from":[8.75585,3.98508,7.7],"to":[11.75585,5.98508,12.7],"rotation":{"angle":22.5,"axis":"x","origin":[11,6.6,-5]},"faces":{"north":{"uv":[1.875,6.8125,2.0625,6.9375],"texture":"#0"},"east":{"uv":[2,6.96875,1.6875,7.09375],"texture":"#0"},"south":{"uv":[2.0625,6.8125,1.875,6.9375],"texture":"#0"},"west":{"uv":[1.875,6.84375,1.5625,6.96875],"texture":"#0"},"up":{"uv":[1.875,6.65625,1.5625,6.84375],"rotation":270,"texture":"#0"},"down":{"uv":[1.875,6.65625,1.5625,6.84375],"rotation":90,"texture":"#0"}}},{"from":[9.1,-4.7015,1.43645],"to":[11.6,-3.2015,3.43645],"rotation":{"angle":-22.5,"axis":"x","origin":[11,6.6,-5]},"faces":{"north":{"uv":[1.28125,7.21875,1.125,7.3125],"texture":"#0"},"east":{"uv":[1.40625,7.21875,1.28125,7.3125],"texture":"#0"},"south":{"uv":[1.28125,7.21875,1.125,7.3125],"texture":"#0"},"west":{"uv":[1.4375,7.3125,1.3125,7.40625],"texture":"#0"},"up":{"uv":[1.28125,7.0625,1.15625,7.21875],"rotation":270,"texture":"#0"},"down":{"uv":[1.28125,7.0625,1.15625,7.21875],"rotation":90,"texture":"#0"}}}],"gui_light":"front","display":{"thirdperson_righthand":{"rotation":[67.5,0,0],"translation":[0,4.75,2.75],"scale":[0.27539,0.27539,0.27539]},"thirdperson_lefthand":{"rotation":[67.5,0,0],"translation":[0,4.75,2.75],"scale":[0.27539,0.27539,0.27539]},"firstperson_righthand":{"rotation":[0,225,0],"translation":[1.75,4.75,0],"scale":[0.4,0.4,0.4]},"firstperson_lefthand":{"rotation":[0,225,0],"translation":[1.75,4.75,0],"scale":[0.4,0.4,0.4]},"ground":{"translation":[0,3,0],"scale":[0.25,0.25,0.25]},"gui":{"rotation":[30,225,0],"translation":[-0.5,3,0],"scale":[0.3375,0.3375,0.3375]},"head":{"translation":[0,9.25,-5.75],"scale":[0,0,0]},"fixed":{"rotation":[-90,0,0],"translation":[0,2,-48],"scale":[2,2,2]}}}