{"credit":"MadewithBlockbench","texture_size":[256,256],"textures":{"0":"elitecreatures:medieval_market_decoration_v1/medeivalmarket_01","1":"elitecreatures:medieval_market_decoration_v1/medeivalmarket_02","particle":"elitecreatures:medieval_market_decoration_v1/medeivalmarket_01"},"elements":[{"from":[23,-16,-7],"to":[27,16,-3],"faces":{"north":{"uv":[0.25,4.6875,0,6.6875],"texture":"#0"},"east":{"uv":[0.25,4.6875,0.5,6.6875],"texture":"#0"},"south":{"uv":[0.25,4.6875,0,6.6875],"texture":"#0"},"west":{"uv":[0.25,4.6875,0.5,6.6875],"texture":"#0"},"up":{"uv":[1.4375,5.8125,1.1875,5.5625],"texture":"#0"},"down":{"uv":[1.4375,5.8125,1.1875,5.5625],"texture":"#0"}}},{"from":[-11,-16,-7],"to":[-7,16,-3],"rotation":{"angle":0,"axis":"y","origin":[16,0,0]},"faces":{"north":{"uv":[0,4.6875,0.25,6.6875],"texture":"#0"},"east":{"uv":[0.5,4.6875,0.25,6.6875],"texture":"#0"},"south":{"uv":[0,4.6875,0.25,6.6875],"texture":"#0"},"west":{"uv":[0.5,4.6875,0.25,6.6875],"texture":"#0"},"up":{"uv":[1.1875,5.8125,1.4375,5.5625],"texture":"#0"},"down":{"uv":[1.1875,5.8125,1.4375,5.5625],"texture":"#0"}}},{"from":[24.7,-3.5,3],"to":[26.2,-1.5,5.5],"rotation":{"angle":0,"axis":"y","origin":[10.8,16.3,12.4]},"faces":{"north":{"uv":[1.3125,7.40625,1.4375,7.3125],"rotation":90,"texture":"#1"},"east":{"uv":[1.15625,7.21875,1.28125,7.0625],"rotation":270,"texture":"#1"},"south":{"uv":[1.28125,7.3125,1.40625,7.21875],"rotation":270,"texture":"#1"},"west":{"uv":[1.15625,7.0625,1.28125,7.21875],"rotation":270,"texture":"#1"},"up":{"uv":[1.125,7.3125,1.28125,7.21875],"rotation":270,"texture":"#1"},"down":{"uv":[1.125,7.3125,1.28125,7.21875],"rotation":270,"texture":"#1"}}},{"from":[24.5,-1.7,2.8],"to":[26.5,3.3,5.8],"rotation":{"angle":0,"axis":"y","origin":[10.8,16.3,12.4]},"faces":{"north":{"uv":[1.5625,6.96875,1.875,6.84375],"rotation":90,"texture":"#1"},"east":{"uv":[1.5625,6.84375,1.875,6.65625],"rotation":270,"texture":"#1"},"south":{"uv":[1.6875,7.09375,2,6.96875],"rotation":270,"texture":"#1"},"west":{"uv":[1.5625,6.65625,1.875,6.84375],"rotation":270,"texture":"#1"},"up":{"uv":[2.0625,6.9375,1.875,6.8125],"rotation":270,"texture":"#1"},"down":{"uv":[2.0625,6.9375,1.875,6.8125],"rotation":270,"texture":"#1"}}},{"from":[24.9,2.3,3.3],"to":[25.8,4.3,5.3],"rotation":{"angle":0,"axis":"y","origin":[10.4,15.8,12.4]},"faces":{"north":{"uv":[1.5625,7.15,1.6875,7.09375],"rotation":90,"texture":"#1"},"east":{"uv":[1.5625,7.09375,1.6875,6.96875],"rotation":270,"texture":"#1"},"south":{"uv":[1.8125,7.15,1.6875,7.09375],"rotation":270,"texture":"#1"},"west":{"uv":[1.5625,7.09375,1.6875,6.96875],"rotation":270,"texture":"#1"},"up":{"uv":[1.5625,7.2125,1.6875,7.15625],"rotation":270,"texture":"#1"},"down":{"uv":[1.5625,7.2125,1.6875,7.15625],"rotation":270,"texture":"#1"}}},{"from":[25.4,3.3,2.3],"to":[25.4,6.3,6.3],"rotation":{"angle":0,"axis":"y","origin":[10.4,15.8,12.4]},"faces":{"north":{"uv":[1,6.84375,1.1875,6.84375],"rotation":90,"texture":"#1"},"east":{"uv":[1.375,7.15625,1.5625,6.90625],"rotation":270,"texture":"#1"},"south":{"uv":[1,6.84375,1.1875,6.84375],"rotation":270,"texture":"#1"},"west":{"uv":[1.375,7.15625,1.5625,6.90625],"rotation":270,"texture":"#1"},"up":{"uv":[1.0625,6.84375,1.3125,6.84375],"rotation":270,"texture":"#1"},"down":{"uv":[1.0625,6.84375,1.3125,6.84375],"rotation":270,"texture":"#1"}}},{"from":[25.4,5.3,3.8],"to":[25.4,13.3,4.8],"rotation":{"angle":0,"axis":"y","origin":[10.4,15.8,12.4]},"faces":{"north":{"uv":[1,6.84375,1.5,6.84375],"rotation":90,"texture":"#1"},"east":{"uv":[2.75,6.6875,3.25,6.625],"rotation":270,"texture":"#1"},"south":{"uv":[1,6.84375,1.5,6.84375],"rotation":270,"texture":"#1"},"west":{"uv":[2.75,6.6875,3.25,6.625],"rotation":270,"texture":"#1"},"up":{"uv":[1.0625,6.84375,1.125,6.84375],"rotation":270,"texture":"#1"},"down":{"uv":[1.0625,6.84375,1.125,6.84375],"rotation":270,"texture":"#1"}}},{"from":[24.6,-7.5,8.5],"to":[26.1,-5.5,11],"rotation":{"angle":0,"axis":"y","origin":[6.2,5.3,-2.3]},"faces":{"north":{"uv":[1.375,6.9375,1.25,7.03125],"rotation":90,"texture":"#1"},"east":{"uv":[1.125,6.9375,1,7.09375],"rotation":90,"texture":"#1"},"south":{"uv":[1.125,6.84375,1,6.9375],"rotation":270,"texture":"#1"},"west":{"uv":[1.125,7.09375,1,6.9375],"rotation":90,"texture":"#1"},"up":{"uv":[1.15625,7.09375,1,7.1875],"rotation":270,"texture":"#1"},"down":{"uv":[1.15625,7.09375,1,7.1875],"rotation":270,"texture":"#1"}}},{"from":[24.33434,-5.7,8.27933],"to":[26.33434,-0.7,11.27933],"rotation":{"angle":0,"axis":"y","origin":[6.2,5.3,-2.3]},"faces":{"north":{"uv":[1.3125,7.3125,1,7.4375],"rotation":90,"texture":"#1"},"east":{"uv":[1.3125,6.53125,1,6.71875],"rotation":90,"texture":"#1"},"south":{"uv":[1.3125,6.71875,1,6.84375],"rotation":270,"texture":"#1"},"west":{"uv":[1.3125,6.71875,1,6.53125],"rotation":90,"texture":"#1"},"up":{"uv":[1.5,6.53125,1.3125,6.65625],"rotation":270,"texture":"#1"},"down":{"uv":[1.5,6.53125,1.3125,6.65625],"rotation":270,"texture":"#1"}}},{"from":[24.9,-1.2,8.8],"to":[25.8,0.8,10.8],"rotation":{"angle":0,"axis":"y","origin":[6.2,5.3,-2.3]},"faces":{"north":{"uv":[1.125,7.1875,1,7.24375],"rotation":90,"texture":"#1"},"east":{"uv":[1.25,6.9375,1.125,7.0625],"rotation":90,"texture":"#1"},"south":{"uv":[1.125,7.1875,1,7.24375],"rotation":270,"texture":"#1"},"west":{"uv":[1.25,6.9375,1.125,7.0625],"rotation":90,"texture":"#1"},"up":{"uv":[1.125,7.25,1,7.30625],"rotation":270,"texture":"#1"},"down":{"uv":[1.125,7.25,1,7.30625],"rotation":270,"texture":"#1"}}},{"from":[25.33434,-0.2,7.87933],"to":[25.33434,2.8,11.87933],"rotation":{"angle":0,"axis":"y","origin":[6.2,5.3,-2.3]},"faces":{"north":{"uv":[1.1875,6.84375,1,6.84375],"rotation":90,"texture":"#1"},"east":{"uv":[1.5,6.65625,1.3125,6.90625],"rotation":90,"texture":"#1"},"south":{"uv":[1.1875,6.84375,1,6.84375],"rotation":270,"texture":"#1"},"west":{"uv":[1.5,6.65625,1.3125,6.90625],"rotation":90,"texture":"#1"},"up":{"uv":[1.3125,6.84375,1.0625,6.84375],"rotation":270,"texture":"#1"},"down":{"uv":[1.3125,6.84375,1.0625,6.84375],"rotation":270,"texture":"#1"}}},{"from":[25.3,1.7,9.4],"to":[25.3,9.7,10.4],"rotation":{"angle":0,"axis":"y","origin":[10.4,15.8,12.4]},"faces":{"north":{"uv":[1,6.84375,1.5,6.84375],"rotation":90,"texture":"#1"},"east":{"uv":[2.75,6.6875,3.25,6.625],"rotation":270,"texture":"#1"},"south":{"uv":[1,6.84375,1.5,6.84375],"rotation":270,"texture":"#1"},"west":{"uv":[2.75,6.6875,3.25,6.625],"rotation":270,"texture":"#1"},"up":{"uv":[1.0625,6.84375,1.125,6.84375],"rotation":270,"texture":"#1"},"down":{"uv":[1.0625,6.84375,1.125,6.84375],"rotation":270,"texture":"#1"}}},{"from":[15.4,5.7,25.3],"to":[16.4,13.7,25.3],"rotation":{"angle":0,"axis":"y","origin":[10.4,15.8,12.4]},"faces":{"north":{"uv":[2.75,6.6875,3.25,6.625],"rotation":270,"texture":"#1"},"east":{"uv":[1,6.84375,1.5,6.84375],"rotation":90,"texture":"#1"},"south":{"uv":[2.75,6.6875,3.25,6.625],"rotation":270,"texture":"#1"},"west":{"uv":[1,6.84375,1.5,6.84375],"rotation":270,"texture":"#1"},"up":{"uv":[1.0625,6.84375,1.125,6.84375],"texture":"#1"},"down":{"uv":[1.0625,6.84375,1.125,6.84375],"rotation":180,"texture":"#1"}}},{"from":[15.4,13.7,25.3],"to":[16.4,19.7,25.3],"rotation":{"angle":0,"axis":"y","origin":[10.4,15.8,12.4]},"faces":{"north":{"uv":[2.75,6.6875,3.125,6.625],"rotation":270,"texture":"#1"},"east":{"uv":[1,6.84375,1.375,6.84375],"rotation":90,"texture":"#1"},"south":{"uv":[2.75,6.6875,3.125,6.625],"rotation":270,"texture":"#1"},"west":{"uv":[1,6.84375,1.375,6.84375],"rotation":270,"texture":"#1"},"up":{"uv":[1.0625,6.84375,1.125,6.84375],"texture":"#1"},"down":{"uv":[1.0625,6.84375,1.125,6.84375],"rotation":180,"texture":"#1"}}},{"from":[28.5,-14.6,15.89949],"to":[28.5,-12.6,19.89949],"rotation":{"angle":-22.5,"axis":"y","origin":[9.5,9.8,3]},"faces":{"north":{"uv":[1.8125,5.5,1.8125,5.625],"texture":"#1"},"east":{"uv":[0.5,5.75,0.75,5.875],"texture":"#1"},"south":{"uv":[1.8125,5.5,1.8125,5.625],"texture":"#1"},"west":{"uv":[0.5,5.75,0.75,5.875],"texture":"#1"},"up":{"uv":[1.84375,5.5,1.84375,5.75],"texture":"#1"},"down":{"uv":[1.84375,5.5,1.84375,5.75],"texture":"#1"}}},{"from":[19.4,-14.6,15.89949],"to":[19.4,-12.6,19.89949],"rotation":{"angle":-22.5,"axis":"y","origin":[9.5,9.8,3]},"faces":{"north":{"uv":[1.8125,5.5,1.8125,5.625],"texture":"#1"},"east":{"uv":[0.75,5.75,0.5,5.875],"texture":"#1"},"south":{"uv":[1.8125,5.5,1.8125,5.625],"texture":"#1"},"west":{"uv":[0.75,5.75,0.5,5.875],"texture":"#1"},"up":{"uv":[1.84375,5.5,1.84375,5.75],"texture":"#1"},"down":{"uv":[1.84375,5.5,1.84375,5.75],"texture":"#1"}}},{"from":[19.5,-15.4,12.59949],"to":[20,-12.4,24.59949],"rotation":{"angle":-22.5,"axis":"y","origin":[9.5,9.8,3]},"faces":{"north":{"uv":[2.34375,5.6875,2.3125,5.875],"texture":"#1"},"east":{"uv":[1.75,5.9375,1,6.125],"texture":"#1"},"south":{"uv":[2.34375,5.6875,2.3125,5.875],"texture":"#1"},"west":{"uv":[1.75,5.9375,1,6.125],"texture":"#1"},"up":{"uv":[2.375,5.6875,2.34375,6.4375],"texture":"#1"},"down":{"uv":[2.375,5.6875,2.34375,6.4375],"texture":"#1"}}},{"from":[20,-15.4,12.59949],"to":[28,-12.4,13.09949],"rotation":{"angle":-22.5,"axis":"y","origin":[9.5,9.8,3]},"faces":{"north":{"uv":[0.5,5.9375,1,6.125],"texture":"#1"},"east":{"uv":[1,5.9375,1.03125,6.125],"texture":"#1"},"south":{"uv":[0.5,5.9375,1,6.125],"texture":"#1"},"west":{"uv":[1,5.9375,1.03125,6.125],"texture":"#1"},"up":{"uv":[0.5,6.125,1,6.15625],"texture":"#1"},"down":{"uv":[0.5,6.125,1,6.15625],"texture":"#1"}}},{"from":[20,-15.3,13.09949],"to":[28,-15.3,24.09949],"rotation":{"angle":-22.5,"axis":"y","origin":[9.5,9.8,3]},"faces":{"north":{"uv":[1,5.9375,0.5,5.9375],"texture":"#1"},"east":{"uv":[1.6875,5.9375,1,5.9375],"texture":"#1"},"south":{"uv":[1,5.9375,0.5,5.9375],"texture":"#1"},"west":{"uv":[1.6875,5.9375,1,5.9375],"texture":"#1"},"up":{"uv":[1,6.15625,0.5,6.84375],"texture":"#1"},"down":{"uv":[1,6.15625,0.5,6.84375],"texture":"#1"}}},{"from":[28,-15.4,12.59949],"to":[28.5,-12.4,24.59949],"rotation":{"angle":-22.5,"axis":"y","origin":[9.5,9.8,3]},"faces":{"north":{"uv":[2.3125,5.6875,2.34375,5.875],"texture":"#1"},"east":{"uv":[1,5.9375,1.75,6.125],"texture":"#1"},"south":{"uv":[2.3125,5.6875,2.34375,5.875],"texture":"#1"},"west":{"uv":[1,5.9375,1.75,6.125],"texture":"#1"},"up":{"uv":[2.34375,5.6875,2.375,6.4375],"texture":"#1"},"down":{"uv":[2.34375,5.6875,2.375,6.4375],"texture":"#1"}}},{"from":[20,-15.4,24.09949],"to":[28,-12.4,24.59949],"rotation":{"angle":-22.5,"axis":"y","origin":[9.5,9.8,3]},"faces":{"north":{"uv":[1,5.9375,0.5,6.125],"texture":"#1"},"east":{"uv":[1.03125,5.9375,1,6.125],"texture":"#1"},"south":{"uv":[1,5.9375,0.5,6.125],"texture":"#1"},"west":{"uv":[1.03125,5.9375,1,6.125],"texture":"#1"},"up":{"uv":[1,6.125,0.5,6.15625],"texture":"#1"},"down":{"uv":[1,6.125,0.5,6.15625],"texture":"#1"}}},{"from":[13,-12.4,27.09949],"to":[21,-9.4,27.59949],"rotation":{"angle":0,"axis":"y","origin":[9.5,9.8,3]},"faces":{"north":{"uv":[1,5.9375,0.5,6.125],"texture":"#1"},"east":{"uv":[1.03125,5.9375,1,6.125],"texture":"#1"},"south":{"uv":[1,5.9375,0.5,6.125],"texture":"#1"},"west":{"uv":[1.03125,5.9375,1,6.125],"texture":"#1"},"up":{"uv":[1,6.125,0.5,6.15625],"texture":"#1"},"down":{"uv":[1,6.125,0.5,6.15625],"texture":"#1"}}},{"from":[21,-12.4,15.59949],"to":[21.5,-9.4,27.59949],"rotation":{"angle":0,"axis":"y","origin":[9.5,9.8,3]},"faces":{"north":{"uv":[2.3125,5.6875,2.34375,5.875],"texture":"#1"},"east":{"uv":[1,5.9375,1.75,6.125],"texture":"#1"},"south":{"uv":[2.3125,5.6875,2.34375,5.875],"texture":"#1"},"west":{"uv":[1,5.9375,1.75,6.125],"texture":"#1"},"up":{"uv":[2.34375,5.6875,2.375,6.4375],"texture":"#1"},"down":{"uv":[2.34375,5.6875,2.375,6.4375],"texture":"#1"}}},{"from":[13,-12.3,16.09949],"to":[21,-12.3,27.09949],"rotation":{"angle":0,"axis":"y","origin":[9.5,9.8,3]},"faces":{"north":{"uv":[1,5.9375,0.5,5.9375],"texture":"#1"},"east":{"uv":[1.6875,5.9375,1,5.9375],"texture":"#1"},"south":{"uv":[1,5.9375,0.5,5.9375],"texture":"#1"},"west":{"uv":[1.6875,5.9375,1,5.9375],"texture":"#1"},"up":{"uv":[1,6.15625,0.5,6.84375],"texture":"#1"},"down":{"uv":[1,6.15625,0.5,6.84375],"texture":"#1"}}},{"from":[13,-12.4,15.59949],"to":[21,-9.4,16.09949],"rotation":{"angle":0,"axis":"y","origin":[9.5,9.8,3]},"faces":{"north":{"uv":[0.5,5.9375,1,6.125],"texture":"#1"},"east":{"uv":[1,5.9375,1.03125,6.125],"texture":"#1"},"south":{"uv":[0.5,5.9375,1,6.125],"texture":"#1"},"west":{"uv":[1,5.9375,1.03125,6.125],"texture":"#1"},"up":{"uv":[0.5,6.125,1,6.15625],"texture":"#1"},"down":{"uv":[0.5,6.125,1,6.15625],"texture":"#1"}}},{"from":[12.5,-12.4,15.59949],"to":[13,-9.4,27.59949],"rotation":{"angle":0,"axis":"y","origin":[9.5,9.8,3]},"faces":{"north":{"uv":[2.34375,5.6875,2.3125,5.875],"texture":"#1"},"east":{"uv":[1.75,5.9375,1,6.125],"texture":"#1"},"south":{"uv":[2.34375,5.6875,2.3125,5.875],"texture":"#1"},"west":{"uv":[1.75,5.9375,1,6.125],"texture":"#1"},"up":{"uv":[2.375,5.6875,2.34375,6.4375],"texture":"#1"},"down":{"uv":[2.375,5.6875,2.34375,6.4375],"texture":"#1"}}},{"from":[12.4,-11.6,18.89949],"to":[12.4,-9.6,22.89949],"rotation":{"angle":0,"axis":"y","origin":[9.5,9.8,3]},"faces":{"north":{"uv":[1.8125,5.5,1.8125,5.625],"texture":"#1"},"east":{"uv":[0.75,5.75,0.5,5.875],"texture":"#1"},"south":{"uv":[1.8125,5.5,1.8125,5.625],"texture":"#1"},"west":{"uv":[0.75,5.75,0.5,5.875],"texture":"#1"},"up":{"uv":[1.84375,5.5,1.84375,5.75],"texture":"#1"},"down":{"uv":[1.84375,5.5,1.84375,5.75],"texture":"#1"}}},{"from":[21.6,-11.6,18.89949],"to":[21.6,-9.6,22.89949],"rotation":{"angle":0,"axis":"y","origin":[9.5,9.8,3]},"faces":{"north":{"uv":[1.8125,5.5,1.8125,5.625],"texture":"#1"},"east":{"uv":[0.5,5.75,0.75,5.875],"texture":"#1"},"south":{"uv":[1.8125,5.5,1.8125,5.625],"texture":"#1"},"west":{"uv":[0.5,5.75,0.75,5.875],"texture":"#1"},"up":{"uv":[1.84375,5.5,1.84375,5.75],"texture":"#1"},"down":{"uv":[1.84375,5.5,1.84375,5.75],"texture":"#1"}}},{"from":[21,-12.4,15.59949],"to":[21.5,-9.4,27.59949],"rotation":{"angle":0,"axis":"y","origin":[9.5,9.8,3]},"faces":{"north":{"uv":[2.3125,5.6875,2.34375,5.875],"texture":"#1"},"east":{"uv":[1,5.9375,1.75,6.125],"texture":"#1"},"south":{"uv":[2.3125,5.6875,2.34375,5.875],"texture":"#1"},"west":{"uv":[1,5.9375,1.75,6.125],"texture":"#1"},"up":{"uv":[2.34375,5.6875,2.375,6.4375],"texture":"#1"},"down":{"uv":[2.34375,5.6875,2.375,6.4375],"texture":"#1"}}},{"from":[21.6,-11.6,18.89949],"to":[21.6,-9.6,22.89949],"rotation":{"angle":0,"axis":"y","origin":[9.5,9.8,3]},"faces":{"north":{"uv":[1.8125,5.5,1.8125,5.625],"texture":"#1"},"east":{"uv":[0.5,5.75,0.75,5.875],"texture":"#1"},"south":{"uv":[1.8125,5.5,1.8125,5.625],"texture":"#1"},"west":{"uv":[0.5,5.75,0.75,5.875],"texture":"#1"},"up":{"uv":[1.84375,5.5,1.84375,5.75],"texture":"#1"},"down":{"uv":[1.84375,5.5,1.84375,5.75],"texture":"#1"}}},{"from":[13,-12.4,15.59949],"to":[21,-9.4,16.09949],"rotation":{"angle":0,"axis":"y","origin":[9.5,9.8,3]},"faces":{"north":{"uv":[0.5,5.9375,1,6.125],"texture":"#1"},"east":{"uv":[1,5.9375,1.03125,6.125],"texture":"#1"},"south":{"uv":[0.5,5.9375,1,6.125],"texture":"#1"},"west":{"uv":[1,5.9375,1.03125,6.125],"texture":"#1"},"up":{"uv":[0.5,6.125,1,6.15625],"texture":"#1"},"down":{"uv":[0.5,6.125,1,6.15625],"texture":"#1"}}},{"from":[13,-12.4,27.09949],"to":[21,-9.4,27.59949],"rotation":{"angle":0,"axis":"y","origin":[9.5,9.8,3]},"faces":{"north":{"uv":[1,5.9375,0.5,6.125],"texture":"#1"},"east":{"uv":[1.03125,5.9375,1,6.125],"texture":"#1"},"south":{"uv":[1,5.9375,0.5,6.125],"texture":"#1"},"west":{"uv":[1.03125,5.9375,1,6.125],"texture":"#1"},"up":{"uv":[1,6.125,0.5,6.15625],"texture":"#1"},"down":{"uv":[1,6.125,0.5,6.15625],"texture":"#1"}}},{"from":[12.5,-12.4,15.59949],"to":[13,-9.4,27.59949],"rotation":{"angle":0,"axis":"y","origin":[9.5,9.8,3]},"faces":{"north":{"uv":[2.34375,5.6875,2.3125,5.875],"texture":"#1"},"east":{"uv":[1.75,5.9375,1,6.125],"texture":"#1"},"south":{"uv":[2.34375,5.6875,2.3125,5.875],"texture":"#1"},"west":{"uv":[1.75,5.9375,1,6.125],"texture":"#1"},"up":{"uv":[2.375,5.6875,2.34375,6.4375],"texture":"#1"},"down":{"uv":[2.375,5.6875,2.34375,6.4375],"texture":"#1"}}},{"from":[12.4,-11.6,18.89949],"to":[12.4,-9.6,22.89949],"rotation":{"angle":0,"axis":"y","origin":[9.5,9.8,3]},"faces":{"north":{"uv":[1.8125,5.5,1.8125,5.625],"texture":"#1"},"east":{"uv":[0.75,5.75,0.5,5.875],"texture":"#1"},"south":{"uv":[1.8125,5.5,1.8125,5.625],"texture":"#1"},"west":{"uv":[0.75,5.75,0.5,5.875],"texture":"#1"},"up":{"uv":[1.84375,5.5,1.84375,5.75],"texture":"#1"},"down":{"uv":[1.84375,5.5,1.84375,5.75],"texture":"#1"}}},{"from":[21,-16,-10.40051],"to":[21.5,-13,1.59949],"rotation":{"angle":0,"axis":"y","origin":[9.5,9.8,2]},"faces":{"north":{"uv":[2.3125,5.6875,2.34375,5.875],"texture":"#1"},"east":{"uv":[1,5.9375,1.75,6.125],"texture":"#1"},"south":{"uv":[2.3125,5.6875,2.34375,5.875],"texture":"#1"},"west":{"uv":[1,5.9375,1.75,6.125],"texture":"#1"},"up":{"uv":[2.34375,5.6875,2.375,6.4375],"texture":"#1"},"down":{"uv":[2.34375,5.6875,2.375,6.4375],"texture":"#1"}}},{"from":[21.6,-15.2,-7.10051],"to":[21.6,-13.2,-3.10051],"rotation":{"angle":0,"axis":"y","origin":[9.5,9.8,2]},"faces":{"north":{"uv":[1.8125,5.5,1.8125,5.625],"texture":"#1"},"east":{"uv":[0.5,5.75,0.75,5.875],"texture":"#1"},"south":{"uv":[1.8125,5.5,1.8125,5.625],"texture":"#1"},"west":{"uv":[0.5,5.75,0.75,5.875],"texture":"#1"},"up":{"uv":[1.84375,5.5,1.84375,5.75],"texture":"#1"},"down":{"uv":[1.84375,5.5,1.84375,5.75],"texture":"#1"}}},{"from":[13,-16,-10.40051],"to":[21,-13,-9.90051],"rotation":{"angle":0,"axis":"y","origin":[9.5,9.8,2]},"faces":{"north":{"uv":[0.5,5.9375,1,6.125],"texture":"#1"},"east":{"uv":[1,5.9375,1.03125,6.125],"texture":"#1"},"south":{"uv":[0.5,5.9375,1,6.125],"texture":"#1"},"west":{"uv":[1,5.9375,1.03125,6.125],"texture":"#1"},"up":{"uv":[0.5,6.125,1,6.15625],"texture":"#1"},"down":{"uv":[0.5,6.125,1,6.15625],"texture":"#1"}}},{"from":[13,-16,1.09949],"to":[21,-13,1.59949],"rotation":{"angle":0,"axis":"y","origin":[9.5,9.8,2]},"faces":{"north":{"uv":[1,5.9375,0.5,6.125],"texture":"#1"},"east":{"uv":[1.03125,5.9375,1,6.125],"texture":"#1"},"south":{"uv":[1,5.9375,0.5,6.125],"texture":"#1"},"west":{"uv":[1.03125,5.9375,1,6.125],"texture":"#1"},"up":{"uv":[1,6.125,0.5,6.15625],"texture":"#1"},"down":{"uv":[1,6.125,0.5,6.15625],"texture":"#1"}}},{"from":[12.5,-16,-10.40051],"to":[13,-13,1.59949],"rotation":{"angle":0,"axis":"y","origin":[9.5,9.8,2]},"faces":{"north":{"uv":[2.34375,5.6875,2.3125,5.875],"texture":"#1"},"east":{"uv":[1.75,5.9375,1,6.125],"texture":"#1"},"south":{"uv":[2.34375,5.6875,2.3125,5.875],"texture":"#1"},"west":{"uv":[1.75,5.9375,1,6.125],"texture":"#1"},"up":{"uv":[2.375,5.6875,2.34375,6.4375],"texture":"#1"},"down":{"uv":[2.375,5.6875,2.34375,6.4375],"texture":"#1"}}},{"from":[12.4,-15.2,-7.10051],"to":[12.4,-13.2,-3.10051],"rotation":{"angle":0,"axis":"y","origin":[9.5,9.8,2]},"faces":{"north":{"uv":[1.8125,5.5,1.8125,5.625],"texture":"#1"},"east":{"uv":[0.75,5.75,0.5,5.875],"texture":"#1"},"south":{"uv":[1.8125,5.5,1.8125,5.625],"texture":"#1"},"west":{"uv":[0.75,5.75,0.5,5.875],"texture":"#1"},"up":{"uv":[1.84375,5.5,1.84375,5.75],"texture":"#1"},"down":{"uv":[1.84375,5.5,1.84375,5.75],"texture":"#1"}}},{"from":[13,-15.9,-9.90051],"to":[21,-15.9,1.09949],"rotation":{"angle":0,"axis":"y","origin":[9.5,9.8,2]},"faces":{"north":{"uv":[1,5.9375,0.5,5.9375],"texture":"#1"},"east":{"uv":[1.6875,5.9375,1,5.9375],"texture":"#1"},"south":{"uv":[1,5.9375,0.5,5.9375],"texture":"#1"},"west":{"uv":[1.6875,5.9375,1,5.9375],"texture":"#1"},"up":{"uv":[1,6.15625,0.5,6.84375],"texture":"#1"},"down":{"uv":[1,6.15625,0.5,6.84375],"texture":"#1"}}},{"from":[20,9.3,25.4],"to":[21,17.3,25.4],"rotation":{"angle":0,"axis":"y","origin":[10.4,15.8,12.4]},"faces":{"north":{"uv":[2.75,6.6875,3.25,6.625],"rotation":270,"texture":"#1"},"east":{"uv":[1,6.84375,1.5,6.84375],"rotation":90,"texture":"#1"},"south":{"uv":[2.75,6.6875,3.25,6.625],"rotation":270,"texture":"#1"},"west":{"uv":[1,6.84375,1.5,6.84375],"rotation":270,"texture":"#1"},"up":{"uv":[1.0625,6.84375,1.125,6.84375],"texture":"#1"},"down":{"uv":[1.0625,6.84375,1.125,6.84375],"rotation":180,"texture":"#1"}}},{"from":[18.5,7.3,25.4],"to":[22.5,10.3,25.4],"rotation":{"angle":0,"axis":"y","origin":[10.4,15.8,12.4]},"faces":{"north":{"uv":[1.375,7.15625,1.5625,6.90625],"rotation":270,"texture":"#1"},"east":{"uv":[1,6.84375,1.1875,6.84375],"rotation":90,"texture":"#1"},"south":{"uv":[1.375,7.15625,1.5625,6.90625],"rotation":270,"texture":"#1"},"west":{"uv":[1,6.84375,1.1875,6.84375],"rotation":270,"texture":"#1"},"up":{"uv":[1.0625,6.84375,1.3125,6.84375],"texture":"#1"},"down":{"uv":[1.0625,6.84375,1.3125,6.84375],"rotation":180,"texture":"#1"}}},{"from":[19.5,6.3,24.9],"to":[21.5,8.3,25.8],"rotation":{"angle":0,"axis":"y","origin":[10.4,15.8,12.4]},"faces":{"north":{"uv":[1.5625,7.09375,1.6875,6.96875],"rotation":270,"texture":"#1"},"east":{"uv":[1.5625,7.15,1.6875,7.09375],"rotation":90,"texture":"#1"},"south":{"uv":[1.5625,7.09375,1.6875,6.96875],"rotation":270,"texture":"#1"},"west":{"uv":[1.8125,7.15,1.6875,7.09375],"rotation":270,"texture":"#1"},"up":{"uv":[1.5625,7.2125,1.6875,7.15625],"texture":"#1"},"down":{"uv":[1.5625,7.2125,1.6875,7.15625],"rotation":180,"texture":"#1"}}},{"from":[19,2.3,24.5],"to":[22,7.3,26.5],"rotation":{"angle":0,"axis":"y","origin":[10.4,16.3,12.8]},"faces":{"north":{"uv":[1.5625,6.65625,1.875,6.84375],"rotation":270,"texture":"#1"},"east":{"uv":[1.5625,6.96875,1.875,6.84375],"rotation":90,"texture":"#1"},"south":{"uv":[1.5625,6.84375,1.875,6.65625],"rotation":270,"texture":"#1"},"west":{"uv":[1.6875,7.09375,2,6.96875],"rotation":270,"texture":"#1"},"up":{"uv":[2.0625,6.9375,1.875,6.8125],"texture":"#1"},"down":{"uv":[2.0625,6.9375,1.875,6.8125],"rotation":180,"texture":"#1"}}},{"from":[19.3,0.5,24.7],"to":[21.8,2.5,26.2],"rotation":{"angle":0,"axis":"y","origin":[10.4,16.3,12.8]},"faces":{"north":{"uv":[1.15625,7.0625,1.28125,7.21875],"rotation":270,"texture":"#1"},"east":{"uv":[1.3125,7.40625,1.4375,7.3125],"rotation":90,"texture":"#1"},"south":{"uv":[1.15625,7.21875,1.28125,7.0625],"rotation":270,"texture":"#1"},"west":{"uv":[1.28125,7.3125,1.40625,7.21875],"rotation":270,"texture":"#1"},"up":{"uv":[1.125,7.3125,1.28125,7.21875],"texture":"#1"},"down":{"uv":[1.125,7.3125,1.28125,7.21875],"rotation":180,"texture":"#1"}}},{"from":[1,10.3,25.4],"to":[2,18.3,25.4],"rotation":{"angle":0,"axis":"y","origin":[10.4,15.8,12.4]},"faces":{"north":{"uv":[2.75,6.6875,3.25,6.625],"rotation":270,"texture":"#1"},"east":{"uv":[1,6.84375,1.5,6.84375],"rotation":90,"texture":"#1"},"south":{"uv":[2.75,6.6875,3.25,6.625],"rotation":270,"texture":"#1"},"west":{"uv":[1,6.84375,1.5,6.84375],"rotation":270,"texture":"#1"},"up":{"uv":[1.0625,6.84375,1.125,6.84375],"texture":"#1"},"down":{"uv":[1.0625,6.84375,1.125,6.84375],"rotation":180,"texture":"#1"}}},{"from":[-0.5,8.3,25.4],"to":[3.5,11.3,25.4],"rotation":{"angle":0,"axis":"y","origin":[10.4,15.8,12.4]},"faces":{"north":{"uv":[1.375,7.15625,1.5625,6.90625],"rotation":270,"texture":"#1"},"east":{"uv":[1,6.84375,1.1875,6.84375],"rotation":90,"texture":"#1"},"south":{"uv":[1.375,7.15625,1.5625,6.90625],"rotation":270,"texture":"#1"},"west":{"uv":[1,6.84375,1.1875,6.84375],"rotation":270,"texture":"#1"},"up":{"uv":[1.0625,6.84375,1.3125,6.84375],"texture":"#1"},"down":{"uv":[1.0625,6.84375,1.3125,6.84375],"rotation":180,"texture":"#1"}}},{"from":[0,3.3,24.5],"to":[3,8.3,26.5],"rotation":{"angle":0,"axis":"y","origin":[10.4,16.3,12.8]},"faces":{"north":{"uv":[1.5625,6.65625,1.875,6.84375],"rotation":270,"texture":"#1"},"east":{"uv":[1.5625,6.96875,1.875,6.84375],"rotation":90,"texture":"#1"},"south":{"uv":[1.5625,6.84375,1.875,6.65625],"rotation":270,"texture":"#1"},"west":{"uv":[1.6875,7.09375,2,6.96875],"rotation":270,"texture":"#1"},"up":{"uv":[2.0625,6.9375,1.875,6.8125],"texture":"#1"},"down":{"uv":[2.0625,6.9375,1.875,6.8125],"rotation":180,"texture":"#1"}}},{"from":[0.3,1.5,24.7],"to":[2.8,3.5,26.2],"rotation":{"angle":0,"axis":"y","origin":[10.4,16.3,12.8]},"faces":{"north":{"uv":[1.15625,7.0625,1.28125,7.21875],"rotation":270,"texture":"#1"},"east":{"uv":[1.3125,7.40625,1.4375,7.3125],"rotation":90,"texture":"#1"},"south":{"uv":[1.15625,7.21875,1.28125,7.0625],"rotation":270,"texture":"#1"},"west":{"uv":[1.28125,7.3125,1.40625,7.21875],"rotation":270,"texture":"#1"},"up":{"uv":[1.125,7.3125,1.28125,7.21875],"texture":"#1"},"down":{"uv":[1.125,7.3125,1.28125,7.21875],"rotation":180,"texture":"#1"}}},{"from":[0.5,7.3,24.9],"to":[2.5,9.3,25.8],"rotation":{"angle":0,"axis":"y","origin":[10.4,15.8,12.4]},"faces":{"north":{"uv":[1.5625,7.09375,1.6875,6.96875],"rotation":270,"texture":"#1"},"east":{"uv":[1.5625,7.15,1.6875,7.09375],"rotation":90,"texture":"#1"},"south":{"uv":[1.5625,7.09375,1.6875,6.96875],"rotation":270,"texture":"#1"},"west":{"uv":[1.8125,7.15,1.6875,7.09375],"rotation":270,"texture":"#1"},"up":{"uv":[1.5625,7.2125,1.6875,7.15625],"texture":"#1"},"down":{"uv":[1.5625,7.2125,1.6875,7.15625],"rotation":180,"texture":"#1"}}},{"from":[13.92067,3.8,25.33434],"to":[17.92067,6.8,25.33434],"rotation":{"angle":0,"axis":"y","origin":[25.1,5.3,8.2]},"faces":{"north":{"uv":[1.5,6.65625,1.3125,6.90625],"rotation":90,"texture":"#1"},"east":{"uv":[1.1875,6.84375,1,6.84375],"rotation":90,"texture":"#1"},"south":{"uv":[1.5,6.65625,1.3125,6.90625],"rotation":90,"texture":"#1"},"west":{"uv":[1.1875,6.84375,1,6.84375],"rotation":270,"texture":"#1"},"up":{"uv":[1.3125,6.84375,1.0625,6.84375],"texture":"#1"},"down":{"uv":[1.3125,6.84375,1.0625,6.84375],"rotation":180,"texture":"#1"}}},{"from":[15,2.8,24.9],"to":[17,4.8,25.8],"rotation":{"angle":0,"axis":"y","origin":[25.1,5.3,8.2]},"faces":{"north":{"uv":[1.25,6.9375,1.125,7.0625],"rotation":90,"texture":"#1"},"east":{"uv":[1.125,7.1875,1,7.24375],"rotation":90,"texture":"#1"},"south":{"uv":[1.25,6.9375,1.125,7.0625],"rotation":90,"texture":"#1"},"west":{"uv":[1.125,7.1875,1,7.24375],"rotation":270,"texture":"#1"},"up":{"uv":[1.125,7.25,1,7.30625],"texture":"#1"},"down":{"uv":[1.125,7.25,1,7.30625],"rotation":180,"texture":"#1"}}},{"from":[14.52067,-1.7,24.33434],"to":[17.52067,3.3,26.33434],"rotation":{"angle":0,"axis":"y","origin":[25.1,5.3,8.2]},"faces":{"north":{"uv":[1.3125,6.71875,1,6.53125],"rotation":90,"texture":"#1"},"east":{"uv":[1.3125,7.3125,1,7.4375],"rotation":90,"texture":"#1"},"south":{"uv":[1.3125,6.53125,1,6.71875],"rotation":90,"texture":"#1"},"west":{"uv":[1.3125,6.71875,1,6.84375],"rotation":270,"texture":"#1"},"up":{"uv":[1.5,6.53125,1.3125,6.65625],"texture":"#1"},"down":{"uv":[1.5,6.53125,1.3125,6.65625],"rotation":180,"texture":"#1"}}},{"from":[14.8,-3.5,24.6],"to":[17.3,-1.5,26.1],"rotation":{"angle":0,"axis":"y","origin":[25.1,5.3,8.2]},"faces":{"north":{"uv":[1.125,7.09375,1,6.9375],"rotation":90,"texture":"#1"},"east":{"uv":[1.375,6.9375,1.25,7.03125],"rotation":90,"texture":"#1"},"south":{"uv":[1.125,6.9375,1,7.09375],"rotation":90,"texture":"#1"},"west":{"uv":[1.125,6.84375,1,6.9375],"rotation":270,"texture":"#1"},"up":{"uv":[1.15625,7.09375,1,7.1875],"texture":"#1"},"down":{"uv":[1.15625,7.09375,1,7.1875],"rotation":180,"texture":"#1"}}},{"from":[9.8,1.5,24.6],"to":[12.3,3.5,26.1],"rotation":{"angle":0,"axis":"y","origin":[25.1,5.3,8.2]},"faces":{"north":{"uv":[1.125,7.09375,1,6.9375],"rotation":90,"texture":"#1"},"east":{"uv":[1.375,6.9375,1.25,7.03125],"rotation":90,"texture":"#1"},"south":{"uv":[1.125,6.9375,1,7.09375],"rotation":90,"texture":"#1"},"west":{"uv":[1.125,6.84375,1,6.9375],"rotation":270,"texture":"#1"},"up":{"uv":[1.15625,7.09375,1,7.1875],"texture":"#1"},"down":{"uv":[1.15625,7.09375,1,7.1875],"rotation":180,"texture":"#1"}}},{"from":[9.52067,3.3,24.33434],"to":[12.52067,8.3,26.33434],"rotation":{"angle":0,"axis":"y","origin":[25.1,5.3,8.2]},"faces":{"north":{"uv":[1.3125,6.71875,1,6.53125],"rotation":90,"texture":"#1"},"east":{"uv":[1.3125,7.3125,1,7.4375],"rotation":90,"texture":"#1"},"south":{"uv":[1.3125,6.53125,1,6.71875],"rotation":90,"texture":"#1"},"west":{"uv":[1.3125,6.71875,1,6.84375],"rotation":270,"texture":"#1"},"up":{"uv":[1.5,6.53125,1.3125,6.65625],"texture":"#1"},"down":{"uv":[1.5,6.53125,1.3125,6.65625],"rotation":180,"texture":"#1"}}},{"from":[8.92067,8.8,25.33434],"to":[12.92067,11.8,25.33434],"rotation":{"angle":0,"axis":"y","origin":[25.1,5.3,8.2]},"faces":{"north":{"uv":[1.5,6.65625,1.3125,6.90625],"rotation":90,"texture":"#1"},"east":{"uv":[1.1875,6.84375,1,6.84375],"rotation":90,"texture":"#1"},"south":{"uv":[1.5,6.65625,1.3125,6.90625],"rotation":90,"texture":"#1"},"west":{"uv":[1.1875,6.84375,1,6.84375],"rotation":270,"texture":"#1"},"up":{"uv":[1.3125,6.84375,1.0625,6.84375],"texture":"#1"},"down":{"uv":[1.3125,6.84375,1.0625,6.84375],"rotation":180,"texture":"#1"}}},{"from":[10.4,10.7,25.3],"to":[11.4,18.7,25.3],"rotation":{"angle":0,"axis":"y","origin":[10.4,15.8,12.4]},"faces":{"north":{"uv":[2.75,6.6875,3.25,6.625],"rotation":270,"texture":"#1"},"east":{"uv":[1,6.84375,1.5,6.84375],"rotation":90,"texture":"#1"},"south":{"uv":[2.75,6.6875,3.25,6.625],"rotation":270,"texture":"#1"},"west":{"uv":[1,6.84375,1.5,6.84375],"rotation":270,"texture":"#1"},"up":{"uv":[1.0625,6.84375,1.125,6.84375],"texture":"#1"},"down":{"uv":[1.0625,6.84375,1.125,6.84375],"rotation":180,"texture":"#1"}}},{"from":[10,7.8,24.9],"to":[12,9.8,25.8],"rotation":{"angle":0,"axis":"y","origin":[25.1,5.3,8.2]},"faces":{"north":{"uv":[1.25,6.9375,1.125,7.0625],"rotation":90,"texture":"#1"},"east":{"uv":[1.125,7.1875,1,7.24375],"rotation":90,"texture":"#1"},"south":{"uv":[1.25,6.9375,1.125,7.0625],"rotation":90,"texture":"#1"},"west":{"uv":[1.125,7.1875,1,7.24375],"rotation":270,"texture":"#1"},"up":{"uv":[1.125,7.25,1,7.30625],"texture":"#1"},"down":{"uv":[1.125,7.25,1,7.30625],"rotation":180,"texture":"#1"}}},{"from":[-11,-16,23],"to":[-7,16,27],"rotation":{"angle":0,"axis":"y","origin":[16,0,16]},"faces":{"north":{"uv":[0.25,4.6875,0,6.6875],"texture":"#0"},"east":{"uv":[0.25,4.6875,0.5,6.6875],"texture":"#0"},"south":{"uv":[0.25,4.6875,0,6.6875],"texture":"#0"},"west":{"uv":[0.25,4.6875,0.5,6.6875],"texture":"#0"},"up":{"uv":[1.1875,5.5625,1.4375,5.8125],"texture":"#0"},"down":{"uv":[1.1875,5.5625,1.4375,5.8125],"texture":"#0"}}},{"from":[13.52067,-14.93434,-7.4],"to":[16.52067,-12.93434,-2.4],"rotation":{"angle":0,"axis":"y","origin":[13.7,-14.2,-2.4]},"faces":{"north":{"uv":[1.3125,6.53125,1.5,6.65625],"texture":"#1"},"east":{"uv":[1.3125,6.71875,1,6.84375],"texture":"#1"},"south":{"uv":[1.5,6.53125,1.3125,6.65625],"texture":"#1"},"west":{"uv":[1.3125,7.3125,1,7.4375],"texture":"#1"},"up":{"uv":[1.3125,6.53125,1,6.71875],"rotation":270,"texture":"#1"},"down":{"uv":[1.3125,6.53125,1,6.71875],"rotation":90,"texture":"#1"}}},{"from":[14.02067,-14.33434,-2.9],"to":[16.02067,-13.43434,-0.9],"rotation":{"angle":-22.5,"axis":"x","origin":[13.7,-14.2,-2.4]},"faces":{"north":{"uv":[1.125,7.25,1,7.30625],"texture":"#1"},"east":{"uv":[1.125,7.1875,1,7.24375],"texture":"#1"},"south":{"uv":[1.125,7.25,1,7.30625],"texture":"#1"},"west":{"uv":[1.125,7.1875,1,7.24375],"texture":"#1"},"up":{"uv":[1.25,6.9375,1.125,7.0625],"rotation":270,"texture":"#1"},"down":{"uv":[1.25,6.9375,1.125,7.0625],"rotation":90,"texture":"#1"}}},{"from":[13.02067,-14.23434,-1.9],"to":[17.02067,-14.23434,1.1],"rotation":{"angle":-45,"axis":"x","origin":[13.7,-14.2,-2.4]},"faces":{"north":{"uv":[1.3125,6.84375,1.0625,6.84375],"texture":"#1"},"east":{"uv":[1.1875,6.84375,1,6.84375],"texture":"#1"},"south":{"uv":[1.3125,6.84375,1.0625,6.84375],"texture":"#1"},"west":{"uv":[1.1875,6.84375,1,6.84375],"texture":"#1"},"up":{"uv":[1.5,6.65625,1.3125,6.90625],"rotation":270,"texture":"#1"},"down":{"uv":[1.5,6.65625,1.3125,6.90625],"rotation":90,"texture":"#1"}}},{"from":[13.82067,-12.73434,-8.5],"to":[16.32067,-11.23434,-6.5],"rotation":{"angle":-22.5,"axis":"x","origin":[13.7,-14.2,-2.4]},"faces":{"north":{"uv":[1.15625,7.09375,1,7.1875],"texture":"#1"},"east":{"uv":[1.125,6.84375,1,6.9375],"texture":"#1"},"south":{"uv":[1.15625,7.09375,1,7.1875],"texture":"#1"},"west":{"uv":[1.375,6.9375,1.25,7.03125],"texture":"#1"},"up":{"uv":[1.125,6.9375,1,7.09375],"rotation":270,"texture":"#1"},"down":{"uv":[1.125,6.9375,1,7.09375],"rotation":90,"texture":"#1"}}},{"from":[17.82067,-13.73434,-9.5],"to":[20.32067,-12.23434,-7.5],"rotation":{"angle":-22.5,"axis":"x","origin":[17.7,-15.2,-3.4]},"faces":{"north":{"uv":[1.15625,7.09375,1,7.1875],"texture":"#1"},"east":{"uv":[1.125,6.84375,1,6.9375],"texture":"#1"},"south":{"uv":[1.15625,7.09375,1,7.1875],"texture":"#1"},"west":{"uv":[1.375,6.9375,1.25,7.03125],"texture":"#1"},"up":{"uv":[1.125,6.9375,1,7.09375],"rotation":270,"texture":"#1"},"down":{"uv":[1.125,6.9375,1,7.09375],"rotation":90,"texture":"#1"}}},{"from":[17.02067,-15.23434,-2.9],"to":[21.02067,-15.23434,0.1],"rotation":{"angle":-45,"axis":"x","origin":[17.7,-15.2,-3.4]},"faces":{"north":{"uv":[1.3125,6.84375,1.0625,6.84375],"texture":"#1"},"east":{"uv":[1.1875,6.84375,1,6.84375],"texture":"#1"},"south":{"uv":[1.3125,6.84375,1.0625,6.84375],"texture":"#1"},"west":{"uv":[1.1875,6.84375,1,6.84375],"texture":"#1"},"up":{"uv":[1.5,6.65625,1.3125,6.90625],"rotation":270,"texture":"#1"},"down":{"uv":[1.5,6.65625,1.3125,6.90625],"rotation":90,"texture":"#1"}}},{"from":[18.02067,-15.33434,-3.9],"to":[20.02067,-14.43434,-1.9],"rotation":{"angle":-22.5,"axis":"x","origin":[17.7,-15.2,-3.4]},"faces":{"north":{"uv":[1.125,7.25,1,7.30625],"texture":"#1"},"east":{"uv":[1.125,7.1875,1,7.24375],"texture":"#1"},"south":{"uv":[1.125,7.25,1,7.30625],"texture":"#1"},"west":{"uv":[1.125,7.1875,1,7.24375],"texture":"#1"},"up":{"uv":[1.25,6.9375,1.125,7.0625],"rotation":270,"texture":"#1"},"down":{"uv":[1.25,6.9375,1.125,7.0625],"rotation":90,"texture":"#1"}}},{"from":[17.52067,-15.93434,-8.4],"to":[20.52067,-13.93434,-3.4],"rotation":{"angle":0,"axis":"y","origin":[17.7,-15.2,-3.4]},"faces":{"north":{"uv":[1.3125,6.53125,1.5,6.65625],"texture":"#1"},"east":{"uv":[1.3125,6.71875,1,6.84375],"texture":"#1"},"south":{"uv":[1.5,6.53125,1.3125,6.65625],"texture":"#1"},"west":{"uv":[1.3125,7.3125,1,7.4375],"texture":"#1"},"up":{"uv":[1.3125,6.53125,1,6.71875],"rotation":270,"texture":"#1"},"down":{"uv":[1.3125,6.53125,1,6.71875],"rotation":90,"texture":"#1"}}},{"from":[23,-16,23],"to":[27,16,27],"rotation":{"angle":0,"axis":"y","origin":[0,0,16]},"faces":{"north":{"uv":[0,4.6875,0.25,6.6875],"texture":"#0"},"east":{"uv":[0.5,4.6875,0.25,6.6875],"texture":"#0"},"south":{"uv":[0,4.6875,0.25,6.6875],"texture":"#0"},"west":{"uv":[0.5,4.6875,0.25,6.6875],"texture":"#0"},"up":{"uv":[1.4375,5.5625,1.1875,5.8125],"texture":"#0"},"down":{"uv":[1.4375,5.5625,1.1875,5.8125],"texture":"#0"}}},{"from":[17.8,-10.3015,13.43645],"to":[20.3,-8.8015,15.43645],"rotation":{"angle":0,"axis":"y","origin":[25.1,3.3,13]},"faces":{"north":{"uv":[1.28125,7.21875,1.125,7.3125],"texture":"#1"},"east":{"uv":[1.40625,7.21875,1.28125,7.3125],"texture":"#1"},"south":{"uv":[1.28125,7.21875,1.125,7.3125],"texture":"#1"},"west":{"uv":[1.4375,7.3125,1.3125,7.40625],"texture":"#1"},"up":{"uv":[1.28125,7.0625,1.15625,7.21875],"rotation":270,"texture":"#1"},"down":{"uv":[1.28125,7.0625,1.15625,7.21875],"rotation":90,"texture":"#1"}}},{"from":[17.45585,-8.57951,19.79599],"to":[20.45585,-6.57951,24.79599],"rotation":{"angle":22.5,"axis":"x","origin":[25.1,3.3,13]},"faces":{"north":{"uv":[1.875,6.8125,2.0625,6.9375],"texture":"#1"},"east":{"uv":[2,6.96875,1.6875,7.09375],"texture":"#1"},"south":{"uv":[2.0625,6.8125,1.875,6.9375],"texture":"#1"},"west":{"uv":[1.875,6.84375,1.5625,6.96875],"texture":"#1"},"up":{"uv":[1.875,6.65625,1.5625,6.84375],"rotation":270,"texture":"#1"},"down":{"uv":[1.875,6.65625,1.5625,6.84375],"rotation":90,"texture":"#1"}}},{"from":[14.62415,-11.17971,12.41766],"to":[16.62415,-10.27971,14.41766],"rotation":{"angle":45,"axis":"y","origin":[25.1,3.3,13]},"faces":{"north":{"uv":[1.6875,7.09375,1.5625,7.15],"texture":"#1"},"east":{"uv":[1.6875,7.15625,1.5625,7.2125],"texture":"#1"},"south":{"uv":[1.6875,7.09375,1.8125,7.15],"texture":"#1"},"west":{"uv":[1.6875,7.15625,1.5625,7.2125],"texture":"#1"},"up":{"uv":[1.6875,6.96875,1.5625,7.09375],"texture":"#1"},"down":{"uv":[1.6875,6.96875,1.5625,7.09375],"texture":"#1"}}},{"from":[16.5,-11.84853,7.74538],"to":[20.5,-11.84853,10.74538],"rotation":{"angle":-45,"axis":"x","origin":[25.1,3.3,13]},"faces":{"north":{"uv":[1.3125,6.84375,1.0625,6.84375],"texture":"#1"},"east":{"uv":[1.1875,6.84375,1,6.84375],"texture":"#1"},"south":{"uv":[1.3125,6.84375,1.0625,6.84375],"texture":"#1"},"west":{"uv":[1.1875,6.84375,1,6.84375],"texture":"#1"},"up":{"uv":[1.5625,6.90625,1.375,7.15625],"rotation":270,"texture":"#1"},"down":{"uv":[1.5625,6.90625,1.375,7.15625],"rotation":90,"texture":"#1"}}},{"from":[12.60283,-10.57971,10.29634],"to":[14.60283,-9.67971,12.29634],"rotation":{"angle":45,"axis":"y","origin":[25.1,3.3,13]},"faces":{"north":{"uv":[1.6875,7.09375,1.5625,7.15],"texture":"#1"},"east":{"uv":[1.6875,7.15625,1.5625,7.2125],"texture":"#1"},"south":{"uv":[1.6875,7.09375,1.8125,7.15],"texture":"#1"},"west":{"uv":[1.6875,7.15625,1.5625,7.2125],"texture":"#1"},"up":{"uv":[1.6875,6.96875,1.5625,7.09375],"texture":"#1"},"down":{"uv":[1.6875,6.96875,1.5625,7.09375],"texture":"#1"}}},{"from":[13.5,-6.84616,25.2241],"to":[17.5,-3.84616,25.2241],"rotation":{"angle":22.5,"axis":"x","origin":[25.1,3.3,13]},"faces":{"north":{"uv":[1.5625,6.90625,1.375,7.15625],"rotation":90,"texture":"#1"},"east":{"uv":[1.1875,6.84375,1,6.84375],"rotation":90,"texture":"#1"},"south":{"uv":[1.5625,6.90625,1.375,7.15625],"rotation":90,"texture":"#1"},"west":{"uv":[1.1875,6.84375,1,6.84375],"rotation":270,"texture":"#1"},"up":{"uv":[1.3125,6.84375,1.0625,6.84375],"texture":"#1"},"down":{"uv":[1.3125,6.84375,1.0625,6.84375],"rotation":180,"texture":"#1"}}},{"from":[14.8,-9.82346,8.94024],"to":[17.3,-8.32346,10.94024],"rotation":{"angle":-22.5,"axis":"x","origin":[25.1,3.3,13]},"faces":{"north":{"uv":[1.28125,7.21875,1.125,7.3125],"texture":"#1"},"east":{"uv":[1.40625,7.21875,1.28125,7.3125],"texture":"#1"},"south":{"uv":[1.28125,7.21875,1.125,7.3125],"texture":"#1"},"west":{"uv":[1.4375,7.3125,1.3125,7.40625],"texture":"#1"},"up":{"uv":[1.28125,7.0625,1.15625,7.21875],"rotation":270,"texture":"#1"},"down":{"uv":[1.28125,7.0625,1.15625,7.21875],"rotation":90,"texture":"#1"}}},{"from":[14.45585,-8.02518,19.56638],"to":[17.45585,-6.02518,24.56638],"rotation":{"angle":22.5,"axis":"x","origin":[25.1,3.3,13]},"faces":{"north":{"uv":[1.875,6.8125,2.0625,6.9375],"texture":"#1"},"east":{"uv":[2,6.96875,1.6875,7.09375],"texture":"#1"},"south":{"uv":[2.0625,6.8125,1.875,6.9375],"texture":"#1"},"west":{"uv":[1.875,6.84375,1.5625,6.96875],"texture":"#1"},"up":{"uv":[1.875,6.65625,1.5625,6.84375],"rotation":270,"texture":"#1"},"down":{"uv":[1.875,6.65625,1.5625,6.84375],"rotation":90,"texture":"#1"}}},{"from":[14.6,-14.48416,16.08209],"to":[19.6,-12.48416,19.08209],"rotation":{"angle":-22.5,"axis":"x","origin":[25.1,1.3,13]},"faces":{"north":{"uv":[1.875,6.84375,1.5625,6.96875],"texture":"#1"},"east":{"uv":[1.875,6.8125,2.0625,6.9375],"texture":"#1"},"south":{"uv":[2,6.96875,1.6875,7.09375],"texture":"#1"},"west":{"uv":[2.0625,6.8125,1.875,6.9375],"texture":"#1"},"up":{"uv":[1.875,6.65625,1.5625,6.84375],"texture":"#1"},"down":{"uv":[1.875,6.65625,1.5625,6.84375],"texture":"#1"}}},{"from":[15.02015,-8.59282,21.7],"to":[17.02015,-7.09282,24.2],"rotation":{"angle":22.5,"axis":"z","origin":[25.1,1.3,13]},"faces":{"north":{"uv":[1.4375,7.3125,1.3125,7.40625],"texture":"#1"},"east":{"uv":[1.28125,7.21875,1.125,7.3125],"texture":"#1"},"south":{"uv":[1.40625,7.21875,1.28125,7.3125],"texture":"#1"},"west":{"uv":[1.28125,7.21875,1.125,7.3125],"texture":"#1"},"up":{"uv":[1.28125,7.0625,1.15625,7.21875],"texture":"#1"},"down":{"uv":[1.28125,7.0625,1.15625,7.21875],"texture":"#1"}}},{"from":[18.87099,-14.25371,21.7],"to":[20.87099,-13.35371,23.7],"rotation":{"angle":-22.5,"axis":"z","origin":[25.1,1.3,13]},"faces":{"north":{"uv":[1.6875,7.09375,1.5625,7.15],"texture":"#1"},"east":{"uv":[1.6875,7.15625,1.5625,7.2125],"texture":"#1"},"south":{"uv":[1.6875,7.09375,1.8125,7.15],"texture":"#1"},"west":{"uv":[1.6875,7.15625,1.5625,7.2125],"texture":"#1"},"up":{"uv":[1.6875,6.96875,1.5625,7.09375],"texture":"#1"},"down":{"uv":[1.6875,6.96875,1.5625,7.09375],"texture":"#1"}}},{"from":[9.92901,-6.15371,20.7],"to":[9.92901,-3.15371,24.7],"rotation":{"angle":22.5,"axis":"z","origin":[25.1,1.3,13]},"faces":{"north":{"uv":[1.1875,6.84375,1,6.84375],"rotation":270,"texture":"#1"},"east":{"uv":[1.5625,6.90625,1.375,7.15625],"rotation":90,"texture":"#1"},"south":{"uv":[1.1875,6.84375,1,6.84375],"rotation":90,"texture":"#1"},"west":{"uv":[1.5625,6.90625,1.375,7.15625],"rotation":90,"texture":"#1"},"up":{"uv":[1.3125,6.84375,1.0625,6.84375],"rotation":90,"texture":"#1"},"down":{"uv":[1.3125,6.84375,1.0625,6.84375],"rotation":90,"texture":"#1"}}},{"from":[-16,16,-7],"to":[32,20,-3],"faces":{"north":{"uv":[4.125,5,7.125,5.25],"texture":"#0"},"east":{"uv":[1.4375,5.5625,1.6875,5.8125],"texture":"#0"},"south":{"uv":[4.125,5,7.125,5.25],"texture":"#0"},"west":{"uv":[1.4375,5.5625,1.6875,5.8125],"texture":"#0"},"up":{"uv":[4.125,5,7.125,5.25],"texture":"#0"},"down":{"uv":[4.125,5,7.125,5.25],"texture":"#0"}}},{"from":[-16,28,8],"to":[32,32,12],"faces":{"north":{"uv":[4.125,5,7.125,5.25],"texture":"#0"},"east":{"uv":[1.4375,5.5625,1.6875,5.8125],"texture":"#0"},"south":{"uv":[4.125,5,7.125,5.25],"texture":"#0"},"west":{"uv":[1.4375,5.5625,1.6875,5.8125],"texture":"#0"},"up":{"uv":[4.125,5,7.125,5.25],"texture":"#0"},"down":{"uv":[4.125,5,7.125,5.25],"texture":"#0"}}},{"from":[-16,16,23],"to":[32,20,27],"rotation":{"angle":0,"axis":"y","origin":[0,0,16]},"faces":{"north":{"uv":[7.125,5,4.125,5.25],"texture":"#0"},"east":{"uv":[1.6875,5.5625,1.4375,5.8125],"texture":"#0"},"south":{"uv":[7.125,5,4.125,5.25],"texture":"#0"},"west":{"uv":[1.6875,5.5625,1.4375,5.8125],"texture":"#0"},"up":{"uv":[7.125,5,4.125,5.25],"texture":"#0"},"down":{"uv":[7.125,5,4.125,5.25],"texture":"#0"}}},{"from":[23,16,-3],"to":[27,20,23],"faces":{"east":{"uv":[0.5,5.125,2.125,5.375],"texture":"#0"},"west":{"uv":[0.5,5.125,2.125,5.375],"texture":"#0"},"up":{"uv":[2.625,6.3125,2.375,4.6875],"texture":"#0"},"down":{"uv":[2.625,6.3125,2.375,4.6875],"texture":"#0"}}},{"from":[-11,16,-3],"to":[-7,20,23],"rotation":{"angle":0,"axis":"y","origin":[16,0,0]},"faces":{"east":{"uv":[2.125,5.125,0.5,5.375],"texture":"#0"},"west":{"uv":[2.125,5.125,0.5,5.375],"texture":"#0"},"up":{"uv":[2.375,6.3125,2.625,4.6875],"texture":"#0"},"down":{"uv":[2.375,6.3125,2.625,4.6875],"texture":"#0"}}},{"from":[23,20,8],"to":[27,28,12],"faces":{"north":{"uv":[5.5,4.0625,5.75,4.5625],"texture":"#0"},"east":{"uv":[5.5,4.0625,5.75,4.5625],"texture":"#0"},"south":{"uv":[5.5,4.0625,5.75,4.5625],"texture":"#0"},"west":{"uv":[5.5,4.0625,5.75,4.5625],"texture":"#0"},"up":{"uv":[1.9375,5.8125,1.6875,5.5625],"texture":"#0"},"down":{"uv":[1.9375,5.8125,1.6875,5.5625],"texture":"#0"}}},{"from":[-11,20,8],"to":[-7,28,12],"rotation":{"angle":0,"axis":"y","origin":[16,0,0]},"faces":{"north":{"uv":[5.75,4.0625,5.5,4.5625],"texture":"#0"},"east":{"uv":[5.75,4.0625,5.5,4.5625],"texture":"#0"},"south":{"uv":[5.75,4.0625,5.5,4.5625],"texture":"#0"},"west":{"uv":[5.75,4.0625,5.5,4.5625],"texture":"#0"},"up":{"uv":[1.6875,5.8125,1.9375,5.5625],"texture":"#0"},"down":{"uv":[1.6875,5.8125,1.9375,5.5625],"texture":"#0"}}},{"from":[-15,-3,-12],"to":[31,0,-1],"faces":{"north":{"uv":[5.5,2.1875,8.375,2.375],"texture":"#0"},"east":{"uv":[0.5,5.5625,1.1875,5.75],"texture":"#0"},"south":{"uv":[5.5,2.1875,8.375,2.375],"texture":"#0"},"west":{"uv":[0.5,5.5625,1.1875,5.75],"texture":"#0"},"up":{"uv":[6.625,1.625,3.75,0.9375],"texture":"#0"},"down":{"uv":[6.625,0.9375,3.75,1.625],"texture":"#0"}}},{"from":[-15,-3,-1],"to":[31,0,2],"faces":{"north":{"uv":[5.5,2.1875,8.375,2.375],"texture":"#0"},"east":{"uv":[0.5,5.5625,0.6875,5.75],"texture":"#0"},"south":{"uv":[5.5,2.1875,8.375,2.375],"texture":"#0"},"west":{"uv":[0.5,5.5625,0.6875,5.75],"texture":"#0"},"up":{"uv":[6.625,1.4375,3.75,1.625],"texture":"#0"},"down":{"uv":[6.625,1.4375,3.75,1.625],"texture":"#0"}}},{"from":[-12,-10,-6],"to":[28,-7,-4],"faces":{"north":{"uv":[5.5,2.375,8,2.5625],"texture":"#0"},"east":{"uv":[1.9375,5.5625,2.0625,5.75],"texture":"#0"},"south":{"uv":[5.5,2.375,8,2.5625],"texture":"#0"},"west":{"uv":[1.9375,5.5625,2.0625,5.75],"texture":"#0"},"up":{"uv":[8,2.875,5.5,2.75],"texture":"#0"},"down":{"uv":[8,2.875,5.5,2.75],"texture":"#0"}}},{"from":[-12,-10,24],"to":[28,-7,26],"rotation":{"angle":0,"axis":"y","origin":[0,0,16]},"faces":{"north":{"uv":[8,2.375,5.5,2.5625],"texture":"#0"},"east":{"uv":[2.0625,5.5625,1.9375,5.75],"texture":"#0"},"south":{"uv":[8,2.375,5.5,2.5625],"texture":"#0"},"west":{"uv":[2.0625,5.5625,1.9375,5.75],"texture":"#0"},"up":{"uv":[8,2.75,5.5,2.875],"texture":"#0"},"down":{"uv":[8,2.75,5.5,2.875],"texture":"#0"}}},{"from":[24,12,-5],"to":[26,15,31],"rotation":{"angle":22.5,"axis":"x","origin":[0,22,3]},"faces":{"north":{"uv":[2.0625,5.6875,2.1875,5.875],"texture":"#0"},"east":{"uv":[5.5,2.5625,7.75,2.75],"texture":"#0"},"south":{"uv":[2.0625,5.6875,2.1875,5.875],"texture":"#0"},"west":{"uv":[5.5,2.5625,7.75,2.75],"texture":"#0"},"up":{"uv":[2.75,6.9375,2.625,4.6875],"texture":"#0"},"down":{"uv":[2.75,6.9375,2.625,4.6875],"texture":"#0"}}},{"from":[-10,12,-5],"to":[-8,15,31],"rotation":{"angle":22.5,"axis":"x","origin":[16,22,3]},"faces":{"north":{"uv":[2.1875,5.6875,2.0625,5.875],"texture":"#0"},"east":{"uv":[7.75,2.5625,5.5,2.75],"texture":"#0"},"south":{"uv":[2.1875,5.6875,2.0625,5.875],"texture":"#0"},"west":{"uv":[7.75,2.5625,5.5,2.75],"texture":"#0"},"up":{"uv":[2.625,6.9375,2.75,4.6875],"texture":"#0"},"down":{"uv":[2.625,6.9375,2.75,4.6875],"texture":"#0"}}},{"from":[-14,32,-5],"to":[30,32,10],"rotation":{"angle":-45,"axis":"x","origin":[26,32,10]},"faces":{"up":{"uv":[6.5,0.9375,3.75,0],"texture":"#0"},"down":{"uv":[6.5,0.9375,3.75,0],"texture":"#0"}}},{"from":[-14,32,10],"to":[30,32,25],"rotation":{"angle":45,"axis":"x","origin":[26,32,10]},"faces":{"up":{"uv":[6.5,0,3.75,0.9375],"texture":"#0"},"down":{"uv":[6.5,0,3.75,0.9375],"texture":"#0"}}},{"from":[30,25,-5],"to":[30,32,3],"rotation":{"angle":-45,"axis":"x","origin":[27,32,10]},"faces":{"east":{"uv":[5.5,3.5,6,3.9375],"texture":"#0"},"west":{"uv":[1.4375,4.6875,2.375,5.125],"texture":"#0"}}},{"from":[30,25,10],"to":[30,32,25],"rotation":{"angle":45,"axis":"x","origin":[27,32,10]},"faces":{"east":{"uv":[0.5,4.6875,1.4375,5.125],"texture":"#0"},"west":{"uv":[1.4375,4.6875,2.375,5.125],"texture":"#0"}}},{"from":[-14,21.4,20.4],"to":[30,21.4,29.4],"rotation":{"angle":22.5,"axis":"x","origin":[26,21,20.6]},"faces":{"north":{"uv":[0,0,2.75,0],"texture":"#0"},"east":{"uv":[0,0,0.5625,0],"texture":"#0"},"south":{"uv":[0,0,2.75,0],"texture":"#0"},"west":{"uv":[0,0,0.5625,0],"texture":"#0"},"up":{"uv":[6.5,2.1875,3.75,1.625],"texture":"#0"},"down":{"uv":[6.5,2.1875,3.75,1.625],"texture":"#0"}}},{"from":[30,14.4,20.4],"to":[30,21.4,29.4],"rotation":{"angle":22.5,"axis":"x","origin":[27,21,20.6]},"faces":{"east":{"uv":[5.5,3.0625,6.0625,3.5],"texture":"#0"},"west":{"uv":[1.4375,4.6875,2.375,5.125],"texture":"#0"}}},{"from":[-14,21.42929,-15.59497],"to":[30,21.42929,-0.59497],"rotation":{"angle":-22.5,"axis":"x","origin":[26,21.5,-0.6]},"faces":{"up":{"uv":[5.5,3.125,2.75,2.1875],"texture":"#0"},"down":{"uv":[5.5,3.125,2.75,2.1875],"texture":"#0"}}},{"from":[30,14.42929,-15.59497],"to":[30,21.42929,-0.59497],"rotation":{"angle":-22.5,"axis":"x","origin":[27,21.5,-0.6]},"faces":{"east":{"uv":[1.4375,4.6875,2.375,5.125],"texture":"#0"},"west":{"uv":[1.4375,4.6875,2.375,5.125],"texture":"#0"}}},{"from":[-14,14.42929,-15.59497],"to":[-14,21.42929,-0.59497],"rotation":{"angle":-22.5,"axis":"x","origin":[-11,21.5,-0.6]},"faces":{"east":{"uv":[2.375,4.6875,1.4375,5.125],"texture":"#0"},"west":{"uv":[2.375,4.6875,1.4375,5.125],"texture":"#0"}}},{"from":[-14,25,-5],"to":[-14,32,3],"rotation":{"angle":-45,"axis":"x","origin":[-11,32,10]},"faces":{"east":{"uv":[2.375,4.6875,1.4375,5.125],"texture":"#0"},"west":{"uv":[6,3.5,5.5,3.9375],"texture":"#0"}}},{"from":[-14,25,10],"to":[-14,32,25],"rotation":{"angle":45,"axis":"x","origin":[-11,32,10]},"faces":{"east":{"uv":[2.375,4.6875,1.4375,5.125],"texture":"#0"},"west":{"uv":[1.4375,4.6875,0.5,5.125],"texture":"#0"}}},{"from":[-14,14.4,20.5],"to":[-14,21.4,29.5],"rotation":{"angle":22.5,"axis":"x","origin":[-11,21,20.6]},"faces":{"east":{"uv":[2.375,4.6875,1.4375,5.125],"texture":"#0"},"west":{"uv":[6.0625,3.0625,5.5,3.5],"texture":"#0"}}},{"from":[10.5,6.7,-14.4],"to":[30,15.7,-14.4],"rotation":{"angle":0,"axis":"y","origin":[26,15.7,-14.5]},"faces":{"north":{"uv":[1.9375,2.75,0.71875,3.3125],"texture":"#0"},"south":{"uv":[0.71875,2.75,1.9375,3.3125],"texture":"#0"}}},{"from":[-14,11.7,-14.4],"to":[10.5,15.7,-14.4],"rotation":{"angle":0,"axis":"y","origin":[26,15.7,-14.5]},"faces":{"north":{"uv":[1.53125,3.0625,0,3.3125],"texture":"#0"},"south":{"uv":[0,3.0625,1.53125,3.3125],"texture":"#0"}}},{"from":[-14,5,28.9],"to":[30,18,28.9],"rotation":{"angle":0,"axis":"y","origin":[26,21.5,-0.6]},"faces":{"north":{"uv":[0,2.21875,2.75,3.03125],"texture":"#0"},"south":{"uv":[0,2.21875,2.75,3.03125],"texture":"#0"}}},{"from":[-14,-8,28.9],"to":[30,5,28.9],"rotation":{"angle":0,"axis":"y","origin":[26,21.5,-0.6]},"faces":{"north":{"uv":[0,2.5,2.75,3.3125],"texture":"#0"},"south":{"uv":[0,2.5,2.75,3.3125],"texture":"#0"}}},{"from":[11.5,3.5,-3.5],"to":[12.5,4.5,-2.5],"rotation":{"angle":22.5,"axis":"y","origin":[6,0,0]},"faces":{"north":{"uv":[6.6875,3.25,6.75,3.3125],"texture":"#1"},"east":{"uv":[6.6875,3.25,6.75,3.3125],"texture":"#1"},"south":{"uv":[6.6875,3.25,6.75,3.3125],"texture":"#1"},"west":{"uv":[6.6875,3.25,6.75,3.3125],"texture":"#1"},"up":{"uv":[6.6875,3.25,6.75,3.3125],"texture":"#1"},"down":{"uv":[6.6875,3.25,6.75,3.3125],"texture":"#1"}}},{"from":[12.5,1.5,-5.5],"to":[14.5,7,-0.5],"rotation":{"angle":22.5,"axis":"y","origin":[6,0,0]},"faces":{"north":{"uv":[9.21875,4.59375,9.09375,4.9375],"texture":"#1"},"east":{"uv":[8.96875,4.59375,8.65625,4.9375],"texture":"#1"},"south":{"uv":[9.21875,4.59375,9.09375,4.9375],"texture":"#1"},"west":{"uv":[8.96875,4.59375,8.65625,4.9375],"texture":"#1"},"up":{"uv":[9.09375,4.59375,8.96875,4.90625],"texture":"#1"},"down":{"uv":[9.09375,4.59375,8.96875,4.90625],"texture":"#1"}}},{"from":[20.5,1.5,-5.5],"to":[22.5,7,-0.5],"rotation":{"angle":22.5,"axis":"y","origin":[6,0,0]},"faces":{"north":{"uv":[9.09375,4.59375,9.21875,4.9375],"texture":"#1"},"east":{"uv":[8.65625,4.59375,8.96875,4.9375],"texture":"#1"},"south":{"uv":[9.09375,4.59375,9.21875,4.9375],"texture":"#1"},"west":{"uv":[8.65625,4.59375,8.96875,4.9375],"texture":"#1"},"up":{"uv":[8.96875,4.59375,9.09375,4.90625],"texture":"#1"},"down":{"uv":[8.96875,4.59375,9.09375,4.90625],"texture":"#1"}}},{"from":[22.5,3.5,-3.5],"to":[23.5,4.5,-2.5],"rotation":{"angle":22.5,"axis":"y","origin":[6,0,0]},"faces":{"north":{"uv":[6.75,3.25,6.6875,3.3125],"texture":"#1"},"east":{"uv":[6.75,3.25,6.6875,3.3125],"texture":"#1"},"south":{"uv":[6.75,3.25,6.6875,3.3125],"texture":"#1"},"west":{"uv":[6.75,3.25,6.6875,3.3125],"texture":"#1"},"up":{"uv":[6.75,3.25,6.6875,3.3125],"texture":"#1"},"down":{"uv":[6.75,3.25,6.6875,3.3125],"texture":"#1"}}},{"from":[14.5,1,-6],"to":[20.5,8,0],"rotation":{"angle":22.5,"axis":"y","origin":[6,0,0]},"faces":{"north":{"uv":[9.96875,4.5625,10.34375,5],"texture":"#1"},"east":{"uv":[9.59375,4.5625,9.96875,5],"texture":"#1"},"south":{"uv":[9.96875,4.5625,10.34375,5],"texture":"#1"},"west":{"uv":[9.59375,4.5625,9.96875,5],"texture":"#1"},"up":{"uv":[9.21875,4.59375,9.59375,4.96875],"texture":"#1"},"down":{"uv":[9.21875,4.59375,9.59375,4.96875],"texture":"#1"}}},{"from":[11.5,0,-8],"to":[23.5,1,2],"rotation":{"angle":22.5,"axis":"y","origin":[6,0,0]},"faces":{"north":{"uv":[9.625,5.625,10.375,5.6875],"texture":"#1"},"east":{"uv":[10.375,5.4375,11,5.5],"texture":"#1"},"south":{"uv":[9.625,5.625,10.375,5.6875],"texture":"#1"},"west":{"uv":[10.375,5.4375,11,5.5],"texture":"#1"},"up":{"uv":[9.625,5,10.375,5.625],"texture":"#1"},"down":{"uv":[9.625,5,10.375,5.625],"texture":"#1"}}},{"from":[23.5,0.5,-6],"to":[25.5,0.5,0],"rotation":{"angle":22.5,"axis":"y","origin":[6,0,0]},"faces":{"north":{"uv":[9.625,5.625,9.75,5.625],"texture":"#1"},"east":{"uv":[10.375,5.4375,10.75,5.4375],"texture":"#1"},"south":{"uv":[9.625,5.625,9.75,5.625],"texture":"#1"},"west":{"uv":[10.375,5.4375,10.75,5.4375],"texture":"#1"},"up":{"uv":[9.5,5,9.625,5.375],"texture":"#1"},"down":{"uv":[9.5,5,9.625,5.375],"texture":"#1"}}},{"from":[9.5,0.5,-6],"to":[11.5,0.5,0],"rotation":{"angle":22.5,"axis":"y","origin":[6,0,0]},"faces":{"north":{"uv":[9.625,5.625,9.75,5.625],"texture":"#1"},"east":{"uv":[10.375,5.4375,10.75,5.4375],"texture":"#1"},"south":{"uv":[9.625,5.625,9.75,5.625],"texture":"#1"},"west":{"uv":[10.375,5.4375,10.75,5.4375],"texture":"#1"},"up":{"uv":[9.625,5,9.5,5.375],"texture":"#1"},"down":{"uv":[9.625,5,9.5,5.375],"texture":"#1"}}},{"from":[-6,5.97372,-14.86241],"to":[0,9.47372,-7.86241],"rotation":{"angle":-22.5,"axis":"x","origin":[-11.5,1,-3]},"faces":{"north":{"uv":[12.65625,3.59375,13.03125,3.8125],"rotation":180,"texture":"#1"},"east":{"uv":[12.28125,3.625,12.0625,4.0625],"rotation":270,"texture":"#1"},"south":{"uv":[12.65625,3.59375,13.03125,3.8125],"texture":"#1"},"west":{"uv":[12.0625,3.625,12.28125,4.0625],"rotation":90,"texture":"#1"},"up":{"uv":[12.28125,3.625,12.65625,4.0625],"rotation":180,"texture":"#1"},"down":{"uv":[12.65625,4.0625,12.28125,3.625],"texture":"#1"}}},{"from":[-5.5,0.3,-15.5],"to":[-0.5,3.8,-8.5],"rotation":{"angle":0,"axis":"y","origin":[-11.5,1,-3]},"faces":{"north":{"uv":[13.03125,3.59375,13.34375,3.8125],"rotation":180,"texture":"#1"},"east":{"uv":[13.03125,3.15625,12.8125,3.59375],"rotation":270,"texture":"#1"},"south":{"uv":[13.03125,3.59375,13.34375,3.8125],"texture":"#1"},"west":{"uv":[12.8125,3.15625,13.03125,3.59375],"rotation":90,"texture":"#1"},"up":{"uv":[13.03125,3.15625,13.34375,3.59375],"rotation":180,"texture":"#1"},"down":{"uv":[13.03125,3.15625,13.34375,3.59375],"texture":"#1"}}},{"from":[-6.5,0,-11],"to":[0.5,7,-1],"rotation":{"angle":0,"axis":"y","origin":[-11.5,1,-3]},"faces":{"north":{"uv":[11.625,3.1875,12.0625,2.75],"rotation":180,"texture":"#1"},"east":{"uv":[12.0625,2.125,11.625,2.75],"rotation":270,"texture":"#1"},"south":{"uv":[11.625,2.75,12.0625,3.1875],"texture":"#1"},"west":{"uv":[11.625,2.125,12.0625,2.75],"rotation":90,"texture":"#1"},"up":{"uv":[12.0625,2.125,12.5,2.75],"rotation":180,"texture":"#1"},"down":{"uv":[11.625,3.4375,12.0625,4.0625],"texture":"#1"}}},{"from":[-3.5,0.94975,-11.36396],"to":[-2.5,6.94975,-7.36396],"rotation":{"angle":45,"axis":"x","origin":[-11.5,1,-3]},"faces":{"north":{"uv":[13.25,2.125,13.3125,2.5],"rotation":180,"texture":"#1"},"east":{"uv":[13.625,1.875,13.25,2.125],"rotation":270,"texture":"#1"},"south":{"uv":[13.25,2.125,13.3125,2.5],"texture":"#1"},"west":{"uv":[13.25,1.875,13.625,2.125],"rotation":90,"texture":"#1"},"up":{"uv":[13.3125,2.125,13.375,2.375],"rotation":180,"texture":"#1"},"down":{"uv":[13.3125,2.125,13.375,2.375],"texture":"#1"}}},{"from":[-1.66417,6.43471,-8],"to":[3.33583,7.43471,-3],"rotation":{"angle":-22.5,"axis":"z","origin":[-11.5,1,-3]},"faces":{"north":{"uv":[12.75,3.5,12.4375,3.5625],"rotation":180,"texture":"#1"},"east":{"uv":[12.8125,3.1875,12.75,3.5],"rotation":270,"texture":"#1"},"south":{"uv":[12.75,3.5,12.4375,3.5625],"texture":"#1"},"west":{"uv":[12.8125,3.1875,12.75,3.5],"rotation":90,"texture":"#1"},"up":{"uv":[12.75,3.1875,12.4375,3.5],"rotation":180,"texture":"#1"},"down":{"uv":[12.4375,3.1875,12.75,3.5],"texture":"#1"}}},{"from":[6,-0.6,1.2],"to":[11,2.4,4.2],"rotation":{"angle":22.5,"axis":"y","origin":[10.5,-1.6,13]},"faces":{"north":{"uv":[13.25,2.125,13.0625,2.4375],"rotation":270,"texture":"#1"},"east":{"uv":[12.8125,2.96875,13,3.15625],"texture":"#1"},"south":{"uv":[13.0625,2.125,13.25,2.4375],"rotation":90,"texture":"#1"},"west":{"uv":[12.8125,2.96875,13,3.15625],"rotation":180,"texture":"#1"},"up":{"uv":[13.0625,2.4375,13.25,2.75],"rotation":90,"texture":"#1"},"down":{"uv":[13.0625,2.75,13.25,3.0625],"rotation":90,"texture":"#1"}}},{"from":[6.04416,1.25786,2.8],"to":[9.54416,6.25786,3.8],"rotation":{"angle":-45,"axis":"z","origin":[7,3.4,-7]},"faces":{"north":{"uv":[13.9375,1.875,13.625,2.09375],"rotation":270,"texture":"#1"},"east":{"uv":[13.375,2.125,13.4375,2.4375],"texture":"#1"},"south":{"uv":[13.625,1.875,13.9375,2.09375],"rotation":90,"texture":"#1"},"west":{"uv":[13.375,2.4375,13.4375,2.125],"rotation":180,"texture":"#1"},"up":{"uv":[13.5,2.34375,13.4375,2.125],"rotation":270,"texture":"#1"},"down":{"uv":[13.5,2.34375,13.4375,2.125],"rotation":270,"texture":"#1"}}},{"from":[-3.4,-0.3,6.4],"to":[1.1,3.7,10.4],"rotation":{"angle":-22.5,"axis":"y","origin":[10.5,-1.3,13]},"faces":{"north":{"uv":[13.0625,2.125,12.8125,2.40625],"rotation":270,"texture":"#1"},"east":{"uv":[12.40625,2.34375,12.65625,2.59375],"texture":"#1"},"south":{"uv":[12.8125,2.125,13.0625,2.40625],"rotation":90,"texture":"#1"},"west":{"uv":[12.40625,2.34375,12.65625,2.59375],"rotation":180,"texture":"#1"},"up":{"uv":[12.8125,2.40625,13.0625,2.6875],"rotation":90,"texture":"#1"},"down":{"uv":[12.8125,2.6875,13.0625,2.96875],"rotation":90,"texture":"#1"}}},{"from":[-7.3,0,10.7],"to":[-3.3,5,15.7],"rotation":{"angle":-45,"axis":"y","origin":[10.1,1,12.9]},"faces":{"north":{"uv":[12.8125,2.125,12.5,2.375],"rotation":270,"texture":"#1"},"east":{"uv":[12.5,2.625,12.8125,2.9375],"texture":"#1"},"south":{"uv":[12.5,2.125,12.8125,2.375],"rotation":90,"texture":"#1"},"west":{"uv":[12.5,2.625,12.8125,2.9375],"rotation":180,"texture":"#1"},"up":{"uv":[12.5,2.375,12.8125,2.625],"rotation":90,"texture":"#1"},"down":{"uv":[12.5,2.9375,12.8125,3.1875],"rotation":90,"texture":"#1"}}},{"from":[0.6,0,-6.1],"to":[6.6,6,-2.1],"rotation":{"angle":22.5,"axis":"y","origin":[10.1,1,12.9]},"faces":{"north":{"uv":[12.0625,3,12.4375,3.375],"rotation":180,"texture":"#1"},"east":{"uv":[12.4375,2.75,12.0625,3],"rotation":270,"texture":"#1"},"south":{"uv":[12.0625,3,12.4375,3.375],"texture":"#1"},"west":{"uv":[12.0625,2.75,12.4375,3],"rotation":90,"texture":"#1"},"up":{"uv":[11.625,3.1875,12,3.4375],"rotation":180,"texture":"#1"},"down":{"uv":[12.0625,3.375,12.4375,3.625],"texture":"#1"}}},{"from":[-10.62987,-2.0709,-7.1],"to":[-5.62987,-1.0709,-2.1],"rotation":{"angle":45,"axis":"z","origin":[-11.5,1,-3]},"faces":{"north":{"uv":[12.4375,3.5,12.75,3.5625],"rotation":180,"texture":"#1"},"east":{"uv":[12.75,3.1875,12.8125,3.5],"rotation":270,"texture":"#1"},"south":{"uv":[12.4375,3.5,12.75,3.5625],"texture":"#1"},"west":{"uv":[12.75,3.1875,12.8125,3.5],"rotation":90,"texture":"#1"},"up":{"uv":[12.4375,3.1875,12.75,3.5],"rotation":180,"texture":"#1"},"down":{"uv":[12.75,3.1875,12.4375,3.5],"texture":"#1"}}},{"from":[8.54416,-0.74214,2.9],"to":[12.54416,2.75786,3.7],"rotation":{"angle":-45,"axis":"z","origin":[7,3.4,-7]},"faces":{"north":{"uv":[13.5,2.34375,13.75,2.125],"texture":"#1"},"east":{"uv":[13.8125,2.125,13.8625,2.34375],"rotation":180,"texture":"#1"},"south":{"uv":[13.5,2.125,13.75,2.34375],"rotation":180,"texture":"#1"},"west":{"uv":[13.8125,2.125,13.8625,2.34375],"texture":"#1"},"up":{"uv":[13.8,2.375,13.75,2.125],"rotation":270,"texture":"#1"},"down":{"uv":[13.8,2.375,13.75,2.125],"rotation":270,"texture":"#1"}}}],"gui_light":"front","display":{"thirdperson_righthand":{"rotation":[67.5,0,0],"translation":[0,2.75,1.25],"scale":[0.16875,0.16875,0.16875]},"thirdperson_lefthand":{"rotation":[67.5,0,0],"translation":[0,2.75,1.25],"scale":[0.16875,0.16875,0.16875]},"firstperson_righthand":{"rotation":[0,225,0],"translation":[0,2.75,0],"scale":[0.2293,0.2293,0.2293]},"firstperson_lefthand":{"rotation":[0,225,0],"translation":[0,2.75,0],"scale":[0.2293,0.2293,0.2293]},"ground":{"translation":[0,3,0],"scale":[0.25,0.25,0.25]},"gui":{"rotation":[30,225,0],"translation":[0,0.25,0],"scale":[0.23359,0.23359,0.23359]},"head":{"translation":[0,-0.25,-2.25],"scale":[0,0,0]},"fixed":{"rotation":[-90,0,0],"translation":[0,-3.5,-48],"scale":[2,2,2]}}}