{"credit":"MadewithBlockbench","texture_size":[256,256],"textures":{"0":"elitecreatures:medieval_market_decoration_v1/medeivalmarket_02","particle":"elitecreatures:medieval_market_decoration_v1/medeivalmarket_02"},"elements":[{"from":[-16,-16,10.5],"to":[-1,-1,13.5],"rotation":{"angle":0,"axis":"y","origin":[5,-16,7]},"faces":{"north":{"uv":[9.25,0,10.1875,0.9375],"rotation":180,"texture":"#0"},"east":{"uv":[7.25,1,8.1875,1.1875],"rotation":270,"texture":"#0"},"south":{"uv":[9.25,0,10.1875,0.9375],"texture":"#0"},"west":{"uv":[7.25,1,8.1875,1.1875],"rotation":90,"texture":"#0"},"up":{"uv":[7.25,1,8.1875,1.1875],"rotation":180,"texture":"#0"},"down":{"uv":[7.25,1,8.1875,1.1875],"texture":"#0"}}},{"from":[-16,-16,2.5],"to":[-1,-1,5.5],"rotation":{"angle":0,"axis":"y","origin":[5,-16,7]},"faces":{"north":{"uv":[9.25,0,10.1875,0.9375],"rotation":180,"texture":"#0"},"east":{"uv":[7.25,1,8.1875,1.1875],"rotation":270,"texture":"#0"},"south":{"uv":[9.25,0,10.1875,0.9375],"texture":"#0"},"west":{"uv":[7.25,1,8.1875,1.1875],"rotation":90,"texture":"#0"},"up":{"uv":[7.25,1,8.1875,1.1875],"rotation":180,"texture":"#0"},"down":{"uv":[7.25,1,8.1875,1.1875],"texture":"#0"}}},{"from":[-15,-15,0],"to":[-2,-2,16],"rotation":{"angle":0,"axis":"y","origin":[5,-16,7]},"faces":{"north":{"uv":[8.375,0,9.1875,0.8125],"rotation":180,"texture":"#0"},"east":{"uv":[7.5,0,8.3125,1],"rotation":270,"texture":"#0"},"south":{"uv":[8.375,0,9.1875,0.8125],"texture":"#0"},"west":{"uv":[7.5,0,8.3125,1],"rotation":90,"texture":"#0"},"up":{"uv":[7.5,0,8.3125,1],"rotation":180,"texture":"#0"},"down":{"uv":[7.5,0,8.3125,1],"texture":"#0"}}},{"from":[8,-2,-2],"to":[31,0,18],"rotation":{"angle":0,"axis":"y","origin":[21,-15,12]},"faces":{"north":{"uv":[12.3125,2,10.875,2.125],"texture":"#0"},"east":{"uv":[12.125,2,10.875,1.875],"texture":"#0"},"south":{"uv":[12.3125,2,10.875,2.125],"texture":"#0"},"west":{"uv":[10.875,2,12.125,1.875],"texture":"#0"},"up":{"uv":[11.625,3.625,10.375,2.1875],"rotation":270,"texture":"#0"},"down":{"uv":[11.625,3.625,10.375,2.1875],"rotation":270,"texture":"#0"}}},{"from":[-15,-2,-2],"to":[8,0,18],"rotation":{"angle":0,"axis":"y","origin":[-5,-15,12]},"faces":{"north":{"uv":[10.875,2,12.3125,2.125],"texture":"#0"},"east":{"uv":[12.125,2,10.875,1.875],"texture":"#0"},"south":{"uv":[10.875,2,12.3125,2.125],"texture":"#0"},"west":{"uv":[10.875,2,12.125,1.875],"texture":"#0"},"up":{"uv":[10.34375,4.53125,11.59375,3.09375],"rotation":270,"texture":"#0"},"down":{"uv":[10.34375,4.53125,11.59375,3.09375],"rotation":270,"texture":"#0"}}},{"from":[-15.5,-15.5,3],"to":[-1.5,-1.5,13],"rotation":{"angle":0,"axis":"y","origin":[5,-16,7]},"faces":{"north":{"uv":[8.375,0,9.25,0.875],"rotation":180,"texture":"#0"},"east":{"uv":[8.375,0.875,9.25,1.5],"rotation":270,"texture":"#0"},"south":{"uv":[8.375,0,9.25,0.875],"texture":"#0"},"west":{"uv":[8.375,0.875,9.25,1.5],"rotation":90,"texture":"#0"},"up":{"uv":[8.375,0.875,9.25,1.5],"rotation":180,"texture":"#0"},"down":{"uv":[8.375,0.875,9.25,1.5],"texture":"#0"}}},{"from":[25,-16,12],"to":[29,-2,16],"rotation":{"angle":0,"axis":"y","origin":[1,0,13]},"faces":{"north":{"uv":[0.25,5.8125,0,6.6875],"texture":"#0"},"east":{"uv":[0.25,5.8125,0,6.6875],"texture":"#0"},"south":{"uv":[0.25,5.8125,0,6.6875],"texture":"#0"},"west":{"uv":[0.25,5.8125,0,6.6875],"texture":"#0"},"up":{"uv":[1.4375,5.8125,1.1875,5.5625],"texture":"#0"},"down":{"uv":[1.4375,5.8125,1.1875,5.5625],"texture":"#0"}}},{"from":[25,-16,0],"to":[29,-2,4],"rotation":{"angle":0,"axis":"y","origin":[1,0,13]},"faces":{"north":{"uv":[0.25,5.8125,0,6.6875],"texture":"#0"},"east":{"uv":[0.25,5.8125,0,6.6875],"texture":"#0"},"south":{"uv":[0.25,5.8125,0,6.6875],"texture":"#0"},"west":{"uv":[0.25,5.8125,0,6.6875],"texture":"#0"},"up":{"uv":[1.4375,5.8125,1.1875,5.5625],"texture":"#0"},"down":{"uv":[1.4375,5.8125,1.1875,5.5625],"texture":"#0"}}},{"from":[1,-16,12],"to":[5,-2,16],"rotation":{"angle":0,"axis":"y","origin":[1,0,13]},"faces":{"north":{"uv":[0.25,5.8125,0,6.6875],"texture":"#0"},"east":{"uv":[0.25,5.8125,0,6.6875],"texture":"#0"},"south":{"uv":[0.25,5.8125,0,6.6875],"texture":"#0"},"west":{"uv":[0.25,5.8125,0,6.6875],"texture":"#0"},"up":{"uv":[1.4375,5.8125,1.1875,5.5625],"texture":"#0"},"down":{"uv":[1.4375,5.8125,1.1875,5.5625],"texture":"#0"}}},{"from":[1,-16,0],"to":[5,-2,4],"rotation":{"angle":0,"axis":"y","origin":[1,0,13]},"faces":{"north":{"uv":[0.25,5.8125,0,6.6875],"texture":"#0"},"east":{"uv":[0.25,5.8125,0,6.6875],"texture":"#0"},"south":{"uv":[0.25,5.8125,0,6.6875],"texture":"#0"},"west":{"uv":[0.25,5.8125,0,6.6875],"texture":"#0"},"up":{"uv":[1.4375,5.8125,1.1875,5.5625],"texture":"#0"},"down":{"uv":[1.4375,5.8125,1.1875,5.5625],"texture":"#0"}}},{"from":[26,-15,1],"to":[28,-12,12],"rotation":{"angle":0,"axis":"y","origin":[1,0,13]},"faces":{"north":{"uv":[1.9375,5.5625,2.0625,5.75],"texture":"#0"},"east":{"uv":[5.8125,2.375,6.5,2.5625],"texture":"#0"},"south":{"uv":[1.9375,5.5625,2.0625,5.75],"texture":"#0"},"west":{"uv":[5.8125,2.375,6.5,2.5625],"texture":"#0"},"up":{"uv":[6.46875,2.875,5.78125,2.75],"rotation":90,"texture":"#0"},"down":{"uv":[6.46875,2.875,5.78125,2.75],"rotation":270,"texture":"#0"}}},{"from":[2,-15,1],"to":[4,-12,12],"rotation":{"angle":0,"axis":"y","origin":[1,0,13]},"faces":{"north":{"uv":[1.9375,5.5625,2.0625,5.75],"texture":"#0"},"east":{"uv":[5.8125,2.375,6.5,2.5625],"texture":"#0"},"south":{"uv":[1.9375,5.5625,2.0625,5.75],"texture":"#0"},"west":{"uv":[5.8125,2.375,6.5,2.5625],"texture":"#0"},"up":{"uv":[6.46875,2.875,5.78125,2.75],"rotation":90,"texture":"#0"},"down":{"uv":[6.46875,2.875,5.78125,2.75],"rotation":270,"texture":"#0"}}},{"from":[12,-15.9,-0.8],"to":[20,-15.9,10.2],"rotation":{"angle":0,"axis":"y","origin":[16.5,-6.2,10]},"faces":{"north":{"uv":[1,5.9375,0.5,6.125],"texture":"#0"},"east":{"uv":[1.03125,5.9375,1,6.125],"texture":"#0"},"south":{"uv":[1,5.9375,0.5,6.125],"texture":"#0"},"west":{"uv":[1.03125,5.9375,1,6.125],"texture":"#0"},"up":{"uv":[1,6.15625,0.5,6.84375],"texture":"#0"},"down":{"uv":[1,6.15625,0.5,6.84375],"texture":"#0"}}},{"from":[12,-16,10.2],"to":[20,-13,10.7],"rotation":{"angle":0,"axis":"y","origin":[16.5,-6.2,10]},"faces":{"north":{"uv":[1,5.9375,0.5,6.125],"texture":"#0"},"east":{"uv":[1.03125,5.9375,1,6.125],"texture":"#0"},"south":{"uv":[1,5.9375,0.5,6.125],"texture":"#0"},"west":{"uv":[1.03125,5.9375,1,6.125],"texture":"#0"},"up":{"uv":[1,6.125,0.5,6.15625],"texture":"#0"},"down":{"uv":[1,6.125,0.5,6.15625],"texture":"#0"}}},{"from":[11.5,-16,-1.3],"to":[12,-13,10.7],"rotation":{"angle":0,"axis":"y","origin":[16.5,-6.2,10]},"faces":{"north":{"uv":[2.34375,5.6875,2.3125,5.875],"texture":"#0"},"east":{"uv":[1.75,5.9375,1,6.125],"texture":"#0"},"south":{"uv":[2.34375,5.6875,2.3125,5.875],"texture":"#0"},"west":{"uv":[1.75,5.9375,1,6.125],"texture":"#0"},"up":{"uv":[2.375,5.6875,2.34375,6.4375],"texture":"#0"},"down":{"uv":[2.375,5.6875,2.34375,6.4375],"texture":"#0"}}},{"from":[20,-16,-1.3],"to":[20.5,-13,10.7],"rotation":{"angle":0,"axis":"y","origin":[16.5,-6.2,10]},"faces":{"north":{"uv":[2.3125,5.6875,2.34375,5.875],"texture":"#0"},"east":{"uv":[1,5.9375,1.75,6.125],"texture":"#0"},"south":{"uv":[2.3125,5.6875,2.34375,5.875],"texture":"#0"},"west":{"uv":[1,5.9375,1.75,6.125],"texture":"#0"},"up":{"uv":[2.34375,5.6875,2.375,6.4375],"texture":"#0"},"down":{"uv":[2.34375,5.6875,2.375,6.4375],"texture":"#0"}}},{"from":[12,-16,-1.3],"to":[20,-13,-0.8],"rotation":{"angle":0,"axis":"y","origin":[16.5,-6.2,10]},"faces":{"north":{"uv":[0.5,5.9375,1,6.125],"texture":"#0"},"east":{"uv":[1,5.9375,1.03125,6.125],"texture":"#0"},"south":{"uv":[0.5,5.9375,1,6.125],"texture":"#0"},"west":{"uv":[1,5.9375,1.03125,6.125],"texture":"#0"},"up":{"uv":[0.5,6.125,1,6.15625],"texture":"#0"},"down":{"uv":[0.5,6.125,1,6.15625],"texture":"#0"}}},{"from":[17,-13,0.7],"to":[17.5,-10,12.7],"rotation":{"angle":-22.5,"axis":"y","origin":[16.5,-6.2,10]},"faces":{"north":{"uv":[2.3125,5.6875,2.34375,5.875],"texture":"#0"},"east":{"uv":[1,5.9375,1.75,6.125],"texture":"#0"},"south":{"uv":[2.3125,5.6875,2.34375,5.875],"texture":"#0"},"west":{"uv":[1,5.9375,1.75,6.125],"texture":"#0"},"up":{"uv":[2.34375,5.6875,2.375,6.4375],"texture":"#0"},"down":{"uv":[2.34375,5.6875,2.375,6.4375],"texture":"#0"}}},{"from":[9,-13,0.7],"to":[17,-10,1.2],"rotation":{"angle":-22.5,"axis":"y","origin":[16.5,-6.2,10]},"faces":{"north":{"uv":[0.5,5.9375,1,6.125],"texture":"#0"},"east":{"uv":[1,5.9375,1.03125,6.125],"texture":"#0"},"south":{"uv":[0.5,5.9375,1,6.125],"texture":"#0"},"west":{"uv":[1,5.9375,1.03125,6.125],"texture":"#0"},"up":{"uv":[0.5,6.125,1,6.15625],"texture":"#0"},"down":{"uv":[0.5,6.125,1,6.15625],"texture":"#0"}}},{"from":[8.5,-13,0.7],"to":[9,-10,12.7],"rotation":{"angle":-22.5,"axis":"y","origin":[16.5,-6.2,10]},"faces":{"north":{"uv":[2.34375,5.6875,2.3125,5.875],"texture":"#0"},"east":{"uv":[1.75,5.9375,1,6.125],"texture":"#0"},"south":{"uv":[2.34375,5.6875,2.3125,5.875],"texture":"#0"},"west":{"uv":[1.75,5.9375,1,6.125],"texture":"#0"},"up":{"uv":[2.375,5.6875,2.34375,6.4375],"texture":"#0"},"down":{"uv":[2.375,5.6875,2.34375,6.4375],"texture":"#0"}}},{"from":[9,-13,12.2],"to":[17,-10,12.7],"rotation":{"angle":-22.5,"axis":"y","origin":[16.5,-6.2,10]},"faces":{"north":{"uv":[1,5.9375,0.5,6.125],"texture":"#0"},"east":{"uv":[1.03125,5.9375,1,6.125],"texture":"#0"},"south":{"uv":[1,5.9375,0.5,6.125],"texture":"#0"},"west":{"uv":[1.03125,5.9375,1,6.125],"texture":"#0"},"up":{"uv":[1,6.125,0.5,6.15625],"texture":"#0"},"down":{"uv":[1,6.125,0.5,6.15625],"texture":"#0"}}},{"from":[9,-12.9,1.2],"to":[17,-12.9,12.2],"rotation":{"angle":-22.5,"axis":"y","origin":[16.5,-6.2,10]},"faces":{"north":{"uv":[1,5.9375,0.5,6.125],"texture":"#0"},"east":{"uv":[1.03125,5.9375,1,6.125],"texture":"#0"},"south":{"uv":[1,5.9375,0.5,6.125],"texture":"#0"},"west":{"uv":[1.03125,5.9375,1,6.125],"texture":"#0"},"up":{"uv":[1,6.15625,0.5,6.84375],"texture":"#0"},"down":{"uv":[1,6.15625,0.5,6.84375],"texture":"#0"}}},{"from":[16,0,1.7],"to":[24,3,2.2],"rotation":{"angle":0,"axis":"y","origin":[20.5,-6.2,10]},"faces":{"north":{"uv":[0.5,5.9375,1,6.125],"texture":"#0"},"east":{"uv":[1,5.9375,1.03125,6.125],"texture":"#0"},"south":{"uv":[0.5,5.9375,1,6.125],"texture":"#0"},"west":{"uv":[1,5.9375,1.03125,6.125],"texture":"#0"},"up":{"uv":[0.5,6.125,1,6.15625],"texture":"#0"},"down":{"uv":[0.5,6.125,1,6.15625],"texture":"#0"}}},{"from":[15.5,0,1.7],"to":[16,3,13.7],"rotation":{"angle":0,"axis":"y","origin":[20.5,-6.2,10]},"faces":{"north":{"uv":[2.34375,5.6875,2.3125,5.875],"texture":"#0"},"east":{"uv":[1.75,5.9375,1,6.125],"texture":"#0"},"south":{"uv":[2.34375,5.6875,2.3125,5.875],"texture":"#0"},"west":{"uv":[1.75,5.9375,1,6.125],"texture":"#0"},"up":{"uv":[2.375,5.6875,2.34375,6.4375],"texture":"#0"},"down":{"uv":[2.375,5.6875,2.34375,6.4375],"texture":"#0"}}},{"from":[16,0,13.2],"to":[24,3,13.7],"rotation":{"angle":0,"axis":"y","origin":[20.5,-6.2,10]},"faces":{"north":{"uv":[1,5.9375,0.5,6.125],"texture":"#0"},"east":{"uv":[1.03125,5.9375,1,6.125],"texture":"#0"},"south":{"uv":[1,5.9375,0.5,6.125],"texture":"#0"},"west":{"uv":[1.03125,5.9375,1,6.125],"texture":"#0"},"up":{"uv":[1,6.125,0.5,6.15625],"texture":"#0"},"down":{"uv":[1,6.125,0.5,6.15625],"texture":"#0"}}},{"from":[16,0.1,2.2],"to":[24,0.1,13.2],"rotation":{"angle":0,"axis":"y","origin":[20.5,-6.2,10]},"faces":{"north":{"uv":[1,5.9375,0.5,6.125],"texture":"#0"},"east":{"uv":[1.03125,5.9375,1,6.125],"texture":"#0"},"south":{"uv":[1,5.9375,0.5,6.125],"texture":"#0"},"west":{"uv":[1.03125,5.9375,1,6.125],"texture":"#0"},"up":{"uv":[1,6.15625,0.5,6.84375],"texture":"#0"},"down":{"uv":[1,6.15625,0.5,6.84375],"texture":"#0"}}},{"from":[24,0,1.7],"to":[24.5,3,13.7],"rotation":{"angle":0,"axis":"y","origin":[20.5,-6.2,10]},"faces":{"north":{"uv":[2.3125,5.6875,2.34375,5.875],"texture":"#0"},"east":{"uv":[1,5.9375,1.75,6.125],"texture":"#0"},"south":{"uv":[2.3125,5.6875,2.34375,5.875],"texture":"#0"},"west":{"uv":[1,5.9375,1.75,6.125],"texture":"#0"},"up":{"uv":[2.34375,5.6875,2.375,6.4375],"texture":"#0"},"down":{"uv":[2.34375,5.6875,2.375,6.4375],"texture":"#0"}}},{"from":[24.5,0.8,5],"to":[24.5,2.8,9],"rotation":{"angle":0,"axis":"y","origin":[20.5,-6.2,10]},"faces":{"north":{"uv":[1.8125,5.5,1.8125,5.625],"texture":"#0"},"east":{"uv":[0.5,5.75,0.75,5.875],"texture":"#0"},"south":{"uv":[1.8125,5.5,1.8125,5.625],"texture":"#0"},"west":{"uv":[0.5,5.75,0.75,5.875],"texture":"#0"},"up":{"uv":[1.84375,5.5,1.84375,5.75],"texture":"#0"},"down":{"uv":[1.84375,5.5,1.84375,5.75],"texture":"#0"}}},{"from":[15.4,0.8,5],"to":[15.4,2.8,9],"rotation":{"angle":0,"axis":"y","origin":[20.5,-6.2,10]},"faces":{"north":{"uv":[1.8125,5.5,1.8125,5.625],"texture":"#0"},"east":{"uv":[0.75,5.75,0.5,5.875],"texture":"#0"},"south":{"uv":[1.8125,5.5,1.8125,5.625],"texture":"#0"},"west":{"uv":[0.75,5.75,0.5,5.875],"texture":"#0"},"up":{"uv":[1.84375,5.5,1.84375,5.75],"texture":"#0"},"down":{"uv":[1.84375,5.5,1.84375,5.75],"texture":"#0"}}},{"from":[6,0,10.2],"to":[14,3,10.7],"rotation":{"angle":0,"axis":"y","origin":[20.5,-6.2,10]},"faces":{"north":{"uv":[1,5.9375,0.5,6.125],"texture":"#0"},"east":{"uv":[1.03125,5.9375,1,6.125],"texture":"#0"},"south":{"uv":[1,5.9375,0.5,6.125],"texture":"#0"},"west":{"uv":[1.03125,5.9375,1,6.125],"texture":"#0"},"up":{"uv":[1,6.125,0.5,6.15625],"texture":"#0"},"down":{"uv":[1,6.125,0.5,6.15625],"texture":"#0"}}},{"from":[14,0,-1.3],"to":[14.5,3,10.7],"rotation":{"angle":0,"axis":"y","origin":[20.5,-6.2,10]},"faces":{"north":{"uv":[2.3125,5.6875,2.34375,5.875],"texture":"#0"},"east":{"uv":[1,5.9375,1.75,6.125],"texture":"#0"},"south":{"uv":[2.3125,5.6875,2.34375,5.875],"texture":"#0"},"west":{"uv":[1,5.9375,1.75,6.125],"texture":"#0"},"up":{"uv":[2.34375,5.6875,2.375,6.4375],"texture":"#0"},"down":{"uv":[2.34375,5.6875,2.375,6.4375],"texture":"#0"}}},{"from":[6,0,-1.3],"to":[14,3,-0.8],"rotation":{"angle":0,"axis":"y","origin":[20.5,-6.2,10]},"faces":{"north":{"uv":[0.5,5.9375,1,6.125],"texture":"#0"},"east":{"uv":[1,5.9375,1.03125,6.125],"texture":"#0"},"south":{"uv":[0.5,5.9375,1,6.125],"texture":"#0"},"west":{"uv":[1,5.9375,1.03125,6.125],"texture":"#0"},"up":{"uv":[0.5,6.125,1,6.15625],"texture":"#0"},"down":{"uv":[0.5,6.125,1,6.15625],"texture":"#0"}}},{"from":[5.5,0,-1.3],"to":[6,3,10.7],"rotation":{"angle":0,"axis":"y","origin":[20.5,-6.2,10]},"faces":{"north":{"uv":[2.34375,5.6875,2.3125,5.875],"texture":"#0"},"east":{"uv":[1.75,5.9375,1,6.125],"texture":"#0"},"south":{"uv":[2.34375,5.6875,2.3125,5.875],"texture":"#0"},"west":{"uv":[1.75,5.9375,1,6.125],"texture":"#0"},"up":{"uv":[2.375,5.6875,2.34375,6.4375],"texture":"#0"},"down":{"uv":[2.375,5.6875,2.34375,6.4375],"texture":"#0"}}},{"from":[5.4,0.8,2],"to":[5.4,2.8,6],"rotation":{"angle":0,"axis":"y","origin":[20.5,-6.2,10]},"faces":{"north":{"uv":[1.8125,5.5,1.8125,5.625],"texture":"#0"},"east":{"uv":[0.75,5.75,0.5,5.875],"texture":"#0"},"south":{"uv":[1.8125,5.5,1.8125,5.625],"texture":"#0"},"west":{"uv":[0.75,5.75,0.5,5.875],"texture":"#0"},"up":{"uv":[1.84375,5.5,1.84375,5.75],"texture":"#0"},"down":{"uv":[1.84375,5.5,1.84375,5.75],"texture":"#0"}}},{"from":[6,0.1,-0.8],"to":[14,0.1,10.2],"rotation":{"angle":0,"axis":"y","origin":[20.5,-6.2,10]},"faces":{"north":{"uv":[1,5.9375,0.5,6.125],"texture":"#0"},"east":{"uv":[1.03125,5.9375,1,6.125],"texture":"#0"},"south":{"uv":[1,5.9375,0.5,6.125],"texture":"#0"},"west":{"uv":[1.03125,5.9375,1,6.125],"texture":"#0"},"up":{"uv":[1,6.15625,0.5,6.84375],"texture":"#0"},"down":{"uv":[1,6.15625,0.5,6.84375],"texture":"#0"}}},{"from":[14.5,0.8,2],"to":[14.5,2.8,6],"rotation":{"angle":0,"axis":"y","origin":[20.5,-6.2,10]},"faces":{"north":{"uv":[1.8125,5.5,1.8125,5.625],"texture":"#0"},"east":{"uv":[0.5,5.75,0.75,5.875],"texture":"#0"},"south":{"uv":[1.8125,5.5,1.8125,5.625],"texture":"#0"},"west":{"uv":[0.5,5.75,0.75,5.875],"texture":"#0"},"up":{"uv":[1.84375,5.5,1.84375,5.75],"texture":"#0"},"down":{"uv":[1.84375,5.5,1.84375,5.75],"texture":"#0"}}},{"from":[26,-6,1],"to":[28,-3,12],"rotation":{"angle":0,"axis":"y","origin":[1,0,13]},"faces":{"north":{"uv":[1.9375,5.5625,2.0625,5.75],"texture":"#0"},"east":{"uv":[5.8125,2.375,6.5,2.5625],"texture":"#0"},"south":{"uv":[1.9375,5.5625,2.0625,5.75],"texture":"#0"},"west":{"uv":[5.8125,2.375,6.5,2.5625],"texture":"#0"},"up":{"uv":[6.46875,2.875,5.78125,2.75],"rotation":90,"texture":"#0"},"down":{"uv":[6.46875,2.875,5.78125,2.75],"rotation":270,"texture":"#0"}}},{"from":[5,-6,13],"to":[25,-3,15],"rotation":{"angle":0,"axis":"y","origin":[1,0,13]},"faces":{"north":{"uv":[5.8125,2.375,7.0625,2.5625],"texture":"#0"},"east":{"uv":[1.9375,5.5625,2.0625,5.75],"texture":"#0"},"south":{"uv":[5.8125,2.375,7.0625,2.5625],"texture":"#0"},"west":{"uv":[1.9375,5.5625,2.0625,5.75],"texture":"#0"},"up":{"uv":[7.03125,2.875,5.78125,2.75],"texture":"#0"},"down":{"uv":[7.03125,2.875,5.78125,2.75],"texture":"#0"}}},{"from":[5,-15,13],"to":[25,-12,15],"rotation":{"angle":0,"axis":"y","origin":[1,0,13]},"faces":{"north":{"uv":[5.8125,2.375,7.0625,2.5625],"texture":"#0"},"east":{"uv":[1.9375,5.5625,2.0625,5.75],"texture":"#0"},"south":{"uv":[5.8125,2.375,7.0625,2.5625],"texture":"#0"},"west":{"uv":[1.9375,5.5625,2.0625,5.75],"texture":"#0"},"up":{"uv":[7.03125,2.875,5.78125,2.75],"texture":"#0"},"down":{"uv":[7.03125,2.875,5.78125,2.75],"texture":"#0"}}},{"from":[5,-6,13],"to":[25,-3,15],"rotation":{"angle":0,"axis":"y","origin":[1,0,13]},"faces":{"north":{"uv":[5.8125,2.375,7.0625,2.5625],"texture":"#0"},"east":{"uv":[1.9375,5.5625,2.0625,5.75],"texture":"#0"},"south":{"uv":[5.8125,2.375,7.0625,2.5625],"texture":"#0"},"west":{"uv":[1.9375,5.5625,2.0625,5.75],"texture":"#0"},"up":{"uv":[7.03125,2.875,5.78125,2.75],"texture":"#0"},"down":{"uv":[7.03125,2.875,5.78125,2.75],"texture":"#0"}}},{"from":[2,-6,1],"to":[4,-3,12],"rotation":{"angle":0,"axis":"y","origin":[1,0,13]},"faces":{"north":{"uv":[1.9375,5.5625,2.0625,5.75],"texture":"#0"},"east":{"uv":[5.8125,2.375,6.5,2.5625],"texture":"#0"},"south":{"uv":[1.9375,5.5625,2.0625,5.75],"texture":"#0"},"west":{"uv":[5.8125,2.375,6.5,2.5625],"texture":"#0"},"up":{"uv":[6.46875,2.875,5.78125,2.75],"rotation":90,"texture":"#0"},"down":{"uv":[6.46875,2.875,5.78125,2.75],"rotation":270,"texture":"#0"}}},{"from":[1.3,6.5,13.1],"to":[29.3,9.5,14.9],"rotation":{"angle":-22.5,"axis":"z","origin":[14,8,1]},"faces":{"north":{"uv":[7.65625,2.375,5.90625,2.5625],"texture":"#0"},"east":{"uv":[2.05,5.5625,1.9375,5.75],"texture":"#0"},"south":{"uv":[7.65625,2.375,5.90625,2.5625],"texture":"#0"},"west":{"uv":[2.05,5.5625,1.9375,5.75],"texture":"#0"},"up":{"uv":[5.5,2.8625,7.25,2.75],"texture":"#0"},"down":{"uv":[5.5,2.8625,7.25,2.75],"texture":"#0"}}},{"from":[4,17.5,13],"to":[32,20.5,15],"rotation":{"angle":22.5,"axis":"z","origin":[45,5,1]},"faces":{"north":{"uv":[5.90625,2.375,7.65625,2.5625],"texture":"#0"},"east":{"uv":[1.9375,5.5625,2.0625,5.75],"texture":"#0"},"south":{"uv":[5.90625,2.375,7.65625,2.5625],"texture":"#0"},"west":{"uv":[1.9375,5.5625,2.0625,5.75],"texture":"#0"},"up":{"uv":[7.25,2.875,5.5,2.75],"texture":"#0"},"down":{"uv":[7.25,2.875,5.5,2.75],"texture":"#0"}}},{"from":[26,27.5,-1],"to":[28,29.5,17],"rotation":{"angle":0,"axis":"y","origin":[22.4,14.25,12.51535]},"faces":{"north":{"uv":[7.375,0.6875,7.25,0.8125],"texture":"#0"},"east":{"uv":[8.375,1.875,7.25,1.75],"texture":"#0"},"south":{"uv":[7.375,0.6875,7.25,0.8125],"texture":"#0"},"west":{"uv":[8.375,1.875,7.25,1.75],"texture":"#0"},"up":{"uv":[10,1,9.875,2.125],"texture":"#0"},"down":{"uv":[9.875,1,10,2.125],"texture":"#0"}}},{"from":[2,27.5,-1],"to":[4,29.5,17],"rotation":{"angle":0,"axis":"y","origin":[22.4,14.25,12.51535]},"faces":{"north":{"uv":[7.375,0.6875,7.25,0.8125],"texture":"#0"},"east":{"uv":[8.375,1.875,7.25,1.75],"texture":"#0"},"south":{"uv":[7.375,0.6875,7.25,0.8125],"texture":"#0"},"west":{"uv":[8.375,1.875,7.25,1.75],"texture":"#0"},"up":{"uv":[10,1,9.875,2.125],"texture":"#0"},"down":{"uv":[9.875,1,10,2.125],"texture":"#0"}}},{"from":[1,-1,0],"to":[5,17,4],"rotation":{"angle":0,"axis":"y","origin":[-1,47,17]},"faces":{"north":{"uv":[0,5.8125,0.25,4.6875],"texture":"#0"},"east":{"uv":[0.5,5.8125,0.25,4.6875],"texture":"#0"},"south":{"uv":[0,5.8125,0.25,4.6875],"texture":"#0"},"west":{"uv":[0.5,5.8125,0.25,4.6875],"texture":"#0"},"up":{"uv":[1.4375,5.8125,1.1875,5.5625],"texture":"#0"},"down":{"uv":[1.4375,5.8125,1.1875,5.5625],"texture":"#0"}}},{"from":[1,-1,12],"to":[5,17,16],"rotation":{"angle":0,"axis":"y","origin":[-1,47,1]},"faces":{"north":{"uv":[0.25,5.8125,0,4.6875],"texture":"#0"},"east":{"uv":[0.25,5.8125,0.5,4.6875],"texture":"#0"},"south":{"uv":[0.25,5.8125,0,4.6875],"texture":"#0"},"west":{"uv":[0.25,5.8125,0.5,4.6875],"texture":"#0"},"up":{"uv":[1.4375,5.5625,1.1875,5.8125],"texture":"#0"},"down":{"uv":[1.4375,5.5625,1.1875,5.8125],"texture":"#0"}}},{"from":[1,17,12],"to":[5,32,16],"rotation":{"angle":0,"axis":"y","origin":[-1,-1,1]},"faces":{"north":{"uv":[0.25,4.78125,0.5,5.71875],"texture":"#0"},"east":{"uv":[0.25,4.78125,0.5,5.71875],"texture":"#0"},"south":{"uv":[0.25,4.78125,0.5,5.71875],"texture":"#0"},"west":{"uv":[0.25,4.78125,0.5,5.71875],"texture":"#0"},"up":{"uv":[1.4375,5.8125,1.1875,5.5625],"texture":"#0"},"down":{"uv":[1.4375,5.8125,1.1875,5.5625],"texture":"#0"}}},{"from":[1,17,0],"to":[5,32,4],"rotation":{"angle":0,"axis":"y","origin":[-1,-1,17]},"faces":{"north":{"uv":[0.5,4.78125,0.25,5.71875],"texture":"#0"},"east":{"uv":[0.5,4.78125,0.25,5.71875],"texture":"#0"},"south":{"uv":[0.5,4.78125,0.25,5.71875],"texture":"#0"},"west":{"uv":[0.5,4.78125,0.25,5.71875],"texture":"#0"},"up":{"uv":[1.4375,5.5625,1.1875,5.8125],"texture":"#0"},"down":{"uv":[1.4375,5.5625,1.1875,5.8125],"texture":"#0"}}},{"from":[-1,0,-14],"to":[0,1,-4],"rotation":{"angle":45,"axis":"y","origin":[16,0,0]},"faces":{"north":{"uv":[8.4375,7.03125,8.375,7.09375],"texture":"#0"},"east":{"uv":[8.375,7.03125,7.75,7.09375],"texture":"#0"},"south":{"uv":[8.4375,7.03125,8.375,7.09375],"texture":"#0"},"west":{"uv":[8.375,7.03125,7.75,7.09375],"texture":"#0"},"up":{"uv":[8.375,6.96875,8.4375,6.34375],"texture":"#0"},"down":{"uv":[8.375,6.96875,8.4375,6.34375],"texture":"#0"}}},{"from":[-12,0,-14],"to":[-11,1,-4],"rotation":{"angle":45,"axis":"y","origin":[16,0,0]},"faces":{"north":{"uv":[8.375,7.03125,8.4375,7.09375],"texture":"#0"},"east":{"uv":[7.75,7.03125,8.375,7.09375],"texture":"#0"},"south":{"uv":[8.375,7.03125,8.4375,7.09375],"texture":"#0"},"west":{"uv":[7.75,7.03125,8.375,7.09375],"texture":"#0"},"up":{"uv":[8.4375,6.96875,8.375,6.34375],"texture":"#0"},"down":{"uv":[8.4375,6.96875,8.375,6.34375],"texture":"#0"}}},{"from":[-11,0,-15],"to":[-1,1,-3],"rotation":{"angle":45,"axis":"y","origin":[16,0,0]},"faces":{"north":{"uv":[7.75,6.90625,8.375,6.96875],"texture":"#0"},"east":{"uv":[7.75,6.96875,8.5,7.03125],"texture":"#0"},"south":{"uv":[7.75,6.90625,8.375,6.96875],"texture":"#0"},"west":{"uv":[7.75,6.96875,8.5,7.03125],"texture":"#0"},"up":{"uv":[8.375,6.90625,7.75,6.15625],"texture":"#0"},"down":{"uv":[8.375,6.90625,7.75,6.15625],"texture":"#0"}}},{"from":[-10,1,-13],"to":[-2,3,-5],"rotation":{"angle":45,"axis":"y","origin":[16,0,0]},"faces":{"north":{"uv":[7.3125,7.75,7.8125,7.875],"texture":"#0"},"east":{"uv":[7.3125,7.75,7.8125,7.875],"texture":"#0"},"south":{"uv":[7.3125,7.75,7.8125,7.875],"texture":"#0"},"west":{"uv":[7.3125,7.75,7.8125,7.875],"texture":"#0"},"up":{"uv":[7.8125,7.75,7.3125,7.25],"texture":"#0"},"down":{"uv":[7.8125,7.75,7.3125,7.25],"texture":"#0"}}},{"from":[-11,3,-14],"to":[-1,7,-4],"rotation":{"angle":45,"axis":"y","origin":[16,0,0]},"faces":{"north":{"uv":[6.6875,7.25,7.3125,7.5],"texture":"#0"},"east":{"uv":[6.6875,7.25,7.3125,7.5],"texture":"#0"},"south":{"uv":[6.6875,7.25,7.3125,7.5],"texture":"#0"},"west":{"uv":[6.6875,7.25,7.3125,7.5],"texture":"#0"},"up":{"uv":[7.3125,8.125,6.6875,7.5],"texture":"#0"},"down":{"uv":[7.3125,8.125,6.6875,7.5],"texture":"#0"}}},{"from":[-10,13,-13],"to":[-2,15,-5],"rotation":{"angle":45,"axis":"y","origin":[16,0,0]},"faces":{"north":{"uv":[7.375,6,7.875,6.125],"texture":"#0"},"east":{"uv":[7.375,6,7.875,6.125],"texture":"#0"},"south":{"uv":[7.375,6,7.875,6.125],"texture":"#0"},"west":{"uv":[7.375,6,7.875,6.125],"texture":"#0"}}},{"from":[-12,7,-15],"to":[0,13,-3],"rotation":{"angle":45,"axis":"y","origin":[16,0,0]},"faces":{"north":{"uv":[7,6.125,7.75,6.5],"texture":"#0"},"east":{"uv":[7,6.125,7.75,6.5],"texture":"#0"},"south":{"uv":[7,6.125,7.75,6.5],"texture":"#0"},"west":{"uv":[7,6.125,7.75,6.5],"texture":"#0"},"up":{"uv":[7.75,7.25,7,6.5],"texture":"#0"},"down":{"uv":[7.75,7.25,7,6.5],"texture":"#0"}}},{"from":[-12,0,4],"to":[-8,1,8],"rotation":{"angle":-22.5,"axis":"y","origin":[0,0,0]},"faces":{"north":{"uv":[8.5,5.90625,8.75,5.96875],"texture":"#0"},"east":{"uv":[8.5,5.90625,8.75,5.96875],"texture":"#0"},"south":{"uv":[8.5,5.90625,8.75,5.96875],"texture":"#0"},"west":{"uv":[8.5,5.90625,8.75,5.96875],"texture":"#0"},"up":{"uv":[8.5,6.15625,8.25,5.90625],"texture":"#0"},"down":{"uv":[8.5,6.15625,8.25,5.90625],"texture":"#0"}}},{"from":[-13,1,3],"to":[-7,4,9],"rotation":{"angle":-22.5,"axis":"y","origin":[0,0,0]},"faces":{"north":{"uv":[8.3125,5.71875,8.6875,5.90625],"texture":"#0"},"east":{"uv":[8.3125,5.71875,8.6875,5.90625],"texture":"#0"},"south":{"uv":[8.3125,5.71875,8.6875,5.90625],"texture":"#0"},"west":{"uv":[8.3125,5.71875,8.6875,5.90625],"texture":"#0"},"up":{"uv":[8.6875,5.71875,8.3125,5.34375],"texture":"#0"},"down":{"uv":[8.6875,5.71875,8.3125,5.34375],"texture":"#0"}}},{"from":[-12.5,4,3.5],"to":[-7.5,6,8.5],"rotation":{"angle":-22.5,"axis":"y","origin":[0,0,0]},"faces":{"north":{"uv":[8,5.34375,8.3125,5.46875],"texture":"#0"},"east":{"uv":[8,5.34375,8.3125,5.46875],"texture":"#0"},"south":{"uv":[8,5.34375,8.3125,5.46875],"texture":"#0"},"west":{"uv":[8,5.34375,8.3125,5.46875],"texture":"#0"},"up":{"uv":[8.3125,5.78125,8,5.46875],"texture":"#0"},"down":{"uv":[8.3125,5.78125,8,5.46875],"texture":"#0"}}},{"from":[-11,6,5],"to":[-9,10,7],"rotation":{"angle":-22.5,"axis":"y","origin":[0,0,0]},"faces":{"north":{"uv":[8.125,5.90625,8.25,6.15625],"texture":"#0"},"east":{"uv":[8.125,5.90625,8.25,6.15625],"texture":"#0"},"south":{"uv":[8.125,5.90625,8.25,6.15625],"texture":"#0"},"west":{"uv":[8.125,5.90625,8.25,6.15625],"texture":"#0"},"up":{"uv":[8.25,5.90625,8.125,5.78125],"texture":"#0"},"down":{"uv":[8.25,5.90625,8.125,5.78125],"texture":"#0"}}},{"from":[-12,10,4],"to":[-8,12,8],"rotation":{"angle":-22.5,"axis":"y","origin":[0,0,0]},"faces":{"north":{"uv":[7.875,6.03125,8.125,6.15625],"texture":"#0"},"east":{"uv":[7.875,6.03125,8.125,6.15625],"texture":"#0"},"south":{"uv":[7.875,6.03125,8.125,6.15625],"texture":"#0"},"west":{"uv":[7.875,6.03125,8.125,6.15625],"texture":"#0"},"up":{"uv":[8.125,6.03125,7.875,5.78125],"texture":"#0"},"down":{"uv":[8.125,6.03125,7.875,5.78125],"texture":"#0"}}},{"from":[18,10,7],"to":[22,12,11],"faces":{"north":{"uv":[7.875,6.03125,8.125,6.15625],"texture":"#0"},"east":{"uv":[7.875,6.03125,8.125,6.15625],"texture":"#0"},"south":{"uv":[7.875,6.03125,8.125,6.15625],"texture":"#0"},"west":{"uv":[7.875,6.03125,8.125,6.15625],"texture":"#0"},"up":{"uv":[8.125,6.03125,7.875,5.78125],"texture":"#0"},"down":{"uv":[8.125,6.03125,7.875,5.78125],"texture":"#0"}}},{"from":[8,0,2],"to":[12,2,6],"faces":{"north":{"uv":[7.625,5.625,7.875,5.75],"texture":"#0"},"east":{"uv":[7.625,5.625,7.875,5.75],"texture":"#0"},"south":{"uv":[7.625,5.625,7.875,5.75],"texture":"#0"},"west":{"uv":[7.625,5.625,7.875,5.75],"texture":"#0"},"up":{"uv":[7.875,6,7.625,5.75],"texture":"#0"},"down":{"uv":[7.875,6,7.625,5.75],"texture":"#0"}}},{"from":[6.5,5,0.5],"to":[13.5,10,7.5],"faces":{"north":{"uv":[7.125,5.1875,7.5625,5.5],"texture":"#0"},"east":{"uv":[7.125,5.1875,7.5625,5.5],"texture":"#0"},"south":{"uv":[7.125,5.1875,7.5625,5.5],"texture":"#0"},"west":{"uv":[7.125,5.1875,7.5625,5.5],"texture":"#0"},"up":{"uv":[8,5.625,7.5625,5.1875],"texture":"#0"},"down":{"uv":[8,5.625,7.5625,5.1875],"texture":"#0"}}},{"from":[7,2,1],"to":[13,5,7],"faces":{"north":{"uv":[7,5.5625,7.375,5.75],"texture":"#0"},"east":{"uv":[7,5.5625,7.375,5.75],"texture":"#0"},"south":{"uv":[7,5.5625,7.375,5.75],"texture":"#0"},"west":{"uv":[7,5.5625,7.375,5.75],"texture":"#0"},"up":{"uv":[7.375,6.125,7,5.75],"texture":"#0"},"down":{"uv":[7.375,6.125,7,5.75],"texture":"#0"}}},{"from":[8,10,2],"to":[12,12,6],"faces":{"north":{"uv":[7.375,5.625,7.625,5.75],"texture":"#0"},"east":{"uv":[7.375,5.625,7.625,5.75],"texture":"#0"},"south":{"uv":[7.375,5.625,7.625,5.75],"texture":"#0"},"west":{"uv":[7.375,5.625,7.625,5.75],"texture":"#0"},"up":{"uv":[7.625,6,7.375,5.75],"texture":"#0"},"down":{"uv":[7.625,6,7.375,5.75],"texture":"#0"}}},{"from":[-2,-6,-4],"to":[2,-4,0],"rotation":{"angle":-22.5,"axis":"y","origin":[0,0,0]},"faces":{"north":{"uv":[7.375,5.625,7.625,5.75],"texture":"#0"},"east":{"uv":[7.375,5.625,7.625,5.75],"texture":"#0"},"south":{"uv":[7.375,5.625,7.625,5.75],"texture":"#0"},"west":{"uv":[7.375,5.625,7.625,5.75],"texture":"#0"},"up":{"uv":[7.625,6,7.375,5.75],"texture":"#0"},"down":{"uv":[7.625,6,7.375,5.75],"texture":"#0"}}},{"from":[-3.5,-11,-5.5],"to":[3.5,-6,1.5],"rotation":{"angle":-22.5,"axis":"y","origin":[0,0,0]},"faces":{"north":{"uv":[7.125,5.1875,7.5625,5.5],"texture":"#0"},"east":{"uv":[7.125,5.1875,7.5625,5.5],"texture":"#0"},"south":{"uv":[7.125,5.1875,7.5625,5.5],"texture":"#0"},"west":{"uv":[7.125,5.1875,7.5625,5.5],"texture":"#0"},"up":{"uv":[8,5.625,7.5625,5.1875],"texture":"#0"},"down":{"uv":[8,5.625,7.5625,5.1875],"texture":"#0"}}},{"from":[-3,-14,-5],"to":[3,-11,1],"rotation":{"angle":-22.5,"axis":"y","origin":[0,0,0]},"faces":{"north":{"uv":[7,5.5625,7.375,5.75],"texture":"#0"},"east":{"uv":[7,5.5625,7.375,5.75],"texture":"#0"},"south":{"uv":[7,5.5625,7.375,5.75],"texture":"#0"},"west":{"uv":[7,5.5625,7.375,5.75],"texture":"#0"},"up":{"uv":[7.375,6.125,7,5.75],"texture":"#0"},"down":{"uv":[7.375,6.125,7,5.75],"texture":"#0"}}},{"from":[-2,-16,-4],"to":[2,-14,0],"rotation":{"angle":-22.5,"axis":"y","origin":[0,0,0]},"faces":{"north":{"uv":[7.625,5.625,7.875,5.75],"texture":"#0"},"east":{"uv":[7.625,5.625,7.875,5.75],"texture":"#0"},"south":{"uv":[7.625,5.625,7.875,5.75],"texture":"#0"},"west":{"uv":[7.625,5.625,7.875,5.75],"texture":"#0"},"up":{"uv":[7.875,6,7.625,5.75],"texture":"#0"},"down":{"uv":[7.875,6,7.625,5.75],"texture":"#0"}}},{"from":[12,17,-7],"to":[16,21,-5],"rotation":{"angle":-45,"axis":"y","origin":[0,0,0]},"faces":{"north":{"uv":[7.625,6,7.375,5.75],"rotation":180,"texture":"#0"},"east":{"uv":[7.375,5.625,7.625,5.75],"rotation":90,"texture":"#0"},"south":{"uv":[7.625,6,7.375,5.75],"texture":"#0"},"west":{"uv":[7.375,5.625,7.625,5.75],"rotation":270,"texture":"#0"},"up":{"uv":[7.375,5.625,7.625,5.75],"texture":"#0"},"down":{"uv":[7.375,5.625,7.625,5.75],"rotation":180,"texture":"#0"}}},{"from":[11,16,0],"to":[17,22,3],"rotation":{"angle":-45,"axis":"y","origin":[0,0,0]},"faces":{"north":{"uv":[7.375,6.125,7,5.75],"rotation":180,"texture":"#0"},"east":{"uv":[7,5.5625,7.375,5.75],"rotation":90,"texture":"#0"},"south":{"uv":[7.375,6.125,7,5.75],"texture":"#0"},"west":{"uv":[7,5.5625,7.375,5.75],"rotation":270,"texture":"#0"},"up":{"uv":[7,5.5625,7.375,5.75],"texture":"#0"},"down":{"uv":[7,5.5625,7.375,5.75],"rotation":180,"texture":"#0"}}},{"from":[10.5,15.5,-5],"to":[17.5,22.5,0],"rotation":{"angle":-45,"axis":"y","origin":[0,0,0]},"faces":{"north":{"uv":[8,5.625,7.5625,5.1875],"rotation":180,"texture":"#0"},"east":{"uv":[7.125,5.1875,7.5625,5.5],"rotation":90,"texture":"#0"},"south":{"uv":[8,5.625,7.5625,5.1875],"texture":"#0"},"west":{"uv":[7.125,5.1875,7.5625,5.5],"rotation":270,"texture":"#0"},"up":{"uv":[7.125,5.1875,7.5625,5.5],"texture":"#0"},"down":{"uv":[7.125,5.1875,7.5625,5.5],"rotation":180,"texture":"#0"}}},{"from":[12,17,3],"to":[16,21,5],"rotation":{"angle":-45,"axis":"y","origin":[0,0,0]},"faces":{"north":{"uv":[7.875,6,7.625,5.75],"rotation":180,"texture":"#0"},"east":{"uv":[7.625,5.625,7.875,5.75],"rotation":90,"texture":"#0"},"south":{"uv":[7.875,6,7.625,5.75],"texture":"#0"},"west":{"uv":[7.625,5.625,7.875,5.75],"rotation":270,"texture":"#0"},"up":{"uv":[7.625,5.625,7.875,5.75],"texture":"#0"},"down":{"uv":[7.625,5.625,7.875,5.75],"rotation":180,"texture":"#0"}}},{"from":[19,6,8],"to":[21,10,10],"faces":{"north":{"uv":[8.125,5.90625,8.25,6.15625],"texture":"#0"},"east":{"uv":[8.125,5.90625,8.25,6.15625],"texture":"#0"},"south":{"uv":[8.125,5.90625,8.25,6.15625],"texture":"#0"},"west":{"uv":[8.125,5.90625,8.25,6.15625],"texture":"#0"},"up":{"uv":[8.25,5.90625,8.125,5.78125],"texture":"#0"},"down":{"uv":[8.25,5.90625,8.125,5.78125],"texture":"#0"}}},{"from":[17.5,4,6.5],"to":[22.5,6,11.5],"faces":{"north":{"uv":[8,5.34375,8.3125,5.46875],"texture":"#0"},"east":{"uv":[8,5.34375,8.3125,5.46875],"texture":"#0"},"south":{"uv":[8,5.34375,8.3125,5.46875],"texture":"#0"},"west":{"uv":[8,5.34375,8.3125,5.46875],"texture":"#0"},"up":{"uv":[8.3125,5.78125,8,5.46875],"texture":"#0"},"down":{"uv":[8.3125,5.78125,8,5.46875],"texture":"#0"}}},{"from":[17,1,6],"to":[23,4,12],"faces":{"north":{"uv":[8.3125,5.71875,8.6875,5.90625],"texture":"#0"},"east":{"uv":[8.3125,5.71875,8.6875,5.90625],"texture":"#0"},"south":{"uv":[8.3125,5.71875,8.6875,5.90625],"texture":"#0"},"west":{"uv":[8.3125,5.71875,8.6875,5.90625],"texture":"#0"},"up":{"uv":[8.6875,5.71875,8.3125,5.34375],"texture":"#0"},"down":{"uv":[8.6875,5.71875,8.3125,5.34375],"texture":"#0"}}},{"from":[18,0,7],"to":[22,1,11],"faces":{"north":{"uv":[8.5,5.90625,8.75,5.96875],"texture":"#0"},"east":{"uv":[8.5,5.90625,8.75,5.96875],"texture":"#0"},"south":{"uv":[8.5,5.90625,8.75,5.96875],"texture":"#0"},"west":{"uv":[8.5,5.90625,8.75,5.96875],"texture":"#0"},"up":{"uv":[8.5,6.15625,8.25,5.90625],"texture":"#0"},"down":{"uv":[8.5,6.15625,8.25,5.90625],"texture":"#0"}}},{"from":[-2,5,-9],"to":[4,16,-9],"rotation":{"angle":45,"axis":"y","origin":[16,0,0]},"faces":{"north":{"uv":[6.75,3.25,7.125,3.9375],"texture":"#0"},"east":{"uv":[8.21875,4.53125,8.21875,5.21875],"texture":"#0"},"south":{"uv":[7.125,3.25,6.75,3.9375],"texture":"#0"},"west":{"uv":[8.21875,4.53125,8.21875,5.21875],"texture":"#0"},"up":{"uv":[8.59375,4.53125,8.21875,4.53125],"texture":"#0"},"down":{"uv":[8.59375,4.53125,8.21875,4.53125],"texture":"#0"}}},{"from":[-11,15,-14],"to":[-1,17,-4],"rotation":{"angle":45,"axis":"y","origin":[16,0,0]},"faces":{"north":{"uv":[7.3125,7.875,7.9375,8],"texture":"#0"},"east":{"uv":[7.3125,7.875,7.9375,8],"texture":"#0"},"south":{"uv":[7.3125,7.875,7.9375,8],"texture":"#0"},"west":{"uv":[7.3125,7.875,7.9375,8],"texture":"#0"},"up":{"uv":[8.4375,7.875,7.8125,7.25],"texture":"#0"},"down":{"uv":[8.4375,7.875,7.8125,7.25],"texture":"#0"}}},{"from":[-16,5,-9],"to":[-10,16,-9],"rotation":{"angle":45,"axis":"y","origin":[16,0,0]},"faces":{"north":{"uv":[7.125,3.25,6.75,3.9375],"texture":"#0"},"east":{"uv":[8.21875,4.53125,8.21875,5.21875],"texture":"#0"},"south":{"uv":[6.75,3.25,7.125,3.9375],"texture":"#0"},"west":{"uv":[8.21875,4.53125,8.21875,5.21875],"texture":"#0"},"up":{"uv":[8.21875,4.53125,8.59375,4.53125],"texture":"#0"},"down":{"uv":[8.21875,4.53125,8.59375,4.53125],"texture":"#0"}}},{"from":[26,11.5,4],"to":[28,13.5,12],"rotation":{"angle":0,"axis":"y","origin":[22.4,14.25,12.51535]},"faces":{"north":{"uv":[7.375,0.6875,7.25,0.8125],"texture":"#0"},"east":{"uv":[7.75,1.875,7.25,1.75],"texture":"#0"},"south":{"uv":[7.375,0.6875,7.25,0.8125],"texture":"#0"},"west":{"uv":[7.75,1.875,7.25,1.75],"texture":"#0"},"up":{"uv":[10,1,9.875,1.5],"texture":"#0"},"down":{"uv":[9.875,1,10,1.5],"texture":"#0"}}},{"from":[25,17,12],"to":[29,32,16],"rotation":{"angle":0,"axis":"y","origin":[31,-1,1]},"faces":{"north":{"uv":[0.5,4.78125,0.25,5.71875],"texture":"#0"},"east":{"uv":[0.5,4.78125,0.25,5.71875],"texture":"#0"},"south":{"uv":[0.5,4.78125,0.25,5.71875],"texture":"#0"},"west":{"uv":[0.5,4.78125,0.25,5.71875],"texture":"#0"},"up":{"uv":[1.1875,5.8125,1.4375,5.5625],"texture":"#0"},"down":{"uv":[1.1875,5.8125,1.4375,5.5625],"texture":"#0"}}},{"from":[25,-1,12],"to":[29,17,16],"rotation":{"angle":0,"axis":"y","origin":[31,47,1]},"faces":{"north":{"uv":[0,5.8125,0.25,4.6875],"texture":"#0"},"east":{"uv":[0.5,5.8125,0.25,4.6875],"texture":"#0"},"south":{"uv":[0,5.8125,0.25,4.6875],"texture":"#0"},"west":{"uv":[0.5,5.8125,0.25,4.6875],"texture":"#0"},"up":{"uv":[1.1875,5.5625,1.4375,5.8125],"texture":"#0"},"down":{"uv":[1.1875,5.5625,1.4375,5.8125],"texture":"#0"}}},{"from":[25,-1,0],"to":[29,17,4],"rotation":{"angle":0,"axis":"y","origin":[31,47,17]},"faces":{"north":{"uv":[0.25,5.8125,0,4.6875],"texture":"#0"},"east":{"uv":[0.25,5.8125,0.5,4.6875],"texture":"#0"},"south":{"uv":[0.25,5.8125,0,4.6875],"texture":"#0"},"west":{"uv":[0.25,5.8125,0.5,4.6875],"texture":"#0"},"up":{"uv":[1.1875,5.8125,1.4375,5.5625],"texture":"#0"},"down":{"uv":[1.1875,5.8125,1.4375,5.5625],"texture":"#0"}}},{"from":[26,3.5,-8.5],"to":[28,6.5,6.5],"rotation":{"angle":-45,"axis":"x","origin":[27,16,3]},"faces":{"north":{"uv":[2.0625,5.6875,2.1875,5.875],"texture":"#0"},"east":{"uv":[5.5,2.5625,6.4375,2.75],"texture":"#0"},"south":{"uv":[2.0625,5.6875,2.1875,5.875],"texture":"#0"},"west":{"uv":[5.5,2.5625,6.4375,2.75],"texture":"#0"},"up":{"uv":[2.625,5,2.75,5.9375],"texture":"#0"},"down":{"uv":[2.625,5.9375,2.75,5],"texture":"#0"}}},{"from":[25,17,0],"to":[29,32,4],"rotation":{"angle":0,"axis":"y","origin":[31,-1,17]},"faces":{"north":{"uv":[0.25,4.78125,0.5,5.71875],"texture":"#0"},"east":{"uv":[0.25,4.78125,0.5,5.71875],"texture":"#0"},"south":{"uv":[0.25,4.78125,0.5,5.71875],"texture":"#0"},"west":{"uv":[0.25,4.78125,0.5,5.71875],"texture":"#0"},"up":{"uv":[1.1875,5.5625,1.4375,5.8125],"texture":"#0"},"down":{"uv":[1.1875,5.5625,1.4375,5.8125],"texture":"#0"}}},{"from":[-0.5,29.5,3],"to":[30.5,31,15],"rotation":{"angle":0,"axis":"y","origin":[15,-1,1]},"faces":{"north":{"uv":[5.5,3.9375,7.4375,4.03125],"texture":"#0"},"east":{"uv":[6.3125,5.5625,5.5625,5.65625],"texture":"#0"},"south":{"uv":[5.5,3.9375,7.4375,4.03125],"texture":"#0"},"west":{"uv":[6.3125,5.5625,5.5625,5.65625],"texture":"#0"},"up":{"uv":[6.125,5.84375,4.1875,6.59375],"texture":"#0"},"down":{"uv":[6.125,5.875,4.1875,6.625],"texture":"#0"}}},{"from":[-0.5,13.5,3],"to":[30.5,15,15],"rotation":{"angle":0,"axis":"y","origin":[15,-1,1]},"faces":{"north":{"uv":[5.5,3.9375,7.4375,4.03125],"texture":"#0"},"east":{"uv":[6.3125,5.5625,5.5625,5.65625],"texture":"#0"},"south":{"uv":[5.5,3.9375,7.4375,4.03125],"texture":"#0"},"west":{"uv":[6.3125,5.5625,5.5625,5.65625],"texture":"#0"},"up":{"uv":[6.125,5.84375,4.1875,6.59375],"texture":"#0"},"down":{"uv":[6.125,5.875,4.1875,6.625],"texture":"#0"}}},{"from":[26.1,3.5,9.5],"to":[27.9,6.5,24.5],"rotation":{"angle":45,"axis":"x","origin":[27,16,13]},"faces":{"north":{"uv":[2.175,5.6875,2.0625,5.875],"texture":"#0"},"east":{"uv":[6.4375,2.5625,5.5,2.75],"texture":"#0"},"south":{"uv":[2.175,5.6875,2.0625,5.875],"texture":"#0"},"west":{"uv":[6.4375,2.5625,5.5,2.75],"texture":"#0"},"up":{"uv":[2.625,5.9375,2.7375,5],"texture":"#0"},"down":{"uv":[2.625,5,2.7375,5.9375],"texture":"#0"}}},{"from":[2,3.5,-8.5],"to":[4,6.5,6.5],"rotation":{"angle":-45,"axis":"x","origin":[3,16,3]},"faces":{"north":{"uv":[2.1875,5.6875,2.0625,5.875],"texture":"#0"},"east":{"uv":[6.4375,2.5625,5.5,2.75],"texture":"#0"},"south":{"uv":[2.1875,5.6875,2.0625,5.875],"texture":"#0"},"west":{"uv":[6.4375,2.5625,5.5,2.75],"texture":"#0"},"up":{"uv":[2.75,5,2.625,5.9375],"texture":"#0"},"down":{"uv":[2.75,5.9375,2.625,5],"texture":"#0"}}},{"from":[2,11.5,4],"to":[4,13.5,12],"rotation":{"angle":0,"axis":"y","origin":[7.6,14.25,12.51535]},"faces":{"north":{"uv":[7.25,0.6875,7.375,0.8125],"texture":"#0"},"east":{"uv":[7.25,1.875,7.75,1.75],"texture":"#0"},"south":{"uv":[7.25,0.6875,7.375,0.8125],"texture":"#0"},"west":{"uv":[7.25,1.875,7.75,1.75],"texture":"#0"},"up":{"uv":[9.875,1,10,1.5],"texture":"#0"},"down":{"uv":[10,1,9.875,1.5],"texture":"#0"}}},{"from":[2.1,3.5,9.5],"to":[3.9,6.5,24.5],"rotation":{"angle":45,"axis":"x","origin":[3,16,13]},"faces":{"north":{"uv":[2.0625,5.6875,2.175,5.875],"texture":"#0"},"east":{"uv":[5.5,2.5625,6.4375,2.75],"texture":"#0"},"south":{"uv":[2.0625,5.6875,2.175,5.875],"texture":"#0"},"west":{"uv":[5.5,2.5625,6.4375,2.75],"texture":"#0"},"up":{"uv":[2.7375,5.9375,2.625,5],"texture":"#0"},"down":{"uv":[2.7375,5,2.625,5.9375],"texture":"#0"}}}],"gui_light":"front","display":{"thirdperson_righthand":{"rotation":[67.5,0,0],"translation":[-0.25,1.25,1.5],"scale":[0.16875,0.16875,0.16875]},"thirdperson_lefthand":{"rotation":[67.5,0,0],"translation":[-0.25,1.25,1.5],"scale":[0.16875,0.16875,0.16875]},"firstperson_righthand":{"rotation":[0,225,0],"translation":[0,2.75,0],"scale":[0.26641,0.26641,0.26641]},"firstperson_lefthand":{"rotation":[0,225,0],"translation":[0,2.75,0],"scale":[0.26641,0.26641,0.26641]},"ground":{"translation":[0,3,0],"scale":[0.25,0.25,0.25]},"gui":{"rotation":[30,225,0],"translation":[0,0.5,0],"scale":[0.25898,0.25898,0.25898]},"head":{"translation":[-24,-4.75,0.25],"scale":[0,0,0]},"fixed":{"rotation":[-90,0,0],"translation":[-26,0,-48],"scale":[2,2,2]}}}