{"credit":"MadewithBlockbench","texture_size":[256,256],"textures":{"0":"elitecreatures:medieval_market_decoration_v1/medeivalmarket_01","1":"elitecreatures:medieval_market_decoration_v1/medeivalmarket_02","particle":"elitecreatures:medieval_market_decoration_v1/medeivalmarket_01"},"elements":[{"from":[23,-16,-3],"to":[27,16,1],"rotation":{"angle":0,"axis":"y","origin":[0,0,8]},"faces":{"north":{"uv":[0.25,4.6875,0,6.6875],"texture":"#0"},"east":{"uv":[0.25,4.6875,0.5,6.6875],"texture":"#0"},"south":{"uv":[0.25,4.6875,0,6.6875],"texture":"#0"},"west":{"uv":[0.25,4.6875,0.5,6.6875],"texture":"#0"},"up":{"uv":[1.4375,5.8125,1.1875,5.5625],"texture":"#0"},"down":{"uv":[1.4375,5.8125,1.1875,5.5625],"texture":"#0"}}},{"from":[16,-16,4.5],"to":[23,-12,4.5],"faces":{"north":{"uv":[9.25,1.125,9.6875,1.375],"texture":"#1"},"east":{"uv":[13.875,1.375,13.875,1.625],"texture":"#0"},"south":{"uv":[9.6875,1.125,9.25,1.375],"texture":"#1"},"west":{"uv":[13.875,1.375,13.875,1.625],"texture":"#0"},"up":{"uv":[10.875,1.375,11.3125,1.375],"rotation":180,"texture":"#0"},"down":{"uv":[10.875,1.375,11.3125,1.375],"rotation":180,"texture":"#0"}}},{"from":[23,-16,15],"to":[27,16,19],"rotation":{"angle":0,"axis":"y","origin":[0,0,8]},"faces":{"north":{"uv":[0.25,4.6875,0,6.6875],"texture":"#0"},"east":{"uv":[0.25,4.6875,0.5,6.6875],"texture":"#0"},"south":{"uv":[0.25,4.6875,0,6.6875],"texture":"#1"},"west":{"uv":[0.25,4.6875,0.5,6.6875],"texture":"#0"},"up":{"uv":[1.4375,5.8125,1.1875,5.5625],"texture":"#0"},"down":{"uv":[1.4375,5.8125,1.1875,5.5625],"texture":"#0"}}},{"from":[-11,-16,-3],"to":[-7,16,1],"rotation":{"angle":0,"axis":"y","origin":[16,0,8]},"faces":{"north":{"uv":[0,4.6875,0.25,6.6875],"texture":"#0"},"east":{"uv":[0.5,4.6875,0.25,6.6875],"texture":"#0"},"south":{"uv":[0,4.6875,0.25,6.6875],"texture":"#0"},"west":{"uv":[0.5,4.6875,0.25,6.6875],"texture":"#0"},"up":{"uv":[1.1875,5.8125,1.4375,5.5625],"texture":"#0"},"down":{"uv":[1.1875,5.8125,1.4375,5.5625],"texture":"#0"}}},{"from":[-7,-7.5,-1],"to":[8,-5.5,1],"rotation":{"angle":0,"axis":"y","origin":[22.4,14.25,12.51535]},"faces":{"north":{"uv":[8.1875,1.875,7.25,1.75],"texture":"#1"},"east":{"uv":[7.375,0.6875,7.25,0.8125],"texture":"#1"},"south":{"uv":[8.1875,1.875,7.25,1.75],"texture":"#1"},"west":{"uv":[7.375,0.6875,7.25,0.8125],"texture":"#1"},"up":{"uv":[9.875,1.9375,10,1],"rotation":90,"texture":"#1"},"down":{"uv":[10,1.9375,9.875,1],"rotation":270,"texture":"#1"}}},{"from":[8,-7.5,-1],"to":[23,-5.5,1],"rotation":{"angle":0,"axis":"y","origin":[-6.4,14.25,12.51535]},"faces":{"north":{"uv":[7.25,1.875,8.1875,1.75],"texture":"#1"},"east":{"uv":[7.25,0.6875,7.375,0.8125],"texture":"#1"},"south":{"uv":[7.25,1.875,8.1875,1.75],"texture":"#1"},"west":{"uv":[7.25,0.6875,7.375,0.8125],"texture":"#1"},"up":{"uv":[9.875,1,10,1.9375],"rotation":90,"texture":"#1"},"down":{"uv":[10,1,9.875,1.9375],"rotation":270,"texture":"#1"}}},{"from":[-7,-7.5,15],"to":[8,-5.5,17],"rotation":{"angle":0,"axis":"y","origin":[22.4,14.25,12.51535]},"faces":{"north":{"uv":[8.1875,1.875,7.25,1.75],"texture":"#1"},"east":{"uv":[7.375,0.6875,7.25,0.8125],"texture":"#1"},"south":{"uv":[8.1875,1.875,7.25,1.75],"texture":"#1"},"west":{"uv":[7.375,0.6875,7.25,0.8125],"texture":"#1"},"up":{"uv":[9.875,1.9375,10,1],"rotation":90,"texture":"#1"},"down":{"uv":[10,1.9375,9.875,1],"rotation":270,"texture":"#1"}}},{"from":[8,-7.5,15],"to":[23,-5.5,17],"rotation":{"angle":0,"axis":"y","origin":[-6.4,14.25,12.51535]},"faces":{"north":{"uv":[7.25,1.875,8.1875,1.75],"texture":"#1"},"east":{"uv":[7.25,0.6875,7.375,0.8125],"texture":"#1"},"south":{"uv":[7.25,1.875,8.1875,1.75],"texture":"#1"},"west":{"uv":[7.25,0.6875,7.375,0.8125],"texture":"#1"},"up":{"uv":[9.875,1,10,1.9375],"rotation":90,"texture":"#1"},"down":{"uv":[10,1,9.875,1.9375],"rotation":270,"texture":"#1"}}},{"from":[-7,-16,-1],"to":[8,-14,1],"rotation":{"angle":0,"axis":"y","origin":[22.4,14.25,12.51535]},"faces":{"north":{"uv":[8.1875,1.875,7.25,1.75],"texture":"#1"},"east":{"uv":[7.375,0.6875,7.25,0.8125],"texture":"#1"},"south":{"uv":[8.1875,1.875,7.25,1.75],"texture":"#1"},"west":{"uv":[7.375,0.6875,7.25,0.8125],"texture":"#1"},"up":{"uv":[9.875,1.9375,10,1],"rotation":90,"texture":"#1"},"down":{"uv":[10,1.9375,9.875,1],"rotation":270,"texture":"#1"}}},{"from":[8,-16,-1],"to":[23,-14,1],"rotation":{"angle":0,"axis":"y","origin":[-6.4,14.25,12.51535]},"faces":{"north":{"uv":[7.25,1.875,8.1875,1.75],"texture":"#1"},"east":{"uv":[7.25,0.6875,7.375,0.8125],"texture":"#1"},"south":{"uv":[7.25,1.875,8.1875,1.75],"texture":"#1"},"west":{"uv":[7.25,0.6875,7.375,0.8125],"texture":"#1"},"up":{"uv":[9.875,1,10,1.9375],"rotation":90,"texture":"#1"},"down":{"uv":[10,1,9.875,1.9375],"rotation":270,"texture":"#1"}}},{"from":[23.08465,-7.5,0.11535],"to":[25.08465,-5.5,15.11535],"rotation":{"angle":0,"axis":"y","origin":[-6.4,14.25,12.51535]},"faces":{"north":{"uv":[7.25,0.6875,7.375,0.8125],"texture":"#1"},"east":{"uv":[7.25,1.875,8.1875,1.75],"texture":"#1"},"south":{"uv":[7.25,0.6875,7.375,0.8125],"texture":"#1"},"west":{"uv":[7.25,1.875,8.1875,1.75],"texture":"#1"},"up":{"uv":[9.875,1,10,1.9375],"texture":"#1"},"down":{"uv":[10,1,9.875,1.9375],"texture":"#1"}}},{"from":[23.08465,-16,0.11535],"to":[25.08465,-14,15.11535],"rotation":{"angle":0,"axis":"y","origin":[-6.4,14.25,12.51535]},"faces":{"north":{"uv":[7.25,0.6875,7.375,0.8125],"texture":"#1"},"east":{"uv":[7.25,1.875,8.1875,1.75],"texture":"#1"},"south":{"uv":[7.25,0.6875,7.375,0.8125],"texture":"#1"},"west":{"uv":[7.25,1.875,8.1875,1.75],"texture":"#1"},"up":{"uv":[9.875,1,10,1.9375],"texture":"#1"},"down":{"uv":[10,1,9.875,1.9375],"texture":"#1"}}},{"from":[-9.08465,-7.5,0.11535],"to":[-7.08465,-5.5,15.11535],"rotation":{"angle":0,"axis":"y","origin":[22.4,14.25,12.51535]},"faces":{"north":{"uv":[7.375,0.6875,7.25,0.8125],"texture":"#1"},"east":{"uv":[8.1875,1.875,7.25,1.75],"texture":"#1"},"south":{"uv":[7.375,0.6875,7.25,0.8125],"texture":"#1"},"west":{"uv":[8.1875,1.875,7.25,1.75],"texture":"#1"},"up":{"uv":[10,1,9.875,1.9375],"texture":"#1"},"down":{"uv":[9.875,1,10,1.9375],"texture":"#1"}}},{"from":[-9.08465,-16,0.11535],"to":[-7.08465,-14,15.11535],"rotation":{"angle":0,"axis":"y","origin":[22.4,14.25,12.51535]},"faces":{"north":{"uv":[7.375,0.6875,7.25,0.8125],"texture":"#1"},"east":{"uv":[8.1875,1.875,7.25,1.75],"texture":"#1"},"south":{"uv":[7.375,0.6875,7.25,0.8125],"texture":"#1"},"west":{"uv":[8.1875,1.875,7.25,1.75],"texture":"#1"},"up":{"uv":[10,1,9.875,1.9375],"texture":"#1"},"down":{"uv":[9.875,1,10,1.9375],"texture":"#1"}}},{"from":[-11,-16,15],"to":[-7,16,19],"rotation":{"angle":0,"axis":"y","origin":[16,0,8]},"faces":{"north":{"uv":[0,4.6875,0.25,6.6875],"texture":"#0"},"east":{"uv":[0.5,4.6875,0.25,6.6875],"texture":"#0"},"south":{"uv":[0,4.6875,0.25,6.6875],"texture":"#0"},"west":{"uv":[0.5,4.6875,0.25,6.6875],"texture":"#0"},"up":{"uv":[1.1875,5.8125,1.4375,5.5625],"texture":"#0"},"down":{"uv":[1.1875,5.8125,1.4375,5.5625],"texture":"#0"}}},{"from":[-7,-16,-0.5],"to":[23,-1,0.5],"rotation":{"angle":0,"axis":"y","origin":[0,0,16]},"faces":{"north":{"uv":[0,0.6875,1.875,1.625],"texture":"#1"},"east":{"uv":[4.125,5.5,4.1875,6.4375],"texture":"#0"},"south":{"uv":[0,0.6875,1.875,1.625],"texture":"#0"},"west":{"uv":[0.4375,5.8125,0.5,6.75],"texture":"#0"},"up":{"uv":[0.4375,5.875,2.3125,5.9375],"texture":"#0"},"down":{"uv":[0.4375,5.875,2.3125,5.9375],"texture":"#0"}}},{"from":[10,0,15],"to":[20,1,22],"rotation":{"angle":-22.5,"axis":"y","origin":[21,0,6]},"faces":{"north":{"uv":[6.0625,3.6875,6.6875,3.75],"texture":"#1"},"east":{"uv":[6.0625,3.75,6.5,3.8125],"texture":"#1"},"south":{"uv":[6.0625,3.6875,6.6875,3.75],"texture":"#1"},"west":{"uv":[6.0625,3.75,6.5,3.8125],"texture":"#1"},"up":{"uv":[6.0625,3.25,6.6875,3.6875],"texture":"#1"},"down":{"uv":[6.0625,3.25,6.6875,3.6875],"texture":"#1"}}},{"from":[9,1.5,14.5],"to":[12,8.5,14.5],"rotation":{"angle":-22.5,"axis":"z","origin":[9,0,6]},"faces":{"north":{"uv":[1.875,6.375,2.0625,6.8125],"texture":"#1"},"east":{"uv":[1.9375,7.15625,1.9375,6.71875],"rotation":180,"texture":"#1"},"south":{"uv":[2.0625,6.375,1.875,6.8125],"texture":"#1"},"west":{"uv":[1.9375,7.15625,1.9375,6.71875],"rotation":180,"texture":"#1"},"up":{"uv":[2.125,6.71875,1.9375,6.71875],"rotation":180,"texture":"#1"},"down":{"uv":[2.125,6.71875,1.9375,6.71875],"rotation":180,"texture":"#1"}}},{"from":[9,8.5,14],"to":[11,12.5,15],"rotation":{"angle":-22.5,"axis":"z","origin":[9,0,6]},"faces":{"north":{"uv":[8.125,2.375,8,2.625],"texture":"#1"},"east":{"uv":[8.125,2.625,8.1875,2.375],"rotation":180,"texture":"#1"},"south":{"uv":[8.125,2.375,8,2.625],"texture":"#1"},"west":{"uv":[8.125,2.625,8.1875,2.375],"rotation":180,"texture":"#1"},"up":{"uv":[8,2.5625,7.875,2.625],"rotation":180,"texture":"#1"},"down":{"uv":[8,2.5625,7.875,2.625],"rotation":180,"texture":"#1"}}},{"from":[-6,6,-2],"to":[-1,10,0],"faces":{"north":{"uv":[5.375,7.9375,5.6875,8.1875],"texture":"#1"},"east":{"uv":[5.6875,7.9375,5.9375,8.0625],"rotation":90,"texture":"#1"},"south":{"uv":[5.6875,7.9375,5.375,8.1875],"texture":"#1"},"west":{"uv":[5.6875,7.9375,5.9375,8.0625],"rotation":90,"texture":"#1"},"up":{"uv":[5.375,8.1875,5.6875,8.3125],"rotation":180,"texture":"#1"},"down":{"uv":[5.375,8.1875,5.6875,8.3125],"rotation":180,"texture":"#1"}}},{"from":[-6,10,-2],"to":[-3,11,0],"faces":{"north":{"uv":[5.6875,8.25,5.875,8.3125],"texture":"#1"},"east":{"uv":[5.9375,8.125,6,8.25],"rotation":90,"texture":"#1"},"south":{"uv":[5.875,8.25,5.6875,8.3125],"texture":"#1"},"west":{"uv":[5.9375,8.125,6,8.25],"rotation":90,"texture":"#1"},"up":{"uv":[5.375,8.3125,5.5625,8.4375],"texture":"#1"},"down":{"uv":[5.375,8.3125,5.5625,8.4375],"texture":"#1"}}},{"from":[-5.5,5,-2],"to":[-1.5,6,0],"faces":{"north":{"uv":[5.6875,8.0625,5.9375,8.125],"texture":"#1"},"east":{"uv":[5.9375,8,6,8.125],"rotation":90,"texture":"#1"},"south":{"uv":[5.9375,8.0625,5.6875,8.125],"texture":"#1"},"west":{"uv":[5.9375,8,6,8.125],"rotation":90,"texture":"#1"},"up":{"uv":[5.6875,8.125,5.9375,8.25],"rotation":180,"texture":"#1"},"down":{"uv":[5.6875,8.125,5.9375,8.25],"rotation":180,"texture":"#1"}}},{"from":[-6,11,-2],"to":[-4,13,0],"faces":{"north":{"uv":[5.5625,8.3125,5.6875,8.4375],"texture":"#1"},"east":{"uv":[5.6875,8.3125,5.8125,8.4375],"rotation":90,"texture":"#1"},"south":{"uv":[5.6875,8.3125,5.5625,8.4375],"texture":"#1"},"west":{"uv":[5.6875,8.3125,5.8125,8.4375],"rotation":90,"texture":"#1"},"up":{"uv":[5.8125,8.3125,5.9375,8.4375],"texture":"#1"},"down":{"uv":[5.8125,8.3125,5.9375,8.4375],"texture":"#1"}}},{"from":[0,13,-2],"to":[2,15,0],"rotation":{"angle":-22.5,"axis":"y","origin":[0,0,0]},"faces":{"north":{"uv":[5.5625,8.3125,5.6875,8.4375],"texture":"#1"},"east":{"uv":[5.6875,8.3125,5.8125,8.4375],"rotation":90,"texture":"#1"},"south":{"uv":[5.6875,8.3125,5.5625,8.4375],"texture":"#1"},"west":{"uv":[5.6875,8.3125,5.8125,8.4375],"rotation":90,"texture":"#1"},"up":{"uv":[5.8125,8.3125,5.9375,8.4375],"texture":"#1"},"down":{"uv":[5.8125,8.3125,5.9375,8.4375],"texture":"#1"}}},{"from":[-5.5,10.3,-1.6],"to":[-4.5,18.3,-1.6],"rotation":{"angle":0,"axis":"y","origin":[10.4,15.8,12.4]},"faces":{"north":{"uv":[2.75,6.6875,3.25,6.625],"rotation":270,"texture":"#1"},"east":{"uv":[1,6.84375,1.5,6.84375],"rotation":90,"texture":"#1"},"south":{"uv":[2.75,6.6875,3.25,6.625],"rotation":270,"texture":"#1"},"west":{"uv":[1,6.84375,1.5,6.84375],"rotation":270,"texture":"#1"},"up":{"uv":[1.0625,6.84375,1.125,6.84375],"texture":"#1"},"down":{"uv":[1.0625,6.84375,1.125,6.84375],"rotation":180,"texture":"#1"}}},{"from":[-3.5,10.3,3.4],"to":[-2.5,18.3,3.4],"rotation":{"angle":-22.5,"axis":"y","origin":[10.4,15.8,12.4]},"faces":{"north":{"uv":[2.75,6.6875,3.25,6.625],"rotation":270,"texture":"#1"},"east":{"uv":[1,6.84375,1.5,6.84375],"rotation":90,"texture":"#1"},"south":{"uv":[2.75,6.6875,3.25,6.625],"rotation":270,"texture":"#1"},"west":{"uv":[1,6.84375,1.5,6.84375],"rotation":270,"texture":"#1"},"up":{"uv":[1.0625,6.84375,1.125,6.84375],"texture":"#1"},"down":{"uv":[1.0625,6.84375,1.125,6.84375],"rotation":180,"texture":"#1"}}},{"from":[0,12,-2],"to":[3,13,0],"rotation":{"angle":-22.5,"axis":"y","origin":[0,0,0]},"faces":{"north":{"uv":[5.6875,8.25,5.875,8.3125],"texture":"#1"},"east":{"uv":[5.9375,8.125,6,8.25],"rotation":90,"texture":"#1"},"south":{"uv":[5.875,8.25,5.6875,8.3125],"texture":"#1"},"west":{"uv":[5.9375,8.125,6,8.25],"rotation":90,"texture":"#1"},"up":{"uv":[5.375,8.3125,5.5625,8.4375],"texture":"#1"},"down":{"uv":[5.375,8.3125,5.5625,8.4375],"texture":"#1"}}},{"from":[0,8,-2],"to":[5,12,0],"rotation":{"angle":-22.5,"axis":"y","origin":[0,0,0]},"faces":{"north":{"uv":[5.375,7.9375,5.6875,8.1875],"texture":"#1"},"east":{"uv":[5.6875,7.9375,5.9375,8.0625],"rotation":90,"texture":"#1"},"south":{"uv":[5.6875,7.9375,5.375,8.1875],"texture":"#1"},"west":{"uv":[5.6875,7.9375,5.9375,8.0625],"rotation":90,"texture":"#1"},"up":{"uv":[5.375,8.1875,5.6875,8.3125],"rotation":180,"texture":"#1"},"down":{"uv":[5.375,8.1875,5.6875,8.3125],"rotation":180,"texture":"#1"}}},{"from":[0.5,7,-2],"to":[4.5,8,0],"rotation":{"angle":-22.5,"axis":"y","origin":[0,0,0]},"faces":{"north":{"uv":[5.6875,8.0625,5.9375,8.125],"texture":"#1"},"east":{"uv":[5.9375,8,6,8.125],"rotation":90,"texture":"#1"},"south":{"uv":[5.9375,8.0625,5.6875,8.125],"texture":"#1"},"west":{"uv":[5.9375,8,6,8.125],"rotation":90,"texture":"#1"},"up":{"uv":[5.6875,8.125,5.9375,8.25],"rotation":180,"texture":"#1"},"down":{"uv":[5.6875,8.125,5.9375,8.25],"rotation":180,"texture":"#1"}}},{"from":[23.5,-16,0],"to":[24.5,-1,15],"rotation":{"angle":0,"axis":"y","origin":[0,0,16]},"faces":{"north":{"uv":[0.4375,5.8125,0.5,6.75],"texture":"#0"},"east":{"uv":[0,0.6875,0.9375,1.625],"texture":"#0"},"south":{"uv":[4.125,5.5,4.1875,6.4375],"texture":"#0"},"west":{"uv":[0,0.6875,0.9375,1.625],"texture":"#0"},"up":{"uv":[0.4375,5.875,1.375,5.9375],"rotation":90,"texture":"#0"},"down":{"uv":[0.4375,5.875,1.375,5.9375],"rotation":270,"texture":"#0"}}},{"from":[-6,-0.5,2],"to":[6,-0.5,14],"faces":{"north":{"uv":[0,0,0.75,0],"texture":"#1"},"east":{"uv":[0,0,0.75,0],"texture":"#1"},"south":{"uv":[0,0,0.75,0],"texture":"#1"},"west":{"uv":[0,0,0.75,0],"texture":"#1"},"up":{"uv":[6.6875,7.84375,5.9375,7.09375],"texture":"#1"},"down":{"uv":[6.6875,7.84375,5.9375,7.09375],"texture":"#1"}}},{"from":[-8.5,-16,0],"to":[-7.5,-1,15],"rotation":{"angle":0,"axis":"y","origin":[16,0,16]},"faces":{"north":{"uv":[0.5,5.8125,0.4375,6.75],"texture":"#0"},"east":{"uv":[0.9375,0.6875,0,1.625],"texture":"#0"},"south":{"uv":[4.1875,5.5,4.125,6.4375],"texture":"#0"},"west":{"uv":[0.9375,0.6875,0,1.625],"texture":"#0"},"up":{"uv":[0.4375,5.9375,1.375,5.875],"rotation":90,"texture":"#0"},"down":{"uv":[0.4375,5.9375,1.375,5.875],"rotation":270,"texture":"#0"}}},{"from":[-13,16,-3],"to":[29,20,1],"rotation":{"angle":0,"axis":"y","origin":[0,0,8]},"faces":{"north":{"uv":[4.125,5,6.75,5.25],"texture":"#0"},"east":{"uv":[1.4375,5.5625,1.6875,5.8125],"texture":"#0"},"south":{"uv":[4.125,5,6.75,5.25],"texture":"#0"},"west":{"uv":[1.4375,5.5625,1.6875,5.8125],"texture":"#0"},"up":{"uv":[4.125,5,6.75,5.25],"texture":"#0"},"down":{"uv":[4.125,5,6.75,5.25],"texture":"#0"}}},{"from":[-13,16,15],"to":[29,20,19],"rotation":{"angle":0,"axis":"y","origin":[0,0,8]},"faces":{"north":{"uv":[4.125,5,6.75,5.25],"texture":"#0"},"east":{"uv":[1.4375,5.5625,1.6875,5.8125],"texture":"#0"},"south":{"uv":[4.125,5,6.75,5.25],"texture":"#0"},"west":{"uv":[1.4375,5.5625,1.6875,5.8125],"texture":"#0"},"up":{"uv":[4.125,5,6.75,5.25],"texture":"#0"},"down":{"uv":[4.125,5,6.75,5.25],"texture":"#0"}}},{"from":[-16,26,6],"to":[32,30,10],"rotation":{"angle":0,"axis":"y","origin":[0,-3,-2]},"faces":{"north":{"uv":[4.125,5,7.125,5.25],"texture":"#0"},"east":{"uv":[1.4375,5.5625,1.6875,5.8125],"texture":"#0"},"south":{"uv":[4.125,5,7.125,5.25],"texture":"#0"},"west":{"uv":[1.4375,5.5625,1.6875,5.8125],"texture":"#0"},"up":{"uv":[4.125,5,7.125,5.25],"texture":"#0"},"down":{"uv":[4.125,5,7.125,5.25],"texture":"#0"}}},{"from":[23,16,-5],"to":[27,20,21],"rotation":{"angle":0,"axis":"y","origin":[0,0,8]},"faces":{"north":{"uv":[0.4375,7.84375,0.6875,8.09375],"texture":"#1"},"east":{"uv":[0.5,5.125,2.125,5.375],"texture":"#0"},"south":{"uv":[0.4375,7.84375,0.6875,8.09375],"texture":"#1"},"west":{"uv":[0.5,5.125,2.125,5.375],"texture":"#0"},"up":{"uv":[2.625,6.3125,2.375,4.6875],"texture":"#0"},"down":{"uv":[2.625,6.3125,2.375,4.6875],"texture":"#0"}}},{"from":[-11,16,-5],"to":[-7,20,21],"rotation":{"angle":0,"axis":"y","origin":[0,0,8]},"faces":{"north":{"uv":[0.4375,7.84375,0.6875,8.09375],"texture":"#1"},"east":{"uv":[0.5,5.125,2.125,5.375],"texture":"#0"},"south":{"uv":[0.4375,7.84375,0.6875,8.09375],"texture":"#1"},"west":{"uv":[0.5,5.125,2.125,5.375],"texture":"#0"},"up":{"uv":[2.625,6.3125,2.375,4.6875],"texture":"#0"},"down":{"uv":[2.625,6.3125,2.375,4.6875],"texture":"#0"}}},{"from":[23,20,6],"to":[27,28,10],"rotation":{"angle":0,"axis":"y","origin":[0,0,8]},"faces":{"north":{"uv":[5.5,4.0625,5.75,4.5625],"texture":"#0"},"east":{"uv":[5.5,4.0625,5.75,4.5625],"texture":"#0"},"south":{"uv":[5.5,4.0625,5.75,4.5625],"texture":"#0"},"west":{"uv":[5.5,4.0625,5.75,4.5625],"texture":"#0"},"up":{"uv":[1.9375,5.8125,1.6875,5.5625],"texture":"#0"},"down":{"uv":[1.9375,5.8125,1.6875,5.5625],"texture":"#0"}}},{"from":[-11,20,6],"to":[-7,28,10],"rotation":{"angle":0,"axis":"y","origin":[16,0,8]},"faces":{"north":{"uv":[5.75,4.0625,5.5,4.5625],"texture":"#0"},"east":{"uv":[5.75,4.0625,5.5,4.5625],"texture":"#0"},"south":{"uv":[5.75,4.0625,5.5,4.5625],"texture":"#0"},"west":{"uv":[5.75,4.0625,5.5,4.5625],"texture":"#0"},"up":{"uv":[1.6875,5.8125,1.9375,5.5625],"texture":"#0"},"down":{"uv":[1.6875,5.8125,1.9375,5.5625],"texture":"#0"}}},{"from":[-14,29,-7],"to":[30,29,8],"rotation":{"angle":-22.5,"axis":"x","origin":[26,29,8]},"faces":{"up":{"uv":[6.5,0.9375,3.75,0],"texture":"#0"},"down":{"uv":[6.5,0.9375,3.75,0],"texture":"#0"}}},{"from":[5.5,0.5,6],"to":[7.5,0.5,12],"rotation":{"angle":22.5,"axis":"y","origin":[6,0,-1]},"faces":{"north":{"uv":[9.625,5.625,9.75,5.625],"texture":"#1"},"east":{"uv":[10.375,5.4375,10.75,5.4375],"texture":"#1"},"south":{"uv":[9.625,5.625,9.75,5.625],"texture":"#1"},"west":{"uv":[10.375,5.4375,10.75,5.4375],"texture":"#1"},"up":{"uv":[9.625,5,9.5,5.375],"texture":"#1"},"down":{"uv":[9.625,5,9.5,5.375],"texture":"#1"}}},{"from":[19.5,0.5,6],"to":[21.5,0.5,12],"rotation":{"angle":22.5,"axis":"y","origin":[6,0,-1]},"faces":{"north":{"uv":[9.625,5.625,9.75,5.625],"texture":"#1"},"east":{"uv":[10.375,5.4375,10.75,5.4375],"texture":"#1"},"south":{"uv":[9.625,5.625,9.75,5.625],"texture":"#1"},"west":{"uv":[10.375,5.4375,10.75,5.4375],"texture":"#1"},"up":{"uv":[9.5,5,9.625,5.375],"texture":"#1"},"down":{"uv":[9.5,5,9.625,5.375],"texture":"#1"}}},{"from":[7.5,0,4],"to":[19.5,1,14],"rotation":{"angle":22.5,"axis":"y","origin":[6,0,-1]},"faces":{"north":{"uv":[9.625,5.625,10.375,5.6875],"texture":"#1"},"east":{"uv":[10.375,5.4375,11,5.5],"texture":"#1"},"south":{"uv":[9.625,5.625,10.375,5.6875],"texture":"#1"},"west":{"uv":[10.375,5.4375,11,5.5],"texture":"#1"},"up":{"uv":[9.625,5,10.375,5.625],"texture":"#1"},"down":{"uv":[9.625,5,10.375,5.625],"texture":"#1"}}},{"from":[-6.5,-12,13],"to":[5.5,-2,14],"rotation":{"angle":0,"axis":"y","origin":[6,0,0]},"faces":{"north":{"uv":[9.625,5,10.375,5.625],"rotation":180,"texture":"#1"},"east":{"uv":[10.375,5.4375,11,5.5],"rotation":270,"texture":"#1"},"south":{"uv":[9.625,5,10.375,5.625],"texture":"#1"},"west":{"uv":[10.375,5.4375,11,5.5],"rotation":90,"texture":"#1"},"up":{"uv":[9.625,5.625,10.375,5.6875],"rotation":180,"texture":"#1"},"down":{"uv":[9.625,5.625,10.375,5.6875],"texture":"#1"}}},{"from":[5,-12,1.5],"to":[6,-2,13.5],"rotation":{"angle":0,"axis":"y","origin":[6,0,0]},"faces":{"north":{"uv":[10.375,5.4375,11,5.5],"rotation":90,"texture":"#1"},"east":{"uv":[9.625,5,10.375,5.625],"rotation":180,"texture":"#1"},"south":{"uv":[10.375,5.4375,11,5.5],"rotation":270,"texture":"#1"},"west":{"uv":[9.625,5,10.375,5.625],"texture":"#1"},"up":{"uv":[9.625,5.625,10.375,5.6875],"rotation":270,"texture":"#1"},"down":{"uv":[9.625,5.625,10.375,5.6875],"rotation":270,"texture":"#1"}}},{"from":[-7,-12,1.5],"to":[-6,-2,13.5],"rotation":{"angle":0,"axis":"y","origin":[6,0,0]},"faces":{"north":{"uv":[10.375,5.4375,11,5.5],"rotation":90,"texture":"#1"},"east":{"uv":[9.625,5,10.375,5.625],"rotation":180,"texture":"#1"},"south":{"uv":[10.375,5.4375,11,5.5],"rotation":270,"texture":"#1"},"west":{"uv":[9.625,5,10.375,5.625],"texture":"#1"},"up":{"uv":[9.625,5.625,10.375,5.6875],"rotation":270,"texture":"#1"},"down":{"uv":[9.625,5.625,10.375,5.6875],"rotation":270,"texture":"#1"}}},{"from":[-8,-16,1],"to":[7,-12,15],"faces":{"north":{"uv":[4.03125,9.6875,4.96875,9.9375],"texture":"#1"},"east":{"uv":[4.21875,9.6875,5.09375,9.9375],"texture":"#1"},"south":{"uv":[4.03125,9.6875,4.96875,9.9375],"texture":"#1"},"west":{"uv":[4.21875,9.6875,5.09375,9.9375],"texture":"#1"},"up":{"uv":[2.25,8.8125,3.1875,9.6875],"texture":"#1"},"down":{"uv":[2.25,8.8125,3.1875,9.6875],"texture":"#1"}}},{"from":[-6.5,-1,2],"to":[-5.5,1,14],"rotation":{"angle":0,"axis":"y","origin":[6,0,0]},"faces":{"north":{"uv":[9.4375,5.75,9.5,5.875],"texture":"#1"},"east":{"uv":[8.6875,5,9.4375,5.125],"texture":"#1"},"south":{"uv":[9.4375,5.75,9.5,5.875],"texture":"#1"},"west":{"uv":[8.6875,5,9.4375,5.125],"texture":"#1"},"up":{"uv":[9.4375,5,9.5,5.75],"texture":"#1"},"down":{"uv":[9.4375,5,9.5,5.75],"texture":"#1"}}},{"from":[4.5,-1,2],"to":[5.5,1,14],"rotation":{"angle":0,"axis":"y","origin":[10,0,0]},"faces":{"north":{"uv":[9.5,5.75,9.4375,5.875],"texture":"#1"},"east":{"uv":[9.4375,5,8.6875,5.125],"texture":"#1"},"south":{"uv":[9.5,5.75,9.4375,5.875],"texture":"#1"},"west":{"uv":[9.4375,5,8.6875,5.125],"texture":"#1"},"up":{"uv":[9.5,5,9.4375,5.75],"texture":"#1"},"down":{"uv":[9.5,5,9.4375,5.75],"texture":"#1"}}},{"from":[-5.5,-1,2.5],"to":[4.5,1,3.5],"rotation":{"angle":0,"axis":"y","origin":[10,0,0]},"faces":{"north":{"uv":[9.3125,5,8.6875,5.125],"texture":"#1"},"east":{"uv":[9.5,5.75,9.4375,5.875],"texture":"#1"},"south":{"uv":[9.3125,5,8.6875,5.125],"texture":"#1"},"west":{"uv":[9.5,5.75,9.4375,5.875],"texture":"#1"},"up":{"uv":[9.5,5,9.4375,5.625],"rotation":90,"texture":"#1"},"down":{"uv":[9.5,5,9.4375,5.625],"rotation":270,"texture":"#1"}}},{"from":[-5.5,-1,12.5],"to":[4.5,1,13.5],"rotation":{"angle":0,"axis":"y","origin":[10,0,0]},"faces":{"north":{"uv":[9.3125,5,8.6875,5.125],"texture":"#1"},"east":{"uv":[9.5,5.75,9.4375,5.875],"texture":"#1"},"south":{"uv":[9.3125,5,8.6875,5.125],"texture":"#1"},"west":{"uv":[9.5,5.75,9.4375,5.875],"texture":"#1"},"up":{"uv":[9.5,5,9.4375,5.625],"rotation":90,"texture":"#1"},"down":{"uv":[9.5,5,9.4375,5.625],"rotation":270,"texture":"#1"}}},{"from":[15.27794,3.5,6.67106],"to":[16.27794,4.5,7.67106],"rotation":{"angle":-45,"axis":"y","origin":[13,0,5]},"faces":{"north":{"uv":[6.6875,3.25,6.75,3.3125],"texture":"#1"},"east":{"uv":[6.6875,3.25,6.75,3.3125],"texture":"#1"},"south":{"uv":[6.6875,3.25,6.75,3.3125],"texture":"#1"},"west":{"uv":[6.6875,3.25,6.75,3.3125],"texture":"#1"},"up":{"uv":[6.6875,3.25,6.75,3.3125],"rotation":270,"texture":"#1"},"down":{"uv":[6.6875,3.25,6.75,3.3125],"rotation":90,"texture":"#1"}}},{"from":[13.27794,1.5,4.67106],"to":[18.27794,7,6.67106],"rotation":{"angle":-45,"axis":"y","origin":[13,0,5]},"faces":{"north":{"uv":[8.96875,4.59375,8.65625,4.9375],"texture":"#1"},"east":{"uv":[9.21875,4.59375,9.09375,4.9375],"texture":"#1"},"south":{"uv":[8.96875,4.59375,8.65625,4.9375],"texture":"#1"},"west":{"uv":[9.21875,4.59375,9.09375,4.9375],"texture":"#1"},"up":{"uv":[9.09375,4.59375,8.96875,4.90625],"rotation":270,"texture":"#1"},"down":{"uv":[9.09375,4.59375,8.96875,4.90625],"rotation":90,"texture":"#1"}}},{"from":[13.27794,1.5,-3.32894],"to":[18.27794,7,-1.32894],"rotation":{"angle":-45,"axis":"y","origin":[13,0,5]},"faces":{"north":{"uv":[8.65625,4.59375,8.96875,4.9375],"texture":"#1"},"east":{"uv":[9.09375,4.59375,9.21875,4.9375],"texture":"#1"},"south":{"uv":[8.65625,4.59375,8.96875,4.9375],"texture":"#1"},"west":{"uv":[9.09375,4.59375,9.21875,4.9375],"texture":"#1"},"up":{"uv":[8.96875,4.59375,9.09375,4.90625],"rotation":270,"texture":"#1"},"down":{"uv":[8.96875,4.59375,9.09375,4.90625],"rotation":90,"texture":"#1"}}},{"from":[12.77794,1,-1.32894],"to":[18.77794,8,4.67106],"rotation":{"angle":-45,"axis":"y","origin":[13,0,5]},"faces":{"north":{"uv":[9.59375,4.5625,9.96875,5],"texture":"#1"},"east":{"uv":[9.96875,4.5625,10.34375,5],"texture":"#1"},"south":{"uv":[9.59375,4.5625,9.96875,5],"texture":"#1"},"west":{"uv":[9.96875,4.5625,10.34375,5],"texture":"#1"},"up":{"uv":[9.21875,4.59375,9.59375,4.96875],"rotation":270,"texture":"#1"},"down":{"uv":[9.21875,4.59375,9.59375,4.96875],"rotation":90,"texture":"#1"}}},{"from":[15.27794,3.5,-4.32894],"to":[16.27794,4.5,-3.32894],"rotation":{"angle":-45,"axis":"y","origin":[13,0,5]},"faces":{"north":{"uv":[6.75,3.25,6.6875,3.3125],"texture":"#1"},"east":{"uv":[6.75,3.25,6.6875,3.3125],"texture":"#1"},"south":{"uv":[6.75,3.25,6.6875,3.3125],"texture":"#1"},"west":{"uv":[6.75,3.25,6.6875,3.3125],"texture":"#1"},"up":{"uv":[6.75,3.25,6.6875,3.3125],"rotation":270,"texture":"#1"},"down":{"uv":[6.75,3.25,6.6875,3.3125],"rotation":90,"texture":"#1"}}},{"from":[30,20.5,-7.2],"to":[30,27.5,7.8],"rotation":{"angle":-22.5,"axis":"x","origin":[27,29,4]},"faces":{"east":{"uv":[1.4375,4.6875,0.5,5.125],"texture":"#0"},"west":{"uv":[2.375,4.6875,1.4375,5.125],"texture":"#0"}}},{"from":[-14,20.5,-7.2],"to":[-14,27.5,7.8],"rotation":{"angle":-22.5,"axis":"x","origin":[-11,29,4]},"faces":{"east":{"uv":[1.4375,4.6875,2.375,5.125],"texture":"#0"},"west":{"uv":[0.5,4.6875,1.4375,5.125],"texture":"#0"}}},{"from":[-14,14.3,-5.8],"to":[30,23.3,-5.8],"rotation":{"angle":0,"axis":"y","origin":[26,12.7,-16.5]},"faces":{"north":{"uv":[2.75,2.75,0,3.3125],"texture":"#0"},"south":{"uv":[0,2.75,2.75,3.3125],"texture":"#0"}}},{"from":[15,-16,-1.5],"to":[22,-12,-1.5],"faces":{"north":{"uv":[9.25,1.375,9.6875,1.625],"texture":"#1"},"east":{"uv":[13.875,1.375,13.875,1.625],"texture":"#0"},"south":{"uv":[9.6875,1.375,9.25,1.625],"texture":"#0"},"west":{"uv":[13.875,1.375,13.875,1.625],"texture":"#0"},"up":{"uv":[10.875,1.375,11.3125,1.375],"rotation":180,"texture":"#0"},"down":{"uv":[10.875,1.375,11.3125,1.375],"rotation":180,"texture":"#0"}}},{"from":[-14,16.3,21.8],"to":[30,23.3,21.8],"rotation":{"angle":0,"axis":"y","origin":[26,12.7,48.5]},"faces":{"north":{"uv":[2.75,2.875,0,3.3125],"texture":"#0"},"south":{"uv":[0,2.875,2.75,3.3125],"texture":"#0"}}},{"from":[-13.9,20.5,8.2],"to":[-13.9,27.5,23.2],"rotation":{"angle":22.5,"axis":"x","origin":[-11,29,12]},"faces":{"east":{"uv":[2.375,4.6875,1.4375,5.125],"texture":"#0"},"west":{"uv":[1.4375,4.6875,0.5,5.125],"texture":"#0"}}},{"from":[-14,29,8],"to":[30,29,23],"rotation":{"angle":22.5,"axis":"x","origin":[26,29,8]},"faces":{"up":{"uv":[6.5,0,3.75,0.9375],"texture":"#0"},"down":{"uv":[6.5,0,3.75,0.9375],"texture":"#0"}}},{"from":[29.9,20.5,8.2],"to":[29.9,27.5,23.2],"rotation":{"angle":22.5,"axis":"x","origin":[27,29,12]},"faces":{"east":{"uv":[0.5,4.6875,1.4375,5.125],"texture":"#0"},"west":{"uv":[1.4375,4.6875,2.375,5.125],"texture":"#0"}}},{"from":[-10.9,-2,13],"to":[5.5,0,18],"rotation":{"angle":0,"axis":"y","origin":[-5,-15,12]},"faces":{"north":{"uv":[10.875,2,11.9,2.125],"texture":"#1"},"east":{"uv":[11.1875,2,10.875,1.875],"texture":"#1"},"south":{"uv":[10.875,2,11.9,2.125],"texture":"#1"},"west":{"uv":[10.875,2,11.1875,1.875],"texture":"#1"},"up":{"uv":[10.375,4.11875,10.6875,3.09375],"rotation":270,"texture":"#1"},"down":{"uv":[10.375,4.11875,10.6875,3.09375],"rotation":270,"texture":"#1"}}},{"from":[-10.9,-2,3],"to":[-6,0,13],"rotation":{"angle":0,"axis":"y","origin":[-5,-15,12]},"faces":{"north":{"uv":[10.875,2,11.18125,2.125],"texture":"#1"},"east":{"uv":[11.5,2,10.875,1.875],"texture":"#1"},"south":{"uv":[10.875,2,11.18125,2.125],"texture":"#1"},"west":{"uv":[10.875,2,11.5,1.875],"texture":"#1"},"up":{"uv":[10.375,3.4,11,3.09375],"rotation":270,"texture":"#1"},"down":{"uv":[10.375,3.4,11,3.09375],"rotation":270,"texture":"#1"}}},{"from":[-10.9,-2,-2],"to":[5.5,0,3],"rotation":{"angle":0,"axis":"y","origin":[-5,-15,12]},"faces":{"north":{"uv":[10.875,2,11.9,2.125],"texture":"#1"},"east":{"uv":[11.1875,2,10.875,1.875],"texture":"#1"},"south":{"uv":[10.875,2,11.9,2.125],"texture":"#1"},"west":{"uv":[10.875,2,11.1875,1.875],"texture":"#1"},"up":{"uv":[10.6875,4.11875,10.375,3.09375],"rotation":270,"texture":"#1"},"down":{"uv":[10.375,4.11875,10.6875,3.09375],"rotation":270,"texture":"#1"}}},{"from":[5.5,-2,-2],"to":[26.9,0,18],"rotation":{"angle":0,"axis":"y","origin":[21,-15,12]},"faces":{"north":{"uv":[12.2125,2,10.875,2.125],"texture":"#1"},"east":{"uv":[12.125,2,10.875,1.875],"texture":"#1"},"south":{"uv":[12.2125,2,10.875,2.125],"texture":"#1"},"west":{"uv":[10.875,2,12.125,1.875],"texture":"#1"},"up":{"uv":[11.625,3.525,10.375,2.1875],"rotation":270,"texture":"#1"},"down":{"uv":[11.625,3.525,10.375,2.1875],"rotation":270,"texture":"#1"}}},{"from":[-7,1,2],"to":[6,1,14],"faces":{"north":{"uv":[10.375,4.5625,11.1875,4.5625],"texture":"#1"},"east":{"uv":[10.375,4.5625,11.125,4.5625],"texture":"#1"},"south":{"uv":[10.375,4.5625,11.1875,4.5625],"texture":"#1"},"west":{"uv":[10.375,4.5625,11.125,4.5625],"texture":"#1"},"up":{"uv":[10.40625,4.625,11.21875,5.375],"texture":"#1"},"down":{"uv":[10.40625,4.625,11.21875,5.375],"texture":"#1"}}},{"from":[-4,1,7],"to":[4,4.5,13],"rotation":{"angle":0,"axis":"y","origin":[4,1,-13]},"faces":{"north":{"uv":[9.4375,5.5,8.9375,5.71875],"texture":"#1"},"east":{"uv":[9.4375,5.71875,9.0625,5.9375],"texture":"#1"},"south":{"uv":[9.4375,5.5,8.9375,5.71875],"texture":"#1"},"west":{"uv":[9.4375,5.71875,9.0625,5.9375],"texture":"#1"},"up":{"uv":[9.4375,5.125,8.9375,5.5],"texture":"#1"},"down":{"uv":[9.4375,5.125,8.9375,5.5],"texture":"#1"}}},{"from":[2,1,12],"to":[5,2.5,14],"rotation":{"angle":0,"axis":"y","origin":[4,1,-13]},"faces":{"north":{"uv":[8.9375,5.125,8.75,5.21875],"texture":"#1"},"east":{"uv":[8.75,5.125,8.625,5.21875],"texture":"#1"},"south":{"uv":[8.9375,5.125,8.75,5.21875],"texture":"#1"},"west":{"uv":[8.75,5.125,8.625,5.21875],"texture":"#1"},"up":{"uv":[8.9375,5.21875,8.75,5.34375],"texture":"#1"},"down":{"uv":[8.9375,5.21875,8.75,5.34375],"texture":"#1"}}},{"from":[-5,-2,11.5],"to":[-1.5,0,14],"rotation":{"angle":-22.5,"axis":"z","origin":[4,1,-13]},"faces":{"north":{"uv":[8.9375,5.5,8.71875,5.625],"texture":"#1"},"east":{"uv":[8.9375,5.625,8.78125,5.75],"texture":"#1"},"south":{"uv":[8.9375,5.5,8.71875,5.625],"texture":"#1"},"west":{"uv":[8.9375,5.625,8.78125,5.75],"texture":"#1"},"up":{"uv":[8.9375,5.34375,8.71875,5.5],"texture":"#1"},"down":{"uv":[8.9375,5.34375,8.71875,5.5],"texture":"#1"}}},{"from":[-5.4,-4.5,12.2],"to":[-2.9,-3.5,13.2],"rotation":{"angle":-45,"axis":"z","origin":[4,1,-13]},"faces":{"north":{"uv":[8.75,5.21875,8.59375,5.28125],"texture":"#1"},"east":{"uv":[8.59375,5.28125,8.53125,5.34375],"texture":"#1"},"south":{"uv":[8.75,5.21875,8.59375,5.28125],"texture":"#1"},"west":{"uv":[8.59375,5.28125,8.53125,5.34375],"texture":"#1"},"up":{"uv":[8.75,5.28125,8.59375,5.34375],"texture":"#1"},"down":{"uv":[8.75,5.28125,8.59375,5.34375],"texture":"#1"}}},{"from":[-5.4,-4.5,6.8],"to":[-2.9,-3.5,7.8],"rotation":{"angle":-45,"axis":"z","origin":[4,1,33]},"faces":{"north":{"uv":[8.59375,5.21875,8.75,5.28125],"texture":"#1"},"east":{"uv":[8.53125,5.28125,8.59375,5.34375],"texture":"#1"},"south":{"uv":[8.59375,5.21875,8.75,5.28125],"texture":"#1"},"west":{"uv":[8.53125,5.28125,8.59375,5.34375],"texture":"#1"},"up":{"uv":[8.75,5.34375,8.59375,5.28125],"texture":"#1"},"down":{"uv":[8.75,5.34375,8.59375,5.28125],"texture":"#1"}}},{"from":[-5,-2,6],"to":[-1.5,0,8.5],"rotation":{"angle":-22.5,"axis":"z","origin":[4,1,33]},"faces":{"north":{"uv":[8.71875,5.5,8.9375,5.625],"texture":"#1"},"east":{"uv":[8.78125,5.625,8.9375,5.75],"texture":"#1"},"south":{"uv":[8.71875,5.5,8.9375,5.625],"texture":"#1"},"west":{"uv":[8.78125,5.625,8.9375,5.75],"texture":"#1"},"up":{"uv":[8.9375,5.5,8.71875,5.34375],"texture":"#1"},"down":{"uv":[8.9375,5.5,8.71875,5.34375],"texture":"#1"}}},{"from":[2,1,6],"to":[5,2.5,8],"rotation":{"angle":0,"axis":"y","origin":[4,1,33]},"faces":{"north":{"uv":[8.75,5.125,8.9375,5.21875],"texture":"#1"},"east":{"uv":[8.625,5.125,8.75,5.21875],"texture":"#1"},"south":{"uv":[8.75,5.125,8.9375,5.21875],"texture":"#1"},"west":{"uv":[8.625,5.125,8.75,5.21875],"texture":"#1"},"up":{"uv":[8.9375,5.34375,8.75,5.21875],"texture":"#1"},"down":{"uv":[8.9375,5.34375,8.75,5.21875],"texture":"#1"}}},{"from":[-9.9,-16,1.5],"to":[-8.1,-9,4.5],"rotation":{"angle":45,"axis":"x","origin":[-13,-6,-2]},"faces":{"north":{"uv":[2.7375,5,2.625,5.4375],"rotation":180,"texture":"#0"},"east":{"uv":[5.5,2.5625,5.9375,2.75],"rotation":270,"texture":"#0"},"south":{"uv":[2.7375,5.4375,2.625,5],"texture":"#0"},"west":{"uv":[5.5,2.5625,5.9375,2.75],"rotation":270,"texture":"#0"},"up":{"uv":[2.175,5.6875,2.0625,5.875],"texture":"#0"},"down":{"uv":[2.175,5.6875,2.0625,5.875],"rotation":180,"texture":"#0"}}},{"from":[24.1,-16,1.5],"to":[25.9,-9,4.5],"rotation":{"angle":45,"axis":"x","origin":[29,-6,-2]},"faces":{"north":{"uv":[2.625,5,2.7375,5.4375],"rotation":180,"texture":"#0"},"east":{"uv":[5.5,2.75,5.9375,2.5625],"rotation":270,"texture":"#0"},"south":{"uv":[2.625,5.4375,2.7375,5],"texture":"#0"},"west":{"uv":[5.5,2.75,5.9375,2.5625],"rotation":270,"texture":"#0"},"up":{"uv":[2.0625,5.6875,2.175,5.875],"texture":"#0"},"down":{"uv":[2.0625,5.6875,2.175,5.875],"rotation":180,"texture":"#0"}}},{"from":[24.1,-16,11.5],"to":[25.9,-9,14.5],"rotation":{"angle":-45,"axis":"x","origin":[29,-6,18]},"faces":{"north":{"uv":[2.7375,5.4375,2.625,5],"texture":"#0"},"east":{"uv":[5.5,2.5625,5.9375,2.75],"rotation":270,"texture":"#0"},"south":{"uv":[2.7375,5,2.625,5.4375],"rotation":180,"texture":"#0"},"west":{"uv":[5.5,2.5625,5.9375,2.75],"rotation":270,"texture":"#0"},"up":{"uv":[2.0625,5.875,2.175,5.6875],"texture":"#0"},"down":{"uv":[2.0625,5.875,2.175,5.6875],"rotation":180,"texture":"#0"}}},{"from":[-9.9,-16,11.5],"to":[-8.1,-9,14.5],"rotation":{"angle":-45,"axis":"x","origin":[-13,-6,18]},"faces":{"north":{"uv":[2.625,5.4375,2.7375,5],"texture":"#0"},"east":{"uv":[5.5,2.75,5.9375,2.5625],"rotation":270,"texture":"#0"},"south":{"uv":[2.625,5,2.7375,5.4375],"rotation":180,"texture":"#0"},"west":{"uv":[5.5,2.75,5.9375,2.5625],"rotation":270,"texture":"#0"},"up":{"uv":[2.175,5.875,2.0625,5.6875],"texture":"#0"},"down":{"uv":[2.175,5.875,2.0625,5.6875],"rotation":180,"texture":"#0"}}}],"gui_light":"front","display":{"thirdperson_righthand":{"rotation":[67.5,0,0],"translation":[0,2.25,2],"scale":[0.16875,0.16875,0.16875]},"thirdperson_lefthand":{"rotation":[67.5,0,0],"translation":[0,2.25,2],"scale":[0.16875,0.16875,0.16875]},"firstperson_righthand":{"rotation":[0,225,0],"translation":[0,3.5,0],"scale":[0.24883,0.24883,0.24883]},"firstperson_lefthand":{"rotation":[0,225,0],"translation":[0,3.5,0],"scale":[0.24883,0.24883,0.24883]},"ground":{"translation":[0,3,0],"scale":[0.25,0.25,0.25]},"gui":{"rotation":[30,225,0],"translation":[0,0.5,0],"scale":[0.23945,0.23945,0.23945]},"head":{"translation":[0,3,-2.25],"scale":[0,0,0]},"fixed":{"rotation":[-90,0,0],"translation":[-16.25,0,-48],"scale":[2,2,2]}}}