{"credit":"MadewithBlockbench","texture_size":[256,256],"textures":{"0":"elitecreatures:medieval_market_decoration_v1/medeivalmarket_02","particle":"elitecreatures:medieval_market_decoration_v1/medeivalmarket_02"},"elements":[{"from":[-14,-16,5],"to":[-8,4,11],"rotation":{"angle":0,"axis":"y","origin":[16,0,0]},"faces":{"north":{"uv":[0,8.875,0.375,10.125],"texture":"#0"},"east":{"uv":[0,8.875,0.375,10.125],"texture":"#0"},"south":{"uv":[0,8.875,0.375,10.125],"texture":"#0"},"west":{"uv":[0,8.875,0.375,10.125],"texture":"#0"},"up":{"uv":[0.375,8.15625,0.75,7.78125],"texture":"#0"},"down":{"uv":[0.375,8.15625,0.75,7.78125],"texture":"#0"}}},{"from":[-14,28,5],"to":[-8,32,11],"rotation":{"angle":0,"axis":"y","origin":[16,0,0]},"faces":{"north":{"uv":[0.375,9.84375,0.75,10.09375],"texture":"#0"},"east":{"uv":[0.375,9.84375,0.75,10.09375],"texture":"#0"},"south":{"uv":[0.375,9.84375,0.75,10.09375],"texture":"#0"},"west":{"uv":[0.375,9.84375,0.75,10.09375],"texture":"#0"},"up":{"uv":[0.75,10.21875,1.125,9.84375],"texture":"#0"},"down":{"uv":[0.75,10.21875,1.125,9.84375],"texture":"#0"}}},{"from":[-9,22,8],"to":[25,32,8],"rotation":{"angle":0,"axis":"y","origin":[16,0,0]},"faces":{"north":{"uv":[0.625,10.25,2.75,10.875],"texture":"#0"},"east":{"uv":[0.375,9.84375,0.375,10.46875],"texture":"#0"},"south":{"uv":[2.75,10.25,0.625,10.875],"texture":"#0"},"west":{"uv":[0.375,9.84375,0.375,10.46875],"texture":"#0"},"up":{"uv":[0.75,9.84375,2.875,9.84375],"texture":"#0"},"down":{"uv":[0.75,9.84375,2.875,9.84375],"texture":"#0"}}},{"from":[-13,0,6],"to":[-9,28,10],"rotation":{"angle":0,"axis":"y","origin":[16,0,16]},"faces":{"north":{"uv":[0.25,4.6875,0,6.4375],"texture":"#0"},"east":{"uv":[0.25,4.6875,0.5,6.4375],"texture":"#0"},"south":{"uv":[0.25,4.6875,0,6.4375],"texture":"#0"},"west":{"uv":[0.25,4.6875,0.5,6.4375],"texture":"#0"},"up":{"uv":[1.1875,5.5625,1.4375,5.8125],"texture":"#0"},"down":{"uv":[1.1875,5.5625,1.4375,5.8125],"texture":"#0"}}},{"from":[24,28,5],"to":[30,32,11],"faces":{"north":{"uv":[0.75,9.84375,0.375,10.09375],"texture":"#0"},"east":{"uv":[0.75,9.84375,0.375,10.09375],"texture":"#0"},"south":{"uv":[0.75,9.84375,0.375,10.09375],"texture":"#0"},"west":{"uv":[0.75,9.84375,0.375,10.09375],"texture":"#0"},"up":{"uv":[1.125,10.21875,0.75,9.84375],"texture":"#0"},"down":{"uv":[1.125,10.21875,0.75,9.84375],"texture":"#0"}}},{"from":[25,0,6],"to":[29,28,10],"rotation":{"angle":0,"axis":"y","origin":[0,0,16]},"faces":{"north":{"uv":[0,4.6875,0.25,6.4375],"texture":"#0"},"east":{"uv":[0.5,4.6875,0.25,6.4375],"texture":"#0"},"south":{"uv":[0,4.6875,0.25,6.4375],"texture":"#0"},"west":{"uv":[0.5,4.6875,0.25,6.4375],"texture":"#0"},"up":{"uv":[1.4375,5.5625,1.1875,5.8125],"texture":"#0"},"down":{"uv":[1.4375,5.5625,1.1875,5.8125],"texture":"#0"}}},{"from":[24,-16,5],"to":[30,4,11],"faces":{"north":{"uv":[0.375,8.875,0,10.125],"texture":"#0"},"east":{"uv":[0.375,8.875,0,10.125],"texture":"#0"},"south":{"uv":[0.375,8.875,0,10.125],"texture":"#0"},"west":{"uv":[0.375,8.875,0,10.125],"texture":"#0"},"up":{"uv":[0.75,8.15625,0.375,7.78125],"texture":"#0"},"down":{"uv":[0.75,8.15625,0.375,7.78125],"texture":"#0"}}},{"from":[-14,28,5],"to":[-8,32,11],"rotation":{"angle":0,"axis":"y","origin":[16,0,0]},"faces":{"north":{"uv":[0.375,9.84375,0.75,10.09375],"texture":"#0"},"east":{"uv":[0.375,9.84375,0.75,10.09375],"texture":"#0"},"south":{"uv":[0.375,9.84375,0.75,10.09375],"texture":"#0"},"west":{"uv":[0.375,9.84375,0.75,10.09375],"texture":"#0"},"up":{"uv":[0.75,10.21875,1.125,9.84375],"texture":"#0"},"down":{"uv":[0.75,10.21875,1.125,9.84375],"texture":"#0"}}},{"from":[-13,0,6],"to":[-9,28,10],"rotation":{"angle":0,"axis":"y","origin":[16,0,16]},"faces":{"north":{"uv":[0.25,4.6875,0,6.4375],"texture":"#0"},"east":{"uv":[0.25,4.6875,0.5,6.4375],"texture":"#0"},"south":{"uv":[0.25,4.6875,0,6.4375],"texture":"#0"},"west":{"uv":[0.25,4.6875,0.5,6.4375],"texture":"#0"},"up":{"uv":[1.1875,5.5625,1.4375,5.8125],"texture":"#0"},"down":{"uv":[1.1875,5.5625,1.4375,5.8125],"texture":"#0"}}},{"from":[-14,-16,5],"to":[-8,4,11],"rotation":{"angle":0,"axis":"y","origin":[16,0,0]},"faces":{"north":{"uv":[0,8.875,0.375,10.125],"texture":"#0"},"east":{"uv":[0,8.875,0.375,10.125],"texture":"#0"},"south":{"uv":[0,8.875,0.375,10.125],"texture":"#0"},"west":{"uv":[0,8.875,0.375,10.125],"texture":"#0"},"up":{"uv":[0.375,8.15625,0.75,7.78125],"texture":"#0"},"down":{"uv":[0.375,8.15625,0.75,7.78125],"texture":"#0"}}}],"gui_light":"front","display":{"thirdperson_righthand":{"rotation":[67.5,0,0],"translation":[0,0,-0.25],"scale":[0.1875,0.1875,0.1875]},"thirdperson_lefthand":{"rotation":[67.5,0,0],"translation":[0,0,-0.25],"scale":[0.1875,0.1875,0.1875]},"firstperson_righthand":{"rotation":[0,225,0],"translation":[1.25,0.75,0],"scale":[0.4,0.4,0.4]},"firstperson_lefthand":{"rotation":[0,225,0],"translation":[1.25,0.75,0],"scale":[0.4,0.4,0.4]},"ground":{"translation":[0,3,0],"scale":[0.25,0.25,0.25]},"gui":{"rotation":[30,225,0],"scale":[0.25156,0.25156,0.25156]},"head":{"translation":[0,-2.5,0],"scale":[0,0,0]},"fixed":{"rotation":[-90,0,0],"translation":[0,0,-48],"scale":[2,2,2]}}}