{"credit":"MadewithBlockbench","texture_size":[256,256],"textures":{"0":"elitecreatures:medieval_market_decoration_v1/medeivalmarket_02","particle":"elitecreatures:medieval_market_decoration_v1/medeivalmarket_02"},"elements":[{"from":[-15.5,-1.5,2],"to":[15.5,0,14],"rotation":{"angle":0,"axis":"y","origin":[0,-16,0]},"faces":{"north":{"uv":[5.5,3.9375,7.4375,4.03125],"texture":"#0"},"east":{"uv":[6.3125,5.5625,5.5625,5.65625],"texture":"#0"},"south":{"uv":[5.5,3.9375,7.4375,4.03125],"texture":"#0"},"west":{"uv":[6.3125,5.5625,5.5625,5.65625],"texture":"#0"},"up":{"uv":[6.125,5.84375,4.1875,6.59375],"texture":"#0"},"down":{"uv":[6.125,5.875,4.1875,6.625],"texture":"#0"}}},{"from":[-15.5,14.5,2],"to":[15.5,16,14],"rotation":{"angle":0,"axis":"y","origin":[0,-16,0]},"faces":{"north":{"uv":[5.5,3.9375,7.4375,4.03125],"texture":"#0"},"east":{"uv":[6.3125,5.5625,5.5625,5.65625],"texture":"#0"},"south":{"uv":[5.5,3.9375,7.4375,4.03125],"texture":"#0"},"west":{"uv":[6.3125,5.5625,5.5625,5.65625],"texture":"#0"},"up":{"uv":[6.125,5.84375,4.1875,6.59375],"texture":"#0"},"down":{"uv":[6.125,5.875,4.1875,6.625],"texture":"#0"}}},{"from":[11.1,-11.5,10.5],"to":[12.9,-8.5,23.5],"rotation":{"angle":45,"axis":"x","origin":[12,1,13]},"faces":{"north":{"uv":[2.175,5.6875,2.0625,5.875],"texture":"#0"},"east":{"uv":[6.3125,2.5625,5.5,2.75],"texture":"#0"},"south":{"uv":[2.175,5.6875,2.0625,5.875],"texture":"#0"},"west":{"uv":[6.3125,2.5625,5.5,2.75],"texture":"#0"},"up":{"uv":[2.625,5.8125,2.7375,5],"texture":"#0"},"down":{"uv":[2.625,5,2.7375,5.8125],"texture":"#0"}}},{"from":[11,-3.5,5],"to":[13,-1.5,11],"rotation":{"angle":0,"axis":"y","origin":[7.4,-0.75,11.51535]},"faces":{"north":{"uv":[7.375,0.6875,7.25,0.8125],"texture":"#0"},"east":{"uv":[7.625,1.875,7.25,1.75],"texture":"#0"},"south":{"uv":[7.375,0.6875,7.25,0.8125],"texture":"#0"},"west":{"uv":[7.625,1.875,7.25,1.75],"texture":"#0"},"up":{"uv":[10,1,9.875,1.375],"texture":"#0"},"down":{"uv":[9.875,1,10,1.375],"texture":"#0"}}},{"from":[-13,-3.5,5],"to":[-11,-1.5,11],"rotation":{"angle":0,"axis":"y","origin":[8.6,-0.75,11.51535]},"faces":{"north":{"uv":[7.25,0.6875,7.375,0.8125],"texture":"#0"},"east":{"uv":[7.25,1.875,7.625,1.75],"texture":"#0"},"south":{"uv":[7.25,0.6875,7.375,0.8125],"texture":"#0"},"west":{"uv":[7.25,1.875,7.625,1.75],"texture":"#0"},"up":{"uv":[9.875,1,10,1.375],"texture":"#0"},"down":{"uv":[10,1,9.875,1.375],"texture":"#0"}}},{"from":[-11,2.5,12],"to":[17,5.5,14],"rotation":{"angle":22.5,"axis":"z","origin":[30,-10,0]},"faces":{"north":{"uv":[5.90625,2.375,7.65625,2.5625],"texture":"#0"},"east":{"uv":[1.9375,5.5625,2.0625,5.75],"texture":"#0"},"south":{"uv":[5.90625,2.375,7.65625,2.5625],"texture":"#0"},"west":{"uv":[1.9375,5.5625,2.0625,5.75],"texture":"#0"},"up":{"uv":[7.25,2.875,5.5,2.75],"texture":"#0"},"down":{"uv":[7.25,2.875,5.5,2.75],"texture":"#0"}}},{"from":[-13.7,-8.5,12.1],"to":[14.3,-5.5,13.9],"rotation":{"angle":-22.5,"axis":"z","origin":[-1,-7,0]},"faces":{"north":{"uv":[7.65625,2.375,5.90625,2.5625],"texture":"#0"},"east":{"uv":[2.05,5.5625,1.9375,5.75],"texture":"#0"},"south":{"uv":[7.65625,2.375,5.90625,2.5625],"texture":"#0"},"west":{"uv":[2.05,5.5625,1.9375,5.75],"texture":"#0"},"up":{"uv":[5.5,2.8625,7.25,2.75],"texture":"#0"},"down":{"uv":[5.5,2.8625,7.25,2.75],"texture":"#0"}}},{"from":[11,12.5,0],"to":[13,14.5,16],"rotation":{"angle":0,"axis":"y","origin":[7.4,-0.75,11.51535]},"faces":{"north":{"uv":[7.375,0.6875,7.25,0.8125],"texture":"#0"},"east":{"uv":[8.25,1.875,7.25,1.75],"texture":"#0"},"south":{"uv":[7.375,0.6875,7.25,0.8125],"texture":"#0"},"west":{"uv":[8.25,1.875,7.25,1.75],"texture":"#0"},"up":{"uv":[10,1,9.875,2],"texture":"#0"},"down":{"uv":[9.875,1,10,2],"texture":"#0"}}},{"from":[-13,12.5,0],"to":[-11,14.5,16],"rotation":{"angle":0,"axis":"y","origin":[7.4,-0.75,11.51535]},"faces":{"north":{"uv":[7.375,0.6875,7.25,0.8125],"texture":"#0"},"east":{"uv":[8.25,1.875,7.25,1.75],"texture":"#0"},"south":{"uv":[7.375,0.6875,7.25,0.8125],"texture":"#0"},"west":{"uv":[8.25,1.875,7.25,1.75],"texture":"#0"},"up":{"uv":[10,1,9.875,2],"texture":"#0"},"down":{"uv":[9.875,1,10,2],"texture":"#0"}}},{"from":[11,-11.5,-7.5],"to":[13,-8.5,5.5],"rotation":{"angle":-45,"axis":"x","origin":[12,1,3]},"faces":{"north":{"uv":[2.0625,5.6875,2.1875,5.875],"texture":"#0"},"east":{"uv":[5.5,2.5625,6.3125,2.75],"texture":"#0"},"south":{"uv":[2.0625,5.6875,2.1875,5.875],"texture":"#0"},"west":{"uv":[5.5,2.5625,6.3125,2.75],"texture":"#0"},"up":{"uv":[2.625,5,2.75,5.8125],"texture":"#0"},"down":{"uv":[2.625,5.8125,2.75,5],"texture":"#0"}}},{"from":[10,2,1],"to":[14,17,5],"rotation":{"angle":0,"axis":"y","origin":[16,-16,16]},"faces":{"north":{"uv":[0.25,4.78125,0.5,5.71875],"texture":"#0"},"east":{"uv":[0.25,4.78125,0.5,5.71875],"texture":"#0"},"south":{"uv":[0.25,4.78125,0.5,5.71875],"texture":"#0"},"west":{"uv":[0.25,4.78125,0.5,5.71875],"texture":"#0"},"up":{"uv":[1.1875,5.5625,1.4375,5.8125],"texture":"#0"},"down":{"uv":[1.1875,5.5625,1.4375,5.8125],"texture":"#0"}}},{"from":[10,-16,1],"to":[14,2,5],"rotation":{"angle":0,"axis":"y","origin":[16,32,16]},"faces":{"north":{"uv":[0.25,5.8125,0,4.6875],"texture":"#0"},"east":{"uv":[0.25,5.8125,0.5,4.6875],"texture":"#0"},"south":{"uv":[0.25,5.8125,0,4.6875],"texture":"#0"},"west":{"uv":[0.25,5.8125,0.5,4.6875],"texture":"#0"},"up":{"uv":[1.1875,5.8125,1.4375,5.5625],"texture":"#0"},"down":{"uv":[1.1875,5.8125,1.4375,5.5625],"texture":"#0"}}},{"from":[10,2,11],"to":[14,17,15],"rotation":{"angle":0,"axis":"y","origin":[16,-16,0]},"faces":{"north":{"uv":[0.5,4.78125,0.25,5.71875],"texture":"#0"},"east":{"uv":[0.5,4.78125,0.25,5.71875],"texture":"#0"},"south":{"uv":[0.5,4.78125,0.25,5.71875],"texture":"#0"},"west":{"uv":[0.5,4.78125,0.25,5.71875],"texture":"#0"},"up":{"uv":[1.1875,5.8125,1.4375,5.5625],"texture":"#0"},"down":{"uv":[1.1875,5.8125,1.4375,5.5625],"texture":"#0"}}},{"from":[10,-16,11],"to":[14,2,15],"rotation":{"angle":0,"axis":"y","origin":[16,32,0]},"faces":{"north":{"uv":[0,5.8125,0.25,4.6875],"texture":"#0"},"east":{"uv":[0.5,5.8125,0.25,4.6875],"texture":"#0"},"south":{"uv":[0,5.8125,0.25,4.6875],"texture":"#0"},"west":{"uv":[0.5,5.8125,0.25,4.6875],"texture":"#0"},"up":{"uv":[1.1875,5.5625,1.4375,5.8125],"texture":"#0"},"down":{"uv":[1.1875,5.5625,1.4375,5.8125],"texture":"#0"}}},{"from":[-13,-11.5,-7.5],"to":[-11,-8.5,5.5],"rotation":{"angle":-45,"axis":"x","origin":[-12,1,3]},"faces":{"north":{"uv":[2.1875,5.6875,2.0625,5.875],"texture":"#0"},"east":{"uv":[6.3125,2.5625,5.5,2.75],"texture":"#0"},"south":{"uv":[2.1875,5.6875,2.0625,5.875],"texture":"#0"},"west":{"uv":[6.3125,2.5625,5.5,2.75],"texture":"#0"},"up":{"uv":[2.75,5,2.625,5.8125],"texture":"#0"},"down":{"uv":[2.75,5.8125,2.625,5],"texture":"#0"}}},{"from":[-12.9,-11.5,10.5],"to":[-11.1,-8.5,23.5],"rotation":{"angle":45,"axis":"x","origin":[-12,1,13]},"faces":{"north":{"uv":[2.0625,5.6875,2.175,5.875],"texture":"#0"},"east":{"uv":[5.5,2.5625,6.3125,2.75],"texture":"#0"},"south":{"uv":[2.0625,5.6875,2.175,5.875],"texture":"#0"},"west":{"uv":[5.5,2.5625,6.3125,2.75],"texture":"#0"},"up":{"uv":[2.7375,5.8125,2.625,5],"texture":"#0"},"down":{"uv":[2.7375,5,2.625,5.8125],"texture":"#0"}}},{"from":[-14,-16,1],"to":[-10,2,5],"rotation":{"angle":0,"axis":"y","origin":[-16,32,16]},"faces":{"north":{"uv":[0,5.8125,0.25,4.6875],"texture":"#0"},"east":{"uv":[0.5,5.8125,0.25,4.6875],"texture":"#0"},"south":{"uv":[0,5.8125,0.25,4.6875],"texture":"#0"},"west":{"uv":[0.5,5.8125,0.25,4.6875],"texture":"#0"},"up":{"uv":[1.4375,5.8125,1.1875,5.5625],"texture":"#0"},"down":{"uv":[1.4375,5.8125,1.1875,5.5625],"texture":"#0"}}},{"from":[-14,-16,11],"to":[-10,2,15],"rotation":{"angle":0,"axis":"y","origin":[-16,32,0]},"faces":{"north":{"uv":[0.25,5.8125,0,4.6875],"texture":"#0"},"east":{"uv":[0.25,5.8125,0.5,4.6875],"texture":"#0"},"south":{"uv":[0.25,5.8125,0,4.6875],"texture":"#0"},"west":{"uv":[0.25,5.8125,0.5,4.6875],"texture":"#0"},"up":{"uv":[1.4375,5.5625,1.1875,5.8125],"texture":"#0"},"down":{"uv":[1.4375,5.5625,1.1875,5.8125],"texture":"#0"}}},{"from":[-14,2,11],"to":[-10,17,15],"rotation":{"angle":0,"axis":"y","origin":[-16,-16,0]},"faces":{"north":{"uv":[0.25,4.78125,0.5,5.71875],"texture":"#0"},"east":{"uv":[0.25,4.78125,0.5,5.71875],"texture":"#0"},"south":{"uv":[0.25,4.78125,0.5,5.71875],"texture":"#0"},"west":{"uv":[0.25,4.78125,0.5,5.71875],"texture":"#0"},"up":{"uv":[1.4375,5.8125,1.1875,5.5625],"texture":"#0"},"down":{"uv":[1.4375,5.8125,1.1875,5.5625],"texture":"#0"}}},{"from":[-14,2,1],"to":[-10,17,5],"rotation":{"angle":0,"axis":"y","origin":[-16,-16,16]},"faces":{"north":{"uv":[0.5,4.78125,0.25,5.71875],"texture":"#0"},"east":{"uv":[0.5,4.78125,0.25,5.71875],"texture":"#0"},"south":{"uv":[0.5,4.78125,0.25,5.71875],"texture":"#0"},"west":{"uv":[0.5,4.78125,0.25,5.71875],"texture":"#0"},"up":{"uv":[1.4375,5.5625,1.1875,5.8125],"texture":"#0"},"down":{"uv":[1.4375,5.5625,1.1875,5.8125],"texture":"#0"}}}],"gui_light":"front","display":{"thirdperson_righthand":{"rotation":[67.5,0,0],"translation":[1.75,1.5,1.75],"scale":[0.22071,0.22071,0.22071]},"thirdperson_lefthand":{"rotation":[67.5,0,0],"translation":[-1.75,1.5,1.75],"scale":[0.22071,0.22071,0.22071]},"firstperson_righthand":{"rotation":[0,225,0],"translation":[0,1.75,0],"scale":[0.45859,0.45859,0.45859]},"firstperson_lefthand":{"rotation":[0,225,0],"translation":[0,1.75,0],"scale":[0.45859,0.45859,0.45859]},"ground":{"translation":[0,3,0],"scale":[0.25,0.25,0.25]},"gui":{"rotation":[30,225,0],"translation":[-2,1.25,0],"scale":[0.34531,0.34531,0.34531]},"head":{"translation":[27.25,0,0.75],"scale":[0,0,0]},"fixed":{"rotation":[-90,0,0],"translation":[0,0,-50.4],"scale":[2.1,2.1,2.1]}}}