{"credit":"MadewithBlockbench","texture_size":[40,40],"textures":{"0":"elitecreatures:halloween_furniture_v1/halloween_gravestone","1":"elitecreatures:halloween_furniture_v1/halloween_spider_web","particle":"elitecreatures:halloween_furniture_v1/halloween_gravestone"},"elements":[{"from":[2.5,0,2.5],"to":[13.5,1.5,13.5],"rotation":{"angle":0,"axis":"y","origin":[7.5,0,7.5]},"faces":{"north":{"uv":[11.6,0,16,0.6],"texture":"#0"},"east":{"uv":[11.6,0,16,0.6],"texture":"#0"},"south":{"uv":[11.6,0,16,0.6],"texture":"#0"},"west":{"uv":[11.6,0,16,0.6],"texture":"#0"},"up":{"uv":[4.4,4.4,0,0],"texture":"#0"},"down":{"uv":[2.6,1.4,1.4,2.4],"texture":"#0"}}},{"from":[3.5,1.5,3.5],"to":[12.5,2.75,12.5],"rotation":{"angle":0,"axis":"y","origin":[7.5,1.5,7.5]},"faces":{"north":{"uv":[12.4,0.6,16,1.2],"texture":"#0"},"east":{"uv":[12.4,0.6,16,1.2],"texture":"#0"},"south":{"uv":[12.4,0.6,16,1.2],"texture":"#0"},"west":{"uv":[12.4,0.6,16,1.2],"texture":"#0"},"up":{"uv":[16,4.8,12.4,1.2],"texture":"#0"}}},{"from":[4.5,1.11313,11.57559],"to":[4.5,7.61313,15.57559],"rotation":{"angle":-22.5,"axis":"x","origin":[4.5,4.11313,13.57559]},"faces":{"east":{"uv":[9.4625,10.9,16,16],"rotation":270,"texture":"#1"},"west":{"uv":[16,10.9,9.4625,16],"rotation":90,"texture":"#1"}}},{"from":[3.9,9.7995,12.16206],"to":[6.25,13.3995,12.16206],"rotation":{"angle":22.5,"axis":"x","origin":[6,10.0495,12.26206]},"faces":{"north":{"uv":[16,16,9.4625,10.9],"rotation":90,"texture":"#1"},"south":{"uv":[9.4625,16,16,10.9],"rotation":270,"texture":"#1"}}},{"from":[3.9,12.51215,13.31807],"to":[6.25,12.51215,15.51807],"rotation":{"angle":22.5,"axis":"x","origin":[5.075,12.51215,15.06807]},"faces":{"up":{"uv":[9.4625,16,16,10.9],"rotation":270,"texture":"#1"},"down":{"uv":[16,16,9.4625,10.9],"rotation":270,"texture":"#1"}}},{"from":[3.9,9.29307,12.65807],"to":[3.9,12.89307,14.90807],"rotation":{"angle":22.5,"axis":"x","origin":[3.9,11.04307,13.78307]},"faces":{"east":{"uv":[16,16,9.4625,10.9],"rotation":90,"texture":"#1"},"west":{"uv":[9.4625,16,16,10.9],"rotation":270,"texture":"#1"}}},{"from":[11.5,1.11313,11.57559],"to":[11.5,7.61313,15.57559],"rotation":{"angle":-22.5,"axis":"x","origin":[11.5,4.11313,13.57559]},"faces":{"east":{"uv":[16,0,10.4625,6.1],"rotation":90,"texture":"#1"},"west":{"uv":[10.4625,0,16,6.1],"rotation":270,"texture":"#1"}}},{"from":[4,2.15,9],"to":[12,13.65,11.25],"rotation":{"angle":22.5,"axis":"x","origin":[8,2.025,9.75]},"faces":{"north":{"uv":[4.4,0,7.6,4.6],"texture":"#0"},"east":{"uv":[12.4,0.6,11.4,5.2],"texture":"#0"},"south":{"uv":[7.6,0,10.8,4.6],"texture":"#0"},"west":{"uv":[11.4,0.6,12.4,5.2],"texture":"#0"},"up":{"uv":[7.6,5.6,4.4,4.6],"texture":"#0"}}},{"from":[4.5,2.4,8.9],"to":[11.5,7.65,8.9],"rotation":{"angle":22.5,"axis":"x","origin":[8,2.025,9.75]},"faces":{"north":{"uv":[12.2,13.2,15.2,16],"texture":"#0"}}},{"from":[6,6.9,8.9],"to":[9.75,12.4,8.9],"rotation":{"angle":22.5,"axis":"x","origin":[8,2.025,9.75]},"faces":{"north":{"uv":[1.8,7,7.2,13.6],"texture":"#0"}}}],"gui_light":"front","display":{"thirdperson_righthand":{"rotation":[62,179,0],"translation":[0,1.5,1.75],"scale":[0.73,0.73,0.73]},"thirdperson_lefthand":{"rotation":[62,179,0],"translation":[0,1.5,1.75],"scale":[0.73,0.73,0.73]},"firstperson_righthand":{"rotation":[11,123,0],"translation":[0,4.75,0],"scale":[0.73,0.73,0.73]},"firstperson_lefthand":{"rotation":[11,123,0],"translation":[0,4.75,0],"scale":[0.73,0.73,0.73]},"ground":{"translation":[0,6.5,0]},"gui":{"rotation":[20,139,0],"translation":[-0.5,0.25,0],"scale":[0.66,0.66,0.66]},"head":{"rotation":[0,180,0],"translation":[0,-31.75,0],"scale":[1.85,1.66,1.85]},"fixed":{"rotation":[-90,0,0],"translation":[0,0,-16.75],"scale":[2.56,2.27,2.56]}}}