{"credit":"MadewithBlockbench","texture_size":[32,32],"textures":{"0":"elitecreatures:halloween_furniture_v1/halloween_cauldron","particle":"elitecreatures:halloween_furniture_v1/halloween_cauldron"},"elements":[{"from":[10.1259,8.70051,9.197],"to":[11.2679,15.44051,10.447],"rotation":{"angle":-22.5,"axis":"z","origin":[10.6969,12.07051,9.822]},"faces":{"north":{"uv":[15.25,0,16,3.25],"texture":"#0"},"east":{"uv":[16,0,15.25,3.25],"texture":"#0"},"south":{"uv":[15.25,0,16,3.25],"texture":"#0"},"west":{"uv":[16,0,15.25,3.25],"texture":"#0"},"up":{"uv":[7,12.25,6.5,11.5],"texture":"#0"},"down":{"uv":[7.5,11.5,7,12.25],"texture":"#0"}}},{"from":[4,1.5,4],"to":[12,8.5,12],"rotation":{"angle":0,"axis":"y","origin":[7.45758,5.61548,8]},"faces":{"north":{"uv":[4,0,8,3.5],"texture":"#0"},"east":{"uv":[8,0,4,3.5],"texture":"#0"},"south":{"uv":[4,0,8,3.5],"texture":"#0"},"west":{"uv":[8,0,4,3.5],"texture":"#0"},"up":{"uv":[4.25,0.25,4,0],"texture":"#0"},"down":{"uv":[4.25,0,4,0.25],"texture":"#0"}}},{"from":[3.63841,-0.01903,6.76219],"to":[5.13841,1.58097,8.51219],"rotation":{"angle":-45,"axis":"y","origin":[7.45758,5.61548,8]},"faces":{"north":{"uv":[1,6,1.75,7],"texture":"#0"},"east":{"uv":[9.5,4,10.5,5],"texture":"#0"},"south":{"uv":[2,6,2.75,7],"texture":"#0"},"west":{"uv":[0,6,1,7],"texture":"#0"},"down":{"uv":[3.75,6,3,7],"texture":"#0"}}},{"from":[10.86159,-0.01903,6.76219],"to":[12.36159,1.58097,8.51219],"rotation":{"angle":45,"axis":"y","origin":[8.54242,5.61548,8]},"faces":{"north":{"uv":[1.75,6,1,7],"texture":"#0"},"east":{"uv":[1,6,0,7],"texture":"#0"},"south":{"uv":[2.75,6,2,7],"texture":"#0"},"west":{"uv":[10.5,4,9.5,5],"texture":"#0"},"down":{"uv":[3,6,3.75,7],"texture":"#0"}}},{"from":[3.63841,-0.01903,7.48781],"to":[5.13841,1.58097,9.23781],"rotation":{"angle":45,"axis":"y","origin":[7.45758,5.61548,8]},"faces":{"north":{"uv":[2.75,6,2,7],"texture":"#0"},"east":{"uv":[10.5,4,9.5,5],"texture":"#0"},"south":{"uv":[1.75,6,1,7],"texture":"#0"},"west":{"uv":[1,6,0,7],"texture":"#0"},"down":{"uv":[3.75,7,3,6],"texture":"#0"}}},{"from":[10.86159,-0.01903,7.48781],"to":[12.36159,1.58097,9.23781],"rotation":{"angle":-45,"axis":"y","origin":[8.54242,5.61548,8]},"faces":{"north":{"uv":[2,6,2.75,7],"texture":"#0"},"east":{"uv":[0,6,1,7],"texture":"#0"},"south":{"uv":[1,6,1.75,7],"texture":"#0"},"west":{"uv":[9.5,4,10.5,5],"texture":"#0"},"down":{"uv":[3,7,3.75,6],"texture":"#0"}}},{"from":[3.88507,4.3019,6.5],"to":[4.13507,6.8019,9.5],"rotation":{"angle":-22.5,"axis":"z","origin":[7.45758,7.11548,8]},"faces":{"north":{"uv":[12.25,0,12.5,1.75],"texture":"#0"},"east":{"uv":[12.25,0,14.25,1.75],"texture":"#0"},"south":{"uv":[12.25,0,12.5,1.75],"texture":"#0"},"west":{"uv":[12.25,0,14.25,1.75],"texture":"#0"},"up":{"uv":[12.25,0,12.5,0.25],"texture":"#0"},"down":{"uv":[12.25,1.5,12.5,1.75],"texture":"#0"}}},{"from":[11.86493,4.3019,6.5],"to":[12.11493,6.8019,9.5],"rotation":{"angle":22.5,"axis":"z","origin":[8.54242,7.11548,8]},"faces":{"north":{"uv":[12.5,0,12.25,1.75],"texture":"#0"},"east":{"uv":[14.25,0,12.25,1.75],"texture":"#0"},"south":{"uv":[12.5,0,12.25,1.75],"texture":"#0"},"west":{"uv":[14.25,0,12.25,1.75],"texture":"#0"},"up":{"uv":[12.5,0,12.25,0.25],"texture":"#0"},"down":{"uv":[12.5,1.5,12.25,1.75],"texture":"#0"}}},{"from":[4,9.25,4],"to":[12,11.25,5],"rotation":{"angle":0,"axis":"y","origin":[7.45758,5.61548,8]},"faces":{"north":{"uv":[0,0,4,1],"texture":"#0"},"east":{"uv":[3.5,0,4,1],"texture":"#0"},"south":{"uv":[0,1,4,2],"texture":"#0"},"west":{"uv":[4,0,3.5,1],"texture":"#0"},"up":{"uv":[4,2.5,0,2],"texture":"#0"},"down":{"uv":[4,2.5,0,3],"texture":"#0"}}},{"from":[11,9.25,5],"to":[12,11.25,11],"rotation":{"angle":0,"axis":"y","origin":[7.45758,5.61548,8]},"faces":{"east":{"uv":[3.5,0,0.5,1],"texture":"#0"},"west":{"uv":[3.5,1,0.5,2],"texture":"#0"},"up":{"uv":[0.5,3,0,6],"texture":"#0"},"down":{"uv":[1,6,0.5,3],"texture":"#0"}}},{"from":[4,9.25,11],"to":[12,11.25,12],"rotation":{"angle":0,"axis":"y","origin":[8.54242,5.61548,8]},"faces":{"north":{"uv":[0,1,4,2],"texture":"#0"},"east":{"uv":[4,0,3.5,1],"texture":"#0"},"south":{"uv":[0,0,4,1],"texture":"#0"},"west":{"uv":[3.5,0,4,1],"texture":"#0"},"up":{"uv":[0,2,4,2.5],"texture":"#0"},"down":{"uv":[0,3,4,2.5],"texture":"#0"}}},{"from":[4,9.25,5],"to":[5,11.25,11],"rotation":{"angle":0,"axis":"y","origin":[8.54242,5.61548,8]},"faces":{"east":{"uv":[3.5,1,0.5,2],"texture":"#0"},"west":{"uv":[3.5,0,0.5,1],"texture":"#0"},"up":{"uv":[0,6,0.5,3],"texture":"#0"},"down":{"uv":[0.5,3,1,6],"texture":"#0"}}},{"from":[4.5,8.5,4.5],"to":[11.5,10,11.5],"rotation":{"angle":0,"axis":"y","origin":[7.45758,5.61548,8]},"faces":{"north":{"uv":[4,0,4.25,0.25],"texture":"#0"},"east":{"uv":[4,0,4.25,0.25],"texture":"#0"},"south":{"uv":[4,0,4.25,0.25],"texture":"#0"},"west":{"uv":[4,0,4.25,0.25],"texture":"#0"},"up":{"uv":[16,16,12,12],"texture":"#0"}}}],"gui_light":"front","display":{"thirdperson_righthand":{"translation":[0,4.75,2.75],"scale":[0.75,0.75,0.75]},"thirdperson_lefthand":{"translation":[0,4.75,2.75],"scale":[0.75,0.75,0.75]},"ground":{"translation":[0,5,0]},"gui":{"rotation":[30,225,0],"translation":[0,1.25,0],"scale":[0.81,0.81,0.81]},"head":{"translation":[0,-30.5,0],"scale":[1.6,1.6,1.6]},"fixed":{"rotation":[-90,0,0],"translation":[0,0,-16.5],"scale":[2,2,2]}}}