{"credit":"MadewithBlockbench","texture_size":[32,32],"textures":{"0":"elitecreatures:halloween_furniture_v1/halloween_chandeliers","1":"elitecreatures:halloween_furniture_v1/fire_animation","2":"elitecreatures:halloween_furniture_v1/halloween_spider_web","particle":"elitecreatures:halloween_furniture_v1/halloween_chandeliers"},"elements":[{"from":[2.33298,14.25,13.23475],"to":[2.33298,16.1,14.30975],"rotation":{"angle":-45,"axis":"y","origin":[2.33298,15,13.77225]},"faces":{"north":{"uv":[3,1,12,11],"texture":"#1"},"east":{"uv":[12,1,3,11],"texture":"#1"},"south":{"uv":[3,1,12,11],"texture":"#1"},"west":{"uv":[3,1,12,11],"texture":"#1"},"up":{"uv":[3,1,12,11],"rotation":90,"texture":"#1"},"down":{"uv":[3,1,12,11],"rotation":180,"texture":"#1"}}},{"from":[13.66702,14.25,13.23475],"to":[13.66702,16.1,14.30975],"rotation":{"angle":45,"axis":"y","origin":[13.66702,15,13.77225]},"faces":{"north":{"uv":[12,1,3,11],"texture":"#1"},"east":{"uv":[3,1,12,11],"texture":"#1"},"south":{"uv":[12,1,3,11],"texture":"#1"},"west":{"uv":[12,1,3,11],"texture":"#1"},"up":{"uv":[12,1,3,11],"rotation":90,"texture":"#1"},"down":{"uv":[3,11,12,1],"rotation":180,"texture":"#1"}}},{"from":[14.77952,14.25,8],"to":[15.85452,16.1,8],"rotation":{"angle":0,"axis":"y","origin":[13.66702,15.175,8]},"faces":{"north":{"uv":[12,1,3,11],"texture":"#1"},"east":{"uv":[12,1,3,11],"texture":"#1"},"south":{"uv":[3,1,12,11],"texture":"#1"},"west":{"uv":[12,1,3,11],"texture":"#1"},"up":{"uv":[3,11,12,1],"texture":"#1"},"down":{"uv":[12,1,3,11],"rotation":270,"texture":"#1"}}},{"from":[0.14548,14.25,8],"to":[1.22048,16.1,8],"rotation":{"angle":0,"axis":"y","origin":[2.33298,15.175,8]},"faces":{"north":{"uv":[3,1,12,11],"texture":"#1"},"east":{"uv":[3,1,12,11],"texture":"#1"},"south":{"uv":[12,1,3,11],"texture":"#1"},"west":{"uv":[3,1,12,11],"texture":"#1"},"up":{"uv":[12,11,3,1],"texture":"#1"},"down":{"uv":[12,11,3,1],"rotation":270,"texture":"#1"}}},{"from":[2.33298,14.25,1.69025],"to":[2.33298,16.1,2.76525],"rotation":{"angle":45,"axis":"y","origin":[2.33298,15,2.22775]},"faces":{"north":{"uv":[12,1,3,11],"texture":"#1"},"east":{"uv":[3,1,12,11],"texture":"#1"},"south":{"uv":[12,1,3,11],"texture":"#1"},"west":{"uv":[12,1,3,11],"texture":"#1"},"up":{"uv":[12,1,3,11],"rotation":90,"texture":"#1"},"down":{"uv":[3,11,12,1],"rotation":180,"texture":"#1"}}},{"from":[13.66702,14.25,1.69025],"to":[13.66702,16.1,2.76525],"rotation":{"angle":-45,"axis":"y","origin":[13.66702,15,2.22775]},"faces":{"north":{"uv":[3,1,12,11],"texture":"#1"},"east":{"uv":[3,1,12,11],"texture":"#1"},"south":{"uv":[3,1,12,11],"texture":"#1"},"west":{"uv":[12,1,3,11],"texture":"#1"},"up":{"uv":[12,11,3,1],"rotation":90,"texture":"#1"},"down":{"uv":[12,11,3,1],"rotation":180,"texture":"#1"}}},{"from":[8,14.25,14.73475],"to":[8,16.1,15.80975],"rotation":{"angle":0,"axis":"y","origin":[8,15.175,13.77225]},"faces":{"north":{"uv":[3,1,12,11],"texture":"#1"},"east":{"uv":[12,1,3,11],"texture":"#1"},"south":{"uv":[3,1,12,11],"texture":"#1"},"west":{"uv":[3,1,12,11],"texture":"#1"},"up":{"uv":[3,1,12,11],"rotation":90,"texture":"#1"},"down":{"uv":[3,1,12,11],"rotation":180,"texture":"#1"}}},{"from":[8,14.25,0.19025],"to":[8,16.1,1.26525],"rotation":{"angle":0,"axis":"y","origin":[8,15.175,2.22775]},"faces":{"north":{"uv":[12,1,3,11],"texture":"#1"},"east":{"uv":[3,1,12,11],"texture":"#1"},"south":{"uv":[12,1,3,11],"texture":"#1"},"west":{"uv":[12,1,3,11],"texture":"#1"},"up":{"uv":[12,1,3,11],"rotation":90,"texture":"#1"},"down":{"uv":[3,11,12,1],"rotation":180,"texture":"#1"}}},{"from":[-0.09054,6.775,10.60565],"to":[1.00946,10.225,13.38065],"rotation":{"angle":22.5,"axis":"y","origin":[0.9982,8.525,10.05346]},"faces":{"east":{"uv":[9.5,3,8,4.75],"texture":"#0"},"west":{"uv":[8,3,9.5,4.75],"texture":"#0"},"up":{"uv":[14.5,0.5,13,0],"rotation":90,"texture":"#0"},"down":{"uv":[2,13,0.5,13.5],"rotation":270,"texture":"#0"}}},{"from":[14.99054,6.775,10.60565],"to":[16.09054,10.225,13.38065],"rotation":{"angle":-22.5,"axis":"y","origin":[15.0018,8.525,10.05346]},"faces":{"east":{"uv":[9.5,3,8,4.75],"texture":"#0"},"west":{"uv":[8,3,9.5,4.75],"texture":"#0"},"up":{"uv":[14.5,0,13,0.5],"rotation":90,"texture":"#0"},"down":{"uv":[2,13.5,0.5,13],"rotation":270,"texture":"#0"}}},{"from":[1.36316,6.5,12.80457],"to":[3.33816,11.25,14.65457],"rotation":{"angle":-45,"axis":"y","origin":[2.35066,11.6875,13.75457]},"faces":{"north":{"uv":[6,9,7,11.5],"texture":"#0"},"east":{"uv":[6,9,7,11.5],"texture":"#0"},"south":{"uv":[6,9,7,11.5],"texture":"#0"},"west":{"uv":[6,9,7,11.5],"texture":"#0"},"up":{"uv":[13.5,6,12.5,5],"texture":"#0"},"down":{"uv":[13.5,6,12.5,7],"texture":"#0"}}},{"from":[0.72566,14,7.71707],"to":[0.72566,15,8.29207],"rotation":{"angle":0,"axis":"y","origin":[2.35066,11.6875,13.75457]},"faces":{"north":{"uv":[0,0,0,0.5],"texture":"#0"},"east":{"uv":[3.5,13.5,3.75,14],"texture":"#0"},"south":{"uv":[0,0,0,0.5],"texture":"#0"},"west":{"uv":[3.5,13.5,3.75,14],"texture":"#0"},"up":{"uv":[0.25,0,0,0],"rotation":90,"texture":"#0"}}},{"from":[0.10066,11.25,7.26707],"to":[1.45066,14,8.74207],"rotation":{"angle":0,"axis":"y","origin":[2.35066,11.6875,13.75457]},"faces":{"north":{"uv":[6,11.5,6.75,13],"texture":"#0"},"east":{"uv":[6.75,11.5,6,13],"texture":"#0"},"south":{"uv":[6,11.5,6.75,13],"texture":"#0"},"west":{"uv":[6.75,11.5,6,13],"texture":"#0"},"up":{"uv":[1.25,14.25,0.5,13.5],"rotation":90,"texture":"#0"}}},{"from":[-0.14934,6.5,7.01707],"to":[1.70066,11.25,8.99207],"rotation":{"angle":0,"axis":"y","origin":[2.35066,11.6875,13.75457]},"faces":{"north":{"uv":[6,9,7,11.5],"texture":"#0"},"east":{"uv":[6,9,7,11.5],"texture":"#0"},"south":{"uv":[6,9,7,11.5],"texture":"#0"},"west":{"uv":[6,9,7,11.5],"texture":"#0"},"up":{"uv":[13.5,6,12.5,5],"rotation":90,"texture":"#0"},"down":{"uv":[13.5,6,12.5,7],"rotation":270,"texture":"#0"}}},{"from":[3.00531,6.775,14.47384],"to":[5.78031,10.225,15.57384],"rotation":{"angle":-22.5,"axis":"y","origin":[4.70206,8.525,13.94525]},"faces":{"north":{"uv":[8,3,9.5,4.75],"texture":"#0"},"south":{"uv":[9.5,3,8,4.75],"texture":"#0"},"up":{"uv":[13,0.5,14.5,0],"texture":"#0"},"down":{"uv":[0.5,13,2,13.5],"texture":"#0"}}},{"from":[5.0125,6.75,14.7625],"to":[10.9875,10.25,15.8625],"rotation":{"angle":0,"axis":"y","origin":[7.5125,6.25,8.4875]},"faces":{"north":{"uv":[3,2,6,3.75],"texture":"#0"},"east":{"uv":[10.5,12.5,11,14.25],"texture":"#0"},"south":{"uv":[3,2,6,3.75],"texture":"#0"},"west":{"uv":[11,12.5,11.5,14.25],"texture":"#0"},"up":{"uv":[14.5,1.5,11.5,1],"texture":"#0"},"down":{"uv":[14.5,1.5,11.5,2],"texture":"#0"}}},{"from":[7.2625,11.25,14.5375],"to":[8.7375,14,15.8875],"rotation":{"angle":0,"axis":"y","origin":[15,11.6875,8]},"faces":{"north":{"uv":[6.75,11.5,6,13],"texture":"#0"},"east":{"uv":[6,11.5,6.75,13],"texture":"#0"},"south":{"uv":[6.75,11.5,6,13],"texture":"#0"},"west":{"uv":[6,11.5,6.75,13],"texture":"#0"},"up":{"uv":[1.25,14.25,0.5,13.5],"texture":"#0"}}},{"from":[7.7125,14,15.2625],"to":[8.2875,15,15.2625],"rotation":{"angle":0,"axis":"y","origin":[15,11.6875,8]},"faces":{"north":{"uv":[3.5,13.5,3.75,14],"texture":"#0"},"east":{"uv":[0,0,0,0.5],"texture":"#0"},"south":{"uv":[3.5,13.5,3.75,14],"texture":"#0"},"west":{"uv":[0,0,0,0.5],"texture":"#0"},"up":{"uv":[0.25,0,0,0],"texture":"#0"}}},{"from":[7.0125,6.5,14.2875],"to":[8.9875,11.25,16.1375],"rotation":{"angle":0,"axis":"y","origin":[15,11.6875,8]},"faces":{"north":{"uv":[6,9,7,11.5],"texture":"#0"},"east":{"uv":[6,9,7,11.5],"texture":"#0"},"south":{"uv":[6,9,7,11.5],"texture":"#0"},"west":{"uv":[6,9,7,11.5],"texture":"#0"},"up":{"uv":[13.5,6,12.5,5],"texture":"#0"},"down":{"uv":[13.5,6,12.5,7],"texture":"#0"}}},{"from":[1.61316,11.25,13.05457],"to":[3.08816,14,14.40457],"rotation":{"angle":-45,"axis":"y","origin":[2.35066,11.6875,13.75457]},"faces":{"north":{"uv":[6.75,11.5,6,13],"texture":"#0"},"east":{"uv":[6,11.5,6.75,13],"texture":"#0"},"south":{"uv":[6.75,11.5,6,13],"texture":"#0"},"west":{"uv":[6,11.5,6.75,13],"texture":"#0"},"up":{"uv":[1.25,14.25,0.5,13.5],"texture":"#0"}}},{"from":[2.06316,14,13.77957],"to":[2.63816,15,13.77957],"rotation":{"angle":-45,"axis":"y","origin":[2.35066,11.6875,13.75457]},"faces":{"north":{"uv":[3.5,13.5,3.75,14],"texture":"#0"},"east":{"uv":[0,0,0,0.5],"texture":"#0"},"south":{"uv":[3.5,13.5,3.75,14],"texture":"#0"},"west":{"uv":[0,0,0,0.5],"texture":"#0"},"up":{"uv":[0.25,0,0,0],"texture":"#0"}}},{"from":[14.69635,6.75,5.01974],"to":[15.79635,10.25,10.99474],"rotation":{"angle":0,"axis":"y","origin":[15.0018,8.475,5.95904]},"faces":{"north":{"uv":[11.5,12.5,11,14.25],"texture":"#0"},"east":{"uv":[6,2,3,3.75],"texture":"#0"},"south":{"uv":[11,12.5,10.5,14.25],"texture":"#0"},"west":{"uv":[6,2,3,3.75],"texture":"#0"},"up":{"uv":[14.5,1,11.5,1.5],"rotation":90,"texture":"#0"},"down":{"uv":[14.5,2,11.5,1.5],"rotation":270,"texture":"#0"}}},{"from":[0.20365,6.75,5.00526],"to":[1.30365,10.25,10.98026],"rotation":{"angle":0,"axis":"y","origin":[0.9982,8.475,10.04096]},"faces":{"north":{"uv":[11,12.5,10.5,14.25],"texture":"#0"},"east":{"uv":[6,2,3,3.75],"texture":"#0"},"south":{"uv":[11.5,12.5,11,14.25],"texture":"#0"},"west":{"uv":[6,2,3,3.75],"texture":"#0"},"up":{"uv":[11.5,1.5,14.5,1],"rotation":90,"texture":"#0"},"down":{"uv":[11.5,1.5,14.5,2],"rotation":270,"texture":"#0"}}},{"from":[12.66184,6.5,1.34543],"to":[14.63684,11.25,3.19543],"rotation":{"angle":-45,"axis":"y","origin":[13.64934,11.6875,2.24543]},"faces":{"north":{"uv":[6,9,7,11.5],"texture":"#0"},"east":{"uv":[6,9,7,11.5],"texture":"#0"},"south":{"uv":[6,9,7,11.5],"texture":"#0"},"west":{"uv":[6,9,7,11.5],"texture":"#0"},"up":{"uv":[12.5,5,13.5,6],"texture":"#0"},"down":{"uv":[12.5,7,13.5,6],"texture":"#0"}}},{"from":[15.27434,14,7.70793],"to":[15.27434,15,8.28293],"rotation":{"angle":0,"axis":"y","origin":[13.64934,11.6875,2.24543]},"faces":{"north":{"uv":[0,0,0,0.5],"texture":"#0"},"east":{"uv":[3.5,13.5,3.75,14],"texture":"#0"},"south":{"uv":[0,0,0,0.5],"texture":"#0"},"west":{"uv":[3.5,13.5,3.75,14],"texture":"#0"},"up":{"uv":[0,0,0.25,0],"rotation":90,"texture":"#0"}}},{"from":[14.54934,11.25,7.25793],"to":[15.89934,14,8.73293],"rotation":{"angle":0,"axis":"y","origin":[13.64934,11.6875,2.24543]},"faces":{"north":{"uv":[6,11.5,6.75,13],"texture":"#0"},"east":{"uv":[6.75,11.5,6,13],"texture":"#0"},"south":{"uv":[6,11.5,6.75,13],"texture":"#0"},"west":{"uv":[6.75,11.5,6,13],"texture":"#0"},"up":{"uv":[0.5,13.5,1.25,14.25],"rotation":90,"texture":"#0"}}},{"from":[14.29934,6.5,7.00793],"to":[16.14934,11.25,8.98293],"rotation":{"angle":0,"axis":"y","origin":[13.64934,11.6875,2.24543]},"faces":{"north":{"uv":[6,9,7,11.5],"texture":"#0"},"east":{"uv":[6,9,7,11.5],"texture":"#0"},"south":{"uv":[6,9,7,11.5],"texture":"#0"},"west":{"uv":[6,9,7,11.5],"texture":"#0"},"up":{"uv":[12.5,5,13.5,6],"rotation":90,"texture":"#0"},"down":{"uv":[12.5,7,13.5,6],"rotation":270,"texture":"#0"}}},{"from":[10.21969,6.775,0.42616],"to":[12.99469,10.225,1.52616],"rotation":{"angle":-22.5,"axis":"y","origin":[11.29794,8.525,2.05475]},"faces":{"north":{"uv":[9.5,3,8,4.75],"texture":"#0"},"south":{"uv":[8,3,9.5,4.75],"texture":"#0"},"up":{"uv":[14.5,0,13,0.5],"texture":"#0"},"down":{"uv":[2,13.5,0.5,13],"texture":"#0"}}},{"from":[5.0125,6.75,0.1375],"to":[10.9875,10.25,1.2375],"rotation":{"angle":0,"axis":"y","origin":[8.4875,6.25,7.5125]},"faces":{"north":{"uv":[3,2,6,3.75],"texture":"#0"},"east":{"uv":[11,12.5,11.5,14.25],"texture":"#0"},"south":{"uv":[3,2,6,3.75],"texture":"#0"},"west":{"uv":[10.5,12.5,11,14.25],"texture":"#0"},"up":{"uv":[11.5,1,14.5,1.5],"texture":"#0"},"down":{"uv":[11.5,2,14.5,1.5],"texture":"#0"}}},{"from":[7.2625,11.25,0.1125],"to":[8.7375,14,1.4625],"rotation":{"angle":0,"axis":"y","origin":[1,11.6875,8]},"faces":{"north":{"uv":[6.75,11.5,6,13],"texture":"#0"},"east":{"uv":[6,11.5,6.75,13],"texture":"#0"},"south":{"uv":[6.75,11.5,6,13],"texture":"#0"},"west":{"uv":[6,11.5,6.75,13],"texture":"#0"},"up":{"uv":[0.5,13.5,1.25,14.25],"texture":"#0"}}},{"from":[7.7125,14,0.7375],"to":[8.2875,15,0.7375],"rotation":{"angle":0,"axis":"y","origin":[1,11.6875,8]},"faces":{"north":{"uv":[3.5,13.5,3.75,14],"texture":"#0"},"east":{"uv":[0,0,0,0.5],"texture":"#0"},"south":{"uv":[3.5,13.5,3.75,14],"texture":"#0"},"west":{"uv":[0,0,0,0.5],"texture":"#0"},"up":{"uv":[0,0,0.25,0],"texture":"#0"}}},{"from":[7.0125,6.5,-0.1375],"to":[8.9875,11.25,1.7125],"rotation":{"angle":0,"axis":"y","origin":[1,11.6875,8]},"faces":{"north":{"uv":[6,9,7,11.5],"texture":"#0"},"east":{"uv":[6,9,7,11.5],"texture":"#0"},"south":{"uv":[6,9,7,11.5],"texture":"#0"},"west":{"uv":[6,9,7,11.5],"texture":"#0"},"up":{"uv":[12.5,5,13.5,6],"texture":"#0"},"down":{"uv":[12.5,7,13.5,6],"texture":"#0"}}},{"from":[12.91184,11.25,1.59543],"to":[14.38684,14,2.94543],"rotation":{"angle":-45,"axis":"y","origin":[13.64934,11.6875,2.24543]},"faces":{"north":{"uv":[6.75,11.5,6,13],"texture":"#0"},"east":{"uv":[6,11.5,6.75,13],"texture":"#0"},"south":{"uv":[6.75,11.5,6,13],"texture":"#0"},"west":{"uv":[6,11.5,6.75,13],"texture":"#0"},"up":{"uv":[0.5,13.5,1.25,14.25],"texture":"#0"}}},{"from":[13.36184,14,2.22043],"to":[13.93684,15,2.22043],"rotation":{"angle":-45,"axis":"y","origin":[13.64934,11.6875,2.24543]},"faces":{"north":{"uv":[3.5,13.5,3.75,14],"texture":"#0"},"east":{"uv":[0,0,0,0.5],"texture":"#0"},"south":{"uv":[3.5,13.5,3.75,14],"texture":"#0"},"west":{"uv":[0,0,0,0.5],"texture":"#0"},"up":{"uv":[0,0,0.25,0],"texture":"#0"}}},{"from":[13.36184,14,13.77957],"to":[13.93684,15,13.77957],"rotation":{"angle":45,"axis":"y","origin":[13.64934,11.6875,13.75457]},"faces":{"north":{"uv":[3.75,13.5,3.5,14],"texture":"#0"},"east":{"uv":[0,0,0,0.5],"texture":"#0"},"south":{"uv":[3.75,13.5,3.5,14],"texture":"#0"},"west":{"uv":[0,0,0,0.5],"texture":"#0"},"up":{"uv":[0,0,0.25,0],"texture":"#0"}}},{"from":[12.91184,11.25,13.05457],"to":[14.38684,14,14.40457],"rotation":{"angle":45,"axis":"y","origin":[13.64934,11.6875,13.75457]},"faces":{"north":{"uv":[6,11.5,6.75,13],"texture":"#0"},"east":{"uv":[6.75,11.5,6,13],"texture":"#0"},"south":{"uv":[6,11.5,6.75,13],"texture":"#0"},"west":{"uv":[6.75,11.5,6,13],"texture":"#0"},"up":{"uv":[0.5,14.25,1.25,13.5],"texture":"#0"}}},{"from":[10.21969,6.775,14.47384],"to":[12.99469,10.225,15.57384],"rotation":{"angle":22.5,"axis":"y","origin":[11.29794,8.525,13.94525]},"faces":{"north":{"uv":[9.5,3,8,4.75],"texture":"#0"},"south":{"uv":[8,3,9.5,4.75],"texture":"#0"},"up":{"uv":[14.5,0.5,13,0],"texture":"#0"},"down":{"uv":[2,13,0.5,13.5],"texture":"#0"}}},{"from":[12.66184,6.5,12.80457],"to":[14.63684,11.25,14.65457],"rotation":{"angle":45,"axis":"y","origin":[13.64934,11.6875,13.75457]},"faces":{"north":{"uv":[7,9,6,11.5],"texture":"#0"},"east":{"uv":[7,9,6,11.5],"texture":"#0"},"south":{"uv":[7,9,6,11.5],"texture":"#0"},"west":{"uv":[7,9,6,11.5],"texture":"#0"},"up":{"uv":[12.5,6,13.5,5],"texture":"#0"},"down":{"uv":[12.5,6,13.5,7],"texture":"#0"}}},{"from":[-0.09054,6.775,2.60487],"to":[1.00946,10.225,5.37987],"rotation":{"angle":-22.5,"axis":"y","origin":[0.9982,8.5,5.93205]},"faces":{"east":{"uv":[8,3,9.5,4.75],"texture":"#0"},"west":{"uv":[9.5,3,8,4.75],"texture":"#0"},"up":{"uv":[13,0.5,14.5,0],"rotation":90,"texture":"#0"},"down":{"uv":[0.5,13,2,13.5],"rotation":270,"texture":"#0"}}},{"from":[14.99054,6.775,2.60487],"to":[16.09054,10.225,5.37987],"rotation":{"angle":22.5,"axis":"y","origin":[15.0018,8.5,5.93205]},"faces":{"east":{"uv":[8,3,9.5,4.75],"texture":"#0"},"west":{"uv":[9.5,3,8,4.75],"texture":"#0"},"up":{"uv":[13,0,14.5,0.5],"rotation":90,"texture":"#0"},"down":{"uv":[0.5,13.5,2,13],"rotation":270,"texture":"#0"}}},{"from":[1.36316,6.5,1.34543],"to":[3.33816,11.25,3.19543],"rotation":{"angle":45,"axis":"y","origin":[2.35066,11.6875,2.24543]},"faces":{"north":{"uv":[7,9,6,11.5],"texture":"#0"},"east":{"uv":[7,9,6,11.5],"texture":"#0"},"south":{"uv":[7,9,6,11.5],"texture":"#0"},"west":{"uv":[7,9,6,11.5],"texture":"#0"},"up":{"uv":[13.5,5,12.5,6],"texture":"#0"},"down":{"uv":[13.5,7,12.5,6],"texture":"#0"}}},{"from":[3.00531,6.775,0.42616],"to":[5.78031,10.225,1.52616],"rotation":{"angle":22.5,"axis":"y","origin":[4.70206,8.525,2.05475]},"faces":{"north":{"uv":[8,3,9.5,4.75],"texture":"#0"},"south":{"uv":[9.5,3,8,4.75],"texture":"#0"},"up":{"uv":[13,0,14.5,0.5],"texture":"#0"},"down":{"uv":[0.5,13.5,2,13],"texture":"#0"}}},{"from":[1.61316,11.25,1.59543],"to":[3.08816,14,2.94543],"rotation":{"angle":45,"axis":"y","origin":[2.35066,11.6875,2.24543]},"faces":{"north":{"uv":[6,11.5,6.75,13],"texture":"#0"},"east":{"uv":[6.75,11.5,6,13],"texture":"#0"},"south":{"uv":[6,11.5,6.75,13],"texture":"#0"},"west":{"uv":[6.75,11.5,6,13],"texture":"#0"},"up":{"uv":[1.25,13.5,0.5,14.25],"texture":"#0"}}},{"from":[2.06316,14,2.22043],"to":[2.63816,15,2.22043],"rotation":{"angle":45,"axis":"y","origin":[2.35066,11.6875,2.24543]},"faces":{"north":{"uv":[3.75,13.5,3.5,14],"texture":"#0"},"east":{"uv":[0,0,0,0.5],"texture":"#0"},"south":{"uv":[3.75,13.5,3.5,14],"texture":"#0"},"west":{"uv":[0,0,0,0.5],"texture":"#0"},"up":{"uv":[0.25,0,0,0],"texture":"#0"}}},{"from":[1.275,7.75,7.375],"to":[14.725,9,8.625],"rotation":{"angle":0,"axis":"y","origin":[8,5.75,8]},"faces":{"north":{"uv":[0,5,6.75,5.75],"texture":"#0"},"south":{"uv":[0,5.75,6.75,5],"texture":"#0"},"up":{"uv":[0,5,6.75,5.75],"texture":"#0"},"down":{"uv":[0,5,6.75,5.75],"texture":"#0"}}},{"from":[7.375,7.75,1.275],"to":[8.625,9,14.725],"rotation":{"angle":0,"axis":"y","origin":[8,5.75,8]},"faces":{"east":{"uv":[0,5,6.75,5.75],"texture":"#0"},"west":{"uv":[0,5.75,6.75,5],"texture":"#0"},"up":{"uv":[0,5,6.75,5.75],"rotation":90,"texture":"#0"},"down":{"uv":[0,5,6.75,5.75],"rotation":270,"texture":"#0"}}},{"from":[8,9,8.275],"to":[8,14.25,12.725],"rotation":{"angle":0,"axis":"y","origin":[8.625,7,8]},"faces":{"east":{"uv":[10.5,6.25,16,0],"texture":"#2"},"west":{"uv":[16,6.25,10.5,0],"texture":"#2"}}},{"from":[8,9,3.275],"to":[8,15.5,7.725],"rotation":{"angle":0,"axis":"y","origin":[7.375,7,8]},"faces":{"east":{"uv":[16,6.25,10.5,0],"texture":"#2"},"west":{"uv":[10.5,6.25,16,0],"texture":"#2"}}},{"from":[8.625,8.75,8.525],"to":[14.625,8.75,15.225],"rotation":{"angle":0,"axis":"y","origin":[9,6.75,8.5]},"faces":{"up":{"uv":[16,6.25,10.5,0],"rotation":90,"texture":"#2"},"down":{"uv":[16,0,10.5,6.25],"rotation":270,"texture":"#2"}}},{"from":[1.375,7.75,0.775],"to":[7.375,7.75,7.475],"rotation":{"angle":0,"axis":"y","origin":[7,5.75,7.5]},"faces":{"up":{"uv":[9.5,16,16,11],"rotation":90,"texture":"#2"},"down":{"uv":[9.5,11,16,16],"rotation":270,"texture":"#2"}}},{"from":[1.375,7.75,8.525],"to":[7.375,7.75,15.225],"rotation":{"angle":0,"axis":"y","origin":[7,5.75,8.5]},"faces":{"up":{"uv":[16,16,9.5,11],"rotation":90,"texture":"#2"},"down":{"uv":[16,11,9.5,16],"rotation":270,"texture":"#2"}}},{"from":[8.625,8.75,0.775],"to":[14.625,8.75,7.475],"rotation":{"angle":0,"axis":"y","origin":[9,6.75,7.5]},"faces":{"up":{"uv":[10.5,6.25,16,0],"rotation":90,"texture":"#2"},"down":{"uv":[10.5,0,16,6.25],"rotation":270,"texture":"#2"}}},{"from":[6,19,6.25],"to":[10,20,9.75],"rotation":{"angle":0,"axis":"y","origin":[8.5,0,8.5]},"faces":{"north":{"uv":[12.5,8,14.5,8.5],"texture":"#0"},"east":{"uv":[12.5,8,14.5,8.5],"texture":"#0"},"south":{"uv":[12.5,8,14.5,8.5],"texture":"#0"},"west":{"uv":[12.5,8,14.5,8.5],"texture":"#0"},"up":{"uv":[8,2.75,6,1],"texture":"#0"},"down":{"uv":[2,6.75,0,8.75],"texture":"#0"}}},{"from":[6.9,14,6.9],"to":[9.1,19,9.1],"rotation":{"angle":0,"axis":"y","origin":[8.5,0,8.5]},"faces":{"north":{"uv":[10,10,9,12.5],"texture":"#0"},"east":{"uv":[9,10,10,12.5],"texture":"#0"},"south":{"uv":[10,10,9,12.5],"texture":"#0"},"west":{"uv":[9,10,10,12.5],"texture":"#0"}}},{"from":[6.75,13,6.75],"to":[9.25,14,9.25],"rotation":{"angle":0,"axis":"y","origin":[8.5,0,8.5]},"faces":{"north":{"uv":[4.5,13,5.75,13.5],"texture":"#0"},"east":{"uv":[4.5,13,5.75,13.5],"texture":"#0"},"south":{"uv":[4.5,13,5.75,13.5],"texture":"#0"},"west":{"uv":[4.5,13,5.75,13.5],"texture":"#0"},"up":{"uv":[3.25,11.75,2,10.5],"texture":"#0"},"down":{"uv":[4.75,10.5,3.5,11.75],"texture":"#0"}}},{"from":[7.025,6,7.025],"to":[8.975,13,8.975],"rotation":{"angle":0,"axis":"y","origin":[8,4.5,8]},"faces":{"north":{"uv":[8,3,7,6.5],"texture":"#0"},"east":{"uv":[7,3,8,6.5],"texture":"#0"},"south":{"uv":[8,3,7,6.5],"texture":"#0"},"west":{"uv":[7,3,8,6.5],"texture":"#0"}}},{"from":[6.85,5,6.85],"to":[9.15,6,9.15],"rotation":{"angle":0,"axis":"y","origin":[8.5,0,8.5]},"faces":{"north":{"uv":[13,11,14.25,11.5],"texture":"#0"},"east":{"uv":[13,11,14.25,11.5],"texture":"#0"},"south":{"uv":[13,11,14.25,11.5],"texture":"#0"},"west":{"uv":[13,11,14.25,11.5],"texture":"#0"},"up":{"uv":[12.25,4.75,11,3.5],"texture":"#0"},"down":{"uv":[12.25,5,11,6.25],"texture":"#0"}}}],"gui_light":"front","display":{"thirdperson_righthand":{"rotation":[62,179,0],"translation":[0,-3.25,-3.5],"scale":[0.73,0.73,0.73]},"thirdperson_lefthand":{"rotation":[62,179,0],"translation":[0,-3.25,-3.5],"scale":[0.73,0.73,0.73]},"firstperson_righthand":{"rotation":[0,29,0],"translation":[0,1.75,0],"scale":[0.39,0.39,0.39]},"firstperson_lefthand":{"rotation":[0,29,0],"translation":[0,1.75,0],"scale":[0.39,0.39,0.39]},"gui":{"rotation":[20,139,0],"translation":[0,-1.25,0],"scale":[0.6,0.52,0.6]},"head":{"translation":[0,-43.5,0],"scale":[1.85,1.66,1.85]},"fixed":{"rotation":[90,0,0],"translation":[0,0,-24.75],"scale":[2,2,2]}}}