{"credit":"MadewithBlockbench","texture_size":[32,32],"textures":{"0":"elitecreatures:halloween_furniture_v1/halloween_painting","particle":"elitecreatures:halloween_furniture_v1/halloween_painting"},"elements":[{"from":[3,3,7.75],"to":[13,16,8.5],"rotation":{"angle":0,"axis":"y","origin":[7.5,6,7.5]},"faces":{"north":{"uv":[11,9.5,16,16],"texture":"#0"},"east":{"uv":[5,6,5.5,12.5],"texture":"#0"},"south":{"uv":[0,0,5,6.5],"texture":"#0"},"west":{"uv":[5.5,6,6,12.5],"texture":"#0"},"up":{"uv":[16,1,11,0.5],"texture":"#0"},"down":{"uv":[16,0.5,11,1],"texture":"#0"}}},{"from":[3.2,4.45,7.725],"to":[12.8,13.95,7.725],"rotation":{"angle":0,"axis":"y","origin":[7.5,6,7.5]},"faces":{"north":{"uv":[10.25,3.75,16,9],"texture":"#0"}}},{"from":[7.5,20.75,7.5],"to":[8.5,21.75,8.5],"rotation":{"angle":0,"axis":"y","origin":[7.5,11.75,7.5]},"faces":{"north":{"uv":[7,7.5,7.5,8],"texture":"#0"},"east":{"uv":[7.5,7.5,8,8],"texture":"#0"},"south":{"uv":[0.5,8,1,8.5],"texture":"#0"},"west":{"uv":[1,8,1.5,8.5],"texture":"#0"},"up":{"uv":[2,8.5,1.5,8],"texture":"#0"},"down":{"uv":[2.5,8,2,8.5],"texture":"#0"}}},{"from":[3.75,16,8],"to":[12.25,22,8],"rotation":{"angle":0,"axis":"y","origin":[7.5,19,7]},"faces":{"north":{"uv":[5,0,10,3],"texture":"#0"},"east":{"uv":[0,0,0,3],"texture":"#0"},"south":{"uv":[5,0,10,3],"texture":"#0"},"west":{"uv":[0,0,0,3],"texture":"#0"},"up":{"uv":[5,0,0,0],"texture":"#0"},"down":{"uv":[5,0,0,0],"texture":"#0"}}},{"from":[12,3,7.25],"to":[13,16,7.75],"rotation":{"angle":0,"axis":"y","origin":[7.5,6,6.75]},"faces":{"north":{"uv":[6,6,6.5,12.5],"texture":"#0"},"east":{"uv":[4.5,6.5,4.75,13],"texture":"#0"},"south":{"uv":[0,6.5,0.5,13],"texture":"#0"},"west":{"uv":[6.5,7,6.75,13.5],"texture":"#0"},"up":{"uv":[3,8.25,2.5,8],"texture":"#0"},"down":{"uv":[3.5,8,3,8.25],"texture":"#0"}}},{"from":[3,3,7.25],"to":[4,16,7.75],"rotation":{"angle":0,"axis":"y","origin":[8.5,6,6.75]},"faces":{"north":{"uv":[6.5,6,6,12.5],"texture":"#0"},"east":{"uv":[6.75,7,6.5,13.5],"texture":"#0"},"south":{"uv":[0.5,6.5,0,13],"texture":"#0"},"west":{"uv":[4.75,6.5,4.5,13],"texture":"#0"},"up":{"uv":[2.5,8.25,3,8],"texture":"#0"},"down":{"uv":[3,8,3.5,8.25],"texture":"#0"}}},{"from":[4,3,7.25],"to":[12,4,7.75],"rotation":{"angle":0,"axis":"y","origin":[9.5,-6,6.75]},"faces":{"north":{"uv":[0.5,6.5,4.5,7],"texture":"#0"},"south":{"uv":[0.5,7,4.5,7.5],"texture":"#0"},"up":{"uv":[16,1.25,12,1],"texture":"#0"},"down":{"uv":[4.5,7.5,0.5,7.75],"texture":"#0"}}},{"from":[4,15,7.25],"to":[12,16,7.75],"rotation":{"angle":0,"axis":"y","origin":[9.5,27,6.75]},"faces":{"north":{"uv":[0.5,7,4.5,6.5],"texture":"#0"},"south":{"uv":[0.5,7.5,4.5,7],"texture":"#0"},"up":{"uv":[4.5,7.75,0.5,7.5],"texture":"#0"},"down":{"uv":[16,1,12,1.25],"texture":"#0"}}}],"display":{"thirdperson_righthand":{"rotation":[62,179,0],"translation":[0,1.5,1.75],"scale":[0.73,0.73,0.73]},"thirdperson_lefthand":{"rotation":[62,179,0],"translation":[0,1.5,1.75],"scale":[0.73,0.73,0.73]},"firstperson_righthand":{"rotation":[-13,130,0],"translation":[0,0.5,0],"scale":[0.73,0.73,0.73]},"firstperson_lefthand":{"rotation":[-13,130,0],"translation":[0,0.5,0],"scale":[0.73,0.73,0.73]},"gui":{"rotation":[0,180,0],"translation":[0,-2.75,0],"scale":[0.53,0.53,0.53]},"head":{"translation":[0,-31.75,0],"scale":[1.85,1.66,1.85]},"fixed":{"translation":[0,-5.75,-1],"scale":[3.02,3.02,3.02]}}}