{"credit":"MadewithBlockbench","texture_size":[24,24],"textures":{"0":"elitecreatures:halloween_furniture_v1/halloween_pumpkin_basket","particle":"elitecreatures:halloween_furniture_v1/halloween_pumpkin_basket"},"elements":[{"from":[4.5,0,4.7],"to":[11.5,6.25,5.5],"rotation":{"angle":0,"axis":"y","origin":[7.5,0,7.5]},"faces":{"north":{"uv":[5.33333,5,10.66667,10.33333],"texture":"#0"},"east":{"uv":[11.33333,5,10.66667,10.33333],"texture":"#0"},"south":{"uv":[5.33333,5,11,10.33333],"texture":"#0"},"west":{"uv":[10.66667,5,11.33333,10.33333],"texture":"#0"},"up":{"uv":[10.66667,5.33333,5.33333,5],"texture":"#0"},"down":{"uv":[10.66667,5.33333,5.33333,5],"texture":"#0"}}},{"from":[4.5,0,10.5],"to":[11.5,6.25,11.3],"rotation":{"angle":0,"axis":"y","origin":[7.5,0,8.5]},"faces":{"north":{"uv":[16,5,10.33333,10.33333],"texture":"#0"},"east":{"uv":[10.66667,5,11.33333,10.33333],"texture":"#0"},"south":{"uv":[16,5,10.66667,10.33333],"texture":"#0"},"west":{"uv":[11.33333,5,10.66667,10.33333],"texture":"#0"},"up":{"uv":[10.66667,5,5.33333,5.33333],"texture":"#0"},"down":{"uv":[10.66667,5,5.33333,5.33333],"texture":"#0"}}},{"from":[5.5,0,5.5],"to":[10.5,5.85,10.5],"rotation":{"angle":0,"axis":"y","origin":[7.5,0,7.5]},"faces":{"up":{"uv":[3.33333,3.33333,0,0],"texture":"#0"},"down":{"uv":[5.66667,5,5.33333,5.33333],"texture":"#0"}}},{"from":[10.5,0,5.5],"to":[11.5,6.25,10.5],"rotation":{"angle":0,"axis":"y","origin":[8.5,0,7.5]},"faces":{"east":{"uv":[11.33333,5,15.33333,10.33333],"texture":"#0"},"west":{"uv":[11.33333,5,15.33333,10.33333],"texture":"#0"},"up":{"uv":[15.33333,5.33333,11.33333,5],"rotation":90,"texture":"#0"},"down":{"uv":[11.33333,10.33333,15.33333,10],"rotation":90,"texture":"#0"}}},{"from":[4.5,0,5.5],"to":[5.5,6.25,10.5],"rotation":{"angle":0,"axis":"y","origin":[7.5,0,7.5]},"faces":{"east":{"uv":[15.33333,5,11.33333,10.33333],"texture":"#0"},"west":{"uv":[15.33333,5,11.33333,10.33333],"texture":"#0"},"up":{"uv":[15.33333,5,11.33333,5.33333],"rotation":90,"texture":"#0"},"down":{"uv":[11.33333,10,15.33333,10.33333],"rotation":90,"texture":"#0"}}},{"from":[7.25,5.75,7.25],"to":[8.75,6.5,8.75],"rotation":{"angle":0,"axis":"y","origin":[7.5,-0.25,7.5]},"faces":{"north":{"uv":[14,0,15,0.66667],"texture":"#0"},"east":{"uv":[14,0,15,0.66667],"texture":"#0"},"south":{"uv":[14,0,15,0.66667],"texture":"#0"},"west":{"uv":[14,0,15,0.66667],"texture":"#0"},"up":{"uv":[2,16,1,15],"texture":"#0"}}},{"from":[7.25,5.75,8.5],"to":[8.75,6.55,10],"rotation":{"angle":22.5,"axis":"y","origin":[8,6.125,8]},"faces":{"north":{"uv":[14,0,15,0.66667],"texture":"#0"},"east":{"uv":[14,0,15,0.66667],"texture":"#0"},"south":{"uv":[14,0,15,0.66667],"texture":"#0"},"west":{"uv":[14,0,15,0.66667],"texture":"#0"},"up":{"uv":[2,16,1,15],"texture":"#0"}}},{"from":[6.5,5.75,5.75],"to":[8,6.6,7.25],"rotation":{"angle":22.5,"axis":"y","origin":[8,6.125,8]},"faces":{"north":{"uv":[14,0,15,0.66667],"texture":"#0"},"east":{"uv":[14,0,15,0.66667],"texture":"#0"},"south":{"uv":[14,0,15,0.66667],"texture":"#0"},"west":{"uv":[14,0,15,0.66667],"texture":"#0"},"up":{"uv":[2,16,1,15],"texture":"#0"}}},{"from":[6.25,5.75,8.25],"to":[7.75,6.7,9.75],"rotation":{"angle":-22.5,"axis":"y","origin":[8,6.225,8]},"faces":{"north":{"uv":[15,0,16,0.66667],"texture":"#0"},"east":{"uv":[15,0,16,0.66667],"texture":"#0"},"south":{"uv":[15,0,16,0.66667],"texture":"#0"},"west":{"uv":[15,0,16,0.66667],"texture":"#0"},"up":{"uv":[3,16,2,15],"texture":"#0"}}},{"from":[7.71194,5.75,6.10195],"to":[9.21194,6.525,7.60195],"rotation":{"angle":45,"axis":"y","origin":[8.46194,6.175,6.85195]},"faces":{"north":{"uv":[15,0,16,0.66667],"texture":"#0"},"east":{"uv":[15,0,16,0.66667],"texture":"#0"},"south":{"uv":[15,0,16,0.66667],"texture":"#0"},"west":{"uv":[15,0,16,0.66667],"texture":"#0"},"up":{"uv":[3,16,2,15],"texture":"#0"}}},{"from":[8.86679,5.75,7.4197],"to":[10.36679,6.6,8.9197],"rotation":{"angle":22.5,"axis":"y","origin":[9.61679,6.175,8.6697]},"faces":{"north":{"uv":[15,0,16,0.66667],"texture":"#0"},"east":{"uv":[15,0,16,0.66667],"texture":"#0"},"south":{"uv":[15,0,16,0.66667],"texture":"#0"},"west":{"uv":[15,0,16,0.66667],"texture":"#0"},"up":{"uv":[3,16,2,15],"texture":"#0"}}},{"from":[5.26682,10.63359,7.25],"to":[10.71682,10.63359,8.75],"rotation":{"angle":0,"axis":"y","origin":[5.91682,10.63359,8]},"faces":{"north":{"uv":[0,0,3.66667,0],"texture":"#0"},"east":{"uv":[0,0,1,0],"texture":"#0"},"south":{"uv":[0,0,3.66667,0],"texture":"#0"},"west":{"uv":[0,0,1,0],"texture":"#0"},"up":{"uv":[13.66667,16,10,15],"texture":"#0"},"down":{"uv":[10,15,13.66667,16],"texture":"#0"}}},{"from":[11.6,6,7.25],"to":[11.6,9.75,8.75],"rotation":{"angle":0,"axis":"y","origin":[8.5,0.25,7.5]},"faces":{"north":{"uv":[0,0,0,2.66667],"texture":"#0"},"east":{"uv":[0,13.33333,1,16],"texture":"#0"},"south":{"uv":[0,0,0,2.66667],"texture":"#0"},"west":{"uv":[1,13.33333,0,16],"texture":"#0"},"up":{"uv":[0,1,0,0],"texture":"#0"},"down":{"uv":[0,0,0,1],"texture":"#0"}}},{"from":[11.35,4.5,7.15],"to":[11.85,6,8.85],"rotation":{"angle":0,"axis":"y","origin":[8.5,0.25,7.5]},"faces":{"north":{"uv":[13.66667,15,14,16],"texture":"#0"},"east":{"uv":[15,15,16,16],"texture":"#0"},"south":{"uv":[14,15,14.33333,16],"texture":"#0"},"up":{"uv":[14.66667,16,14.33333,15],"texture":"#0"},"down":{"uv":[15,15,14.66667,16],"texture":"#0"}}},{"from":[11.15806,9.56694,7.25],"to":[11.15806,10.81694,8.75],"rotation":{"angle":45,"axis":"z","origin":[11.15806,10.19194,8]},"faces":{"north":{"uv":[0,0,0,1],"texture":"#0"},"east":{"uv":[3,15,4,16],"texture":"#0"},"south":{"uv":[0,0,0,1],"texture":"#0"},"west":{"uv":[4,15,3,16],"texture":"#0"},"up":{"uv":[0,1,0,0],"texture":"#0"},"down":{"uv":[0,0,0,1],"texture":"#0"}}},{"from":[4.4,6,7.25],"to":[4.4,9.75,8.75],"rotation":{"angle":0,"axis":"y","origin":[7.5,0.25,7.5]},"faces":{"north":{"uv":[0,0,0,2.66667],"texture":"#0"},"east":{"uv":[0,13.33333,1,16],"texture":"#0"},"south":{"uv":[0,0,0,2.66667],"texture":"#0"},"west":{"uv":[1,13.33333,0,16],"texture":"#0"},"up":{"uv":[0,1,0,0],"texture":"#0"},"down":{"uv":[0,0,0,1],"texture":"#0"}}},{"from":[4.84194,9.56694,7.25],"to":[4.84194,10.81694,8.75],"rotation":{"angle":-45,"axis":"z","origin":[4.84194,10.19194,8]},"faces":{"north":{"uv":[0,0,0,1],"texture":"#0"},"east":{"uv":[3,15,4,16],"texture":"#0"},"south":{"uv":[0,0,0,1],"texture":"#0"},"west":{"uv":[4,15,3,16],"texture":"#0"},"up":{"uv":[0,1,0,0],"texture":"#0"},"down":{"uv":[0,0,0,1],"texture":"#0"}}},{"from":[4.15,4.5,7.15],"to":[4.65,6,8.85],"rotation":{"angle":0,"axis":"y","origin":[7.5,0.25,7.5]},"faces":{"north":{"uv":[14,15,13.66667,16],"texture":"#0"},"south":{"uv":[14.33333,15,14,16],"texture":"#0"},"west":{"uv":[16,15,15,16],"texture":"#0"},"up":{"uv":[14.33333,16,14.66667,15],"texture":"#0"},"down":{"uv":[14.66667,15,15,16],"texture":"#0"}}}],"display":{"ground":{"translation":[0,5.5,0]},"gui":{"rotation":[30,225,0],"translation":[0,1.75,0],"scale":[0.91,0.91,0.91]},"head":{"translation":[0,-35.25,0]},"fixed":{"rotation":[-90,0,0],"translation":[0,0,-16.75],"scale":[2,2,2]}}}