{"credit":"MadewithBlockbench","texture_size":[48,48],"textures":{"0":"elitecreatures:halloween_furniture_v1/halloween_chair","1":"elitecreatures:halloween_furniture_v1/halloween_spider_web","particle":"elitecreatures:halloween_furniture_v1/halloween_chair"},"elements":[{"from":[12.75,0,1.75],"to":[14.25,9,3.25],"rotation":{"angle":0,"axis":"y","origin":[8.5,0,7.5]},"faces":{"north":{"uv":[1.16667,9.33333,0.66667,12.33333],"texture":"#0"},"east":{"uv":[0.66667,9.33333,1.16667,12.33333],"texture":"#0"},"south":{"uv":[1.16667,9.33333,0.66667,12.33333],"texture":"#0"},"west":{"uv":[0.66667,9.33333,1.16667,12.33333],"texture":"#0"},"down":{"uv":[9,6.66667,9.5,7.16667],"texture":"#0"}}},{"from":[12.75,0,12.75],"to":[14.25,9,14.25],"rotation":{"angle":0,"axis":"y","origin":[8.5,0,8.5]},"faces":{"north":{"uv":[0.66667,9.33333,1.16667,12.33333],"texture":"#0"},"east":{"uv":[1.16667,9.33333,0.66667,12.33333],"texture":"#0"},"south":{"uv":[0.66667,9.33333,1.16667,12.33333],"texture":"#0"},"west":{"uv":[1.16667,9.33333,0.66667,12.33333],"texture":"#0"},"down":{"uv":[9,7.16667,9.5,6.66667],"texture":"#0"}}},{"from":[13,4,3.25],"to":[14,6.1,12.75],"rotation":{"angle":0,"axis":"y","origin":[8.5,0,7.5]},"faces":{"east":{"uv":[12.16667,6,9,6.66667],"texture":"#0"},"south":{"uv":[9.33333,7.33333,9,8],"texture":"#0"},"west":{"uv":[12.16667,6,9,6.66667],"texture":"#0"},"up":{"uv":[4.66667,12.83333,5,9.66667],"texture":"#0"},"down":{"uv":[5,9.66667,5.33333,12.83333],"texture":"#0"}}},{"from":[2,4,3.25],"to":[3,6.1,12.75],"rotation":{"angle":0,"axis":"y","origin":[7.5,0,7.5]},"faces":{"east":{"uv":[9,6,12.16667,6.66667],"texture":"#0"},"south":{"uv":[9,7.33333,9.33333,8],"texture":"#0"},"west":{"uv":[9,6,12.16667,6.66667],"texture":"#0"},"up":{"uv":[5,12.83333,4.66667,9.66667],"texture":"#0"},"down":{"uv":[5.33333,9.66667,5,12.83333],"texture":"#0"}}},{"from":[1.75,0,1.75],"to":[3.25,9,3.25],"rotation":{"angle":0,"axis":"y","origin":[7.5,0,7.5]},"faces":{"north":{"uv":[0.66667,9.33333,1.16667,12.33333],"texture":"#0"},"east":{"uv":[1.16667,9.33333,0.66667,12.33333],"texture":"#0"},"south":{"uv":[0.66667,9.33333,1.16667,12.33333],"texture":"#0"},"west":{"uv":[1.16667,9.33333,0.66667,12.33333],"texture":"#0"},"down":{"uv":[9.5,6.66667,9,7.16667],"texture":"#0"}}},{"from":[1.75,0,12.75],"to":[3.25,9,14.25],"rotation":{"angle":0,"axis":"y","origin":[7.5,0,8.5]},"faces":{"north":{"uv":[1.16667,9.33333,0.66667,12.33333],"texture":"#0"},"east":{"uv":[0.66667,9.33333,1.16667,12.33333],"texture":"#0"},"south":{"uv":[1.16667,9.33333,0.66667,12.33333],"texture":"#0"},"west":{"uv":[0.66667,9.33333,1.16667,12.33333],"texture":"#0"},"down":{"uv":[9.5,7.16667,9,6.66667],"texture":"#0"}}},{"from":[1.5,9,1.5],"to":[14.5,10.25,14.5],"rotation":{"angle":0,"axis":"y","origin":[7.5,0,8.5]},"faces":{"north":{"uv":[9,4,13.33333,4.5],"texture":"#0"},"east":{"uv":[9,4,13.33333,4.5],"texture":"#0"},"south":{"uv":[9,4,13.33333,4.5],"texture":"#0"},"west":{"uv":[9,4,13.33333,4.5],"texture":"#0"},"down":{"uv":[9,0,4.66667,4.33333],"texture":"#0"}}},{"from":[1.25,10.25,1.25],"to":[14.75,12.25,14.75],"rotation":{"angle":0,"axis":"y","origin":[7.5,-1.75,8.5]},"faces":{"north":{"uv":[9,0.66667,13.5,1.33333],"texture":"#0"},"east":{"uv":[9,1.33333,13.5,2],"texture":"#0"},"south":{"uv":[9,0.66667,13.5,1.33333],"texture":"#0"},"west":{"uv":[9,1.33333,13.5,2],"texture":"#0"},"up":{"uv":[4.5,4.5,0,0],"texture":"#0"},"down":{"uv":[4.5,4.66667,0,9.16667],"texture":"#0"}}},{"from":[1.75,12.25,13.4],"to":[3.75,20.75,14.4],"rotation":{"angle":0,"axis":"y","origin":[2.5,13.75,1.75]},"faces":{"north":{"uv":[0.66667,9.33333,0,12.16667],"texture":"#0"},"east":{"uv":[5.66667,9.66667,6,12.5],"texture":"#0"},"south":{"uv":[9.66667,9,9,11.83333],"texture":"#0"},"west":{"uv":[6,9.66667,5.66667,12.5],"texture":"#0"}}},{"from":[3.75,17.25,13.65],"to":[7.75,20.75,13.65],"rotation":{"angle":0,"axis":"y","origin":[2.5,13.75,1.75]},"faces":{"north":{"uv":[10.25,0,16,6.25],"texture":"#1"},"south":{"uv":[16,0,10.25,6.25],"texture":"#1"}}},{"from":[2.75,5.5,8.75],"to":[2.75,9,12.75],"rotation":{"angle":0,"axis":"y","origin":[5.75,19,13.65]},"faces":{"east":{"uv":[16,0,10.25,6.25],"texture":"#1"},"west":{"uv":[10.25,0,16,6.25],"texture":"#1"}}},{"from":[13.25,5.5,8.75],"to":[13.25,9,12.75],"rotation":{"angle":0,"axis":"y","origin":[10.25,19,13.65]},"faces":{"east":{"uv":[16,10.75,9.5,16],"texture":"#1"},"west":{"uv":[9.5,10.75,16,16],"texture":"#1"}}},{"from":[9.25,17.25,13.65],"to":[12.25,20.75,13.65],"rotation":{"angle":0,"axis":"y","origin":[13.5,13.75,1.75]},"faces":{"north":{"uv":[16,16,9.5,11],"texture":"#1"},"south":{"uv":[9.5,16,16,11],"texture":"#1"}}},{"from":[12.25,12.25,13.4],"to":[14.25,20.75,14.4],"rotation":{"angle":0,"axis":"y","origin":[13.5,13.75,1.75]},"faces":{"north":{"uv":[0,9.33333,0.66667,12.16667],"texture":"#0"},"east":{"uv":[5.66667,9.66667,6,12.5],"texture":"#0"},"south":{"uv":[9,9,9.66667,11.83333],"texture":"#0"},"west":{"uv":[6,9.66667,5.66667,12.5],"texture":"#0"}}},{"from":[1.5,20.75,13],"to":[14.5,26.75,14.75],"rotation":{"angle":0,"axis":"y","origin":[2.5,15,14.25]},"faces":{"north":{"uv":[4.66667,4.33333,9,6.33333],"texture":"#0"},"east":{"uv":[3.33333,9.33333,4,11.33333],"texture":"#0"},"south":{"uv":[4.66667,4.33333,9,6.33333],"texture":"#0"},"west":{"uv":[4,9.33333,4.66667,11.33333],"texture":"#0"},"up":{"uv":[13.33333,2.66667,9,2],"texture":"#0"},"down":{"uv":[13.33333,2.66667,9,3.33333],"texture":"#0"}}}],"gui_light":"front","display":{"thirdperson_righthand":{"rotation":[62,179,0],"translation":[0,1.5,1.75],"scale":[0.52,0.52,0.52]},"thirdperson_lefthand":{"rotation":[62,179,0],"translation":[0,1.5,1.75],"scale":[0.52,0.52,0.52]},"firstperson_righthand":{"rotation":[-13,130,0],"translation":[0,0.5,0],"scale":[0.43,0.43,0.43]},"firstperson_lefthand":{"rotation":[-13,130,0],"translation":[0,0.5,0],"scale":[0.43,0.43,0.43]},"ground":{"translation":[0,2.75,0],"scale":[0.56,0.56,0.56]},"gui":{"rotation":[20,139,0],"translation":[0,-2,0],"scale":[0.37,0.37,0.37]},"head":{"rotation":[0,180,0],"translation":[0,-32.5,0],"scale":[1.34,1.34,1.34]},"fixed":{"rotation":[-90,0,0],"translation":[0,0,-15.75],"scale":[2.13,2.13,2.13]}}}