{"credit":"MadewithBlockbench","ambientocclusion":false,"textures":{"0":"elitecreatures:halloween_furniture_v1/halloween_spider_web","1":"elitecreatures:halloween_furniture_v1/halloween_rocking_chair","particle":"elitecreatures:halloween_furniture_v1/halloween_spider_web"},"elements":[{"from":[2.525,8.77413,8.12458],"to":[2.525,11.77413,13.47458],"rotation":{"angle":0,"axis":"y","origin":[13,12.39913,8.49958]},"faces":{"north":{"uv":[0,0,0,0],"texture":"#0"},"east":{"uv":[9.5,11,16,16],"texture":"#0"},"south":{"uv":[0,0,0,0],"texture":"#0"},"west":{"uv":[16,11,9.5,16],"texture":"#0"},"up":{"uv":[0,0,0,0],"texture":"#0"},"down":{"uv":[0,0,0,0],"texture":"#0"}}},{"from":[2.525,8.77413,2.02542],"to":[2.525,11.77413,7.37542],"rotation":{"angle":-22.5,"axis":"x","origin":[2.525,10.27413,4.70042]},"faces":{"north":{"uv":[0,0,0,0],"texture":"#0"},"east":{"uv":[16,11,9.5,16],"texture":"#0"},"south":{"uv":[0,0,0,0],"texture":"#0"},"west":{"uv":[9.5,11,16,16],"texture":"#0"},"up":{"uv":[0,0,0,0],"texture":"#0"},"down":{"uv":[0,0,0,0],"texture":"#0"}}},{"from":[2.525,2.55087,13.20042],"to":[2.525,7.90087,16.20042],"rotation":{"angle":-45,"axis":"x","origin":[2.525,5.22587,14.70042]},"faces":{"north":{"uv":[0,0,0,0],"texture":"#0"},"east":{"uv":[9.5,11,16,16],"rotation":270,"texture":"#0"},"south":{"uv":[0,0,0,0],"rotation":180,"texture":"#0"},"west":{"uv":[16,11,9.5,16],"rotation":90,"texture":"#0"},"up":{"uv":[0,0,0,0],"rotation":180,"texture":"#0"},"down":{"uv":[0,0,0,0],"texture":"#0"}}},{"from":[13.475,2.55087,1.54958],"to":[13.475,7.15087,4.54958],"rotation":{"angle":45,"axis":"x","origin":[13.475,5.22587,3.04958]},"faces":{"north":{"uv":[0,0,0,0],"rotation":180,"texture":"#0"},"east":{"uv":[16,6.25,10.5,0],"rotation":90,"texture":"#0"},"south":{"uv":[0,0,0,0],"texture":"#0"},"west":{"uv":[10.5,6.25,16,0],"rotation":270,"texture":"#0"},"up":{"uv":[0,0,0,0],"rotation":180,"texture":"#0"},"down":{"uv":[0,0,0,0],"texture":"#0"}}},{"from":[13.475,8.52413,8.12458],"to":[13.475,11.77413,13.47458],"rotation":{"angle":0,"axis":"y","origin":[13.475,10.14913,10.79958]},"faces":{"north":{"uv":[0,0,0,0],"texture":"#0"},"east":{"uv":[16,0,10.5,6.25],"texture":"#0"},"south":{"uv":[0,0,0,0],"texture":"#0"},"west":{"uv":[10.5,0,16,6.25],"texture":"#0"},"up":{"uv":[0,0,0,0],"texture":"#0"},"down":{"uv":[0,0,0,0],"texture":"#0"}}},{"from":[3.025,2.55087,12.20042],"to":[6.525,7.90087,12.20042],"rotation":{"angle":-22.5,"axis":"x","origin":[4.525,5.22587,12.20042]},"faces":{"north":{"uv":[9.5,11,16,16],"rotation":270,"texture":"#0"},"east":{"uv":[0,0,0,0],"rotation":180,"texture":"#0"},"south":{"uv":[16,11,9.5,16],"rotation":90,"texture":"#0"},"west":{"uv":[0,0,0,0],"texture":"#0"},"up":{"uv":[0,0,0,0],"rotation":90,"texture":"#0"},"down":{"uv":[0,0,0,0],"rotation":90,"texture":"#0"}}},{"from":[1.75,0,4.5],"to":[3.5,1.75,11.5],"rotation":{"angle":0,"axis":"y","origin":[9.5,0,7.5]},"faces":{"north":{"uv":[11,7.33333,11.66667,8],"texture":"#1"},"east":{"uv":[11.66667,4.66667,9.33333,5.33333],"texture":"#1"},"south":{"uv":[11,9,11.66667,9.66667],"texture":"#1"},"west":{"uv":[9.33333,4.66667,11.66667,5.33333],"texture":"#1"},"up":{"uv":[3,11.66667,2.33333,9.33333],"texture":"#1"},"down":{"uv":[10,5.33333,9.33333,7.66667],"texture":"#1"}}},{"from":[1.775,1.65547,10.82261],"to":[3.475,3.40547,15.82261],"rotation":{"angle":-22.5,"axis":"x","origin":[2.625,2.53047,15.32261]},"faces":{"north":{"uv":[0,0,0.56667,0.58333],"texture":"#1"},"east":{"uv":[2.33333,10,0.66667,10.66667],"texture":"#1"},"south":{"uv":[11,9.66667,11.5,10.33333],"texture":"#1"},"west":{"uv":[0.66667,10,2.33333,10.66667],"texture":"#1"},"up":{"uv":[1.16667,12.33333,0.66667,10.66667],"texture":"#1"},"down":{"uv":[1.83333,10.66667,1.33333,12.33333],"texture":"#1"}}},{"from":[1.775,1.65547,2.17739],"to":[3.475,3.40547,5.17739],"rotation":{"angle":22.5,"axis":"x","origin":[2.625,2.53047,0.67739]},"faces":{"north":{"uv":[10.33333,11,10.83333,11.66667],"texture":"#1"},"east":{"uv":[12,0,11,0.66667],"texture":"#1"},"south":{"uv":[0,0,0.56667,0.58333],"texture":"#1"},"west":{"uv":[11,0,12,0.66667],"texture":"#1"},"up":{"uv":[11.5,1.66667,11,0.66667],"texture":"#1"},"down":{"uv":[6.83333,11,6.33333,12],"texture":"#1"}}},{"from":[2.1,3.42413,5.37458],"to":[3.15,4.92413,11.97458],"rotation":{"angle":0,"axis":"y","origin":[2.625,4.29913,8.24958]},"faces":{"north":{"uv":[0,0,0.35,0.5],"rotation":180,"texture":"#1"},"east":{"uv":[10,6,12.16667,6.5],"texture":"#1"},"south":{"uv":[0,0,0.35,0.5],"texture":"#1"},"west":{"uv":[10,6,12.16667,6.5],"texture":"#1"},"up":{"uv":[4.33333,10.83333,4,8.66667],"texture":"#1"},"down":{"uv":[3.33333,9.33333,3,11.5],"texture":"#1"}}},{"from":[1.475,7.02413,2.62458],"to":[14.525,8.77413,14.22458],"rotation":{"angle":0,"axis":"y","origin":[3,7.89913,8.49958]},"faces":{"north":{"uv":[0,8,4.33333,8.66667],"texture":"#1"},"east":{"uv":[8,3.33333,11.83333,4],"texture":"#1"},"south":{"uv":[8,2.66667,12.33333,3.33333],"texture":"#1"},"west":{"uv":[8,4,11.83333,4.66667],"texture":"#1"},"up":{"uv":[4.33333,3.83333,0,0],"texture":"#1"},"down":{"uv":[4.33333,0,0,3.83333],"texture":"#1"}}},{"from":[1.775,11.52413,4.62458],"to":[3.525,13.27413,14.22458],"rotation":{"angle":0,"axis":"y","origin":[13,12.39913,8.49958]},"faces":{"north":{"uv":[9.66667,11,10.33333,11.66667],"texture":"#1"},"east":{"uv":[0,8.66667,3.16667,9.33333],"texture":"#1"},"south":{"uv":[0,0,0,0],"texture":"#1"},"west":{"uv":[0,8.66667,3.16667,9.33333],"texture":"#1"},"up":{"uv":[4,11.83333,3.33333,8.66667],"texture":"#1"},"down":{"uv":[9.33333,4.66667,8.66667,7.83333],"texture":"#1"}}},{"from":[3.45,18.46871,14.75322],"to":[12.55,21.71871,15.85322],"rotation":{"angle":22.5,"axis":"x","origin":[8.125,13.71871,15.30322]},"faces":{"north":{"uv":[7.33333,1.33333,10.33333,2.5],"texture":"#1"},"east":{"uv":[0,0,0,0],"rotation":270,"texture":"#1"},"south":{"uv":[7.33333,1.33333,10.33333,2.5],"texture":"#1"},"west":{"uv":[0,0,0,0],"rotation":90,"texture":"#1"},"up":{"uv":[13,7,10,6.66667],"texture":"#1"},"down":{"uv":[13,7,10,7.33333],"texture":"#1"}}},{"from":[3.6,8.08065,15.59456],"to":[12.4,18.43065,15.59456],"rotation":{"angle":22.5,"axis":"x","origin":[7.875,14.18065,15.49456]},"faces":{"north":{"uv":[4.33333,3.66667,7.33333,7.16667],"texture":"#1"},"east":{"uv":[0,0,0,0],"rotation":90,"texture":"#1"},"south":{"uv":[4.33333,3.66667,7.33333,7.16667],"texture":"#1"},"west":{"uv":[0,0,0,0],"rotation":270,"texture":"#1"},"up":{"uv":[0,0,0,0],"rotation":180,"texture":"#1"},"down":{"uv":[0,0,0,0],"texture":"#1"}}},{"from":[5.075,8.08065,15.14456],"to":[7.175,18.43065,15.84456],"rotation":{"angle":22.5,"axis":"x","origin":[8,14.18065,15.49456]},"faces":{"north":{"uv":[8.66667,4.66667,8,8.16667],"texture":"#1"},"east":{"uv":[2,10.66667,2.16667,14.16667],"texture":"#1"},"south":{"uv":[8,4.66667,8.66667,8.16667],"texture":"#1"},"west":{"uv":[4,11,4.16667,14.5],"texture":"#1"},"up":{"uv":[0,0,0,0],"rotation":180,"texture":"#1"},"down":{"uv":[0,0,0,0],"texture":"#1"}}},{"from":[8.825,8.08065,15.14456],"to":[10.925,18.43065,15.84456],"rotation":{"angle":22.5,"axis":"x","origin":[8,14.18065,15.49456]},"faces":{"north":{"uv":[8,4.66667,8.66667,8.16667],"texture":"#1"},"east":{"uv":[4.16667,11,4,14.5],"texture":"#1"},"south":{"uv":[8.66667,4.66667,8,8.16667],"texture":"#1"},"west":{"uv":[2.16667,10.66667,2,14.16667],"texture":"#1"},"up":{"uv":[0,0,0,0],"rotation":180,"texture":"#1"},"down":{"uv":[0,0,0,0],"texture":"#1"}}},{"from":[1.575,7.96871,14.50322],"to":[3.675,23.46871,16.10322],"rotation":{"angle":22.5,"axis":"x","origin":[8,13.71871,15.30322]},"faces":{"north":{"uv":[7.33333,2.66667,8,7.83333],"texture":"#1"},"east":{"uv":[5.66667,7.33333,5.16667,12.5],"texture":"#1"},"south":{"uv":[4.33333,7.33333,5,12.5],"texture":"#1"},"west":{"uv":[5.66667,7.33333,6.16667,12.5],"texture":"#1"},"up":{"uv":[11.66667,10.83333,11,10.33333],"texture":"#1"},"down":{"uv":[0,0,0,0],"texture":"#1"}}},{"from":[12.325,7.96871,14.50322],"to":[14.425,23.46871,16.10322],"rotation":{"angle":22.5,"axis":"x","origin":[8,13.71871,15.30322]},"faces":{"north":{"uv":[8,2.66667,7.33333,7.83333],"texture":"#1"},"east":{"uv":[6.16667,7.33333,5.66667,12.5],"texture":"#1"},"south":{"uv":[5,7.33333,4.33333,12.5],"texture":"#1"},"west":{"uv":[5.16667,7.33333,5.66667,12.5],"texture":"#1"},"up":{"uv":[11,10.83333,11.66667,10.33333],"texture":"#1"},"down":{"uv":[0,0,0,0],"texture":"#1"}}},{"from":[2,2.50742,12.80097],"to":[3.25,8.00742,14.55097],"rotation":{"angle":-22.5,"axis":"x","origin":[2.625,1.38242,13.30097]},"faces":{"north":{"uv":[10.33333,0,10.83333,1.83333],"texture":"#1"},"east":{"uv":[0.66667,10,0,11.83333],"texture":"#1"},"south":{"uv":[10.33333,9,10.83333,10.83333],"texture":"#1"},"west":{"uv":[0,10,0.66667,11.83333],"texture":"#1"},"up":{"uv":[0,0,0.41667,0.58333],"texture":"#1"},"down":{"uv":[0,0.58333,0.41667,1.16667],"texture":"#1"}}},{"from":[2,2.25742,2.69903],"to":[3.25,12.75742,4.44903],"rotation":{"angle":22.5,"axis":"x","origin":[2.625,1.38242,3.44903]},"faces":{"north":{"uv":[8.33333,9,8.83333,12.5],"texture":"#1"},"east":{"uv":[7.66667,8.33333,8.33333,11.83333],"texture":"#1"},"south":{"uv":[9,9,9.5,12.5],"texture":"#1"},"west":{"uv":[7.66667,8.33333,8.33333,11.83333],"texture":"#1"},"up":{"uv":[0,0,0.41667,0.58333],"texture":"#1"},"down":{"uv":[0,0,0.41667,0.58333],"texture":"#1"}}},{"from":[12.5,0,4.5],"to":[14.25,1.75,11.5],"rotation":{"angle":0,"axis":"y","origin":[6.5,0,7.5]},"faces":{"north":{"uv":[11.66667,7.33333,11,8],"texture":"#1"},"east":{"uv":[11.66667,4.66667,9.33333,5.33333],"texture":"#1"},"south":{"uv":[11.66667,9,11,9.66667],"texture":"#1"},"west":{"uv":[9.33333,4.66667,11.66667,5.33333],"texture":"#1"},"up":{"uv":[2.33333,11.66667,3,9.33333],"texture":"#1"},"down":{"uv":[9.33333,5.33333,10,7.66667],"texture":"#1"}}},{"from":[12.525,1.65547,10.82261],"to":[14.225,3.40547,15.82261],"rotation":{"angle":-22.5,"axis":"x","origin":[13.375,2.53047,15.32261]},"faces":{"north":{"uv":[0.56667,0,0,0.58333],"texture":"#1"},"east":{"uv":[2.33333,10,0.66667,10.66667],"texture":"#1"},"south":{"uv":[11.5,9.66667,11,10.33333],"texture":"#1"},"west":{"uv":[0.66667,10,2.33333,10.66667],"texture":"#1"},"up":{"uv":[0.66667,12.33333,1.16667,10.66667],"texture":"#1"},"down":{"uv":[1.33333,10.66667,1.83333,12.33333],"texture":"#1"}}},{"from":[12.525,1.65547,2.17739],"to":[14.225,3.40547,5.17739],"rotation":{"angle":22.5,"axis":"x","origin":[13.375,2.53047,0.67739]},"faces":{"north":{"uv":[10.83333,11,10.33333,11.66667],"texture":"#1"},"east":{"uv":[12,0,11,0.66667],"texture":"#1"},"south":{"uv":[0.56667,0,0,0.58333],"texture":"#1"},"west":{"uv":[11,0,12,0.66667],"texture":"#1"},"up":{"uv":[11,1.66667,11.5,0.66667],"texture":"#1"},"down":{"uv":[6.33333,11,6.83333,12],"texture":"#1"}}},{"from":[12.75,2.50742,12.80097],"to":[14,8.00742,14.55097],"rotation":{"angle":-22.5,"axis":"x","origin":[13.375,1.38242,13.30097]},"faces":{"north":{"uv":[10.83333,0,10.33333,1.83333],"texture":"#1"},"east":{"uv":[0.66667,10,0,11.83333],"texture":"#1"},"south":{"uv":[10.83333,9,10.33333,10.83333],"texture":"#1"},"west":{"uv":[0,10,0.66667,11.83333],"texture":"#1"},"up":{"uv":[0.41667,0,0,0.58333],"texture":"#1"},"down":{"uv":[0.41667,0.58333,0,1.16667],"texture":"#1"}}},{"from":[12.85,3.42413,5.37458],"to":[13.9,4.92413,11.97458],"rotation":{"angle":0,"axis":"y","origin":[13.375,4.29913,8.24958]},"faces":{"north":{"uv":[0.35,0,0,0.5],"rotation":180,"texture":"#1"},"east":{"uv":[12.16667,6,10,6.5],"texture":"#1"},"south":{"uv":[0.35,0,0,0.5],"texture":"#1"},"west":{"uv":[12.16667,6,10,6.5],"texture":"#1"},"up":{"uv":[4,10.83333,4.33333,8.66667],"texture":"#1"},"down":{"uv":[3,9.33333,3.33333,11.5],"texture":"#1"}}},{"from":[12.75,2.25742,2.69903],"to":[14,12.75742,4.44903],"rotation":{"angle":22.5,"axis":"x","origin":[13.375,1.38242,3.44903]},"faces":{"north":{"uv":[8.83333,9,8.33333,12.5],"texture":"#1"},"east":{"uv":[8.33333,8.33333,7.66667,11.83333],"texture":"#1"},"south":{"uv":[9.5,9,9,12.5],"texture":"#1"},"west":{"uv":[8.33333,8.33333,7.66667,11.83333],"texture":"#1"},"up":{"uv":[0.41667,0,0,0.58333],"texture":"#1"},"down":{"uv":[0.41667,0,0,0.58333],"texture":"#1"}}},{"from":[12.475,11.52413,4.62458],"to":[14.225,13.27413,14.22458],"rotation":{"angle":0,"axis":"y","origin":[3,12.39913,8.49958]},"faces":{"north":{"uv":[10.33333,11,9.66667,11.66667],"texture":"#1"},"east":{"uv":[3.16667,8.66667,0,9.33333],"texture":"#1"},"south":{"uv":[0,0,0,0],"texture":"#1"},"west":{"uv":[3.16667,8.66667,0,9.33333],"texture":"#1"},"up":{"uv":[3.33333,11.83333,4,8.66667],"texture":"#1"},"down":{"uv":[8.66667,4.66667,9.33333,7.83333],"texture":"#1"}}}],"gui_light":"front","display":{"thirdperson_righthand":{"scale":[0.33,0.33,0.33]},"thirdperson_lefthand":{"scale":[0.33,0.33,0.33]},"ground":{"translation":[0,2,0],"scale":[0.5,0.5,0.5]},"gui":{"rotation":[30,225,0],"translation":[0.75,-1.5,0],"scale":[0.4,0.4,0.4]},"head":{"rotation":[0,180,0],"translation":[0,-27,0],"scale":[2,2,2]}}}