{"textures":{"0":"modelengine:entity/healing"},"elements":[{"name":"cube","from":[-6.1942854,-3.605713,8.0],"to":[22.194284,32.0,8.0],"rotation":{"angle":0.0,"axis":"x","origin":[8.0,7.880001,8.0]},"faces":{"down":{"uv":[11.75,7.75,6.0,7.875],"rotation":0,"texture":"#0","tintindex":0},"east":{"uv":[0.0,7.75,0.125,15.5],"rotation":0,"texture":"#0","tintindex":0},"north":{"uv":[0.0,0.0,5.75,7.75],"rotation":0,"texture":"#0","tintindex":0},"south":{"uv":[5.75,0.0,0.0,7.75],"rotation":0,"texture":"#0","tintindex":0},"up":{"uv":[6.0,7.875,0.25,7.75],"rotation":0,"texture":"#0","tintindex":0},"west":{"uv":[0.125,7.75,0.25,15.5],"rotation":0,"texture":"#0","tintindex":0}}}],"display":{"head":{"translation":[0.0,-5.952004,0.0],"rotation":[0.0,0.0,0.0],"scale":[3.7333333,3.7333333,3.7333333]}}}