{"textures":{"0":"modelengine:entity/deer_spirit"},"elements":[{"name":"cube","from":[3.0274997,3.3650007,-7.66],"to":[12.972501,15.299001,6.6139994],"rotation":{"angle":0.0,"axis":"x","origin":[8.0585,9.8,-10.000001]},"faces":{"down":{"uv":[3.9375,2.5,2.875,4.0],"rotation":0,"texture":"#0","tintindex":0},"east":{"uv":[1.8125,0.0,3.3125,1.25],"rotation":0,"texture":"#0","tintindex":0},"north":{"uv":[2.6875,4.0,3.75,5.25],"rotation":0,"texture":"#0","tintindex":0},"south":{"uv":[4.3125,0.0,5.375,1.25],"rotation":0,"texture":"#0","tintindex":0},"up":{"uv":[2.875,4.0,1.8125,2.5],"rotation":0,"texture":"#0","tintindex":0},"west":{"uv":[1.8125,1.25,3.3125,2.5],"rotation":0,"texture":"#0","tintindex":0}}},{"name":"cube","from":[4.5275,1.1150007,-3.310001],"to":[11.472501,16.709,13.814],"rotation":{"angle":0.0,"axis":"x","origin":[8.2085,9.8,-10.000001]},"faces":{"down":{"uv":[4.6875,1.4375,3.9375,3.25],"rotation":0,"texture":"#0","tintindex":0},"east":{"uv":[0.0,0.0,1.8125,1.625],"rotation":0,"texture":"#0","tintindex":0},"north":{"uv":[0.0,4.6875,0.75,6.3125],"rotation":0,"texture":"#0","tintindex":0},"south":{"uv":[4.6875,1.25,5.4375,2.875],"rotation":0,"texture":"#0","tintindex":0},"up":{"uv":[1.75,5.0625,1.0,3.25],"rotation":0,"texture":"#0","tintindex":0},"west":{"uv":[0.0,1.625,1.8125,3.25],"rotation":0,"texture":"#0","tintindex":0}}},{"name":"cube","from":[3.9634998,3.2480009,-9.883001],"to":[12.0365,12.491,-0.28900075],"rotation":{"angle":22.5,"axis":"x","origin":[8.0585,9.8,-10.000001]},"faces":{"down":{"uv":[7.625,4.375,6.8125,5.375],"rotation":0,"texture":"#0","tintindex":0},"east":{"uv":[5.4375,1.5625,6.4375,2.5],"rotation":0,"texture":"#0","tintindex":0},"north":{"uv":[6.9375,0.0,7.75,0.9375],"rotation":0,"texture":"#0","tintindex":0},"south":{"uv":[1.0,7.0,1.8125,7.9375],"rotation":0,"texture":"#0","tintindex":0},"up":{"uv":[7.375,4.375,6.5625,3.375],"rotation":0,"texture":"#0","tintindex":0},"west":{"uv":[5.5625,2.5,6.5625,3.4375],"rotation":0,"texture":"#0","tintindex":0}}}],"display":{"head":{"translation":[0.0,-6.4,0.0],"rotation":[0.0,0.0,0.0],"scale":[3.8095,3.8095,3.8095]}}}