{"textures":{"0":"modelengine:entity/deer_spirit"},"elements":[{"name":"cube","from":[3.1999998,1.3999997,8.0],"to":[12.8,15.2,17.0],"rotation":{"angle":0.0,"axis":"x","origin":[8.6,-19.0,8.0]},"faces":{"down":{"uv":[6.75,4.375,5.75,5.3125],"rotation":0,"texture":"#0","tintindex":0},"east":{"uv":[3.9375,3.25,4.875,4.6875],"rotation":0,"texture":"#0","tintindex":0},"north":{"uv":[0.0,3.25,1.0,4.6875],"rotation":0,"texture":"#0","tintindex":0},"south":{"uv":[3.3125,0.0,4.3125,1.4375],"rotation":0,"texture":"#0","tintindex":0},"up":{"uv":[6.5625,4.375,5.5625,3.4375],"rotation":0,"texture":"#0","tintindex":0},"west":{"uv":[1.75,4.0,2.6875,5.4375],"rotation":0,"texture":"#0","tintindex":0}}},{"name":"cube","from":[3.1999998,1.9999998,17.0],"to":[12.8,13.400001,23.0],"rotation":{"angle":0.0,"axis":"x","origin":[8.6,-19.0,8.0]},"faces":{"down":{"uv":[9.0625,3.125,8.0625,3.75],"rotation":0,"texture":"#0","tintindex":0},"east":{"uv":[1.8125,7.0,2.4375,8.1875],"rotation":0,"texture":"#0","tintindex":0},"north":{"uv":[3.75,4.6875,4.75,5.875],"rotation":0,"texture":"#0","tintindex":0},"south":{"uv":[4.75,4.6875,5.75,5.875],"rotation":0,"texture":"#0","tintindex":0},"up":{"uv":[9.0625,3.125,8.0625,2.5],"rotation":0,"texture":"#0","tintindex":0},"west":{"uv":[6.0,7.0,6.625,8.1875],"rotation":0,"texture":"#0","tintindex":0}}}],"display":{"head":{"translation":[0.0,-6.4,0.0],"rotation":[0.0,0.0,0.0],"scale":[3.8095,3.8095,3.8095]}}}