{"textures":{"0":"modelengine:entity/deer_spirit"},"elements":[{"name":"cube","from":[7.4,-4.6000004,8.0],"to":[8.0,8.6,8.0],"rotation":{"angle":0.0,"axis":"x","origin":[21.2,-5.8,8.0]},"faces":{"down":{"uv":[0.0,0.0,0.0625,0.0],"rotation":0,"texture":"#0","tintindex":0},"east":{"uv":[0.0,0.0,0.0,1.375],"rotation":0,"texture":"#0","tintindex":0},"north":{"uv":[0.0,0.0,0.0625,1.375],"rotation":0,"texture":"#0","tintindex":0},"south":{"uv":[0.0,0.0,0.0625,1.375],"rotation":0,"texture":"#0","tintindex":0},"up":{"uv":[0.0,0.0,0.0625,0.0],"rotation":0,"texture":"#0","tintindex":0},"west":{"uv":[0.0,0.0,0.0,1.375],"rotation":0,"texture":"#0","tintindex":0}}}],"display":{"head":{"translation":[0.0,-6.4,0.0],"rotation":[0.0,0.0,0.0],"scale":[3.8095,3.8095,3.8095]}}}