{"textures":{"0":"modelengine:entity/deer_spirit"},"elements":[{"name":"cube","from":[6.6499996,-6.4000006,4.3999996],"to":[10.25,10.4,9.2],"rotation":{"angle":0.0,"axis":"x","origin":[8.0,8.0,8.0]},"faces":{"down":{"uv":[2.5625,10.4375,2.1875,10.9375],"rotation":0,"texture":"#0","tintindex":0},"east":{"uv":[3.875,5.875,4.375,7.625],"rotation":0,"texture":"#0","tintindex":0},"north":{"uv":[3.75,7.625,4.125,9.375],"rotation":0,"texture":"#0","tintindex":0},"south":{"uv":[4.125,7.625,4.5,9.375],"rotation":0,"texture":"#0","tintindex":0},"up":{"uv":[10.75,6.9375,10.375,6.4375],"rotation":0,"texture":"#0","tintindex":0},"west":{"uv":[4.375,5.875,4.875,7.625],"rotation":0,"texture":"#0","tintindex":0}}},{"name":"cube","from":[7.4,-0.5500004,6.6499996],"to":[10.25,8.6,11.75],"rotation":{"angle":0.0,"axis":"x","origin":[8.0,8.0,8.0]},"faces":{"down":{"uv":[10.6875,10.4375,10.375,11.0],"rotation":0,"texture":"#0","tintindex":0},"east":{"uv":[8.25,7.125,8.8125,8.0625],"rotation":0,"texture":"#0","tintindex":0},"north":{"uv":[7.75,0.0,8.0625,0.9375],"rotation":0,"texture":"#0","tintindex":0},"south":{"uv":[4.9375,9.375,5.25,10.3125],"rotation":0,"texture":"#0","tintindex":0},"up":{"uv":[10.375,11.0,10.0625,10.4375],"rotation":0,"texture":"#0","tintindex":0},"west":{"uv":[8.4375,8.0625,9.0,9.0],"rotation":0,"texture":"#0","tintindex":0}}},{"name":"cube","from":[5.45,0.49999976,0.049999714],"to":[10.25,10.55,5.3],"rotation":{"angle":-22.5,"axis":"x","origin":[8.0,8.0,8.0]},"faces":{"down":{"uv":[10.3125,0.5,9.8125,1.0625],"rotation":0,"texture":"#0","tintindex":0},"east":{"uv":[3.3125,1.4375,3.875,2.5],"rotation":0,"texture":"#0","tintindex":0},"north":{"uv":[5.8125,8.1875,6.3125,9.25],"rotation":0,"texture":"#0","tintindex":0},"south":{"uv":[8.25,5.0,8.75,6.0625],"rotation":0,"texture":"#0","tintindex":0},"up":{"uv":[9.0625,2.4375,8.5625,1.875],"rotation":0,"texture":"#0","tintindex":0},"west":{"uv":[2.4375,8.0625,3.0,9.125],"rotation":0,"texture":"#0","tintindex":0}}}],"display":{"head":{"translation":[0.0,-6.4,0.0],"rotation":[0.0,0.0,0.0],"scale":[3.8095,3.8095,3.8095]}}}