{"textures":{"0":"modelengine:entity/deer_spirit"},"elements":[{"name":"cube","from":[7.1,5.0,6.2],"to":[9.8,9.8,9.950001],"rotation":{"angle":0.0,"axis":"x","origin":[8.0,21.8,10.4]},"faces":{"down":{"uv":[2.0,11.0625,1.6875,11.4375],"rotation":0,"texture":"#0","tintindex":0},"east":{"uv":[5.875,10.375,6.25,10.875],"rotation":0,"texture":"#0","tintindex":0},"north":{"uv":[4.0625,10.875,4.375,11.375],"rotation":0,"texture":"#0","tintindex":0},"south":{"uv":[4.375,10.875,4.6875,11.375],"rotation":0,"texture":"#0","tintindex":0},"up":{"uv":[11.375,1.5625,11.0625,1.1875],"rotation":0,"texture":"#0","tintindex":0},"west":{"uv":[6.25,10.375,6.625,10.875],"rotation":0,"texture":"#0","tintindex":0}}},{"name":"cube","from":[6.8,2.1499996,7.7],"to":[10.1,8.0,11.900001],"rotation":{"angle":0.0,"axis":"x","origin":[8.0,21.8,10.4]},"faces":{"down":{"uv":[11.0625,10.125,10.6875,10.5625],"rotation":0,"texture":"#0","tintindex":0},"east":{"uv":[9.8125,9.25,10.25,9.875],"rotation":0,"texture":"#0","tintindex":0},"north":{"uv":[8.8125,9.9375,9.1875,10.5625],"rotation":0,"texture":"#0","tintindex":0},"south":{"uv":[10.0,6.4375,10.375,7.0625],"rotation":0,"texture":"#0","tintindex":0},"up":{"uv":[7.375,11.125,7.0,10.6875],"rotation":0,"texture":"#0","tintindex":0},"west":{"uv":[0.0,9.875,0.4375,10.5],"rotation":0,"texture":"#0","tintindex":0}}},{"name":"cube","from":[7.25,-3.8500004,7.7],"to":[9.950001,2.1499996,10.25],"rotation":{"angle":0.0,"axis":"x","origin":[8.0,21.8,10.4]},"faces":{"down":{"uv":[11.75,9.75,11.4375,10.0],"rotation":0,"texture":"#0","tintindex":0},"east":{"uv":[5.5,10.875,5.75,11.5],"rotation":0,"texture":"#0","tintindex":0},"north":{"uv":[7.375,10.1875,7.6875,10.8125],"rotation":0,"texture":"#0","tintindex":0},"south":{"uv":[4.125,10.25,4.4375,10.875],"rotation":0,"texture":"#0","tintindex":0},"up":{"uv":[11.75,8.1875,11.4375,7.9375],"rotation":0,"texture":"#0","tintindex":0},"west":{"uv":[5.75,10.875,6.0,11.5],"rotation":0,"texture":"#0","tintindex":0}}}],"display":{"head":{"translation":[0.0,-6.4,0.0],"rotation":[0.0,0.0,0.0],"scale":[3.8095,3.8095,3.8095]}}}