{"textures":{"0":"modelengine:entity/deer_spirit"},"elements":[{"name":"cube","from":[6.2,5.0,6.8],"to":[8.9,9.8,10.55],"rotation":{"angle":0.0,"axis":"x","origin":[8.0,20.0,11.0]},"faces":{"down":{"uv":[0.3125,11.0625,0.0,11.4375],"rotation":0,"texture":"#0","tintindex":0},"east":{"uv":[1.375,10.375,1.75,10.875],"rotation":0,"texture":"#0","tintindex":0},"north":{"uv":[9.3125,10.8125,9.625,11.3125],"rotation":0,"texture":"#0","tintindex":0},"south":{"uv":[0.3125,10.875,0.625,11.375],"rotation":0,"texture":"#0","tintindex":0},"up":{"uv":[11.0625,11.375,10.75,11.0],"rotation":0,"texture":"#0","tintindex":0},"west":{"uv":[3.625,10.375,4.0,10.875],"rotation":0,"texture":"#0","tintindex":0}}},{"name":"cube","from":[5.8999996,0.34999967,8.3],"to":[9.2,8.6,12.5],"rotation":{"angle":0.0,"axis":"x","origin":[8.0,20.0,11.0]},"faces":{"down":{"uv":[5.5,10.6875,5.125,11.125],"rotation":0,"texture":"#0","tintindex":0},"east":{"uv":[9.1875,5.125,9.625,6.0],"rotation":0,"texture":"#0","tintindex":0},"north":{"uv":[7.0,9.375,7.375,10.25],"rotation":0,"texture":"#0","tintindex":0},"south":{"uv":[9.4375,8.9375,9.8125,9.8125],"rotation":0,"texture":"#0","tintindex":0},"up":{"uv":[11.0625,4.125,10.6875,3.6875],"rotation":0,"texture":"#0","tintindex":0},"west":{"uv":[5.25,9.1875,5.6875,10.0625],"rotation":0,"texture":"#0","tintindex":0}}},{"name":"cube","from":[6.05,-5.6500006,8.3],"to":[8.75,0.34999967,10.85],"rotation":{"angle":0.0,"axis":"x","origin":[8.0,20.0,11.0]},"faces":{"down":{"uv":[8.1875,11.4375,7.875,11.6875],"rotation":0,"texture":"#0","tintindex":0},"east":{"uv":[1.1875,10.875,1.4375,11.5],"rotation":0,"texture":"#0","tintindex":0},"north":{"uv":[10.1875,1.625,10.5,2.25],"rotation":0,"texture":"#0","tintindex":0},"south":{"uv":[10.1875,2.25,10.5,2.875],"rotation":0,"texture":"#0","tintindex":0},"up":{"uv":[11.75,7.1875,11.4375,6.9375],"rotation":0,"texture":"#0","tintindex":0},"west":{"uv":[1.4375,10.875,1.6875,11.5],"rotation":0,"texture":"#0","tintindex":0}}}],"display":{"head":{"translation":[0.0,-6.4,0.0],"rotation":[0.0,0.0,0.0],"scale":[3.8095,3.8095,3.8095]}}}