{"textures":{"0":"modelengine:entity/deer_spirit"},"elements":[{"name":"cube","from":[5.75,-6.4000006,4.3999996],"to":[9.35,10.4,9.2],"rotation":{"angle":0.0,"axis":"x","origin":[8.0,8.0,8.0]},"faces":{"down":{"uv":[8.8125,10.4375,8.4375,10.9375],"rotation":0,"texture":"#0","tintindex":0},"east":{"uv":[4.875,5.875,5.375,7.625],"rotation":0,"texture":"#0","tintindex":0},"north":{"uv":[4.5,7.625,4.875,9.375],"rotation":0,"texture":"#0","tintindex":0},"south":{"uv":[4.875,7.625,5.25,9.375],"rotation":0,"texture":"#0","tintindex":0},"up":{"uv":[8.4375,10.9375,8.0625,10.4375],"rotation":0,"texture":"#0","tintindex":0},"west":{"uv":[0.0,6.3125,0.5,8.0625],"rotation":0,"texture":"#0","tintindex":0}}},{"name":"cube","from":[5.75,-0.5500004,6.6499996],"to":[8.6,8.6,11.75],"rotation":{"angle":0.0,"axis":"x","origin":[8.0,8.0,8.0]},"faces":{"down":{"uv":[10.8125,1.5,10.5,2.0625],"rotation":0,"texture":"#0","tintindex":0},"east":{"uv":[8.5625,0.0,9.125,0.9375],"rotation":0,"texture":"#0","tintindex":0},"north":{"uv":[6.625,9.5625,6.9375,10.5],"rotation":0,"texture":"#0","tintindex":0},"south":{"uv":[1.875,9.6875,2.1875,10.625],"rotation":0,"texture":"#0","tintindex":0},"up":{"uv":[0.3125,11.0625,0.0,10.5],"rotation":0,"texture":"#0","tintindex":0},"west":{"uv":[8.5625,0.9375,9.125,1.875],"rotation":0,"texture":"#0","tintindex":0}}},{"name":"cube","from":[5.75,0.49999976,0.049999714],"to":[10.55,10.55,5.3],"rotation":{"angle":-22.5,"axis":"x","origin":[8.0,8.0,8.0]},"faces":{"down":{"uv":[10.3125,5.625,9.8125,6.1875],"rotation":0,"texture":"#0","tintindex":0},"east":{"uv":[7.875,8.0625,8.4375,9.125],"rotation":0,"texture":"#0","tintindex":0},"north":{"uv":[8.25,6.0625,8.75,7.125],"rotation":0,"texture":"#0","tintindex":0},"south":{"uv":[0.5,8.3125,1.0,9.375],"rotation":0,"texture":"#0","tintindex":0},"up":{"uv":[10.3125,1.625,9.8125,1.0625],"rotation":0,"texture":"#0","tintindex":0},"west":{"uv":[5.25,8.125,5.8125,9.1875],"rotation":0,"texture":"#0","tintindex":0}}}],"display":{"head":{"translation":[0.0,-6.4,0.0],"rotation":[0.0,0.0,0.0],"scale":[3.8095,3.8095,3.8095]}}}