{"credit":"MadewithBlockbench","texture_size":[64,64],"textures":{"0":"elitecreatures:wine_decoration_v1/poster","particle":"elitecreatures:wine_decoration_v1/poster"},"elements":[{"name":"poster","from":[-10,-3,8],"to":[21,32,8],"faces":{"north":{"uv":[0,0,7.75,8.75],"texture":"#0"},"east":{"uv":[0,0,0,7.25],"texture":"#0"},"south":{"uv":[16,0,8.25,8.75],"texture":"#0"},"west":{"uv":[0,0,0,7.25],"texture":"#0"},"up":{"uv":[7,0,0,0],"texture":"#0"},"down":{"uv":[7,0,0,0],"texture":"#0"}}}],"gui_light":"front","display":{"thirdperson_righthand":{"rotation":[176.87,59.13,164.1],"translation":[-0.25,-3,-1.5],"scale":[0.16016,0.16016,0.16016]},"thirdperson_lefthand":{"rotation":[176.87,59.13,164.1],"translation":[-0.25,-3,-1.5],"scale":[0.16016,0.16016,0.16016]},"firstperson_righthand":{"rotation":[-180,32,-180],"translation":[-1.5,1.5,0],"scale":[0.2168,0.2168,0.2168]},"firstperson_lefthand":{"rotation":[-180,32,-180],"translation":[-1.5,1.5,0],"scale":[0.2168,0.2168,0.2168]},"ground":{"translation":[0,5.5,0],"scale":[0.33594,0.33594,0.33594]},"gui":{"rotation":[23,145,0],"translation":[-0.75,-2.5,0],"scale":[0.39258,0.39258,0.39258]},"head":{"translation":[1.25,14.5,0],"scale":[0,0,0]},"fixed":{"translation":[0,-14,-0.2],"scale":[2,2,2]}}}