{"credit":"MadewithBlockbench","texture_size":[64,64],"textures":{"0":"elitecreatures:wine_decoration_v1/tray","particle":"elitecreatures:wine_decoration_v1/tray"},"elements":[{"name":"Base","from":[0,0,0],"to":[16,1,16],"faces":{"north":{"uv":[4,0,8,0.25],"texture":"#0"},"east":{"uv":[4,0.25,8,0.5],"texture":"#0"},"south":{"uv":[4,0.5,8,0.75],"texture":"#0"},"west":{"uv":[4,0.75,8,1],"texture":"#0"},"up":{"uv":[4,4,0,0],"texture":"#0"},"down":{"uv":[4,4,0,8],"texture":"#0"}}},{"from":[16,0,1],"to":[17,1,15],"rotation":{"angle":0,"axis":"y","origin":[8,1,17.5]},"faces":{"north":{"uv":[9,3,9.25,3.25],"texture":"#0"},"east":{"uv":[5,2,8.5,2.25],"texture":"#0"},"south":{"uv":[3,9,3.25,9.25],"texture":"#0"},"west":{"uv":[5,2.25,8.5,2.5],"texture":"#0"},"up":{"uv":[8.5,2.75,5,2.5],"rotation":90,"texture":"#0"},"down":{"uv":[8.5,2.75,5,3],"rotation":270,"texture":"#0"}}},{"from":[17,0,2],"to":[18,1,14],"rotation":{"angle":0,"axis":"y","origin":[8,1,17.5]},"faces":{"north":{"uv":[9,3.25,9.25,3.5],"texture":"#0"},"east":{"uv":[5.5,5,8.5,5.25],"texture":"#0"},"south":{"uv":[3.25,9,3.5,9.25],"texture":"#0"},"west":{"uv":[5.5,5.25,8.5,5.5],"texture":"#0"},"up":{"uv":[8.5,5.75,5.5,5.5],"rotation":90,"texture":"#0"},"down":{"uv":[8.5,5.75,5.5,6],"rotation":270,"texture":"#0"}}},{"from":[18,0,4],"to":[19,1,12],"rotation":{"angle":0,"axis":"y","origin":[8,1,17.5]},"faces":{"north":{"uv":[9,3.5,9.25,3.75],"texture":"#0"},"east":{"uv":[7.75,7.75,9.75,8],"texture":"#0"},"south":{"uv":[3.5,9,3.75,9.25],"texture":"#0"},"west":{"uv":[0,8,2,8.25],"texture":"#0"},"up":{"uv":[10,0.25,8,0],"rotation":90,"texture":"#0"},"down":{"uv":[10,0.25,8,0.5],"rotation":270,"texture":"#0"}}},{"from":[18,1,4],"to":[19,2,12],"rotation":{"angle":0,"axis":"y","origin":[8,1,17.5]},"faces":{"north":{"uv":[9,3.75,9.25,4],"texture":"#0"},"east":{"uv":[8,0.5,10,0.75],"texture":"#0"},"south":{"uv":[3.75,9,4,9.25],"texture":"#0"},"west":{"uv":[8,0.75,10,1],"texture":"#0"},"up":{"uv":[10,1.75,8,1.5],"rotation":90,"texture":"#0"},"down":{"uv":[10,1.75,8,2],"rotation":270,"texture":"#0"}}},{"from":[17,1,12],"to":[18,2,14],"rotation":{"angle":0,"axis":"y","origin":[8,1,17.5]},"faces":{"north":{"uv":[4.25,9,4.5,9.25],"texture":"#0"},"east":{"uv":[0.5,8.5,1,8.75],"texture":"#0"},"south":{"uv":[4,9,4.25,9.25],"texture":"#0"},"west":{"uv":[1,8.5,1.5,8.75],"texture":"#0"},"up":{"uv":[2,8.75,1.5,8.5],"rotation":90,"texture":"#0"},"down":{"uv":[2.5,8.5,2,8.75],"rotation":270,"texture":"#0"}}},{"from":[17,1,2],"to":[18,2,4],"rotation":{"angle":0,"axis":"y","origin":[8,1,17.5]},"faces":{"north":{"uv":[9,5,9.25,5.25],"texture":"#0"},"east":{"uv":[8.5,2,9,2.25],"texture":"#0"},"south":{"uv":[5,9,5.25,9.25],"texture":"#0"},"west":{"uv":[8.5,2.25,9,2.5],"texture":"#0"},"up":{"uv":[3,8.75,2.5,8.5],"rotation":90,"texture":"#0"},"down":{"uv":[9,2.5,8.5,2.75],"rotation":270,"texture":"#0"}}},{"from":[16,1,14],"to":[17,2,15],"rotation":{"angle":0,"axis":"y","origin":[8,1,17.5]},"faces":{"north":{"uv":[9,5.75,9.25,6],"texture":"#0"},"east":{"uv":[5.25,9,5.5,9.25],"texture":"#0"},"south":{"uv":[9,5.25,9.25,5.5],"texture":"#0"},"west":{"uv":[9,5.5,9.25,5.75],"texture":"#0"},"up":{"uv":[9.25,6.25,9,6],"rotation":90,"texture":"#0"},"down":{"uv":[6.5,9,6.25,9.25],"rotation":270,"texture":"#0"}}},{"from":[16,1,1],"to":[17,2,2],"rotation":{"angle":0,"axis":"y","origin":[8,1,17.5]},"faces":{"north":{"uv":[6.75,9,7,9.25],"texture":"#0"},"east":{"uv":[9,6.25,9.25,6.5],"texture":"#0"},"south":{"uv":[6.5,9,6.75,9.25],"texture":"#0"},"west":{"uv":[9,6.5,9.25,6.75],"texture":"#0"},"up":{"uv":[9.25,7,9,6.75],"rotation":90,"texture":"#0"},"down":{"uv":[7.25,9,7,9.25],"rotation":270,"texture":"#0"}}},{"from":[1,0,16],"to":[15,1,17],"rotation":{"angle":0,"axis":"y","origin":[8,1,20.5]},"faces":{"north":{"uv":[5,2.25,8.5,2.5],"texture":"#0"},"east":{"uv":[9,3,9.25,3.25],"texture":"#0"},"south":{"uv":[5,2,8.5,2.25],"texture":"#0"},"west":{"uv":[3,9,3.25,9.25],"texture":"#0"},"up":{"uv":[8.5,2.75,5,2.5],"rotation":180,"texture":"#0"},"down":{"uv":[8.5,2.75,5,3],"rotation":180,"texture":"#0"}}},{"from":[2,0,17],"to":[14,1,18],"rotation":{"angle":0,"axis":"y","origin":[8,1,20.5]},"faces":{"north":{"uv":[5.5,5.25,8.5,5.5],"texture":"#0"},"east":{"uv":[9,3.25,9.25,3.5],"texture":"#0"},"south":{"uv":[5.5,5,8.5,5.25],"texture":"#0"},"west":{"uv":[3.25,9,3.5,9.25],"texture":"#0"},"up":{"uv":[8.5,5.75,5.5,5.5],"rotation":180,"texture":"#0"},"down":{"uv":[8.5,5.75,5.5,6],"rotation":180,"texture":"#0"}}},{"from":[4,0,18],"to":[12,1,19],"rotation":{"angle":0,"axis":"y","origin":[8,1,20.5]},"faces":{"north":{"uv":[0,8,2,8.25],"texture":"#0"},"east":{"uv":[9,3.5,9.25,3.75],"texture":"#0"},"south":{"uv":[7.75,7.75,9.75,8],"texture":"#0"},"west":{"uv":[3.5,9,3.75,9.25],"texture":"#0"},"up":{"uv":[10,0.25,8,0],"rotation":180,"texture":"#0"},"down":{"uv":[10,0.25,8,0.5],"rotation":180,"texture":"#0"}}},{"from":[4,1,18],"to":[12,2,19],"rotation":{"angle":0,"axis":"y","origin":[8,1,20.5]},"faces":{"north":{"uv":[8,0.75,10,1],"texture":"#0"},"east":{"uv":[9,3.75,9.25,4],"texture":"#0"},"south":{"uv":[8,0.5,10,0.75],"texture":"#0"},"west":{"uv":[3.75,9,4,9.25],"texture":"#0"},"up":{"uv":[10,1.75,8,1.5],"rotation":180,"texture":"#0"},"down":{"uv":[10,1.75,8,2],"rotation":180,"texture":"#0"}}},{"from":[2,1,17],"to":[4,2,18],"rotation":{"angle":0,"axis":"y","origin":[8,1,20.5]},"faces":{"north":{"uv":[1,8.5,1.5,8.75],"texture":"#0"},"east":{"uv":[4.25,9,4.5,9.25],"texture":"#0"},"south":{"uv":[0.5,8.5,1,8.75],"texture":"#0"},"west":{"uv":[4,9,4.25,9.25],"texture":"#0"},"up":{"uv":[2,8.75,1.5,8.5],"rotation":180,"texture":"#0"},"down":{"uv":[2.5,8.5,2,8.75],"rotation":180,"texture":"#0"}}},{"from":[12,1,17],"to":[14,2,18],"rotation":{"angle":0,"axis":"y","origin":[8,1,20.5]},"faces":{"north":{"uv":[8.5,2.25,9,2.5],"texture":"#0"},"east":{"uv":[9,5,9.25,5.25],"texture":"#0"},"south":{"uv":[8.5,2,9,2.25],"texture":"#0"},"west":{"uv":[5,9,5.25,9.25],"texture":"#0"},"up":{"uv":[3,8.75,2.5,8.5],"rotation":180,"texture":"#0"},"down":{"uv":[9,2.5,8.5,2.75],"rotation":180,"texture":"#0"}}},{"from":[1,1,16],"to":[2,2,17],"rotation":{"angle":0,"axis":"y","origin":[8,1,20.5]},"faces":{"north":{"uv":[9,5.5,9.25,5.75],"texture":"#0"},"east":{"uv":[9,5.75,9.25,6],"texture":"#0"},"south":{"uv":[5.25,9,5.5,9.25],"texture":"#0"},"west":{"uv":[9,5.25,9.25,5.5],"texture":"#0"},"up":{"uv":[9.25,6.25,9,6],"rotation":180,"texture":"#0"},"down":{"uv":[6.5,9,6.25,9.25],"rotation":180,"texture":"#0"}}},{"from":[14,1,16],"to":[15,2,17],"rotation":{"angle":0,"axis":"y","origin":[8,1,20.5]},"faces":{"north":{"uv":[9,6.5,9.25,6.75],"texture":"#0"},"east":{"uv":[6.75,9,7,9.25],"texture":"#0"},"south":{"uv":[9,6.25,9.25,6.5],"texture":"#0"},"west":{"uv":[6.5,9,6.75,9.25],"texture":"#0"},"up":{"uv":[9.25,7,9,6.75],"rotation":180,"texture":"#0"},"down":{"uv":[7.25,9,7,9.25],"rotation":180,"texture":"#0"}}},{"from":[-1,0,1],"to":[0,1,15],"rotation":{"angle":0,"axis":"y","origin":[-3.5,1,8]},"faces":{"north":{"uv":[3,9,3.25,9.25],"texture":"#0"},"east":{"uv":[5,2.25,8.5,2.5],"texture":"#0"},"south":{"uv":[9,3,9.25,3.25],"texture":"#0"},"west":{"uv":[5,2,8.5,2.25],"texture":"#0"},"up":{"uv":[8.5,2.75,5,2.5],"rotation":270,"texture":"#0"},"down":{"uv":[8.5,2.75,5,3],"rotation":90,"texture":"#0"}}},{"from":[-2,0,2],"to":[-1,1,14],"rotation":{"angle":0,"axis":"y","origin":[-3.5,1,8]},"faces":{"north":{"uv":[3.25,9,3.5,9.25],"texture":"#0"},"east":{"uv":[5.5,5.25,8.5,5.5],"texture":"#0"},"south":{"uv":[9,3.25,9.25,3.5],"texture":"#0"},"west":{"uv":[5.5,5,8.5,5.25],"texture":"#0"},"up":{"uv":[8.5,5.75,5.5,5.5],"rotation":270,"texture":"#0"},"down":{"uv":[8.5,5.75,5.5,6],"rotation":90,"texture":"#0"}}},{"from":[-3,0,4],"to":[-2,1,12],"rotation":{"angle":0,"axis":"y","origin":[-3.5,1,8]},"faces":{"north":{"uv":[3.5,9,3.75,9.25],"texture":"#0"},"east":{"uv":[0,8,2,8.25],"texture":"#0"},"south":{"uv":[9,3.5,9.25,3.75],"texture":"#0"},"west":{"uv":[7.75,7.75,9.75,8],"texture":"#0"},"up":{"uv":[10,0.25,8,0],"rotation":270,"texture":"#0"},"down":{"uv":[10,0.25,8,0.5],"rotation":90,"texture":"#0"}}},{"from":[-3,1,4],"to":[-2,2,12],"rotation":{"angle":0,"axis":"y","origin":[-3.5,1,8]},"faces":{"north":{"uv":[3.75,9,4,9.25],"texture":"#0"},"east":{"uv":[8,0.75,10,1],"texture":"#0"},"south":{"uv":[9,3.75,9.25,4],"texture":"#0"},"west":{"uv":[8,0.5,10,0.75],"texture":"#0"},"up":{"uv":[10,1.75,8,1.5],"rotation":270,"texture":"#0"},"down":{"uv":[10,1.75,8,2],"rotation":90,"texture":"#0"}}},{"from":[-2,1,2],"to":[-1,2,4],"rotation":{"angle":0,"axis":"y","origin":[-3.5,1,8]},"faces":{"north":{"uv":[4,9,4.25,9.25],"texture":"#0"},"east":{"uv":[1,8.5,1.5,8.75],"texture":"#0"},"south":{"uv":[4.25,9,4.5,9.25],"texture":"#0"},"west":{"uv":[0.5,8.5,1,8.75],"texture":"#0"},"up":{"uv":[2,8.75,1.5,8.5],"rotation":270,"texture":"#0"},"down":{"uv":[2.5,8.5,2,8.75],"rotation":90,"texture":"#0"}}},{"from":[-2,1,12],"to":[-1,2,14],"rotation":{"angle":0,"axis":"y","origin":[-3.5,1,8]},"faces":{"north":{"uv":[5,9,5.25,9.25],"texture":"#0"},"east":{"uv":[8.5,2.25,9,2.5],"texture":"#0"},"south":{"uv":[9,5,9.25,5.25],"texture":"#0"},"west":{"uv":[8.5,2,9,2.25],"texture":"#0"},"up":{"uv":[3,8.75,2.5,8.5],"rotation":270,"texture":"#0"},"down":{"uv":[9,2.5,8.5,2.75],"rotation":90,"texture":"#0"}}},{"from":[-1,1,1],"to":[0,2,2],"rotation":{"angle":0,"axis":"y","origin":[-3.5,1,8]},"faces":{"north":{"uv":[9,5.25,9.25,5.5],"texture":"#0"},"east":{"uv":[9,5.5,9.25,5.75],"texture":"#0"},"south":{"uv":[9,5.75,9.25,6],"texture":"#0"},"west":{"uv":[5.25,9,5.5,9.25],"texture":"#0"},"up":{"uv":[9.25,6.25,9,6],"rotation":270,"texture":"#0"},"down":{"uv":[6.5,9,6.25,9.25],"rotation":90,"texture":"#0"}}},{"from":[-1,1,14],"to":[0,2,15],"rotation":{"angle":0,"axis":"y","origin":[-3.5,1,8]},"faces":{"north":{"uv":[6.5,9,6.75,9.25],"texture":"#0"},"east":{"uv":[9,6.5,9.25,6.75],"texture":"#0"},"south":{"uv":[6.75,9,7,9.25],"texture":"#0"},"west":{"uv":[9,6.25,9.25,6.5],"texture":"#0"},"up":{"uv":[9.25,7,9,6.75],"rotation":270,"texture":"#0"},"down":{"uv":[7.25,9,7,9.25],"rotation":90,"texture":"#0"}}},{"from":[1,0,-1],"to":[15,1,0],"rotation":{"angle":0,"axis":"y","origin":[18.5,1,8]},"faces":{"north":{"uv":[5,2,8.5,2.25],"texture":"#0"},"east":{"uv":[3,9,3.25,9.25],"texture":"#0"},"south":{"uv":[5,2.25,8.5,2.5],"texture":"#0"},"west":{"uv":[9,3,9.25,3.25],"texture":"#0"},"up":{"uv":[8.5,2.75,5,2.5],"texture":"#0"},"down":{"uv":[8.5,2.75,5,3],"texture":"#0"}}},{"from":[2,0,-2],"to":[14,1,-1],"rotation":{"angle":0,"axis":"y","origin":[18.5,1,8]},"faces":{"north":{"uv":[5.5,5,8.5,5.25],"texture":"#0"},"east":{"uv":[3.25,9,3.5,9.25],"texture":"#0"},"south":{"uv":[5.5,5.25,8.5,5.5],"texture":"#0"},"west":{"uv":[9,3.25,9.25,3.5],"texture":"#0"},"up":{"uv":[8.5,5.75,5.5,5.5],"texture":"#0"},"down":{"uv":[8.5,5.75,5.5,6],"texture":"#0"}}},{"from":[4,0,-3],"to":[12,1,-2],"rotation":{"angle":0,"axis":"y","origin":[18.5,1,8]},"faces":{"north":{"uv":[7.75,7.75,9.75,8],"texture":"#0"},"east":{"uv":[3.5,9,3.75,9.25],"texture":"#0"},"south":{"uv":[0,8,2,8.25],"texture":"#0"},"west":{"uv":[9,3.5,9.25,3.75],"texture":"#0"},"up":{"uv":[10,0.25,8,0],"texture":"#0"},"down":{"uv":[10,0.25,8,0.5],"texture":"#0"}}},{"from":[4,1,-3],"to":[12,2,-2],"rotation":{"angle":0,"axis":"y","origin":[18.5,1,8]},"faces":{"north":{"uv":[8,0.5,10,0.75],"texture":"#0"},"east":{"uv":[3.75,9,4,9.25],"texture":"#0"},"south":{"uv":[8,0.75,10,1],"texture":"#0"},"west":{"uv":[9,3.75,9.25,4],"texture":"#0"},"up":{"uv":[10,1.75,8,1.5],"texture":"#0"},"down":{"uv":[10,1.75,8,2],"texture":"#0"}}},{"from":[12,1,-2],"to":[14,2,-1],"rotation":{"angle":0,"axis":"y","origin":[18.5,1,8]},"faces":{"north":{"uv":[0.5,8.5,1,8.75],"texture":"#0"},"east":{"uv":[4,9,4.25,9.25],"texture":"#0"},"south":{"uv":[1,8.5,1.5,8.75],"texture":"#0"},"west":{"uv":[4.25,9,4.5,9.25],"texture":"#0"},"up":{"uv":[2,8.75,1.5,8.5],"texture":"#0"},"down":{"uv":[2.5,8.5,2,8.75],"texture":"#0"}}},{"from":[2,1,-2],"to":[4,2,-1],"rotation":{"angle":0,"axis":"y","origin":[18.5,1,8]},"faces":{"north":{"uv":[8.5,2,9,2.25],"texture":"#0"},"east":{"uv":[5,9,5.25,9.25],"texture":"#0"},"south":{"uv":[8.5,2.25,9,2.5],"texture":"#0"},"west":{"uv":[9,5,9.25,5.25],"texture":"#0"},"up":{"uv":[3,8.75,2.5,8.5],"texture":"#0"},"down":{"uv":[9,2.5,8.5,2.75],"texture":"#0"}}},{"from":[14,1,-1],"to":[15,2,0],"rotation":{"angle":0,"axis":"y","origin":[18.5,1,8]},"faces":{"north":{"uv":[5.25,9,5.5,9.25],"texture":"#0"},"east":{"uv":[9,5.25,9.25,5.5],"texture":"#0"},"south":{"uv":[9,5.5,9.25,5.75],"texture":"#0"},"west":{"uv":[9,5.75,9.25,6],"texture":"#0"},"up":{"uv":[9.25,6.25,9,6],"texture":"#0"},"down":{"uv":[6.5,9,6.25,9.25],"texture":"#0"}}},{"from":[1,1,-1],"to":[2,2,0],"rotation":{"angle":0,"axis":"y","origin":[18.5,1,8]},"faces":{"north":{"uv":[9,6.25,9.25,6.5],"texture":"#0"},"east":{"uv":[6.5,9,6.75,9.25],"texture":"#0"},"south":{"uv":[9,6.5,9.25,6.75],"texture":"#0"},"west":{"uv":[6.75,9,7,9.25],"texture":"#0"},"up":{"uv":[9.25,7,9,6.75],"texture":"#0"},"down":{"uv":[7.25,9,7,9.25],"texture":"#0"}}},{"from":[15,1,15],"to":[16,2,16],"rotation":{"angle":0,"axis":"y","origin":[8,1.5,15.5]},"faces":{"north":{"uv":[5.25,8.5,5.5,8.75],"texture":"#0"},"east":{"uv":[8.5,5.25,8.75,5.5],"texture":"#0"},"south":{"uv":[5,8.5,5.25,8.75],"texture":"#0"},"west":{"uv":[8.5,5,8.75,5.25],"texture":"#0"},"up":{"uv":[8.75,5.75,8.5,5.5],"rotation":180,"texture":"#0"},"down":{"uv":[8.75,5.75,8.5,6],"rotation":180,"texture":"#0"}}},{"from":[0,1,15],"to":[1,2,16],"rotation":{"angle":0,"axis":"y","origin":[8,1.5,15.5]},"faces":{"north":{"uv":[1,8.75,1.25,9],"texture":"#0"},"east":{"uv":[1.25,8.75,1.5,9],"texture":"#0"},"south":{"uv":[0.5,8.75,0.75,9],"texture":"#0"},"west":{"uv":[0.75,8.75,1,9],"texture":"#0"},"up":{"uv":[1.75,9,1.5,8.75],"rotation":180,"texture":"#0"},"down":{"uv":[2,8.75,1.75,9],"rotation":180,"texture":"#0"}}},{"from":[0,1,0],"to":[1,2,1],"faces":{"north":{"uv":[5,8.5,5.25,8.75],"texture":"#0"},"east":{"uv":[8.5,5,8.75,5.25],"texture":"#0"},"south":{"uv":[5.25,8.5,5.5,8.75],"texture":"#0"},"west":{"uv":[8.5,5.25,8.75,5.5],"texture":"#0"},"up":{"uv":[8.75,5.75,8.5,5.5],"texture":"#0"},"down":{"uv":[8.75,5.75,8.5,6],"texture":"#0"}}},{"from":[15,1,0],"to":[16,2,1],"faces":{"north":{"uv":[0.5,8.75,0.75,9],"texture":"#0"},"east":{"uv":[0.75,8.75,1,9],"texture":"#0"},"south":{"uv":[1,8.75,1.25,9],"texture":"#0"},"west":{"uv":[1.25,8.75,1.5,9],"texture":"#0"},"up":{"uv":[1.75,9,1.5,8.75],"texture":"#0"},"down":{"uv":[2,8.75,1.75,9],"texture":"#0"}}}],"gui_light":"front","display":{"thirdperson_righthand":{"rotation":[-105.85,87.88,107.13],"translation":[0.25,2.5,-0.5],"scale":[0.3125,0.3125,0.3125]},"thirdperson_lefthand":{"rotation":[-105.85,87.88,107.13],"translation":[0.25,2.5,-0.5],"scale":[0.3125,0.3125,0.3125]},"firstperson_righthand":{"rotation":[0,-180,0],"translation":[2,5.5,0],"scale":[0.60742,0.60742,0.60742]},"firstperson_lefthand":{"rotation":[0,-180,0],"translation":[2,5.5,0],"scale":[0.60742,0.60742,0.60742]},"ground":{"translation":[0,5.5,0],"scale":[0.45703,0.45703,0.45703]},"gui":{"rotation":[23,145,0],"translation":[0,3.25,0],"scale":[0.59765,0.59765,0.59765]},"head":{"translation":[0,15.25,0],"scale":[0,0,0]},"fixed":{"rotation":[-90,0,0],"translation":[0,0,-16],"scale":[2,2,2]}}}