{"credit":"MadewithBlockbench","texture_size":[64,64],"textures":{"0":"elitecreatures:wine_decoration_v1/wine_glass_red_wine","1":"elitecreatures:wine_decoration_v1/wine_glass_no_wine","2":"elitecreatures:wine_decoration_v1/tray","3":"elitecreatures:wine_decoration_v1/wine_bottle"},"elements":[{"name":"Base","from":[0,0,0],"to":[16,1,16],"faces":{"north":{"uv":[4,0,8,0.25],"texture":"#2"},"east":{"uv":[4,0.25,8,0.5],"texture":"#2"},"south":{"uv":[4,0.5,8,0.75],"texture":"#2"},"west":{"uv":[4,0.75,8,1],"texture":"#2"},"up":{"uv":[4,4,0,0],"texture":"#2"},"down":{"uv":[4,4,0,8],"texture":"#2"}}},{"from":[16,0,1],"to":[17,1,15],"rotation":{"angle":0,"axis":"y","origin":[8,1,17.5]},"faces":{"north":{"uv":[9,3,9.25,3.25],"texture":"#2"},"east":{"uv":[5,2,8.5,2.25],"texture":"#2"},"south":{"uv":[3,9,3.25,9.25],"texture":"#2"},"west":{"uv":[5,2.25,8.5,2.5],"texture":"#2"},"up":{"uv":[8.5,2.75,5,2.5],"rotation":90,"texture":"#2"},"down":{"uv":[8.5,2.75,5,3],"rotation":270,"texture":"#2"}}},{"from":[17,0,2],"to":[18,1,14],"rotation":{"angle":0,"axis":"y","origin":[8,1,17.5]},"faces":{"north":{"uv":[9,3.25,9.25,3.5],"texture":"#2"},"east":{"uv":[5.5,5,8.5,5.25],"texture":"#2"},"south":{"uv":[3.25,9,3.5,9.25],"texture":"#2"},"west":{"uv":[5.5,5.25,8.5,5.5],"texture":"#2"},"up":{"uv":[8.5,5.75,5.5,5.5],"rotation":90,"texture":"#2"},"down":{"uv":[8.5,5.75,5.5,6],"rotation":270,"texture":"#2"}}},{"from":[18,0,4],"to":[19,1,12],"rotation":{"angle":0,"axis":"y","origin":[8,1,17.5]},"faces":{"north":{"uv":[9,3.5,9.25,3.75],"texture":"#2"},"east":{"uv":[7.75,7.75,9.75,8],"texture":"#2"},"south":{"uv":[3.5,9,3.75,9.25],"texture":"#2"},"west":{"uv":[0,8,2,8.25],"texture":"#2"},"up":{"uv":[10,0.25,8,0],"rotation":90,"texture":"#2"},"down":{"uv":[10,0.25,8,0.5],"rotation":270,"texture":"#2"}}},{"from":[18,1,4],"to":[19,2,12],"rotation":{"angle":0,"axis":"y","origin":[8,1,17.5]},"faces":{"north":{"uv":[9,3.75,9.25,4],"texture":"#2"},"east":{"uv":[8,0.5,10,0.75],"texture":"#2"},"south":{"uv":[3.75,9,4,9.25],"texture":"#2"},"west":{"uv":[8,0.75,10,1],"texture":"#2"},"up":{"uv":[10,1.75,8,1.5],"rotation":90,"texture":"#2"},"down":{"uv":[10,1.75,8,2],"rotation":270,"texture":"#2"}}},{"from":[17,1,12],"to":[18,2,14],"rotation":{"angle":0,"axis":"y","origin":[8,1,17.5]},"faces":{"north":{"uv":[4.25,9,4.5,9.25],"texture":"#2"},"east":{"uv":[0.5,8.5,1,8.75],"texture":"#2"},"south":{"uv":[4,9,4.25,9.25],"texture":"#2"},"west":{"uv":[1,8.5,1.5,8.75],"texture":"#2"},"up":{"uv":[2,8.75,1.5,8.5],"rotation":90,"texture":"#2"},"down":{"uv":[2.5,8.5,2,8.75],"rotation":270,"texture":"#2"}}},{"from":[17,1,2],"to":[18,2,4],"rotation":{"angle":0,"axis":"y","origin":[8,1,17.5]},"faces":{"north":{"uv":[9,5,9.25,5.25],"texture":"#2"},"east":{"uv":[8.5,2,9,2.25],"texture":"#2"},"south":{"uv":[5,9,5.25,9.25],"texture":"#2"},"west":{"uv":[8.5,2.25,9,2.5],"texture":"#2"},"up":{"uv":[3,8.75,2.5,8.5],"rotation":90,"texture":"#2"},"down":{"uv":[9,2.5,8.5,2.75],"rotation":270,"texture":"#2"}}},{"from":[16,1,14],"to":[17,2,15],"rotation":{"angle":0,"axis":"y","origin":[8,1,17.5]},"faces":{"north":{"uv":[9,5.75,9.25,6],"texture":"#2"},"east":{"uv":[5.25,9,5.5,9.25],"texture":"#2"},"south":{"uv":[9,5.25,9.25,5.5],"texture":"#2"},"west":{"uv":[9,5.5,9.25,5.75],"texture":"#2"},"up":{"uv":[9.25,6.25,9,6],"rotation":90,"texture":"#2"},"down":{"uv":[6.5,9,6.25,9.25],"rotation":270,"texture":"#2"}}},{"from":[16,1,1],"to":[17,2,2],"rotation":{"angle":0,"axis":"y","origin":[8,1,17.5]},"faces":{"north":{"uv":[6.75,9,7,9.25],"texture":"#2"},"east":{"uv":[9,6.25,9.25,6.5],"texture":"#2"},"south":{"uv":[6.5,9,6.75,9.25],"texture":"#2"},"west":{"uv":[9,6.5,9.25,6.75],"texture":"#2"},"up":{"uv":[9.25,7,9,6.75],"rotation":90,"texture":"#2"},"down":{"uv":[7.25,9,7,9.25],"rotation":270,"texture":"#2"}}},{"from":[1,0,16],"to":[15,1,17],"rotation":{"angle":0,"axis":"y","origin":[8,1,20.5]},"faces":{"north":{"uv":[5,2.25,8.5,2.5],"texture":"#2"},"east":{"uv":[9,3,9.25,3.25],"texture":"#2"},"south":{"uv":[5,2,8.5,2.25],"texture":"#2"},"west":{"uv":[3,9,3.25,9.25],"texture":"#2"},"up":{"uv":[8.5,2.75,5,2.5],"rotation":180,"texture":"#2"},"down":{"uv":[8.5,2.75,5,3],"rotation":180,"texture":"#2"}}},{"from":[2,0,17],"to":[14,1,18],"rotation":{"angle":0,"axis":"y","origin":[8,1,20.5]},"faces":{"north":{"uv":[5.5,5.25,8.5,5.5],"texture":"#2"},"east":{"uv":[9,3.25,9.25,3.5],"texture":"#2"},"south":{"uv":[5.5,5,8.5,5.25],"texture":"#2"},"west":{"uv":[3.25,9,3.5,9.25],"texture":"#2"},"up":{"uv":[8.5,5.75,5.5,5.5],"rotation":180,"texture":"#2"},"down":{"uv":[8.5,5.75,5.5,6],"rotation":180,"texture":"#2"}}},{"from":[4,0,18],"to":[12,1,19],"rotation":{"angle":0,"axis":"y","origin":[8,1,20.5]},"faces":{"north":{"uv":[0,8,2,8.25],"texture":"#2"},"east":{"uv":[9,3.5,9.25,3.75],"texture":"#2"},"south":{"uv":[7.75,7.75,9.75,8],"texture":"#2"},"west":{"uv":[3.5,9,3.75,9.25],"texture":"#2"},"up":{"uv":[10,0.25,8,0],"rotation":180,"texture":"#2"},"down":{"uv":[10,0.25,8,0.5],"rotation":180,"texture":"#2"}}},{"from":[4,1,18],"to":[12,2,19],"rotation":{"angle":0,"axis":"y","origin":[8,1,20.5]},"faces":{"north":{"uv":[8,0.75,10,1],"texture":"#2"},"east":{"uv":[9,3.75,9.25,4],"texture":"#2"},"south":{"uv":[8,0.5,10,0.75],"texture":"#2"},"west":{"uv":[3.75,9,4,9.25],"texture":"#2"},"up":{"uv":[10,1.75,8,1.5],"rotation":180,"texture":"#2"},"down":{"uv":[10,1.75,8,2],"rotation":180,"texture":"#2"}}},{"from":[2,1,17],"to":[4,2,18],"rotation":{"angle":0,"axis":"y","origin":[8,1,20.5]},"faces":{"north":{"uv":[1,8.5,1.5,8.75],"texture":"#2"},"east":{"uv":[4.25,9,4.5,9.25],"texture":"#2"},"south":{"uv":[0.5,8.5,1,8.75],"texture":"#2"},"west":{"uv":[4,9,4.25,9.25],"texture":"#2"},"up":{"uv":[2,8.75,1.5,8.5],"rotation":180,"texture":"#2"},"down":{"uv":[2.5,8.5,2,8.75],"rotation":180,"texture":"#2"}}},{"from":[12,1,17],"to":[14,2,18],"rotation":{"angle":0,"axis":"y","origin":[8,1,20.5]},"faces":{"north":{"uv":[8.5,2.25,9,2.5],"texture":"#2"},"east":{"uv":[9,5,9.25,5.25],"texture":"#2"},"south":{"uv":[8.5,2,9,2.25],"texture":"#2"},"west":{"uv":[5,9,5.25,9.25],"texture":"#2"},"up":{"uv":[3,8.75,2.5,8.5],"rotation":180,"texture":"#2"},"down":{"uv":[9,2.5,8.5,2.75],"rotation":180,"texture":"#2"}}},{"from":[1,1,16],"to":[2,2,17],"rotation":{"angle":0,"axis":"y","origin":[8,1,20.5]},"faces":{"north":{"uv":[9,5.5,9.25,5.75],"texture":"#2"},"east":{"uv":[9,5.75,9.25,6],"texture":"#2"},"south":{"uv":[5.25,9,5.5,9.25],"texture":"#2"},"west":{"uv":[9,5.25,9.25,5.5],"texture":"#2"},"up":{"uv":[9.25,6.25,9,6],"rotation":180,"texture":"#2"},"down":{"uv":[6.5,9,6.25,9.25],"rotation":180,"texture":"#2"}}},{"from":[14,1,16],"to":[15,2,17],"rotation":{"angle":0,"axis":"y","origin":[8,1,20.5]},"faces":{"north":{"uv":[9,6.5,9.25,6.75],"texture":"#2"},"east":{"uv":[6.75,9,7,9.25],"texture":"#2"},"south":{"uv":[9,6.25,9.25,6.5],"texture":"#2"},"west":{"uv":[6.5,9,6.75,9.25],"texture":"#2"},"up":{"uv":[9.25,7,9,6.75],"rotation":180,"texture":"#2"},"down":{"uv":[7.25,9,7,9.25],"rotation":180,"texture":"#2"}}},{"from":[-1,0,1],"to":[0,1,15],"rotation":{"angle":0,"axis":"y","origin":[-3.5,1,8]},"faces":{"north":{"uv":[3,9,3.25,9.25],"texture":"#2"},"east":{"uv":[5,2.25,8.5,2.5],"texture":"#2"},"south":{"uv":[9,3,9.25,3.25],"texture":"#2"},"west":{"uv":[5,2,8.5,2.25],"texture":"#2"},"up":{"uv":[8.5,2.75,5,2.5],"rotation":270,"texture":"#2"},"down":{"uv":[8.5,2.75,5,3],"rotation":90,"texture":"#2"}}},{"from":[-2,0,2],"to":[-1,1,14],"rotation":{"angle":0,"axis":"y","origin":[-3.5,1,8]},"faces":{"north":{"uv":[3.25,9,3.5,9.25],"texture":"#2"},"east":{"uv":[5.5,5.25,8.5,5.5],"texture":"#2"},"south":{"uv":[9,3.25,9.25,3.5],"texture":"#2"},"west":{"uv":[5.5,5,8.5,5.25],"texture":"#2"},"up":{"uv":[8.5,5.75,5.5,5.5],"rotation":270,"texture":"#2"},"down":{"uv":[8.5,5.75,5.5,6],"rotation":90,"texture":"#2"}}},{"from":[-3,0,4],"to":[-2,1,12],"rotation":{"angle":0,"axis":"y","origin":[-3.5,1,8]},"faces":{"north":{"uv":[3.5,9,3.75,9.25],"texture":"#2"},"east":{"uv":[0,8,2,8.25],"texture":"#2"},"south":{"uv":[9,3.5,9.25,3.75],"texture":"#2"},"west":{"uv":[7.75,7.75,9.75,8],"texture":"#2"},"up":{"uv":[10,0.25,8,0],"rotation":270,"texture":"#2"},"down":{"uv":[10,0.25,8,0.5],"rotation":90,"texture":"#2"}}},{"from":[-3,1,4],"to":[-2,2,12],"rotation":{"angle":0,"axis":"y","origin":[-3.5,1,8]},"faces":{"north":{"uv":[3.75,9,4,9.25],"texture":"#2"},"east":{"uv":[8,0.75,10,1],"texture":"#2"},"south":{"uv":[9,3.75,9.25,4],"texture":"#2"},"west":{"uv":[8,0.5,10,0.75],"texture":"#2"},"up":{"uv":[10,1.75,8,1.5],"rotation":270,"texture":"#2"},"down":{"uv":[10,1.75,8,2],"rotation":90,"texture":"#2"}}},{"from":[-2,1,2],"to":[-1,2,4],"rotation":{"angle":0,"axis":"y","origin":[-3.5,1,8]},"faces":{"north":{"uv":[4,9,4.25,9.25],"texture":"#2"},"east":{"uv":[1,8.5,1.5,8.75],"texture":"#2"},"south":{"uv":[4.25,9,4.5,9.25],"texture":"#2"},"west":{"uv":[0.5,8.5,1,8.75],"texture":"#2"},"up":{"uv":[2,8.75,1.5,8.5],"rotation":270,"texture":"#2"},"down":{"uv":[2.5,8.5,2,8.75],"rotation":90,"texture":"#2"}}},{"from":[-2,1,12],"to":[-1,2,14],"rotation":{"angle":0,"axis":"y","origin":[-3.5,1,8]},"faces":{"north":{"uv":[5,9,5.25,9.25],"texture":"#2"},"east":{"uv":[8.5,2.25,9,2.5],"texture":"#2"},"south":{"uv":[9,5,9.25,5.25],"texture":"#2"},"west":{"uv":[8.5,2,9,2.25],"texture":"#2"},"up":{"uv":[3,8.75,2.5,8.5],"rotation":270,"texture":"#2"},"down":{"uv":[9,2.5,8.5,2.75],"rotation":90,"texture":"#2"}}},{"from":[-1,1,1],"to":[0,2,2],"rotation":{"angle":0,"axis":"y","origin":[-3.5,1,8]},"faces":{"north":{"uv":[9,5.25,9.25,5.5],"texture":"#2"},"east":{"uv":[9,5.5,9.25,5.75],"texture":"#2"},"south":{"uv":[9,5.75,9.25,6],"texture":"#2"},"west":{"uv":[5.25,9,5.5,9.25],"texture":"#2"},"up":{"uv":[9.25,6.25,9,6],"rotation":270,"texture":"#2"},"down":{"uv":[6.5,9,6.25,9.25],"rotation":90,"texture":"#2"}}},{"from":[-1,1,14],"to":[0,2,15],"rotation":{"angle":0,"axis":"y","origin":[-3.5,1,8]},"faces":{"north":{"uv":[6.5,9,6.75,9.25],"texture":"#2"},"east":{"uv":[9,6.5,9.25,6.75],"texture":"#2"},"south":{"uv":[6.75,9,7,9.25],"texture":"#2"},"west":{"uv":[9,6.25,9.25,6.5],"texture":"#2"},"up":{"uv":[9.25,7,9,6.75],"rotation":270,"texture":"#2"},"down":{"uv":[7.25,9,7,9.25],"rotation":90,"texture":"#2"}}},{"from":[1,0,-1],"to":[15,1,0],"rotation":{"angle":0,"axis":"y","origin":[18.5,1,8]},"faces":{"north":{"uv":[5,2,8.5,2.25],"texture":"#2"},"east":{"uv":[3,9,3.25,9.25],"texture":"#2"},"south":{"uv":[5,2.25,8.5,2.5],"texture":"#2"},"west":{"uv":[9,3,9.25,3.25],"texture":"#2"},"up":{"uv":[8.5,2.75,5,2.5],"texture":"#2"},"down":{"uv":[8.5,2.75,5,3],"texture":"#2"}}},{"from":[2,0,-2],"to":[14,1,-1],"rotation":{"angle":0,"axis":"y","origin":[18.5,1,8]},"faces":{"north":{"uv":[5.5,5,8.5,5.25],"texture":"#2"},"east":{"uv":[3.25,9,3.5,9.25],"texture":"#2"},"south":{"uv":[5.5,5.25,8.5,5.5],"texture":"#2"},"west":{"uv":[9,3.25,9.25,3.5],"texture":"#2"},"up":{"uv":[8.5,5.75,5.5,5.5],"texture":"#2"},"down":{"uv":[8.5,5.75,5.5,6],"texture":"#2"}}},{"from":[4,0,-3],"to":[12,1,-2],"rotation":{"angle":0,"axis":"y","origin":[18.5,1,8]},"faces":{"north":{"uv":[7.75,7.75,9.75,8],"texture":"#2"},"east":{"uv":[3.5,9,3.75,9.25],"texture":"#2"},"south":{"uv":[0,8,2,8.25],"texture":"#2"},"west":{"uv":[9,3.5,9.25,3.75],"texture":"#2"},"up":{"uv":[10,0.25,8,0],"texture":"#2"},"down":{"uv":[10,0.25,8,0.5],"texture":"#2"}}},{"from":[4,1,-3],"to":[12,2,-2],"rotation":{"angle":0,"axis":"y","origin":[18.5,1,8]},"faces":{"north":{"uv":[8,0.5,10,0.75],"texture":"#2"},"east":{"uv":[3.75,9,4,9.25],"texture":"#2"},"south":{"uv":[8,0.75,10,1],"texture":"#2"},"west":{"uv":[9,3.75,9.25,4],"texture":"#2"},"up":{"uv":[10,1.75,8,1.5],"texture":"#2"},"down":{"uv":[10,1.75,8,2],"texture":"#2"}}},{"from":[12,1,-2],"to":[14,2,-1],"rotation":{"angle":0,"axis":"y","origin":[18.5,1,8]},"faces":{"north":{"uv":[0.5,8.5,1,8.75],"texture":"#2"},"east":{"uv":[4,9,4.25,9.25],"texture":"#2"},"south":{"uv":[1,8.5,1.5,8.75],"texture":"#2"},"west":{"uv":[4.25,9,4.5,9.25],"texture":"#2"},"up":{"uv":[2,8.75,1.5,8.5],"texture":"#2"},"down":{"uv":[2.5,8.5,2,8.75],"texture":"#2"}}},{"from":[2,1,-2],"to":[4,2,-1],"rotation":{"angle":0,"axis":"y","origin":[18.5,1,8]},"faces":{"north":{"uv":[8.5,2,9,2.25],"texture":"#2"},"east":{"uv":[5,9,5.25,9.25],"texture":"#2"},"south":{"uv":[8.5,2.25,9,2.5],"texture":"#2"},"west":{"uv":[9,5,9.25,5.25],"texture":"#2"},"up":{"uv":[3,8.75,2.5,8.5],"texture":"#2"},"down":{"uv":[9,2.5,8.5,2.75],"texture":"#2"}}},{"from":[14,1,-1],"to":[15,2,0],"rotation":{"angle":0,"axis":"y","origin":[18.5,1,8]},"faces":{"north":{"uv":[5.25,9,5.5,9.25],"texture":"#2"},"east":{"uv":[9,5.25,9.25,5.5],"texture":"#2"},"south":{"uv":[9,5.5,9.25,5.75],"texture":"#2"},"west":{"uv":[9,5.75,9.25,6],"texture":"#2"},"up":{"uv":[9.25,6.25,9,6],"texture":"#2"},"down":{"uv":[6.5,9,6.25,9.25],"texture":"#2"}}},{"from":[1,1,-1],"to":[2,2,0],"rotation":{"angle":0,"axis":"y","origin":[18.5,1,8]},"faces":{"north":{"uv":[9,6.25,9.25,6.5],"texture":"#2"},"east":{"uv":[6.5,9,6.75,9.25],"texture":"#2"},"south":{"uv":[9,6.5,9.25,6.75],"texture":"#2"},"west":{"uv":[6.75,9,7,9.25],"texture":"#2"},"up":{"uv":[9.25,7,9,6.75],"texture":"#2"},"down":{"uv":[7.25,9,7,9.25],"texture":"#2"}}},{"from":[15,1,15],"to":[16,2,16],"rotation":{"angle":0,"axis":"y","origin":[8,1.5,15.5]},"faces":{"north":{"uv":[5.25,8.5,5.5,8.75],"texture":"#2"},"east":{"uv":[8.5,5.25,8.75,5.5],"texture":"#2"},"south":{"uv":[5,8.5,5.25,8.75],"texture":"#2"},"west":{"uv":[8.5,5,8.75,5.25],"texture":"#2"},"up":{"uv":[8.75,5.75,8.5,5.5],"rotation":180,"texture":"#2"},"down":{"uv":[8.75,5.75,8.5,6],"rotation":180,"texture":"#2"}}},{"from":[0,1,15],"to":[1,2,16],"rotation":{"angle":0,"axis":"y","origin":[8,1.5,15.5]},"faces":{"north":{"uv":[1,8.75,1.25,9],"texture":"#2"},"east":{"uv":[1.25,8.75,1.5,9],"texture":"#2"},"south":{"uv":[0.5,8.75,0.75,9],"texture":"#2"},"west":{"uv":[0.75,8.75,1,9],"texture":"#2"},"up":{"uv":[1.75,9,1.5,8.75],"rotation":180,"texture":"#2"},"down":{"uv":[2,8.75,1.75,9],"rotation":180,"texture":"#2"}}},{"from":[0,1,0],"to":[1,2,1],"faces":{"north":{"uv":[5,8.5,5.25,8.75],"texture":"#2"},"east":{"uv":[8.5,5,8.75,5.25],"texture":"#2"},"south":{"uv":[5.25,8.5,5.5,8.75],"texture":"#2"},"west":{"uv":[8.5,5.25,8.75,5.5],"texture":"#2"},"up":{"uv":[8.75,5.75,8.5,5.5],"texture":"#2"},"down":{"uv":[8.75,5.75,8.5,6],"texture":"#2"}}},{"from":[15,1,0],"to":[16,2,1],"faces":{"north":{"uv":[0.5,8.75,0.75,9],"texture":"#2"},"east":{"uv":[0.75,8.75,1,9],"texture":"#2"},"south":{"uv":[1,8.75,1.25,9],"texture":"#2"},"west":{"uv":[1.25,8.75,1.5,9],"texture":"#2"},"up":{"uv":[1.75,9,1.5,8.75],"texture":"#2"},"down":{"uv":[2,8.75,1.75,9],"texture":"#2"}}},{"from":[3,5.7,4.824],"to":[5,7.7,4.824],"rotation":{"angle":0,"axis":"y","origin":[8.25,9.325,9]},"faces":{"north":{"uv":[8.75,4.5,13.75,10.1],"texture":"#3"},"east":{"uv":[0,0,0.5,2],"texture":"#3"},"south":{"uv":[0,0,1,2],"texture":"#3"},"west":{"uv":[0,0,0.5,2],"texture":"#3"},"up":{"uv":[0,0,0.5,1],"rotation":270,"texture":"#3"},"down":{"uv":[0,0,0.5,1],"rotation":90,"texture":"#3"}}},{"from":[3,4.675,4.824],"to":[5,5.625,4.824],"rotation":{"angle":0,"axis":"y","origin":[8.25,9.325,9]},"faces":{"north":{"uv":[8.8125,10.9375,13.25,13.3125],"texture":"#3"},"east":{"uv":[0,0,0.5,2],"texture":"#3"},"south":{"uv":[0,0,1,2],"texture":"#3"},"west":{"uv":[0,0,0.5,2],"texture":"#3"},"up":{"uv":[0,0,0.5,1],"rotation":270,"texture":"#3"},"down":{"uv":[0,0,0.5,1],"rotation":90,"texture":"#3"}}},{"name":"Top","from":[3.5,13,6.325],"to":[4.5,18,7.325],"rotation":{"angle":0,"axis":"y","origin":[8.25,9.325,9]},"faces":{"north":{"uv":[6,6.5,6.5,9],"texture":"#3"},"east":{"uv":[6,6.5,6.5,9],"texture":"#3"},"south":{"uv":[6,6.5,6.5,9],"texture":"#3"},"west":{"uv":[6,6.5,6.5,9],"texture":"#3"},"up":{"uv":[8,7,7.5,6.5],"rotation":270,"texture":"#3"},"down":{"uv":[8,7.5,7.5,8],"rotation":90,"texture":"#3"}}},{"from":[3,12,7.825],"to":[5,13,8.825],"rotation":{"angle":0,"axis":"y","origin":[8.25,9.325,9]},"faces":{"north":{"uv":[7,4,8,4.5],"rotation":180,"texture":"#3"},"east":{"uv":[2,8,2.5,8.5],"texture":"#3"},"south":{"uv":[5,7.5,6,8],"rotation":180,"texture":"#3"},"west":{"uv":[8,2,8.5,2.5],"texture":"#3"},"up":{"uv":[7.5,5.5,8,6.5],"rotation":270,"texture":"#3"},"down":{"uv":[7.5,6,7,5],"rotation":90,"texture":"#3"}}},{"from":[3,12,5.825],"to":[5,14,7.825],"rotation":{"angle":0,"axis":"y","origin":[8.25,9.325,9]},"faces":{"north":{"uv":[2,8.5,3,9.5],"texture":"#3"},"east":{"uv":[2,8.5,3,9.5],"texture":"#3"},"south":{"uv":[2,8.5,3,9.5],"texture":"#3"},"west":{"uv":[2,8.5,3,9.5],"texture":"#3"},"up":{"uv":[8,2,7,1],"rotation":270,"texture":"#3"},"down":{"uv":[8,2,7,3],"rotation":90,"texture":"#3"}}},{"from":[3,12,4.825],"to":[5,13,5.825],"rotation":{"angle":0,"axis":"y","origin":[8.25,9.325,9]},"faces":{"north":{"uv":[5,7.5,6,8],"texture":"#3"},"east":{"uv":[8,2,8.5,2.5],"texture":"#3"},"south":{"uv":[7.5,5,8.5,5.5],"texture":"#3"},"west":{"uv":[2,8,2.5,8.5],"texture":"#3"},"up":{"uv":[8,6.5,7.5,5.5],"rotation":270,"texture":"#3"},"down":{"uv":[7.5,7.5,7,8.5],"rotation":90,"texture":"#3"}}},{"from":[2,12,5.825],"to":[3,13,7.825],"rotation":{"angle":0,"axis":"y","origin":[8.25,9.325,9]},"faces":{"north":{"uv":[8,2,8.5,2.5],"texture":"#3"},"east":{"uv":[7.5,5,8.5,5.5],"texture":"#3"},"south":{"uv":[2,8,2.5,8.5],"texture":"#3"},"west":{"uv":[5,7.5,6,8],"texture":"#3"},"up":{"uv":[8,6.5,7.5,5.5],"rotation":180,"texture":"#3"},"down":{"uv":[7.5,7.5,7,8.5],"rotation":180,"texture":"#3"}}},{"from":[5,12,5.825],"to":[6,13,7.825],"rotation":{"angle":0,"axis":"y","origin":[8.25,9.325,9]},"faces":{"north":{"uv":[2,8,2.5,8.5],"texture":"#3"},"east":{"uv":[5,7.5,6,8],"texture":"#3"},"south":{"uv":[8,2,8.5,2.5],"texture":"#3"},"west":{"uv":[7.5,5,8.5,5.5],"texture":"#3"},"up":{"uv":[8,6.5,7.5,5.5],"texture":"#3"},"down":{"uv":[7.5,7.5,7,8.5],"texture":"#3"}}},{"name":"Bottle","from":[2,1,4.825],"to":[6,12,8.825],"rotation":{"angle":0,"axis":"y","origin":[8.25,9.325,9]},"faces":{"north":{"uv":[2,0,4,5.5],"texture":"#3"},"east":{"uv":[0,0,2,5.5],"texture":"#3"},"south":{"uv":[0,0,2,5.5],"texture":"#3"},"west":{"uv":[0,0,2,5.5],"texture":"#3"},"up":{"uv":[6,7.5,4,5.5],"rotation":270,"texture":"#3"},"down":{"uv":[6,5.5,4,7.5],"rotation":90,"texture":"#3"}}},{"from":[9.075,1,11.5],"to":[10.075,6,12.5],"rotation":{"angle":0,"axis":"y","origin":[-0.025,3.5,0.5]},"faces":{"north":{"uv":[6,3,7,8],"texture":"#1"},"east":{"uv":[6,3,7,8],"texture":"#1"},"south":{"uv":[6,3,7,8],"texture":"#1"},"west":{"uv":[6,3,7,8],"texture":"#1"},"up":{"uv":[7,3,8,4],"texture":"#1"},"down":{"uv":[7,3,8,4],"texture":"#1"}}},{"from":[7.075,6,9.5],"to":[12.075,7,14.5],"rotation":{"angle":0,"axis":"y","origin":[-0.025,3.5,0.5]},"faces":{"north":{"uv":[11,5,16,6],"texture":"#1"},"east":{"uv":[11,5,16,6],"texture":"#1"},"south":{"uv":[11,5,16,6],"texture":"#1"},"west":{"uv":[11,5,16,6],"texture":"#1"},"up":{"uv":[6,7,8.5,9.5],"texture":"#1"},"down":{"uv":[11,0,16,5],"texture":"#1"}}},{"from":[8.075,7,13.5],"to":[12.075,12,14.5],"rotation":{"angle":0,"axis":"y","origin":[-0.025,3.5,0.5]},"faces":{"north":{"uv":[7,11,11,16],"texture":"#1"},"east":{"uv":[11,11,12,16],"texture":"#1"},"south":{"uv":[12,11,16,16],"texture":"#1"},"west":{"uv":[14,6,15,11],"texture":"#1"},"up":{"uv":[0,15,4,16],"texture":"#1"},"down":{"uv":[0,14,4,15],"texture":"#1"}}},{"from":[7.075,7,9.5],"to":[11.075,12,10.5],"rotation":{"angle":0,"axis":"y","origin":[-0.025,3.5,0.5]},"faces":{"north":{"uv":[12,11,16,16],"texture":"#1"},"east":{"uv":[6,11,7,16],"texture":"#1"},"south":{"uv":[7,11,11,16],"texture":"#1"},"west":{"uv":[11,11,12,16],"texture":"#1"},"up":{"uv":[4,16,0,15],"texture":"#1"},"down":{"uv":[0,14,4,15],"texture":"#1"}}},{"from":[11.075,7,9.5],"to":[12.075,12,13.5],"rotation":{"angle":0,"axis":"y","origin":[8.975,12,5]},"faces":{"north":{"uv":[11,11,12,16],"texture":"#1"},"east":{"uv":[12,11,16,16],"texture":"#1"},"south":{"uv":[14.5,6,15.5,11],"texture":"#1"},"west":{"uv":[7,11,11,16],"texture":"#1"},"up":{"uv":[0,15,4,16],"rotation":270,"texture":"#1"},"down":{"uv":[0,14,4,15],"rotation":90,"texture":"#1"}}},{"from":[7.075,7,10.5],"to":[8.075,12,14.5],"rotation":{"angle":0,"axis":"y","origin":[8.975,12,5]},"faces":{"north":{"uv":[13,6,14,11],"texture":"#1"},"east":{"uv":[7,11,11,16],"texture":"#1"},"south":{"uv":[11,11,12,16],"texture":"#1"},"west":{"uv":[12,11,16,16],"texture":"#1"},"up":{"uv":[4,16,0,15],"rotation":270,"texture":"#1"},"down":{"uv":[0,14,4,15],"rotation":90,"texture":"#1"}}},{"from":[8.075,1,10.5],"to":[11.075,2,13.5],"rotation":{"angle":0,"axis":"y","origin":[-0.025,3.5,0.5]},"faces":{"north":{"uv":[3,9,6,10],"texture":"#1"},"east":{"uv":[3,9,6,10],"texture":"#1"},"south":{"uv":[3,9,6,10],"texture":"#1"},"west":{"uv":[3,9,6,10],"texture":"#1"},"up":{"uv":[0,9,3,12],"texture":"#1"},"down":{"uv":[3,6,6,9],"texture":"#1"}}},{"from":[10.725,1,4.5],"to":[11.725,6,5.5],"rotation":{"angle":0,"axis":"y","origin":[0.5,3.5,0.5]},"faces":{"north":{"uv":[6,3,7,8],"texture":"#0"},"east":{"uv":[6,3,7,8],"texture":"#0"},"south":{"uv":[6,3,7,8],"texture":"#0"},"west":{"uv":[6,3,7,8],"texture":"#0"},"up":{"uv":[7,3,8,4],"texture":"#0"},"down":{"uv":[7,3,8,4],"texture":"#0"}}},{"from":[8.725,6,2.5],"to":[13.725,7,7.5],"rotation":{"angle":0,"axis":"y","origin":[0.5,3.5,0.5]},"faces":{"north":{"uv":[11,5,16,6],"texture":"#0"},"east":{"uv":[11,5,16,6],"texture":"#0"},"south":{"uv":[11,5,16,6],"texture":"#0"},"west":{"uv":[11,5,16,6],"texture":"#0"},"up":{"uv":[6,7,8.5,9.5],"texture":"#0"},"down":{"uv":[11,0,16,5],"texture":"#0"}}},{"from":[9.725,7,6.5],"to":[13.725,12,7.5],"rotation":{"angle":0,"axis":"y","origin":[0.5,3.5,0.5]},"faces":{"north":{"uv":[7,11,11,16],"texture":"#0"},"east":{"uv":[11,11,12,16],"texture":"#0"},"south":{"uv":[12,11,16,16],"texture":"#0"},"west":{"uv":[14,6,15,11],"texture":"#0"},"up":{"uv":[0,15,4,16],"texture":"#0"},"down":{"uv":[0,14,4,15],"texture":"#0"}}},{"from":[8.725,7,2.5],"to":[12.725,12,3.5],"rotation":{"angle":0,"axis":"y","origin":[0.5,3.5,0.5]},"faces":{"north":{"uv":[12,11,16,16],"texture":"#0"},"east":{"uv":[6,11,7,16],"texture":"#0"},"south":{"uv":[7,11,11,16],"texture":"#0"},"west":{"uv":[11,11,12,16],"texture":"#0"},"up":{"uv":[4,16,0,15],"texture":"#0"},"down":{"uv":[0,14,4,15],"texture":"#0"}}},{"from":[12.725,7,2.5],"to":[13.725,12,6.5],"rotation":{"angle":0,"axis":"y","origin":[9.5,12,5]},"faces":{"north":{"uv":[11,11,12,16],"texture":"#0"},"east":{"uv":[12,11,16,16],"texture":"#0"},"south":{"uv":[14.5,6,15.5,11],"texture":"#0"},"west":{"uv":[7,11,11,16],"texture":"#0"},"up":{"uv":[0,15,4,16],"rotation":270,"texture":"#0"},"down":{"uv":[0,14,4,15],"rotation":90,"texture":"#0"}}},{"from":[8.725,7,3.5],"to":[9.725,12,7.5],"rotation":{"angle":0,"axis":"y","origin":[9.5,12,5]},"faces":{"north":{"uv":[13,6,14,11],"texture":"#0"},"east":{"uv":[7,11,11,16],"texture":"#0"},"south":{"uv":[11,11,12,16],"texture":"#0"},"west":{"uv":[12,11,16,16],"texture":"#0"},"up":{"uv":[4,16,0,15],"rotation":270,"texture":"#0"},"down":{"uv":[0,14,4,15],"rotation":90,"texture":"#0"}}},{"from":[9.725,1,3.5],"to":[12.725,2,6.5],"rotation":{"angle":0,"axis":"y","origin":[0.5,3.5,0.5]},"faces":{"north":{"uv":[3,9,6,10],"texture":"#0"},"east":{"uv":[3,9,6,10],"texture":"#0"},"south":{"uv":[3,9,6,10],"texture":"#0"},"west":{"uv":[3,9,6,10],"texture":"#0"},"up":{"uv":[0,9,3,12],"texture":"#0"},"down":{"uv":[3,6,6,9],"texture":"#0"}}},{"from":[9.725,7,3.5],"to":[12.725,9,6.5],"rotation":{"angle":0,"axis":"y","origin":[0.5,3.5,0.5]},"faces":{"north":{"uv":[0,0,3,3],"texture":"#0"},"east":{"uv":[0,0,3,3],"texture":"#0"},"south":{"uv":[0,0,3,3],"texture":"#0"},"west":{"uv":[0,0,3,3],"texture":"#0"},"up":{"uv":[3,9,0,6],"texture":"#0"},"down":{"uv":[9,0,6,3],"texture":"#0"}}}],"gui_light":"front","display":{"thirdperson_righthand":{"rotation":[-105.85,87.88,107.13],"translation":[0.25,2.5,-0.5],"scale":[0.3125,0.3125,0.3125]},"thirdperson_lefthand":{"rotation":[-105.85,87.88,107.13],"translation":[0.25,2.5,-0.5],"scale":[0.3125,0.3125,0.3125]},"firstperson_righthand":{"rotation":[180,52.25,180],"translation":[0,5.5,0],"scale":[0.63086,0.63086,0.63086]},"firstperson_lefthand":{"rotation":[180,52.25,180],"translation":[0,5.5,0],"scale":[0.63086,0.63086,0.63086]},"ground":{"translation":[0,5.5,0],"scale":[0.45703,0.45703,0.45703]},"gui":{"rotation":[23,-45,0],"translation":[-0.25,0.25,0],"scale":[0.60547,0.60547,0.60547]},"head":{"translation":[0,15.25,0],"scale":[0,0,0]},"fixed":{"rotation":[-90,0,0],"translation":[0,0,-16],"scale":[2,2,2]}}}