{"credit":"Made by LZLeon with Blockbench, Contact - Discord: LZBlocks#0261 - E-Mail: lzblocks@outlook.com","texture_size":[64,64],"textures":{"0":"lzfurniture:furniture/marauder/marauder_books","particle":"lzfurniture:furniture/marauder/marauder_books"},"elements":[{"from":[4.5,0,2.5],"to":[5.5,5,13.5],"rotation":{"angle":0,"axis":"y","origin":[8,0,8]},"faces":{"north":{"uv":[2.75,11.75,3,13],"texture":"#0"},"east":{"uv":[0,11.75,2.75,13],"texture":"#0"},"south":{"uv":[5.75,11.75,6,13],"texture":"#0"},"west":{"uv":[3,11.75,5.75,13],"texture":"#0"},"up":{"uv":[3,11.75,2.75,9],"texture":"#0"},"down":{"uv":[3.25,9,3,11.75],"texture":"#0"}}},{"from":[5,1,3],"to":[12,4,13],"rotation":{"angle":0,"axis":"y","origin":[8,0,8]},"faces":{"north":{"uv":[9,6,10.75,6.75],"texture":"#0"},"east":{"uv":[6.5,6,9,6.75],"texture":"#0"},"south":{"uv":[13.25,6,15,6.75],"texture":"#0"}}},{"from":[5.5,4,2.5],"to":[12.5,5,13.5],"rotation":{"angle":0,"axis":"y","origin":[8,0,8]},"faces":{"north":{"uv":[2.75,2.75,4.5,3],"texture":"#0"},"east":{"uv":[0,2.75,2.75,3],"texture":"#0"},"south":{"uv":[7.25,2.75,9,3],"texture":"#0"},"up":{"uv":[4.5,2.75,2.75,0],"texture":"#0"},"down":{"uv":[6.25,0,4.5,2.75],"texture":"#0"}}},{"from":[5.5,0,2.5],"to":[12.5,1,13.5],"rotation":{"angle":0,"axis":"y","origin":[8,0,8]},"faces":{"north":{"uv":[9,3,10.75,3.25],"texture":"#0"},"east":{"uv":[6.25,3,9,3.25],"texture":"#0"},"south":{"uv":[13.5,3,15.25,3.25],"texture":"#0"},"up":{"uv":[10.75,3,9,0.25],"texture":"#0"},"down":{"uv":[12.5,0.25,10.75,3],"texture":"#0"}}},{"from":[5.5,9,2.5],"to":[12.5,10,13.5],"rotation":{"angle":-22.5,"axis":"y","origin":[7,7.5,8]},"faces":{"north":{"uv":[2.75,2.75,4.5,3],"texture":"#0"},"east":{"uv":[0,2.75,2.75,3],"texture":"#0"},"south":{"uv":[7.25,2.75,9,3],"texture":"#0"},"up":{"uv":[4.5,2.75,2.75,0],"texture":"#0"},"down":{"uv":[6.25,0,4.5,2.75],"texture":"#0"}}},{"from":[5,6,3],"to":[12,9,13],"rotation":{"angle":-22.5,"axis":"y","origin":[7,7.5,8]},"faces":{"north":{"uv":[9,6,10.75,6.75],"texture":"#0"},"east":{"uv":[6.5,6,9,6.75],"texture":"#0"},"south":{"uv":[13.25,6,15,6.75],"texture":"#0"}}},{"from":[4.5,5,2.5],"to":[5.5,10,13.5],"rotation":{"angle":-22.5,"axis":"y","origin":[7,7.5,8]},"faces":{"north":{"uv":[2.75,11.75,3,13],"texture":"#0"},"east":{"uv":[0,11.75,2.75,13],"texture":"#0"},"south":{"uv":[5.75,11.75,6,13],"texture":"#0"},"west":{"uv":[3,11.75,5.75,13],"texture":"#0"},"up":{"uv":[3,11.75,2.75,9],"texture":"#0"},"down":{"uv":[3.25,9,3,11.75],"texture":"#0"}}},{"from":[5.5,5,2.5],"to":[12.5,6,13.5],"rotation":{"angle":-22.5,"axis":"y","origin":[7,7.5,8]},"faces":{"north":{"uv":[9,3,10.75,3.25],"texture":"#0"},"east":{"uv":[6.25,3,9,3.25],"texture":"#0"},"south":{"uv":[13.5,3,15.25,3.25],"texture":"#0"},"up":{"uv":[10.75,3,9,0.25],"texture":"#0"},"down":{"uv":[12.5,0.25,10.75,3],"texture":"#0"}}}],"display":{"thirdperson_righthand":{"rotation":[60,-160,0],"translation":[-1.25,5.5,3.25],"scale":[0.7,0.7,0.7]},"thirdperson_lefthand":{"rotation":[60,-160,0],"translation":[-1.25,5.5,3.25],"scale":[0.7,0.7,0.7]},"firstperson_righthand":{"rotation":[0,-165,-6],"translation":[0.25,3,0],"scale":[0.6,0.6,0.6]},"firstperson_lefthand":{"rotation":[0,-165,-6],"translation":[0.25,3,0],"scale":[0.6,0.6,0.6]},"ground":{"translation":[0,2,1],"scale":[0.6,0.6,0.6]},"gui":{"rotation":[30,-40,0],"translation":[0.25,2.5,0],"scale":[0.8,0.8,0.8]},"head":{"translation":[0,-30.4,0],"scale":[1.6,1.6,1.6]},"fixed":{"rotation":[90,0,-180],"translation":[0,0,-16],"scale":[2,2,2]}}}