{"textures":{"0":"modelengine:entity/dragon_glacial"},"elements":[{"from":[-0.17079258,7.4142857,1.1887817],"to":[8.400637,8.557143,2.9030676],"rotation":{"angle":22.5,"axis":"y","origin":[4.1149225,7.9857144,2.0459247]},"faces":{"east":{"uv":[10.1875,4.9375,10.375,5.0625],"rotation":0,"texture":"#0","tintindex":0},"south":{"uv":[10.0625,1.6875,9.125,1.5625],"rotation":0,"texture":"#0","tintindex":0},"north":{"uv":[9.125,1.5625,10.0625,1.6875],"rotation":0,"texture":"#0","tintindex":0},"west":{"uv":[10.1875,9.125,10.375,9.25],"rotation":0,"texture":"#0","tintindex":0},"up":{"uv":[9.4375,2.4375,8.5,2.25],"rotation":0,"texture":"#0","tintindex":0},"down":{"uv":[9.4375,2.4375,8.5,2.25],"rotation":0,"texture":"#0","tintindex":0}}},{"from":[-5.67642,7.428571,1.3244128],"to":[-3.9621344,8.571428,16.181557],"rotation":{"angle":-45.0,"axis":"y","origin":[-4.819278,8.0,8.752985]},"faces":{"east":{"uv":[9.875,3.8125,8.25,3.6875],"rotation":0,"texture":"#0","tintindex":0},"south":{"uv":[10.25,0.625,10.4375,0.75],"rotation":0,"texture":"#0","tintindex":0},"north":{"uv":[10.25,0.4375,10.4375,0.5625],"rotation":0,"texture":"#0","tintindex":0},"west":{"uv":[8.25,3.6875,9.875,3.8125],"rotation":0,"texture":"#0","tintindex":0},"up":{"uv":[5.75,8.9375,5.5625,7.3125],"rotation":0,"texture":"#0","tintindex":0},"down":{"uv":[5.5625,7.3125,5.75,8.9375],"rotation":0,"texture":"#0","tintindex":0}}},{"from":[-12.415455,8.0,0.0],"to":[8.155976,8.0,32.0],"rotation":{"angle":0.0,"axis":"y","origin":[-2.1297379,8.0,16.0]},"faces":{"east":{"uv":[10.3125,0.1875,13.8125,0.1875],"rotation":0,"texture":"#0","tintindex":0},"south":{"uv":[10.3125,2.375,12.5625,2.375],"rotation":0,"texture":"#0","tintindex":0},"north":{"uv":[10.25,2.75,12.5,2.75],"rotation":0,"texture":"#0","tintindex":0},"west":{"uv":[10.3125,2.4375,13.8125,2.4375],"rotation":0,"texture":"#0","tintindex":0},"up":{"uv":[2.25,3.5,0.0,0.0],"rotation":0,"texture":"#0","tintindex":0},"down":{"uv":[2.25,0.0,0.0,3.5],"rotation":0,"texture":"#0","tintindex":0}}},{"from":[-12.880194,8.014286,12.528186],"to":[-8.880194,8.014286,17.099615],"rotation":{"angle":-45.0,"axis":"y","origin":[-10.880194,8.014286,14.813901]},"faces":{"east":{"uv":[9.625,8.1875,10.125,8.1875],"rotation":0,"texture":"#0","tintindex":0},"south":{"uv":[9.125,1.75,9.5625,1.75],"rotation":0,"texture":"#0","tintindex":0},"north":{"uv":[7.6875,3.5625,8.125,3.5625],"rotation":0,"texture":"#0","tintindex":0},"west":{"uv":[10.3125,8.75,10.8125,8.75],"rotation":0,"texture":"#0","tintindex":0},"up":{"uv":[8.375,5.0,7.9375,4.5],"rotation":0,"texture":"#0","tintindex":0},"down":{"uv":[8.375,4.5,7.9375,5.0],"rotation":0,"texture":"#0","tintindex":0}}}],"display":{"head":{"translation":[0.0,-6.4,30.387192],"scale":[4.0,4.0,4.0]}}}