{"textures":{"0":"modelengine:entity/dragon_glacial"},"elements":[{"from":[6.610337,4.9081354,7.38341],"to":[9.46748,8.908135,10.811981],"rotation":{"angle":-45.0,"axis":"x","origin":[8.038908,6.9081354,9.097695]},"faces":{"east":{"uv":[2.8125,8.5625,3.1875,9.0],"rotation":0,"texture":"#0","tintindex":0},"south":{"uv":[6.875,9.0,7.1875,9.4375],"rotation":0,"texture":"#0","tintindex":0},"north":{"uv":[6.875,9.0,7.1875,9.4375],"rotation":0,"texture":"#0","tintindex":0},"west":{"uv":[2.8125,8.5625,3.1875,9.0],"rotation":0,"texture":"#0","tintindex":0},"up":{"uv":[9.4375,3.375,9.125,3.0],"rotation":0,"texture":"#0","tintindex":0},"down":{"uv":[9.4375,3.375,9.125,3.0],"rotation":0,"texture":"#0","tintindex":0}}}],"display":{"head":{"translation":[0.0,-6.4,0.0],"scale":[4.0,4.0,4.0]}}}