{"textures":{"0":"modelengine:entity/eternal_wheel"},"elements":[{"name":"cube","from":[8.0,-5.8240013,-5.8240013],"to":[8.0,21.824001,21.824001],"rotation":{"angle":0.0,"axis":"x","origin":[8.0,8.0,8.0]},"faces":{"down":{"uv":[7.125,1.875,9.375,6.25],"rotation":0,"texture":"#0","tintindex":0},"east":{"uv":[4.0,4.125,0.0,8.125],"rotation":0,"texture":"#0","tintindex":0},"north":{"uv":[7.125,1.875,9.375,6.25],"rotation":0,"texture":"#0","tintindex":0},"south":{"uv":[7.125,1.875,9.375,6.25],"rotation":0,"texture":"#0","tintindex":0},"up":{"uv":[7.125,1.875,9.375,6.25],"rotation":0,"texture":"#0","tintindex":0},"west":{"uv":[0.0,4.125,4.0,8.125],"rotation":0,"texture":"#0","tintindex":0}}}],"display":{"head":{"translation":[0.0,-6.4,0.0],"rotation":[0.0,0.0,0.0],"scale":[3.8095,3.8095,3.8095]}}}