{"textures":{"0":"modelengine:entity/dragon_sculk"},"elements":[{"from":[6.5714283,8.047619,2.8571424],"to":[6.5714283,9.190476,8.0],"rotation":{"angle":0.0,"axis":"y","origin":[6.5714283,8.619047,5.428571]},"faces":{"east":{"uv":[7.25,1.5625,6.6875,1.6875],"rotation":0,"texture":"#0","tintindex":0},"south":{"uv":[7.375,4.0625,7.375,4.1875],"rotation":0,"texture":"#0","tintindex":0},"north":{"uv":[4.875,3.375,4.875,3.5],"rotation":0,"texture":"#0","tintindex":0},"west":{"uv":[6.6875,1.5625,7.25,1.6875],"rotation":0,"texture":"#0","tintindex":0},"up":{"uv":[5.5,10.875,5.5,10.3125],"rotation":0,"texture":"#0","tintindex":0},"down":{"uv":[7.0,10.3125,7.0,10.875],"rotation":0,"texture":"#0","tintindex":0}}},{"from":[9.428572,8.047619,2.8571424],"to":[9.428572,9.190476,8.0],"rotation":{"angle":0.0,"axis":"y","origin":[9.428572,8.619047,5.428571]},"faces":{"east":{"uv":[7.25,1.5625,6.6875,1.6875],"rotation":0,"texture":"#0","tintindex":0},"south":{"uv":[7.375,4.0625,7.375,4.1875],"rotation":0,"texture":"#0","tintindex":0},"north":{"uv":[4.875,3.375,4.875,3.5],"rotation":0,"texture":"#0","tintindex":0},"west":{"uv":[6.6875,1.5625,7.25,1.6875],"rotation":0,"texture":"#0","tintindex":0},"up":{"uv":[5.5,10.875,5.5,10.3125],"rotation":0,"texture":"#0","tintindex":0},"down":{"uv":[7.0,10.3125,7.0,10.875],"rotation":0,"texture":"#0","tintindex":0}}},{"from":[6.5714283,6.333333,2.8571424],"to":[9.428572,8.047619,8.0],"rotation":{"angle":0.0,"axis":"y","origin":[8.0,7.1904764,5.428571]},"faces":{"east":{"uv":[9.1875,6.8125,9.75,7.0],"rotation":0,"texture":"#0","tintindex":0},"south":{"uv":[8.125,9.6875,8.4375,9.875],"rotation":0,"texture":"#0","tintindex":0},"north":{"uv":[7.75,9.6875,8.0625,9.875],"rotation":0,"texture":"#0","tintindex":0},"west":{"uv":[9.1875,7.0625,9.75,7.25],"rotation":0,"texture":"#0","tintindex":0},"up":{"uv":[7.625,8.9375,7.3125,8.375],"rotation":0,"texture":"#0","tintindex":0},"down":{"uv":[0.3125,8.4375,0.0,9.0],"rotation":0,"texture":"#0","tintindex":0}}},{"from":[8.0,3.4761906,2.8571424],"to":[8.0,6.333333,8.0],"rotation":{"angle":0.0,"axis":"y","origin":[8.0,4.904762,5.428571]},"faces":{"east":{"uv":[8.5,3.125,9.0625,3.4375],"rotation":0,"texture":"#0","tintindex":0},"south":{"uv":[1.1875,9.5,1.1875,9.8125],"rotation":0,"texture":"#0","tintindex":0},"north":{"uv":[1.8125,9.4375,1.8125,9.75],"rotation":0,"texture":"#0","tintindex":0},"west":{"uv":[8.5625,0.0,9.125,0.3125],"rotation":0,"texture":"#0","tintindex":0},"up":{"uv":[1.375,10.8125,1.375,10.25],"rotation":0,"texture":"#0","tintindex":0},"down":{"uv":[2.9375,10.25,2.9375,10.8125],"rotation":0,"texture":"#0","tintindex":0}}}],"display":{"head":{"translation":[0.0,-6.4,0.0],"scale":[4.0,4.0,4.0]}}}