{"textures":{"0":"modelengine:entity/dragon_sculk"},"elements":[{"from":[5.1441174,4.2751875,2.0909166],"to":[10.858403,9.418045,8.376631],"rotation":{"angle":-22.5,"axis":"x","origin":[8.001261,6.8466163,5.233773]},"faces":{"east":{"uv":[6.5625,1.75,7.25,2.3125],"rotation":0,"texture":"#0","tintindex":0},"south":{"uv":[6.75,4.875,7.375,5.4375],"rotation":0,"texture":"#0","tintindex":0},"north":{"uv":[6.75,4.25,7.375,4.8125],"rotation":0,"texture":"#0","tintindex":0},"west":{"uv":[6.625,3.625,7.3125,4.1875],"rotation":0,"texture":"#0","tintindex":0},"up":{"uv":[7.125,0.6875,6.5,0.0],"rotation":0,"texture":"#0","tintindex":0},"down":{"uv":[4.625,6.5,4.0,7.1875],"rotation":0,"texture":"#0","tintindex":0}}}],"display":{"head":{"translation":[0.0,-6.4,0.0],"scale":[4.0,4.0,4.0]}}}