{"textures":{"0":"modelengine:entity/dragon_sculk"},"elements":[{"from":[6.857143,3.1258278,4.8020954],"to":[6.857143,5.411542,6.5163813],"rotation":{"angle":0.0,"axis":"y","origin":[6.857143,4.268685,5.6592383]},"faces":{"east":{"uv":[10.125,6.4375,9.9375,6.6875],"rotation":0,"texture":"#0","tintindex":0},"south":{"uv":[8.3125,4.1875,8.3125,4.4375],"rotation":0,"texture":"#0","tintindex":0},"north":{"uv":[8.125,0.0,8.125,0.25],"rotation":0,"texture":"#0","tintindex":0},"west":{"uv":[9.9375,6.4375,10.125,6.6875],"rotation":0,"texture":"#0","tintindex":0},"up":{"uv":[0.5,8.3125,0.5,8.125],"rotation":0,"texture":"#0","tintindex":0},"down":{"uv":[0.5625,8.125,0.5625,8.3125],"rotation":0,"texture":"#0","tintindex":0}}},{"from":[8.0,3.1258278,4.8020954],"to":[8.0,5.411542,6.5163813],"rotation":{"angle":0.0,"axis":"y","origin":[8.0,4.268685,5.6592383]},"faces":{"east":{"uv":[10.125,6.4375,9.9375,6.6875],"rotation":0,"texture":"#0","tintindex":0},"south":{"uv":[8.3125,4.1875,8.3125,4.4375],"rotation":0,"texture":"#0","tintindex":0},"north":{"uv":[8.125,0.0,8.125,0.25],"rotation":0,"texture":"#0","tintindex":0},"west":{"uv":[9.9375,6.4375,10.125,6.6875],"rotation":0,"texture":"#0","tintindex":0},"up":{"uv":[0.5,8.3125,0.5,8.125],"rotation":0,"texture":"#0","tintindex":0},"down":{"uv":[0.5625,8.125,0.5625,8.3125],"rotation":0,"texture":"#0","tintindex":0}}},{"from":[6.285714,5.138192,5.029553],"to":[7.428571,6.852478,6.17241],"rotation":{"angle":22.5,"axis":"x","origin":[6.857143,5.9953356,5.6009817]},"faces":{"east":{"uv":[8.1875,8.75,8.0625,8.9375],"rotation":0,"texture":"#0","tintindex":0},"south":{"uv":[7.0625,7.3125,6.9375,7.5],"rotation":0,"texture":"#0","tintindex":0},"north":{"uv":[6.6875,2.375,6.5625,2.5625],"rotation":0,"texture":"#0","tintindex":0},"west":{"uv":[4.8125,7.0625,4.6875,7.25],"rotation":0,"texture":"#0","tintindex":0},"up":{"uv":[8.25,5.875,8.375,5.75],"rotation":0,"texture":"#0","tintindex":0},"down":{"uv":[5.875,9.5,6.0,9.625],"rotation":0,"texture":"#0","tintindex":0}}},{"from":[7.428571,5.138192,5.029553],"to":[8.571428,6.852478,6.17241],"rotation":{"angle":22.5,"axis":"x","origin":[8.0,5.9953356,5.6009817]},"faces":{"east":{"uv":[8.1875,8.75,8.0625,8.9375],"rotation":0,"texture":"#0","tintindex":0},"south":{"uv":[7.0625,7.3125,6.9375,7.5],"rotation":0,"texture":"#0","tintindex":0},"north":{"uv":[6.6875,2.375,6.5625,2.5625],"rotation":0,"texture":"#0","tintindex":0},"west":{"uv":[4.8125,7.0625,4.6875,7.25],"rotation":0,"texture":"#0","tintindex":0},"up":{"uv":[8.25,5.875,8.375,5.75],"rotation":0,"texture":"#0","tintindex":0},"down":{"uv":[5.875,9.5,6.0,9.625],"rotation":0,"texture":"#0","tintindex":0}}},{"from":[9.142858,3.1258278,4.8020954],"to":[9.142858,5.411542,6.5163813],"rotation":{"angle":0.0,"axis":"y","origin":[9.142858,4.268685,5.6592383]},"faces":{"east":{"uv":[10.125,6.4375,9.9375,6.6875],"rotation":0,"texture":"#0","tintindex":0},"south":{"uv":[8.3125,4.1875,8.3125,4.4375],"rotation":0,"texture":"#0","tintindex":0},"north":{"uv":[8.125,0.0,8.125,0.25],"rotation":0,"texture":"#0","tintindex":0},"west":{"uv":[9.9375,6.4375,10.125,6.6875],"rotation":0,"texture":"#0","tintindex":0},"up":{"uv":[0.5,8.3125,0.5,8.125],"rotation":0,"texture":"#0","tintindex":0},"down":{"uv":[0.5625,8.125,0.5625,8.3125],"rotation":0,"texture":"#0","tintindex":0}}},{"from":[6.5714283,6.0650816,5.7907677],"to":[9.428572,8.350796,8.647911],"rotation":{"angle":-45.0,"axis":"x","origin":[8.0,7.207939,7.2193394]},"faces":{"east":{"uv":[1.0625,9.5,0.75,9.75],"rotation":0,"texture":"#0","tintindex":0},"south":{"uv":[6.375,9.375,6.0625,9.625],"rotation":0,"texture":"#0","tintindex":0},"north":{"uv":[6.375,9.375,6.0625,9.625],"rotation":0,"texture":"#0","tintindex":0},"west":{"uv":[1.0625,9.5,0.75,9.75],"rotation":0,"texture":"#0","tintindex":0},"up":{"uv":[2.625,9.625,2.9375,9.3125],"rotation":0,"texture":"#0","tintindex":0},"down":{"uv":[2.625,9.625,2.9375,9.3125],"rotation":0,"texture":"#0","tintindex":0}}},{"from":[8.571428,5.138192,5.029553],"to":[9.714286,6.852478,6.17241],"rotation":{"angle":22.5,"axis":"x","origin":[9.142858,5.9953356,5.6009817]},"faces":{"east":{"uv":[8.1875,8.75,8.0625,8.9375],"rotation":0,"texture":"#0","tintindex":0},"south":{"uv":[7.0625,7.3125,6.9375,7.5],"rotation":0,"texture":"#0","tintindex":0},"north":{"uv":[6.6875,2.375,6.5625,2.5625],"rotation":0,"texture":"#0","tintindex":0},"west":{"uv":[4.8125,7.0625,4.6875,7.25],"rotation":0,"texture":"#0","tintindex":0},"up":{"uv":[8.25,5.875,8.375,5.75],"rotation":0,"texture":"#0","tintindex":0},"down":{"uv":[5.875,9.5,6.0,9.625],"rotation":0,"texture":"#0","tintindex":0}}}],"display":{"head":{"translation":[0.0,-6.4,0.0],"scale":[4.0,4.0,4.0]}}}