{"textures":{"0":"modelengine:entity/deep_creature_dust"},"elements":[{"from":[-14.857143,-4.57143,2.8571424],"to":[21.714287,32.0,2.8571424],"rotation":{"angle":0.0,"axis":"y","origin":[8.0,-4.57143,8.0]},"faces":{"east":{"uv":[0.0,0.0,0.0,16.0],"rotation":0,"texture":"#0","tintindex":0},"south":{"uv":[16.0,0.0,0.0,16.0],"rotation":0,"texture":"#0","tintindex":0},"north":{"uv":[0.0,0.0,16.0,16.0],"rotation":0,"texture":"#0","tintindex":0},"west":{"uv":[0.0,0.0,0.0,16.0],"rotation":0,"texture":"#0","tintindex":0},"up":{"uv":[16.0,0.0,0.0,0.0],"rotation":0,"texture":"#0","tintindex":0},"down":{"uv":[16.0,0.0,0.0,0.0],"rotation":0,"texture":"#0","tintindex":0}}}],"display":{"head":{"translation":[0.0,43.88572,0.0],"scale":[4.0,4.0,4.0]}}}