{"credit":"MadewithBlockbench","texture_size":[64,64],"textures":{"0":"elitecreature:chinese_furniture_v1/chinese_tea_set","particle":"elitecreature:chinese_furniture_v1/chinese_tea_set"},"elements":[{"from":[3.5,1,16],"to":[9.5,5,16.5],"rotation":{"angle":0,"axis":"y","origin":[8,3.5,17]},"faces":{"north":{"uv":[7,4,8.5,5],"texture":"#0"},"east":{"uv":[7.375,0,7.5,1],"texture":"#0"},"south":{"uv":[4,6,5.5,7],"texture":"#0"},"west":{"uv":[5.75,1,5.875,2],"texture":"#0"},"up":{"uv":[5.75,1.5,5.625,0],"rotation":90,"texture":"#0"},"down":{"uv":[9.5,2,8,2.125],"texture":"#0"}}},{"from":[3.5,1,22.5],"to":[9.5,5,23],"rotation":{"angle":0,"axis":"y","origin":[8,3.5,17]},"faces":{"north":{"uv":[5.5,6,7,7],"texture":"#0"},"east":{"uv":[5.75,1,5.875,2],"texture":"#0"},"south":{"uv":[7,4,8.5,5],"texture":"#0"},"west":{"uv":[7.375,0,7.5,1],"texture":"#0"},"up":{"uv":[5.625,0,5.75,1.5],"rotation":90,"texture":"#0"},"down":{"uv":[2.5,8,4,8.125],"texture":"#0"}}},{"from":[6,2,23],"to":[7,2.5,24.5],"rotation":{"angle":0,"axis":"y","origin":[8,3.5,17]},"faces":{"north":{"uv":[8.75,3.25,9,3.375],"texture":"#0"},"east":{"uv":[8.75,1.25,9.125,1.375],"texture":"#0"},"south":{"uv":[8.75,3.5,9,3.625],"texture":"#0"},"west":{"uv":[8.75,1.25,9.125,1.375],"texture":"#0"},"up":{"uv":[8.5,8.375,8.25,8],"texture":"#0"},"down":{"uv":[8.5,8,8.25,8.375],"texture":"#0"}}},{"from":[6,4.5,23],"to":[7,5,24.5],"rotation":{"angle":0,"axis":"y","origin":[8,12.5,17]},"faces":{"north":{"uv":[8.75,3.375,9,3.25],"texture":"#0"},"east":{"uv":[8.75,1.375,9.125,1.25],"texture":"#0"},"south":{"uv":[8.75,3.625,9,3.5],"texture":"#0"},"west":{"uv":[8.75,1.375,9.125,1.25],"texture":"#0"},"up":{"uv":[8.5,8.375,8.25,8],"texture":"#0"},"down":{"uv":[8.5,8,8.25,8.375],"texture":"#0"}}},{"from":[6,2.5,24.25],"to":[7,4.5,24.75],"rotation":{"angle":0,"axis":"y","origin":[8,3.5,17]},"faces":{"north":{"uv":[6.75,8.25,7,8.75],"texture":"#0"},"east":{"uv":[8.5,4.5,8.625,5],"texture":"#0"},"south":{"uv":[6.75,8.25,7,8.75],"texture":"#0"},"west":{"uv":[8.5,4.5,8.625,5],"texture":"#0"},"up":{"uv":[9,3.875,8.75,3.75],"texture":"#0"},"down":{"uv":[9,4,8.75,4.125],"texture":"#0"}}},{"from":[3,1,16.5],"to":[10,5,22.5],"rotation":{"angle":0,"axis":"y","origin":[8,3.5,17]},"faces":{"north":{"uv":[5.75,0,7.5,1],"texture":"#0"},"east":{"uv":[7,4,8.5,5],"texture":"#0"},"south":{"uv":[5.75,1,7.5,2],"texture":"#0"},"west":{"uv":[7,4,8.5,5],"texture":"#0"},"up":{"uv":[5.75,1.5,4,0],"texture":"#0"},"down":{"uv":[5.75,1.5,4,3],"texture":"#0"}}},{"from":[3.5,5,16.5],"to":[9.5,5.5,22.5],"rotation":{"angle":0,"axis":"y","origin":[8,3.5,17]},"faces":{"north":{"uv":[8,7.75,9.5,7.875],"texture":"#0"},"east":{"uv":[8,7.75,9.5,7.875],"texture":"#0"},"south":{"uv":[8,7.75,9.5,7.875],"texture":"#0"},"west":{"uv":[8,7.75,9.5,7.875],"texture":"#0"},"up":{"uv":[5.5,4.5,4,3],"texture":"#0"},"down":{"uv":[5.5,4.5,4,6],"texture":"#0"}}},{"from":[3.75,5.5,16.75],"to":[9.25,6,22.25],"rotation":{"angle":0,"axis":"y","origin":[8,3.5,17]},"faces":{"north":{"uv":[8.25,5.75,9.625,5.875],"texture":"#0"},"east":{"uv":[8.25,5.75,9.625,5.875],"texture":"#0"},"south":{"uv":[8.25,5.75,9.625,5.875],"texture":"#0"},"west":{"uv":[8.25,5.75,9.625,5.875],"texture":"#0"},"up":{"uv":[6.875,4.375,5.5,3],"texture":"#0"},"down":{"uv":[6.875,4.5,5.5,5.875],"texture":"#0"}}},{"from":[6,6,19],"to":[7,7,20],"rotation":{"angle":0,"axis":"y","origin":[8,3.5,17]},"faces":{"north":{"uv":[5,8.5,5.25,8.75],"texture":"#0"},"east":{"uv":[5,8.5,5.25,8.75],"texture":"#0"},"south":{"uv":[5,8.5,5.25,8.75],"texture":"#0"},"west":{"uv":[5,8.5,5.25,8.75],"texture":"#0"},"up":{"uv":[5.5,8.75,5.25,8.5],"texture":"#0"},"down":{"uv":[8.75,6,8.5,6.25],"texture":"#0"}}},{"from":[6,3.97487,16.18198],"to":[7,6.97487,17.18198],"rotation":{"angle":-45,"axis":"x","origin":[8,3.5,17]},"faces":{"north":{"uv":[8.25,0.75,8.5,1.5],"texture":"#0"},"east":{"uv":[1,8.25,1.25,9],"texture":"#0"},"south":{"uv":[8.25,0.75,8.5,1.5],"texture":"#0"},"west":{"uv":[1,8.25,1.25,9],"texture":"#0"},"up":{"uv":[8.75,6.5,8.5,6.25],"texture":"#0"},"down":{"uv":[8.75,8,8.5,8.25],"texture":"#0"}}},{"from":[12,1,20],"to":[15,1.5,23],"rotation":{"angle":0,"axis":"y","origin":[8,3.5,17]},"faces":{"north":{"uv":[8.5,0.75,9.25,0.875],"texture":"#0"},"east":{"uv":[8.5,0.75,9.25,0.875],"texture":"#0"},"south":{"uv":[8.5,0.75,9.25,0.875],"texture":"#0"},"west":{"uv":[8.5,0.75,9.25,0.875],"texture":"#0"},"up":{"uv":[7.75,6.5,7,5.75],"texture":"#0"},"down":{"uv":[8,2,7.25,2.75],"texture":"#0"}}},{"from":[14.5,1.5,20],"to":[15,4,23],"rotation":{"angle":0,"axis":"y","origin":[8,3.5,17]},"faces":{"north":{"uv":[8.5,3,8.625,3.625],"texture":"#0"},"east":{"uv":[7.5,0,8.25,0.625],"texture":"#0"},"south":{"uv":[8.5,3,8.625,3.625],"texture":"#0"},"west":{"uv":[8.25,0,7.5,0.625],"texture":"#0"},"up":{"uv":[2.125,9.25,2,8.5],"texture":"#0"},"down":{"uv":[2.375,8.5,2.25,9.25],"texture":"#0"}}},{"from":[12,1.5,20],"to":[12.5,4,23],"rotation":{"angle":0,"axis":"y","origin":[12.25,2.75,-5.5]},"faces":{"north":{"uv":[8.625,3,8.5,3.625],"texture":"#0"},"east":{"uv":[8.25,0,7.5,0.625],"texture":"#0"},"south":{"uv":[8.625,3,8.5,3.625],"texture":"#0"},"west":{"uv":[7.5,0,8.25,0.625],"texture":"#0"},"up":{"uv":[2.125,8.5,2,9.25],"texture":"#0"},"down":{"uv":[2.375,9.25,2.25,8.5],"texture":"#0"}}},{"from":[12.5,1.5,22.5],"to":[14.5,4,23],"rotation":{"angle":0,"axis":"y","origin":[8,3.5,17]},"faces":{"north":{"uv":[1,8,0.5,8.625],"texture":"#0"},"east":{"uv":[4,8.5,4.125,9.125],"texture":"#0"},"south":{"uv":[0.5,8,1,8.625],"texture":"#0"},"west":{"uv":[4.25,8.5,4.375,9.125],"texture":"#0"},"up":{"uv":[0.5,8.875,0,8.75],"texture":"#0"},"down":{"uv":[9.25,0,8.75,0.125],"texture":"#0"}}},{"from":[12.5,1.5,20],"to":[14.5,4,20.5],"rotation":{"angle":0,"axis":"y","origin":[8,3.5,17]},"faces":{"north":{"uv":[0.5,8,1,8.625],"texture":"#0"},"east":{"uv":[4,8.5,4.125,9.125],"texture":"#0"},"south":{"uv":[1,8,0.5,8.625],"texture":"#0"},"west":{"uv":[4.25,8.5,4.375,9.125],"texture":"#0"},"up":{"uv":[0.5,8.875,0,8.75],"texture":"#0"},"down":{"uv":[9.25,0,8.75,0.125],"texture":"#0"}}},{"from":[12,1,15.5],"to":[15,1.5,18.5],"rotation":{"angle":0,"axis":"y","origin":[8,3.5,17]},"faces":{"north":{"uv":[8.5,0.75,9.25,0.875],"texture":"#0"},"east":{"uv":[8.5,0.75,9.25,0.875],"texture":"#0"},"south":{"uv":[8.5,0.75,9.25,0.875],"texture":"#0"},"west":{"uv":[8.5,0.75,9.25,0.875],"texture":"#0"},"up":{"uv":[7.75,6.5,7,5.75],"texture":"#0"},"down":{"uv":[8,2,7.25,2.75],"texture":"#0"}}},{"from":[14.5,1.5,15.5],"to":[15,4,18.5],"rotation":{"angle":0,"axis":"y","origin":[8,3.5,17]},"faces":{"north":{"uv":[8.5,3,8.625,3.625],"texture":"#0"},"east":{"uv":[7.5,0,8.25,0.625],"texture":"#0"},"south":{"uv":[8.5,3,8.625,3.625],"texture":"#0"},"west":{"uv":[8.25,0,7.5,0.625],"texture":"#0"},"up":{"uv":[2.125,9.25,2,8.5],"texture":"#0"},"down":{"uv":[2.375,8.5,2.25,9.25],"texture":"#0"}}},{"from":[12,1.5,15.5],"to":[12.5,4,18.5],"rotation":{"angle":0,"axis":"y","origin":[12.25,2.75,-5.5]},"faces":{"north":{"uv":[8.625,3,8.5,3.625],"texture":"#0"},"east":{"uv":[8.25,0,7.5,0.625],"texture":"#0"},"south":{"uv":[8.625,3,8.5,3.625],"texture":"#0"},"west":{"uv":[7.5,0,8.25,0.625],"texture":"#0"},"up":{"uv":[2.125,8.5,2,9.25],"texture":"#0"},"down":{"uv":[2.375,9.25,2.25,8.5],"texture":"#0"}}},{"from":[12.5,1.5,18],"to":[14.5,4,18.5],"rotation":{"angle":0,"axis":"y","origin":[8,3.5,17]},"faces":{"north":{"uv":[1,8,0.5,8.625],"texture":"#0"},"east":{"uv":[4,8.5,4.125,9.125],"texture":"#0"},"south":{"uv":[0.5,8,1,8.625],"texture":"#0"},"west":{"uv":[4.25,8.5,4.375,9.125],"texture":"#0"},"up":{"uv":[0.5,8.875,0,8.75],"texture":"#0"},"down":{"uv":[9.25,0,8.75,0.125],"texture":"#0"}}},{"from":[12.5,1.5,15.5],"to":[14.5,4,16],"rotation":{"angle":0,"axis":"y","origin":[8,3.5,17]},"faces":{"north":{"uv":[0.5,8,1,8.625],"texture":"#0"},"east":{"uv":[4,8.5,4.125,9.125],"texture":"#0"},"south":{"uv":[1,8,0.5,8.625],"texture":"#0"},"west":{"uv":[4.25,8.5,4.375,9.125],"texture":"#0"},"up":{"uv":[0.5,8.875,0,8.75],"texture":"#0"},"down":{"uv":[9.25,0,8.75,0.125],"texture":"#0"}}},{"from":[12,1,11],"to":[15,1.5,14],"rotation":{"angle":0,"axis":"y","origin":[8,3.5,17]},"faces":{"north":{"uv":[8.5,0.75,9.25,0.875],"texture":"#0"},"east":{"uv":[8.5,0.75,9.25,0.875],"texture":"#0"},"south":{"uv":[8.5,0.75,9.25,0.875],"texture":"#0"},"west":{"uv":[8.5,0.75,9.25,0.875],"texture":"#0"},"up":{"uv":[7.75,6.5,7,5.75],"texture":"#0"},"down":{"uv":[8,2,7.25,2.75],"texture":"#0"}}},{"from":[14.5,1.5,11],"to":[15,4,14],"rotation":{"angle":0,"axis":"y","origin":[8,3.5,17]},"faces":{"north":{"uv":[8.5,3,8.625,3.625],"texture":"#0"},"east":{"uv":[7.5,0,8.25,0.625],"texture":"#0"},"south":{"uv":[8.5,3,8.625,3.625],"texture":"#0"},"west":{"uv":[8.25,0,7.5,0.625],"texture":"#0"},"up":{"uv":[2.125,9.25,2,8.5],"texture":"#0"},"down":{"uv":[2.375,8.5,2.25,9.25],"texture":"#0"}}},{"from":[12,1.5,11],"to":[12.5,4,14],"rotation":{"angle":0,"axis":"y","origin":[12.25,2.75,-5.5]},"faces":{"north":{"uv":[8.625,3,8.5,3.625],"texture":"#0"},"east":{"uv":[8.25,0,7.5,0.625],"texture":"#0"},"south":{"uv":[8.625,3,8.5,3.625],"texture":"#0"},"west":{"uv":[7.5,0,8.25,0.625],"texture":"#0"},"up":{"uv":[2.125,8.5,2,9.25],"texture":"#0"},"down":{"uv":[2.375,9.25,2.25,8.5],"texture":"#0"}}},{"from":[12.5,1.5,13.5],"to":[14.5,4,14],"rotation":{"angle":0,"axis":"y","origin":[8,3.5,17]},"faces":{"north":{"uv":[1,8,0.5,8.625],"texture":"#0"},"east":{"uv":[4,8.5,4.125,9.125],"texture":"#0"},"south":{"uv":[0.5,8,1,8.625],"texture":"#0"},"west":{"uv":[4.25,8.5,4.375,9.125],"texture":"#0"},"up":{"uv":[0.5,8.875,0,8.75],"texture":"#0"},"down":{"uv":[9.25,0,8.75,0.125],"texture":"#0"}}},{"from":[12.5,1.5,11],"to":[14.5,4,11.5],"rotation":{"angle":0,"axis":"y","origin":[8,3.5,17]},"faces":{"north":{"uv":[0.5,8,1,8.625],"texture":"#0"},"east":{"uv":[4,8.5,4.125,9.125],"texture":"#0"},"south":{"uv":[1,8,0.5,8.625],"texture":"#0"},"west":{"uv":[4.25,8.5,4.375,9.125],"texture":"#0"},"up":{"uv":[0.5,8.875,0,8.75],"texture":"#0"},"down":{"uv":[9.25,0,8.75,0.125],"texture":"#0"}}},{"from":[8,1,11],"to":[11,1.5,14],"rotation":{"angle":0,"axis":"y","origin":[8,3.5,17]},"faces":{"north":{"uv":[8.5,0.75,9.25,0.875],"texture":"#0"},"east":{"uv":[8.5,0.75,9.25,0.875],"texture":"#0"},"south":{"uv":[8.5,0.75,9.25,0.875],"texture":"#0"},"west":{"uv":[8.5,0.75,9.25,0.875],"texture":"#0"},"up":{"uv":[7.75,6.5,7,5.75],"texture":"#0"},"down":{"uv":[8,2,7.25,2.75],"texture":"#0"}}},{"from":[10.5,1.5,11],"to":[11,4,14],"rotation":{"angle":0,"axis":"y","origin":[8,3.5,17]},"faces":{"north":{"uv":[8.5,3,8.625,3.625],"texture":"#0"},"east":{"uv":[7.5,0,8.25,0.625],"texture":"#0"},"south":{"uv":[8.5,3,8.625,3.625],"texture":"#0"},"west":{"uv":[8.25,0,7.5,0.625],"texture":"#0"},"up":{"uv":[2.125,9.25,2,8.5],"texture":"#0"},"down":{"uv":[2.375,8.5,2.25,9.25],"texture":"#0"}}},{"from":[8,1.5,11],"to":[8.5,4,14],"rotation":{"angle":0,"axis":"y","origin":[12.25,2.75,-5.5]},"faces":{"north":{"uv":[8.625,3,8.5,3.625],"texture":"#0"},"east":{"uv":[8.25,0,7.5,0.625],"texture":"#0"},"south":{"uv":[8.625,3,8.5,3.625],"texture":"#0"},"west":{"uv":[7.5,0,8.25,0.625],"texture":"#0"},"up":{"uv":[2.125,8.5,2,9.25],"texture":"#0"},"down":{"uv":[2.375,9.25,2.25,8.5],"texture":"#0"}}},{"from":[8.5,1.5,13.5],"to":[10.5,4,14],"rotation":{"angle":0,"axis":"y","origin":[8,3.5,17]},"faces":{"north":{"uv":[1,8,0.5,8.625],"texture":"#0"},"east":{"uv":[4,8.5,4.125,9.125],"texture":"#0"},"south":{"uv":[0.5,8,1,8.625],"texture":"#0"},"west":{"uv":[4.25,8.5,4.375,9.125],"texture":"#0"},"up":{"uv":[0.5,8.875,0,8.75],"texture":"#0"},"down":{"uv":[9.25,0,8.75,0.125],"texture":"#0"}}},{"from":[8.5,1.5,11],"to":[10.5,4,11.5],"rotation":{"angle":0,"axis":"y","origin":[8,3.5,17]},"faces":{"north":{"uv":[0.5,8,1,8.625],"texture":"#0"},"east":{"uv":[4,8.5,4.125,9.125],"texture":"#0"},"south":{"uv":[1,8,0.5,8.625],"texture":"#0"},"west":{"uv":[4.25,8.5,4.375,9.125],"texture":"#0"},"up":{"uv":[0.5,8.875,0,8.75],"texture":"#0"},"down":{"uv":[9.25,0,8.75,0.125],"texture":"#0"}}},{"from":[4,1,11],"to":[7,1.5,14],"rotation":{"angle":0,"axis":"y","origin":[8,3.5,17]},"faces":{"north":{"uv":[8.5,0.75,9.25,0.875],"texture":"#0"},"east":{"uv":[8.5,0.75,9.25,0.875],"texture":"#0"},"south":{"uv":[8.5,0.75,9.25,0.875],"texture":"#0"},"west":{"uv":[8.5,0.75,9.25,0.875],"texture":"#0"},"up":{"uv":[7.75,6.5,7,5.75],"texture":"#0"},"down":{"uv":[8,2,7.25,2.75],"texture":"#0"}}},{"from":[6.5,1.5,11],"to":[7,4,14],"rotation":{"angle":0,"axis":"y","origin":[8,3.5,17]},"faces":{"north":{"uv":[8.5,3,8.625,3.625],"texture":"#0"},"east":{"uv":[7.5,0,8.25,0.625],"texture":"#0"},"south":{"uv":[8.5,3,8.625,3.625],"texture":"#0"},"west":{"uv":[8.25,0,7.5,0.625],"texture":"#0"},"up":{"uv":[2.125,9.25,2,8.5],"texture":"#0"},"down":{"uv":[2.375,8.5,2.25,9.25],"texture":"#0"}}},{"from":[4,1.5,11],"to":[4.5,4,14],"rotation":{"angle":0,"axis":"y","origin":[12.25,2.75,-5.5]},"faces":{"north":{"uv":[8.625,3,8.5,3.625],"texture":"#0"},"east":{"uv":[8.25,0,7.5,0.625],"texture":"#0"},"south":{"uv":[8.625,3,8.5,3.625],"texture":"#0"},"west":{"uv":[7.5,0,8.25,0.625],"texture":"#0"},"up":{"uv":[2.125,8.5,2,9.25],"texture":"#0"},"down":{"uv":[2.375,9.25,2.25,8.5],"texture":"#0"}}},{"from":[4.5,1.5,13.5],"to":[6.5,4,14],"rotation":{"angle":0,"axis":"y","origin":[8,3.5,17]},"faces":{"north":{"uv":[1,8,0.5,8.625],"texture":"#0"},"east":{"uv":[4,8.5,4.125,9.125],"texture":"#0"},"south":{"uv":[0.5,8,1,8.625],"texture":"#0"},"west":{"uv":[4.25,8.5,4.375,9.125],"texture":"#0"},"up":{"uv":[0.5,8.875,0,8.75],"texture":"#0"},"down":{"uv":[9.25,0,8.75,0.125],"texture":"#0"}}},{"from":[4.5,1.5,11],"to":[6.5,4,11.5],"rotation":{"angle":0,"axis":"y","origin":[8,3.5,17]},"faces":{"north":{"uv":[0.5,8,1,8.625],"texture":"#0"},"east":{"uv":[4,8.5,4.125,9.125],"texture":"#0"},"south":{"uv":[1,8,0.5,8.625],"texture":"#0"},"west":{"uv":[4.25,8.5,4.375,9.125],"texture":"#0"},"up":{"uv":[0.5,8.875,0,8.75],"texture":"#0"},"down":{"uv":[9.25,0,8.75,0.125],"texture":"#0"}}},{"from":[0,0,9],"to":[16,1,25],"rotation":{"angle":0,"axis":"y","origin":[8,3.5,17]},"faces":{"north":{"uv":[7,5,11,5.25],"texture":"#0"},"east":{"uv":[11,5.5,7,5.75],"texture":"#0"},"south":{"uv":[5.5,7,9.5,7.25],"texture":"#0"},"west":{"uv":[7,5.5,11,5.75],"texture":"#0"},"up":{"uv":[4,4,0,0],"texture":"#0"},"down":{"uv":[4,4,0,8],"texture":"#0"}}},{"from":[0,1,24.5],"to":[16,1.5,25],"rotation":{"angle":0,"axis":"y","origin":[8,3.5,17]},"faces":{"north":{"uv":[11,6.75,7,6.875],"texture":"#0"},"east":{"uv":[8.75,4.5,8.875,4.625],"texture":"#0"},"south":{"uv":[7,6.75,11,6.875],"texture":"#0"},"west":{"uv":[8.75,4.5,8.875,4.625],"texture":"#0"},"up":{"uv":[11.25,2.875,7.25,2.75],"texture":"#0"},"down":{"uv":[9.5,7.25,5.5,7.375],"texture":"#0"}}},{"from":[0,1,9],"to":[16,1.5,9.5],"rotation":{"angle":0,"axis":"y","origin":[8,3.5,-1]},"faces":{"north":{"uv":[11,6.75,7,6.875],"texture":"#0"},"east":{"uv":[8.875,4.5,8.75,4.625],"texture":"#0"},"south":{"uv":[7,6.75,11,6.875],"texture":"#0"},"west":{"uv":[8.875,4.5,8.75,4.625],"texture":"#0"},"up":{"uv":[11.25,2.75,7.25,2.875],"texture":"#0"},"down":{"uv":[9.5,7.375,5.5,7.25],"texture":"#0"}}},{"from":[0,1,9.5],"to":[0.5,1.5,24.5],"rotation":{"angle":0,"axis":"y","origin":[8,3.5,17]},"faces":{"north":{"uv":[4.75,8.75,4.875,8.875],"texture":"#0"},"east":{"uv":[11.25,1.75,7.5,1.875],"texture":"#0"},"south":{"uv":[8.75,4.75,8.875,4.875],"texture":"#0"},"west":{"uv":[7.5,1.75,11.25,1.875],"texture":"#0"},"up":{"uv":[7.125,11.25,7,7.5],"texture":"#0"},"down":{"uv":[7.375,7.5,7.25,11.25],"texture":"#0"}}},{"from":[15.5,1,9.5],"to":[16,1.5,24.5],"rotation":{"angle":0,"axis":"y","origin":[8,3.5,17]},"faces":{"north":{"uv":[4.875,8.75,4.75,8.875],"texture":"#0"},"east":{"uv":[11.25,1.75,7.5,1.875],"texture":"#0"},"south":{"uv":[8.875,4.75,8.75,4.875],"texture":"#0"},"west":{"uv":[7.5,1.75,11.25,1.875],"texture":"#0"},"up":{"uv":[7,11.25,7.125,7.5],"texture":"#0"},"down":{"uv":[7.25,7.5,7.375,11.25],"texture":"#0"}}}],"gui_light":"front","display":{"thirdperson_righthand":{"translation":[0,2.75,0],"scale":[0.35,0.35,0.35]},"thirdperson_lefthand":{"translation":[0,2.75,0],"scale":[0.35,0.35,0.35]},"firstperson_righthand":{"translation":[-4,8,0],"scale":[0.45,0.45,0.45]},"firstperson_lefthand":{"translation":[-4,8,0],"scale":[0.45,0.45,0.45]},"ground":{"translation":[0,3,-5.25],"scale":[0.55,0.55,0.55]},"gui":{"rotation":[30,225,0],"translation":[3.25,0,0],"scale":[0.48,0.48,0.48]},"head":{"translation":[0,13.5,-9]},"fixed":{"rotation":[-90,180,0],"translation":[0,14.5,-12.5],"scale":[1.6,1.6,1.6]}}}