{"credit":"MadewithBlockbench","texture_size":[64,64],"textures":{"0":"elitecreature:chinese_furniture_v1/chinese_partition","particle":"elitecreature:chinese_furniture_v1/chinese_partition"},"elements":[{"from":[0,-8,12],"to":[1,30,13],"faces":{"north":{"uv":[7.75,0,7.5,9.5],"texture":"#0"},"east":{"uv":[7.25,0,7.5,9.5],"texture":"#0"},"south":{"uv":[7.5,0,7.75,9.5],"texture":"#0"},"west":{"uv":[7.75,0,8,9.5],"texture":"#0"},"up":{"uv":[8.25,3.25,8,3],"texture":"#0"},"down":{"uv":[8.25,3,8,3.25],"texture":"#0"}}},{"from":[15,-8,12],"to":[16,30,13],"rotation":{"angle":0,"axis":"y","origin":[16,0,0]},"faces":{"north":{"uv":[7.5,0,7.75,9.5],"texture":"#0"},"east":{"uv":[8,0,7.75,9.5],"texture":"#0"},"south":{"uv":[7.75,0,7.5,9.5],"texture":"#0"},"west":{"uv":[7.5,0,7.25,9.5],"texture":"#0"},"up":{"uv":[8,3.25,8.25,3],"texture":"#0"},"down":{"uv":[8,3,8.25,3.25],"texture":"#0"}}},{"from":[1,9,12],"to":[15,10,13],"faces":{"north":{"uv":[8,1.25,11.5,1.5],"texture":"#0"},"east":{"uv":[8,4,8.25,4.25],"texture":"#0"},"south":{"uv":[11.5,1.25,8,1.5],"texture":"#0"},"west":{"uv":[8,4.25,8.25,4.5],"texture":"#0"},"up":{"uv":[11.5,1.75,8,1.5],"texture":"#0"},"down":{"uv":[11.5,1.75,8,2],"texture":"#0"}}},{"from":[1,26,12],"to":[15,27,13],"faces":{"north":{"uv":[8,1.25,11.5,1.5],"texture":"#0"},"east":{"uv":[8,4,8.25,4.25],"texture":"#0"},"south":{"uv":[11.5,1.25,8,1.5],"texture":"#0"},"west":{"uv":[8,4.25,8.25,4.5],"texture":"#0"},"up":{"uv":[11.5,1.75,8,1.5],"texture":"#0"},"down":{"uv":[11.5,1.75,8,2],"texture":"#0"}}},{"from":[1,-6,12],"to":[15,-5,13],"faces":{"north":{"uv":[8,1.25,11.5,1.5],"texture":"#0"},"east":{"uv":[8,4,8.25,4.25],"texture":"#0"},"south":{"uv":[11.5,1.25,8,1.5],"texture":"#0"},"west":{"uv":[8,4.25,8.25,4.5],"texture":"#0"},"up":{"uv":[11.5,1.75,8,1.5],"texture":"#0"},"down":{"uv":[11.5,1.75,8,2],"texture":"#0"}}},{"from":[1,-5,12.5],"to":[15,32,12.5],"faces":{"north":{"uv":[7,0,3.5,9.25],"texture":"#0"},"east":{"uv":[0,0,0,9.25],"texture":"#0"},"south":{"uv":[3.5,0,7,9.25],"texture":"#0"},"west":{"uv":[0,0,0,9.25],"texture":"#0"},"up":{"uv":[3.5,0,0,0],"texture":"#0"},"down":{"uv":[3.5,0,0,0],"texture":"#0"}}}],"gui_light":"front","display":{"thirdperson_righthand":{"translation":[0,1.5,0],"scale":[0.17,0.17,0.17]},"thirdperson_lefthand":{"translation":[0,1.5,0],"scale":[0.17,0.17,0.17]},"firstperson_righthand":{"rotation":[0,-90,0],"translation":[4.25,2.5,0],"scale":[0.71,0.71,0.71]},"firstperson_lefthand":{"rotation":[0,-90,0],"translation":[4.25,2.5,0],"scale":[0.71,0.71,0.71]},"ground":{"translation":[0,3,-1],"scale":[0.25,0.25,0.25]},"gui":{"rotation":[30,225,0],"translation":[1,-1.25,0],"scale":[0.26,0.26,0.26]},"head":{"translation":[0,-17.5,-7.25],"scale":[1.6,1.6,1.6]},"fixed":{"rotation":[-90,0,0],"translation":[0,-7.25,-25.25],"scale":[1.6,1.6,1.6]}}}