{"credit":"MadewithBlockbench","texture_size":[64,64],"textures":{"0":"elitecreature:chinese_furniture_v1/chinese_lamp_chandelier","particle":"elitecreature:chinese_furniture_v1/chinese_lamp_chandelier"},"elements":[{"from":[0,28,0],"to":[0,32,16],"rotation":{"angle":0,"axis":"y","origin":[0,16,0]},"faces":{"north":{"uv":[0,0,0,1],"texture":"#0"},"east":{"uv":[8,6,4,7],"texture":"#0"},"south":{"uv":[0,0,0,1],"texture":"#0"},"west":{"uv":[4,6,8,7],"texture":"#0"},"up":{"uv":[0,4,0,0],"texture":"#0"},"down":{"uv":[0,0,0,4],"texture":"#0"}}},{"from":[16,28,0],"to":[16,32,16],"rotation":{"angle":0,"axis":"y","origin":[0,16,0]},"faces":{"north":{"uv":[0,0,0,1],"texture":"#0"},"east":{"uv":[4,6,8,7],"texture":"#0"},"south":{"uv":[0,0,0,1],"texture":"#0"},"west":{"uv":[8,6,4,7],"texture":"#0"},"up":{"uv":[0,4,0,0],"texture":"#0"},"down":{"uv":[0,0,0,4],"texture":"#0"}}},{"from":[0,28,16],"to":[16,32,16],"rotation":{"angle":0,"axis":"y","origin":[8,30,8]},"faces":{"north":{"uv":[8,6,4,7],"texture":"#0"},"east":{"uv":[0,0,0,1],"texture":"#0"},"south":{"uv":[4,6,8,7],"texture":"#0"},"west":{"uv":[0,0,0,1],"texture":"#0"},"up":{"uv":[0,4,0,0],"rotation":90,"texture":"#0"},"down":{"uv":[0,0,0,4],"rotation":270,"texture":"#0"}}},{"from":[0,28,0],"to":[16,32,0],"rotation":{"angle":0,"axis":"y","origin":[8,30,8]},"faces":{"north":{"uv":[4,6,8,7],"texture":"#0"},"east":{"uv":[0,0,0,1],"texture":"#0"},"south":{"uv":[8,6,4,7],"texture":"#0"},"west":{"uv":[0,0,0,1],"texture":"#0"},"up":{"uv":[0,4,0,0],"rotation":90,"texture":"#0"},"down":{"uv":[0,0,0,4],"rotation":270,"texture":"#0"}}},{"from":[0,24,0],"to":[16,28,16],"rotation":{"angle":0,"axis":"y","origin":[0,16,0]},"faces":{"north":{"uv":[6.5,2,10.5,3],"texture":"#0"},"east":{"uv":[6.5,2,10.5,3],"texture":"#0"},"south":{"uv":[6.5,2,10.5,3],"texture":"#0"},"west":{"uv":[6.5,2,10.5,3],"texture":"#0"},"up":{"uv":[4,4,0,0],"texture":"#0"},"down":{"uv":[4,4,0,8],"texture":"#0"}}},{"from":[-4,24,8],"to":[0,28,8],"rotation":{"angle":0,"axis":"y","origin":[8,10,8]},"faces":{"north":{"uv":[2.5,8,3.5,9],"texture":"#0"},"east":{"uv":[0,0,0,1],"texture":"#0"},"south":{"uv":[3.5,8,2.5,9],"texture":"#0"},"west":{"uv":[0,0,0,1],"texture":"#0"},"up":{"uv":[1,0,0,0],"texture":"#0"},"down":{"uv":[1,0,0,0],"texture":"#0"}}},{"from":[-3.5,20,7.5],"to":[-2.5,27,8.5],"rotation":{"angle":0,"axis":"y","origin":[-3,4.5,8]},"faces":{"north":{"uv":[5.5,8.75,5.75,10.5],"texture":"#0"},"east":{"uv":[5.5,8.75,5.75,10.5],"texture":"#0"},"south":{"uv":[5.5,8.75,5.75,10.5],"texture":"#0"},"west":{"uv":[5.5,8.75,5.75,10.5],"texture":"#0"},"up":{"uv":[8.25,7,8,6.75],"texture":"#0"},"down":{"uv":[8.5,6.75,8.25,7],"texture":"#0"}}},{"from":[0,17,0],"to":[1,24,1],"rotation":{"angle":0,"axis":"y","origin":[-3,4.5,8]},"faces":{"north":{"uv":[5.5,8.75,5.75,10.5],"texture":"#0"},"east":{"uv":[5.5,8.75,5.75,10.5],"texture":"#0"},"south":{"uv":[5.5,8.75,5.75,10.5],"texture":"#0"},"west":{"uv":[5.5,8.75,5.75,10.5],"texture":"#0"},"up":{"uv":[8.25,7,8,6.75],"texture":"#0"},"down":{"uv":[8.5,6.75,8.25,7],"texture":"#0"}}},{"from":[0,17,15],"to":[1,24,16],"rotation":{"angle":0,"axis":"y","origin":[-3,4.5,8]},"faces":{"north":{"uv":[5.5,8.75,5.75,10.5],"texture":"#0"},"east":{"uv":[5.5,8.75,5.75,10.5],"texture":"#0"},"south":{"uv":[5.5,8.75,5.75,10.5],"texture":"#0"},"west":{"uv":[5.5,8.75,5.75,10.5],"texture":"#0"},"up":{"uv":[8.25,7,8,6.75],"texture":"#0"},"down":{"uv":[8.5,6.75,8.25,7],"texture":"#0"}}},{"from":[2.75,12,2.75],"to":[3.75,19,3.75],"rotation":{"angle":0,"axis":"y","origin":[-3,4.5,8]},"faces":{"north":{"uv":[5.5,8.75,5.75,10.5],"texture":"#0"},"east":{"uv":[5.5,8.75,5.75,10.5],"texture":"#0"},"south":{"uv":[5.5,8.75,5.75,10.5],"texture":"#0"},"west":{"uv":[5.5,8.75,5.75,10.5],"texture":"#0"},"up":{"uv":[8.25,7,8,6.75],"texture":"#0"},"down":{"uv":[8.5,6.75,8.25,7],"texture":"#0"}}},{"from":[2.75,12,12.25],"to":[3.75,19,13.25],"rotation":{"angle":0,"axis":"y","origin":[-3,4.5,8]},"faces":{"north":{"uv":[5.75,8.75,5.5,10.5],"texture":"#0"},"east":{"uv":[5.75,8.75,5.5,10.5],"texture":"#0"},"south":{"uv":[5.75,8.75,5.5,10.5],"texture":"#0"},"west":{"uv":[5.75,8.75,5.5,10.5],"texture":"#0"},"up":{"uv":[8.25,6.75,8,7],"texture":"#0"},"down":{"uv":[8.5,7,8.25,6.75],"texture":"#0"}}},{"from":[12.25,12,12.25],"to":[13.25,19,13.25],"rotation":{"angle":0,"axis":"y","origin":[16,4.5,8]},"faces":{"north":{"uv":[5.5,8.75,5.75,10.5],"texture":"#0"},"east":{"uv":[5.5,8.75,5.75,10.5],"texture":"#0"},"south":{"uv":[5.5,8.75,5.75,10.5],"texture":"#0"},"west":{"uv":[5.5,8.75,5.75,10.5],"texture":"#0"},"up":{"uv":[8,6.75,8.25,7],"texture":"#0"},"down":{"uv":[8.25,7,8.5,6.75],"texture":"#0"}}},{"from":[12.25,12,2.75],"to":[13.25,19,3.75],"rotation":{"angle":0,"axis":"y","origin":[19,4.5,8]},"faces":{"north":{"uv":[5.75,8.75,5.5,10.5],"texture":"#0"},"east":{"uv":[5.75,8.75,5.5,10.5],"texture":"#0"},"south":{"uv":[5.75,8.75,5.5,10.5],"texture":"#0"},"west":{"uv":[5.75,8.75,5.5,10.5],"texture":"#0"},"up":{"uv":[8,7,8.25,6.75],"texture":"#0"},"down":{"uv":[8.25,6.75,8.5,7],"texture":"#0"}}},{"from":[15,17,15],"to":[16,24,16],"rotation":{"angle":0,"axis":"y","origin":[-3,4.5,8]},"faces":{"north":{"uv":[5.5,8.75,5.75,10.5],"texture":"#0"},"east":{"uv":[5.5,8.75,5.75,10.5],"texture":"#0"},"south":{"uv":[5.5,8.75,5.75,10.5],"texture":"#0"},"west":{"uv":[5.5,8.75,5.75,10.5],"texture":"#0"},"up":{"uv":[8.25,7,8,6.75],"texture":"#0"},"down":{"uv":[8.5,6.75,8.25,7],"texture":"#0"}}},{"from":[15,17,0],"to":[16,24,1],"rotation":{"angle":0,"axis":"y","origin":[-3,4.5,8]},"faces":{"north":{"uv":[5.5,8.75,5.75,10.5],"texture":"#0"},"east":{"uv":[5.5,8.75,5.75,10.5],"texture":"#0"},"south":{"uv":[5.5,8.75,5.75,10.5],"texture":"#0"},"west":{"uv":[5.5,8.75,5.75,10.5],"texture":"#0"},"up":{"uv":[8.25,7,8,6.75],"texture":"#0"},"down":{"uv":[8.5,6.75,8.25,7],"texture":"#0"}}},{"from":[18.5,20,7.5],"to":[19.5,27,8.5],"rotation":{"angle":0,"axis":"y","origin":[19,4.5,8]},"faces":{"north":{"uv":[5.75,8.75,5.5,10.5],"texture":"#0"},"east":{"uv":[5.75,8.75,5.5,10.5],"texture":"#0"},"south":{"uv":[5.75,8.75,5.5,10.5],"texture":"#0"},"west":{"uv":[5.75,8.75,5.5,10.5],"texture":"#0"},"up":{"uv":[8,7,8.25,6.75],"texture":"#0"},"down":{"uv":[8.25,6.75,8.5,7],"texture":"#0"}}},{"from":[16,24,8],"to":[20,28,8],"rotation":{"angle":0,"axis":"y","origin":[8,10,8]},"faces":{"north":{"uv":[3.5,8,2.5,9],"texture":"#0"},"east":{"uv":[0,0,0,1],"texture":"#0"},"south":{"uv":[2.5,8,3.5,9],"texture":"#0"},"west":{"uv":[0,0,0,1],"texture":"#0"},"up":{"uv":[0,0,1,0],"texture":"#0"},"down":{"uv":[0,0,1,0],"texture":"#0"}}},{"from":[7.5,20,18.5],"to":[8.5,27,19.5],"rotation":{"angle":0,"axis":"y","origin":[8,24.75,8]},"faces":{"north":{"uv":[5.75,8.75,5.5,10.5],"texture":"#0"},"east":{"uv":[5.75,8.75,5.5,10.5],"texture":"#0"},"south":{"uv":[5.75,8.75,5.5,10.5],"texture":"#0"},"west":{"uv":[5.75,8.75,5.5,10.5],"texture":"#0"},"up":{"uv":[8,7,8.25,6.75],"rotation":90,"texture":"#0"},"down":{"uv":[8.25,6.75,8.5,7],"rotation":270,"texture":"#0"}}},{"from":[8,24,16],"to":[8,28,20],"rotation":{"angle":0,"axis":"y","origin":[8,24.75,8]},"faces":{"north":{"uv":[0,0,0,1],"texture":"#0"},"east":{"uv":[3.5,8,2.5,9],"texture":"#0"},"south":{"uv":[0,0,0,1],"texture":"#0"},"west":{"uv":[2.5,8,3.5,9],"texture":"#0"},"up":{"uv":[0,0,1,0],"rotation":90,"texture":"#0"},"down":{"uv":[0,0,1,0],"rotation":270,"texture":"#0"}}},{"from":[8,24,-4],"to":[8,28,0],"rotation":{"angle":0,"axis":"y","origin":[8,24.75,8]},"faces":{"north":{"uv":[0,0,0,1],"texture":"#0"},"east":{"uv":[2.5,8,3.5,9],"texture":"#0"},"south":{"uv":[0,0,0,1],"texture":"#0"},"west":{"uv":[3.5,8,2.5,9],"texture":"#0"},"up":{"uv":[1,0,0,0],"rotation":90,"texture":"#0"},"down":{"uv":[1,0,0,0],"rotation":270,"texture":"#0"}}},{"from":[7.5,20,-3.5],"to":[8.5,27,-2.5],"rotation":{"angle":0,"axis":"y","origin":[8,24.75,8]},"faces":{"north":{"uv":[5.5,8.75,5.75,10.5],"texture":"#0"},"east":{"uv":[5.5,8.75,5.75,10.5],"texture":"#0"},"south":{"uv":[5.5,8.75,5.75,10.5],"texture":"#0"},"west":{"uv":[5.5,8.75,5.75,10.5],"texture":"#0"},"up":{"uv":[8.25,7,8,6.75],"rotation":90,"texture":"#0"},"down":{"uv":[8.5,6.75,8.25,7],"rotation":270,"texture":"#0"}}},{"from":[3,19,3],"to":[3,20,13],"rotation":{"angle":0,"axis":"y","origin":[0,16,0]},"faces":{"north":{"uv":[0,0,0,0.25],"texture":"#0"},"east":{"uv":[10.5,6,8,6.25],"texture":"#0"},"south":{"uv":[0,0,0,0.25],"texture":"#0"},"west":{"uv":[8,6,10.5,6.25],"texture":"#0"},"up":{"uv":[0,2.5,0,0],"texture":"#0"},"down":{"uv":[0,0,0,2.5],"texture":"#0"}}},{"from":[3,19,3],"to":[13,20,3],"rotation":{"angle":0,"axis":"y","origin":[3,19.5,8]},"faces":{"north":{"uv":[8,6,10.5,6.25],"texture":"#0"},"east":{"uv":[0,0,0,0.25],"texture":"#0"},"south":{"uv":[10.5,6,8,6.25],"texture":"#0"},"west":{"uv":[0,0,0,0.25],"texture":"#0"},"up":{"uv":[0,2.5,0,0],"rotation":90,"texture":"#0"},"down":{"uv":[0,0,0,2.5],"rotation":270,"texture":"#0"}}},{"from":[3,19,13],"to":[13,20,13],"rotation":{"angle":0,"axis":"y","origin":[5.5,19.5,5.5]},"faces":{"north":{"uv":[10.5,6,8,6.25],"texture":"#0"},"east":{"uv":[0,0,0,0.25],"texture":"#0"},"south":{"uv":[8,6,10.5,6.25],"texture":"#0"},"west":{"uv":[0,0,0,0.25],"texture":"#0"},"up":{"uv":[0,2.5,0,0],"rotation":270,"texture":"#0"},"down":{"uv":[0,0,0,2.5],"rotation":90,"texture":"#0"}}},{"from":[13,19,3],"to":[13,20,13],"rotation":{"angle":0,"axis":"y","origin":[5.5,19.5,5.5]},"faces":{"north":{"uv":[0,0,0,0.25],"texture":"#0"},"east":{"uv":[8,6,10.5,6.25],"texture":"#0"},"south":{"uv":[0,0,0,0.25],"texture":"#0"},"west":{"uv":[10.5,6,8,6.25],"texture":"#0"},"up":{"uv":[0,2.5,0,0],"rotation":180,"texture":"#0"},"down":{"uv":[0,0,0,2.5],"rotation":180,"texture":"#0"}}},{"from":[3,20,3],"to":[13,24,13],"rotation":{"angle":0,"axis":"y","origin":[8,16,8]},"faces":{"north":{"uv":[0,8,2.5,9],"texture":"#0"},"east":{"uv":[0,8,2.5,9],"texture":"#0"},"south":{"uv":[0,8,2.5,9],"texture":"#0"},"west":{"uv":[0,8,2.5,9],"texture":"#0"},"up":{"uv":[6.5,2.5,4,0],"texture":"#0"},"down":{"uv":[6.5,2.5,4,5],"texture":"#0"}}},{"from":[6,18,6],"to":[10,20,10],"rotation":{"angle":0,"axis":"y","origin":[0,16,0]},"faces":{"north":{"uv":[5.5,8.25,6.5,8.75],"texture":"#0"},"east":{"uv":[5.5,8.25,6.5,8.75],"texture":"#0"},"south":{"uv":[5.5,8.25,6.5,8.75],"texture":"#0"},"west":{"uv":[5.5,8.25,6.5,8.75],"texture":"#0"},"up":{"uv":[5.5,9,4.5,8],"texture":"#0"},"down":{"uv":[9,5,8,6],"texture":"#0"}}},{"from":[6,16,6],"to":[6,18,10],"rotation":{"angle":0,"axis":"y","origin":[8,1,8]},"faces":{"north":{"uv":[0,0,0,0.5],"texture":"#0"},"east":{"uv":[9.5,8.5,8.5,9],"texture":"#0"},"south":{"uv":[0,0,0,0.5],"texture":"#0"},"west":{"uv":[8.5,8.5,9.5,9],"texture":"#0"},"up":{"uv":[0,1,0,0],"texture":"#0"},"down":{"uv":[0,0,0,1],"texture":"#0"}}},{"from":[6,16,6],"to":[10,18,6],"rotation":{"angle":0,"axis":"y","origin":[6,17,8]},"faces":{"north":{"uv":[8.5,8.5,9.5,9],"texture":"#0"},"east":{"uv":[0,0,0,0.5],"texture":"#0"},"south":{"uv":[9.5,8.5,8.5,9],"texture":"#0"},"west":{"uv":[0,0,0,0.5],"texture":"#0"},"up":{"uv":[0,1,0,0],"rotation":90,"texture":"#0"},"down":{"uv":[0,0,0,1],"rotation":270,"texture":"#0"}}},{"from":[6,16,10],"to":[10,18,10],"rotation":{"angle":0,"axis":"y","origin":[7,17,7]},"faces":{"north":{"uv":[9.5,8.5,8.5,9],"texture":"#0"},"east":{"uv":[0,0,0,0.5],"texture":"#0"},"south":{"uv":[8.5,8.5,9.5,9],"texture":"#0"},"west":{"uv":[0,0,0,0.5],"texture":"#0"},"up":{"uv":[0,1,0,0],"rotation":270,"texture":"#0"},"down":{"uv":[0,0,0,1],"rotation":90,"texture":"#0"}}},{"from":[10,16,6],"to":[10,18,10],"rotation":{"angle":0,"axis":"y","origin":[7,17,7]},"faces":{"north":{"uv":[0,0,0,0.5],"texture":"#0"},"east":{"uv":[8.5,8.5,9.5,9],"texture":"#0"},"south":{"uv":[0,0,0,0.5],"texture":"#0"},"west":{"uv":[9.5,8.5,8.5,9],"texture":"#0"},"up":{"uv":[0,1,0,0],"rotation":180,"texture":"#0"},"down":{"uv":[0,0,0,1],"rotation":180,"texture":"#0"}}}],"gui_light":"front","display":{"thirdperson_righthand":{"translation":[0,-5.5,1],"scale":[0.55,0.55,0.55]},"thirdperson_lefthand":{"translation":[0,-5.5,1],"scale":[0.55,0.55,0.55]},"firstperson_righthand":{"rotation":[0,-90,25],"translation":[1.13,-6.05,1.13],"scale":[0.68,0.68,0.68]},"firstperson_lefthand":{"rotation":[0,-90,25],"translation":[1.13,-6.05,1.13],"scale":[0.68,0.68,0.68]},"ground":{"translation":[0,-2.25,0],"scale":[0.5,0.5,0.5]},"gui":{"rotation":[-32,225,0],"translation":[0,-5,0],"scale":[0.4,0.4,0.4]},"fixed":{"rotation":[90,0,0],"translation":[0,0,-38.25],"scale":[1.6,1.6,1.6]}}}