{"credit":"MadewithBlockbench","texture_size":[128,128],"textures":{"0":"modern:modern_table","particle":"modern:modern_table"},"elements":[{"name":"Box19","from":[-7,14,-6],"to":[23,16,23],"faces":{"north":{"uv":[3.625,3.625,7.375,3.875],"texture":"#0"},"east":{"uv":[0,3.625,3.625,3.875],"texture":"#0"},"south":{"uv":[11,3.625,14.75,3.875],"texture":"#0"},"west":{"uv":[7.375,3.625,11,3.875],"texture":"#0"},"up":{"uv":[7.375,3.625,3.625,0],"texture":"#0"},"down":{"uv":[11.125,0,7.375,3.625],"texture":"#0"}}},{"name":"Box20","from":[-1,12,-6],"to":[17,14,-6],"faces":{"north":{"uv":[7.75,4.375,10,4.625],"texture":"#0"},"east":{"uv":[7.75,4.375,7.75,4.625],"texture":"#0"},"south":{"uv":[10,4.375,12.25,4.625],"texture":"#0"},"west":{"uv":[10,4.375,10,4.625],"texture":"#0"},"up":{"uv":[10,4.375,7.75,4.375],"texture":"#0"},"down":{"uv":[12.25,4.375,10,4.375],"texture":"#0"}}},{"name":"Box21","from":[-1,12,23],"to":[17,14,23],"faces":{"north":{"uv":[7.75,4,10,4.25],"texture":"#0"},"east":{"uv":[7.75,4,7.75,4.25],"texture":"#0"},"south":{"uv":[10,4,12.25,4.25],"texture":"#0"},"west":{"uv":[10,4,10,4.25],"texture":"#0"},"up":{"uv":[10,4,7.75,4],"texture":"#0"},"down":{"uv":[12.25,4,10,4],"texture":"#0"}}},{"name":"Box20","from":[-5.5,0,-4.5],"to":[-2.5,14,-3.5],"faces":{"north":{"uv":[0.125,4.125,0.5,5.875],"texture":"#0"},"east":{"uv":[0,4.125,0.125,5.875],"texture":"#0"},"south":{"uv":[0.625,4.125,1,5.875],"texture":"#0"},"west":{"uv":[0.5,4.125,0.625,5.875],"texture":"#0"},"up":{"uv":[0.5,4.125,0.125,4],"texture":"#0"},"down":{"uv":[0.875,4,0.5,4.125],"texture":"#0"}}},{"name":"Box20","from":[-5.5,0,20.5],"to":[-2.5,14,21.5],"faces":{"north":{"uv":[2.375,0.125,2.75,1.875],"texture":"#0"},"east":{"uv":[2.25,0.125,2.375,1.875],"texture":"#0"},"south":{"uv":[2.875,0.125,3.25,1.875],"texture":"#0"},"west":{"uv":[2.75,0.125,2.875,1.875],"texture":"#0"},"up":{"uv":[2.75,0.125,2.375,0],"texture":"#0"},"down":{"uv":[3.125,0,2.75,0.125],"texture":"#0"}}},{"name":"Box20","from":[18.5,0,20.5],"to":[21.5,14,21.5],"faces":{"north":{"uv":[1.25,0.125,1.625,1.875],"texture":"#0"},"east":{"uv":[1.125,0.125,1.25,1.875],"texture":"#0"},"south":{"uv":[1.75,0.125,2.125,1.875],"texture":"#0"},"west":{"uv":[1.625,0.125,1.75,1.875],"texture":"#0"},"up":{"uv":[1.625,0.125,1.25,0],"texture":"#0"},"down":{"uv":[2,0,1.625,0.125],"texture":"#0"}}},{"name":"Box21","from":[18.5,0,-3.5],"to":[21.5,1,20.5],"faces":{"north":{"uv":[6.875,10.5,7.25,10.625],"texture":"#0"},"east":{"uv":[3.875,10.5,6.875,10.625],"texture":"#0"},"south":{"uv":[10.25,10.5,10.625,10.625],"texture":"#0"},"west":{"uv":[7.25,10.5,10.25,10.625],"texture":"#0"},"up":{"uv":[7.25,10.5,6.875,7.5],"texture":"#0"},"down":{"uv":[7.625,7.5,7.25,10.5],"texture":"#0"}}},{"name":"Box22","from":[18.5,13,-3.5],"to":[21.5,14,20.5],"faces":{"north":{"uv":[3,10.25,3.375,10.375],"texture":"#0"},"east":{"uv":[0,10.25,3,10.375],"texture":"#0"},"south":{"uv":[6.375,10.25,6.75,10.375],"texture":"#0"},"west":{"uv":[3.375,10.25,6.375,10.375],"texture":"#0"},"up":{"uv":[3.375,10.25,3,7.25],"texture":"#0"},"down":{"uv":[3.75,7.25,3.375,10.25],"texture":"#0"}}},{"name":"Box23","from":[-5.5,13,-3.5],"to":[-2.5,14,20.5],"faces":{"north":{"uv":[6.875,7.25,7.25,7.375],"texture":"#0"},"east":{"uv":[3.875,7.25,6.875,7.375],"texture":"#0"},"south":{"uv":[10.25,7.25,10.625,7.375],"texture":"#0"},"west":{"uv":[7.25,7.25,10.25,7.375],"texture":"#0"},"up":{"uv":[7.25,7.25,6.875,4.25],"texture":"#0"},"down":{"uv":[7.625,4.25,7.25,7.25],"texture":"#0"}}},{"name":"Box22","from":[-5.5,0,-3.5],"to":[-2.5,1,20.5],"faces":{"north":{"uv":[3,7,3.375,7.125],"texture":"#0"},"east":{"uv":[0,7,3,7.125],"texture":"#0"},"south":{"uv":[6.375,7,6.75,7.125],"texture":"#0"},"west":{"uv":[3.375,7,6.375,7.125],"texture":"#0"},"up":{"uv":[3.375,7,3,4],"texture":"#0"},"down":{"uv":[3.75,4,3.375,7],"texture":"#0"}}},{"name":"Box20","from":[18.5,0,-4.5],"to":[21.5,14,-3.5],"faces":{"north":{"uv":[0.125,0.125,0.5,1.875],"texture":"#0"},"east":{"uv":[0,0.125,0.125,1.875],"texture":"#0"},"south":{"uv":[0.625,0.125,1,1.875],"texture":"#0"},"west":{"uv":[0.5,0.125,0.625,1.875],"texture":"#0"},"up":{"uv":[0.5,0.125,0.125,0],"texture":"#0"},"down":{"uv":[0.875,0,0.5,0.125],"texture":"#0"}}}],"display":{"thirdperson_righthand":{"rotation":[60,-132,0],"translation":[0,7.75,-5.5],"scale":[0.6,0.6,0.6]},"thirdperson_lefthand":{"rotation":[60,-132,0],"translation":[0,7.75,-5.5],"scale":[0.6,0.6,0.6]},"firstperson_righthand":{"rotation":[0,-73,6],"translation":[0,-0.75,0],"scale":[0.4,0.4,0.4]},"firstperson_lefthand":{"rotation":[0,-73,6],"translation":[0,-0.75,0],"scale":[0.4,0.4,0.4]},"ground":{"translation":[0,1.5,0],"scale":[0.35,0.35,0.35]},"gui":{"rotation":[30,-40,0],"translation":[0.25,-0.5,0],"scale":[0.4,0.4,0.4]},"head":{"translation":[0,-30.4,0],"scale":[-1.6,1.6,-1.6]},"fixed":{"rotation":[90,0,0],"translation":[0,0,-16],"scale":[-2,2,-2]}}}