{"credit":"HelloWorld Team","texture_size":[256,128],"textures":{"2":"skills_kitetsu:vertical_slash_red/vertical_slash_red_1"},"elements":[{"from":[-6,-6,8],"to":[32,32,8],"rotation":{"angle":22.5,"axis":"z","origin":[8,8,8]},"faces":{"north":{"uv":[8,0,0,16],"texture":"#2"},"east":{"uv":[0,16,8,0],"rotation":270,"texture":"#2"},"south":{"uv":[8,16,0,0],"rotation":180,"texture":"#2"},"west":{"uv":[0,16,8,0],"rotation":90,"texture":"#2"},"up":{"uv":[8,0,0,16],"texture":"#2"},"down":{"uv":[8,0,0,16],"rotation":180,"texture":"#2"}}},{"from":[-16,2,7.9],"to":[14,32,7.9],"rotation":{"angle":0,"axis":"y","origin":[-1,17,8]},"faces":{"north":{"uv":[16,0,8,16],"texture":"#2"},"east":{"uv":[16,0,8,16],"texture":"#2"},"south":{"uv":[8,0,16,16],"texture":"#2"},"west":{"uv":[8,0,16,16],"texture":"#2"},"up":{"uv":[8,16,16,0],"rotation":270,"texture":"#2"},"down":{"uv":[8,16,16,0],"rotation":90,"texture":"#2"}}},{"from":[-1,2,-7],"to":[-1,32,23],"rotation":{"angle":0,"axis":"y","origin":[-1,17,8]},"faces":{"north":{"uv":[8,0,16,16],"texture":"#2"},"east":{"uv":[16,0,8,16],"texture":"#2"},"south":{"uv":[16,0,8,16],"texture":"#2"},"west":{"uv":[8,0,16,16],"texture":"#2"},"up":{"uv":[8,16,16,0],"texture":"#2"},"down":{"uv":[8,16,16,0],"texture":"#2"}}},{"from":[-16,2,8],"to":[14,22,8],"rotation":{"angle":45,"axis":"y","origin":[-1,17,8]},"faces":{"north":{"uv":[8,0,16,16],"texture":"#2"},"east":{"uv":[8,0,16,16],"texture":"#2"},"south":{"uv":[16,0,8,16],"texture":"#2"},"west":{"uv":[16,0,8,16],"texture":"#2"},"up":{"uv":[8,16,16,0],"rotation":90,"texture":"#2"},"down":{"uv":[8,16,16,0],"rotation":270,"texture":"#2"}}},{"from":[-1,2,-7],"to":[-1,22,23],"rotation":{"angle":45,"axis":"y","origin":[-1,17,8]},"faces":{"north":{"uv":[8,0,16,16],"texture":"#2"},"east":{"uv":[16,0,8,16],"texture":"#2"},"south":{"uv":[16,0,8,16],"texture":"#2"},"west":{"uv":[8,0,16,16],"texture":"#2"},"up":{"uv":[8,16,16,0],"texture":"#2"},"down":{"uv":[8,16,16,0],"texture":"#2"}}}],"gui_light":"front","display":{"thirdperson_righthand":{"rotation":[-90,-90,-180],"translation":[-6,-20.25,0],"scale":[2,2,2]},"thirdperson_lefthand":{"rotation":[-90,-90,-180],"translation":[-6,-2,4.5],"scale":[2.75,2.75,2.75]},"firstperson_righthand":{"rotation":[0,0,54.5],"translation":[0,5.25,0],"scale":[0.18008,0.18008,0.18008]},"firstperson_lefthand":{"rotation":[0,0,54.5],"translation":[0,5.25,0],"scale":[0.18008,0.18008,0.18008]},"ground":{"scale":[0.60547,0.60547,0.60547]},"gui":{"rotation":[90,0,0],"translation":[0,0,-1],"scale":[0.26,0.26,0.26]},"head":{"rotation":[-90,-90,-90],"translation":[-0.5,-19.5,36.25],"scale":[4,4,4]},"fixed":{"rotation":[90,0,0],"translation":[0,0,-1],"scale":[0.41,0.41,0.41]}}}