{"credit":"mctown.wokin,QQ:1447709546","texture_size":[128,128],"textures":{"0":"mctown:block/item/statue/mctown_chair","2":"mctown:block/item/statue/mctown_table_2","particle":"mctown:block/item/statue/mctown_chair"},"elements":[{"name":"0","from":[-16,14,-16],"to":[32,16,16],"faces":{"north":{"uv":[6,0,12,0.25],"texture":"#2"},"east":{"uv":[6,0.25,10,0.5],"texture":"#2"},"south":{"uv":[6,0,12,0.25],"texture":"#2"},"west":{"uv":[6,0.25,10,0.5],"texture":"#2"},"up":{"uv":[6,4,0,0],"texture":"#2"},"down":{"uv":[6,4,0,8],"texture":"#2"}}},{"name":"0","from":[-11.5,12,-15.5],"to":[8,14,-15.5],"faces":{"north":{"uv":[7.375,8.75,2.5,9.25],"texture":"#0"},"south":{"uv":[7.375,8.75,2.5,9.25],"texture":"#0"}}},{"name":"0","from":[8,12,-15.5],"to":[27.5,14,-15.5],"faces":{"north":{"uv":[7.375,8.75,2.5,9.25],"texture":"#0"},"south":{"uv":[7.375,8.75,2.5,9.25],"texture":"#0"}}},{"name":"0","from":[31.5,12,-11.5],"to":[31.5,14,11.5],"rotation":{"angle":0,"axis":"y","origin":[16,0,0]},"faces":{"east":{"uv":[2.5,8.75,8.5,9.25],"texture":"#0"},"west":{"uv":[8.5,8.75,2.5,9.25],"texture":"#0"}}},{"name":"0","from":[-16,0,11],"to":[-11,1,16],"rotation":{"angle":0,"axis":"y","origin":[1,0,0]},"faces":{"north":{"uv":[5.5,2,6.75,2.25],"texture":"#0"},"east":{"uv":[5.5,2,6.75,2.25],"texture":"#0"},"south":{"uv":[5.5,2,6.75,2.25],"texture":"#0"},"west":{"uv":[5.5,2,6.75,2.25],"texture":"#0"},"up":{"uv":[6.25,7,5,5.75],"texture":"#0"},"down":{"uv":[7.5,5.75,6.25,7],"texture":"#0"}}},{"name":"0","from":[-15,1,12],"to":[-12,13,15],"rotation":{"angle":0,"axis":"y","origin":[1,0,0]},"faces":{"north":{"uv":[7.5,9.5,8.25,12.5],"texture":"#0"},"east":{"uv":[7.5,9.5,8.25,12.5],"texture":"#0"},"south":{"uv":[7.5,9.5,8.25,12.5],"texture":"#0"},"west":{"uv":[7.5,9.5,8.25,12.5],"texture":"#0"}}},{"name":"0","from":[-16,13,11],"to":[-11,14,16],"rotation":{"angle":0,"axis":"y","origin":[1,16,0]},"faces":{"north":{"uv":[6.125,2,7.375,1.75],"texture":"#0"},"east":{"uv":[6.125,2,7.375,1.75],"texture":"#0"},"south":{"uv":[6.125,2,7.375,1.75],"texture":"#0"},"west":{"uv":[6.125,2,7.375,1.75],"texture":"#0"},"down":{"uv":[8.75,5.75,7.5,7],"texture":"#0"}}},{"name":"0","from":[27,0,11],"to":[32,1,16],"rotation":{"angle":0,"axis":"y","origin":[15,0,0]},"faces":{"north":{"uv":[6.75,2,5.5,2.25],"texture":"#0"},"east":{"uv":[6.75,2,5.5,2.25],"texture":"#0"},"south":{"uv":[6.75,2,5.5,2.25],"texture":"#0"},"west":{"uv":[6.75,2,5.5,2.25],"texture":"#0"},"up":{"uv":[5,7,6.25,5.75],"texture":"#0"},"down":{"uv":[6.25,5.75,7.5,7],"texture":"#0"}}},{"name":"0","from":[28,1,12],"to":[31,13,15],"rotation":{"angle":0,"axis":"y","origin":[15,0,0]},"faces":{"north":{"uv":[8.25,9.5,7.5,12.5],"texture":"#0"},"east":{"uv":[8.25,9.5,7.5,12.5],"texture":"#0"},"south":{"uv":[8.25,9.5,7.5,12.5],"texture":"#0"},"west":{"uv":[8.25,9.5,7.5,12.5],"texture":"#0"}}},{"name":"0","from":[27,13,11],"to":[32,14,16],"rotation":{"angle":0,"axis":"y","origin":[15,16,0]},"faces":{"north":{"uv":[7.375,2,6.125,1.75],"texture":"#0"},"east":{"uv":[7.375,2,6.125,1.75],"texture":"#0"},"south":{"uv":[7.375,2,6.125,1.75],"texture":"#0"},"west":{"uv":[7.375,2,6.125,1.75],"texture":"#0"},"down":{"uv":[7.5,5.75,8.75,7],"texture":"#0"}}},{"name":"0","from":[-16,0,-16],"to":[-11,1,-11],"rotation":{"angle":0,"axis":"y","origin":[1,0,16]},"faces":{"north":{"uv":[6.75,2,5.5,2.25],"texture":"#0"},"east":{"uv":[6.75,2,5.5,2.25],"texture":"#0"},"south":{"uv":[6.75,2,5.5,2.25],"texture":"#0"},"west":{"uv":[6.75,2,5.5,2.25],"texture":"#0"},"up":{"uv":[6.25,5.75,5,7],"texture":"#0"},"down":{"uv":[7.5,7,6.25,5.75],"texture":"#0"}}},{"name":"0","from":[-15,1,-15],"to":[-12,13,-12],"rotation":{"angle":0,"axis":"y","origin":[1,0,16]},"faces":{"north":{"uv":[8.25,9.5,7.5,12.5],"texture":"#0"},"east":{"uv":[8.25,9.5,7.5,12.5],"texture":"#0"},"south":{"uv":[8.25,9.5,7.5,12.5],"texture":"#0"},"west":{"uv":[8.25,9.5,7.5,12.5],"texture":"#0"}}},{"name":"0","from":[-16,13,-16],"to":[-11,14,-11],"rotation":{"angle":0,"axis":"y","origin":[1,16,16]},"faces":{"north":{"uv":[7.375,2,6.125,1.75],"texture":"#0"},"east":{"uv":[7.375,2,6.125,1.75],"texture":"#0"},"south":{"uv":[7.375,2,6.125,1.75],"texture":"#0"},"west":{"uv":[7.375,2,6.125,1.75],"texture":"#0"},"down":{"uv":[8.75,7,7.5,5.75],"texture":"#0"}}},{"name":"0","from":[27,0,-16],"to":[32,1,-11],"rotation":{"angle":0,"axis":"y","origin":[15,0,16]},"faces":{"north":{"uv":[5.5,2,6.75,2.25],"texture":"#0"},"east":{"uv":[5.5,2,6.75,2.25],"texture":"#0"},"south":{"uv":[5.5,2,6.75,2.25],"texture":"#0"},"west":{"uv":[5.5,2,6.75,2.25],"texture":"#0"},"up":{"uv":[5,5.75,6.25,7],"texture":"#0"},"down":{"uv":[6.25,7,7.5,5.75],"texture":"#0"}}},{"name":"0","from":[28,1,-15],"to":[31,13,-12],"rotation":{"angle":0,"axis":"y","origin":[15,0,16]},"faces":{"north":{"uv":[7.5,9.5,8.25,12.5],"texture":"#0"},"east":{"uv":[7.5,9.5,8.25,12.5],"texture":"#0"},"south":{"uv":[7.5,9.5,8.25,12.5],"texture":"#0"},"west":{"uv":[7.5,9.5,8.25,12.5],"texture":"#0"}}},{"name":"0","from":[27,13,-16],"to":[32,14,-11],"rotation":{"angle":0,"axis":"y","origin":[15,16,16]},"faces":{"north":{"uv":[6.125,2,7.375,1.75],"texture":"#0"},"east":{"uv":[6.125,2,7.375,1.75],"texture":"#0"},"south":{"uv":[6.125,2,7.375,1.75],"texture":"#0"},"west":{"uv":[6.125,2,7.375,1.75],"texture":"#0"},"down":{"uv":[7.5,7,8.75,5.75],"texture":"#0"}}},{"name":"0","from":[-11.5,12,15.5],"to":[8,14,15.5],"rotation":{"angle":0,"axis":"y","origin":[0,0,16]},"faces":{"north":{"uv":[2.5,8.75,7.375,9.25],"texture":"#0"},"south":{"uv":[2.5,8.75,7.375,9.25],"texture":"#0"}}},{"name":"0","from":[8,12,15.5],"to":[27.5,14,15.5],"rotation":{"angle":0,"axis":"y","origin":[0,0,16]},"faces":{"north":{"uv":[2.5,8.75,7.375,9.25],"texture":"#0"},"south":{"uv":[2.5,8.75,7.375,9.25],"texture":"#0"}}}],"display":{"thirdperson_righthand":{"rotation":[45,0,0],"translation":[0,-1,-0.5],"scale":[0.25,0.25,0.25]},"thirdperson_lefthand":{"rotation":[45,0,0],"translation":[0,-1,-0.5],"scale":[0.25,0.25,0.25]},"firstperson_righthand":{"translation":[13.5,-4.25,-12],"scale":[0.4,0.4,0.46]},"firstperson_lefthand":{"translation":[13.5,-4.25,-12],"scale":[0.4,0.4,0.46]},"ground":{"translation":[0,-0.5,2],"scale":[0.15,0.15,0.15]},"gui":{"rotation":[15,-145,0],"translation":[-1.25,0,0],"scale":[0.25,0.25,0.25]},"head":{"translation":[1.25,-30.25,12.75],"scale":[1.6,1.6,1.6]},"fixed":{"rotation":[-90,0,0],"translation":[-32,32,-16],"scale":[2,2,2]}}}