{"credit":"mctown.wokin,QQ:1447709546","texture_size":[32,32],"textures":{"0":"mctown:block/item/statue/mctown_baby_bear","particle":"mctown:block/item/statue/mctown_baby_bear"},"elements":[{"from":[4,0,8.5],"to":[12,11,13.5],"rotation":{"angle":0,"axis":"y","origin":[12,8,16]},"faces":{"north":{"uv":[0,7,4,12.5],"texture":"#0"},"east":{"uv":[10.5,6.5,8,12],"texture":"#0"},"south":{"uv":[4,6,8,11.5],"texture":"#0"},"west":{"uv":[8,6.5,10.5,12],"texture":"#0"},"up":{"uv":[1.5,11,2.5,12],"texture":"#0"},"down":{"uv":[1.5,11,2.5,12],"texture":"#0"}}},{"from":[4,11,7],"to":[12,18,15],"rotation":{"angle":0,"axis":"z","origin":[8,11.75,11.125]},"faces":{"north":{"uv":[0,0,4,3.5],"texture":"#0"},"east":{"uv":[4,3.5,0,7],"texture":"#0"},"south":{"uv":[0,12.5,4,16],"texture":"#0"},"west":{"uv":[0,3.5,4,7],"texture":"#0"},"up":{"uv":[8,11.5,4,15.5],"texture":"#0"},"down":{"uv":[1.5,11,2.5,12],"texture":"#0"}}},{"from":[6,11,6],"to":[10,14,7],"rotation":{"angle":0,"axis":"z","origin":[8,11.75,11.125]},"faces":{"north":{"uv":[1,2,3,3.5],"texture":"#0"},"east":{"uv":[1,2,1.5,3.5],"texture":"#0"},"west":{"uv":[1,2,1.5,3.5],"texture":"#0"},"up":{"uv":[1,2,3,2.5],"rotation":180,"texture":"#0"},"down":{"uv":[1,3,3,3.5],"rotation":180,"texture":"#0"}}},{"from":[2,16,11],"to":[6,20,12],"rotation":{"angle":0,"axis":"z","origin":[8,11.75,11.125]},"faces":{"north":{"uv":[4,0,6,2],"texture":"#0"},"east":{"uv":[4,0,4.5,2],"texture":"#0"},"south":{"uv":[12.5,6.5,10.5,8.5],"texture":"#0"},"west":{"uv":[5.5,0,6,2],"texture":"#0"},"up":{"uv":[4,0,6,0.5],"texture":"#0"},"down":{"uv":[4,1.5,6,2],"rotation":180,"texture":"#0"}}},{"from":[10,16,11],"to":[14,20,12],"rotation":{"angle":0,"axis":"z","origin":[8,11.75,11.125]},"faces":{"north":{"uv":[6,0,4,2],"texture":"#0"},"east":{"uv":[5.5,0,6,2],"texture":"#0"},"south":{"uv":[10.5,6.5,12.5,8.5],"texture":"#0"},"west":{"uv":[4,0,4.5,2],"texture":"#0"},"up":{"uv":[4,0,6,0.5],"texture":"#0"},"down":{"uv":[6,1.5,4,2],"rotation":180,"texture":"#0"}}},{"from":[8,0,1],"to":[12,4,9],"rotation":{"angle":-22.5,"axis":"y","origin":[10,2,9]},"faces":{"north":{"uv":[6,0,8,2],"texture":"#0"},"east":{"uv":[8,2,6,6],"rotation":270,"texture":"#0"},"south":{"uv":[1.5,11,2.5,12],"texture":"#0"},"west":{"uv":[6,2,8,6],"rotation":90,"texture":"#0"},"up":{"uv":[4,2,6,6],"rotation":180,"texture":"#0"},"down":{"uv":[6,2,4,6],"texture":"#0"}}},{"from":[4,0,1],"to":[8,4,9],"rotation":{"angle":22.5,"axis":"y","origin":[6,2,9]},"faces":{"north":{"uv":[6,0,8,2],"texture":"#0"},"east":{"uv":[8,2,6,6],"rotation":270,"texture":"#0"},"south":{"uv":[1.5,11,2.5,12],"texture":"#0"},"west":{"uv":[6,2,8,6],"rotation":90,"texture":"#0"},"up":{"uv":[6,2,4,6],"rotation":180,"texture":"#0"},"down":{"uv":[4,2,6,6],"texture":"#0"}}},{"from":[2,2,9],"to":[5,11,13],"rotation":{"angle":45,"axis":"x","origin":[4.5,9.5,11]},"faces":{"north":{"uv":[8,2,9.5,6.5],"texture":"#0"},"east":{"uv":[9.5,2,11.5,6.5],"texture":"#0"},"south":{"uv":[9.5,2,8,6.5],"texture":"#0"},"west":{"uv":[9.5,2,11.5,6.5],"texture":"#0"},"up":{"uv":[9.5,0,11,2],"rotation":180,"texture":"#0"},"down":{"uv":[8,0,9.5,2],"rotation":180,"texture":"#0"}}},{"from":[11,2,9],"to":[14,11,13],"rotation":{"angle":45,"axis":"x","origin":[11.5,9.5,11]},"faces":{"north":{"uv":[9.5,2,8,6.5],"texture":"#0"},"east":{"uv":[9.5,2,11.5,6.5],"texture":"#0"},"south":{"uv":[8,2,9.5,6.5],"texture":"#0"},"west":{"uv":[9.5,2,11.5,6.5],"texture":"#0"},"up":{"uv":[9.5,0,11,2],"rotation":180,"texture":"#0"},"down":{"uv":[9.5,0,8,2],"rotation":180,"texture":"#0"}}},{"from":[7,0,13.5],"to":[9,2,15.5],"rotation":{"angle":0,"axis":"y","origin":[15,8,22]},"faces":{"east":{"uv":[12,0,13,1],"texture":"#0"},"south":{"uv":[12,0,11,1],"texture":"#0"},"west":{"uv":[13,0,12,1],"texture":"#0"},"up":{"uv":[12,0,11,1],"rotation":180,"texture":"#0"},"down":{"uv":[12,0,11,1],"texture":"#0"}}},{"from":[3.9,8.9,8.4],"to":[12.1,11.1,13.6],"rotation":{"angle":0,"axis":"y","origin":[12,17,17]},"faces":{"north":{"uv":[12,2.5,15,3],"texture":"#0","tintindex":0},"east":{"uv":[15.5,1,13,0],"texture":"#0","tintindex":0},"south":{"uv":[11.5,5.5,15.5,6.5],"rotation":180,"texture":"#0","tintindex":0},"west":{"uv":[15.5,0,13,1],"rotation":180,"texture":"#0","tintindex":0},"up":{"uv":[11.5,3,15.5,5.5],"rotation":180,"texture":"#0","tintindex":0}}},{"from":[4,7,7.8],"to":[12,11,7.8],"rotation":{"angle":-22.5,"axis":"x","origin":[8,9,8]},"faces":{"north":{"uv":[11.5,1,15.5,3],"texture":"#0","tintindex":0},"south":{"uv":[11.5,1,15.5,3],"texture":"#0","tintindex":0}}}],"display":{"thirdperson_righthand":{"rotation":[49,38,0],"translation":[0,2,0],"scale":[0.39,0.39,0.39]},"thirdperson_lefthand":{"rotation":[49,38,0],"translation":[0,2,0],"scale":[0.39,0.39,0.39]},"firstperson_righthand":{"rotation":[0,112,0],"translation":[10.5,-4.5,-9]},"firstperson_lefthand":{"rotation":[0,112,0],"translation":[10.5,-4.5,-9]},"ground":{"translation":[0,4.5,0],"scale":[0.39,0.39,0.39]},"gui":{"rotation":[30,135,0],"translation":[0.25,-1,0],"scale":[0.62,0.62,0.62]},"head":{"translation":[0,3.75,0],"scale":[1.61,1.61,1.61]},"fixed":{"rotation":[-90,0,0],"translation":[0,0,-16],"scale":[2,2,2]}}}