{"credit":"mctown.wokin,QQ:1447709546","textures":{"1":"mctown:block/item/statue/mctown_ditang"},"elements":[{"from":[-16,0.4,24.1],"to":[32,0.4,27.1],"rotation":{"angle":22.5,"axis":"x","origin":[8,1,25.5]},"faces":{"north":{"uv":[16,0,0,0],"texture":"#1"},"east":{"uv":[3,0,0,0],"texture":"#1"},"south":{"uv":[16,0,0,0],"texture":"#1"},"west":{"uv":[3,0,0,0],"texture":"#1"},"up":{"uv":[0,12.25,6,11.875],"texture":"#1"},"down":{"uv":[0,11.875,6,12.25],"texture":"#1"}}},{"from":[-16,0.4,-11.1],"to":[32,0.4,-8.1],"rotation":{"angle":-22.5,"axis":"x","origin":[8,1,-9.5]},"faces":{"north":{"uv":[0,0,16,0],"texture":"#1"},"east":{"uv":[0,0,3,0],"texture":"#1"},"south":{"uv":[0,0,16,0],"texture":"#1"},"west":{"uv":[0,0,3,0],"texture":"#1"},"up":{"uv":[0,11.875,6,12.25],"texture":"#1"},"down":{"uv":[0,12.25,6,11.875],"texture":"#1"}}},{"from":[-16,0,-8],"to":[32,1,24],"faces":{"north":{"uv":[0,7.75,6,7.875],"texture":"#1"},"east":{"uv":[0,3.875,0.125,7.875],"rotation":90,"texture":"#1"},"south":{"uv":[0,3.875,6,4],"texture":"#1"},"west":{"uv":[0,3.875,0.125,7.875],"rotation":90,"texture":"#1"},"up":{"uv":[0.125,3.875,6,7.875],"texture":"#1"},"down":{"uv":[0,7.875,6,11.875],"texture":"#1"}}}],"display":{"thirdperson_righthand":{"rotation":[48.75,0,0],"translation":[0,2,1],"scale":[0.14453,0.14453,0.14453]},"thirdperson_lefthand":{"rotation":[48.75,0,0],"translation":[0,2,1],"scale":[0.14453,0.14453,0.14453]},"firstperson_righthand":{"rotation":[43.5,0,0],"translation":[3,1.5,0],"scale":[0.11133,0.11133,0.11133]},"firstperson_lefthand":{"rotation":[43.5,0,0],"translation":[3,1.5,0],"scale":[0.11133,0.11133,0.11133]},"ground":{"scale":[0.25586,0.25586,0.25586]},"gui":{"rotation":[63.04,-24.76,25.22],"translation":[-1,0.5,0],"scale":[0.2832,0.2832,0.2832]},"head":{"translation":[0.25,-34.5,-0.25],"scale":[4,1,4]},"fixed":{"rotation":[90,0,-180],"translation":[0,0,-2.75],"scale":[0.34766,0.34766,0.34766]}}}