{"credit":"MadewithBlockbench","texture_size":[48,48],"textures":{"0":"mctown:block/item/statue/mctown_light","particle":"mctown:block/item/statue/mctown_light"},"elements":[{"from":[2,-16,-8],"to":[2,32,24],"faces":{"north":{"uv":[13.66667,7,16,16],"texture":"#0"},"east":{"uv":[0,0,10.66667,16],"texture":"#0"},"south":{"uv":[13.66667,7,16,16],"texture":"#0"},"west":{"uv":[0,0,10.66667,16],"texture":"#0"},"up":{"uv":[13.66667,7,16,16],"texture":"#0"},"down":{"uv":[13.66667,7,16,16],"texture":"#0"}}}],"gui_light":"front","display":{"thirdperson_righthand":{"rotation":[-128.43,89.6,127.3],"translation":[0,2.75,0],"scale":[0.2,0.2,0.2]},"thirdperson_lefthand":{"rotation":[-128.43,89.6,127.3],"translation":[0,2.75,2],"scale":[0.2,0.2,0.2]},"firstperson_righthand":{"translation":[3.25,2.5,0],"scale":[0.3,0.3,0.3]},"firstperson_lefthand":{"translation":[3.25,2.5,0],"scale":[0.3,0.3,0.3]},"ground":{"translation":[0,8.25,0],"scale":[0.3,0.3,0.3]},"gui":{"rotation":[180,90,180],"scale":[0.3,0.3,0.3]},"head":{"rotation":[1,-90,0],"translation":[0,-4.75,20.75],"scale":[1.6,1.6,1.33047]},"fixed":{"scale":[0,0,0]}}}