{"credit":"mctown.wokin,QQ:1447709546","texture_size":[64,64],"textures":{"0":"mctown:block/item/statue/mctown_kuijia2","particle":"mctown:block/item/statue/mctown_kuijia2"},"elements":[{"from":[4,22,4],"to":[12,30,12],"rotation":{"angle":0,"axis":"y","origin":[4,0,4]},"faces":{"north":{"uv":[2.5,0,4.5,2],"texture":"#0"},"east":{"uv":[2.5,2,4.5,4],"texture":"#0"},"south":{"uv":[2.5,4,4.5,6],"texture":"#0"},"west":{"uv":[4.5,0,6.5,2],"texture":"#0"},"up":{"uv":[6.5,4,4.5,2],"texture":"#0"},"down":{"uv":[6.5,4,4.5,6],"texture":"#0"}}},{"from":[4,16,6],"to":[12,22,10],"rotation":{"angle":0,"axis":"y","origin":[4,0,4]},"faces":{"north":{"uv":[0,5,2,6.5],"texture":"#0"},"east":{"uv":[7,7,8,8.5],"texture":"#0"},"south":{"uv":[2,6,4,7.5],"texture":"#0"},"west":{"uv":[7.5,0,8.5,1.5],"texture":"#0"},"up":{"uv":[6,7,4,6],"texture":"#0"},"down":{"uv":[8,6,6,7],"texture":"#0"}}},{"from":[7.5,9,7.5],"to":[8.5,16,8.5],"rotation":{"angle":0,"axis":"y","origin":[7.5,0,5.5]},"faces":{"north":{"uv":[8,4.5,8.25,6.25],"texture":"#0"},"east":{"uv":[8,6.25,8.25,8],"texture":"#0"},"south":{"uv":[8,8,8.25,9.75],"texture":"#0"},"west":{"uv":[8.25,4.5,8.5,6.25],"texture":"#0"},"up":{"uv":[2.25,5.25,2,5],"texture":"#0"},"down":{"uv":[2.5,5,2.25,5.25],"texture":"#0"}}},{"from":[3,8,3],"to":[13,9,13],"rotation":{"angle":0,"axis":"y","origin":[3,0,1]},"faces":{"north":{"uv":[7.5,3.5,10,3.75],"texture":"#0"},"east":{"uv":[7.5,3.75,10,4],"texture":"#0"},"south":{"uv":[7.5,4,10,4.25],"texture":"#0"},"west":{"uv":[7.5,4.25,10,4.5],"texture":"#0"},"up":{"uv":[2.5,2.5,0,0],"texture":"#0"},"down":{"uv":[2.5,2.5,0,5],"texture":"#0"}}},{"from":[-1.5,14.5,6],"to":[2.5,22.5,10],"rotation":{"angle":-22.5,"axis":"z","origin":[2,18,8]},"faces":{"north":{"uv":[0,6.5,1,8.5],"texture":"#0"},"east":{"uv":[6.5,0,7.5,2],"texture":"#0"},"south":{"uv":[1,6.5,2,8.5],"texture":"#0"},"west":{"uv":[6.5,2,7.5,4],"texture":"#0"},"up":{"uv":[8.5,2.5,7.5,1.5],"texture":"#0"},"down":{"uv":[3,7.5,2,8.5],"texture":"#0"}}},{"from":[13.5,14.5,6],"to":[17.5,22.5,10],"rotation":{"angle":22.5,"axis":"z","origin":[14,18,8]},"faces":{"north":{"uv":[6.5,4,7.5,6],"texture":"#0"},"east":{"uv":[4,7,5,9],"texture":"#0"},"south":{"uv":[5,7,6,9],"texture":"#0"},"west":{"uv":[6,7,7,9],"texture":"#0"},"up":{"uv":[8.5,3.5,7.5,2.5],"texture":"#0"},"down":{"uv":[4,7.5,3,8.5],"texture":"#0"}}}],"gui_light":"front","display":{"thirdperson_righthand":{"scale":[0.5,0.5,0.5]},"thirdperson_lefthand":{"scale":[0.5,0.5,0.5]},"firstperson_righthand":{"scale":[0.5,0.5,0.5]},"firstperson_lefthand":{"scale":[0.5,0.5,0.5]},"ground":{"scale":[0.5,0.5,0.5]},"gui":{"translation":[0,-6.75,0],"scale":[0.6,0.6,0.6]},"head":{"translation":[0,-43.5,0],"scale":[2,2,2]},"fixed":{"rotation":[-90,0,0],"translation":[0,0,-1],"scale":[2,2,2]}}}