{"textures":{"0":"modelengine:entity/fire_imp"},"elements":[{"from":[6.285714,8.0,6.857143],"to":[9.714286,10.285714,9.142858],"rotation":{"angle":0.0,"axis":"y","origin":[8.0,8.464711,10.985026]},"faces":{"east":{"uv":[5.125,3.875,5.625,4.375],"rotation":0,"texture":"#0","tintindex":0},"south":{"uv":[2.5,3.875,3.25,4.375],"rotation":0,"texture":"#0","tintindex":0},"north":{"uv":[3.75,0.875,4.5,1.375],"rotation":0,"texture":"#0","tintindex":0},"west":{"uv":[0.0,5.25,0.5,5.75],"rotation":0,"texture":"#0","tintindex":0},"up":{"uv":[4.875,2.0,4.125,1.5],"rotation":0,"texture":"#0","tintindex":0},"down":{"uv":[4.875,2.125,4.125,2.625],"rotation":0,"texture":"#0","tintindex":0}}}],"display":{"head":{"translation":[0.0,-6.4,0.0],"scale":[4.0,4.0,4.0]}}}