{"textures":{"0":"modelengine:entity/fire_imp"},"elements":[{"from":[5.714286,7.947612,5.830411],"to":[10.285714,12.519041,10.40184],"rotation":{"angle":0.0,"axis":"y","origin":[8.0,6.126609,11.101152]},"faces":{"east":{"uv":[1.125,1.625,2.125,2.625],"rotation":0,"texture":"#0","tintindex":0},"south":{"uv":[2.25,1.625,3.25,2.625],"rotation":0,"texture":"#0","tintindex":0},"north":{"uv":[0.0,1.625,1.0,2.625],"rotation":0,"texture":"#0","tintindex":0},"west":{"uv":[0.0,2.75,1.0,3.75],"rotation":0,"texture":"#0","tintindex":0},"up":{"uv":[2.125,3.75,1.125,2.75],"rotation":0,"texture":"#0","tintindex":0},"down":{"uv":[3.25,2.75,2.25,3.75],"rotation":0,"texture":"#0","tintindex":0}}},{"from":[6.1952157,12.337514,7.544697],"to":[7.9095016,14.0518,9.258983],"rotation":{"angle":-22.5,"axis":"z","origin":[8.0,6.126609,11.101152]},"faces":{"east":{"uv":[5.75,3.75,6.125,4.125],"rotation":0,"texture":"#0","tintindex":0},"south":{"uv":[5.75,5.125,6.125,5.5],"rotation":0,"texture":"#0","tintindex":0},"north":{"uv":[1.625,5.75,2.0,6.125],"rotation":0,"texture":"#0","tintindex":0},"west":{"uv":[0.0,5.875,0.375,6.25],"rotation":0,"texture":"#0","tintindex":0},"up":{"uv":[0.875,6.25,0.5,5.875],"rotation":0,"texture":"#0","tintindex":0},"down":{"uv":[3.25,5.875,2.875,6.25],"rotation":0,"texture":"#0","tintindex":0}}},{"from":[12.613496,11.508842,7.830411],"to":[14.89921,12.651701,8.9732685],"rotation":{"angle":22.5,"axis":"z","origin":[8.0,6.126609,11.101152]},"faces":{"east":{"uv":[3.0,7.25,3.25,7.5],"rotation":0,"texture":"#0","tintindex":0},"south":{"uv":[6.625,4.25,7.125,4.5],"rotation":0,"texture":"#0","tintindex":0},"north":{"uv":[1.0,6.625,1.5,6.875],"rotation":0,"texture":"#0","tintindex":0},"west":{"uv":[3.375,7.25,3.625,7.5],"rotation":0,"texture":"#0","tintindex":0},"up":{"uv":[6.0,6.875,5.5,6.625],"rotation":0,"texture":"#0","tintindex":0},"down":{"uv":[7.25,0.0,6.75,0.25],"rotation":0,"texture":"#0","tintindex":0}}},{"from":[8.090499,12.337514,7.544697],"to":[9.804785,14.0518,9.258983],"rotation":{"angle":22.5,"axis":"z","origin":[8.0,6.126609,11.101152]},"faces":{"east":{"uv":[6.0,1.75,6.375,2.125],"rotation":0,"texture":"#0","tintindex":0},"south":{"uv":[2.125,6.0,2.5,6.375],"rotation":0,"texture":"#0","tintindex":0},"north":{"uv":[5.875,5.625,6.25,6.0],"rotation":0,"texture":"#0","tintindex":0},"west":{"uv":[6.125,4.25,6.5,4.625],"rotation":0,"texture":"#0","tintindex":0},"up":{"uv":[6.25,6.5,5.875,6.125],"rotation":0,"texture":"#0","tintindex":0},"down":{"uv":[6.625,0.0,6.25,0.375],"rotation":0,"texture":"#0","tintindex":0}}},{"from":[1.10079,11.508842,7.830411],"to":[3.3865042,12.651701,8.9732685],"rotation":{"angle":-22.5,"axis":"z","origin":[8.0,6.126609,11.101152]},"faces":{"east":{"uv":[3.75,7.25,4.0,7.5],"rotation":0,"texture":"#0","tintindex":0},"south":{"uv":[4.625,6.75,5.125,7.0],"rotation":0,"texture":"#0","tintindex":0},"north":{"uv":[6.75,3.625,7.25,3.875],"rotation":0,"texture":"#0","tintindex":0},"west":{"uv":[7.25,4.25,7.5,4.5],"rotation":0,"texture":"#0","tintindex":0},"up":{"uv":[7.25,4.875,6.75,4.625],"rotation":0,"texture":"#0","tintindex":0},"down":{"uv":[6.625,6.75,6.125,7.0],"rotation":0,"texture":"#0","tintindex":0}}},{"from":[11.41174,7.9689994,7.544697],"to":[15.41174,10.254714,7.544697],"rotation":{"angle":22.5,"axis":"z","origin":[8.0,6.126609,11.101152]},"faces":{"east":{"uv":[5.375,0.75,4.875,0.75],"rotation":90,"texture":"#0","tintindex":0},"south":{"uv":[0.0,4.75,0.5,3.875],"rotation":270,"texture":"#0","tintindex":0},"north":{"uv":[0.0,3.875,0.5,4.75],"rotation":270,"texture":"#0","tintindex":0},"west":{"uv":[7.875,3.875,7.375,3.875],"rotation":90,"texture":"#0","tintindex":0},"up":{"uv":[2.25,7.5,2.25,8.375],"rotation":90,"texture":"#0","tintindex":0},"down":{"uv":[7.0,7.375,7.0,8.25],"rotation":90,"texture":"#0","tintindex":0}}},{"from":[5.7214284,9.777327,6.486348],"to":[10.278572,11.491612,8.200634],"rotation":{"angle":-22.5,"axis":"x","origin":[8.0,6.126609,11.101152]},"faces":{"east":{"uv":[3.125,6.375,3.5,6.75],"rotation":0,"texture":"#0","tintindex":0},"south":{"uv":[4.625,0.875,5.625,1.25],"rotation":0,"texture":"#0","tintindex":0},"north":{"uv":[4.5,3.375,5.5,3.75],"rotation":0,"texture":"#0","tintindex":0},"west":{"uv":[3.625,6.375,4.0,6.75],"rotation":0,"texture":"#0","tintindex":0},"up":{"uv":[4.375,5.125,3.375,4.75],"rotation":0,"texture":"#0","tintindex":0},"down":{"uv":[5.5,4.75,4.5,5.125],"rotation":0,"texture":"#0","tintindex":0}}},{"from":[7.428571,11.551475,6.297013],"to":[8.571428,12.694332,8.011298],"rotation":{"angle":-22.5,"axis":"x","origin":[8.0,6.126609,11.101152]},"faces":{"east":{"uv":[4.625,7.125,5.0,7.375],"rotation":0,"texture":"#0","tintindex":0},"south":{"uv":[7.375,1.625,7.625,1.875],"rotation":0,"texture":"#0","tintindex":0},"north":{"uv":[7.375,0.0,7.625,0.25],"rotation":0,"texture":"#0","tintindex":0},"west":{"uv":[5.75,7.125,6.125,7.375],"rotation":0,"texture":"#0","tintindex":0},"up":{"uv":[6.5,7.5,6.25,7.125],"rotation":0,"texture":"#0","tintindex":0},"down":{"uv":[7.375,6.75,7.125,7.125],"rotation":0,"texture":"#0","tintindex":0}}},{"from":[8.285714,9.661898,5.80184],"to":[10.0,11.3761835,5.80184],"rotation":{"angle":0.0,"axis":"y","origin":[8.0,6.126609,11.101152]},"faces":{"east":{"uv":[6.0,7.5,6.0,7.875],"rotation":0,"texture":"#0","tintindex":0},"south":{"uv":[4.5,6.375,4.125,6.75],"rotation":0,"texture":"#0","tintindex":0},"north":{"uv":[4.125,6.375,4.5,6.75],"rotation":0,"texture":"#0","tintindex":0},"west":{"uv":[6.125,7.5,6.125,7.875],"rotation":0,"texture":"#0","tintindex":0},"up":{"uv":[3.25,5.125,2.875,5.125],"rotation":0,"texture":"#0","tintindex":0},"down":{"uv":[5.875,2.5,5.5,2.5],"rotation":0,"texture":"#0","tintindex":0}}},{"from":[9.790249,9.905795,5.787554],"to":[13.218821,11.048653,5.787554],"rotation":{"angle":22.5,"axis":"z","origin":[8.0,6.126609,11.101152]},"faces":{"east":{"uv":[6.125,4.75,6.125,5.0],"rotation":0,"texture":"#0","tintindex":0},"south":{"uv":[6.375,3.375,5.625,3.625],"rotation":0,"texture":"#0","tintindex":0},"north":{"uv":[5.625,3.375,6.375,3.625],"rotation":0,"texture":"#0","tintindex":0},"west":{"uv":[6.25,5.25,6.25,5.5],"rotation":0,"texture":"#0","tintindex":0},"up":{"uv":[8.25,6.75,7.5,6.75],"rotation":0,"texture":"#0","tintindex":0},"down":{"uv":[8.25,6.875,7.5,6.875],"rotation":0,"texture":"#0","tintindex":0}}},{"from":[6.0,9.661898,5.80184],"to":[7.714286,11.3761835,5.80184],"rotation":{"angle":0.0,"axis":"y","origin":[8.0,6.126609,11.101152]},"faces":{"east":{"uv":[6.125,7.5,6.125,7.875],"rotation":0,"texture":"#0","tintindex":0},"south":{"uv":[4.125,6.375,4.5,6.75],"rotation":0,"texture":"#0","tintindex":0},"north":{"uv":[4.5,6.375,4.125,6.75],"rotation":0,"texture":"#0","tintindex":0},"west":{"uv":[6.0,7.5,6.0,7.875],"rotation":0,"texture":"#0","tintindex":0},"up":{"uv":[2.875,5.125,3.25,5.125],"rotation":0,"texture":"#0","tintindex":0},"down":{"uv":[5.5,2.5,5.875,2.5],"rotation":0,"texture":"#0","tintindex":0}}},{"from":[2.7811794,9.905795,5.787554],"to":[6.209751,11.048653,5.787554],"rotation":{"angle":-22.5,"axis":"z","origin":[8.0,6.126609,11.101152]},"faces":{"east":{"uv":[6.25,5.25,6.25,5.5],"rotation":0,"texture":"#0","tintindex":0},"south":{"uv":[5.625,3.375,6.375,3.625],"rotation":0,"texture":"#0","tintindex":0},"north":{"uv":[6.375,3.375,5.625,3.625],"rotation":0,"texture":"#0","tintindex":0},"west":{"uv":[6.125,4.75,6.125,5.0],"rotation":0,"texture":"#0","tintindex":0},"up":{"uv":[7.5,6.75,8.25,6.75],"rotation":0,"texture":"#0","tintindex":0},"down":{"uv":[7.5,6.875,8.25,6.875],"rotation":0,"texture":"#0","tintindex":0}}},{"from":[0.5882597,7.9689994,7.544697],"to":[4.5882597,10.254714,7.544697],"rotation":{"angle":-22.5,"axis":"z","origin":[8.0,6.126609,11.101152]},"faces":{"east":{"uv":[7.875,3.875,7.375,3.875],"rotation":90,"texture":"#0","tintindex":0},"south":{"uv":[0.0,3.875,0.5,4.75],"rotation":270,"texture":"#0","tintindex":0},"north":{"uv":[0.0,4.75,0.5,3.875],"rotation":270,"texture":"#0","tintindex":0},"west":{"uv":[5.375,0.75,4.875,0.75],"rotation":90,"texture":"#0","tintindex":0},"up":{"uv":[2.25,8.375,2.25,7.5],"rotation":90,"texture":"#0","tintindex":0},"down":{"uv":[7.0,8.25,7.0,7.375],"rotation":90,"texture":"#0","tintindex":0}}},{"from":[8.428572,8.063041,6.6292057],"to":[10.142858,9.777327,6.6292057],"rotation":{"angle":-22.5,"axis":"x","origin":[8.0,6.126609,11.101152]},"faces":{"east":{"uv":[0.0,7.625,0.0,8.0],"rotation":0,"texture":"#0","tintindex":0},"south":{"uv":[6.75,5.75,6.375,6.125],"rotation":0,"texture":"#0","tintindex":0},"north":{"uv":[6.375,5.75,6.75,6.125],"rotation":0,"texture":"#0","tintindex":0},"west":{"uv":[0.125,7.625,0.125,8.0],"rotation":0,"texture":"#0","tintindex":0},"up":{"uv":[7.875,7.0,7.5,7.0],"rotation":0,"texture":"#0","tintindex":0},"down":{"uv":[7.875,7.125,7.5,7.125],"rotation":0,"texture":"#0","tintindex":0}}},{"from":[5.8571424,8.063041,6.6292057],"to":[7.5714283,9.777327,6.6292057],"rotation":{"angle":-22.5,"axis":"x","origin":[8.0,6.126609,11.101152]},"faces":{"east":{"uv":[0.125,7.625,0.125,8.0],"rotation":0,"texture":"#0","tintindex":0},"south":{"uv":[6.375,5.75,6.75,6.125],"rotation":0,"texture":"#0","tintindex":0},"north":{"uv":[6.75,5.75,6.375,6.125],"rotation":0,"texture":"#0","tintindex":0},"west":{"uv":[0.0,7.625,0.0,8.0],"rotation":0,"texture":"#0","tintindex":0},"up":{"uv":[7.5,7.0,7.875,7.0],"rotation":0,"texture":"#0","tintindex":0},"down":{"uv":[7.5,7.125,7.875,7.125],"rotation":0,"texture":"#0","tintindex":0}}}],"display":{"head":{"translation":[0.0,-6.4,0.0],"scale":[4.0,4.0,4.0]}}}