{"textures":{"0":"modelengine:entity/fire_imp"},"elements":[{"from":[7.3690476,4.3709645,8.283845],"to":[9.083333,7.2281075,9.998131],"rotation":{"angle":22.5,"axis":"x","origin":[9.083333,10.460278,10.875285]},"faces":{"east":{"uv":[4.875,5.625,4.5,6.25],"rotation":0,"texture":"#0","tintindex":0},"south":{"uv":[4.375,5.625,4.0,6.25],"rotation":0,"texture":"#0","tintindex":0},"north":{"uv":[5.875,1.75,5.5,2.375],"rotation":0,"texture":"#0","tintindex":0},"west":{"uv":[3.875,5.625,3.5,6.25],"rotation":0,"texture":"#0","tintindex":0},"up":{"uv":[6.25,5.125,6.625,4.75],"rotation":0,"texture":"#0","tintindex":0},"down":{"uv":[5.0,6.25,5.375,6.625],"rotation":0,"texture":"#0","tintindex":0}}}],"display":{"head":{"translation":[0.0,-6.4,0.0],"scale":[4.0,4.0,4.0]}}}