{"textures":{"0":"modelengine:entity/fire_imp"},"elements":[{"from":[1.7140203,0.78569126,7.9964285],"to":[7.999735,7.6428347,7.9964285],"rotation":{"angle":0.0,"axis":"y","origin":[12.466017,3.7525387,9.267169]},"faces":{"east":{"uv":[3.5,7.625,3.5,9.125],"rotation":0,"texture":"#0","tintindex":0},"south":{"uv":[1.375,0.0,0.0,1.5],"rotation":0,"texture":"#0","tintindex":0},"north":{"uv":[0.0,0.0,1.375,1.5],"rotation":0,"texture":"#0","tintindex":0},"west":{"uv":[3.625,7.625,3.625,9.125],"rotation":0,"texture":"#0","tintindex":0},"up":{"uv":[9.0,4.125,7.625,4.125],"rotation":0,"texture":"#0","tintindex":0},"down":{"uv":[9.0,4.25,7.625,4.25],"rotation":0,"texture":"#0","tintindex":0}}},{"from":[4.9336634,8.864638,7.4392858],"to":[10.647949,10.007495,8.567857],"rotation":{"angle":22.5,"axis":"z","origin":[12.466017,3.7525387,9.267169]},"faces":{"east":{"uv":[7.375,2.75,7.625,3.0],"rotation":0,"texture":"#0","tintindex":0},"south":{"uv":[4.875,0.0,6.125,0.25],"rotation":0,"texture":"#0","tintindex":0},"north":{"uv":[6.125,0.0,4.875,0.25],"rotation":0,"texture":"#0","tintindex":0},"west":{"uv":[7.375,3.5,7.625,3.75],"rotation":0,"texture":"#0","tintindex":0},"up":{"uv":[6.125,0.625,4.875,0.375],"rotation":0,"texture":"#0","tintindex":0},"down":{"uv":[6.25,1.375,5.0,1.625],"rotation":0,"texture":"#0","tintindex":0}}}],"display":{"head":{"translation":[0.0,-6.4,0.0],"scale":[4.0,4.0,4.0]}}}