{"textures":{"0":"modelengine:entity/fire_imp"},"elements":[{"from":[7.605736,4.233118,7.142857],"to":[9.320022,7.6616898,8.857143],"rotation":{"angle":22.5,"axis":"z","origin":[6.4414015,6.2396755,10.985026]},"faces":{"east":{"uv":[1.875,4.875,2.25,5.625],"rotation":0,"texture":"#0","tintindex":0},"south":{"uv":[5.0,1.75,5.375,2.5],"rotation":0,"texture":"#0","tintindex":0},"north":{"uv":[1.375,4.875,1.75,5.625],"rotation":0,"texture":"#0","tintindex":0},"west":{"uv":[2.375,5.125,2.75,5.875],"rotation":0,"texture":"#0","tintindex":0},"up":{"uv":[2.0,6.625,1.625,6.25],"rotation":0,"texture":"#0","tintindex":0},"down":{"uv":[6.625,3.75,6.25,4.125],"rotation":0,"texture":"#0","tintindex":0}}}],"display":{"head":{"translation":[0.0,-6.4,0.0],"scale":[4.0,4.0,4.0]}}}