{"textures":{"0":"modelengine:entity/fire_imp"},"elements":[{"from":[7.7214284,7.041138,7.6298923],"to":[8.278571,7.612567,9.9156065],"rotation":{"angle":-22.5,"axis":"x","origin":[8.0,8.448945,6.1170173]},"faces":{"east":{"uv":[4.5,3.875,5.0,4.0],"rotation":0,"texture":"#0","tintindex":0},"south":{"uv":[5.25,6.75,5.375,6.875],"rotation":0,"texture":"#0","tintindex":0},"north":{"uv":[2.125,5.75,2.25,5.875],"rotation":0,"texture":"#0","tintindex":0},"west":{"uv":[5.75,1.125,6.25,1.25],"rotation":0,"texture":"#0","tintindex":0},"up":{"uv":[2.5,7.5,2.375,7.0],"rotation":0,"texture":"#0","tintindex":0},"down":{"uv":[0.5,7.25,0.375,7.75],"rotation":0,"texture":"#0","tintindex":0}}}],"display":{"head":{"translation":[0.0,-6.4,0.0],"scale":[4.0,4.0,4.0]}}}