{"textures":{"0":"modelengine:entity/fire_imp"},"elements":[{"from":[7.428571,6.8871417,8.976328],"to":[8.571428,8.029999,11.262042],"rotation":{"angle":22.5,"axis":"x","origin":[8.0,10.310744,10.074256]},"faces":{"east":{"uv":[0.0,6.875,0.5,7.125],"rotation":0,"texture":"#0","tintindex":0},"south":{"uv":[7.25,5.375,7.5,5.625],"rotation":0,"texture":"#0","tintindex":0},"north":{"uv":[7.25,5.0,7.5,5.25],"rotation":0,"texture":"#0","tintindex":0},"west":{"uv":[6.875,1.0,7.375,1.25],"rotation":0,"texture":"#0","tintindex":0},"up":{"uv":[0.875,7.375,0.625,6.875],"rotation":0,"texture":"#0","tintindex":0},"down":{"uv":[2.875,6.875,2.625,7.375],"rotation":0,"texture":"#0","tintindex":0}}}],"display":{"head":{"translation":[0.0,-6.4,0.0],"scale":[4.0,4.0,4.0]}}}