{"texture_size":[64,64],"textures":{"4":"adventurer_warspears:item/cleric_spear","particle":"adventurer_warspears:item/cleric_spear"},"elements":[{"from":[7,-10.2,7],"to":[9,20.8,9],"rotation":{"angle":0,"axis":"y","origin":[0,19.8,0]},"faces":{"north":{"uv":[10.25,6.5,9.75,14.25],"texture":"#4"},"east":{"uv":[10.25,6.5,10,14.25],"texture":"#4"},"south":{"uv":[9.75,6.5,10.25,14.25],"texture":"#4"},"west":{"uv":[10,6.5,9.75,14.25],"texture":"#4"},"down":{"uv":[6.25,6.5,6.75,7],"texture":"#4"}}},{"from":[5.5,21.8,7],"to":[10.5,25.8,9],"rotation":{"angle":0,"axis":"y","origin":[0,21.8,0]},"faces":{"north":{"uv":[10.75,5.25,9.5,6.25],"texture":"#4"},"east":{"uv":[10.75,5.25,10.5,6.25],"texture":"#4"},"south":{"uv":[9.5,5.25,10.75,6.25],"texture":"#4"},"west":{"uv":[9.75,5.25,9.5,6.25],"texture":"#4"},"up":{"uv":[10.75,5.25,9.5,5.5],"texture":"#4"},"down":{"uv":[10.75,6,9.5,6.25],"texture":"#4"}}},{"from":[6,25.8,7.5],"to":[10,29.8,8.5],"rotation":{"angle":0,"axis":"y","origin":[0,23.8,0]},"faces":{"north":{"uv":[10.5,4.25,9.5,5.25],"texture":"#4"},"east":{"uv":[10.5,4.25,10.25,5.25],"texture":"#4"},"south":{"uv":[9.5,4.25,10.5,5.25],"texture":"#4"},"west":{"uv":[9.75,4.25,9.5,5.25],"texture":"#4"},"down":{"uv":[6.75,2.5,7.75,2.75],"texture":"#4"}}},{"from":[5.48,27.91,7.48],"to":[9.52,31.95,8.52],"rotation":{"angle":45,"axis":"z","origin":[8.02,30.43,8.02]},"faces":{"north":{"uv":[10.5,3.25,9.5,4.25],"texture":"#4"},"east":{"uv":[10.5,3.25,10.25,4.25],"texture":"#4"},"south":{"uv":[9.5,3.25,10.5,4.25],"texture":"#4"},"west":{"uv":[9.5,3.25,9.25,4.25],"texture":"#4"},"up":{"uv":[9.5,3.25,10.5,3.5],"texture":"#4"},"down":{"uv":[11.5,4,10.5,4.25],"texture":"#4"}}},{"from":[6.5,19.8,6.5],"to":[9.5,21.8,9.5],"rotation":{"angle":0,"axis":"y","origin":[8,8.8,8]},"faces":{"north":{"uv":[10.5,6.25,9.75,6.75],"texture":"#4"},"east":{"uv":[11.25,6.25,10.5,6.75],"texture":"#4"},"south":{"uv":[9.75,6.25,10.5,6.75],"texture":"#4"},"west":{"uv":[9.75,6.25,9,6.75],"texture":"#4"},"up":{"uv":[9.75,6.25,10.5,6.5],"texture":"#4"},"down":{"uv":[9.75,6.5,10.5,6.75],"texture":"#4"}}},{"from":[6.5,12.8,6.5],"to":[9.5,14.8,9.5],"rotation":{"angle":0,"axis":"y","origin":[8,1.8,8]},"faces":{"north":{"uv":[10.5,8,9.75,8.5],"texture":"#4"},"east":{"uv":[11.25,8,10.5,8.5],"texture":"#4"},"south":{"uv":[9.75,8,10.5,8.5],"texture":"#4"},"west":{"uv":[9.75,8,9,8.5],"texture":"#4"},"up":{"uv":[9.75,8,10.5,8.25],"texture":"#4"},"down":{"uv":[9.75,8.25,10.5,8.5],"texture":"#4"}}},{"from":[7,-13.2,8.5],"to":[9,-11.2,10.5],"rotation":{"angle":45,"axis":"x","origin":[8,-11.7,10]},"faces":{"north":{"uv":[0,0,0,0],"texture":"#4"},"east":{"uv":[9,15.5,8.5,15],"texture":"#4"},"south":{"uv":[9.5,15.5,9,15],"texture":"#4"},"west":{"uv":[9.5,15.5,9.25,15],"texture":"#4"},"up":{"uv":[9,14.5,9.5,15],"texture":"#4"},"down":{"uv":[0,0,0,0],"texture":"#4"}}},{"from":[7,-13.2,5.5],"to":[9,-11.2,7.5],"rotation":{"angle":-45,"axis":"x","origin":[8,-11.7,6]},"faces":{"north":{"uv":[9,15.5,9.5,15],"texture":"#4"},"east":{"uv":[8.5,15.5,9,15],"texture":"#4"},"south":{"uv":[0,0,0,0],"texture":"#4"},"west":{"uv":[9.25,15.5,9.5,15],"texture":"#4"},"up":{"uv":[9,15,9.5,14.5],"texture":"#4"},"down":{"uv":[0,0,0,0],"texture":"#4"}}},{"from":[6.72132,-12.10442,7.1],"to":[10.52132,-8.30442,8.9],"rotation":{"angle":45,"axis":"z","origin":[10.12132,-11.70442,8.3]},"faces":{"north":{"uv":[10.5,15,9.5,16],"texture":"#4"},"east":{"uv":[10.5,15,10.25,16],"texture":"#4"},"south":{"uv":[9.5,15,10.5,16],"texture":"#4"},"west":{"uv":[9.75,15,9.5,16],"texture":"#4"},"up":{"uv":[9.5,15,10.5,15.25],"texture":"#4"},"down":{"uv":[9.5,15.75,10.5,16],"texture":"#4"}}},{"from":[6.5,-13.2,6.5],"to":[9.5,-10.2,9.5],"rotation":{"angle":0,"axis":"y","origin":[8,22.3,7.5]},"faces":{"north":{"uv":[10.25,14.25,9.5,15],"texture":"#4"},"east":{"uv":[10.25,14.25,9.5,15],"texture":"#4"},"south":{"uv":[10.25,14.25,9.5,15],"texture":"#4"},"west":{"uv":[10.25,14.25,9.5,15],"texture":"#4"},"up":{"uv":[10.25,14.25,9.5,14.5],"texture":"#4"},"down":{"uv":[11,14.25,10.25,15],"texture":"#4"}}}],"gui_light":"front","display":{"thirdperson_righthand":{"rotation":[-10,-90,0],"translation":[0,0.75,1.5],"scale":[0.7,0.7,0.7]},"thirdperson_lefthand":{"rotation":[-10,90,0],"translation":[0,0.75,1.5],"scale":[0.7,0.7,0.7]},"firstperson_righthand":{"rotation":[20,90,0],"translation":[2,-4.75,-2],"scale":[0.6,0.6,0.6]},"firstperson_lefthand":{"rotation":[20,-90,0],"translation":[2,-4.75,-2],"scale":[0.6,0.6,0.6]},"ground":{"rotation":[0,0,-45],"translation":[0,4,0],"scale":[0.35,0.35,0.35]},"gui":{"rotation":[0,0,-45],"translation":[-0.4,-0.4,-0.75],"scale":[0.48,0.48,0.48]},"head":{"rotation":[0,0,-90]},"fixed":{"rotation":[0,-180,-45],"translation":[0.25,-0.25,-0.75],"scale":[0.475,0.475,0.475]}}}