{"texture_size":[64,64],"textures":{"2":"adventurer_warspears:item/guardian_spear","particle":"adventurer_warspears:item/guardian_spear"},"elements":[{"from":[5.5,26.8,7.5],"to":[10.5,27.8,8.5],"rotation":{"angle":0,"axis":"y","origin":[16,27.8,0]},"faces":{"north":{"uv":[6.75,5.5,8,5.75],"texture":"#2"},"east":{"uv":[6.75,5.5,7,5.75],"texture":"#2"},"south":{"uv":[8,5.5,6.75,5.75],"texture":"#2"},"west":{"uv":[7.75,5.5,8,5.75],"texture":"#2"},"down":{"uv":[8,5.5,6.75,5.75],"texture":"#2"}}},{"from":[7.5,27.8,7.5],"to":[8.5,28.8,8.5],"rotation":{"angle":0,"axis":"y","origin":[16,28.8,0]},"faces":{"north":{"uv":[7.25,5.25,7.5,5.5],"texture":"#2"},"south":{"uv":[7.5,5.25,7.25,5.5],"texture":"#2"}}},{"from":[6.5,23.8,7.5],"to":[9.5,26.8,8.5],"rotation":{"angle":0,"axis":"y","origin":[16,26.8,0]},"faces":{"north":{"uv":[7,5.75,7.75,6.5],"texture":"#2"},"east":{"uv":[7,5.75,7.25,6.5],"texture":"#2"},"south":{"uv":[7.75,5.75,7,6.5],"texture":"#2"},"west":{"uv":[7.5,5.75,7.75,6.5],"texture":"#2"}}},{"from":[7,-10.2,7],"to":[9,22.8,9],"rotation":{"angle":0,"axis":"y","origin":[16,19.8,0]},"faces":{"north":{"uv":[7,6.75,7.5,15],"texture":"#2"},"east":{"uv":[7,6.75,7.25,15],"texture":"#2"},"south":{"uv":[7.5,6.75,7,15],"texture":"#2"},"west":{"uv":[7.25,6.75,7.5,15],"texture":"#2"}}},{"from":[5.98904,26.97893,7.48],"to":[8.02904,30.01893,8.52],"rotation":{"angle":-22.5,"axis":"z","origin":[7.50904,28.99893,7.96]},"faces":{"north":{"uv":[7.5,4.75,8,5.5],"texture":"#2"},"south":{"uv":[8,4.75,7.5,5.5],"texture":"#2"},"west":{"uv":[7.75,4.75,8,5.5],"texture":"#2"},"down":{"uv":[8.5,5.25,8,5.5],"texture":"#2"}}},{"from":[8.11977,26.97086,7.46],"to":[10.19977,30.05086,8.54],"rotation":{"angle":22.5,"axis":"z","origin":[8.65977,28.51086,7.98]},"faces":{"north":{"uv":[6.75,4.75,7.25,5.5],"texture":"#2"},"east":{"uv":[6.75,4.75,7,5.5],"texture":"#2"},"south":{"uv":[7.25,4.75,6.75,5.5],"texture":"#2"},"down":{"uv":[6.75,5.25,6.25,5.5],"texture":"#2"}}},{"from":[6.44,29.27,7.44],"to":[8.56,31.39,8.56],"rotation":{"angle":-45,"axis":"z","origin":[7.98,29.83,8.02]},"faces":{"north":{"uv":[7.25,4.25,7.75,4.75],"texture":"#2"},"south":{"uv":[7.75,4.25,7.25,4.75],"texture":"#2"},"west":{"uv":[7.5,4.25,7.75,4.75],"texture":"#2"},"up":{"uv":[7.75,4.25,7.25,4.5],"texture":"#2"}}},{"from":[5.98,20.98,6.98],"to":[10.02,25.02,9.02],"rotation":{"angle":45,"axis":"z","origin":[8,23,8]},"faces":{"north":{"uv":[7.5,6.75,8.5,7.75],"texture":"#2"},"east":{"uv":[7.5,6.75,7.75,7.75],"texture":"#2"},"south":{"uv":[8.5,6.75,7.5,7.75],"texture":"#2"},"west":{"uv":[8.25,6.75,8.5,7.75],"texture":"#2"},"up":{"uv":[8.5,6.75,7.5,7],"texture":"#2"},"down":{"uv":[8.5,7.5,7.5,7.75],"texture":"#2"}}},{"from":[6.49,-11.81,6.99],"to":[9.51,-8.79,9.01],"rotation":{"angle":-45,"axis":"z","origin":[8,-10.3,8]},"faces":{"north":{"uv":[7.5,15,6.75,15.75],"texture":"#2"},"east":{"uv":[7.5,15,7.25,15.75],"texture":"#2"},"south":{"uv":[6.75,15,7.5,15.75],"texture":"#2"},"west":{"uv":[7,15,6.75,15.75],"texture":"#2"},"up":{"uv":[6.75,15,7.5,15.25],"texture":"#2"},"down":{"uv":[6.75,15.5,7.5,15.75],"texture":"#2"}}}],"gui_light":"front","display":{"thirdperson_righthand":{"rotation":[-10,-90,0],"translation":[0,0.75,1.5],"scale":[0.7,0.7,0.7]},"thirdperson_lefthand":{"rotation":[-10,90,0],"translation":[0,0.75,1.5],"scale":[0.7,0.7,0.7]},"firstperson_righthand":{"rotation":[20,-90,0],"translation":[2,-4.75,-2],"scale":[0.6,0.6,0.6]},"firstperson_lefthand":{"rotation":[20,90,0],"translation":[2,-4.75,-2],"scale":[0.6,0.6,0.6]},"ground":{"rotation":[0,0,-45],"translation":[0,4,0],"scale":[0.35,0.35,0.35]},"gui":{"rotation":[0,0,-45],"translation":[-0.7,-0.7,-0.75],"scale":[0.505,0.505,0.505]},"head":{"rotation":[0,0,-90]},"fixed":{"rotation":[0,-180,-45],"translation":[0.5,-0.5,-0.75],"scale":[0.5,0.5,0.5]}}}