{"textures":{"0":"modelengine:entity/hell_hound"},"elements":[{"from":[7.142857,6.0,8.0],"to":[8.857143,8.285714,8.0],"rotation":{"angle":0.0,"axis":"y","origin":[8.0,7.142857,8.0]},"faces":{"east":{"uv":[7.0,11.25,7.0,11.75],"rotation":0,"texture":"#0","tintindex":0},"south":{"uv":[3.875,10.25,4.25,10.75],"rotation":0,"texture":"#0","tintindex":0},"north":{"uv":[4.25,10.25,3.875,10.75],"rotation":0,"texture":"#0","tintindex":0},"west":{"uv":[5.875,11.25,5.875,11.75],"rotation":0,"texture":"#0","tintindex":0},"up":{"uv":[3.875,5.625,3.875,5.25],"rotation":270,"texture":"#0","tintindex":0},"down":{"uv":[2.875,8.875,2.875,9.25],"rotation":90,"texture":"#0","tintindex":0}}}],"display":{"head":{"translation":[0.0,-6.4,0.0],"scale":[4.0,4.0,4.0]}}}