{"textures":{"0":"modelengine:entity/hell_hound"},"elements":[{"from":[5.428571,5.142857,1.7142854],"to":[10.571428,10.285714,8.0],"rotation":{"angle":0.0,"axis":"y","origin":[8.0,7.714286,4.8571424]},"faces":{"east":{"uv":[2.75,2.5,4.125,3.625],"rotation":0,"texture":"#0","tintindex":0},"south":{"uv":[1.25,4.0,2.375,5.125],"rotation":0,"texture":"#0","tintindex":0},"north":{"uv":[3.75,1.25,4.875,2.375],"rotation":0,"texture":"#0","tintindex":0},"west":{"uv":[3.75,0.0,5.125,1.125],"rotation":0,"texture":"#0","tintindex":0},"up":{"uv":[3.875,5.125,2.75,3.75],"rotation":0,"texture":"#0","tintindex":0},"down":{"uv":[1.125,4.0,0.0,5.375],"rotation":0,"texture":"#0","tintindex":0}}},{"from":[8.0,10.285714,1.7142854],"to":[8.0,13.142858,8.0],"rotation":{"angle":0.0,"axis":"y","origin":[8.0,11.714286,4.8571424]},"faces":{"east":{"uv":[8.125,4.375,6.75,5.0],"rotation":0,"texture":"#0","tintindex":0},"south":{"uv":[8.75,11.25,8.75,11.875],"rotation":0,"texture":"#0","tintindex":0},"north":{"uv":[8.625,11.25,8.625,11.875],"rotation":0,"texture":"#0","tintindex":0},"west":{"uv":[6.75,4.375,8.125,5.0],"rotation":0,"texture":"#0","tintindex":0},"up":{"uv":[9.75,12.625,9.75,11.25],"rotation":0,"texture":"#0","tintindex":0},"down":{"uv":[9.875,11.25,9.875,12.625],"rotation":0,"texture":"#0","tintindex":0}}}],"display":{"head":{"translation":[0.0,-6.4,0.0],"scale":[4.0,4.0,4.0]}}}