{"credit":"MadebyPolygonMC","texture_size":[8,8],"textures":{"1":"noraset:bow","2":"noraset:animations/animations_2","particle":"noraset:bow"},"elements":[{"from":[7.5,11.61131,9.63631],"to":[8.5,13.86131,10.63631],"rotation":{"angle":22.5,"axis":"x","origin":[8,12.76131,10.53631]},"faces":{"north":{"uv":[9.33333,8.66667,8.66667,10.33333],"texture":"#1"},"east":{"uv":[8.66667,8.66667,9.33333,10.33333],"texture":"#1"},"south":{"uv":[9.33333,8.66667,8.66667,10.33333],"texture":"#1"},"west":{"uv":[8.66667,8.66667,9.33333,10.33333],"texture":"#1"},"up":{"uv":[11.33333,11.33333,10.66667,10.66667],"texture":"#1"},"down":{"uv":[0.66667,11.33333,0,12],"texture":"#1"}}},{"from":[7.4,14.65781,11.69848],"to":[8.6,15.85781,12.19848],"rotation":{"angle":-22.5,"axis":"x","origin":[8,15.27359,12.24591]},"faces":{"north":{"uv":[9.33333,10.66667,10,11.33333],"texture":"#1"},"east":{"uv":[6,11.33333,6.33333,12],"texture":"#1"},"south":{"uv":[10,10.66667,10.66667,11.33333],"texture":"#1"},"west":{"uv":[11.33333,6,11.66667,6.66667],"texture":"#1"},"up":{"uv":[7.33333,11.66667,6.66667,11.33333],"texture":"#1"},"down":{"uv":[12,6.66667,11.33333,7],"texture":"#1"}}},{"from":[7.47,14.96506,11.91506],"to":[8.53,16.02506,12.97506],"rotation":{"angle":22.5,"axis":"x","origin":[8,15.27359,12.24591]},"faces":{"north":{"uv":[5.33333,10.66667,6,11.33333],"texture":"#1"},"east":{"uv":[6,10.66667,6.66667,11.33333],"texture":"#1"},"south":{"uv":[6.66667,10.66667,7.33333,11.33333],"texture":"#1"},"west":{"uv":[7.33333,10.66667,8,11.33333],"texture":"#1"},"up":{"uv":[8.66667,11.33333,8,10.66667],"texture":"#1"},"down":{"uv":[9.33333,10.66667,8.66667,11.33333],"texture":"#1"}}},{"from":[7.6,13.09293,10.59792],"to":[8.4,13.89293,12.59792],"rotation":{"angle":-45,"axis":"x","origin":[8,13.46793,10.17292]},"faces":{"north":{"uv":[2,10,3.33333,10.66667],"texture":"#1"},"east":{"uv":[2,10,3.33333,10.66667],"texture":"#1"},"south":{"uv":[2,10,3.33333,10.66667],"texture":"#1"},"west":{"uv":[2,10,3.33333,10.66667],"texture":"#1"},"up":{"uv":[2,10.66667,3.33333,10],"rotation":90,"texture":"#1"},"down":{"uv":[3.33333,10,2,10.66667],"rotation":90,"texture":"#1"}}},{"from":[7.4,13.275,7.875],"to":[8.6,14.475,9.075],"rotation":{"angle":-45,"axis":"x","origin":[8,13.875,11.65]},"faces":{"north":{"uv":[0.66667,11.33333,1.33333,12],"texture":"#1"},"east":{"uv":[11.33333,0.66667,12,1.33333],"texture":"#1"},"south":{"uv":[1.33333,11.33333,2,12],"texture":"#1"},"west":{"uv":[11.33333,1.33333,12,2],"texture":"#1"},"up":{"uv":[2.66667,12,2,11.33333],"texture":"#1"},"down":{"uv":[12,2,11.33333,2.66667],"texture":"#1"}}},{"from":[7.5,8.725,8.625],"to":[8.5,10.725,9.625],"rotation":{"angle":-22.5,"axis":"x","origin":[8,9.725,9.125]},"faces":{"north":{"uv":[5.33333,9.33333,4.66667,10.66667],"texture":"#1"},"east":{"uv":[10,4,9.33333,5.33333],"texture":"#1"},"south":{"uv":[10,2.66667,9.33333,4],"texture":"#1"},"west":{"uv":[6,9.33333,5.33333,10.66667],"texture":"#1"},"up":{"uv":[4.66667,10,4,10.66667],"texture":"#1"},"down":{"uv":[11.33333,1.33333,10.66667,0.66667],"texture":"#1"}}},{"from":[7.6,7,9.1],"to":[8.4,9,9.9],"rotation":{"angle":0,"axis":"y","origin":[7.5,4,4]},"faces":{"north":{"uv":[7.33333,9.33333,6.66667,10.66667],"texture":"#1"},"east":{"uv":[6.66667,9.33333,6,10.66667],"texture":"#1"},"south":{"uv":[10,5.33333,9.33333,6.66667],"texture":"#1"},"west":{"uv":[10,6.66667,9.33333,8],"texture":"#1"},"up":{"uv":[11.33333,1.33333,10.66667,2],"texture":"#1"},"down":{"uv":[2.66667,11.33333,2,10.66667],"texture":"#1"}}},{"from":[7.25,9.48852,8.72734],"to":[8.75,11.48852,10.72734],"rotation":{"angle":-22.5,"axis":"x","origin":[8,7.775,7.31203]},"faces":{"north":{"uv":[6.66667,5.33333,7.66667,6.66667],"texture":"#1"},"east":{"uv":[6.66667,0,8,1.33333],"texture":"#1"},"south":{"uv":[6.66667,6.66667,7.66667,8],"texture":"#1"},"west":{"uv":[6.66667,1.33333,8,2.66667],"texture":"#1"},"up":{"uv":[9,1.33333,8,0],"texture":"#1"},"down":{"uv":[9,1.33333,8,2.66667],"texture":"#1"}}},{"from":[7,10.45627,7.75506],"to":[9,11.95627,9.25506],"rotation":{"angle":-22.5,"axis":"x","origin":[8,11.20627,8.50506]},"faces":{"north":{"uv":[8,2.66667,9.33333,3.66667],"texture":"#1"},"east":{"uv":[9.33333,0,10.33333,1],"texture":"#1"},"south":{"uv":[8,4,9.33333,5],"texture":"#1"},"west":{"uv":[9.33333,1.33333,10.33333,2.33333],"texture":"#1"},"up":{"uv":[9.33333,6.33333,8,5.33333],"texture":"#1"},"down":{"uv":[8,8,6.66667,9],"texture":"#1"}}},{"from":[7.35,10.60568,9.84449],"to":[8.65,11.80568,11.04449],"rotation":{"angle":-22.5,"axis":"x","origin":[8,7.775,7.31203]},"faces":{"north":{"uv":[10,4,11,4.66667],"texture":"#1"},"east":{"uv":[10.66667,2,11.33333,2.66667],"texture":"#1"},"south":{"uv":[10,4.66667,11,5.33333],"texture":"#1"},"west":{"uv":[2.66667,10.66667,3.33333,11.33333],"texture":"#1"},"up":{"uv":[11,6,10,5.33333],"texture":"#1"},"down":{"uv":[11,6,10,6.66667],"texture":"#1"}}},{"from":[7.2,10.80568,10.04449],"to":[8.8,11.60568,10.84449],"rotation":{"angle":-22.5,"axis":"x","origin":[8,7.775,7.31203]},"faces":{"north":{"uv":[10,6.66667,11,7.33333],"texture":"#1"},"east":{"uv":[10.66667,2.66667,11.33333,3.33333],"texture":"#1"},"south":{"uv":[10,7.33333,11,8],"texture":"#1"},"west":{"uv":[10.66667,3.33333,11.33333,4],"texture":"#1"},"up":{"uv":[11,8.66667,10,8],"texture":"#1"},"down":{"uv":[11,8.66667,10,9.33333],"texture":"#1"}}},{"from":[7.5,5.275,8.625],"to":[8.5,7.275,9.625],"rotation":{"angle":22.5,"axis":"x","origin":[8,6.275,9.125]},"faces":{"north":{"uv":[5.33333,10.66667,4.66667,9.33333],"texture":"#1"},"east":{"uv":[10,5.33333,9.33333,4],"texture":"#1"},"south":{"uv":[10,4,9.33333,2.66667],"texture":"#1"},"west":{"uv":[6,10.66667,5.33333,9.33333],"texture":"#1"},"up":{"uv":[11.33333,0.66667,10.66667,1.33333],"texture":"#1"},"down":{"uv":[4.66667,10.66667,4,10],"texture":"#1"}}},{"from":[7.25,4.51148,8.72734],"to":[8.75,6.51148,10.72734],"rotation":{"angle":22.5,"axis":"x","origin":[8,8.225,7.31203]},"faces":{"north":{"uv":[6.66667,6.66667,7.66667,5.33333],"texture":"#1"},"east":{"uv":[6.66667,1.33333,8,0],"texture":"#1"},"south":{"uv":[6.66667,8,7.66667,6.66667],"texture":"#1"},"west":{"uv":[6.66667,2.66667,8,1.33333],"texture":"#1"},"up":{"uv":[9,2.66667,8,1.33333],"texture":"#1"},"down":{"uv":[9,0,8,1.33333],"texture":"#1"}}},{"from":[7,4.04373,7.75506],"to":[9,5.54373,9.25506],"rotation":{"angle":22.5,"axis":"x","origin":[8,4.79373,8.50506]},"faces":{"north":{"uv":[8,3.66667,9.33333,2.66667],"texture":"#1"},"east":{"uv":[9.33333,1,10.33333,0],"texture":"#1"},"south":{"uv":[8,5,9.33333,4],"texture":"#1"},"west":{"uv":[9.33333,2.33333,10.33333,1.33333],"texture":"#1"},"up":{"uv":[8,9,6.66667,8],"texture":"#1"},"down":{"uv":[9.33333,5.33333,8,6.33333],"texture":"#1"}}},{"from":[7.35,4.19432,9.84449],"to":[8.65,5.39432,11.04449],"rotation":{"angle":22.5,"axis":"x","origin":[8,8.225,7.31203]},"faces":{"north":{"uv":[10,4.66667,11,4],"texture":"#1"},"east":{"uv":[10.66667,2.66667,11.33333,2],"texture":"#1"},"south":{"uv":[10,5.33333,11,4.66667],"texture":"#1"},"west":{"uv":[2.66667,11.33333,3.33333,10.66667],"texture":"#1"},"up":{"uv":[11,6.66667,10,6],"texture":"#1"},"down":{"uv":[11,5.33333,10,6],"texture":"#1"}}},{"from":[7.2,4.39432,10.04449],"to":[8.8,5.19432,10.84449],"rotation":{"angle":22.5,"axis":"x","origin":[8,8.225,7.31203]},"faces":{"north":{"uv":[10,7.33333,11,6.66667],"texture":"#1"},"east":{"uv":[10.66667,3.33333,11.33333,2.66667],"texture":"#1"},"south":{"uv":[10,8,11,7.33333],"texture":"#1"},"west":{"uv":[10.66667,4,11.33333,3.33333],"texture":"#1"},"up":{"uv":[11,9.33333,10,8.66667],"texture":"#1"},"down":{"uv":[11,8,10,8.66667],"texture":"#1"}}},{"from":[7.235,4.4548,5.58024],"to":[8.765,5.6148,6.16024],"rotation":{"angle":45,"axis":"x","origin":[8,4.63004,6.37825]},"faces":{"north":{"uv":[10,10,11,9.33333],"texture":"#1"},"east":{"uv":[11.33333,4.66667,11.66667,4],"texture":"#1"},"south":{"uv":[10,10.66667,11,10],"texture":"#1"},"west":{"uv":[11.33333,5.33333,11.66667,4.66667],"texture":"#1"},"up":{"uv":[3.66667,11.66667,2.66667,11.33333],"texture":"#1"}}},{"from":[7.235,3.8748,5.58024],"to":[8.765,4.4548,6.16024],"rotation":{"angle":45,"axis":"x","origin":[8,4.63004,6.37825]},"faces":{"north":{"uv":[11.33333,3,12.33333,2.66667],"texture":"#1"},"east":{"uv":[7.33333,11.66667,7.66667,11.33333],"texture":"#1"},"west":{"uv":[11.33333,7.66667,11.66667,7.33333],"texture":"#1"},"down":{"uv":[12.33333,3.33333,11.33333,3.66667],"texture":"#1"}}},{"from":[7.235,3.8748,6.16024],"to":[8.765,4.4548,7.32024],"rotation":{"angle":45,"axis":"x","origin":[8,4.63004,6.37825]},"faces":{"east":{"uv":[5.33333,11.66667,6,11.33333],"texture":"#1"},"south":{"uv":[4,11.66667,5,11.33333],"texture":"#1"},"west":{"uv":[11.33333,5.66667,12,5.33333],"texture":"#1"},"up":{"uv":[1.66667,11.33333,0.66667,10.66667],"texture":"#1"},"down":{"uv":[11.66667,0,10.66667,0.66667],"texture":"#1"}}},{"from":[7.5,4.15576,5.86121],"to":[8.5,6.15576,7.86121],"rotation":{"angle":45,"axis":"x","origin":[8,4.63004,6.37825]},"faces":{"north":{"uv":[7.33333,10.66667,8,9.33333],"texture":"#1"},"east":{"uv":[6.66667,4,8,2.66667],"texture":"#1"},"south":{"uv":[9.33333,9.33333,10,8],"texture":"#1"},"west":{"uv":[6.66667,5.33333,8,4],"texture":"#1"},"up":{"uv":[0.66667,11.33333,0,10],"texture":"#1"},"down":{"uv":[10,9.33333,9.33333,10.66667],"texture":"#1"}}},{"from":[7.5,9.84424,5.86121],"to":[8.5,11.84424,7.86121],"rotation":{"angle":-45,"axis":"x","origin":[8,11.36996,6.37825]},"faces":{"north":{"uv":[7.33333,9.33333,8,10.66667],"texture":"#1"},"east":{"uv":[6.66667,2.66667,8,4],"texture":"#1"},"south":{"uv":[9.33333,8,10,9.33333],"texture":"#1"},"west":{"uv":[6.66667,4,8,5.33333],"texture":"#1"},"up":{"uv":[10,10.66667,9.33333,9.33333],"texture":"#1"},"down":{"uv":[0.66667,10,0,11.33333],"texture":"#1"}}},{"from":[7.235,11.5452,6.16024],"to":[8.765,12.1252,7.32024],"rotation":{"angle":-45,"axis":"x","origin":[8,11.36996,6.37825]},"faces":{"east":{"uv":[5.33333,11.33333,6,11.66667],"texture":"#1"},"south":{"uv":[4,11.33333,5,11.66667],"texture":"#1"},"west":{"uv":[11.33333,5.33333,12,5.66667],"texture":"#1"},"up":{"uv":[11.66667,0.66667,10.66667,0],"texture":"#1"},"down":{"uv":[1.66667,10.66667,0.66667,11.33333],"texture":"#1"}}},{"from":[7.235,11.5452,5.58024],"to":[8.765,12.1252,6.16024],"rotation":{"angle":-45,"axis":"x","origin":[8,11.36996,6.37825]},"faces":{"north":{"uv":[11.33333,2.66667,12.33333,3],"texture":"#1"},"east":{"uv":[7.33333,11.33333,7.66667,11.66667],"texture":"#1"},"west":{"uv":[11.33333,7.33333,11.66667,7.66667],"texture":"#1"},"up":{"uv":[12.33333,3.66667,11.33333,3.33333],"texture":"#1"}}},{"from":[7.235,10.3852,5.58024],"to":[8.765,11.5452,6.16024],"rotation":{"angle":-45,"axis":"x","origin":[8,11.36996,6.37825]},"faces":{"north":{"uv":[10,9.33333,11,10],"texture":"#1"},"east":{"uv":[11.33333,4,11.66667,4.66667],"texture":"#1"},"south":{"uv":[10,10,11,10.66667],"texture":"#1"},"west":{"uv":[11.33333,4.66667,11.66667,5.33333],"texture":"#1"},"down":{"uv":[3.66667,11.33333,2.66667,11.66667],"texture":"#1"}}},{"from":[7.6,2.10707,10.59792],"to":[8.4,2.90707,12.59792],"rotation":{"angle":45,"axis":"x","origin":[8,2.53207,10.17292]},"faces":{"north":{"uv":[2,10.66667,3.33333,10],"texture":"#1"},"east":{"uv":[2,10.66667,3.33333,10],"texture":"#1"},"south":{"uv":[2,10.66667,3.33333,10],"texture":"#1"},"west":{"uv":[2,10.66667,3.33333,10],"texture":"#1"},"up":{"uv":[2,10,3.33333,10.66667],"rotation":90,"texture":"#1"},"down":{"uv":[3.33333,10.66667,2,10],"rotation":90,"texture":"#1"}}},{"from":[7.47,-0.02506,11.91506],"to":[8.53,1.03494,12.97506],"rotation":{"angle":-22.5,"axis":"x","origin":[8,0.72641,12.24591]},"faces":{"north":{"uv":[5.33333,11.33333,6,10.66667],"texture":"#1"},"east":{"uv":[6,11.33333,6.66667,10.66667],"texture":"#1"},"south":{"uv":[6.66667,11.33333,7.33333,10.66667],"texture":"#1"},"west":{"uv":[7.33333,11.33333,8,10.66667],"texture":"#1"},"up":{"uv":[9.33333,11.33333,8.66667,10.66667],"texture":"#1"},"down":{"uv":[8.66667,10.66667,8,11.33333],"texture":"#1"}}},{"from":[7.4,0.14219,11.69848],"to":[8.6,1.34219,12.19848],"rotation":{"angle":22.5,"axis":"x","origin":[8,0.72641,12.24591]},"faces":{"north":{"uv":[9.33333,11.33333,10,10.66667],"texture":"#1"},"east":{"uv":[6,12,6.33333,11.33333],"texture":"#1"},"south":{"uv":[10,11.33333,10.66667,10.66667],"texture":"#1"},"west":{"uv":[11.33333,6.66667,11.66667,6],"texture":"#1"},"up":{"uv":[12,7,11.33333,6.66667],"texture":"#1"},"down":{"uv":[7.33333,11.33333,6.66667,11.66667],"texture":"#1"}}},{"from":[7.5,2.13869,9.63631],"to":[8.5,4.38869,10.63631],"rotation":{"angle":-22.5,"axis":"x","origin":[8,3.23869,10.53631]},"faces":{"north":{"uv":[9.33333,10.33333,8.66667,8.66667],"texture":"#1"},"east":{"uv":[8.66667,10.33333,9.33333,8.66667],"texture":"#1"},"south":{"uv":[9.33333,10.33333,8.66667,8.66667],"texture":"#1"},"west":{"uv":[8.66667,10.33333,9.33333,8.66667],"texture":"#1"},"up":{"uv":[0.66667,12,0,11.33333],"texture":"#1"},"down":{"uv":[11.33333,10.66667,10.66667,11.33333],"texture":"#1"}}},{"from":[7.4,1.525,7.875],"to":[8.6,2.725,9.075],"rotation":{"angle":45,"axis":"x","origin":[8,2.125,11.65]},"faces":{"north":{"uv":[0.66667,12,1.33333,11.33333],"texture":"#1"},"east":{"uv":[11.33333,1.33333,12,0.66667],"texture":"#1"},"south":{"uv":[1.33333,12,2,11.33333],"texture":"#1"},"west":{"uv":[11.33333,2,12,1.33333],"texture":"#1"},"up":{"uv":[12,2.66667,11.33333,2],"texture":"#1"},"down":{"uv":[2.66667,11.33333,2,12],"texture":"#1"}}},{"from":[8,0.5,12.75],"to":[8,15.5,19.25],"rotation":{"angle":0,"axis":"y","origin":[8,0,7]},"faces":{"north":{"uv":[0,0,0,10],"texture":"#1"},"east":{"uv":[4.33333,0,0,10],"texture":"#1"},"south":{"uv":[0,0,0,10],"texture":"#1"},"west":{"uv":[0,0,4.33333,10],"texture":"#1"},"up":{"uv":[0,4.33333,0,0],"texture":"#1"},"down":{"uv":[0,0,0,4.33333],"texture":"#1"}}},{"from":[7.1,10.7,7.1],"to":[7.1,18.7,11.1],"rotation":{"angle":22.5,"axis":"x","origin":[7.1,11.25,8.5]},"faces":{"west":{"uv":[0,0,8,16],"texture":"#2"}}},{"from":[8.9,10.7,7.1],"to":[8.9,18.7,11.1],"rotation":{"angle":22.5,"axis":"x","origin":[8.9,11.25,8.5]},"faces":{"east":{"uv":[8,0,0,16],"texture":"#2"}}},{"from":[8.9,-2.7,7.1],"to":[8.9,5.3,11.1],"rotation":{"angle":-22.5,"axis":"x","origin":[8.9,4.75,8.5]},"faces":{"east":{"uv":[8,16,0,0],"texture":"#2"}}},{"from":[7.1,-2.7,7.1],"to":[7.1,5.3,11.1],"rotation":{"angle":-22.5,"axis":"x","origin":[7.1,4.75,8.5]},"faces":{"west":{"uv":[0,16,8,0],"texture":"#2"}}}],"gui_light":"front","display":{"thirdperson_righthand":{"translation":[0,-2,0]},"thirdperson_lefthand":{"translation":[0,-2,0]},"firstperson_righthand":{"translation":[-1.25,4.75,0.25]},"firstperson_lefthand":{"translation":[-1.25,4.75,0.25]},"ground":{"rotation":[45,0,0],"translation":[0,8.5,0]},"gui":{"rotation":[90,45,90],"translation":[-3,3,0],"scale":[1.20898,1.20898,1.20898]},"head":{"scale":[0,0,0]},"fixed":{"rotation":[0,-90,0],"translation":[4.5,0.25,-1.25],"scale":[3,3,3]}}}