{"credit":"HelloWorld Team","texture_size":[128,128],"textures":{"0":"skills_kitetsu:redbuff/redbuff_2","particle":"skills_kitetsu:redbuff/redbuff_2"},"elements":[{"from":[-16,-16,8.05],"to":[32,32,8.05],"rotation":{"angle":0,"axis":"y","origin":[8,8,8.05]},"faces":{"north":{"uv":[0,0,16,15.875],"texture":"#0"},"east":{"uv":[0,0,16,15.875],"texture":"#0"},"south":{"uv":[16,0,0,15.875],"texture":"#0"},"west":{"uv":[0,0,16,15.875],"texture":"#0"},"up":{"uv":[0,0,16,15.875],"texture":"#0"},"down":{"uv":[0,0,16,15.875],"texture":"#0"}}},{"from":[-15,-15,7.65],"to":[31,31,7.65],"rotation":{"angle":0,"axis":"y","origin":[8,8,8.05]},"faces":{"north":{"uv":[0,0,16,15.875],"texture":"#0"},"east":{"uv":[0,0,16,15.875],"texture":"#0"},"south":{"uv":[16,0,0,15.875],"texture":"#0"},"west":{"uv":[0,0,16,15.875],"texture":"#0"},"up":{"uv":[0,0,16,15.875],"texture":"#0"},"down":{"uv":[0,0,16,15.875],"texture":"#0"}}},{"from":[-15,-15,8.35],"to":[31,31,8.35],"rotation":{"angle":0,"axis":"y","origin":[8,8,8.05]},"faces":{"north":{"uv":[0,0,16,15.875],"texture":"#0"},"east":{"uv":[0,0,16,15.875],"texture":"#0"},"south":{"uv":[16,0,0,15.875],"texture":"#0"},"west":{"uv":[0,0,16,15.875],"texture":"#0"},"up":{"uv":[0,0,16,15.875],"texture":"#0"},"down":{"uv":[0,0,16,15.875],"texture":"#0"}}}],"gui_light":"front","display":{"thirdperson_righthand":{"rotation":[90,0,0],"translation":[-6,-2,14],"scale":[3,3,3]},"thirdperson_lefthand":{"rotation":[90,90,0],"translation":[-6,-2,14],"scale":[4,4,4]},"firstperson_righthand":{"translation":[0,7.75,0],"scale":[0.24,0.24,0.24]},"firstperson_lefthand":{"translation":[0,7.75,0],"scale":[0.24,0.24,0.24]},"ground":{"translation":[0,3.75,0],"scale":[0.38,0.38,0.38]},"gui":{"rotation":[0,180,0],"translation":[0,0.75,0],"scale":[0.35,0.35,0.35]},"head":{"scale":[3,3,3]},"fixed":{"translation":[0,0,-0.25],"scale":[0.37,0.37,0.37]}}}