{"textures":{"0":"modelengine:entity/f3267d94f5a35281"},"elements":[{"from":[5.5714283,6.142857,6.714286],"to":[10.428572,9.857143,9.285714],"rotation":{"angle":0.0,"axis":"y","origin":[8.0,-0.57142925,8.0]},"faces":{"east":{"uv":[4.0,10.5,5.0,12.0],"rotation":0,"texture":"#0","tintindex":0},"south":{"uv":[8.0,10.5,10.0,12.0],"rotation":0,"texture":"#0","tintindex":0},"north":{"uv":[5.0,10.5,7.0,12.0],"rotation":0,"texture":"#0","tintindex":0},"west":{"uv":[7.0,10.5,8.0,12.0],"rotation":0,"texture":"#0","tintindex":0},"up":{"uv":[7.0,10.5,5.0,9.5],"rotation":0,"texture":"#0","tintindex":0},"down":{"uv":[9.0,9.5,7.0,10.5],"rotation":0,"texture":"#0","tintindex":0}}},{"from":[5.714286,6.285714,6.857143],"to":[10.285714,9.714286,9.142858],"rotation":{"angle":0.0,"axis":"y","origin":[8.0,-0.57142925,8.0]},"faces":{"east":{"uv":[4.0,6.5,5.0,8.0],"rotation":0,"texture":"#0","tintindex":0},"south":{"uv":[8.0,6.5,10.0,8.0],"rotation":0,"texture":"#0","tintindex":0},"north":{"uv":[5.0,6.5,7.0,8.0],"rotation":0,"texture":"#0","tintindex":0},"west":{"uv":[7.0,6.5,8.0,8.0],"rotation":0,"texture":"#0","tintindex":0},"up":{"uv":[7.0,6.5,5.0,5.5],"rotation":0,"texture":"#0","tintindex":0},"down":{"uv":[9.0,5.5,7.0,6.5],"rotation":0,"texture":"#0","tintindex":0}}}],"display":{"head":{"translation":[0.0,-6.4,0.0],"scale":[4.0,4.0,4.0]}}}