{"textures":{"0":"modelengine:entity/f3267d94f5a35281"},"elements":[{"from":[6.714286,4.428571,7.857143],"to":[9.285714,8.142858,10.428572],"rotation":{"angle":0.0,"axis":"y","origin":[9.142858,4.5714283,9.142858]},"faces":{"east":{"uv":[0.0,11.25,1.0,12.75],"rotation":0,"texture":"#0","tintindex":0},"south":{"uv":[3.0,11.25,4.0,12.75],"rotation":0,"texture":"#0","tintindex":0},"north":{"uv":[1.0,11.25,2.0,12.75],"rotation":0,"texture":"#0","tintindex":0},"west":{"uv":[2.0,11.25,3.0,12.75],"rotation":0,"texture":"#0","tintindex":0},"up":{"uv":[2.0,11.25,1.0,10.25],"rotation":0,"texture":"#0","tintindex":0},"down":{"uv":[3.0,10.25,2.0,11.25],"rotation":0,"texture":"#0","tintindex":0}}},{"from":[6.857143,4.5714283,8.0],"to":[9.142858,8.0,10.285714],"rotation":{"angle":0.0,"axis":"y","origin":[9.142858,4.5714283,9.142858]},"faces":{"east":{"uv":[4.0,14.5,5.0,16.0],"rotation":0,"texture":"#0","tintindex":0},"south":{"uv":[7.0,14.5,8.0,16.0],"rotation":0,"texture":"#0","tintindex":0},"north":{"uv":[5.0,14.5,6.0,16.0],"rotation":0,"texture":"#0","tintindex":0},"west":{"uv":[6.0,14.5,7.0,16.0],"rotation":0,"texture":"#0","tintindex":0},"up":{"uv":[6.0,14.5,5.0,13.5],"rotation":0,"texture":"#0","tintindex":0},"down":{"uv":[7.0,13.5,6.0,14.5],"rotation":0,"texture":"#0","tintindex":0}}}],"display":{"head":{"translation":[0.0,-6.4,0.0],"scale":[4.0,4.0,4.0]}}}