{"textures":{"0":"modelengine:entity/f3267d94f5a35281"},"elements":[{"from":[7.857143,4.428571,5.5714283],"to":[9.857143,8.142858,8.142858],"rotation":{"angle":0.0,"axis":"y","origin":[12.0,-2.285715,6.857143]},"faces":{"east":{"uv":[12.0,13.0,13.0,14.5],"rotation":0,"texture":"#0","tintindex":0},"south":{"uv":[14.75,13.0,15.5,14.5],"rotation":0,"texture":"#0","tintindex":0},"north":{"uv":[13.0,13.0,13.75,14.5],"rotation":0,"texture":"#0","tintindex":0},"west":{"uv":[13.75,13.0,14.75,14.5],"rotation":0,"texture":"#0","tintindex":0},"up":{"uv":[13.75,13.0,13.0,12.0],"rotation":0,"texture":"#0","tintindex":0},"down":{"uv":[14.5,12.0,13.75,13.0],"rotation":0,"texture":"#0","tintindex":0}}},{"from":[8.0,4.5714283,5.714286],"to":[9.714286,8.0,8.0],"rotation":{"angle":0.0,"axis":"y","origin":[12.0,-2.285715,6.857143]},"faces":{"east":{"uv":[8.0,14.5,9.0,16.0],"rotation":0,"texture":"#0","tintindex":0},"south":{"uv":[10.75,14.5,11.5,16.0],"rotation":0,"texture":"#0","tintindex":0},"north":{"uv":[9.0,14.5,9.75,16.0],"rotation":0,"texture":"#0","tintindex":0},"west":{"uv":[9.75,14.5,10.75,16.0],"rotation":0,"texture":"#0","tintindex":0},"up":{"uv":[9.75,14.5,9.0,13.5],"rotation":0,"texture":"#0","tintindex":0},"down":{"uv":[10.5,13.5,9.75,14.5],"rotation":0,"texture":"#0","tintindex":0}}}],"display":{"head":{"translation":[0.0,-6.4,0.0],"scale":[4.0,4.0,4.0]}}}