{"textures":{"0":"modelengine:entity/f3267d94f5a35281"},"elements":[{"from":[7.285714,5.5714283,6.714286],"to":[9.285714,9.285714,9.285714],"rotation":{"angle":0.0,"axis":"y","origin":[5.142857,-4.5714293,8.0]},"faces":{"east":{"uv":[10.0,9.0,11.0,10.5],"rotation":0,"texture":"#0","tintindex":0},"south":{"uv":[12.75,9.0,13.5,10.5],"rotation":0,"texture":"#0","tintindex":0},"north":{"uv":[11.0,9.0,11.75,10.5],"rotation":0,"texture":"#0","tintindex":0},"west":{"uv":[11.75,9.0,12.75,10.5],"rotation":0,"texture":"#0","tintindex":0},"up":{"uv":[11.75,9.0,11.0,8.0],"rotation":0,"texture":"#0","tintindex":0},"down":{"uv":[9.75,8.25,9.0,9.25],"rotation":0,"texture":"#0","tintindex":0}}},{"from":[7.428571,5.714286,6.857143],"to":[9.142858,9.142858,9.142858],"rotation":{"angle":0.0,"axis":"y","origin":[5.142857,-4.5714293,8.0]},"faces":{"east":{"uv":[10.0,5.0,11.0,6.5],"rotation":0,"texture":"#0","tintindex":0},"south":{"uv":[12.75,5.0,13.5,6.5],"rotation":0,"texture":"#0","tintindex":0},"north":{"uv":[11.0,5.0,11.75,6.5],"rotation":0,"texture":"#0","tintindex":0},"west":{"uv":[11.75,5.0,12.75,6.5],"rotation":0,"texture":"#0","tintindex":0},"up":{"uv":[11.75,5.0,11.0,4.0],"rotation":0,"texture":"#0","tintindex":0},"down":{"uv":[12.5,4.0,11.75,5.0],"rotation":0,"texture":"#0","tintindex":0}}}],"display":{"head":{"translation":[0.0,-6.4,0.0],"scale":[4.0,4.0,4.0]}}}