{"credit":"Mademctown.wokin,QQ:1447709546Blockbench","texture_size":[64,64],"textures":{"2":"cosmetic:ballons/mctown_ballon_guirlande"},"elements":[{"from":[0,2,0],"to":[16,16,16],"faces":{"north":{"uv":[4,0,8,3.5],"texture":"#2"},"east":{"uv":[4,3.5,8,7],"texture":"#2"},"south":{"uv":[4,7,8,10.5],"texture":"#2"},"west":{"uv":[0,8,4,11.5],"texture":"#2"},"up":{"uv":[4,4,0,0],"texture":"#2"},"down":{"uv":[4,4,0,8],"texture":"#2"}}},{"from":[1,0,1],"to":[15,2,15],"faces":{"north":{"uv":[7.5,10.5,11,11],"texture":"#2"},"east":{"uv":[7.5,11,11,11.5],"texture":"#2"},"south":{"uv":[11,10.5,14.5,11],"texture":"#2"},"west":{"uv":[11,11,14.5,11.5],"texture":"#2"},"up":{"uv":[11.5,3.5,8,0],"texture":"#2"},"down":{"uv":[11.5,3.5,8,7],"texture":"#2"}}},{"from":[1,16,1],"to":[15,18,15],"faces":{"north":{"uv":[0,11.5,3.5,12],"texture":"#2"},"east":{"uv":[11.5,0,15,0.5],"texture":"#2"},"south":{"uv":[11.5,0.5,15,1],"texture":"#2"},"west":{"uv":[11.5,1,15,1.5],"texture":"#2"},"up":{"uv":[11.5,10.5,8,7],"texture":"#2"},"down":{"uv":[7.5,10.5,4,14],"texture":"#2"}}},{"from":[6,-2,6],"to":[10,0,10],"faces":{"north":{"uv":[11.5,3.5,12.5,4],"texture":"#2"},"east":{"uv":[11.5,4,12.5,4.5],"texture":"#2"},"south":{"uv":[11.5,4.5,12.5,5],"texture":"#2"},"west":{"uv":[11.5,5,12.5,5.5],"texture":"#2"},"up":{"uv":[12.5,2.5,11.5,1.5],"texture":"#2"},"down":{"uv":[12.5,2.5,11.5,3.5],"texture":"#2"}}}],"gui_light":"front","display":{"thirdperson_righthand":{"translation":[0,1.5,0],"scale":[0.24805,0.24805,0.24805]},"thirdperson_lefthand":{"translation":[0,1.5,0],"scale":[0.24805,0.24805,0.24805]},"firstperson_righthand":{"translation":[0,1.5,0],"scale":[0.24805,0.24805,0.24805]},"firstperson_lefthand":{"translation":[0,1.5,0],"scale":[0.24805,0.24805,0.24805]},"ground":{"translation":[0,5,0]},"gui":{"translation":[0,-0.25,0],"scale":[0.52734,0.52734,0.52734]},"head":{"translation":[0,29,0],"scale":[2.13672,2.13672,2.13672]},"fixed":{"rotation":[-90,180,0],"translation":[0,0,-14.5],"scale":[2.01,2.01,2.01]}}}