{"credit":"MadewithBlockbench","textures":{"0":"cosmetic:ballons/mctown_balloon_emoji_heart"},"elements":[{"from":[7.42857,2.28571,8],"to":[8.57143,3.42857,8],"rotation":{"angle":-45,"axis":"y","origin":[8,3.14286,8]},"faces":{"north":{"uv":[4.75,7,5.25,7.5],"texture":"#0","tintindex":0},"east":{"uv":[0,0,0,0.5],"texture":"#0","tintindex":0},"south":{"uv":[4.25,7,4.75,7.5],"texture":"#0","tintindex":0},"west":{"uv":[0,0,0,0.5],"texture":"#0","tintindex":0},"up":{"uv":[0.5,0,0,0],"texture":"#0","tintindex":0},"down":{"uv":[0.5,0,0,0],"texture":"#0","tintindex":0}}},{"from":[7.42857,2.28571,8],"to":[8.57143,3.42857,8],"rotation":{"angle":45,"axis":"y","origin":[8,3.14286,8]},"faces":{"north":{"uv":[4.25,7,4.75,7.5],"texture":"#0","tintindex":0},"east":{"uv":[0,0,0,0.5],"texture":"#0","tintindex":0},"south":{"uv":[4.75,7,5.25,7.5],"texture":"#0","tintindex":0},"west":{"uv":[0,0,0,0.5],"texture":"#0","tintindex":0},"up":{"uv":[0.5,0,0,0],"texture":"#0","tintindex":0},"down":{"uv":[0.5,0,0,0],"texture":"#0","tintindex":0}}},{"from":[4,3.42857,4],"to":[12,11.42857,12],"rotation":{"angle":0,"axis":"y","origin":[3.42857,3.42857,3.42857]},"faces":{"north":{"uv":[0,0,3.5,3.5],"texture":"#0","tintindex":0},"east":{"uv":[0,3.5,3.5,7],"texture":"#0","tintindex":0},"south":{"uv":[3.5,0,7,3.5],"texture":"#0","tintindex":0},"west":{"uv":[3.5,3.5,7,7],"texture":"#0","tintindex":0},"up":{"uv":[3.5,10.5,0,7],"texture":"#0","tintindex":0},"down":{"uv":[10.5,0,7,3.5],"texture":"#0","tintindex":0}}},{"from":[7.14286,1.71429,7.14286],"to":[8.85714,2.28571,8.85714],"rotation":{"angle":0,"axis":"y","origin":[3.42857,3.42857,3.42857]},"faces":{"north":{"uv":[5.25,7,6,7.25],"texture":"#0","tintindex":0},"east":{"uv":[7,5.25,7.75,5.5],"texture":"#0","tintindex":0},"south":{"uv":[7,5.5,7.75,5.75],"texture":"#0","tintindex":0},"west":{"uv":[7,5.75,7.75,6],"texture":"#0","tintindex":0},"up":{"uv":[4.25,7.75,3.5,7],"texture":"#0","tintindex":0},"down":{"uv":[7.75,3.5,7,4.25],"texture":"#0","tintindex":0}}}],"gui_light":"front","display":{"head":{"translation":[0,40,0],"scale":[4,4,4]}}}