{"credit":"mctown.wokin,QQ:1447709546","textures":{"1":"cosmetic:ballons/mctown_cloud_balloon"},"elements":[{"from":[-9,-9,8],"to":[25,0,8],"faces":{"north":{"uv":[0,0,4.25,1.125],"texture":"#1"},"east":{"uv":[0,0,0,1.125],"texture":"#1"},"south":{"uv":[0,1.125,4.25,2.25],"texture":"#1"},"west":{"uv":[0,0,0,1.125],"texture":"#1"},"up":{"uv":[4.25,0,0,0],"texture":"#1"},"down":{"uv":[4.25,0,0,0],"texture":"#1"}}},{"from":[7,-1,7],"to":[9,0,9],"faces":{"north":{"uv":[5.75,2,6,2.125],"texture":"#1"},"east":{"uv":[5.75,2.125,6,2.25],"texture":"#1"},"south":{"uv":[8,7.875,8.25,8],"texture":"#1"},"west":{"uv":[1.125,8.25,1.375,8.375],"texture":"#1"},"up":{"uv":[4.5,2.25,4.25,2],"texture":"#1"},"down":{"uv":[4.75,2,4.5,2.25],"texture":"#1"}}},{"from":[6,-2,6],"to":[10,-1,6],"faces":{"north":{"uv":[4.75,2,5.25,2.125],"texture":"#1"},"east":{"uv":[0,0,0,0.125],"texture":"#1"},"south":{"uv":[4.75,2.125,5.25,2.25],"texture":"#1"},"west":{"uv":[0,0,0,0.125],"texture":"#1"},"up":{"uv":[0.5,0,0,0],"texture":"#1"},"down":{"uv":[0.5,0,0,0],"texture":"#1"}}},{"from":[6,-2,10],"to":[10,-1,10],"faces":{"north":{"uv":[5.25,2,5.75,2.125],"texture":"#1"},"east":{"uv":[0,0,0,0.125],"texture":"#1"},"south":{"uv":[5.25,2.125,5.75,2.25],"texture":"#1"},"west":{"uv":[0,0,0,0.125],"texture":"#1"},"up":{"uv":[0.5,0,0,0],"texture":"#1"},"down":{"uv":[0.5,0,0,0],"texture":"#1"}}},{"from":[10,-2,6],"to":[10,-1,10],"faces":{"north":{"uv":[0,0,0,0.125],"texture":"#1"},"east":{"uv":[5.375,7.75,5.875,7.875],"texture":"#1"},"south":{"uv":[0,0,0,0.125],"texture":"#1"},"west":{"uv":[5.375,7.875,5.875,8],"texture":"#1"},"up":{"uv":[0,0.5,0,0],"texture":"#1"},"down":{"uv":[0,0,0,0.5],"texture":"#1"}}},{"from":[6,-2,6],"to":[6,-1,10],"faces":{"north":{"uv":[0,0,0,0.125],"texture":"#1"},"east":{"uv":[8,7.625,8.5,7.75],"texture":"#1"},"south":{"uv":[0,0,0,0.125],"texture":"#1"},"west":{"uv":[8,7.75,8.5,7.875],"texture":"#1"},"up":{"uv":[0,0.5,0,0],"texture":"#1"},"down":{"uv":[0,0,0,0.5],"texture":"#1"}}},{"from":[16,0,0],"to":[16,16,16],"faces":{"north":{"uv":[0,0,0,2],"texture":"#1"},"east":{"uv":[0,2.25,2,4.25],"texture":"#1","tintindex":0},"south":{"uv":[0,0,0,2],"texture":"#1"},"west":{"uv":[2,2.25,4,4.25],"texture":"#1"},"up":{"uv":[0,2,0,0],"texture":"#1"},"down":{"uv":[0,0,0,2],"texture":"#1"}}},{"from":[6,-1,6],"to":[10,-1,10],"faces":{"north":{"uv":[0,0,0.5,0],"texture":"#1"},"east":{"uv":[0,0,0.5,0],"texture":"#1"},"south":{"uv":[0,0,0.5,0],"texture":"#1"},"west":{"uv":[0,0,0.5,0],"texture":"#1"},"up":{"uv":[5.875,6.75,5.375,6.25],"texture":"#1"},"down":{"uv":[5.875,6.75,5.375,7.25],"texture":"#1"}}},{"from":[6,-2,6],"to":[10,-2,10],"faces":{"north":{"uv":[0,0,0.5,0],"texture":"#1"},"east":{"uv":[0,0,0.5,0],"texture":"#1"},"south":{"uv":[0,0,0.5,0],"texture":"#1"},"west":{"uv":[0,0,0.5,0],"texture":"#1"},"up":{"uv":[5.875,7.75,5.375,7.25],"texture":"#1"},"down":{"uv":[8.75,1.125,8.25,1.625],"texture":"#1"}}},{"from":[0,0,0],"to":[16,0,16],"faces":{"north":{"uv":[0,0,2,0],"texture":"#1"},"east":{"uv":[0,0,2,0],"texture":"#1"},"south":{"uv":[0,0,2,0],"texture":"#1"},"west":{"uv":[0,0,2,0],"texture":"#1"},"up":{"uv":[6,4.25,4,2.25],"texture":"#1"},"down":{"uv":[2,4.25,0,6.25],"texture":"#1","tintindex":0}}},{"from":[0,0,16],"to":[16,16,16],"faces":{"north":{"uv":[4.25,0,6.25,2],"texture":"#1"},"east":{"uv":[0,0,0,2],"texture":"#1"},"south":{"uv":[2,4.25,4,6.25],"texture":"#1","tintindex":0},"west":{"uv":[0,0,0,2],"texture":"#1"},"up":{"uv":[2,0,0,0],"texture":"#1"},"down":{"uv":[2,0,0,0],"texture":"#1"}}},{"from":[0,16,0],"to":[16,16,16],"faces":{"north":{"uv":[0,0,2,0],"texture":"#1"},"east":{"uv":[0,0,2,0],"texture":"#1"},"south":{"uv":[0,0,2,0],"texture":"#1"},"west":{"uv":[0,0,2,0],"texture":"#1"},"up":{"uv":[6,6.25,4,4.25],"texture":"#1","tintindex":0},"down":{"uv":[8,2,6,4],"texture":"#1"}}},{"from":[0,0,0],"to":[0,16,16],"faces":{"north":{"uv":[0,0,0,2],"texture":"#1"},"east":{"uv":[6,4,8,6],"texture":"#1"},"south":{"uv":[0,0,0,2],"texture":"#1"},"west":{"uv":[6,6,8,8],"texture":"#1","tintindex":0},"up":{"uv":[0,2,0,0],"texture":"#1"},"down":{"uv":[0,0,0,2],"texture":"#1"}}},{"from":[0,0,0],"to":[16,16,0],"faces":{"north":{"uv":[0,6.25,2,8.25],"texture":"#1","tintindex":0},"east":{"uv":[0,0,0,2],"texture":"#1"},"south":{"uv":[6.25,0,8.25,2],"texture":"#1"},"west":{"uv":[0,0,0,2],"texture":"#1"},"up":{"uv":[2,0,0,0],"texture":"#1"},"down":{"uv":[2,0,0,0],"texture":"#1"}}},{"from":[16,0,3.5],"to":[25,9,3.5],"faces":{"north":{"uv":[2,6.25,3.125,7.375],"texture":"#1","tintindex":0},"east":{"uv":[0,0,0,1.125],"texture":"#1"},"south":{"uv":[3.125,6.25,4.25,7.375],"texture":"#1"},"west":{"uv":[0,0,0,1.125],"texture":"#1"},"up":{"uv":[1.125,0,0,0],"texture":"#1"},"down":{"uv":[1.125,0,0,0],"texture":"#1"}}},{"from":[16,0,12.5],"to":[25,9,12.5],"faces":{"north":{"uv":[4.25,6.25,5.375,7.375],"texture":"#1"},"east":{"uv":[0,0,0,1.125],"texture":"#1"},"south":{"uv":[2,7.375,3.125,8.5],"texture":"#1","tintindex":0},"west":{"uv":[0,0,0,1.125],"texture":"#1"},"up":{"uv":[1.125,0,0,0],"texture":"#1"},"down":{"uv":[1.125,0,0,0],"texture":"#1"}}},{"from":[25,0,3.5],"to":[25,9,12.5],"faces":{"north":{"uv":[0,0,0,1.125],"texture":"#1"},"east":{"uv":[3.125,7.375,4.25,8.5],"texture":"#1","tintindex":0},"south":{"uv":[0,0,0,1.125],"texture":"#1"},"west":{"uv":[4.25,7.375,5.375,8.5],"texture":"#1"},"up":{"uv":[0,1.125,0,0],"texture":"#1"},"down":{"uv":[0,0,0,1.125],"texture":"#1"}}},{"from":[16,9,3.5],"to":[25,9,12.5],"faces":{"north":{"uv":[0,0,1.125,0],"texture":"#1"},"east":{"uv":[0,0,1.125,0],"texture":"#1"},"south":{"uv":[0,0,1.125,0],"texture":"#1"},"west":{"uv":[0,0,1.125,0],"texture":"#1"},"up":{"uv":[9.125,3.125,8,2],"texture":"#1","tintindex":0},"down":{"uv":[9.125,3.125,8,4.25],"texture":"#1"}}},{"from":[16,0,3.5],"to":[25,0,12.5],"faces":{"north":{"uv":[0,0,1.125,0],"texture":"#1"},"east":{"uv":[0,0,1.125,0],"texture":"#1"},"south":{"uv":[0,0,1.125,0],"texture":"#1"},"west":{"uv":[0,0,1.125,0],"texture":"#1"},"up":{"uv":[9.125,5.375,8,4.25],"texture":"#1"},"down":{"uv":[6.5,8,5.375,9.125],"texture":"#1","tintindex":0}}},{"from":[-9,0,3.5],"to":[0,9,3.5],"faces":{"north":{"uv":[8,5.375,9.125,6.5],"texture":"#1","tintindex":0},"east":{"uv":[0,0,0,1.125],"texture":"#1"},"south":{"uv":[6.5,8,7.625,9.125],"texture":"#1"},"west":{"uv":[0,0,0,1.125],"texture":"#1"},"up":{"uv":[1.125,0,0,0],"texture":"#1"},"down":{"uv":[1.125,0,0,0],"texture":"#1"}}},{"from":[-9,0,3.5],"to":[-9,9,12.5],"faces":{"north":{"uv":[0,0,0,1.125],"texture":"#1"},"east":{"uv":[8,6.5,9.125,7.625],"texture":"#1"},"south":{"uv":[0,0,0,1.125],"texture":"#1"},"west":{"uv":[7.625,8,8.75,9.125],"texture":"#1","tintindex":0},"up":{"uv":[0,1.125,0,0],"texture":"#1"},"down":{"uv":[0,0,0,1.125],"texture":"#1"}}},{"from":[-9,9,3.5],"to":[0,9,12.5],"faces":{"north":{"uv":[0,0,1.125,0],"texture":"#1"},"east":{"uv":[0,0,1.125,0],"texture":"#1"},"south":{"uv":[0,0,1.125,0],"texture":"#1"},"west":{"uv":[0,0,1.125,0],"texture":"#1"},"up":{"uv":[1.125,9.375,0,8.25],"texture":"#1","tintindex":0},"down":{"uv":[9.375,0,8.25,1.125],"texture":"#1"}}},{"from":[-9,0,3.5],"to":[0,0,12.5],"faces":{"north":{"uv":[0,0,1.125,0],"texture":"#1"},"east":{"uv":[0,0,1.125,0],"texture":"#1"},"south":{"uv":[0,0,1.125,0],"texture":"#1"},"west":{"uv":[0,0,1.125,0],"texture":"#1"},"up":{"uv":[2.25,9.625,1.125,8.5],"texture":"#1"},"down":{"uv":[3.375,8.5,2.25,9.625],"texture":"#1","tintindex":0}}},{"from":[-9,0,12.5],"to":[0,9,12.5],"faces":{"north":{"uv":[3.375,8.5,4.5,9.625],"texture":"#1"},"east":{"uv":[0,0,0,1.125],"texture":"#1"},"south":{"uv":[8.75,7.625,9.875,8.75],"texture":"#1","tintindex":0},"west":{"uv":[0,0,0,1.125],"texture":"#1"},"up":{"uv":[1.125,0,0,0],"texture":"#1"},"down":{"uv":[1.125,0,0,0],"texture":"#1"}}}],"gui_light":"front","display":{"gui":{"translation":[0,2.25,0],"scale":[0.43,0.51,0.62]},"head":{"translation":[0,15,0],"scale":[2,2,2]}}}