{"credit":"mctown.wokin,QQ:1447709546","textures":{"0":"cosmetic:ballons/mctown_kite","particle":"cosmetic:ballons/mctown_kite"},"elements":[{"from":[16.03122,0,-10.36827],"to":[17.03122,1,12.63173],"rotation":{"angle":45,"axis":"y","origin":[16.53122,0.5,1.13173]},"faces":{"north":{"uv":[8.75,1,9,1.25],"texture":"#0"},"east":{"uv":[8.25,0,14,0.25],"texture":"#0"},"south":{"uv":[8.75,1.25,9,1.5],"texture":"#0"},"west":{"uv":[8.25,0.25,14,0.5],"texture":"#0"},"up":{"uv":[8.5,6.25,8.25,0.5],"texture":"#0"},"down":{"uv":[8.5,6.25,8.25,12],"texture":"#0"}}},{"from":[-0.23223,0,-11.07538],"to":[0.76777,1,11.92462],"rotation":{"angle":-45,"axis":"y","origin":[0.26777,0.5,0.42462]},"faces":{"north":{"uv":[8.75,1.5,9,1.75],"texture":"#0"},"east":{"uv":[8.5,0.5,14.25,0.75],"texture":"#0"},"south":{"uv":[8.75,1.75,9,2],"texture":"#0"},"west":{"uv":[8.5,0.75,14.25,1],"texture":"#0"},"up":{"uv":[8.75,6.75,8.5,1],"texture":"#0"},"down":{"uv":[8.75,6.75,8.5,12.5],"texture":"#0"}}},{"from":[-8.5,0.5,-7.3],"to":[24.5,0.5,24.7],"rotation":{"angle":0,"axis":"y","origin":[8,0.5,9]},"faces":{"north":{"uv":[0,0,8.25,0],"texture":"#0"},"east":{"uv":[0,0,8,0],"texture":"#0"},"south":{"uv":[0,0,8.25,0],"texture":"#0"},"west":{"uv":[0,0,8,0],"texture":"#0"},"up":{"uv":[8.25,8,0,0],"texture":"#0"},"down":{"uv":[8.25,8,0,16],"texture":"#0"}}}],"gui_light":"front","display":{"gui":{"rotation":[45,-147,0],"translation":[0,3.5,0],"scale":[0.5,0.5,0.5]},"head":{"rotation":[18.25,0,0],"translation":[0,28.75,-9.75],"scale":[2.34883,2.34883,2.34883]}}}