{"credit":"mctown.wokin,QQ:1447709546","textures":{"2":"cosmetic:ballons/mctown_shark_balloon","particle":"cosmetic:ballons/mctown_shark_balloon"},"elements":[{"from":[4,2,-2],"to":[12,2,15],"rotation":{"angle":0,"axis":"y","origin":[8,2,6.5]},"faces":{"north":{"uv":[0,0,2,0],"texture":"#2"},"east":{"uv":[0,0,4.25,0],"texture":"#2"},"south":{"uv":[0,0,2,0],"texture":"#2"},"west":{"uv":[0,0,4.25,0],"texture":"#2"},"up":{"uv":[2,4.25,0,0],"texture":"#2"},"down":{"uv":[4,0,2,4.25],"texture":"#2"}}},{"from":[4,10,-2],"to":[12,10,15],"rotation":{"angle":0,"axis":"y","origin":[8,10,6.5]},"faces":{"north":{"uv":[0,0,2,0],"texture":"#2"},"east":{"uv":[0,0,4.25,0],"texture":"#2"},"south":{"uv":[0,0,2,0],"texture":"#2"},"west":{"uv":[0,0,4.25,0],"texture":"#2"},"up":{"uv":[6,4.25,4,0],"texture":"#2"},"down":{"uv":[2,4.25,0,8.5],"texture":"#2"}}},{"from":[4,2,-2],"to":[4,10,15],"rotation":{"angle":0,"axis":"y","origin":[4,6,6.5]},"faces":{"north":{"uv":[0,0,0,2],"texture":"#2"},"east":{"uv":[2,4.25,6.25,6.25],"texture":"#2"},"south":{"uv":[0,0,0,2],"texture":"#2"},"west":{"uv":[6,0,10.25,2],"texture":"#2"},"up":{"uv":[0,4.25,0,0],"texture":"#2"},"down":{"uv":[0,0,0,4.25],"texture":"#2"}}},{"from":[12,2,-2],"to":[12,10,15],"rotation":{"angle":0,"axis":"y","origin":[12,6,6.5]},"faces":{"north":{"uv":[0,0,0,2],"texture":"#2"},"east":{"uv":[6,2,10.25,4],"texture":"#2"},"south":{"uv":[0,0,0,2],"texture":"#2"},"west":{"uv":[2,6.25,6.25,8.25],"texture":"#2"},"up":{"uv":[0,4.25,0,0],"texture":"#2"},"down":{"uv":[0,0,0,4.25],"texture":"#2"}}},{"from":[4,2,15],"to":[12,10,15],"rotation":{"angle":0,"axis":"y","origin":[8,6,15]},"faces":{"north":{"uv":[6.25,4,8.25,6],"texture":"#2"},"east":{"uv":[0,0,0,2],"texture":"#2"},"south":{"uv":[6.25,6,8.25,8],"texture":"#2"},"west":{"uv":[0,0,0,2],"texture":"#2"},"up":{"uv":[2,0,0,0],"texture":"#2"},"down":{"uv":[2,0,0,0],"texture":"#2"}}},{"from":[4,2,-2],"to":[12,10,-2],"rotation":{"angle":0,"axis":"y","origin":[8,6,-2]},"faces":{"north":{"uv":[6.25,8,8.25,10],"texture":"#2"},"east":{"uv":[0,0,0,2],"texture":"#2"},"south":{"uv":[2,8.25,4,10.25],"texture":"#2"},"west":{"uv":[0,0,0,2],"texture":"#2"},"up":{"uv":[2,0,0,0],"texture":"#2"},"down":{"uv":[2,0,0,0],"texture":"#2"}}},{"from":[6.5,9.19239,4.43503],"to":[6.5,13.19239,12.43503],"rotation":{"angle":-45,"axis":"x","origin":[6.5,11.19239,8.43503]},"faces":{"north":{"uv":[0,0,0,1],"texture":"#2"},"east":{"uv":[10,8.25,12,9.25],"texture":"#2"},"south":{"uv":[0,0,0,1],"texture":"#2"},"west":{"uv":[10.25,1.25,12.25,2.25],"texture":"#2"},"up":{"uv":[0,2,0,0],"texture":"#2"},"down":{"uv":[0,0,0,2],"texture":"#2"}}},{"from":[9.5,9.19239,4.43503],"to":[9.5,13.19239,12.43503],"rotation":{"angle":-45,"axis":"x","origin":[9.5,11.19239,8.43503]},"faces":{"north":{"uv":[0,0,0,1],"texture":"#2"},"east":{"uv":[1.75,10.25,3.75,11.25],"texture":"#2"},"south":{"uv":[0,0,0,1],"texture":"#2"},"west":{"uv":[10.25,2.25,12.25,3.25],"texture":"#2"},"up":{"uv":[0,2,0,0],"texture":"#2"},"down":{"uv":[0,0,0,2],"texture":"#2"}}},{"from":[6.5,6.36396,5.6066],"to":[9.5,10.36396,5.6066],"rotation":{"angle":-45,"axis":"x","origin":[8,8.36396,5.6066]},"faces":{"north":{"uv":[3.25,13.5,4,14.5],"texture":"#2"},"east":{"uv":[0,0,0,1],"texture":"#2"},"south":{"uv":[4,13.5,4.75,14.5],"texture":"#2"},"west":{"uv":[0,0,0,1],"texture":"#2"},"up":{"uv":[0.75,0,0,0],"texture":"#2"},"down":{"uv":[0.75,0,0,0],"texture":"#2"}}},{"from":[6.5,12.02082,11.26346],"to":[9.5,16.02082,11.26346],"rotation":{"angle":-45,"axis":"x","origin":[8,14.02082,11.26346]},"faces":{"north":{"uv":[13.75,0,14.5,1],"texture":"#2"},"east":{"uv":[0,0,0,1],"texture":"#2"},"south":{"uv":[13.75,2,14.5,3],"texture":"#2"},"west":{"uv":[0,0,0,1],"texture":"#2"},"up":{"uv":[0.75,0,0,0],"texture":"#2"},"down":{"uv":[0.75,0,0,0],"texture":"#2"}}},{"from":[6.5,12.6066,3.02082],"to":[9.5,12.6066,11.02082],"rotation":{"angle":-45,"axis":"x","origin":[8,12.6066,7.02082]},"faces":{"north":{"uv":[0,0,0.75,0],"texture":"#2"},"east":{"uv":[0,0,2,0],"texture":"#2"},"south":{"uv":[0,0,0.75,0],"texture":"#2"},"west":{"uv":[0,0,2,0],"texture":"#2"},"up":{"uv":[1.75,13.5,1,11.5],"texture":"#2"},"down":{"uv":[11.25,12,10.5,14],"texture":"#2"}}},{"from":[6.5,9.77817,5.84924],"to":[9.5,9.77817,13.84924],"rotation":{"angle":-45,"axis":"x","origin":[8,9.77817,9.84924]},"faces":{"north":{"uv":[0,0,0.75,0],"texture":"#2"},"east":{"uv":[0,0,2,0],"texture":"#2"},"south":{"uv":[0,0,0.75,0],"texture":"#2"},"west":{"uv":[0,0,2,0],"texture":"#2"},"up":{"uv":[12,14,11.25,12],"texture":"#2"},"down":{"uv":[12.75,12,12,14],"texture":"#2"}}},{"from":[6,2.5,22],"to":[10,7.5,22],"rotation":{"angle":0,"axis":"y","origin":[8,5,22]},"faces":{"north":{"uv":[4.75,12.75,5.75,14],"texture":"#2"},"east":{"uv":[0,0,0,1.25],"texture":"#2"},"south":{"uv":[12.75,12,13.75,13.25],"texture":"#2"},"west":{"uv":[0,0,0,1.25],"texture":"#2"},"up":{"uv":[1,0,0,0],"texture":"#2"},"down":{"uv":[1,0,0,0],"texture":"#2"}}},{"from":[6,2.5,15],"to":[10,2.5,22],"rotation":{"angle":0,"axis":"y","origin":[8,2.5,18.5]},"faces":{"north":{"uv":[0,0,1,0],"texture":"#2"},"east":{"uv":[0,0,1.75,0],"texture":"#2"},"south":{"uv":[0,0,1,0],"texture":"#2"},"west":{"uv":[0,0,1.75,0],"texture":"#2"},"up":{"uv":[12.25,11,11.25,9.25],"texture":"#2"},"down":{"uv":[1,11.5,0,13.25],"texture":"#2"}}},{"from":[6,7.5,15],"to":[10,7.5,22],"rotation":{"angle":0,"axis":"y","origin":[8,7.5,18.5]},"faces":{"north":{"uv":[0,0,1,0],"texture":"#2"},"east":{"uv":[0,0,1.75,0],"texture":"#2"},"south":{"uv":[0,0,1,0],"texture":"#2"},"west":{"uv":[0,0,1.75,0],"texture":"#2"},"up":{"uv":[12.5,5,11.5,3.25],"texture":"#2"},"down":{"uv":[4.75,11.75,3.75,13.5],"texture":"#2"}}},{"from":[6,2.5,15],"to":[6,7.5,22],"rotation":{"angle":0,"axis":"y","origin":[6,5,18.5]},"faces":{"north":{"uv":[0,0,0,1.25],"texture":"#2"},"east":{"uv":[10,5.75,11.75,7],"texture":"#2"},"south":{"uv":[0,0,0,1.25],"texture":"#2"},"west":{"uv":[10,7,11.75,8.25],"texture":"#2"},"up":{"uv":[0,1.75,0,0],"texture":"#2"},"down":{"uv":[0,0,0,1.75],"texture":"#2"}}},{"from":[10,2.5,15],"to":[10,7.5,22],"rotation":{"angle":0,"axis":"y","origin":[10,5,18.5]},"faces":{"north":{"uv":[0,0,0,1.25],"texture":"#2"},"east":{"uv":[0,10.25,1.75,11.5],"texture":"#2"},"south":{"uv":[0,0,0,1.25],"texture":"#2"},"west":{"uv":[10.25,0,12,1.25],"texture":"#2"},"up":{"uv":[0,1.75,0,0],"texture":"#2"},"down":{"uv":[0,0,0,1.75],"texture":"#2"}}},{"from":[6.5,6.89429,19.27907],"to":[6.5,10.89429,27.27907],"rotation":{"angle":-45,"axis":"x","origin":[6.5,8.89429,23.27907]},"faces":{"north":{"uv":[0,0,0,1],"texture":"#2"},"east":{"uv":[7,11,9,12],"texture":"#2"},"south":{"uv":[0,0,0,1],"texture":"#2"},"west":{"uv":[9,11,11,12],"texture":"#2"},"up":{"uv":[0,2,0,0],"texture":"#2"},"down":{"uv":[0,0,0,2],"texture":"#2"}}},{"from":[9.5,6.89429,19.27907],"to":[9.5,10.89429,27.27907],"rotation":{"angle":-45,"axis":"x","origin":[9.5,8.89429,23.27907]},"faces":{"north":{"uv":[0,0,0,1],"texture":"#2"},"east":{"uv":[11,11,13,12],"texture":"#2"},"south":{"uv":[0,0,0,1],"texture":"#2"},"west":{"uv":[1.75,11.25,3.75,12.25],"texture":"#2"},"up":{"uv":[0,2,0,0],"texture":"#2"},"down":{"uv":[0,0,0,2],"texture":"#2"}}},{"from":[6.5,9.72272,26.10749],"to":[9.5,13.72272,26.10749],"rotation":{"angle":-45,"axis":"x","origin":[8,11.72272,26.10749]},"faces":{"north":{"uv":[6.5,13.75,7.25,14.75],"texture":"#2"},"east":{"uv":[0,0,0,1],"texture":"#2"},"south":{"uv":[7.25,13.75,8,14.75],"texture":"#2"},"west":{"uv":[0,0,0,1],"texture":"#2"},"up":{"uv":[0.75,0,0,0],"texture":"#2"},"down":{"uv":[0.75,0,0,0],"texture":"#2"}}},{"from":[6.5,4.06586,20.45064],"to":[9.5,8.06586,20.45064],"rotation":{"angle":-45,"axis":"x","origin":[8,6.06586,20.45064]},"faces":{"north":{"uv":[8,13.75,8.75,14.75],"texture":"#2"},"east":{"uv":[0,0,0,1],"texture":"#2"},"south":{"uv":[13.75,8,14.5,9],"texture":"#2"},"west":{"uv":[0,0,0,1],"texture":"#2"},"up":{"uv":[0.75,0,0,0],"texture":"#2"},"down":{"uv":[0.75,0,0,0],"texture":"#2"}}},{"from":[6.5,7.48008,20.69328],"to":[9.5,7.48008,28.69328],"rotation":{"angle":-45,"axis":"x","origin":[8,7.48008,24.69328]},"faces":{"north":{"uv":[0,0,0.75,0],"texture":"#2"},"east":{"uv":[0,0,2,0],"texture":"#2"},"south":{"uv":[0,0,0.75,0],"texture":"#2"},"west":{"uv":[0,0,2,0],"texture":"#2"},"up":{"uv":[13,2,12.25,0],"texture":"#2"},"down":{"uv":[2.5,12.25,1.75,14.25],"texture":"#2"}}},{"from":[6.5,10.3085,17.86485],"to":[9.5,10.3085,25.86485],"rotation":{"angle":-45,"axis":"x","origin":[8,10.3085,21.86485]},"faces":{"north":{"uv":[0,0,0.75,0],"texture":"#2"},"east":{"uv":[0,0,2,0],"texture":"#2"},"south":{"uv":[0,0,0.75,0],"texture":"#2"},"west":{"uv":[0,0,2,0],"texture":"#2"},"up":{"uv":[3.25,14.25,2.5,12.25],"texture":"#2"},"down":{"uv":[13,8,12.25,10],"texture":"#2"}}},{"from":[6.5,2.88388,20.98617],"to":[9.5,2.88388,26.98617],"rotation":{"angle":45,"axis":"x","origin":[8,2.88388,23.98617]},"faces":{"north":{"uv":[0,0,0.75,0],"texture":"#2"},"east":{"uv":[0,0,1.5,0],"texture":"#2"},"south":{"uv":[0,0,0.75,0],"texture":"#2"},"west":{"uv":[0,0,1.5,0],"texture":"#2"},"up":{"uv":[6.5,14.25,5.75,12.75],"texture":"#2"},"down":{"uv":[13.75,0,13,1.5],"texture":"#2"}}},{"from":[6.5,-0.53033,19.57196],"to":[6.5,3.46967,25.57196],"rotation":{"angle":45,"axis":"x","origin":[6.5,1.46967,22.57196]},"faces":{"north":{"uv":[0,0,0,1],"texture":"#2"},"east":{"uv":[12.25,2,13.75,3],"texture":"#2"},"south":{"uv":[0,0,0,1],"texture":"#2"},"west":{"uv":[12.25,10,13.75,11],"texture":"#2"},"up":{"uv":[0,1.5,0,0],"texture":"#2"},"down":{"uv":[0,0,0,1.5],"texture":"#2"}}},{"from":[9.5,-0.53033,19.57196],"to":[9.5,3.46967,25.57196],"rotation":{"angle":45,"axis":"x","origin":[9.5,1.46967,22.57196]},"faces":{"north":{"uv":[0,0,0,1],"texture":"#2"},"east":{"uv":[12.5,3,14,4],"texture":"#2"},"south":{"uv":[0,0,0,1],"texture":"#2"},"west":{"uv":[12.5,4,14,5],"texture":"#2"},"up":{"uv":[0,1.5,0,0],"texture":"#2"},"down":{"uv":[0,0,0,1.5],"texture":"#2"}}},{"from":[6.5,-2.65165,24.69328],"to":[9.5,1.34835,24.69328],"rotation":{"angle":45,"axis":"x","origin":[8,-0.65165,24.69328]},"faces":{"north":{"uv":[8.75,13.75,9.5,14.75],"texture":"#2"},"east":{"uv":[0,0,0,1],"texture":"#2"},"south":{"uv":[9.5,13.75,10.25,14.75],"texture":"#2"},"west":{"uv":[0,0,0,1],"texture":"#2"},"up":{"uv":[0.75,0,0,0],"texture":"#2"},"down":{"uv":[0.75,0,0,0],"texture":"#2"}}},{"from":[6.5,1.59099,20.45064],"to":[9.5,5.59099,20.45064],"rotation":{"angle":45,"axis":"x","origin":[8,3.59099,20.45064]},"faces":{"north":{"uv":[13.75,10,14.5,11],"texture":"#2"},"east":{"uv":[0,0,0,1],"texture":"#2"},"south":{"uv":[13.75,12,14.5,13],"texture":"#2"},"west":{"uv":[0,0,0,1],"texture":"#2"},"up":{"uv":[0.75,0,0,0],"texture":"#2"},"down":{"uv":[0.75,0,0,0],"texture":"#2"}}},{"from":[6.5,0.05546,18.15775],"to":[9.5,0.05546,24.15775],"rotation":{"angle":45,"axis":"x","origin":[8,0.05546,21.15775]},"faces":{"north":{"uv":[0,0,0.75,0],"texture":"#2"},"east":{"uv":[0,0,1.5,0],"texture":"#2"},"south":{"uv":[0,0,0.75,0],"texture":"#2"},"west":{"uv":[0,0,1.5,0],"texture":"#2"},"up":{"uv":[13.75,9.5,13,8],"texture":"#2"},"down":{"uv":[0.75,13.25,0,14.75],"texture":"#2"}}},{"from":[10.99569,2,4.01041],"to":[17.99569,4,4.01041],"rotation":{"angle":-45,"axis":"y","origin":[14.49569,3,4.01041]},"faces":{"north":{"uv":[13,1.5,14.75,2],"texture":"#2"},"east":{"uv":[0,0,0,0.5],"texture":"#2"},"south":{"uv":[13,9.5,14.75,10],"texture":"#2"},"west":{"uv":[0,0,0,0.5],"texture":"#2"},"up":{"uv":[1.75,0,0,0],"texture":"#2"},"down":{"uv":[1.75,0,0,0],"texture":"#2"}}},{"from":[8.16726,2,6.83883],"to":[15.16726,4,6.83883],"rotation":{"angle":-45,"axis":"y","origin":[11.66726,3,6.83883]},"faces":{"north":{"uv":[13.5,5,15.25,5.5],"texture":"#2"},"east":{"uv":[0,0,0,0.5],"texture":"#2"},"south":{"uv":[13.5,5.5,15.25,6],"texture":"#2"},"west":{"uv":[0,0,0,0.5],"texture":"#2"},"up":{"uv":[1.75,0,0,0],"texture":"#2"},"down":{"uv":[1.75,0,0,0],"texture":"#2"}}},{"from":[10.6066,2,0.94975],"to":[10.6066,4,4.94975],"rotation":{"angle":-45,"axis":"y","origin":[10.6066,3,2.94975]},"faces":{"north":{"uv":[0,0,0,0.5],"texture":"#2"},"east":{"uv":[10.25,3.25,11.25,3.75],"texture":"#2"},"south":{"uv":[0,0,0,0.5],"texture":"#2"},"west":{"uv":[13.75,1,14.75,1.5],"texture":"#2"},"up":{"uv":[0,1,0,0],"texture":"#2"},"down":{"uv":[0,0,0,1],"texture":"#2"}}},{"from":[15.55635,2,5.89949],"to":[15.55635,4,9.89949],"rotation":{"angle":-45,"axis":"y","origin":[15.55635,3,7.89949]},"faces":{"north":{"uv":[0,0,0,0.5],"texture":"#2"},"east":{"uv":[13.75,9,14.75,9.5],"texture":"#2"},"south":{"uv":[0,0,0,0.5],"texture":"#2"},"west":{"uv":[13.75,13,14.75,13.5],"texture":"#2"},"up":{"uv":[0,1,0,0],"texture":"#2"},"down":{"uv":[0,0,0,1],"texture":"#2"}}},{"from":[9.58148,4,3.42462],"to":[16.58148,4,7.42462],"rotation":{"angle":-45,"axis":"y","origin":[13.08148,4,5.42462]},"faces":{"north":{"uv":[0,0,1.75,0],"texture":"#2"},"east":{"uv":[0,0,1,0],"texture":"#2"},"south":{"uv":[0,0,1.75,0],"texture":"#2"},"west":{"uv":[0,0,1,0],"texture":"#2"},"up":{"uv":[6.5,12.75,4.75,11.75],"texture":"#2"},"down":{"uv":[13.5,5,11.75,6],"texture":"#2"}}},{"from":[9.58148,2,3.42462],"to":[16.58148,2,7.42462],"rotation":{"angle":-45,"axis":"y","origin":[13.08148,2,5.42462]},"faces":{"north":{"uv":[0,0,1.75,0],"texture":"#2"},"east":{"uv":[0,0,1,0],"texture":"#2"},"south":{"uv":[0,0,1.75,0],"texture":"#2"},"west":{"uv":[0,0,1,0],"texture":"#2"},"up":{"uv":[13.5,7,11.75,6],"texture":"#2"},"down":{"uv":[13.5,7,11.75,8],"texture":"#2"}}},{"from":[1.59099,2,1.04074],"to":[1.59099,4,8.04074],"rotation":{"angle":-45,"axis":"y","origin":[1.59099,3,4.54074]},"faces":{"north":{"uv":[0,0,0,0.5],"texture":"#2"},"east":{"uv":[13.5,6,15.25,6.5],"texture":"#2"},"south":{"uv":[0,0,0,0.5],"texture":"#2"},"west":{"uv":[13.5,6.5,15.25,7],"texture":"#2"},"up":{"uv":[0,1.75,0,0],"texture":"#2"},"down":{"uv":[0,0,0,1.75],"texture":"#2"}}},{"from":[4.41942,2,3.86916],"to":[4.41942,4,10.86916],"rotation":{"angle":-45,"axis":"y","origin":[4.41942,3,7.36916]},"faces":{"north":{"uv":[0,0,0,0.5],"texture":"#2"},"east":{"uv":[13.5,7,15.25,7.5],"texture":"#2"},"south":{"uv":[0,0,0,0.5],"texture":"#2"},"west":{"uv":[13.5,7.5,15.25,8],"texture":"#2"},"up":{"uv":[0,1.75,0,0],"texture":"#2"},"down":{"uv":[0,0,0,1.75],"texture":"#2"}}},{"from":[3.48008,2,3.48008],"to":[7.48008,4,3.48008],"rotation":{"angle":-45,"axis":"y","origin":[5.48008,3,3.48008]},"faces":{"north":{"uv":[13.75,13.5,14.75,14],"texture":"#2"},"east":{"uv":[0,0,0,0.5],"texture":"#2"},"south":{"uv":[14,3,15,3.5],"texture":"#2"},"west":{"uv":[0,0,0,0.5],"texture":"#2"},"up":{"uv":[1,0,0,0],"texture":"#2"},"down":{"uv":[1,0,0,0],"texture":"#2"}}},{"from":[-1.46967,2,8.42983],"to":[2.53033,4,8.42983],"rotation":{"angle":-45,"axis":"y","origin":[0.53033,3,8.42983]},"faces":{"north":{"uv":[14,3.5,15,4],"texture":"#2"},"east":{"uv":[0,0,0,0.5],"texture":"#2"},"south":{"uv":[14,4,15,4.5],"texture":"#2"},"west":{"uv":[0,0,0,0.5],"texture":"#2"},"up":{"uv":[1,0,0,0],"texture":"#2"},"down":{"uv":[1,0,0,0],"texture":"#2"}}},{"from":[1.0052,4,2.45495],"to":[5.0052,4,9.45495],"rotation":{"angle":-45,"axis":"y","origin":[3.0052,4,5.95495]},"faces":{"north":{"uv":[0,0,1,0],"texture":"#2"},"east":{"uv":[0,0,1.75,0],"texture":"#2"},"south":{"uv":[0,0,1,0],"texture":"#2"},"west":{"uv":[0,0,1.75,0],"texture":"#2"},"up":{"uv":[7.5,13.75,6.5,12],"texture":"#2"},"down":{"uv":[8.5,12,7.5,13.75],"texture":"#2"}}},{"from":[1.0052,2,2.45495],"to":[5.0052,2,9.45495],"rotation":{"angle":-45,"axis":"y","origin":[3.0052,2,5.95495]},"faces":{"north":{"uv":[0,0,1,0],"texture":"#2"},"east":{"uv":[0,0,1.75,0],"texture":"#2"},"south":{"uv":[0,0,1,0],"texture":"#2"},"west":{"uv":[0,0,1.75,0],"texture":"#2"},"up":{"uv":[9.5,13.75,8.5,12],"texture":"#2"},"down":{"uv":[10.5,12,9.5,13.75],"texture":"#2"}}},{"from":[11,1.86888,-7.16603],"to":[11,8.86888,-0.16603],"rotation":{"angle":-22.5,"axis":"x","origin":[11,5.36888,-3.66603]},"faces":{"north":{"uv":[0,0,0,1.75],"texture":"#2"},"east":{"uv":[4,8.25,5.75,10],"texture":"#2"},"south":{"uv":[0,0,0,1.75],"texture":"#2"},"west":{"uv":[8.25,4,10,5.75],"texture":"#2"},"up":{"uv":[0,1.75,0,0],"texture":"#2"},"down":{"uv":[0,0,0,1.75],"texture":"#2"}}},{"from":[5,1.86888,-7.16603],"to":[5,8.86888,-0.16603],"rotation":{"angle":-22.5,"axis":"x","origin":[5,5.36888,-3.66603]},"faces":{"north":{"uv":[0,0,0,1.75],"texture":"#2"},"east":{"uv":[8.25,5.75,10,7.5],"texture":"#2"},"south":{"uv":[0,0,0,1.75],"texture":"#2"},"west":{"uv":[8.25,7.5,10,9.25],"texture":"#2"},"up":{"uv":[0,1.75,0,0],"texture":"#2"},"down":{"uv":[0,0,0,1.75],"texture":"#2"}}},{"from":[5,0.52949,-6.89961],"to":[11,7.52949,-6.89961],"rotation":{"angle":-22.5,"axis":"x","origin":[8,4.02949,-6.89961]},"faces":{"north":{"uv":[0,8.5,1.5,10.25],"texture":"#2"},"east":{"uv":[0,0,0,1.75],"texture":"#2"},"south":{"uv":[8.25,9.25,9.75,11],"texture":"#2"},"west":{"uv":[0,0,0,1.75],"texture":"#2"},"up":{"uv":[1.5,0,0,0],"texture":"#2"},"down":{"uv":[1.5,0,0,0],"texture":"#2"}}},{"from":[5,8.60246,-8.50542],"to":[11,8.60246,-1.50542],"rotation":{"angle":-22.5,"axis":"x","origin":[8,8.60246,-5.00542]},"faces":{"north":{"uv":[0,0,1.5,0],"texture":"#2"},"east":{"uv":[0,0,1.75,0],"texture":"#2"},"south":{"uv":[0,0,1.5,0],"texture":"#2"},"west":{"uv":[0,0,1.75,0],"texture":"#2"},"up":{"uv":[11.25,11,9.75,9.25],"texture":"#2"},"down":{"uv":[5.5,10,4,11.75],"texture":"#2"}}},{"from":[5,2.1353,-5.82664],"to":[11,2.1353,1.17336],"rotation":{"angle":-22.5,"axis":"x","origin":[8,2.1353,-2.32664]},"faces":{"north":{"uv":[0,0,1.5,0],"texture":"#2"},"east":{"uv":[0,0,1.75,0],"texture":"#2"},"south":{"uv":[0,0,1.5,0],"texture":"#2"},"west":{"uv":[0,0,1.75,0],"texture":"#2"},"up":{"uv":[11.5,5.75,10,4],"texture":"#2"},"down":{"uv":[7,10,5.5,11.75],"texture":"#2"}}},{"from":[7,1,5],"to":[9,2,7],"rotation":{"angle":0,"axis":"y","origin":[8,1.5,6]},"faces":{"north":{"uv":[5.75,8.75,6.25,9],"texture":"#2"},"east":{"uv":[1.5,9,2,9.25],"texture":"#2"},"south":{"uv":[5.75,9,6.25,9.25],"texture":"#2"},"west":{"uv":[1.5,9.25,2,9.5],"texture":"#2"},"up":{"uv":[6.25,8.75,5.75,8.25],"texture":"#2"},"down":{"uv":[2,8.5,1.5,9],"texture":"#2"}}},{"from":[6,0,4],"to":[6,1,8],"rotation":{"angle":0,"axis":"y","origin":[6,0.5,6]},"faces":{"north":{"uv":[0,0,0,0.25],"texture":"#2"},"east":{"uv":[4.75,14,5.75,14.25],"texture":"#2"},"south":{"uv":[0,0,0,0.25],"texture":"#2"},"west":{"uv":[14,4.75,15,5],"texture":"#2"},"up":{"uv":[0,1,0,0],"texture":"#2"},"down":{"uv":[0,0,0,1],"texture":"#2"}}},{"from":[6,0,4],"to":[10,0,8],"rotation":{"angle":0,"axis":"y","origin":[8,0,6]},"faces":{"north":{"uv":[0,0,1,0],"texture":"#2"},"east":{"uv":[0,0,1,0],"texture":"#2"},"south":{"uv":[0,0,1,0],"texture":"#2"},"west":{"uv":[0,0,1,0],"texture":"#2"},"up":{"uv":[8,11,7,10],"texture":"#2"},"down":{"uv":[14,11,13,12],"texture":"#2"}}},{"from":[6,1,4],"to":[10,1,8],"rotation":{"angle":0,"axis":"y","origin":[8,1,6]},"faces":{"north":{"uv":[0,0,1,0],"texture":"#2"},"east":{"uv":[0,0,1,0],"texture":"#2"},"south":{"uv":[0,0,1,0],"texture":"#2"},"west":{"uv":[0,0,1,0],"texture":"#2"},"up":{"uv":[13.75,14.25,12.75,13.25],"texture":"#2"},"down":{"uv":[1.75,13.5,0.75,14.5],"texture":"#2"}}},{"from":[10,0,4],"to":[10,1,8],"rotation":{"angle":0,"axis":"y","origin":[10,0.5,6]},"faces":{"north":{"uv":[0,0,0,0.25],"texture":"#2"},"east":{"uv":[10.25,14,11.25,14.25],"texture":"#2"},"south":{"uv":[0,0,0,0.25],"texture":"#2"},"west":{"uv":[14,11,15,11.25],"texture":"#2"},"up":{"uv":[0,1,0,0],"texture":"#2"},"down":{"uv":[0,0,0,1],"texture":"#2"}}},{"from":[6,0,4],"to":[10,1,4],"rotation":{"angle":0,"axis":"y","origin":[8,0.5,4]},"faces":{"north":{"uv":[11.25,14,12.25,14.25],"texture":"#2"},"east":{"uv":[0,0,0,0.25],"texture":"#2"},"south":{"uv":[14,11.25,15,11.5],"texture":"#2"},"west":{"uv":[0,0,0,0.25],"texture":"#2"},"up":{"uv":[1,0,0,0],"texture":"#2"},"down":{"uv":[1,0,0,0],"texture":"#2"}}},{"from":[6,0,8],"to":[10,1,8],"rotation":{"angle":0,"axis":"y","origin":[8,0.5,8]},"faces":{"north":{"uv":[10.25,3.75,11.25,4],"texture":"#2"},"east":{"uv":[0,0,0,0.25],"texture":"#2"},"south":{"uv":[14,4.5,15,4.75],"texture":"#2"},"west":{"uv":[0,0,0,0.25],"texture":"#2"},"up":{"uv":[1,0,0,0],"texture":"#2"},"down":{"uv":[1,0,0,0],"texture":"#2"}}}],"gui_light":"front","display":{"gui":{"rotation":[21,-129,0],"translation":[0.5,0,0],"scale":[0.5,0.5,0.5]},"head":{"translation":[0,24.25,3],"scale":[1.99141,1.99141,1.99141]}}}