{
	"credit": "Made with Blockbench",
	"textures": {
		"0": "angel_weapon_set:angel_armor_boots",
		"particle": "angel_weapon_set:angel_armor_boots"
	},
	"elements": [
		{
			"name": "angel_armor_boots_0",
			"from": [3, 11.5, 7.5],
			"to": [6, 14.5, 8.5],
			"rotation": {"angle": 0, "axis": "x", "origin": [8, 7.5, 8]},
			"faces": {
				"north": {"uv": [3, 4, 6, 1], "rotation": 180, "texture": "#0"},
				"east": {"uv": [5, 1, 6, 4], "texture": "#0"},
				"south": {"uv": [3, 1, 6, 4], "texture": "#0"},
				"west": {"uv": [3, 1, 4, 4], "texture": "#0"},
				"up": {"uv": [6, 1, 3, 2], "rotation": 180, "texture": "#0"},
				"down": {"uv": [3, 3, 6, 4], "texture": "#0"}
			}
		},
		{
			"name": "angel_armor_boots_1",
			"from": [10, 11.5, 7.5],
			"to": [13, 14.5, 8.5],
			"rotation": {"angle": 0, "axis": "x", "origin": [8, 7.5, 8]},
			"faces": {
				"north": {"uv": [10, 4, 13, 1], "rotation": 180, "texture": "#0"},
				"east": {"uv": [12, 1, 13, 4], "texture": "#0"},
				"south": {"uv": [10, 1, 13, 4], "texture": "#0"},
				"west": {"uv": [10, 1, 11, 4], "texture": "#0"},
				"up": {"uv": [13, 1, 10, 2], "rotation": 180, "texture": "#0"},
				"down": {"uv": [10, 3, 13, 4], "texture": "#0"}
			}
		},
		{
			"name": "angel_armor_boots_2",
			"from": [6, 9.5, 7.5],
			"to": [7, 13.5, 8.5],
			"rotation": {"angle": 0, "axis": "x", "origin": [8, 7.5, 8]},
			"faces": {
				"north": {"uv": [6, 6, 7, 2], "rotation": 180, "texture": "#0"},
				"east": {"uv": [6, 2, 7, 6], "texture": "#0"},
				"south": {"uv": [6, 2, 7, 6], "texture": "#0"},
				"west": {"uv": [6, 2, 7, 6], "texture": "#0"},
				"up": {"uv": [7, 2, 6, 3], "rotation": 180, "texture": "#0"},
				"down": {"uv": [6, 5, 7, 6], "texture": "#0"}
			}
		},
		{
			"name": "angel_armor_boots_3",
			"from": [9, 9.5, 7.5],
			"to": [10, 13.5, 8.5],
			"rotation": {"angle": 0, "axis": "x", "origin": [8, 7.5, 8]},
			"faces": {
				"north": {"uv": [9, 6, 10, 2], "rotation": 180, "texture": "#0"},
				"east": {"uv": [9, 2, 10, 6], "texture": "#0"},
				"south": {"uv": [9, 2, 10, 6], "texture": "#0"},
				"west": {"uv": [9, 2, 10, 6], "texture": "#0"},
				"up": {"uv": [10, 2, 9, 3], "rotation": 180, "texture": "#0"},
				"down": {"uv": [9, 5, 10, 6], "texture": "#0"}
			}
		},
		{
			"name": "angel_armor_boots_4",
			"from": [4, 10.5, 7.5],
			"to": [6, 11.5, 8.5],
			"rotation": {"angle": 0, "axis": "x", "origin": [8, 7.5, 8]},
			"faces": {
				"north": {"uv": [4, 5, 6, 4], "rotation": 180, "texture": "#0"},
				"east": {"uv": [5, 4, 6, 5], "texture": "#0"},
				"south": {"uv": [4, 4, 6, 5], "texture": "#0"},
				"west": {"uv": [4, 4, 5, 5], "texture": "#0"},
				"up": {"uv": [6, 4, 4, 5], "rotation": 180, "texture": "#0"},
				"down": {"uv": [4, 4, 6, 5], "texture": "#0"}
			}
		},
		{
			"name": "angel_armor_boots_5",
			"from": [10, 10.5, 7.5],
			"to": [12, 11.5, 8.5],
			"rotation": {"angle": 0, "axis": "x", "origin": [8, 7.5, 8]},
			"faces": {
				"north": {"uv": [10, 5, 12, 4], "rotation": 180, "texture": "#0"},
				"east": {"uv": [11, 4, 12, 5], "texture": "#0"},
				"south": {"uv": [10, 4, 12, 5], "texture": "#0"},
				"west": {"uv": [10, 4, 11, 5], "texture": "#0"},
				"up": {"uv": [12, 4, 10, 5], "rotation": 180, "texture": "#0"},
				"down": {"uv": [10, 4, 12, 5], "texture": "#0"}
			}
		},
		{
			"name": "angel_armor_boots_6",
			"from": [5, 9.5, 7.5],
			"to": [6, 10.5, 8.5],
			"rotation": {"angle": 0, "axis": "x", "origin": [8, 7.5, 8]},
			"faces": {
				"north": {"uv": [5, 6, 6, 5], "rotation": 180, "texture": "#0"},
				"east": {"uv": [5, 5, 6, 6], "texture": "#0"},
				"south": {"uv": [5, 5, 6, 6], "texture": "#0"},
				"west": {"uv": [5, 5, 6, 6], "texture": "#0"},
				"up": {"uv": [6, 5, 5, 6], "rotation": 180, "texture": "#0"},
				"down": {"uv": [5, 5, 6, 6], "texture": "#0"}
			}
		},
		{
			"name": "angel_armor_boots_7",
			"from": [10, 9.5, 7.5],
			"to": [11, 10.5, 8.5],
			"rotation": {"angle": 0, "axis": "x", "origin": [8, 7.5, 8]},
			"faces": {
				"north": {"uv": [10, 6, 11, 5], "rotation": 180, "texture": "#0"},
				"east": {"uv": [10, 5, 11, 6], "texture": "#0"},
				"south": {"uv": [10, 5, 11, 6], "texture": "#0"},
				"west": {"uv": [10, 5, 11, 6], "texture": "#0"},
				"up": {"uv": [11, 5, 10, 6], "rotation": 180, "texture": "#0"},
				"down": {"uv": [10, 5, 11, 6], "texture": "#0"}
			}
		},
		{
			"name": "angel_armor_boots_8",
			"from": [3, 0.5, 7.5],
			"to": [5, 7.5, 8.5],
			"rotation": {"angle": 0, "axis": "x", "origin": [8, 7.5, 8]},
			"faces": {
				"north": {"uv": [3, 15, 5, 8], "rotation": 180, "texture": "#0"},
				"east": {"uv": [4, 8, 5, 15], "texture": "#0"},
				"south": {"uv": [3, 8, 5, 15], "texture": "#0"},
				"west": {"uv": [3, 8, 4, 15], "texture": "#0"},
				"up": {"uv": [5, 8, 3, 9], "rotation": 180, "texture": "#0"},
				"down": {"uv": [3, 14, 5, 15], "texture": "#0"}
			}
		},
		{
			"name": "angel_armor_boots_9",
			"from": [11, 0.5, 7.5],
			"to": [13, 7.5, 8.5],
			"rotation": {"angle": 0, "axis": "x", "origin": [8, 7.5, 8]},
			"faces": {
				"north": {"uv": [11, 15, 13, 8], "rotation": 180, "texture": "#0"},
				"east": {"uv": [12, 8, 13, 15], "texture": "#0"},
				"south": {"uv": [11, 8, 13, 15], "texture": "#0"},
				"west": {"uv": [11, 8, 12, 15], "texture": "#0"},
				"up": {"uv": [13, 8, 11, 9], "rotation": 180, "texture": "#0"},
				"down": {"uv": [11, 14, 13, 15], "texture": "#0"}
			}
		},
		{
			"name": "angel_armor_boots_10",
			"from": [5, 1.5, 7.5],
			"to": [6, 6.5, 8.5],
			"rotation": {"angle": 0, "axis": "x", "origin": [8, 7.5, 8]},
			"faces": {
				"north": {"uv": [5, 14, 6, 9], "rotation": 180, "texture": "#0"},
				"east": {"uv": [5, 9, 6, 14], "texture": "#0"},
				"south": {"uv": [5, 9, 6, 14], "texture": "#0"},
				"west": {"uv": [5, 9, 6, 14], "texture": "#0"},
				"up": {"uv": [6, 9, 5, 10], "rotation": 180, "texture": "#0"},
				"down": {"uv": [5, 13, 6, 14], "texture": "#0"}
			}
		},
		{
			"name": "angel_armor_boots_11",
			"from": [10, 1.5, 7.5],
			"to": [11, 6.5, 8.5],
			"rotation": {"angle": 0, "axis": "x", "origin": [8, 7.5, 8]},
			"faces": {
				"north": {"uv": [10, 14, 11, 9], "rotation": 180, "texture": "#0"},
				"east": {"uv": [10, 9, 11, 14], "texture": "#0"},
				"south": {"uv": [10, 9, 11, 14], "texture": "#0"},
				"west": {"uv": [10, 9, 11, 14], "texture": "#0"},
				"up": {"uv": [11, 9, 10, 10], "rotation": 180, "texture": "#0"},
				"down": {"uv": [10, 13, 11, 14], "texture": "#0"}
			}
		},
		{
			"name": "angel_armor_boots_12",
			"from": [6, 1.5, 7.5],
			"to": [7, 5.5, 8.5],
			"rotation": {"angle": 0, "axis": "x", "origin": [8, 7.5, 8]},
			"faces": {
				"north": {"uv": [6, 14, 7, 10], "rotation": 180, "texture": "#0"},
				"east": {"uv": [6, 10, 7, 14], "texture": "#0"},
				"south": {"uv": [6, 10, 7, 14], "texture": "#0"},
				"west": {"uv": [6, 10, 7, 14], "texture": "#0"},
				"up": {"uv": [7, 10, 6, 11], "rotation": 180, "texture": "#0"},
				"down": {"uv": [6, 13, 7, 14], "texture": "#0"}
			}
		},
		{
			"name": "angel_armor_boots_13",
			"from": [9, 1.5, 7.5],
			"to": [10, 5.5, 8.5],
			"rotation": {"angle": 0, "axis": "x", "origin": [8, 7.5, 8]},
			"faces": {
				"north": {"uv": [9, 14, 10, 10], "rotation": 180, "texture": "#0"},
				"east": {"uv": [9, 10, 10, 14], "texture": "#0"},
				"south": {"uv": [9, 10, 10, 14], "texture": "#0"},
				"west": {"uv": [9, 10, 10, 14], "texture": "#0"},
				"up": {"uv": [10, 10, 9, 11], "rotation": 180, "texture": "#0"},
				"down": {"uv": [9, 13, 10, 14], "texture": "#0"}
			}
		},
		{
			"name": "angel_armor_boots_14",
			"from": [2, 0.5, 7.5],
			"to": [3, 4.5, 8.5],
			"rotation": {"angle": 0, "axis": "x", "origin": [8, 7.5, 8]},
			"faces": {
				"north": {"uv": [2, 15, 3, 11], "rotation": 180, "texture": "#0"},
				"east": {"uv": [2, 11, 3, 15], "texture": "#0"},
				"south": {"uv": [2, 11, 3, 15], "texture": "#0"},
				"west": {"uv": [2, 11, 3, 15], "texture": "#0"},
				"up": {"uv": [3, 11, 2, 12], "rotation": 180, "texture": "#0"},
				"down": {"uv": [2, 14, 3, 15], "texture": "#0"}
			}
		},
		{
			"name": "angel_armor_boots_15",
			"from": [13, 0.5, 7.5],
			"to": [14, 4.5, 8.5],
			"rotation": {"angle": 0, "axis": "x", "origin": [8, 7.5, 8]},
			"faces": {
				"north": {"uv": [13, 15, 14, 11], "rotation": 180, "texture": "#0"},
				"east": {"uv": [13, 11, 14, 15], "texture": "#0"},
				"south": {"uv": [13, 11, 14, 15], "texture": "#0"},
				"west": {"uv": [13, 11, 14, 15], "texture": "#0"},
				"up": {"uv": [14, 11, 13, 12], "rotation": 180, "texture": "#0"},
				"down": {"uv": [13, 14, 14, 15], "texture": "#0"}
			}
		},
		{
			"name": "angel_armor_boots_16",
			"from": [1, 0.5, 7.5],
			"to": [2, 3.5, 8.5],
			"rotation": {"angle": 0, "axis": "x", "origin": [8, 7.5, 8]},
			"faces": {
				"north": {"uv": [1, 15, 2, 12], "rotation": 180, "texture": "#0"},
				"east": {"uv": [1, 12, 2, 15], "texture": "#0"},
				"south": {"uv": [1, 12, 2, 15], "texture": "#0"},
				"west": {"uv": [1, 12, 2, 15], "texture": "#0"},
				"up": {"uv": [2, 12, 1, 13], "rotation": 180, "texture": "#0"},
				"down": {"uv": [1, 14, 2, 15], "texture": "#0"}
			}
		},
		{
			"name": "angel_armor_boots_17",
			"from": [14, 0.5, 7.5],
			"to": [15, 3.5, 8.5],
			"rotation": {"angle": 0, "axis": "x", "origin": [8, 7.5, 8]},
			"faces": {
				"north": {"uv": [14, 15, 15, 12], "rotation": 180, "texture": "#0"},
				"east": {"uv": [14, 12, 15, 15], "texture": "#0"},
				"south": {"uv": [14, 12, 15, 15], "texture": "#0"},
				"west": {"uv": [14, 12, 15, 15], "texture": "#0"},
				"up": {"uv": [15, 12, 14, 13], "rotation": 180, "texture": "#0"},
				"down": {"uv": [14, 14, 15, 15], "texture": "#0"}
			}
		}
	],
	"gui_light": "front",
	"display": {
		"thirdperson_righthand": {
			"translation": [0, 0, -0.5],
			"scale": [0.40039, 0.40039, 0.40039]
		},
		"thirdperson_lefthand": {
			"translation": [0, 0, -0.5],
			"scale": [0.40039, 0.40039, 0.40039]
		},
		"firstperson_righthand": {
			"translation": [3.25, 1.5, 0]
		},
		"firstperson_lefthand": {
			"translation": [3.25, 1.5, 0]
		},
		"ground": {
			"translation": [0, 2.25, 0],
			"scale": [0.67773, 0.67773, 0.67773]
		},
		"gui": {
			"translation": [0, 0.5, 0],
			"scale": [0.80664, 0.80664, 0.80664]
		},
		"fixed": {
			"translation": [0, 0, -1.5]
		}
	},
	"groups": [
		{
			"name": "angel_armor_boots",
			"origin": [8, 8, 8],
			"color": 0,
			"children": [0, 1, 2, 3, 4, 5, 6, 7, 8, 9, 10, 11, 12, 13, 14, 15, 16, 17]
		}
	]
}