{"textures":{"0":"modelengine:entity/earth_element"},"elements":[{"name":"cube","from":[6.5,6.5,6.5],"to":[9.5,9.5,9.5],"rotation":{"angle":0.0,"axis":"x","origin":[8.0,8.0,8.0]},"faces":{"down":{"uv":[7.0,3.5,6.375,2.875],"rotation":90,"texture":"#0","tintindex":0},"east":{"uv":[3.5,6.25,2.875,6.875],"rotation":0,"texture":"#0","tintindex":0},"north":{"uv":[6.875,6.0,6.25,6.625],"rotation":0,"texture":"#0","tintindex":0},"south":{"uv":[7.0,0.625,6.375,1.25],"rotation":0,"texture":"#0","tintindex":0},"up":{"uv":[7.0,1.25,6.375,1.875],"rotation":270,"texture":"#0","tintindex":0},"west":{"uv":[7.0,0.0,6.375,0.625],"rotation":0,"texture":"#0","tintindex":0}}}],"display":{"head":{"translation":[0.0,-6.4,0.0],"rotation":[0.0,0.0,0.0],"scale":[3.8095,3.8095,3.8095]}}}