{"textures":{"0":"modelengine:entity/earth_element"},"elements":[{"name":"cube","from":[18.450794,6.95,10.07873],"to":[18.450794,14.45,14.578729],"rotation":{"angle":-22.5,"axis":"y","origin":[18.450794,14.6,12.328729]},"faces":{"down":{"uv":[4.125,6.625,4.75,11.25],"rotation":270,"texture":"#0","tintindex":0},"east":{"uv":[4.125,6.625,4.75,7.6875],"rotation":0,"texture":"#0","tintindex":0},"north":{"uv":[4.125,6.625,4.75,7.6875],"rotation":0,"texture":"#0","tintindex":0},"south":{"uv":[4.125,6.625,4.75,7.6875],"rotation":0,"texture":"#0","tintindex":0},"up":{"uv":[4.125,6.625,4.75,11.25],"rotation":90,"texture":"#0","tintindex":0},"west":{"uv":[4.75,6.625,4.125,7.6875],"rotation":0,"texture":"#0","tintindex":0}}},{"name":"cube","from":[15.998767,6.95,13.748447],"to":[15.998767,14.45,18.24845],"rotation":{"angle":-45.0,"axis":"y","origin":[15.998767,14.6,15.998447]},"faces":{"down":{"uv":[0.75,7.125,1.375,11.75],"rotation":270,"texture":"#0","tintindex":0},"east":{"uv":[0.75,7.125,1.375,8.1875],"rotation":0,"texture":"#0","tintindex":0},"north":{"uv":[0.75,7.125,1.375,8.1875],"rotation":0,"texture":"#0","tintindex":0},"south":{"uv":[0.75,7.125,1.375,8.1875],"rotation":0,"texture":"#0","tintindex":0},"up":{"uv":[0.75,7.125,1.375,11.75],"rotation":90,"texture":"#0","tintindex":0},"west":{"uv":[1.375,7.125,0.75,8.1875],"rotation":0,"texture":"#0","tintindex":0}}},{"name":"cube","from":[5.75,6.95,19.311195],"to":[10.25,14.45,19.311195],"rotation":{"angle":0.0,"axis":"x","origin":[9.8,6.95,12.561195]},"faces":{"down":{"uv":[4.75,7.125,5.375,11.75],"rotation":270,"texture":"#0","tintindex":0},"east":{"uv":[4.75,7.125,5.375,8.1875],"rotation":0,"texture":"#0","tintindex":0},"north":{"uv":[5.375,7.125,4.75,8.1875],"rotation":0,"texture":"#0","tintindex":0},"south":{"uv":[4.75,7.125,5.375,8.1875],"rotation":0,"texture":"#0","tintindex":0},"up":{"uv":[4.75,7.125,5.375,11.75],"rotation":90,"texture":"#0","tintindex":0},"west":{"uv":[4.75,7.125,5.375,8.1875],"rotation":0,"texture":"#0","tintindex":0}}},{"name":"cube","from":[10.07873,6.95,19.311195],"to":[14.578729,14.45,19.311195],"rotation":{"angle":22.5,"axis":"y","origin":[10.164364,14.6,18.880676]},"faces":{"down":{"uv":[7.75,4.625,8.375,9.25],"rotation":270,"texture":"#0","tintindex":0},"east":{"uv":[7.75,4.625,8.375,5.6875],"rotation":0,"texture":"#0","tintindex":0},"north":{"uv":[8.375,4.625,7.75,5.6875],"rotation":0,"texture":"#0","tintindex":0},"south":{"uv":[7.75,4.625,8.375,5.6875],"rotation":0,"texture":"#0","tintindex":0},"up":{"uv":[7.75,4.625,8.375,9.25],"rotation":90,"texture":"#0","tintindex":0},"west":{"uv":[7.75,4.625,8.375,5.6875],"rotation":0,"texture":"#0","tintindex":0}}},{"name":"cube","from":[5.75,6.95,-3.3111968],"to":[10.25,14.45,-3.3111968],"rotation":{"angle":0.0,"axis":"x","origin":[9.8,6.95,3.4388041]},"faces":{"down":{"uv":[3.5,7.875,4.125,12.5],"rotation":270,"texture":"#0","tintindex":0},"east":{"uv":[3.5,7.875,4.125,8.9375],"rotation":0,"texture":"#0","tintindex":0},"north":{"uv":[3.5,7.875,4.125,8.9375],"rotation":0,"texture":"#0","tintindex":0},"south":{"uv":[4.125,7.875,3.5,8.9375],"rotation":0,"texture":"#0","tintindex":0},"up":{"uv":[3.5,7.875,4.125,12.5],"rotation":90,"texture":"#0","tintindex":0},"west":{"uv":[3.5,7.875,4.125,8.9375],"rotation":0,"texture":"#0","tintindex":0}}},{"name":"cube","from":[10.07873,6.95,-3.3111968],"to":[14.578729,14.45,-3.3111968],"rotation":{"angle":-22.5,"axis":"y","origin":[10.164364,14.6,-2.8806767]},"faces":{"down":{"uv":[0.0,8.125,0.625,12.75],"rotation":270,"texture":"#0","tintindex":0},"east":{"uv":[0.0,8.125,0.625,9.1875],"rotation":0,"texture":"#0","tintindex":0},"north":{"uv":[0.0,8.125,0.625,9.1875],"rotation":0,"texture":"#0","tintindex":0},"south":{"uv":[0.625,8.125,0.0,9.1875],"rotation":0,"texture":"#0","tintindex":0},"up":{"uv":[0.0,8.125,0.625,12.75],"rotation":90,"texture":"#0","tintindex":0},"west":{"uv":[0.0,8.125,0.625,9.1875],"rotation":0,"texture":"#0","tintindex":0}}},{"name":"cube","from":[15.998767,6.95,-2.2484488],"to":[15.998767,14.45,2.2515519],"rotation":{"angle":45.0,"axis":"y","origin":[15.998767,14.6,0.0015516281]},"faces":{"down":{"uv":[1.375,8.375,2.0,13.0],"rotation":270,"texture":"#0","tintindex":0},"east":{"uv":[1.375,8.375,2.0,9.4375],"rotation":0,"texture":"#0","tintindex":0},"north":{"uv":[1.375,8.375,2.0,9.4375],"rotation":0,"texture":"#0","tintindex":0},"south":{"uv":[1.375,8.375,2.0,9.4375],"rotation":0,"texture":"#0","tintindex":0},"up":{"uv":[1.375,8.375,2.0,13.0],"rotation":90,"texture":"#0","tintindex":0},"west":{"uv":[2.0,8.375,1.375,9.4375],"rotation":0,"texture":"#0","tintindex":0}}},{"name":"cube","from":[18.450794,6.95,1.4212708],"to":[18.450794,14.45,5.9212713],"rotation":{"angle":22.5,"axis":"y","origin":[18.450794,14.6,3.6712708]},"faces":{"down":{"uv":[8.625,0.0,9.25,4.625],"rotation":270,"texture":"#0","tintindex":0},"east":{"uv":[8.625,0.0,9.25,1.0625],"rotation":0,"texture":"#0","tintindex":0},"north":{"uv":[8.625,0.0,9.25,1.0625],"rotation":0,"texture":"#0","tintindex":0},"south":{"uv":[8.625,0.0,9.25,1.0625],"rotation":0,"texture":"#0","tintindex":0},"up":{"uv":[8.625,0.0,9.25,4.625],"rotation":90,"texture":"#0","tintindex":0},"west":{"uv":[9.25,0.0,8.625,1.0625],"rotation":0,"texture":"#0","tintindex":0}}},{"name":"cube","from":[19.311832,6.95,5.75],"to":[19.311832,14.45,10.25],"rotation":{"angle":0.0,"axis":"x","origin":[12.561832,6.95,9.8]},"faces":{"down":{"uv":[9.25,0.0,9.875,4.625],"rotation":270,"texture":"#0","tintindex":0},"east":{"uv":[9.25,0.0,9.875,1.0625],"rotation":0,"texture":"#0","tintindex":0},"north":{"uv":[9.25,0.0,9.875,1.0625],"rotation":0,"texture":"#0","tintindex":0},"south":{"uv":[9.25,0.0,9.875,1.0625],"rotation":0,"texture":"#0","tintindex":0},"up":{"uv":[9.25,0.0,9.875,4.625],"rotation":90,"texture":"#0","tintindex":0},"west":{"uv":[9.875,0.0,9.25,1.0625],"rotation":0,"texture":"#0","tintindex":0}}},{"name":"cube","from":[1.4212708,6.95,-3.3111968],"to":[5.9212713,14.45,-3.3111968],"rotation":{"angle":22.5,"axis":"y","origin":[5.835635,14.6,-2.8806767]},"faces":{"down":{"uv":[8.75,9.25,9.375,13.875],"rotation":270,"texture":"#0","tintindex":0},"east":{"uv":[8.75,9.25,9.375,10.3125],"rotation":0,"texture":"#0","tintindex":0},"north":{"uv":[8.75,9.25,9.375,10.3125],"rotation":0,"texture":"#0","tintindex":0},"south":{"uv":[9.375,9.25,8.75,10.3125],"rotation":0,"texture":"#0","tintindex":0},"up":{"uv":[8.75,9.25,9.375,13.875],"rotation":90,"texture":"#0","tintindex":0},"west":{"uv":[8.75,9.25,9.375,10.3125],"rotation":0,"texture":"#0","tintindex":0}}},{"name":"cube","from":[0.0012328625,6.95,-2.2484488],"to":[0.0012328625,14.45,2.2515519],"rotation":{"angle":-45.0,"axis":"y","origin":[0.0012328625,14.6,0.0015516281]},"faces":{"down":{"uv":[9.625,4.625,10.25,9.25],"rotation":270,"texture":"#0","tintindex":0},"east":{"uv":[10.25,4.625,9.625,5.6875],"rotation":0,"texture":"#0","tintindex":0},"north":{"uv":[9.625,4.625,10.25,5.6875],"rotation":0,"texture":"#0","tintindex":0},"south":{"uv":[9.625,4.625,10.25,5.6875],"rotation":0,"texture":"#0","tintindex":0},"up":{"uv":[9.625,4.625,10.25,9.25],"rotation":90,"texture":"#0","tintindex":0},"west":{"uv":[9.625,4.625,10.25,5.6875],"rotation":0,"texture":"#0","tintindex":0}}},{"name":"cube","from":[-2.4507952,6.95,1.4212708],"to":[-2.4507952,14.45,5.9212713],"rotation":{"angle":-22.5,"axis":"y","origin":[-2.4507952,14.6,3.6712708]},"faces":{"down":{"uv":[10.0,9.25,10.625,13.875],"rotation":270,"texture":"#0","tintindex":0},"east":{"uv":[10.625,9.25,10.0,10.3125],"rotation":0,"texture":"#0","tintindex":0},"north":{"uv":[10.0,9.25,10.625,10.3125],"rotation":0,"texture":"#0","tintindex":0},"south":{"uv":[10.0,9.25,10.625,10.3125],"rotation":0,"texture":"#0","tintindex":0},"up":{"uv":[10.0,9.25,10.625,13.875],"rotation":90,"texture":"#0","tintindex":0},"west":{"uv":[10.0,9.25,10.625,10.3125],"rotation":0,"texture":"#0","tintindex":0}}},{"name":"cube","from":[-3.311833,6.95,5.75],"to":[-3.311833,14.45,10.25],"rotation":{"angle":0.0,"axis":"x","origin":[3.4381676,6.95,9.8]},"faces":{"down":{"uv":[10.5,0.0,11.125,4.625],"rotation":270,"texture":"#0","tintindex":0},"east":{"uv":[11.125,0.0,10.5,1.0625],"rotation":0,"texture":"#0","tintindex":0},"north":{"uv":[10.5,0.0,11.125,1.0625],"rotation":0,"texture":"#0","tintindex":0},"south":{"uv":[10.5,0.0,11.125,1.0625],"rotation":0,"texture":"#0","tintindex":0},"up":{"uv":[10.5,0.0,11.125,4.625],"rotation":90,"texture":"#0","tintindex":0},"west":{"uv":[10.5,0.0,11.125,1.0625],"rotation":0,"texture":"#0","tintindex":0}}},{"name":"cube","from":[1.4212708,6.95,19.311195],"to":[5.9212713,14.45,19.311195],"rotation":{"angle":-22.5,"axis":"y","origin":[5.835635,14.6,18.880676]},"faces":{"down":{"uv":[10.625,9.25,11.25,13.875],"rotation":270,"texture":"#0","tintindex":0},"east":{"uv":[10.625,9.25,11.25,10.3125],"rotation":0,"texture":"#0","tintindex":0},"north":{"uv":[11.25,9.25,10.625,10.3125],"rotation":0,"texture":"#0","tintindex":0},"south":{"uv":[10.625,9.25,11.25,10.3125],"rotation":0,"texture":"#0","tintindex":0},"up":{"uv":[10.625,9.25,11.25,13.875],"rotation":90,"texture":"#0","tintindex":0},"west":{"uv":[10.625,9.25,11.25,10.3125],"rotation":0,"texture":"#0","tintindex":0}}},{"name":"cube","from":[0.0012328625,6.95,13.748447],"to":[0.0012328625,14.45,18.24845],"rotation":{"angle":45.0,"axis":"y","origin":[0.0012328625,14.6,15.998447]},"faces":{"down":{"uv":[4.125,11.25,4.75,15.875],"rotation":270,"texture":"#0","tintindex":0},"east":{"uv":[4.75,11.25,4.125,12.3125],"rotation":0,"texture":"#0","tintindex":0},"north":{"uv":[4.125,11.25,4.75,12.3125],"rotation":0,"texture":"#0","tintindex":0},"south":{"uv":[4.125,11.25,4.75,12.3125],"rotation":0,"texture":"#0","tintindex":0},"up":{"uv":[4.125,11.25,4.75,15.875],"rotation":90,"texture":"#0","tintindex":0},"west":{"uv":[4.125,11.25,4.75,12.3125],"rotation":0,"texture":"#0","tintindex":0}}},{"name":"cube","from":[-2.4507952,6.95,10.07873],"to":[-2.4507952,14.45,14.578729],"rotation":{"angle":22.5,"axis":"y","origin":[-2.4507952,14.6,12.328729]},"faces":{"down":{"uv":[11.25,9.25,11.875,13.875],"rotation":270,"texture":"#0","tintindex":0},"east":{"uv":[11.875,9.25,11.25,10.3125],"rotation":0,"texture":"#0","tintindex":0},"north":{"uv":[11.25,9.25,11.875,10.3125],"rotation":0,"texture":"#0","tintindex":0},"south":{"uv":[11.25,9.25,11.875,10.3125],"rotation":0,"texture":"#0","tintindex":0},"up":{"uv":[11.25,9.25,11.875,13.875],"rotation":90,"texture":"#0","tintindex":0},"west":{"uv":[11.25,9.25,11.875,10.3125],"rotation":0,"texture":"#0","tintindex":0}}}],"display":{"head":{"translation":[0.0,-6.4,0.0],"rotation":[0.0,0.0,0.0],"scale":[3.8095,3.8095,3.8095]}}}