{"textures":{"0":"modelengine:entity/earth_element"},"elements":[{"name":"cube","from":[5.3,13.1,5.3],"to":[10.700001,16.7,10.700001],"rotation":{"angle":0.0,"axis":"x","origin":[5.8999996,-3.7000003,5.8999996]},"faces":{"down":{"uv":[5.625,1.125,4.5,2.25],"rotation":0,"texture":"#0","tintindex":0},"east":{"uv":[5.25,4.5,6.375,5.25],"rotation":0,"texture":"#0","tintindex":0},"north":{"uv":[5.25,3.75,6.375,4.5],"rotation":0,"texture":"#0","tintindex":0},"south":{"uv":[6.375,3.75,5.25,4.5],"rotation":0,"texture":"#0","tintindex":0},"up":{"uv":[5.625,1.125,4.5,0.0],"rotation":0,"texture":"#0","tintindex":0},"west":{"uv":[3.0,5.5,4.125,6.25],"rotation":0,"texture":"#0","tintindex":0}}},{"name":"cube","from":[2.8999999,16.7,8.0],"to":[13.1,21.5,8.0],"rotation":{"angle":0.0,"axis":"x","origin":[3.4999998,-3.7000003,8.6]},"faces":{"down":{"uv":[2.125,0.0,0.0,0.0],"rotation":0,"texture":"#0","tintindex":0},"east":{"uv":[0.0,0.0,0.0,1.0],"rotation":0,"texture":"#0","tintindex":0},"north":{"uv":[5.375,7.75,7.5,8.75],"rotation":0,"texture":"#0","tintindex":0},"south":{"uv":[7.5,7.75,5.375,8.75],"rotation":0,"texture":"#0","tintindex":0},"up":{"uv":[2.125,0.0,0.0,0.0],"rotation":0,"texture":"#0","tintindex":0},"west":{"uv":[0.0,0.0,0.0,1.0],"rotation":0,"texture":"#0","tintindex":0}}},{"name":"cube","from":[0.49999976,16.7,6.8],"to":[10.700001,21.5,6.8],"rotation":{"angle":0.0,"axis":"x","origin":[3.4999998,-3.7000003,8.6]},"faces":{"down":{"uv":[2.125,0.0,0.0,0.0],"rotation":0,"texture":"#0","tintindex":0},"east":{"uv":[0.0,0.0,0.0,1.0],"rotation":0,"texture":"#0","tintindex":0},"north":{"uv":[5.375,8.75,7.5,9.75],"rotation":0,"texture":"#0","tintindex":0},"south":{"uv":[7.5,8.75,5.375,9.75],"rotation":0,"texture":"#0","tintindex":0},"up":{"uv":[2.125,0.0,0.0,0.0],"rotation":0,"texture":"#0","tintindex":0},"west":{"uv":[0.0,0.0,0.0,1.0],"rotation":0,"texture":"#0","tintindex":0}}},{"name":"cube","from":[5.3,16.7,9.2],"to":[15.5,21.5,9.2],"rotation":{"angle":0.0,"axis":"x","origin":[12.5,-3.7000003,7.4]},"faces":{"down":{"uv":[0.0,0.0,2.125,0.0],"rotation":0,"texture":"#0","tintindex":0},"east":{"uv":[0.0,0.0,0.0,1.0],"rotation":0,"texture":"#0","tintindex":0},"north":{"uv":[7.5,8.75,5.375,9.75],"rotation":0,"texture":"#0","tintindex":0},"south":{"uv":[5.375,8.75,7.5,9.75],"rotation":0,"texture":"#0","tintindex":0},"up":{"uv":[0.0,0.0,2.125,0.0],"rotation":0,"texture":"#0","tintindex":0},"west":{"uv":[0.0,0.0,0.0,1.0],"rotation":0,"texture":"#0","tintindex":0}}},{"name":"cube","from":[10.700001,-0.7000003,5.3],"to":[14.3,16.7,10.700001],"rotation":{"angle":0.0,"axis":"x","origin":[5.8999996,-3.7000003,5.8999996]},"faces":{"down":{"uv":[5.625,6.0,4.875,7.125],"rotation":0,"texture":"#0","tintindex":0},"east":{"uv":[2.25,0.0,1.125,3.625],"rotation":0,"texture":"#0","tintindex":0},"north":{"uv":[1.5,3.625,2.25,7.25],"rotation":0,"texture":"#0","tintindex":0},"south":{"uv":[2.25,3.625,1.5,7.25],"rotation":0,"texture":"#0","tintindex":0},"up":{"uv":[6.375,2.25,5.625,1.125],"rotation":0,"texture":"#0","tintindex":0},"west":{"uv":[3.375,0.0,4.5,3.625],"rotation":0,"texture":"#0","tintindex":0}}},{"name":"cube","from":[1.6999998,-0.7000003,5.3],"to":[5.3,16.7,10.700001],"rotation":{"angle":0.0,"axis":"x","origin":[5.8999996,-3.7000003,5.8999996]},"faces":{"down":{"uv":[6.375,0.0,5.625,1.125],"rotation":0,"texture":"#0","tintindex":0},"east":{"uv":[0.0,0.0,1.125,3.625],"rotation":0,"texture":"#0","tintindex":0},"north":{"uv":[0.0,3.625,0.75,7.25],"rotation":0,"texture":"#0","tintindex":0},"south":{"uv":[0.75,3.625,0.0,7.25],"rotation":0,"texture":"#0","tintindex":0},"up":{"uv":[4.875,6.625,4.125,5.5],"rotation":0,"texture":"#0","tintindex":0},"west":{"uv":[1.125,0.0,2.25,3.625],"rotation":0,"texture":"#0","tintindex":0}}},{"name":"cube","from":[5.3,-0.7000003,5.3],"to":[10.700001,2.8999999,10.700001],"rotation":{"angle":0.0,"axis":"x","origin":[5.8999996,-3.7000003,5.8999996]},"faces":{"down":{"uv":[5.25,3.625,4.125,4.75],"rotation":0,"texture":"#0","tintindex":0},"east":{"uv":[3.0,4.75,4.125,5.5],"rotation":0,"texture":"#0","tintindex":0},"north":{"uv":[4.5,2.25,5.625,3.0],"rotation":0,"texture":"#0","tintindex":0},"south":{"uv":[5.625,2.25,4.5,3.0],"rotation":0,"texture":"#0","tintindex":0},"up":{"uv":[4.125,4.75,3.0,3.625],"rotation":0,"texture":"#0","tintindex":0},"west":{"uv":[5.25,3.0,6.375,3.75],"rotation":0,"texture":"#0","tintindex":0}}}],"display":{"head":{"translation":[0.0,-6.4,0.0],"rotation":[0.0,0.0,0.0],"scale":[3.8095,3.8095,3.8095]}}}