{"credit":"MadewithBlockbench","texture_size":[64,64],"textures":{"0":"elitecreatures:egyptian_decoration_v1/egyptian_chair_4","particle":"elitecreatures:egyptian_decoration_v1/egyptian_chair_4"},"elements":[{"from":[14,0,1],"to":[16,2,3],"faces":{"north":{"uv":[8,3.75,8.5,4.25],"texture":"#0"},"east":{"uv":[4.25,8,4.75,8.5],"texture":"#0"},"south":{"uv":[8,3.75,8.5,4.25],"texture":"#0"},"west":{"uv":[4.25,8,4.75,8.5],"texture":"#0"},"up":{"uv":[8.5,4.75,8,4.25],"texture":"#0"},"down":{"uv":[8.5,4.75,8,4.25],"texture":"#0"}}},{"from":[14,2,2],"to":[16,4,4],"faces":{"north":{"uv":[4.75,8,5.25,8.5],"texture":"#0"},"east":{"uv":[8,4.75,8.5,5.25],"texture":"#0"},"south":{"uv":[4.75,8,5.25,8.5],"texture":"#0"},"west":{"uv":[8,4.75,8.5,5.25],"texture":"#0"},"up":{"uv":[5.75,8.5,5.25,8],"texture":"#0"},"down":{"uv":[5.75,8.5,5.25,8],"texture":"#0"}}},{"from":[14,4,1],"to":[16,6,4],"faces":{"north":{"uv":[8,5.25,8.5,5.75],"texture":"#0"},"east":{"uv":[3,8,3.75,8.5],"texture":"#0"},"south":{"uv":[8,5.25,8.5,5.75],"texture":"#0"},"west":{"uv":[3,8,3.75,8.5],"texture":"#0"},"up":{"uv":[8.5,3.75,8,3],"texture":"#0"},"down":{"uv":[8.5,3.75,8,3],"texture":"#0"}}},{"from":[-16,4,1],"to":[-14,6,4],"rotation":{"angle":0,"axis":"y","origin":[16,0,0]},"faces":{"north":{"uv":[8.5,5.25,8,5.75],"texture":"#0"},"east":{"uv":[3.75,8,3,8.5],"texture":"#0"},"south":{"uv":[8.5,5.25,8,5.75],"texture":"#0"},"west":{"uv":[3.75,8,3,8.5],"texture":"#0"},"up":{"uv":[8,3.75,8.5,3],"texture":"#0"},"down":{"uv":[8,3.75,8.5,3],"texture":"#0"}}},{"from":[-16,2,2],"to":[-14,4,4],"rotation":{"angle":0,"axis":"y","origin":[16,0,0]},"faces":{"north":{"uv":[5.25,8,4.75,8.5],"texture":"#0"},"east":{"uv":[8.5,4.75,8,5.25],"texture":"#0"},"south":{"uv":[5.25,8,4.75,8.5],"texture":"#0"},"west":{"uv":[8.5,4.75,8,5.25],"texture":"#0"},"up":{"uv":[5.25,8.5,5.75,8],"texture":"#0"},"down":{"uv":[5.25,8.5,5.75,8],"texture":"#0"}}},{"from":[-16,0,1],"to":[-14,2,3],"rotation":{"angle":0,"axis":"y","origin":[16,0,0]},"faces":{"north":{"uv":[8.5,3.75,8,4.25],"texture":"#0"},"east":{"uv":[4.75,8,4.25,8.5],"texture":"#0"},"south":{"uv":[8.5,3.75,8,4.25],"texture":"#0"},"west":{"uv":[4.75,8,4.25,8.5],"texture":"#0"},"up":{"uv":[8,4.75,8.5,4.25],"texture":"#0"},"down":{"uv":[8,4.75,8.5,4.25],"texture":"#0"}}},{"from":[-16,4,12],"to":[-14,6,15],"rotation":{"angle":0,"axis":"y","origin":[16,0,16]},"faces":{"north":{"uv":[8,5.25,8.5,5.75],"texture":"#0"},"east":{"uv":[3,8,3.75,8.5],"texture":"#0"},"south":{"uv":[8,5.25,8.5,5.75],"texture":"#0"},"west":{"uv":[3,8,3.75,8.5],"texture":"#0"},"up":{"uv":[8,3,8.5,3.75],"texture":"#0"},"down":{"uv":[8,3,8.5,3.75],"texture":"#0"}}},{"from":[-16,2,12],"to":[-14,4,14],"rotation":{"angle":0,"axis":"y","origin":[16,0,16]},"faces":{"north":{"uv":[4.75,8,5.25,8.5],"texture":"#0"},"east":{"uv":[8,4.75,8.5,5.25],"texture":"#0"},"south":{"uv":[4.75,8,5.25,8.5],"texture":"#0"},"west":{"uv":[8,4.75,8.5,5.25],"texture":"#0"},"up":{"uv":[5.25,8,5.75,8.5],"texture":"#0"},"down":{"uv":[5.25,8,5.75,8.5],"texture":"#0"}}},{"from":[-16,0,13],"to":[-14,2,15],"rotation":{"angle":0,"axis":"y","origin":[16,0,16]},"faces":{"north":{"uv":[8,3.75,8.5,4.25],"texture":"#0"},"east":{"uv":[4.25,8,4.75,8.5],"texture":"#0"},"south":{"uv":[8,3.75,8.5,4.25],"texture":"#0"},"west":{"uv":[4.25,8,4.75,8.5],"texture":"#0"},"up":{"uv":[8,4.25,8.5,4.75],"texture":"#0"},"down":{"uv":[8,4.25,8.5,4.75],"texture":"#0"}}},{"from":[14,4,12],"to":[16,6,15],"rotation":{"angle":0,"axis":"y","origin":[0,0,16]},"faces":{"north":{"uv":[8.5,5.25,8,5.75],"texture":"#0"},"east":{"uv":[3.75,8,3,8.5],"texture":"#0"},"south":{"uv":[8.5,5.25,8,5.75],"texture":"#0"},"west":{"uv":[3.75,8,3,8.5],"texture":"#0"},"up":{"uv":[8.5,3,8,3.75],"texture":"#0"},"down":{"uv":[8.5,3,8,3.75],"texture":"#0"}}},{"from":[14,2,12],"to":[16,4,14],"rotation":{"angle":0,"axis":"y","origin":[0,0,16]},"faces":{"north":{"uv":[5.25,8,4.75,8.5],"texture":"#0"},"east":{"uv":[8.5,4.75,8,5.25],"texture":"#0"},"south":{"uv":[5.25,8,4.75,8.5],"texture":"#0"},"west":{"uv":[8.5,4.75,8,5.25],"texture":"#0"},"up":{"uv":[5.75,8,5.25,8.5],"texture":"#0"},"down":{"uv":[5.75,8,5.25,8.5],"texture":"#0"}}},{"from":[14,0,13],"to":[16,2,15],"rotation":{"angle":0,"axis":"y","origin":[0,0,16]},"faces":{"north":{"uv":[8.5,3.75,8,4.25],"texture":"#0"},"east":{"uv":[4.75,8,4.25,8.5],"texture":"#0"},"south":{"uv":[8.5,3.75,8,4.25],"texture":"#0"},"west":{"uv":[4.75,8,4.25,8.5],"texture":"#0"},"up":{"uv":[8.5,4.25,8,4.75],"texture":"#0"},"down":{"uv":[8.5,4.25,8,4.75],"texture":"#0"}}},{"from":[-16,6,1],"to":[16,8,15],"faces":{"north":{"uv":[8,9.375,16,9.875],"texture":"#0"},"east":{"uv":[11,2,7.5,2.5],"texture":"#0"},"south":{"uv":[8,9.375,16,9.875],"texture":"#0"},"west":{"uv":[7.5,2,11,2.5],"texture":"#0"},"up":{"uv":[4,3.5,0,0],"texture":"#0"},"down":{"uv":[16,4,8.5,7.5],"texture":"#0"}}},{"from":[14,8,1],"to":[16,13,3],"faces":{"north":{"uv":[1,8,1.5,9.25],"texture":"#0"},"east":{"uv":[1.5,8,2,9.25],"texture":"#0"},"south":{"uv":[1,8,1.5,9.25],"texture":"#0"},"west":{"uv":[1.5,8,2,9.25],"texture":"#0"},"up":{"uv":[6.25,8.5,5.75,8],"texture":"#0"},"down":{"uv":[6.25,8.5,5.75,8],"texture":"#0"}}},{"from":[14,8,13],"to":[16,13,15],"faces":{"north":{"uv":[2,8,2.5,9.25],"texture":"#0"},"east":{"uv":[2.5,8,3,9.25],"texture":"#0"},"south":{"uv":[2,8,2.5,9.25],"texture":"#0"},"west":{"uv":[2.5,8,3,9.25],"texture":"#0"},"up":{"uv":[8.5,6.25,8,5.75],"texture":"#0"},"down":{"uv":[8.5,6.25,8,5.75],"texture":"#0"}}},{"from":[-16,8,13],"to":[-14,13,15],"rotation":{"angle":0,"axis":"y","origin":[16,0,0]},"faces":{"north":{"uv":[2.5,8,2,9.25],"texture":"#0"},"east":{"uv":[3,8,2.5,9.25],"texture":"#0"},"south":{"uv":[2.5,8,2,9.25],"texture":"#0"},"west":{"uv":[3,8,2.5,9.25],"texture":"#0"},"up":{"uv":[8,6.25,8.5,5.75],"texture":"#0"},"down":{"uv":[8,6.25,8.5,5.75],"texture":"#0"}}},{"from":[-16,13,14],"to":[16,21,16],"faces":{"north":{"uv":[8,14,16,16],"texture":"#0"},"east":{"uv":[7.5,14,8,16],"texture":"#0"},"south":{"uv":[8,12,16,14],"texture":"#0"},"west":{"uv":[8,14,7.5,16],"texture":"#0"},"up":{"uv":[16,12,8,11.5],"texture":"#0"},"down":{"uv":[16,11,8,11.5],"texture":"#0"}}},{"from":[-16,21,15],"to":[16,23,17],"faces":{"north":{"uv":[8,10.375,16,10.875],"texture":"#0"},"east":{"uv":[7.5,9.875,8,10.375],"texture":"#0"},"south":{"uv":[8,10.375,16,10.875],"texture":"#0"},"west":{"uv":[7.5,9.875,8,10.375],"texture":"#0"},"up":{"uv":[16,10.375,8,9.875],"texture":"#0"},"down":{"uv":[16,10.375,8,9.875],"texture":"#0"}}},{"from":[14,13,2],"to":[16,15,14],"faces":{"north":{"uv":[6.25,8,6.75,8.5],"texture":"#0"},"east":{"uv":[7,7.5,10,8],"texture":"#0"},"south":{"uv":[6.25,8,6.75,8.5],"texture":"#0"},"west":{"uv":[7,7.5,10,8],"texture":"#0"},"up":{"uv":[0.5,11,0,8],"texture":"#0"},"down":{"uv":[0.5,11,0,8],"texture":"#0"}}},{"from":[-16,13,2],"to":[-14,15,14],"rotation":{"angle":0,"axis":"y","origin":[16,0,0]},"faces":{"north":{"uv":[6.75,8,6.25,8.5],"texture":"#0"},"east":{"uv":[10,7.5,7,8],"texture":"#0"},"south":{"uv":[6.75,8,6.25,8.5],"texture":"#0"},"west":{"uv":[10,7.5,7,8],"texture":"#0"},"up":{"uv":[0,11,0.5,8],"texture":"#0"},"down":{"uv":[0,11,0.5,8],"texture":"#0"}}},{"from":[-16,8,1],"to":[-14,13,3],"rotation":{"angle":0,"axis":"y","origin":[16,0,0]},"faces":{"north":{"uv":[1.5,8,1,9.25],"texture":"#0"},"east":{"uv":[2,8,1.5,9.25],"texture":"#0"},"south":{"uv":[1.5,8,1,9.25],"texture":"#0"},"west":{"uv":[2,8,1.5,9.25],"texture":"#0"},"up":{"uv":[5.75,8.5,6.25,8],"texture":"#0"},"down":{"uv":[5.75,8.5,6.25,8],"texture":"#0"}}},{"from":[-15,8,2],"to":[15,10,14],"faces":{"north":{"uv":[0,12.5,7.5,13],"texture":"#0"},"east":{"uv":[0,12,3,12.5],"texture":"#0"},"south":{"uv":[0,12.5,7.5,13],"texture":"#0"},"west":{"uv":[0,12,3,12.5],"texture":"#0"},"up":{"uv":[7.5,16,0,13],"texture":"#0"},"down":{"uv":[7.5,16,0,13],"texture":"#0"}}}],"gui_light":"front","display":{"thirdperson_righthand":{"translation":[0.25,1.5,1],"scale":[0.18,0.18,0.18]},"thirdperson_lefthand":{"translation":[0.25,1.5,1],"scale":[0.18,0.18,0.18]},"firstperson_righthand":{"rotation":[0,96,0],"translation":[3,0,0],"scale":[0.58,0.58,0.58]},"firstperson_lefthand":{"rotation":[0,96,0],"translation":[3,0,0],"scale":[0.58,0.58,0.58]},"ground":{"translation":[3,2,0],"scale":[0.5,0.5,0.5]},"gui":{"rotation":[30,225,0],"translation":[-1.75,-2.5,0],"scale":[0.36,0.36,0.36]},"head":{"rotation":[0,180,0],"translation":[0,-30.25,0],"scale":[1.6,1.6,1.6]},"fixed":{"scale":[0,0,0]}}}