{"textures":{"0":"modelengine:entity/dark_imp"},"elements":[{"from":[6.285714,6.428571,3.5714283],"to":[9.714286,8.142858,9.857143],"rotation":{"angle":0.0,"axis":"y","origin":[8.0,7.285714,6.714286]},"faces":{"east":{"uv":[9.875,3.75,11.25,4.125],"rotation":0,"texture":"#0","tintindex":0},"south":{"uv":[11.0,5.875,11.75,6.25],"rotation":0,"texture":"#0","tintindex":0},"north":{"uv":[2.5,11.0,3.25,11.375],"rotation":0,"texture":"#0","tintindex":0},"west":{"uv":[10.125,1.875,11.5,2.25],"rotation":0,"texture":"#0","tintindex":0},"up":{"uv":[8.875,4.875,8.125,3.5],"rotation":0,"texture":"#0","tintindex":0},"down":{"uv":[1.875,8.375,1.125,9.75],"rotation":0,"texture":"#0","tintindex":0}}},{"from":[6.5714283,6.428571,1.8571424],"to":[6.5714283,8.142858,3.5714283],"rotation":{"angle":0.0,"axis":"y","origin":[6.5714283,7.285714,2.7142854]},"faces":{"east":{"uv":[12.0,1.625,11.625,2.0],"rotation":0,"texture":"#0","tintindex":0},"south":{"uv":[1.0,9.375,1.0,9.75],"rotation":0,"texture":"#0","tintindex":0},"north":{"uv":[0.875,9.375,0.875,9.75],"rotation":0,"texture":"#0","tintindex":0},"west":{"uv":[11.625,1.625,12.0,2.0],"rotation":0,"texture":"#0","tintindex":0},"up":{"uv":[8.5,10.5,8.5,10.125],"rotation":0,"texture":"#0","tintindex":0},"down":{"uv":[1.25,10.375,1.25,10.75],"rotation":0,"texture":"#0","tintindex":0}}},{"from":[8.0,6.428571,1.8571424],"to":[8.0,8.142858,3.5714283],"rotation":{"angle":0.0,"axis":"y","origin":[8.0,7.285714,2.7142854]},"faces":{"east":{"uv":[12.0,1.625,11.625,2.0],"rotation":0,"texture":"#0","tintindex":0},"south":{"uv":[1.0,9.375,1.0,9.75],"rotation":0,"texture":"#0","tintindex":0},"north":{"uv":[0.875,9.375,0.875,9.75],"rotation":0,"texture":"#0","tintindex":0},"west":{"uv":[11.625,1.625,12.0,2.0],"rotation":0,"texture":"#0","tintindex":0},"up":{"uv":[8.5,10.5,8.5,10.125],"rotation":0,"texture":"#0","tintindex":0},"down":{"uv":[1.25,10.375,1.25,10.75],"rotation":0,"texture":"#0","tintindex":0}}},{"from":[9.428572,6.428571,1.8571424],"to":[9.428572,8.142858,3.5714283],"rotation":{"angle":0.0,"axis":"y","origin":[9.428572,7.285714,2.7142854]},"faces":{"east":{"uv":[12.0,1.625,11.625,2.0],"rotation":0,"texture":"#0","tintindex":0},"south":{"uv":[1.0,9.375,1.0,9.75],"rotation":0,"texture":"#0","tintindex":0},"north":{"uv":[0.875,9.375,0.875,9.75],"rotation":0,"texture":"#0","tintindex":0},"west":{"uv":[11.625,1.625,12.0,2.0],"rotation":0,"texture":"#0","tintindex":0},"up":{"uv":[8.5,10.5,8.5,10.125],"rotation":0,"texture":"#0","tintindex":0},"down":{"uv":[1.25,10.375,1.25,10.75],"rotation":0,"texture":"#0","tintindex":0}}}],"display":{"head":{"translation":[0.0,-6.4,0.0],"scale":[4.0,4.0,4.0]}}}