{"textures":{"0":"modelengine:entity/dark_imp"},"elements":[{"from":[6.5714283,3.5061407,6.882276],"to":[9.428572,8.648998,10.310848],"rotation":{"angle":-22.5,"axis":"x","origin":[8.0,6.0775695,8.596561]},"faces":{"east":{"uv":[8.625,7.5,9.375,8.625],"rotation":0,"texture":"#0","tintindex":0},"south":{"uv":[9.375,5.375,10.0,6.5],"rotation":0,"texture":"#0","tintindex":0},"north":{"uv":[4.75,9.375,5.375,10.5],"rotation":0,"texture":"#0","tintindex":0},"west":{"uv":[8.625,8.75,9.375,9.875],"rotation":0,"texture":"#0","tintindex":0},"up":{"uv":[3.625,4.875,3.0,4.125],"rotation":0,"texture":"#0","tintindex":0},"down":{"uv":[7.5,10.125,6.875,10.875],"rotation":0,"texture":"#0","tintindex":0}}}],"display":{"head":{"translation":[0.0,-6.4,0.0],"scale":[4.0,4.0,4.0]}}}