{"textures":{"0":"modelengine:entity/dark_imp"},"elements":[{"from":[6.5119047,3.5466452,4.476101],"to":[9.940476,8.689503,9.04753],"rotation":{"angle":22.5,"axis":"x","origin":[8.226191,6.118074,6.7618155]},"faces":{"east":{"uv":[7.375,6.625,8.375,7.75],"rotation":0,"texture":"#0","tintindex":0},"south":{"uv":[8.5,6.25,9.25,7.375],"rotation":0,"texture":"#0","tintindex":0},"north":{"uv":[8.5,5.0,9.25,6.125],"rotation":0,"texture":"#0","tintindex":0},"west":{"uv":[2.375,7.75,3.375,8.875],"rotation":0,"texture":"#0","tintindex":0},"up":{"uv":[9.75,4.5,9.0,3.5],"rotation":0,"texture":"#0","tintindex":0},"down":{"uv":[7.625,9.0,6.875,10.0],"rotation":0,"texture":"#0","tintindex":0}}}],"display":{"head":{"translation":[0.0,-6.4,0.0],"scale":[4.0,4.0,4.0]}}}