{"textures":{"0":"modelengine:entity/dark_imp"},"elements":[{"from":[8.257143,3.476287,6.423072],"to":[11.685715,9.190573,10.994501],"rotation":{"angle":-22.5,"axis":"x","origin":[9.971429,6.33343,8.708786]},"faces":{"east":{"uv":[8.0,4.0,7.0,5.25],"rotation":0,"texture":"#0","tintindex":0},"south":{"uv":[0.75,8.5,0.0,9.75],"rotation":0,"texture":"#0","tintindex":0},"north":{"uv":[6.75,8.375,6.0,9.625],"rotation":0,"texture":"#0","tintindex":0},"west":{"uv":[2.25,7.0,1.25,8.25],"rotation":0,"texture":"#0","tintindex":0},"up":{"uv":[7.75,10.0,8.5,9.0],"rotation":0,"texture":"#0","tintindex":0},"down":{"uv":[9.25,2.125,10.0,3.125],"rotation":0,"texture":"#0","tintindex":0}}}],"display":{"head":{"translation":[0.0,-6.4,0.0],"scale":[4.0,4.0,4.0]}}}