{"textures":{"0":"modelengine:entity/dark_imp"},"elements":[{"from":[5.082857,2.6139388,4.7207336],"to":[10.225715,8.899653,9.292162],"rotation":{"angle":22.5,"axis":"x","origin":[7.654286,5.756796,7.006448]},"faces":{"east":{"uv":[7.25,6.875,6.25,8.25],"rotation":0,"texture":"#0","tintindex":0},"south":{"uv":[6.875,4.25,5.75,5.625],"rotation":0,"texture":"#0","tintindex":0},"north":{"uv":[1.125,5.75,0.0,7.125],"rotation":0,"texture":"#0","tintindex":0},"west":{"uv":[6.25,6.875,7.25,8.25],"rotation":0,"texture":"#0","tintindex":0},"up":{"uv":[7.25,1.0,8.375,0.0],"rotation":0,"texture":"#0","tintindex":0},"down":{"uv":[3.5,7.75,4.625,8.75],"rotation":0,"texture":"#0","tintindex":0}}},{"from":[5.0971427,1.0550308,3.171835],"to":[10.211429,5.62646,7.1718354],"rotation":{"angle":-22.5,"axis":"x","origin":[7.654286,3.3407454,5.1718354]},"faces":{"east":{"uv":[9.375,0.0,8.5,1.0],"rotation":0,"texture":"#0","tintindex":0},"south":{"uv":[9.125,2.375,8.0,3.375],"rotation":0,"texture":"#0","tintindex":0},"north":{"uv":[8.5,7.875,7.375,8.875],"rotation":0,"texture":"#0","tintindex":0},"west":{"uv":[5.125,1.375,4.25,2.375],"rotation":0,"texture":"#0","tintindex":0},"up":{"uv":[8.125,2.0,9.25,1.125],"rotation":0,"texture":"#0","tintindex":0},"down":{"uv":[4.75,8.375,5.875,9.25],"rotation":0,"texture":"#0","tintindex":0}}}],"display":{"head":{"translation":[0.0,-6.4,0.0],"scale":[4.0,4.0,4.0]}}}