{"textures":{"0":"modelengine:entity/dark_imp"},"elements":[{"from":[7.142857,7.497272,7.9009647],"to":[8.857143,12.640129,9.615251],"rotation":{"angle":22.5,"axis":"x","origin":[8.0,10.068701,8.758108]},"faces":{"east":{"uv":[1.5,9.875,1.875,11.0],"rotation":0,"texture":"#0","tintindex":0},"south":{"uv":[10.125,8.875,10.5,10.0],"rotation":0,"texture":"#0","tintindex":0},"north":{"uv":[1.625,2.75,2.0,3.875],"rotation":0,"texture":"#0","tintindex":0},"west":{"uv":[9.5,10.125,9.875,11.25],"rotation":0,"texture":"#0","tintindex":0},"up":{"uv":[12.125,1.5,11.75,1.125],"rotation":0,"texture":"#0","tintindex":0},"down":{"uv":[5.75,11.75,5.375,12.125],"rotation":0,"texture":"#0","tintindex":0}}}],"display":{"head":{"translation":[0.0,-6.4,0.0],"scale":[4.0,4.0,4.0]}}}