{"textures":{"0":"modelengine:entity/dark_imp"},"elements":[{"from":[6.857143,5.8052244,7.59039],"to":[9.142858,8.662367,12.733248],"rotation":{"angle":22.5,"axis":"x","origin":[8.0,7.2337956,10.161819]},"faces":{"east":{"uv":[9.375,6.625,10.5,7.25],"rotation":0,"texture":"#0","tintindex":0},"south":{"uv":[10.75,0.0,11.25,0.625],"rotation":0,"texture":"#0","tintindex":0},"north":{"uv":[10.625,10.625,11.125,11.25],"rotation":0,"texture":"#0","tintindex":0},"west":{"uv":[9.5,0.0,10.625,0.625],"rotation":0,"texture":"#0","tintindex":0},"up":{"uv":[10.0,10.0,9.5,8.875],"rotation":0,"texture":"#0","tintindex":0},"down":{"uv":[2.5,9.75,2.0,10.875],"rotation":0,"texture":"#0","tintindex":0}}}],"display":{"head":{"translation":[0.0,-6.4,0.0],"scale":[4.0,4.0,4.0]}}}