{"textures":{"0":"modelengine:entity/dark_imp"},"elements":[{"from":[4.5714283,7.1426096,4.771222],"to":[11.428572,12.285467,9.342651],"rotation":{"angle":-22.5,"axis":"x","origin":[8.0,9.714039,7.0569363]},"faces":{"east":{"uv":[0.0,7.25,1.0,8.375],"rotation":0,"texture":"#0","tintindex":0},"south":{"uv":[3.75,3.75,5.25,4.875],"rotation":0,"texture":"#0","tintindex":0},"north":{"uv":[3.75,2.5,5.25,3.625],"rotation":0,"texture":"#0","tintindex":0},"west":{"uv":[7.375,5.375,8.375,6.5],"rotation":0,"texture":"#0","tintindex":0},"up":{"uv":[7.125,1.0,5.625,0.0],"rotation":0,"texture":"#0","tintindex":0},"down":{"uv":[7.25,5.75,5.75,6.75],"rotation":0,"texture":"#0","tintindex":0}}}],"display":{"head":{"translation":[0.0,-6.4,0.0],"scale":[4.0,4.0,4.0]}}}