{"textures":{"0":"modelengine:entity/dragon_desert"},"elements":[{"from":[5.4299107,5.2901163,5.5475335],"to":[10.572768,11.004402,8.404676],"rotation":{"angle":0.0,"axis":"y","origin":[8.001339,8.147259,6.9761047]},"faces":{"east":{"uv":[3.25,8.3125,3.5625,8.9375],"rotation":0,"texture":"#0","tintindex":0},"south":{"uv":[0.0,7.125,0.5625,7.75],"rotation":0,"texture":"#0","tintindex":0},"north":{"uv":[6.75,5.5,7.3125,6.125],"rotation":0,"texture":"#0","tintindex":0},"west":{"uv":[4.9375,8.3125,5.25,8.9375],"rotation":0,"texture":"#0","tintindex":0},"up":{"uv":[8.9375,3.0625,8.375,2.75],"rotation":0,"texture":"#0","tintindex":0},"down":{"uv":[4.6875,8.4375,4.125,8.75],"rotation":0,"texture":"#0","tintindex":0}}},{"from":[4.858482,9.249608,1.8996911],"to":[6.001339,10.392466,6.47112],"rotation":{"angle":-22.5,"axis":"x","origin":[5.4299107,9.821036,4.1854053]},"faces":{"east":{"uv":[9.5,6.25,10.0,6.375],"rotation":0,"texture":"#0","tintindex":0},"south":{"uv":[8.125,10.25,8.25,10.375],"rotation":0,"texture":"#0","tintindex":0},"north":{"uv":[7.9375,10.25,8.0625,10.375],"rotation":0,"texture":"#0","tintindex":0},"west":{"uv":[6.625,9.5,7.125,9.625],"rotation":0,"texture":"#0","tintindex":0},"up":{"uv":[5.0,6.125,4.875,5.625],"rotation":0,"texture":"#0","tintindex":0},"down":{"uv":[4.8125,6.5,4.6875,7.0],"rotation":0,"texture":"#0","tintindex":0}}},{"from":[4.8175454,8.631734,7.941859],"to":[6.531831,10.34602,10.799002],"rotation":{"angle":-22.5,"axis":"y","origin":[5.6746883,9.488876,9.37043]},"faces":{"east":{"uv":[6.75,6.1875,7.0625,6.375],"rotation":0,"texture":"#0","tintindex":0},"south":{"uv":[10.0625,0.0,10.25,0.1875],"rotation":0,"texture":"#0","tintindex":0},"north":{"uv":[9.9375,7.5625,10.125,7.75],"rotation":0,"texture":"#0","tintindex":0},"west":{"uv":[7.4375,5.25,7.75,5.4375],"rotation":0,"texture":"#0","tintindex":0},"up":{"uv":[3.8125,9.9375,3.625,9.625],"rotation":0,"texture":"#0","tintindex":0},"down":{"uv":[2.375,9.6875,2.1875,10.0],"rotation":0,"texture":"#0","tintindex":0}}},{"from":[2.5672708,8.617448,9.701721],"to":[5.4244137,10.331734,11.416007],"rotation":{"angle":22.5,"axis":"y","origin":[3.995842,9.47459,10.558864]},"faces":{"east":{"uv":[10.0625,3.875,10.25,4.0625],"rotation":0,"texture":"#0","tintindex":0},"south":{"uv":[2.4375,9.6875,2.75,9.875],"rotation":0,"texture":"#0","tintindex":0},"north":{"uv":[9.6875,0.0,10.0,0.1875],"rotation":0,"texture":"#0","tintindex":0},"west":{"uv":[4.5625,10.0625,4.75,10.25],"rotation":0,"texture":"#0","tintindex":0},"up":{"uv":[10.0,4.0625,9.6875,3.875],"rotation":0,"texture":"#0","tintindex":0},"down":{"uv":[6.1875,9.6875,5.875,9.875],"rotation":0,"texture":"#0","tintindex":0}}},{"from":[2.3299108,10.178724,10.213192],"to":[3.4727678,11.321581,14.213192],"rotation":{"angle":-45.0,"axis":"x","origin":[2.901339,10.750153,12.213192]},"faces":{"east":{"uv":[9.875,2.8125,10.3125,2.9375],"rotation":0,"texture":"#0","tintindex":0},"south":{"uv":[10.25,10.125,10.375,10.25],"rotation":0,"texture":"#0","tintindex":0},"north":{"uv":[8.3125,10.25,8.4375,10.375],"rotation":0,"texture":"#0","tintindex":0},"west":{"uv":[9.875,3.0,10.3125,3.125],"rotation":0,"texture":"#0","tintindex":0},"up":{"uv":[6.375,10.125,6.25,9.6875],"rotation":0,"texture":"#0","tintindex":0},"down":{"uv":[5.5,9.8125,5.375,10.25],"rotation":0,"texture":"#0","tintindex":0}}},{"from":[6.2870536,6.4329734,-1.3096104],"to":[9.715625,9.290116,3.8332477],"rotation":{"angle":0.0,"axis":"y","origin":[8.001339,7.8615446,1.2618189]},"faces":{"east":{"uv":[8.4375,4.1875,9.0,4.5],"rotation":0,"texture":"#0","tintindex":0},"south":{"uv":[9.0625,6.125,9.4375,6.4375],"rotation":0,"texture":"#0","tintindex":0},"north":{"uv":[9.0625,5.75,9.4375,6.0625],"rotation":0,"texture":"#0","tintindex":0},"west":{"uv":[8.4375,4.5625,9.0,4.875],"rotation":0,"texture":"#0","tintindex":0},"up":{"uv":[1.875,8.8125,1.5,8.25],"rotation":0,"texture":"#0","tintindex":0},"down":{"uv":[2.3125,8.25,1.9375,8.8125],"rotation":0,"texture":"#0","tintindex":0}}},{"from":[6.001339,5.0291395,2.7991343],"to":[10.001339,10.171997,6.7991343],"rotation":{"angle":-22.5,"axis":"x","origin":[8.001339,7.6005683,4.7991343]},"faces":{"east":{"uv":[6.0625,7.75,6.5,8.3125],"rotation":0,"texture":"#0","tintindex":0},"south":{"uv":[0.0,7.8125,0.4375,8.375],"rotation":0,"texture":"#0","tintindex":0},"north":{"uv":[4.9375,7.6875,5.375,8.25],"rotation":0,"texture":"#0","tintindex":0},"west":{"uv":[7.875,0.875,8.3125,1.4375],"rotation":0,"texture":"#0","tintindex":0},"up":{"uv":[4.0625,8.8125,3.625,8.375],"rotation":0,"texture":"#0","tintindex":0},"down":{"uv":[6.5,8.375,6.0625,8.8125],"rotation":0,"texture":"#0","tintindex":0}}},{"from":[8.001339,9.290116,-1.3096104],"to":[8.001339,12.147259,3.8332477],"rotation":{"angle":0.0,"axis":"y","origin":[8.001339,10.718688,1.2618189]},"faces":{"east":{"uv":[9.0,6.125,8.4375,6.4375],"rotation":0,"texture":"#0","tintindex":0},"south":{"uv":[4.0625,8.875,4.0625,9.1875],"rotation":0,"texture":"#0","tintindex":0},"north":{"uv":[8.75,6.5,8.75,6.8125],"rotation":0,"texture":"#0","tintindex":0},"west":{"uv":[8.4375,6.125,9.0,6.4375],"rotation":0,"texture":"#0","tintindex":0},"up":{"uv":[0.3125,10.6875,0.3125,10.125],"rotation":0,"texture":"#0","tintindex":0},"down":{"uv":[7.3125,10.1875,7.3125,10.75],"rotation":0,"texture":"#0","tintindex":0}}},{"from":[5.4156246,14.16337,8.484159],"to":[6.558482,17.591942,9.627016],"rotation":{"angle":-22.5,"axis":"x","origin":[5.9870534,15.877655,9.055588]},"faces":{"east":{"uv":[3.8125,10.0625,3.9375,10.4375],"rotation":0,"texture":"#0","tintindex":0},"south":{"uv":[4.0,10.0625,4.125,10.4375],"rotation":0,"texture":"#0","tintindex":0},"north":{"uv":[3.3125,10.0625,3.4375,10.4375],"rotation":0,"texture":"#0","tintindex":0},"west":{"uv":[4.1875,10.0625,4.3125,10.4375],"rotation":0,"texture":"#0","tintindex":0},"up":{"uv":[5.0625,10.4375,4.9375,10.3125],"rotation":0,"texture":"#0","tintindex":0},"down":{"uv":[5.25,10.3125,5.125,10.4375],"rotation":0,"texture":"#0","tintindex":0}}},{"from":[5.4299107,11.828188,8.718606],"to":[7.1441965,14.68533,10.432892],"rotation":{"angle":22.5,"axis":"x","origin":[6.2870536,13.256759,9.575748]},"faces":{"east":{"uv":[9.1875,9.6875,9.375,10.0],"rotation":0,"texture":"#0","tintindex":0},"south":{"uv":[9.6875,9.3125,9.875,9.625],"rotation":0,"texture":"#0","tintindex":0},"north":{"uv":[8.5,9.6875,8.6875,10.0],"rotation":0,"texture":"#0","tintindex":0},"west":{"uv":[9.4375,9.6875,9.625,10.0],"rotation":0,"texture":"#0","tintindex":0},"up":{"uv":[10.25,6.3125,10.0625,6.125],"rotation":0,"texture":"#0","tintindex":0},"down":{"uv":[6.625,10.0625,6.4375,10.25],"rotation":0,"texture":"#0","tintindex":0}}},{"from":[5.444196,9.858274,6.980704],"to":[7.729911,12.14399,9.837847],"rotation":{"angle":-45.0,"axis":"x","origin":[6.5870533,11.001132,8.409275]},"faces":{"east":{"uv":[4.8125,9.5,5.125,9.75],"rotation":0,"texture":"#0","tintindex":0},"south":{"uv":[8.875,9.5625,9.125,9.8125],"rotation":0,"texture":"#0","tintindex":0},"north":{"uv":[4.3125,9.5625,4.5625,9.8125],"rotation":0,"texture":"#0","tintindex":0},"west":{"uv":[5.1875,9.5,5.5,9.75],"rotation":0,"texture":"#0","tintindex":0},"up":{"uv":[3.5625,9.8125,3.3125,9.5],"rotation":0,"texture":"#0","tintindex":0},"down":{"uv":[5.8125,9.5,5.5625,9.8125],"rotation":0,"texture":"#0","tintindex":0}}},{"from":[6.2870536,4.7186875,-1.3096104],"to":[6.2870536,6.4329734,3.8332477],"rotation":{"angle":0.0,"axis":"y","origin":[6.2870536,5.5758305,1.2618189]},"faces":{"east":{"uv":[9.8125,0.3125,9.25,0.5],"rotation":0,"texture":"#0","tintindex":0},"south":{"uv":[8.4375,9.375,8.4375,9.5625],"rotation":0,"texture":"#0","tintindex":0},"north":{"uv":[8.875,9.3125,8.875,9.5],"rotation":0,"texture":"#0","tintindex":0},"west":{"uv":[9.25,0.3125,9.8125,0.5],"rotation":0,"texture":"#0","tintindex":0},"up":{"uv":[3.0,10.8125,3.0,10.25],"rotation":0,"texture":"#0","tintindex":0},"down":{"uv":[6.1875,10.25,6.1875,10.8125],"rotation":0,"texture":"#0","tintindex":0}}},{"from":[6.5727677,10.15323,1.2684002],"to":[6.5727677,12.438944,5.2684],"rotation":{"angle":-22.5,"axis":"x","origin":[6.5727677,11.296086,3.2684002]},"faces":{"east":{"uv":[9.625,0.0,9.1875,0.25],"rotation":0,"texture":"#0","tintindex":0},"south":{"uv":[0.375,10.375,0.375,10.625],"rotation":0,"texture":"#0","tintindex":0},"north":{"uv":[0.1875,10.375,0.1875,10.625],"rotation":0,"texture":"#0","tintindex":0},"west":{"uv":[9.1875,0.0,9.625,0.25],"rotation":0,"texture":"#0","tintindex":0},"up":{"uv":[0.4375,10.8125,0.4375,10.375],"rotation":0,"texture":"#0","tintindex":0},"down":{"uv":[0.5,10.375,0.5,10.8125],"rotation":0,"texture":"#0","tintindex":0}}},{"from":[10.001339,9.249608,1.8996911],"to":[11.1441965,10.392466,6.47112],"rotation":{"angle":-22.5,"axis":"x","origin":[10.572768,9.821036,4.1854053]},"faces":{"east":{"uv":[9.625,1.75,10.125,1.875],"rotation":0,"texture":"#0","tintindex":0},"south":{"uv":[7.5,10.3125,7.625,10.4375],"rotation":0,"texture":"#0","tintindex":0},"north":{"uv":[6.8125,10.3125,6.9375,10.4375],"rotation":0,"texture":"#0","tintindex":0},"west":{"uv":[9.625,7.8125,10.125,7.9375],"rotation":0,"texture":"#0","tintindex":0},"up":{"uv":[5.4375,8.8125,5.3125,8.3125],"rotation":0,"texture":"#0","tintindex":0},"down":{"uv":[1.0,8.375,0.875,8.875],"rotation":0,"texture":"#0","tintindex":0}}},{"from":[9.429911,10.15323,1.2684002],"to":[9.429911,12.438944,5.2684],"rotation":{"angle":-22.5,"axis":"x","origin":[9.429911,11.296086,3.2684002]},"faces":{"east":{"uv":[9.625,0.0,9.1875,0.25],"rotation":0,"texture":"#0","tintindex":0},"south":{"uv":[0.375,10.375,0.375,10.625],"rotation":0,"texture":"#0","tintindex":0},"north":{"uv":[0.1875,10.375,0.1875,10.625],"rotation":0,"texture":"#0","tintindex":0},"west":{"uv":[9.1875,0.0,9.625,0.25],"rotation":0,"texture":"#0","tintindex":0},"up":{"uv":[0.4375,10.8125,0.4375,10.375],"rotation":0,"texture":"#0","tintindex":0},"down":{"uv":[0.5,10.375,0.5,10.8125],"rotation":0,"texture":"#0","tintindex":0}}},{"from":[9.415625,14.16337,8.484159],"to":[10.558482,17.591942,9.627016],"rotation":{"angle":-22.5,"axis":"x","origin":[9.987054,15.877655,9.055588]},"faces":{"east":{"uv":[4.3125,10.0625,4.1875,10.4375],"rotation":0,"texture":"#0","tintindex":0},"south":{"uv":[4.125,10.0625,4.0,10.4375],"rotation":0,"texture":"#0","tintindex":0},"north":{"uv":[3.4375,10.0625,3.3125,10.4375],"rotation":0,"texture":"#0","tintindex":0},"west":{"uv":[3.9375,10.0625,3.8125,10.4375],"rotation":0,"texture":"#0","tintindex":0},"up":{"uv":[4.9375,10.4375,5.0625,10.3125],"rotation":0,"texture":"#0","tintindex":0},"down":{"uv":[5.125,10.3125,5.25,10.4375],"rotation":0,"texture":"#0","tintindex":0}}},{"from":[8.844196,11.828188,8.718606],"to":[10.558482,14.68533,10.432892],"rotation":{"angle":22.5,"axis":"x","origin":[9.70134,13.256759,9.575748]},"faces":{"east":{"uv":[9.625,9.6875,9.4375,10.0],"rotation":0,"texture":"#0","tintindex":0},"south":{"uv":[9.875,9.3125,9.6875,9.625],"rotation":0,"texture":"#0","tintindex":0},"north":{"uv":[8.6875,9.6875,8.5,10.0],"rotation":0,"texture":"#0","tintindex":0},"west":{"uv":[9.375,9.6875,9.1875,10.0],"rotation":0,"texture":"#0","tintindex":0},"up":{"uv":[10.0625,6.3125,10.25,6.125],"rotation":0,"texture":"#0","tintindex":0},"down":{"uv":[6.4375,10.0625,6.625,10.25],"rotation":0,"texture":"#0","tintindex":0}}},{"from":[8.272768,9.858274,6.980704],"to":[10.558482,12.14399,9.837847],"rotation":{"angle":-45.0,"axis":"x","origin":[9.415625,11.001132,8.409275]},"faces":{"east":{"uv":[5.5,9.5,5.1875,9.75],"rotation":0,"texture":"#0","tintindex":0},"south":{"uv":[9.125,9.5625,8.875,9.8125],"rotation":0,"texture":"#0","tintindex":0},"north":{"uv":[4.5625,9.5625,4.3125,9.8125],"rotation":0,"texture":"#0","tintindex":0},"west":{"uv":[5.125,9.5,4.8125,9.75],"rotation":0,"texture":"#0","tintindex":0},"up":{"uv":[3.3125,9.8125,3.5625,9.5],"rotation":0,"texture":"#0","tintindex":0},"down":{"uv":[5.5625,9.5,5.8125,9.8125],"rotation":0,"texture":"#0","tintindex":0}}},{"from":[2.3299108,7.321581,10.213192],"to":[3.4727678,8.464438,14.213192],"rotation":{"angle":-45.0,"axis":"x","origin":[2.901339,7.8930097,12.213192]},"faces":{"east":{"uv":[9.875,2.8125,10.3125,2.9375],"rotation":0,"texture":"#0","tintindex":0},"south":{"uv":[10.25,10.125,10.375,10.25],"rotation":0,"texture":"#0","tintindex":0},"north":{"uv":[8.3125,10.25,8.4375,10.375],"rotation":0,"texture":"#0","tintindex":0},"west":{"uv":[9.875,3.0,10.3125,3.125],"rotation":0,"texture":"#0","tintindex":0},"up":{"uv":[6.375,10.125,6.25,9.6875],"rotation":0,"texture":"#0","tintindex":0},"down":{"uv":[5.5,9.8125,5.375,10.25],"rotation":0,"texture":"#0","tintindex":0}}},{"from":[2.5672708,5.760305,9.701721],"to":[5.4244137,7.474591,11.416007],"rotation":{"angle":22.5,"axis":"y","origin":[3.995842,6.617448,10.558864]},"faces":{"east":{"uv":[10.0625,3.875,10.25,4.0625],"rotation":0,"texture":"#0","tintindex":0},"south":{"uv":[2.4375,9.6875,2.75,9.875],"rotation":0,"texture":"#0","tintindex":0},"north":{"uv":[9.6875,0.0,10.0,0.1875],"rotation":0,"texture":"#0","tintindex":0},"west":{"uv":[4.5625,10.0625,4.75,10.25],"rotation":0,"texture":"#0","tintindex":0},"up":{"uv":[10.0,4.0625,9.6875,3.875],"rotation":0,"texture":"#0","tintindex":0},"down":{"uv":[6.1875,9.6875,5.875,9.875],"rotation":0,"texture":"#0","tintindex":0}}},{"from":[4.8175454,5.7745905,7.941859],"to":[6.531831,7.4888763,10.799002],"rotation":{"angle":-22.5,"axis":"y","origin":[5.6746883,6.6317334,9.37043]},"faces":{"east":{"uv":[6.75,6.1875,7.0625,6.375],"rotation":0,"texture":"#0","tintindex":0},"south":{"uv":[10.0625,0.0,10.25,0.1875],"rotation":0,"texture":"#0","tintindex":0},"north":{"uv":[9.9375,7.5625,10.125,7.75],"rotation":0,"texture":"#0","tintindex":0},"west":{"uv":[7.4375,5.25,7.75,5.4375],"rotation":0,"texture":"#0","tintindex":0},"up":{"uv":[3.8125,9.9375,3.625,9.625],"rotation":0,"texture":"#0","tintindex":0},"down":{"uv":[2.375,9.6875,2.1875,10.0],"rotation":0,"texture":"#0","tintindex":0}}},{"from":[12.529911,10.178724,10.213192],"to":[13.672768,11.321581,14.213192],"rotation":{"angle":-45.0,"axis":"x","origin":[13.101339,10.750153,12.213192]},"faces":{"east":{"uv":[10.3125,3.0,9.875,3.125],"rotation":0,"texture":"#0","tintindex":0},"south":{"uv":[10.375,10.125,10.25,10.25],"rotation":0,"texture":"#0","tintindex":0},"north":{"uv":[8.4375,10.25,8.3125,10.375],"rotation":0,"texture":"#0","tintindex":0},"west":{"uv":[10.3125,2.8125,9.875,2.9375],"rotation":0,"texture":"#0","tintindex":0},"up":{"uv":[6.25,10.125,6.375,9.6875],"rotation":0,"texture":"#0","tintindex":0},"down":{"uv":[5.375,9.8125,5.5,10.25],"rotation":0,"texture":"#0","tintindex":0}}},{"from":[12.529911,7.321581,10.213192],"to":[13.672768,8.464438,14.213192],"rotation":{"angle":-45.0,"axis":"x","origin":[13.101339,7.8930097,12.213192]},"faces":{"east":{"uv":[10.3125,3.0,9.875,3.125],"rotation":0,"texture":"#0","tintindex":0},"south":{"uv":[10.375,10.125,10.25,10.25],"rotation":0,"texture":"#0","tintindex":0},"north":{"uv":[8.4375,10.25,8.3125,10.375],"rotation":0,"texture":"#0","tintindex":0},"west":{"uv":[10.3125,2.8125,9.875,2.9375],"rotation":0,"texture":"#0","tintindex":0},"up":{"uv":[6.25,10.125,6.375,9.6875],"rotation":0,"texture":"#0","tintindex":0},"down":{"uv":[5.375,9.8125,5.5,10.25],"rotation":0,"texture":"#0","tintindex":0}}},{"from":[10.578265,5.760305,9.701721],"to":[13.435408,7.474591,11.416007],"rotation":{"angle":-22.5,"axis":"y","origin":[12.006836,6.617448,10.558864]},"faces":{"east":{"uv":[4.75,10.0625,4.5625,10.25],"rotation":0,"texture":"#0","tintindex":0},"south":{"uv":[2.75,9.6875,2.4375,9.875],"rotation":0,"texture":"#0","tintindex":0},"north":{"uv":[10.0,0.0,9.6875,0.1875],"rotation":0,"texture":"#0","tintindex":0},"west":{"uv":[10.25,3.875,10.0625,4.0625],"rotation":0,"texture":"#0","tintindex":0},"up":{"uv":[9.6875,4.0625,10.0,3.875],"rotation":0,"texture":"#0","tintindex":0},"down":{"uv":[5.875,9.6875,6.1875,9.875],"rotation":0,"texture":"#0","tintindex":0}}},{"from":[9.470848,5.7745905,7.941859],"to":[11.185133,7.4888763,10.799002],"rotation":{"angle":22.5,"axis":"y","origin":[10.327991,6.6317334,9.37043]},"faces":{"east":{"uv":[7.75,5.25,7.4375,5.4375],"rotation":0,"texture":"#0","tintindex":0},"south":{"uv":[10.25,0.0,10.0625,0.1875],"rotation":0,"texture":"#0","tintindex":0},"north":{"uv":[10.125,7.5625,9.9375,7.75],"rotation":0,"texture":"#0","tintindex":0},"west":{"uv":[7.0625,6.1875,6.75,6.375],"rotation":0,"texture":"#0","tintindex":0},"up":{"uv":[3.625,9.9375,3.8125,9.625],"rotation":0,"texture":"#0","tintindex":0},"down":{"uv":[2.1875,9.6875,2.375,10.0],"rotation":0,"texture":"#0","tintindex":0}}},{"from":[9.470848,8.631734,7.941859],"to":[11.185133,10.34602,10.799002],"rotation":{"angle":22.5,"axis":"y","origin":[10.327991,9.488876,9.37043]},"faces":{"east":{"uv":[7.75,5.25,7.4375,5.4375],"rotation":0,"texture":"#0","tintindex":0},"south":{"uv":[10.25,0.0,10.0625,0.1875],"rotation":0,"texture":"#0","tintindex":0},"north":{"uv":[10.125,7.5625,9.9375,7.75],"rotation":0,"texture":"#0","tintindex":0},"west":{"uv":[7.0625,6.1875,6.75,6.375],"rotation":0,"texture":"#0","tintindex":0},"up":{"uv":[3.625,9.9375,3.8125,9.625],"rotation":0,"texture":"#0","tintindex":0},"down":{"uv":[2.1875,9.6875,2.375,10.0],"rotation":0,"texture":"#0","tintindex":0}}},{"from":[10.578265,8.617448,9.701721],"to":[13.435408,10.331734,11.416007],"rotation":{"angle":-22.5,"axis":"y","origin":[12.006836,9.47459,10.558864]},"faces":{"east":{"uv":[4.75,10.0625,4.5625,10.25],"rotation":0,"texture":"#0","tintindex":0},"south":{"uv":[2.75,9.6875,2.4375,9.875],"rotation":0,"texture":"#0","tintindex":0},"north":{"uv":[10.0,0.0,9.6875,0.1875],"rotation":0,"texture":"#0","tintindex":0},"west":{"uv":[10.25,3.875,10.0625,4.0625],"rotation":0,"texture":"#0","tintindex":0},"up":{"uv":[9.6875,4.0625,10.0,3.875],"rotation":0,"texture":"#0","tintindex":0},"down":{"uv":[5.875,9.6875,6.1875,9.875],"rotation":0,"texture":"#0","tintindex":0}}},{"from":[9.715625,4.7186875,-1.3096104],"to":[9.715625,6.4329734,3.8332477],"rotation":{"angle":0.0,"axis":"y","origin":[9.715625,5.5758305,1.2618189]},"faces":{"east":{"uv":[9.8125,0.3125,9.25,0.5],"rotation":0,"texture":"#0","tintindex":0},"south":{"uv":[8.4375,9.375,8.4375,9.5625],"rotation":0,"texture":"#0","tintindex":0},"north":{"uv":[8.875,9.3125,8.875,9.5],"rotation":0,"texture":"#0","tintindex":0},"west":{"uv":[9.25,0.3125,9.8125,0.5],"rotation":0,"texture":"#0","tintindex":0},"up":{"uv":[3.0,10.8125,3.0,10.25],"rotation":0,"texture":"#0","tintindex":0},"down":{"uv":[6.1875,10.25,6.1875,10.8125],"rotation":0,"texture":"#0","tintindex":0}}}],"display":{"head":{"translation":[0.0,-6.4,0.0],"scale":[4.0,4.0,4.0]}}}