{"textures":{"0":"modelengine:entity/dragon_desert"},"elements":[{"from":[7.932925,2.680017,5.7429323],"to":[10.790068,8.394302,9.742932],"rotation":{"angle":22.5,"axis":"z","origin":[9.361497,5.53716,7.7429323]},"faces":{"east":{"uv":[7.375,7.625,6.9375,8.25],"rotation":0,"texture":"#0","tintindex":0},"south":{"uv":[8.5625,8.3125,8.25,8.9375],"rotation":0,"texture":"#0","tintindex":0},"north":{"uv":[7.25,8.3125,6.9375,8.9375],"rotation":0,"texture":"#0","tintindex":0},"west":{"uv":[3.8125,7.625,3.375,8.25],"rotation":0,"texture":"#0","tintindex":0},"up":{"uv":[1.875,9.3125,2.1875,8.875],"rotation":0,"texture":"#0","tintindex":0},"down":{"uv":[6.0625,8.875,6.375,9.3125],"rotation":0,"texture":"#0","tintindex":0}}},{"from":[10.572581,3.773398,6.8857894],"to":[13.429724,9.487684,6.8857894],"rotation":{"angle":22.5,"axis":"z","origin":[12.001152,6.630541,6.8857894]},"faces":{"east":{"uv":[3.0625,10.375,3.0625,11.0],"rotation":0,"texture":"#0","tintindex":0},"south":{"uv":[0.5,8.375,0.8125,9.0],"rotation":0,"texture":"#0","tintindex":0},"north":{"uv":[0.8125,8.375,0.5,9.0],"rotation":0,"texture":"#0","tintindex":0},"west":{"uv":[2.25,10.375,2.25,11.0],"rotation":0,"texture":"#0","tintindex":0},"up":{"uv":[8.375,1.4375,8.6875,1.4375],"rotation":0,"texture":"#0","tintindex":0},"down":{"uv":[4.125,8.375,4.4375,8.375],"rotation":0,"texture":"#0","tintindex":0}}}],"display":{"head":{"translation":[0.0,-6.4,0.0],"scale":[4.0,4.0,4.0]}}}