{"textures":{"0":"modelengine:entity/dragon_desert"},"elements":[{"from":[6.5214286,3.6587133,6.4599967],"to":[9.3785715,8.230142,9.31714],"rotation":{"angle":0.0,"axis":"y","origin":[7.95,5.9444275,7.8885684]},"faces":{"east":{"uv":[1.8125,8.875,1.5,9.375],"rotation":0,"texture":"#0","tintindex":0},"south":{"uv":[4.8125,8.8125,4.5,9.3125],"rotation":0,"texture":"#0","tintindex":0},"north":{"uv":[4.8125,8.8125,4.5,9.3125],"rotation":0,"texture":"#0","tintindex":0},"west":{"uv":[1.8125,8.875,1.5,9.375],"rotation":0,"texture":"#0","tintindex":0},"up":{"uv":[8.5,9.625,8.8125,9.3125],"rotation":0,"texture":"#0","tintindex":0},"down":{"uv":[8.5,9.625,8.8125,9.3125],"rotation":0,"texture":"#0","tintindex":0}}}],"display":{"head":{"translation":[0.0,-6.4,0.0],"scale":[4.0,4.0,4.0]}}}