{"textures":{"0":"modelengine:entity/dragon_desert"},"elements":[{"from":[6.5325203,4.9081354,7.38341],"to":[9.389664,8.908135,10.811981],"rotation":{"angle":-45.0,"axis":"x","origin":[7.9610915,6.9081354,9.097695]},"faces":{"east":{"uv":[3.1875,8.5625,2.8125,9.0],"rotation":0,"texture":"#0","tintindex":0},"south":{"uv":[7.1875,9.0,6.875,9.4375],"rotation":0,"texture":"#0","tintindex":0},"north":{"uv":[7.1875,9.0,6.875,9.4375],"rotation":0,"texture":"#0","tintindex":0},"west":{"uv":[3.1875,8.5625,2.8125,9.0],"rotation":0,"texture":"#0","tintindex":0},"up":{"uv":[9.125,3.375,9.4375,3.0],"rotation":0,"texture":"#0","tintindex":0},"down":{"uv":[9.125,3.375,9.4375,3.0],"rotation":0,"texture":"#0","tintindex":0}}}],"display":{"head":{"translation":[0.0,-6.4,0.0],"scale":[4.0,4.0,4.0]}}}