{"credit":"MadewithBlockbench","texture_size":[40,40],"textures":{"0":"elitecreatures:underwater_furniture_v1/coral_tube","particle":"elitecreatures:underwater_furniture_v1/coral_tube"},"elements":[{"from":[6.07371,1.31369,6.07371],"to":[9.92629,5.44145,9.92629],"rotation":{"angle":0,"axis":"y","origin":[8.6051,5.62788,8.04865]},"faces":{"north":{"uv":[2.4,0,4.4,2.2],"texture":"#0"},"east":{"uv":[2.4,2.4,4.4,4.6],"texture":"#0"},"south":{"uv":[4.4,0,6.4,2.2],"texture":"#0"},"west":{"uv":[4.4,2.4,6.4,4.6],"texture":"#0"},"up":{"uv":[2,6.8,0,4.8],"texture":"#0"},"down":{"uv":[4,4.8,2,6.8],"texture":"#0"}}},{"from":[5.79853,-0.06223,5.79853],"to":[10.20147,1.31369,10.20147],"rotation":{"angle":0,"axis":"y","origin":[8.6051,5.62788,8.04865]},"faces":{"north":{"uv":[5.6,9.6,7.8,10.4],"texture":"#0"},"east":{"uv":[9.6,6.4,11.8,7.2],"texture":"#0"},"south":{"uv":[9.6,7.2,11.8,8],"texture":"#0"},"west":{"uv":[8,9.6,10.2,10.4],"texture":"#0"},"up":{"uv":[2.2,2.2,0,0],"texture":"#0"},"down":{"uv":[2.2,2.4,0,4.6],"texture":"#0"}}},{"from":[3.62806,7.77762,7.55971],"to":[4.72879,10.63954,8.44029],"rotation":{"angle":-22.5,"axis":"z","origin":[8.6051,5.62788,8.04865]},"faces":{"north":{"uv":[9.6,8,10.2,9.4],"texture":"#0"},"east":{"uv":[12,3.2,12.4,4.6],"texture":"#0"},"south":{"uv":[11.2,4.8,11.8,6.2],"texture":"#0"},"west":{"uv":[12,4.8,12.4,6.2],"texture":"#0"},"up":{"uv":[13,3.6,12.4,3.2],"texture":"#0"},"down":{"uv":[13,3.6,12.4,4],"texture":"#0"}}},{"from":[11.36333,8.24074,7.55971],"to":[12.46406,11.10266,8.44029],"rotation":{"angle":22.5,"axis":"z","origin":[8.6051,5.62788,8.04865]},"faces":{"north":{"uv":[11.2,8,11.8,9.4],"texture":"#0"},"east":{"uv":[12,6.4,12.4,7.8],"texture":"#0"},"south":{"uv":[11.2,9.6,11.8,11],"texture":"#0"},"west":{"uv":[12,8,12.4,9.4],"texture":"#0"},"up":{"uv":[13,4.4,12.4,4],"texture":"#0"},"down":{"uv":[13,4.4,12.4,4.8],"texture":"#0"}}},{"from":[11.52524,6.60452,7.55971],"to":[14.38715,7.70525,8.44029],"rotation":{"angle":22.5,"axis":"z","origin":[8.6051,5.62788,8.04865]},"faces":{"north":{"uv":[11.2,11.2,12.6,11.8],"texture":"#0"},"east":{"uv":[12.4,4.8,12.8,5.4],"texture":"#0"},"south":{"uv":[0,11.6,1.4,12.2],"texture":"#0"},"west":{"uv":[12.4,5.6,12.8,6.2],"texture":"#0"},"up":{"uv":[13.4,10,12,9.6],"texture":"#0"},"down":{"uv":[13.4,10,12,10.4],"texture":"#0"}}},{"from":[5.96825,5.56383,7.28452],"to":[7.39921,14.36971,8.71548],"rotation":{"angle":22.5,"axis":"z","origin":[8.6051,5.62788,8.04865]},"faces":{"north":{"uv":[4,4.8,4.8,9.4],"texture":"#0"},"east":{"uv":[4.8,4.8,5.6,9.4],"texture":"#0"},"south":{"uv":[5.6,4.8,6.4,9.4],"texture":"#0"},"west":{"uv":[6.4,0,7.2,4.6],"texture":"#0"},"up":{"uv":[11.2,6.4,10.4,5.6],"texture":"#0"},"down":{"uv":[2.4,11.6,1.6,12.4],"texture":"#0"}}},{"from":[8.60079,5.56383,7.28452],"to":[10.03175,14.36971,8.71548],"rotation":{"angle":-22.5,"axis":"z","origin":[7.3949,5.62788,8.04865]},"faces":{"north":{"uv":[4.8,4.8,4,9.4],"texture":"#0"},"east":{"uv":[7.2,0,6.4,4.6],"texture":"#0"},"south":{"uv":[6.4,4.8,5.6,9.4],"texture":"#0"},"west":{"uv":[5.6,4.8,4.8,9.4],"texture":"#0"},"up":{"uv":[10.4,6.4,11.2,5.6],"texture":"#0"},"down":{"uv":[1.6,11.6,2.4,12.4],"texture":"#0"}}},{"from":[4.77165,5.05694,7.3946],"to":[5.98246,9.45989,8.6054],"rotation":{"angle":45,"axis":"z","origin":[8.6051,5.62788,8.04865]},"faces":{"north":{"uv":[9.6,10.4,10.2,12.6],"texture":"#0"},"east":{"uv":[10.4,10.8,11,13],"texture":"#0"},"south":{"uv":[11.2,0,11.8,2.2],"texture":"#0"},"west":{"uv":[11.2,2.4,11.8,4.6],"texture":"#0"},"up":{"uv":[12.6,11,12,10.4],"texture":"#0"},"down":{"uv":[11.8,12,11.2,12.6],"texture":"#0"}}},{"from":[10.56658,4.00662,7.3946],"to":[11.77739,9.5103,8.6054],"rotation":{"angle":-45,"axis":"z","origin":[8.6051,5.62788,8.04865]},"faces":{"north":{"uv":[10.4,0,11,2.8],"texture":"#0"},"east":{"uv":[10.4,2.8,11,5.6],"texture":"#0"},"south":{"uv":[5.6,10.4,6.2,13.2],"texture":"#0"},"west":{"uv":[6.4,10.4,7,13.2],"texture":"#0"},"up":{"uv":[11.2,6.4,10.4,5.6],"texture":"#0"},"down":{"uv":[0.6,12.4,0,13],"texture":"#0"}}},{"from":[7.3946,4.01092,10.79277],"to":[8.6054,9.78979,12.00358],"rotation":{"angle":45,"axis":"x","origin":[8.6051,5.62788,8.04865]},"faces":{"north":{"uv":[9.6,0,10.2,3],"texture":"#0"},"east":{"uv":[9.6,3.2,10.2,6.2],"texture":"#0"},"south":{"uv":[4,9.6,4.6,12.6],"texture":"#0"},"west":{"uv":[4.8,9.6,5.4,12.6],"texture":"#0"},"up":{"uv":[11.2,6.4,10.4,5.6],"texture":"#0"},"down":{"uv":[2.2,12.4,1.6,13],"texture":"#0"}}},{"from":[7.3946,3.96297,3.90817],"to":[8.6054,9.46665,5.11898],"rotation":{"angle":-45,"axis":"x","origin":[8.6051,5.62788,8.04865]},"faces":{"north":{"uv":[7.2,10.4,7.8,13.2],"texture":"#0"},"east":{"uv":[8,10.4,8.6,13.2],"texture":"#0"},"south":{"uv":[10.4,8,11,10.8],"texture":"#0"},"west":{"uv":[8.8,10.4,9.4,13.2],"texture":"#0"},"up":{"uv":[11.2,6.4,10.4,5.6],"texture":"#0"},"down":{"uv":[3.8,12.4,3.2,13],"texture":"#0"}}},{"from":[7.28452,5.36575,5.88999],"to":[8.71548,14.17164,7.32095],"rotation":{"angle":-22.5,"axis":"x","origin":[8.6051,5.62788,8.04865]},"faces":{"north":{"uv":[8,0,8.8,4.6],"texture":"#0"},"east":{"uv":[8,4.8,8.8,9.4],"texture":"#0"},"south":{"uv":[8.8,0,9.6,4.6],"texture":"#0"},"west":{"uv":[8.8,4.8,9.6,9.4],"texture":"#0"},"up":{"uv":[12.8,2.4,12,1.6],"texture":"#0"},"down":{"uv":[12.8,2.4,12,3.2],"texture":"#0"}}},{"from":[7.28452,5.36575,8.67905],"to":[8.71548,14.17164,10.11001],"rotation":{"angle":22.5,"axis":"x","origin":[8.6051,5.62788,7.95135]},"faces":{"north":{"uv":[9.6,0,8.8,4.6],"texture":"#0"},"east":{"uv":[8.8,4.8,8,9.4],"texture":"#0"},"south":{"uv":[8.8,0,8,4.6],"texture":"#0"},"west":{"uv":[9.6,4.8,8.8,9.4],"texture":"#0"},"up":{"uv":[12.8,1.6,12,2.4],"texture":"#0"},"down":{"uv":[12.8,3.2,12,2.4],"texture":"#0"}}}],"gui_light":"front","display":{"thirdperson_righthand":{"rotation":[-180,1,-180],"translation":[0,4,2.25],"scale":[0.5093,0.5093,0.5093]},"thirdperson_lefthand":{"rotation":[-180,1,-180],"translation":[0,4,2.25],"scale":[0.5093,0.5093,0.5093]},"firstperson_righthand":{"rotation":[-13,130,0],"translation":[0,6,0],"scale":[0.88586,0.88586,0.88586]},"firstperson_lefthand":{"rotation":[-13,130,0],"translation":[0,6,0],"scale":[0.88586,0.88586,0.88586]},"ground":{"translation":[0,7,0],"scale":[0.82813,0.82813,0.82813]},"gui":{"rotation":[20,139,0],"translation":[0.25,1,0],"scale":[0.94719,0.94719,0.94719]},"head":{"translation":[0,-27.75,0],"scale":[1.92953,1.92953,1.92953]},"fixed":{"rotation":[-90,0,0],"translation":[0,0,-24.75],"scale":[3.08313,3.08313,3.08313]}}}