{"credit":"MadewithBlockbench","textures":{"0":"elitecreatures:underwater_furniture_v1/living_remains","particle":"elitecreatures:underwater_furniture_v1/living_remains"},"elements":[{"from":[3.35557,5.47159,5.77308],"to":[6.86894,6.68689,6.65532],"rotation":{"angle":22.5,"axis":"z","origin":[3.22113,4.11298,7.75]},"faces":{"north":{"uv":[3.66667,6.66667,2.66667,9],"rotation":90,"texture":"#0"},"east":{"uv":[11,10.66667,10,10],"rotation":270,"texture":"#0"},"south":{"uv":[3.66667,6.66667,2.66667,9],"rotation":270,"texture":"#0"},"west":{"uv":[11,9.33333,10,10],"rotation":270,"texture":"#0"},"up":{"uv":[3.66667,6.66667,2.66667,9],"rotation":270,"texture":"#0"},"down":{"uv":[3.66667,6.66667,2.66667,9],"rotation":270,"texture":"#0"}}},{"from":[1.48797,2.11624,5.60424],"to":[2.75173,6.01999,6.82416],"rotation":{"angle":-22.5,"axis":"z","origin":[3.22113,4.11298,7.75]},"faces":{"north":{"uv":[2.66667,5.33333,3.66667,2.66667],"texture":"#0"},"east":{"uv":[2.66667,5.33333,3.66667,2.66667],"texture":"#0"},"south":{"uv":[2.66667,5.33333,3.66667,2.66667],"texture":"#0"},"west":{"uv":[2.66667,5.33333,3.66667,2.66667],"texture":"#0"},"up":{"uv":[10.66667,0.66667,11.66667,1.33333],"texture":"#0"},"down":{"uv":[10.66667,0.66667,11.66667,0],"texture":"#0"}}},{"from":[9.13106,5.47159,5.77308],"to":[12.64443,6.68689,6.65532],"rotation":{"angle":-22.5,"axis":"z","origin":[12.77887,4.11298,7.75]},"faces":{"north":{"uv":[3.66667,9,2.66667,6.66667],"rotation":90,"texture":"#0"},"east":{"uv":[11,10,10,9.33333],"rotation":270,"texture":"#0"},"south":{"uv":[3.66667,9,2.66667,6.66667],"rotation":270,"texture":"#0"},"west":{"uv":[11,10,10,10.66667],"rotation":270,"texture":"#0"},"up":{"uv":[3.66667,9,2.66667,6.66667],"rotation":270,"texture":"#0"},"down":{"uv":[3.66667,9,2.66667,6.66667],"rotation":270,"texture":"#0"}}},{"from":[13.24827,2.11624,5.60424],"to":[14.51203,6.01999,6.82416],"rotation":{"angle":22.5,"axis":"z","origin":[12.77887,4.11298,7.75]},"faces":{"north":{"uv":[3.66667,5.33333,2.66667,2.66667],"texture":"#0"},"east":{"uv":[3.66667,5.33333,2.66667,2.66667],"texture":"#0"},"south":{"uv":[3.66667,5.33333,2.66667,2.66667],"texture":"#0"},"west":{"uv":[3.66667,5.33333,2.66667,2.66667],"texture":"#0"},"up":{"uv":[11.66667,0.66667,10.66667,1.33333],"texture":"#0"},"down":{"uv":[11.66667,0.66667,10.66667,0],"texture":"#0"}}},{"from":[13.89244,0.01992,5.5104],"to":[15.35635,4.02352,6.918],"rotation":{"angle":-22.5,"axis":"z","origin":[12.65387,3.86298,7.75]},"faces":{"north":{"uv":[8,5,5.33333,4],"rotation":270,"texture":"#0"},"east":{"uv":[5.33333,4,8,5],"rotation":90,"texture":"#0"},"south":{"uv":[5.33333,5,8,4],"rotation":90,"texture":"#0"},"west":{"uv":[5.33333,4,8,5],"rotation":90,"texture":"#0"},"up":{"uv":[6,9.33333,7,10.33333],"rotation":90,"texture":"#0"},"down":{"uv":[7.33333,9.33333,8.33333,10.33333],"rotation":90,"texture":"#0"}}},{"from":[9.06922,5.47159,2.27308],"to":[12.44746,6.68689,3.15532],"rotation":{"angle":-22.5,"axis":"z","origin":[12.72887,4.11298,7.75]},"faces":{"north":{"uv":[3.66667,9,2.66667,6.66667],"rotation":90,"texture":"#0"},"east":{"uv":[11,10,10,9.33333],"rotation":270,"texture":"#0"},"south":{"uv":[3.66667,9,2.66667,6.66667],"rotation":270,"texture":"#0"},"west":{"uv":[11,10,10,10.66667],"rotation":270,"texture":"#0"},"up":{"uv":[3.66667,9,2.66667,6.66667],"rotation":270,"texture":"#0"},"down":{"uv":[3.66667,9,2.66667,6.66667],"rotation":270,"texture":"#0"}}},{"from":[13.1195,2.38148,2.10424],"to":[14.38326,6.13508,3.32416],"rotation":{"angle":22.5,"axis":"z","origin":[12.72887,4.11298,7.75]},"faces":{"north":{"uv":[3.66667,5.33333,2.66667,2.66667],"texture":"#0"},"east":{"uv":[3.66667,5.33333,2.66667,2.66667],"texture":"#0"},"south":{"uv":[3.66667,5.33333,2.66667,2.66667],"texture":"#0"},"west":{"uv":[3.66667,5.33333,2.66667,2.66667],"texture":"#0"},"up":{"uv":[11.66667,0.66667,10.66667,1.33333],"texture":"#0"},"down":{"uv":[11.66667,0.66667,10.66667,0],"texture":"#0"}}},{"from":[13.67581,0.09022,2.0104],"to":[15.08341,4.09382,3.418],"rotation":{"angle":-22.5,"axis":"z","origin":[12.65387,3.86298,7.75]},"faces":{"north":{"uv":[8,5,5.33333,4],"rotation":270,"texture":"#0"},"east":{"uv":[5.33333,4,8,5],"rotation":90,"texture":"#0"},"south":{"uv":[5.33333,5,8,4],"rotation":90,"texture":"#0"},"west":{"uv":[5.33333,4,8,5],"rotation":90,"texture":"#0"},"up":{"uv":[6,9.33333,7,10.33333],"rotation":90,"texture":"#0"},"down":{"uv":[7.33333,9.33333,8.33333,10.33333],"rotation":90,"texture":"#0"}}},{"from":[13.67581,0.09022,12.332],"to":[15.08341,4.09382,13.7396],"rotation":{"angle":-22.5,"axis":"z","origin":[12.65387,3.86298,8]},"faces":{"north":{"uv":[5.33333,4,8,5],"rotation":90,"texture":"#0"},"east":{"uv":[5.33333,5,8,4],"rotation":90,"texture":"#0"},"south":{"uv":[8,4,5.33333,5],"rotation":270,"texture":"#0"},"west":{"uv":[5.33333,5,8,4],"rotation":90,"texture":"#0"},"up":{"uv":[7,9.33333,6,10.33333],"rotation":90,"texture":"#0"},"down":{"uv":[8.33333,9.33333,7.33333,10.33333],"rotation":90,"texture":"#0"}}},{"from":[13.1195,2.38148,12.42584],"to":[14.38326,6.13508,13.64576],"rotation":{"angle":22.5,"axis":"z","origin":[12.72887,4.11298,8]},"faces":{"north":{"uv":[2.66667,5.33333,3.66667,2.66667],"texture":"#0"},"east":{"uv":[2.66667,5.33333,3.66667,2.66667],"texture":"#0"},"south":{"uv":[2.66667,5.33333,3.66667,2.66667],"texture":"#0"},"west":{"uv":[2.66667,5.33333,3.66667,2.66667],"texture":"#0"},"up":{"uv":[11.66667,1.33333,10.66667,0.66667],"texture":"#0"},"down":{"uv":[11.66667,0,10.66667,0.66667],"texture":"#0"}}},{"from":[9.06922,5.47159,12.59468],"to":[12.44746,6.68689,13.47692],"rotation":{"angle":-22.5,"axis":"z","origin":[12.72887,4.11298,8]},"faces":{"north":{"uv":[3.66667,6.66667,2.66667,9],"rotation":270,"texture":"#0"},"east":{"uv":[11,9.33333,10,10],"rotation":270,"texture":"#0"},"south":{"uv":[3.66667,6.66667,2.66667,9],"rotation":90,"texture":"#0"},"west":{"uv":[11,10.66667,10,10],"rotation":270,"texture":"#0"},"up":{"uv":[2.66667,9,3.66667,6.66667],"rotation":270,"texture":"#0"},"down":{"uv":[2.66667,9,3.66667,6.66667],"rotation":270,"texture":"#0"}}},{"from":[13.89244,0.01992,9.082],"to":[15.35635,4.02352,10.4896],"rotation":{"angle":-22.5,"axis":"z","origin":[12.65387,3.86298,7.75]},"faces":{"north":{"uv":[8,5,5.33333,4],"rotation":270,"texture":"#0"},"east":{"uv":[5.33333,5,8,4],"rotation":90,"texture":"#0"},"south":{"uv":[5.33333,5,8,4],"rotation":90,"texture":"#0"},"west":{"uv":[5.33333,5,8,4],"rotation":90,"texture":"#0"},"up":{"uv":[7,9.33333,6,10.33333],"rotation":90,"texture":"#0"},"down":{"uv":[8.33333,9.33333,7.33333,10.33333],"rotation":90,"texture":"#0"}}},{"from":[13.24827,2.11624,9.17584],"to":[14.51203,6.01999,10.39576],"rotation":{"angle":22.5,"axis":"z","origin":[12.77887,4.11298,7.75]},"faces":{"north":{"uv":[2.66667,5.33333,3.66667,2.66667],"texture":"#0"},"east":{"uv":[2.66667,5.33333,3.66667,2.66667],"texture":"#0"},"south":{"uv":[2.66667,5.33333,3.66667,2.66667],"texture":"#0"},"west":{"uv":[2.66667,5.33333,3.66667,2.66667],"texture":"#0"},"up":{"uv":[11.66667,1.33333,10.66667,0.66667],"texture":"#0"},"down":{"uv":[11.66667,0,10.66667,0.66667],"texture":"#0"}}},{"from":[9.13106,5.47159,9.34468],"to":[12.64443,6.68689,10.22692],"rotation":{"angle":-22.5,"axis":"z","origin":[12.77887,4.11298,7.75]},"faces":{"north":{"uv":[2.66667,9,3.66667,6.66667],"rotation":90,"texture":"#0"},"east":{"uv":[11,9.33333,10,10],"rotation":270,"texture":"#0"},"south":{"uv":[2.66667,9,3.66667,6.66667],"rotation":270,"texture":"#0"},"west":{"uv":[11,10.66667,10,10],"rotation":270,"texture":"#0"},"up":{"uv":[2.66667,9,3.66667,6.66667],"rotation":270,"texture":"#0"},"down":{"uv":[2.66667,9,3.66667,6.66667],"rotation":270,"texture":"#0"}}},{"from":[0.64365,0.01992,5.5104],"to":[2.10756,4.02352,6.918],"rotation":{"angle":22.5,"axis":"z","origin":[3.34613,3.86298,7.75]},"faces":{"north":{"uv":[8,4,5.33333,5],"rotation":270,"texture":"#0"},"east":{"uv":[5.33333,5,8,4],"rotation":90,"texture":"#0"},"south":{"uv":[5.33333,4,8,5],"rotation":90,"texture":"#0"},"west":{"uv":[5.33333,5,8,4],"rotation":90,"texture":"#0"},"up":{"uv":[6,10.33333,7,9.33333],"rotation":90,"texture":"#0"},"down":{"uv":[7.33333,10.33333,8.33333,9.33333],"rotation":90,"texture":"#0"}}},{"from":[3.55254,5.47159,2.27308],"to":[6.93078,6.68689,3.15532],"rotation":{"angle":22.5,"axis":"z","origin":[3.27113,4.11298,7.75]},"faces":{"north":{"uv":[3.66667,6.66667,2.66667,9],"rotation":90,"texture":"#0"},"east":{"uv":[11,10.66667,10,10],"rotation":270,"texture":"#0"},"south":{"uv":[3.66667,6.66667,2.66667,9],"rotation":270,"texture":"#0"},"west":{"uv":[11,9.33333,10,10],"rotation":270,"texture":"#0"},"up":{"uv":[3.66667,6.66667,2.66667,9],"rotation":270,"texture":"#0"},"down":{"uv":[3.66667,6.66667,2.66667,9],"rotation":270,"texture":"#0"}}},{"from":[1.61674,2.38148,2.10424],"to":[2.8805,6.13508,3.32416],"rotation":{"angle":-22.5,"axis":"z","origin":[3.27113,4.11298,7.75]},"faces":{"north":{"uv":[2.66667,5.33333,3.66667,2.66667],"texture":"#0"},"east":{"uv":[2.66667,5.33333,3.66667,2.66667],"texture":"#0"},"south":{"uv":[2.66667,5.33333,3.66667,2.66667],"texture":"#0"},"west":{"uv":[2.66667,5.33333,3.66667,2.66667],"texture":"#0"},"up":{"uv":[10.66667,0.66667,11.66667,1.33333],"texture":"#0"},"down":{"uv":[10.66667,0.66667,11.66667,0],"texture":"#0"}}},{"from":[0.91659,0.09022,2.0104],"to":[2.32419,4.09382,3.418],"rotation":{"angle":22.5,"axis":"z","origin":[3.34613,3.86298,7.75]},"faces":{"north":{"uv":[8,4,5.33333,5],"rotation":270,"texture":"#0"},"east":{"uv":[5.33333,5,8,4],"rotation":90,"texture":"#0"},"south":{"uv":[5.33333,4,8,5],"rotation":90,"texture":"#0"},"west":{"uv":[5.33333,5,8,4],"rotation":90,"texture":"#0"},"up":{"uv":[6,10.33333,7,9.33333],"rotation":90,"texture":"#0"},"down":{"uv":[7.33333,10.33333,8.33333,9.33333],"rotation":90,"texture":"#0"}}},{"from":[0.91659,0.09022,12.332],"to":[2.32419,4.09382,13.7396],"rotation":{"angle":22.5,"axis":"z","origin":[3.34613,3.86298,8]},"faces":{"north":{"uv":[5.33333,5,8,4],"rotation":90,"texture":"#0"},"east":{"uv":[5.33333,4,8,5],"rotation":90,"texture":"#0"},"south":{"uv":[8,5,5.33333,4],"rotation":270,"texture":"#0"},"west":{"uv":[5.33333,4,8,5],"rotation":90,"texture":"#0"},"up":{"uv":[7,10.33333,6,9.33333],"rotation":90,"texture":"#0"},"down":{"uv":[8.33333,10.33333,7.33333,9.33333],"rotation":90,"texture":"#0"}}},{"from":[1.61674,2.38148,12.42584],"to":[2.8805,6.13508,13.64576],"rotation":{"angle":-22.5,"axis":"z","origin":[3.27113,4.11298,8]},"faces":{"north":{"uv":[3.66667,5.33333,2.66667,2.66667],"texture":"#0"},"east":{"uv":[3.66667,5.33333,2.66667,2.66667],"texture":"#0"},"south":{"uv":[3.66667,5.33333,2.66667,2.66667],"texture":"#0"},"west":{"uv":[3.66667,5.33333,2.66667,2.66667],"texture":"#0"},"up":{"uv":[10.66667,1.33333,11.66667,0.66667],"texture":"#0"},"down":{"uv":[10.66667,0,11.66667,0.66667],"texture":"#0"}}},{"from":[3.55254,5.47159,12.59468],"to":[6.93078,6.68689,13.47692],"rotation":{"angle":22.5,"axis":"z","origin":[3.27113,4.11298,8]},"faces":{"north":{"uv":[3.66667,9,2.66667,6.66667],"rotation":270,"texture":"#0"},"east":{"uv":[11,10,10,10.66667],"rotation":270,"texture":"#0"},"south":{"uv":[3.66667,9,2.66667,6.66667],"rotation":90,"texture":"#0"},"west":{"uv":[11,10,10,9.33333],"rotation":270,"texture":"#0"},"up":{"uv":[2.66667,6.66667,3.66667,9],"rotation":270,"texture":"#0"},"down":{"uv":[2.66667,6.66667,3.66667,9],"rotation":270,"texture":"#0"}}},{"from":[0.64365,0.01992,9.082],"to":[2.10756,4.02352,10.4896],"rotation":{"angle":22.5,"axis":"z","origin":[3.34613,3.86298,7.75]},"faces":{"north":{"uv":[8,4,5.33333,5],"rotation":270,"texture":"#0"},"east":{"uv":[5.33333,4,8,5],"rotation":90,"texture":"#0"},"south":{"uv":[5.33333,4,8,5],"rotation":90,"texture":"#0"},"west":{"uv":[5.33333,4,8,5],"rotation":90,"texture":"#0"},"up":{"uv":[7,10.33333,6,9.33333],"rotation":90,"texture":"#0"},"down":{"uv":[8.33333,10.33333,7.33333,9.33333],"rotation":90,"texture":"#0"}}},{"from":[1.48797,2.11624,9.17584],"to":[2.75173,6.01999,10.39576],"rotation":{"angle":-22.5,"axis":"z","origin":[3.22113,4.11298,7.75]},"faces":{"north":{"uv":[3.66667,5.33333,2.66667,2.66667],"texture":"#0"},"east":{"uv":[3.66667,5.33333,2.66667,2.66667],"texture":"#0"},"south":{"uv":[3.66667,5.33333,2.66667,2.66667],"texture":"#0"},"west":{"uv":[3.66667,5.33333,2.66667,2.66667],"texture":"#0"},"up":{"uv":[10.66667,1.33333,11.66667,0.66667],"texture":"#0"},"down":{"uv":[10.66667,0,11.66667,0.66667],"texture":"#0"}}},{"from":[3.35557,5.47159,9.34468],"to":[6.86894,6.68689,10.22692],"rotation":{"angle":22.5,"axis":"z","origin":[3.22113,4.11298,7.75]},"faces":{"north":{"uv":[2.66667,6.66667,3.66667,9],"rotation":90,"texture":"#0"},"east":{"uv":[11,10,10,10.66667],"rotation":270,"texture":"#0"},"south":{"uv":[2.66667,6.66667,3.66667,9],"rotation":270,"texture":"#0"},"west":{"uv":[11,10,10,9.33333],"rotation":270,"texture":"#0"},"up":{"uv":[2.66667,6.66667,3.66667,9],"rotation":270,"texture":"#0"},"down":{"uv":[2.66667,6.66667,3.66667,9],"rotation":270,"texture":"#0"}}}],"gui_light":"front","display":{"thirdperson_righthand":{"rotation":[0,90,0],"translation":[0,2.5,2.75],"scale":[0.32742,0.32742,0.32742]},"thirdperson_lefthand":{"rotation":[0,90,0],"translation":[0,2.5,2.75],"scale":[0.32742,0.32742,0.32742]},"firstperson_righthand":{"rotation":[-13,78,0],"translation":[0,2.75,0],"scale":[0.50305,0.50305,0.50305]},"firstperson_lefthand":{"rotation":[-13,78,0],"translation":[0,2.75,0],"scale":[0.50305,0.50305,0.50305]},"ground":{"translation":[0,5.5,0],"scale":[0.54609,0.54609,0.54609]},"gui":{"rotation":[20,135,-1],"translation":[0,3.5,0],"scale":[0.81828,0.81828,0.81828]},"head":{"rotation":[-1,0,0],"translation":[0,-18.75,0],"scale":[3.16,3.16,3.16]},"fixed":{"rotation":[-90,0,0],"translation":[0,0,-34.75],"scale":[4,4,4]}}}