{"credit":"MadewithBlockbench","textures":{"0":"elitecreatures:underwater_furniture_v1/rubble","particle":"elitecreatures:underwater_furniture_v1/rubble"},"elements":[{"from":[11.025,0,12.025],"to":[13.975,1.25,14.225],"rotation":{"angle":0,"axis":"y","origin":[1.5,0.625,9.125]},"faces":{"north":{"uv":[6.05,2.03077,8,7.96923],"rotation":90,"texture":"#0"},"east":{"uv":[4,7.15385,7,9],"texture":"#0"},"south":{"uv":[4.95,7.96923,3,2.03077],"rotation":90,"texture":"#0"},"west":{"uv":[6.9,2.94615,4,1],"texture":"#0"},"up":{"uv":[4,2.03077,7,7.96923],"rotation":270,"texture":"#0"},"down":{"uv":[15,0,16,1],"rotation":90,"texture":"#0"}}},{"from":[10.275,0,2.025],"to":[12.975,1,3.975],"rotation":{"angle":0,"axis":"y","origin":[14.5,0.625,6.875]},"faces":{"north":{"uv":[4.95,7.96923,3,2.03077],"rotation":90,"texture":"#0"},"east":{"uv":[6.9,2.94615,4,1],"texture":"#0"},"south":{"uv":[6.05,2.03077,8,7.96923],"rotation":90,"texture":"#0"},"west":{"uv":[4,7.15385,7,9],"texture":"#0"},"up":{"uv":[7,7.96923,4,2.03077],"rotation":270,"texture":"#0"},"down":{"uv":[16,1,15,0],"rotation":90,"texture":"#0"}}},{"from":[4.025,0,4.025],"to":[6.725,1,5.975],"rotation":{"angle":0,"axis":"y","origin":[1.5,0.625,6.875]},"faces":{"north":{"uv":[4.95,2.03077,3,7.96923],"rotation":90,"texture":"#0"},"east":{"uv":[7,7.15385,4,9],"texture":"#0"},"south":{"uv":[6.05,7.96923,8,2.03077],"rotation":90,"texture":"#0"},"west":{"uv":[4,2.94615,6.9,1],"texture":"#0"},"up":{"uv":[7,2.03077,4,7.96923],"rotation":270,"texture":"#0"},"down":{"uv":[16,0,15,1],"rotation":90,"texture":"#0"}}},{"from":[5.75,0,5.625],"to":[10.25,1.75,10.375],"rotation":{"angle":0,"axis":"y","origin":[8.5,0,5.875]},"faces":{"north":{"uv":[11,4,5,1],"texture":"#0"},"east":{"uv":[10,3,13,12],"rotation":90,"texture":"#0"},"south":{"uv":[5,11,11,14],"texture":"#0"},"west":{"uv":[6,12,3,3],"rotation":90,"texture":"#0"},"up":{"uv":[5,3,11,12],"texture":"#0"},"down":{"uv":[15,0,16,1],"texture":"#0"}}}],"gui_light":"front","display":{"thirdperson_righthand":{"rotation":[108.96,-90,42.1],"translation":[0,3,4.75],"scale":[0.47609,0.47609,0.47609]},"thirdperson_lefthand":{"rotation":[108.96,-90,42.1],"translation":[0,3,4.75],"scale":[0.47609,0.47609,0.47609]},"firstperson_righthand":{"rotation":[-13,130,0],"translation":[0,8,0],"scale":[0.86242,0.86242,0.86242]},"firstperson_lefthand":{"rotation":[-13,130,0],"translation":[0,8,0],"scale":[0.86242,0.86242,0.86242]},"ground":{"translation":[0,5.25,0],"scale":[0.91406,0.91406,0.91406]},"gui":{"rotation":[20,139,0],"translation":[2.75,8,0],"scale":[1.32344,1.32344,1.32344]},"head":{"translation":[0,-29.25,0],"scale":[1.75,1.75,1.75]},"fixed":{"rotation":[-90,0,0],"translation":[0,0,-18.75],"scale":[2.35,2.35,2.35]}}}