{"credit":"MadewithBlockbench","textures":{"0":"elitecreatures:underwater_furniture_v1/scrap","particle":"elitecreatures:underwater_furniture_v1/scrap"},"elements":[{"from":[-2.97626,0.125,-2.21626],"to":[18.02374,0.125,19],"rotation":{"angle":22.5,"axis":"y","origin":[6.52374,0,8.39187]},"faces":{"up":{"uv":[12,0,16,4],"texture":"#0"},"down":{"uv":[12,4,16,0],"texture":"#0"}}},{"from":[-11.61731,0.25,8.70868],"to":[-6.11731,0.25,13.20868],"rotation":{"angle":45,"axis":"y","origin":[-6.86731,0.25,7.95868]},"faces":{"up":{"uv":[1,11,3.5,9],"texture":"#0"},"down":{"uv":[3.5,9,1,11],"texture":"#0"}}},{"from":[13.26955,0.25,-1.97404],"to":[18.76955,0.25,2.52596],"rotation":{"angle":-22.5,"axis":"y","origin":[21.01955,0.25,7.27596]},"faces":{"up":{"uv":[3.5,11,1,9],"texture":"#0"},"down":{"uv":[3.5,9,1,11],"texture":"#0"}}},{"from":[9.63342,0.25,18.38535],"to":[15.13342,0.25,22.88535],"rotation":{"angle":22.5,"axis":"y","origin":[15.38342,0.25,18.63535]},"faces":{"up":{"uv":[3.5,11,1,9],"texture":"#0"},"down":{"uv":[3.5,9,1,11],"texture":"#0"}}}],"gui_light":"front","display":{"thirdperson_righthand":{"rotation":[90,0,0],"translation":[0.25,0.75,3],"scale":[0.17773,0.17773,0.17773]},"thirdperson_lefthand":{"rotation":[90,0,0],"translation":[0.25,0.75,3],"scale":[0.17773,0.17773,0.17773]},"firstperson_righthand":{"translation":[10.5,6.75,-4]},"firstperson_lefthand":{"translation":[10.5,6.75,-4]},"ground":{"translation":[0,3.5,0],"scale":[0.34961,0.34961,0.34961]},"gui":{"rotation":[-90,0,0],"translation":[0.5,-0.5,0],"scale":[0.47852,0.47852,0.47852]},"head":{"translation":[0,-35,0]},"fixed":{"rotation":[90,0,0],"translation":[1.5,1.75,7.5]}}}