{"credit":"MadewithBlockbench","texture_size":[48,48],"textures":{"0":"elitecreatures:underwater_furniture_v1/table_coral","particle":"elitecreatures:underwater_furniture_v1/table_coral"},"elements":[{"from":[6.75,0,6.75],"to":[9.25,8,9.25],"rotation":{"angle":0,"axis":"y","origin":[7,0,7]},"faces":{"north":{"uv":[3.83333,1.83333,4.66667,4.5],"texture":"#0"},"east":{"uv":[3.83333,1.83333,4.66667,4.5],"texture":"#0"},"south":{"uv":[3.83333,1.83333,4.66667,4.5],"texture":"#0"},"west":{"uv":[3.83333,1.83333,4.66667,4.5],"texture":"#0"},"down":{"uv":[4.66667,5.33333,3.83333,4.5],"texture":"#0"}}},{"from":[0.75,8,0.75],"to":[15.25,8,15.25],"rotation":{"angle":0,"axis":"y","origin":[7,0,7]},"faces":{"up":{"uv":[8,7.83333,0,0],"texture":"#0"},"down":{"uv":[8,0,0,7.83333],"texture":"#0"}}},{"from":[-0.1,3.75,3],"to":[7.15,3.75,10.5],"rotation":{"angle":-45,"axis":"y","origin":[2.15,5,8]},"faces":{"up":{"uv":[0,16,3,12.66667],"texture":"#0"},"down":{"uv":[0,12.66667,3,16],"texture":"#0"}}},{"from":[8.85,2.5,3],"to":[14.85,2.5,9.25],"rotation":{"angle":45,"axis":"y","origin":[13.85,5,8]},"faces":{"up":{"uv":[3,16,0,12.66667],"texture":"#0"},"down":{"uv":[3,12.66667,0,16],"texture":"#0"}}}],"gui_light":"front","display":{"thirdperson_righthand":{"rotation":[62,180,0],"translation":[0,2,4.5],"scale":[0.55422,0.55422,0.55422]},"thirdperson_lefthand":{"rotation":[62,180,0],"translation":[0,2,4.5],"scale":[0.55422,0.55422,0.55422]},"firstperson_righthand":{"rotation":[-13,130,0],"translation":[0,4.75,0],"scale":[0.61047,0.61047,0.61047]},"firstperson_lefthand":{"rotation":[-13,130,0],"translation":[0,4.75,0],"scale":[0.61047,0.61047,0.61047]},"ground":{"translation":[0,5.75,0],"scale":[0.70313,0.70313,0.70313]},"gui":{"rotation":[20,139,0],"translation":[-0.5,1.5,0],"scale":[0.79781,0.79781,0.79781]},"head":{"translation":[0,-24.25,0],"scale":[2.37,2.37,2.37]},"fixed":{"rotation":[-90,0,0],"translation":[0,0,-27],"scale":[3.38,3.38,3.38]}}}