{"credit":"MadewithBlockbench","texture_size":[32,32],"textures":{"0":"elitecreatures:underwater_furniture_v1/wood","particle":"elitecreatures:underwater_furniture_v1/wood"},"elements":[{"from":[-4.76,0.235,6.3296],"to":[20.76,1.765,9.6704],"rotation":{"angle":0,"axis":"y","origin":[8,1,8]},"faces":{"north":{"uv":[13.25,0,14,13],"rotation":90,"texture":"#0"},"east":{"uv":[14,13,16,13.75],"texture":"#0"},"south":{"uv":[13.25,0,14,13],"rotation":90,"texture":"#0"},"west":{"uv":[14,13,16,13.75],"texture":"#0"},"up":{"uv":[16,13,14,0],"rotation":90,"texture":"#0"},"down":{"uv":[14,13,16,0],"rotation":90,"texture":"#0"}}},{"from":[-4.76,0.235,10.3296],"to":[20.76,1.765,13.6704],"rotation":{"angle":0,"axis":"y","origin":[8,1,12]},"faces":{"north":{"uv":[13.25,0,14,13],"rotation":90,"texture":"#0"},"east":{"uv":[14,13,16,13.75],"texture":"#0"},"south":{"uv":[13.25,0,14,13],"rotation":90,"texture":"#0"},"west":{"uv":[14,13,16,13.75],"texture":"#0"},"up":{"uv":[14,0,16,13],"rotation":90,"texture":"#0"},"down":{"uv":[16,0,14,13],"rotation":90,"texture":"#0"}}},{"from":[-4.76,0.235,14.3296],"to":[20.76,1.765,17.6704],"rotation":{"angle":0,"axis":"y","origin":[8,1,16]},"faces":{"north":{"uv":[13.25,0,14,13],"rotation":90,"texture":"#0"},"east":{"uv":[14,13,16,13.75],"texture":"#0"},"south":{"uv":[13.25,0,14,13],"rotation":90,"texture":"#0"},"west":{"uv":[14,13,16,13.75],"texture":"#0"},"up":{"uv":[14,0,16,13],"rotation":90,"texture":"#0"},"down":{"uv":[16,0,14,13],"rotation":90,"texture":"#0"}}},{"from":[-4.76,0.235,2.3296],"to":[20.76,1.765,5.6704],"rotation":{"angle":0,"axis":"y","origin":[8,1,4]},"faces":{"north":{"uv":[13.25,13,14,0],"rotation":90,"texture":"#0"},"east":{"uv":[16,13,14,13.75],"texture":"#0"},"south":{"uv":[13.25,13,14,0],"rotation":90,"texture":"#0"},"west":{"uv":[16,13,14,13.75],"texture":"#0"},"up":{"uv":[16,0,14,13],"rotation":90,"texture":"#0"},"down":{"uv":[14,0,16,13],"rotation":90,"texture":"#0"}}},{"from":[-4.51,1.735,4.3296],"to":[20.51,3.265,7.6704],"rotation":{"angle":0,"axis":"y","origin":[8,2.5,6]},"faces":{"north":{"uv":[13.25,13,14,0],"rotation":90,"texture":"#0"},"east":{"uv":[16,13,14,13.75],"texture":"#0"},"south":{"uv":[13.25,13,14,0],"rotation":90,"texture":"#0"},"west":{"uv":[16,13,14,13.75],"texture":"#0"},"up":{"uv":[16,0,14,13],"rotation":90,"texture":"#0"},"down":{"uv":[14,0,16,13],"rotation":90,"texture":"#0"}}},{"from":[-4.01,1.735,8.3296],"to":[20.01,3.265,11.6704],"rotation":{"angle":0,"axis":"y","origin":[8,2.5,10]},"faces":{"north":{"uv":[13.25,13,14,0],"rotation":90,"texture":"#0"},"east":{"uv":[16,13,14,13.75],"texture":"#0"},"south":{"uv":[13.25,13,14,0],"rotation":90,"texture":"#0"},"west":{"uv":[16,13,14,13.75],"texture":"#0"},"up":{"uv":[16,0,14,13],"rotation":90,"texture":"#0"},"down":{"uv":[14,0,16,13],"rotation":90,"texture":"#0"}}},{"from":[-4.26,1.735,12.3296],"to":[20.26,3.265,15.6704],"rotation":{"angle":0,"axis":"y","origin":[8,2.5,14]},"faces":{"north":{"uv":[13.25,13,14,0],"rotation":90,"texture":"#0"},"east":{"uv":[16,13,14,13.75],"texture":"#0"},"south":{"uv":[13.25,13,14,0],"rotation":90,"texture":"#0"},"west":{"uv":[16,13,14,13.75],"texture":"#0"},"up":{"uv":[16,0,14,13],"rotation":90,"texture":"#0"},"down":{"uv":[14,0,16,13],"rotation":90,"texture":"#0"}}}],"gui_light":"front","display":{"thirdperson_righthand":{"translation":[0,1.5,2.25],"scale":[0.21484,0.21484,0.21484]},"thirdperson_lefthand":{"translation":[0,1.5,2.25],"scale":[0.21484,0.21484,0.21484]},"firstperson_righthand":{"translation":[1,5.5,0],"scale":[0.54297,0.54297,0.54297]},"firstperson_lefthand":{"translation":[1,5.5,0],"scale":[0.54297,0.54297,0.54297]},"ground":{"translation":[0,4.25,0],"scale":[0.35938,0.35938,0.35938]},"gui":{"rotation":[8,29,0],"translation":[-0.5,2.75,0],"scale":[0.49805,0.49805,0.49805]},"head":{"translation":[0,-26.75,-4],"scale":[2.10742,2.10742,2.10742]},"fixed":{"rotation":[-90,0,0],"translation":[0,-4.25,-16.25],"scale":[2.10742,2.10742,2.10742]}}}