{"credit":"MadewithBlockbench","textures":{"0":"elitecreatures:underwater_furniture_v1/wood","particle":"elitecreatures:underwater_furniture_v1/wood"},"elements":[{"from":[-4.76,1.235,5.3296],"to":[20.76,2.765,8.6704],"rotation":{"angle":45,"axis":"y","origin":[8,2,7]},"faces":{"north":{"uv":[13.25,0,14,13],"rotation":90,"texture":"#0"},"east":{"uv":[14,13,16,13.75],"texture":"#0"},"south":{"uv":[13.25,0,14,13],"rotation":90,"texture":"#0"},"west":{"uv":[14,13,16,13.75],"texture":"#0"},"up":{"uv":[14,0,16,13],"rotation":90,"texture":"#0"},"down":{"uv":[16,0,14,13],"rotation":90,"texture":"#0"}}},{"from":[-4.76,0.235,10.3296],"to":[20.76,1.765,13.6704],"rotation":{"angle":-22.5,"axis":"y","origin":[8,1,12]},"faces":{"north":{"uv":[13.25,0,14,13],"rotation":90,"texture":"#0"},"east":{"uv":[14,13,16,13.75],"texture":"#0"},"south":{"uv":[13.25,0,14,13],"rotation":90,"texture":"#0"},"west":{"uv":[14,13,16,13.75],"texture":"#0"},"up":{"uv":[14,0,16,13],"rotation":90,"texture":"#0"},"down":{"uv":[16,0,14,13],"rotation":90,"texture":"#0"}}},{"from":[-4.76,0.235,0.3296],"to":[20.76,1.765,3.6704],"rotation":{"angle":0,"axis":"y","origin":[8,1,2]},"faces":{"north":{"uv":[13.25,13,14,0],"rotation":90,"texture":"#0"},"east":{"uv":[16,13,14,13.75],"texture":"#0"},"south":{"uv":[13.25,13,14,0],"rotation":90,"texture":"#0"},"west":{"uv":[16,13,14,13.75],"texture":"#0"},"up":{"uv":[16,0,14,13],"rotation":90,"texture":"#0"},"down":{"uv":[14,0,16,13],"rotation":90,"texture":"#0"}}}],"display":{"thirdperson_righthand":{"translation":[0,1.5,2.25],"scale":[0.21484,0.21484,0.21484]},"thirdperson_lefthand":{"translation":[0,1.5,2.25],"scale":[0.21484,0.21484,0.21484]},"firstperson_righthand":{"translation":[1,5.5,0],"scale":[0.54297,0.54297,0.54297]},"firstperson_lefthand":{"translation":[1,5.5,0],"scale":[0.54297,0.54297,0.54297]},"ground":{"translation":[0,4.25,0],"scale":[0.35938,0.35938,0.35938]},"gui":{"rotation":[8,29,0],"translation":[0,2.75,0],"scale":[0.49805,0.49805,0.49805]},"head":{"translation":[0,-26.75,-4],"scale":[2.10742,2.10742,2.10742]},"fixed":{"rotation":[-90,0,0],"translation":[0,-4.25,-16.25],"scale":[2.10742,2.10742,2.10742]}}}