{"credit":"MadewithBlockbench","textures":{"0":"elitecreatures:underwater_furniture_v1/wooden_ruins","1":"elitecreatures:underwater_furniture_v1/seagrass","particle":"elitecreatures:underwater_furniture_v1/wooden_ruins"},"elements":[{"from":[10.67488,1.6408,3.776],"to":[11.224,7.3432,12.224],"rotation":{"angle":0,"axis":"y","origin":[7,2.1688,8]},"faces":{"north":{"uv":[12,10.25,12.25,12],"texture":"#0"},"east":{"uv":[12,10.25,16,12],"texture":"#0"},"south":{"uv":[12,10.25,12.25,12],"texture":"#0"},"west":{"uv":[16,10.25,12,12],"texture":"#0"},"up":{"uv":[16,10.5,12,10.25],"rotation":90,"texture":"#0"},"down":{"uv":[16,12,12,16],"texture":"#0"}}},{"from":[10.67488,7.3432,9.56288],"to":[11.224,10.5112,12.224],"rotation":{"angle":0,"axis":"y","origin":[7,7.8712,8]},"faces":{"north":{"uv":[12,8.5,12.25,10.25],"texture":"#0"},"east":{"uv":[12,8.5,13.25,10.25],"texture":"#0"},"south":{"uv":[12,8.5,12.25,10.25],"texture":"#0"},"west":{"uv":[13.25,8.5,12,10.25],"texture":"#0"},"up":{"uv":[13.25,8.75,12,8.5],"rotation":90,"texture":"#0"},"down":{"uv":[16,12,12,16],"texture":"#0"}}},{"from":[10.67488,7.3432,3.776],"to":[11.224,11.356,6.43712],"rotation":{"angle":0,"axis":"y","origin":[7,7.8712,8]},"faces":{"north":{"uv":[15,8,14.75,10.25],"texture":"#0"},"east":{"uv":[16,8,14.75,10.25],"texture":"#0"},"south":{"uv":[16,8,15.75,10.25],"texture":"#0"},"west":{"uv":[16,8,14.75,10.25],"texture":"#0"},"up":{"uv":[16,8.25,14.75,8],"rotation":90,"texture":"#0"},"down":{"uv":[16,16,12,12],"texture":"#0"}}},{"from":[10.67488,7.3432,7.472],"to":[11.224,9.6664,9.056],"rotation":{"angle":0,"axis":"y","origin":[10.94944,8.5048,8.264]},"faces":{"north":{"uv":[14.25,9,14,10.25],"texture":"#0"},"east":{"uv":[13.5,9,14.25,10.25],"texture":"#0"},"south":{"uv":[13.75,9,13.5,10.25],"texture":"#0"},"west":{"uv":[14.25,9,13.5,10.25],"texture":"#0"},"up":{"uv":[14.25,9.25,13.5,9],"texture":"#0"},"down":{"uv":[16,16,12,12],"texture":"#0"}}},{"from":[2.776,7.3432,3.776],"to":[3.32512,10.5112,6.43712],"rotation":{"angle":0,"axis":"y","origin":[7,7.8712,8]},"faces":{"north":{"uv":[12,8.5,12.25,10.25],"texture":"#0"},"east":{"uv":[12,8.5,13.25,10.25],"texture":"#0"},"south":{"uv":[12,8.5,12.25,10.25],"texture":"#0"},"west":{"uv":[12,8.5,13.25,10.25],"texture":"#0"},"up":{"uv":[12,8.5,13.25,8.75],"rotation":90,"texture":"#0"},"down":{"uv":[12,16,16,12],"texture":"#0"}}},{"from":[2.776,7.3432,6.944],"to":[3.32512,9.6664,8.528],"rotation":{"angle":0,"axis":"y","origin":[3.05056,8.5048,7.736]},"faces":{"north":{"uv":[13.75,9,13.5,10.25],"texture":"#0"},"east":{"uv":[14.25,9,13.5,10.25],"texture":"#0"},"south":{"uv":[14.25,9,14,10.25],"texture":"#0"},"west":{"uv":[13.5,9,14.25,10.25],"texture":"#0"},"up":{"uv":[13.5,9,14.25,9.25],"texture":"#0"},"down":{"uv":[12,12,16,16],"texture":"#0"}}},{"from":[2.776,7.3432,9.56288],"to":[3.32512,11.356,12.224],"rotation":{"angle":0,"axis":"y","origin":[7,7.8712,8]},"faces":{"north":{"uv":[16,8,15.75,10.25],"texture":"#0"},"east":{"uv":[16,8,14.75,10.25],"texture":"#0"},"south":{"uv":[15,8,14.75,10.25],"texture":"#0"},"west":{"uv":[16,8,14.75,10.25],"texture":"#0"},"up":{"uv":[14.75,8,16,8.25],"rotation":90,"texture":"#0"},"down":{"uv":[12,12,16,16],"texture":"#0"}}},{"from":[2.776,1.6408,3.776],"to":[3.32512,7.3432,12.224],"rotation":{"angle":0,"axis":"y","origin":[7,2.1688,8]},"faces":{"north":{"uv":[12.25,10.25,12,12],"texture":"#0"},"east":{"uv":[16,10.25,12,12],"texture":"#0"},"south":{"uv":[12.25,10.25,12,12],"texture":"#0"},"west":{"uv":[12,10.25,16,12],"texture":"#0"},"up":{"uv":[12,10.5,16,10.25],"rotation":90,"texture":"#0"},"down":{"uv":[12,12,16,16],"texture":"#0"}}},{"from":[3.32512,1.6408,11.67488],"to":[10.67488,7.3432,12.224],"rotation":{"angle":0,"axis":"y","origin":[7,2.1688,8]},"faces":{"north":{"uv":[15.75,10.25,12.25,12],"texture":"#0"},"east":{"uv":[12.25,10.25,12.5,12],"texture":"#0"},"south":{"uv":[12.25,10.25,15.75,12],"texture":"#0"},"west":{"uv":[12.25,10.25,12.5,12],"texture":"#0"},"up":{"uv":[15.75,10.5,12.25,10.25],"rotation":180,"texture":"#0"},"down":{"uv":[16,12,12,16],"rotation":270,"texture":"#0"}}},{"from":[8.01376,7.3432,11.67488],"to":[10.67488,10.5112,12.224],"rotation":{"angle":0,"axis":"y","origin":[12.23776,7.8712,8]},"faces":{"north":{"uv":[12,8.5,13.25,10.25],"texture":"#0"},"east":{"uv":[12,8.5,12.25,10.25],"texture":"#0"},"south":{"uv":[13.25,8.5,12,10.25],"texture":"#0"},"west":{"uv":[12,8.5,12.25,10.25],"texture":"#0"},"up":{"uv":[12,8.75,13.25,8.5],"rotation":180,"texture":"#0"},"down":{"uv":[16,12,12,16],"rotation":270,"texture":"#0"}}},{"from":[3.32512,7.3432,11.67488],"to":[5.98624,11.356,12.224],"rotation":{"angle":0,"axis":"y","origin":[1.76224,7.8712,8]},"faces":{"north":{"uv":[13.5,8,12.25,10.25],"texture":"#0"},"east":{"uv":[12.5,8,12.25,10.25],"texture":"#0"},"south":{"uv":[13.5,8,12.25,10.25],"texture":"#0"},"west":{"uv":[13.5,8,13.25,10.25],"texture":"#0"},"up":{"uv":[12.25,8,13.5,8.25],"texture":"#0"},"down":{"uv":[12,12,16,16],"rotation":90,"texture":"#0"}}},{"from":[3.32512,7.3432,3.776],"to":[5.98624,11.356,4.32512],"rotation":{"angle":0,"axis":"y","origin":[1.76224,7.8712,8]},"faces":{"north":{"uv":[12.25,8,13.5,10.25],"texture":"#0"},"east":{"uv":[12.25,8,12.5,10.25],"texture":"#0"},"south":{"uv":[12.25,8,13.5,10.25],"texture":"#0"},"west":{"uv":[13.25,8,13.5,10.25],"texture":"#0"},"up":{"uv":[12.25,8.25,13.5,8],"texture":"#0"},"down":{"uv":[16,12,12,16],"rotation":90,"texture":"#0"}}},{"from":[8.01376,7.3432,3.776],"to":[10.67488,10.5112,4.32512],"rotation":{"angle":0,"axis":"y","origin":[12.23776,7.8712,8]},"faces":{"north":{"uv":[12,8.5,13.25,10.25],"texture":"#0"},"east":{"uv":[12.25,8.5,12,10.25],"texture":"#0"},"south":{"uv":[13.25,8.5,12,10.25],"texture":"#0"},"west":{"uv":[12.25,8.5,12,10.25],"texture":"#0"},"up":{"uv":[12,8.5,13.25,8.75],"rotation":180,"texture":"#0"},"down":{"uv":[12,12,16,16],"rotation":270,"texture":"#0"}}},{"from":[3.32512,1.6408,3.776],"to":[10.67488,7.3432,4.32512],"rotation":{"angle":0,"axis":"y","origin":[7,2.1688,8]},"faces":{"north":{"uv":[15.75,10.25,12.25,12],"texture":"#0"},"east":{"uv":[12.5,10.25,12.25,12],"texture":"#0"},"south":{"uv":[12.25,10.25,15.75,12],"texture":"#0"},"west":{"uv":[12.5,10.25,12.25,12],"texture":"#0"},"up":{"uv":[15.75,10.25,12.25,10.5],"rotation":180,"texture":"#0"},"down":{"uv":[12,12,16,16],"rotation":270,"texture":"#0"}}},{"from":[2.776,1.0072,3.776],"to":[11.224,1.6408,12.224],"rotation":{"angle":0,"axis":"y","origin":[7,1.5352,8]},"faces":{"north":{"uv":[12,12,16,12.25],"texture":"#0"},"east":{"uv":[12,12,12.25,16],"rotation":90,"texture":"#0"},"south":{"uv":[12,12,12.25,16],"rotation":90,"texture":"#0"},"west":{"uv":[12,12,16,12.25],"texture":"#0"},"up":{"uv":[16,12,12,16],"texture":"#0"},"down":{"uv":[16,12,12,16],"texture":"#0"}}},{"from":[6.25,0,0],"to":[9.75,1.25,16],"rotation":{"angle":0,"axis":"y","origin":[8,0.625,8]},"faces":{"north":{"uv":[3,13.75,3.75,16],"rotation":90,"texture":"#0"},"east":{"uv":[2.25,16,3,8],"rotation":90,"texture":"#0"},"south":{"uv":[3,13.75,3.75,16],"rotation":90,"texture":"#0"},"west":{"uv":[2.25,8,3,16],"rotation":90,"texture":"#0"},"up":{"uv":[2.25,16,0,8],"texture":"#0"},"down":{"uv":[2.25,0,0,8],"texture":"#0"}}},{"from":[10,0,1],"to":[13.5,1.15,15],"rotation":{"angle":22.5,"axis":"y","origin":[8,0.625,8]},"faces":{"north":{"uv":[3,13.75,3.75,16],"rotation":90,"texture":"#0"},"east":{"uv":[2.25,16,3,8],"rotation":90,"texture":"#0"},"south":{"uv":[3,13.75,3.75,16],"rotation":90,"texture":"#0"},"west":{"uv":[2.25,8,3,16],"rotation":90,"texture":"#0"},"up":{"uv":[2.25,16,0,8],"texture":"#0"},"down":{"uv":[2.25,0,0,8],"texture":"#0"}}},{"from":[2.5,0,0.75],"to":[6,1.15,15.5],"rotation":{"angle":22.5,"axis":"y","origin":[8,0.625,8]},"faces":{"north":{"uv":[3,13.75,3.75,16],"rotation":90,"texture":"#0"},"east":{"uv":[2.25,16,3,8],"rotation":90,"texture":"#0"},"south":{"uv":[3,13.75,3.75,16],"rotation":90,"texture":"#0"},"west":{"uv":[2.25,8,3,16],"rotation":90,"texture":"#0"},"up":{"uv":[2.25,16,0,8],"texture":"#0"},"down":{"uv":[2.25,0,0,8],"texture":"#0"}}},{"from":[1.5,0,-1.25],"to":[5,1.4,13.5],"rotation":{"angle":-22.5,"axis":"y","origin":[-0.75,0.575,8.125]},"faces":{"north":{"uv":[3,13.75,3.75,16],"rotation":90,"texture":"#0"},"east":{"uv":[2.25,16,3,8],"rotation":90,"texture":"#0"},"south":{"uv":[3,13.75,3.75,16],"rotation":90,"texture":"#0"},"west":{"uv":[2.25,8,3,16],"rotation":90,"texture":"#0"},"up":{"uv":[2.25,16,0,8],"texture":"#0"},"down":{"uv":[2.25,0,0,8],"texture":"#0"}}},{"from":[2.04945,1.51686,5],"to":[2.04945,6.91686,12],"rotation":{"angle":22.5,"axis":"z","origin":[3.69945,3.01686,4.75]},"faces":{"north":{"uv":[0,0,0,0],"rotation":90,"texture":"#1"},"east":{"uv":[16,0,0,16],"texture":"#1"},"south":{"uv":[0,0,0,0],"rotation":90,"texture":"#1"},"west":{"uv":[0,0,16,16],"texture":"#1"},"up":{"uv":[0,0,0,0],"texture":"#1"},"down":{"uv":[0,0,0,0],"texture":"#1"}}},{"from":[3.21583,0.34409,2.25],"to":[10.21583,5.74409,2.25],"rotation":{"angle":-22.5,"axis":"x","origin":[6.71583,3.04409,2.25]},"faces":{"north":{"uv":[0,0,16,16],"texture":"#1"},"east":{"uv":[0,0,0,0],"rotation":90,"texture":"#1"},"south":{"uv":[16,0,0,16],"texture":"#1"},"west":{"uv":[0,0,0,0],"rotation":90,"texture":"#1"},"up":{"uv":[0,0,0,0],"rotation":90,"texture":"#1"},"down":{"uv":[0,0,0,0],"rotation":270,"texture":"#1"}}}],"gui_light":"front","display":{"thirdperson_righthand":{"translation":[0,1.5,2.25],"scale":[0.21484,0.21484,0.21484]},"thirdperson_lefthand":{"translation":[0,1.5,2.25],"scale":[0.21484,0.21484,0.21484]},"firstperson_righthand":{"translation":[1,5.5,0],"scale":[0.54297,0.54297,0.54297]},"firstperson_lefthand":{"translation":[1,5.5,0],"scale":[0.54297,0.54297,0.54297]},"ground":{"translation":[0,4.25,0],"scale":[0.35938,0.35938,0.35938]},"gui":{"rotation":[20,139,0],"translation":[0,0.75,0],"scale":[0.65,0.65,0.65]},"head":{"translation":[3,-24.5,1],"scale":[2.33594,2.33594,2.33594]},"fixed":{"rotation":[-90,0,0],"translation":[0,0,-27.25],"scale":[3.38,3.38,3.38]}}}