{"textures":{"0":"modelengine:entity/ghastling_2"},"elements":[{"name":"cube","from":[3.1999998,7.4,-1.6000004],"to":[12.8,12.2,-1.6000004],"rotation":{"angle":0.0,"axis":"x","origin":[8.0,-4.0000005,3.1999998]},"faces":{"down":{"uv":[2.0,0.0,0.0,0.0],"rotation":0,"texture":"#0","tintindex":0},"east":{"uv":[0.0,0.0,0.0,1.0],"rotation":0,"texture":"#0","tintindex":0},"north":{"uv":[2.0,5.25,4.0,6.25],"rotation":0,"texture":"#0","tintindex":0},"south":{"uv":[6.0,0.0,8.0,1.0],"rotation":0,"texture":"#0","tintindex":0},"up":{"uv":[2.0,0.0,0.0,0.0],"rotation":0,"texture":"#0","tintindex":0},"west":{"uv":[0.0,0.0,0.0,1.0],"rotation":0,"texture":"#0","tintindex":0}}},{"name":"cube","from":[3.1999998,7.4,8.0],"to":[12.8,12.2,8.0],"rotation":{"angle":0.0,"axis":"x","origin":[8.0,-4.0000005,3.1999998]},"faces":{"down":{"uv":[2.0,0.0,0.0,0.0],"rotation":0,"texture":"#0","tintindex":0},"east":{"uv":[0.0,0.0,0.0,1.0],"rotation":0,"texture":"#0","tintindex":0},"north":{"uv":[6.0,1.0,8.0,2.0],"rotation":0,"texture":"#0","tintindex":0},"south":{"uv":[6.0,2.0,8.0,3.0],"rotation":0,"texture":"#0","tintindex":0},"up":{"uv":[2.0,0.0,0.0,0.0],"rotation":0,"texture":"#0","tintindex":0},"west":{"uv":[0.0,0.0,0.0,1.0],"rotation":0,"texture":"#0","tintindex":0}}},{"name":"cube","from":[12.8,7.4,-1.6000004],"to":[12.8,12.2,8.0],"rotation":{"angle":0.0,"axis":"x","origin":[8.0,-4.0000005,3.1999998]},"faces":{"down":{"uv":[0.0,0.0,0.0,2.0],"rotation":0,"texture":"#0","tintindex":0},"east":{"uv":[6.0,3.0,8.0,4.0],"rotation":0,"texture":"#0","tintindex":0},"north":{"uv":[0.0,0.0,0.0,1.0],"rotation":0,"texture":"#0","tintindex":0},"south":{"uv":[0.0,0.0,0.0,1.0],"rotation":0,"texture":"#0","tintindex":0},"up":{"uv":[0.0,2.0,0.0,0.0],"rotation":0,"texture":"#0","tintindex":0},"west":{"uv":[6.0,4.0,8.0,5.0],"rotation":0,"texture":"#0","tintindex":0}}},{"name":"cube","from":[3.1999998,7.4,-1.6000004],"to":[3.1999998,12.2,8.0],"rotation":{"angle":0.0,"axis":"x","origin":[8.0,-4.0000005,3.1999998]},"faces":{"down":{"uv":[0.0,0.0,0.0,2.0],"rotation":0,"texture":"#0","tintindex":0},"east":{"uv":[6.0,5.0,8.0,6.0],"rotation":0,"texture":"#0","tintindex":0},"north":{"uv":[0.0,0.0,0.0,1.0],"rotation":0,"texture":"#0","tintindex":0},"south":{"uv":[0.0,0.0,0.0,1.0],"rotation":0,"texture":"#0","tintindex":0},"up":{"uv":[0.0,2.0,0.0,0.0],"rotation":0,"texture":"#0","tintindex":0},"west":{"uv":[6.0,6.0,8.0,7.0],"rotation":0,"texture":"#0","tintindex":0}}},{"name":"cube","from":[3.1999998,9.8,-1.6000004],"to":[12.8,12.2,8.0],"rotation":{"angle":0.0,"axis":"x","origin":[8.0,-4.0000005,3.1999998]},"faces":{"down":{"uv":[4.0,2.0,2.0,4.0],"rotation":0,"texture":"#0","tintindex":0},"east":{"uv":[14.0,2.125,16.0,2.5],"rotation":0,"texture":"#0","tintindex":0},"north":{"uv":[8.625,0.0,10.625,0.5],"rotation":0,"texture":"#0","tintindex":0},"south":{"uv":[9.0,1.625,11.0,2.125],"rotation":0,"texture":"#0","tintindex":0},"up":{"uv":[4.0,2.0,2.0,0.0],"rotation":0,"texture":"#0","tintindex":0},"west":{"uv":[8.625,0.0,10.625,0.5],"rotation":0,"texture":"#0","tintindex":0}}}],"display":{"head":{"translation":[0.0,-6.4,0.0],"rotation":[0.0,0.0,0.0],"scale":[3.8095,3.8095,3.8095]}}}