{"textures":{"0":"modelengine:entity/blaze_king"},"elements":[{"from":[7.142857,4.0,7.142857],"to":[8.857143,12.0,8.857143],"rotation":{"angle":0.0,"axis":"y","origin":[8.0,8.0,8.0]},"faces":{"east":{"uv":[2.1875,5.25,2.375,6.125],"rotation":0,"texture":"#0","tintindex":0},"south":{"uv":[2.4375,5.25,2.625,6.125],"rotation":0,"texture":"#0","tintindex":0},"north":{"uv":[2.4375,5.25,2.625,6.125],"rotation":0,"texture":"#0","tintindex":0},"west":{"uv":[2.1875,5.25,2.375,6.125],"rotation":0,"texture":"#0","tintindex":0},"up":{"uv":[6.5,6.75,6.3125,6.5625],"rotation":90,"texture":"#0","tintindex":0},"down":{"uv":[6.75,6.5625,6.5625,6.75],"rotation":270,"texture":"#0","tintindex":0}}}],"display":{"head":{"translation":[0.0,-6.4,0.0],"scale":[4.0,4.0,4.0]}}}