{"textures":{"0":"modelengine:entity/blaze_king","2":"modelengine:entity/arm_fire_a"},"elements":[{"from":[6.2098823,2.5601063,6.3207793],"to":[10.209883,8.274392,10.292208],"rotation":{"angle":0.0,"axis":"y","origin":[8.209883,5.417249,8.306494]},"faces":{"east":{"uv":[2.0,4.5625,2.4375,5.1875],"rotation":0,"texture":"#0","tintindex":0},"south":{"uv":[2.5,4.5625,2.9375,5.1875],"rotation":0,"texture":"#0","tintindex":0},"north":{"uv":[3.0,4.0625,3.4375,4.6875],"rotation":0,"texture":"#0","tintindex":0},"west":{"uv":[3.5,4.5625,3.9375,5.1875],"rotation":0,"texture":"#0","tintindex":0},"up":{"uv":[5.5,5.4375,5.0625,5.0],"rotation":0,"texture":"#0","tintindex":0},"down":{"uv":[5.5625,0.0,5.125,0.4375],"rotation":0,"texture":"#0","tintindex":0}}},{"from":[5.6384535,4.274392,5.7350645],"to":[10.781311,7.131535,10.877922],"rotation":{"angle":0.0,"axis":"y","origin":[8.209883,5.702964,8.306494]},"faces":{"east":{"uv":[1.0625,5.1875,1.625,5.5],"rotation":0,"texture":"#0","tintindex":0},"south":{"uv":[1.0625,5.1875,1.625,5.5],"rotation":0,"texture":"#0","tintindex":0},"north":{"uv":[1.0625,5.1875,1.625,5.5],"rotation":0,"texture":"#0","tintindex":0},"west":{"uv":[1.0625,5.1875,1.625,5.5],"rotation":0,"texture":"#0","tintindex":0},"up":{"uv":[1.3125,5.0,0.75,4.4375],"rotation":0,"texture":"#0","tintindex":0},"down":{"uv":[1.3125,5.0,0.75,4.4375],"rotation":0,"texture":"#0","tintindex":0}}},{"from":[1.9030218,2.95994,8.306494],"to":[8.188736,17.817083,8.306494],"rotation":{"angle":0.0,"axis":"y","origin":[5.045879,10.388512,8.306494]},"faces":{"east":{"uv":[0.0,0.0,0.0,13.0],"rotation":0,"texture":"#2","tintindex":0},"south":{"uv":[5.5,0.0,11.0,13.0],"rotation":0,"texture":"#2","tintindex":0},"north":{"uv":[11.0,0.0,5.5,13.0],"rotation":0,"texture":"#2","tintindex":0},"west":{"uv":[0.0,0.0,0.0,13.0],"rotation":0,"texture":"#2","tintindex":0},"up":{"uv":[5.5,0.0,0.0,0.0],"rotation":0,"texture":"#2","tintindex":0},"down":{"uv":[5.5,0.0,0.0,0.0],"rotation":0,"texture":"#2","tintindex":0}}}],"display":{"head":{"translation":[0.0,-6.4,0.0],"scale":[4.0,4.0,4.0]}}}