{"sources":[{"source":"entity","prefix":"entity/","type":"directory"},{"resource":"newyeartaste:block/large_fireworks","sprite":"newyeartaste:block/large_fireworks","type":"single"},{"resource":"newyeartaste:block/large_fireworks_2","sprite":"newyeartaste:block/large_fireworks_2","type":"single"},{"resource":"newyeartaste:block/ultimate_fireworks","sprite":"newyeartaste:block/ultimate_fireworks","type":"single"},{"resource":"minecraft:custom/cosmetics/new_year/sparkler","sprite":"minecraft:custom/cosmetics/new_year/sparkler","type":"single"}]}