{"textures":{"0":"modelengine:entity/1","1":"modelengine:entity/0"},"elements":[{"name":"cube","from":[6.8,6.26,3.7999997],"to":[9.2,7.46,6.2],"rotation":{"angle":0.0,"axis":"x","origin":[3.1999998,6.2,3.1999998]},"faces":{"down":{"uv":[4.0,4.0,0.0,8.0],"rotation":0,"texture":"#0","tintindex":0},"east":{"uv":[7.0,0.0,11.0,2.0],"rotation":0,"texture":"#0","tintindex":0},"north":{"uv":[4.0,6.0,8.0,8.0],"rotation":0,"texture":"#0","tintindex":0},"south":{"uv":[7.0,2.0,11.0,4.0],"rotation":0,"texture":"#0","tintindex":0},"up":{"uv":[4.0,4.0,0.0,0.0],"rotation":0,"texture":"#0","tintindex":0},"west":{"uv":[7.0,4.0,11.0,6.0],"rotation":0,"texture":"#0","tintindex":0}}},{"name":"cube","from":[7.1,7.46,4.1],"to":[8.9,8.66,5.8999996],"rotation":{"angle":0.0,"axis":"x","origin":[8.0,8.0,8.0]},"faces":{"down":{"uv":[7.0,3.0,4.0,6.0],"rotation":0,"texture":"#0","tintindex":0},"east":{"uv":[3.0,8.0,6.0,10.0],"rotation":0,"texture":"#0","tintindex":0},"north":{"uv":[0.0,8.0,3.0,10.0],"rotation":0,"texture":"#0","tintindex":0},"south":{"uv":[6.0,8.0,9.0,10.0],"rotation":0,"texture":"#0","tintindex":0},"up":{"uv":[7.0,3.0,4.0,0.0],"rotation":0,"texture":"#0","tintindex":0},"west":{"uv":[8.0,6.0,11.0,8.0],"rotation":0,"texture":"#0","tintindex":0}}}],"display":{"head":{"translation":[0.0,-6.4,0.0],"rotation":[0.0,0.0,0.0],"scale":[3.8095,3.8095,3.8095]}}}