{"credit":"MadewithBlockbench","texture_size":[64,64],"textures":{"0":"elitecreatures:wine_decoration_v1/wine_sign","particle":"elitecreatures:wine_decoration_v1/wine_sign"},"elements":[{"name":"Chain?","from":[0,12,8],"to":[2,28,8],"rotation":{"angle":0,"axis":"y","origin":[16,18,7]},"faces":{"north":{"uv":[0,7.75,0.625,12.75],"texture":"#0"},"east":{"uv":[0,0,0,3],"texture":"#0"},"south":{"uv":[0,7.75,0.625,12.75],"texture":"#0"},"west":{"uv":[0,0,0,3],"texture":"#0"},"up":{"uv":[0,0.5,0,0],"rotation":90,"texture":"#0"},"down":{"uv":[0,0,0,0.5],"rotation":270,"texture":"#0"}}},{"name":"Chain?","from":[14,12,8],"to":[16,28,8],"rotation":{"angle":0,"axis":"y","origin":[16,18,7]},"faces":{"north":{"uv":[0,7.75,0.625,12.75],"texture":"#0"},"east":{"uv":[0,0,0,3],"texture":"#0"},"south":{"uv":[0,7.75,0.625,12.75],"texture":"#0"},"west":{"uv":[0,0,0,3],"texture":"#0"},"up":{"uv":[0,0.5,0,0],"rotation":90,"texture":"#0"},"down":{"uv":[0,0,0,0.5],"rotation":270,"texture":"#0"}}},{"name":"board","from":[-4,0,7],"to":[20,12,9],"faces":{"north":{"uv":[8.625,9.875,14.625,12.875],"texture":"#0"},"east":{"uv":[9,2,9.5,5],"texture":"#0"},"south":{"uv":[8.625,6.75,14.625,9.75],"texture":"#0"},"west":{"uv":[9,2,9.5,5],"texture":"#0"},"up":{"uv":[15,1.75,9,1.25],"texture":"#0"},"down":{"uv":[15,0,9,0.5],"texture":"#0"}}},{"name":"board","from":[20,1,7],"to":[22,11,9],"faces":{"north":{"uv":[8.125,10.125,8.625,12.625],"texture":"#0"},"east":{"uv":[9.625,2,10.125,4.5],"texture":"#0"},"south":{"uv":[14.625,7,15.125,9.5],"texture":"#0"},"west":{"uv":[9.625,2,10.125,4.5],"texture":"#0"},"up":{"uv":[10.75,2.5,10.25,2],"texture":"#0"},"down":{"uv":[10.75,2.625,10.25,3.125],"texture":"#0"}}},{"name":"board","from":[-6,1,7],"to":[-4,11,9],"faces":{"north":{"uv":[15.125,12.625,14.625,10.125],"rotation":180,"texture":"#0"},"south":{"uv":[8.125,7,8.625,9.5],"texture":"#0"},"west":{"uv":[9.625,2,10.125,4.5],"rotation":180,"texture":"#0"},"up":{"uv":[10.75,2.5,10.25,2],"texture":"#0"},"down":{"uv":[10.25,3.125,10.75,2.625],"texture":"#0"}}}],"gui_light":"front","display":{"thirdperson_righthand":{"rotation":[66,-180,0],"translation":[0,-3.25,-3],"scale":[0.23828,0.23828,0.23828]},"thirdperson_lefthand":{"rotation":[66,-180,0],"translation":[0,-3.25,-3],"scale":[0.23828,0.23828,0.23828]},"firstperson_righthand":{"translation":[3,1,-2.75],"scale":[0.43164,0.43164,0.43164]},"firstperson_lefthand":{"translation":[3,1,-2.75],"scale":[0.43164,0.43164,0.43164]},"ground":{"translation":[0,5.25,0],"scale":[0.32031,0.32031,0.32031]},"gui":{"rotation":[23,-45,0],"translation":[0,-2.25,0],"scale":[0.47851,0.47851,0.47851]},"head":{"rotation":[0,-180,0],"translation":[0,15.25,0],"scale":[0,0,0]},"fixed":{"rotation":[90,-180,0],"translation":[0,0,-40],"scale":[2,2,2]}}}