{"credit":"MadewithBlockbench","texture_size":[32,32],"textures":{"0":"elitecreatures:wine_decoration_v1/wine_bottle","3":"elitecreatures:wine_decoration_v1/glass_sheet","7":"elitecreatures:wine_decoration_v1/case_wine","particle":"elitecreatures:wine_decoration_v1/wine_bottle"},"elements":[{"from":[2,6.7,5.999],"to":[4,8.7,5.999],"rotation":{"angle":0,"axis":"y","origin":[8,10.5,2.78769]},"faces":{"north":{"uv":[8.75,4.5,13.75,10.1],"texture":"#0"},"east":{"uv":[13.5,0,14,2],"texture":"#0"},"south":{"uv":[10.5,0,11.5,2],"texture":"#0"},"west":{"uv":[12,0,12.5,2],"texture":"#0"},"up":{"uv":[12.5,0,13,1],"rotation":270,"texture":"#0"},"down":{"uv":[12,0,12.5,1],"rotation":90,"texture":"#0"}}},{"from":[2,5.675,5.999],"to":[4,6.625,5.999],"rotation":{"angle":0,"axis":"y","origin":[8,10.5,2.78769]},"faces":{"north":{"uv":[8.8125,10.9375,13.25,13.3125],"texture":"#0"},"east":{"uv":[13.5,0,14,2],"texture":"#0"},"south":{"uv":[10.5,0,11.5,2],"texture":"#0"},"west":{"uv":[12,0,12.5,2],"texture":"#0"},"up":{"uv":[12.5,0,13,1],"rotation":270,"texture":"#0"},"down":{"uv":[12,0,12.5,1],"rotation":90,"texture":"#0"}}},{"from":[2,6.7,5.499],"to":[4,8.7,5.499],"rotation":{"angle":0,"axis":"y","origin":[8,10.5,2.78769]},"faces":{"north":{"uv":[8.75,4.5,13.75,10.1],"texture":"#0"},"east":{"uv":[13.5,0,14,2],"texture":"#0"},"south":{"uv":[10.5,0,11.5,2],"texture":"#0"},"west":{"uv":[12,0,12.5,2],"texture":"#0"},"up":{"uv":[12.5,0,13,1],"rotation":270,"texture":"#0"},"down":{"uv":[12,0,12.5,1],"rotation":90,"texture":"#0"}}},{"from":[2,5.675,5.499],"to":[4,6.625,5.499],"rotation":{"angle":0,"axis":"y","origin":[8,10.5,2.78769]},"faces":{"north":{"uv":[8.8125,10.9375,13.25,13.3125],"texture":"#0"},"east":{"uv":[13.5,0,14,2],"texture":"#0"},"south":{"uv":[10.5,0,11.5,2],"texture":"#0"},"west":{"uv":[12,0,12.5,2],"texture":"#0"},"up":{"uv":[12.5,0,13,1],"rotation":270,"texture":"#0"},"down":{"uv":[12,0,12.5,1],"rotation":90,"texture":"#0"}}},{"name":"Top","from":[2.5,14,7],"to":[3.5,19,8],"rotation":{"angle":0,"axis":"y","origin":[8,10.5,2.78769]},"faces":{"north":{"uv":[6,6.5,6.5,9],"texture":"#0"},"east":{"uv":[6,6.5,6.5,9],"texture":"#0"},"south":{"uv":[6,6.5,6.5,9],"texture":"#0"},"west":{"uv":[6,6.5,6.5,9],"texture":"#0"},"up":{"uv":[8,7,7.5,6.5],"rotation":270,"texture":"#0"},"down":{"uv":[8,7.5,7.5,8],"rotation":90,"texture":"#0"}}},{"from":[2,13,8.5],"to":[4,14,9.5],"rotation":{"angle":0,"axis":"y","origin":[8,10.5,2.78769]},"faces":{"north":{"uv":[7,4,8,4.5],"rotation":180,"texture":"#0"},"east":{"uv":[2,8,2.5,8.5],"texture":"#0"},"south":{"uv":[5,7.5,6,8],"rotation":180,"texture":"#0"},"west":{"uv":[8,2,8.5,2.5],"texture":"#0"},"up":{"uv":[7.5,5.5,8,6.5],"rotation":270,"texture":"#0"},"down":{"uv":[7.5,6,7,5],"rotation":90,"texture":"#0"}}},{"from":[2,13,6.5],"to":[4,15,8.5],"rotation":{"angle":0,"axis":"y","origin":[8,10.5,2.78769]},"faces":{"north":{"uv":[2,8.5,3,9.5],"texture":"#0"},"east":{"uv":[2,8.5,3,9.5],"texture":"#0"},"south":{"uv":[2,8.5,3,9.5],"texture":"#0"},"west":{"uv":[2,8.5,3,9.5],"texture":"#0"},"up":{"uv":[8,2,7,1],"rotation":270,"texture":"#0"},"down":{"uv":[8,2,7,3],"rotation":90,"texture":"#0"}}},{"from":[2,13,5.5],"to":[4,14,6.5],"rotation":{"angle":0,"axis":"y","origin":[8,10.5,2.78769]},"faces":{"north":{"uv":[5,7.5,6,8],"texture":"#0"},"east":{"uv":[8,2,8.5,2.5],"texture":"#0"},"south":{"uv":[7.5,5,8.5,5.5],"texture":"#0"},"west":{"uv":[2,8,2.5,8.5],"texture":"#0"},"up":{"uv":[8,6.5,7.5,5.5],"rotation":270,"texture":"#0"},"down":{"uv":[7.5,7.5,7,8.5],"rotation":90,"texture":"#0"}}},{"from":[1,13,6.5],"to":[2,14,8.5],"rotation":{"angle":0,"axis":"y","origin":[8,10.5,2.78769]},"faces":{"north":{"uv":[8,2,8.5,2.5],"texture":"#0"},"east":{"uv":[7.5,5,8.5,5.5],"texture":"#0"},"south":{"uv":[2,8,2.5,8.5],"texture":"#0"},"west":{"uv":[5,7.5,6,8],"texture":"#0"},"up":{"uv":[8,6.5,7.5,5.5],"rotation":180,"texture":"#0"},"down":{"uv":[7.5,7.5,7,8.5],"rotation":180,"texture":"#0"}}},{"from":[4,13,6.5],"to":[5,14,8.5],"rotation":{"angle":0,"axis":"y","origin":[8,10.5,2.78769]},"faces":{"north":{"uv":[2,8,2.5,8.5],"texture":"#0"},"east":{"uv":[5,7.5,6,8],"texture":"#0"},"south":{"uv":[8,2,8.5,2.5],"texture":"#0"},"west":{"uv":[7.5,5,8.5,5.5],"texture":"#0"},"up":{"uv":[8,6.5,7.5,5.5],"texture":"#0"},"down":{"uv":[7.5,7.5,7,8.5],"texture":"#0"}}},{"name":"Bottle","from":[1,2,5.5],"to":[5,13,9.5],"rotation":{"angle":0,"axis":"y","origin":[8,10.5,2.78769]},"faces":{"north":{"uv":[2,0,4,5.5],"texture":"#0"},"east":{"uv":[0,0,2,5.5],"texture":"#0"},"south":{"uv":[0,0,2,5.5],"texture":"#0"},"west":{"uv":[0,0,2,5.5],"texture":"#0"},"up":{"uv":[6,7.5,4,5.5],"rotation":270,"texture":"#0"},"down":{"uv":[6,5.5,4,7.5],"rotation":90,"texture":"#0"}}},{"from":[12,6.7,5.999],"to":[14,8.7,5.999],"rotation":{"angle":0,"axis":"y","origin":[8,10.5,2.78769]},"faces":{"north":{"uv":[8.75,4.5,13.75,10.1],"texture":"#0"},"east":{"uv":[13.5,0,14,2],"texture":"#0"},"south":{"uv":[10.5,0,11.5,2],"texture":"#0"},"west":{"uv":[12,0,12.5,2],"texture":"#0"},"up":{"uv":[12.5,0,13,1],"rotation":270,"texture":"#0"},"down":{"uv":[12,0,12.5,1],"rotation":90,"texture":"#0"}}},{"from":[12,5.675,5.999],"to":[14,6.625,5.999],"rotation":{"angle":0,"axis":"y","origin":[8,10.5,2.78769]},"faces":{"north":{"uv":[8.8125,10.9375,13.25,13.3125],"texture":"#0"},"east":{"uv":[13.5,0,14,2],"texture":"#0"},"south":{"uv":[10.5,0,11.5,2],"texture":"#0"},"west":{"uv":[12,0,12.5,2],"texture":"#0"},"up":{"uv":[12.5,0,13,1],"rotation":270,"texture":"#0"},"down":{"uv":[12,0,12.5,1],"rotation":90,"texture":"#0"}}},{"from":[12,6.7,5.499],"to":[14,8.7,5.499],"rotation":{"angle":0,"axis":"y","origin":[8,10.5,2.78769]},"faces":{"north":{"uv":[8.75,4.5,13.75,10.1],"texture":"#0"},"east":{"uv":[13.5,0,14,2],"texture":"#0"},"south":{"uv":[10.5,0,11.5,2],"texture":"#0"},"west":{"uv":[12,0,12.5,2],"texture":"#0"},"up":{"uv":[12.5,0,13,1],"rotation":270,"texture":"#0"},"down":{"uv":[12,0,12.5,1],"rotation":90,"texture":"#0"}}},{"from":[12,5.675,5.499],"to":[14,6.625,5.499],"rotation":{"angle":0,"axis":"y","origin":[8,10.5,2.78769]},"faces":{"north":{"uv":[8.8125,10.9375,13.25,13.3125],"texture":"#0"},"east":{"uv":[13.5,0,14,2],"texture":"#0"},"south":{"uv":[10.5,0,11.5,2],"texture":"#0"},"west":{"uv":[12,0,12.5,2],"texture":"#0"},"up":{"uv":[12.5,0,13,1],"rotation":270,"texture":"#0"},"down":{"uv":[12,0,12.5,1],"rotation":90,"texture":"#0"}}},{"name":"Top","from":[12.5,14,7],"to":[13.5,19,8],"rotation":{"angle":0,"axis":"y","origin":[8,10.5,2.78769]},"faces":{"north":{"uv":[6,6.5,6.5,9],"texture":"#0"},"east":{"uv":[6,6.5,6.5,9],"texture":"#0"},"south":{"uv":[6,6.5,6.5,9],"texture":"#0"},"west":{"uv":[6,6.5,6.5,9],"texture":"#0"},"up":{"uv":[8,7,7.5,6.5],"rotation":270,"texture":"#0"},"down":{"uv":[8,7.5,7.5,8],"rotation":90,"texture":"#0"}}},{"from":[12,13,8.5],"to":[14,14,9.5],"rotation":{"angle":0,"axis":"y","origin":[8,10.5,2.78769]},"faces":{"north":{"uv":[7,4,8,4.5],"rotation":180,"texture":"#0"},"east":{"uv":[2,8,2.5,8.5],"texture":"#0"},"south":{"uv":[5,7.5,6,8],"rotation":180,"texture":"#0"},"west":{"uv":[8,2,8.5,2.5],"texture":"#0"},"up":{"uv":[7.5,5.5,8,6.5],"rotation":270,"texture":"#0"},"down":{"uv":[7.5,6,7,5],"rotation":90,"texture":"#0"}}},{"from":[12,13,6.5],"to":[14,15,8.5],"rotation":{"angle":0,"axis":"y","origin":[8,10.5,2.78769]},"faces":{"north":{"uv":[2,8.5,3,9.5],"texture":"#0"},"east":{"uv":[2,8.5,3,9.5],"texture":"#0"},"south":{"uv":[2,8.5,3,9.5],"texture":"#0"},"west":{"uv":[2,8.5,3,9.5],"texture":"#0"},"up":{"uv":[8,2,7,1],"rotation":270,"texture":"#0"},"down":{"uv":[8,2,7,3],"rotation":90,"texture":"#0"}}},{"from":[12,13,5.5],"to":[14,14,6.5],"rotation":{"angle":0,"axis":"y","origin":[8,10.5,2.78769]},"faces":{"north":{"uv":[5,7.5,6,8],"texture":"#0"},"east":{"uv":[8,2,8.5,2.5],"texture":"#0"},"south":{"uv":[7.5,5,8.5,5.5],"texture":"#0"},"west":{"uv":[2,8,2.5,8.5],"texture":"#0"},"up":{"uv":[8,6.5,7.5,5.5],"rotation":270,"texture":"#0"},"down":{"uv":[7.5,7.5,7,8.5],"rotation":90,"texture":"#0"}}},{"from":[11,13,6.5],"to":[12,14,8.5],"rotation":{"angle":0,"axis":"y","origin":[8,10.5,2.78769]},"faces":{"north":{"uv":[8,2,8.5,2.5],"texture":"#0"},"east":{"uv":[7.5,5,8.5,5.5],"texture":"#0"},"south":{"uv":[2,8,2.5,8.5],"texture":"#0"},"west":{"uv":[5,7.5,6,8],"texture":"#0"},"up":{"uv":[8,6.5,7.5,5.5],"rotation":180,"texture":"#0"},"down":{"uv":[7.5,7.5,7,8.5],"rotation":180,"texture":"#0"}}},{"from":[14,13,6.5],"to":[15,14,8.5],"shade":false,"rotation":{"angle":0,"axis":"y","origin":[8,10.5,2.78769]},"faces":{"north":{"uv":[2,8,2.5,8.5],"texture":"#0"},"east":{"uv":[5,7.5,6,8],"texture":"#0"},"south":{"uv":[8,2,8.5,2.5],"texture":"#0"},"west":{"uv":[7.5,5,8.5,5.5],"texture":"#0"},"up":{"uv":[8,6.5,7.5,5.5],"texture":"#0"},"down":{"uv":[7.5,7.5,7,8.5],"texture":"#0"}}},{"name":"Bottle","from":[11,2,5.5],"to":[15,13,9.5],"rotation":{"angle":0,"axis":"y","origin":[8,10.5,2.78769]},"faces":{"north":{"uv":[2,0,4,5.5],"texture":"#0"},"east":{"uv":[0,0,2,5.5],"texture":"#0"},"south":{"uv":[0,0,2,5.5],"texture":"#0"},"west":{"uv":[0,0,2,5.5],"texture":"#0"},"up":{"uv":[6,7.5,4,5.5],"rotation":270,"texture":"#0"},"down":{"uv":[6,5.5,4,7.5],"rotation":90,"texture":"#0"}}},{"from":[7,6.7,5.99],"to":[9,8.7,5.99],"rotation":{"angle":0,"axis":"y","origin":[8,10.5,2.78769]},"faces":{"north":{"uv":[8.75,4.5,13.75,10.1],"texture":"#0"},"east":{"uv":[13.5,0,14,2],"texture":"#0"},"south":{"uv":[10.5,0,11.5,2],"texture":"#0"},"west":{"uv":[12,0,12.5,2],"texture":"#0"},"up":{"uv":[12.5,0,13,1],"rotation":270,"texture":"#0"},"down":{"uv":[12,0,12.5,1],"rotation":90,"texture":"#0"}}},{"from":[7,5.675,5.99],"to":[9,6.625,5.99],"rotation":{"angle":0,"axis":"y","origin":[8,10.5,2.78769]},"faces":{"north":{"uv":[8.8125,10.9375,13.25,13.3125],"texture":"#0"},"east":{"uv":[13.5,0,14,2],"texture":"#0"},"south":{"uv":[10.5,0,11.5,2],"texture":"#0"},"west":{"uv":[12,0,12.5,2],"texture":"#0"},"up":{"uv":[12.5,0,13,1],"rotation":270,"texture":"#0"},"down":{"uv":[12,0,12.5,1],"rotation":90,"texture":"#0"}}},{"from":[7,6.7,5.499],"to":[9,8.7,5.499],"rotation":{"angle":0,"axis":"y","origin":[8,10.5,2.78769]},"faces":{"north":{"uv":[8.75,4.5,13.75,10.1],"texture":"#0"},"east":{"uv":[13.5,0,14,2],"texture":"#0"},"south":{"uv":[10.5,0,11.5,2],"texture":"#0"},"west":{"uv":[12,0,12.5,2],"texture":"#0"},"up":{"uv":[12.5,0,13,1],"rotation":270,"texture":"#0"},"down":{"uv":[12,0,12.5,1],"rotation":90,"texture":"#0"}}},{"from":[7,5.675,5.499],"to":[9,6.625,5.499],"rotation":{"angle":0,"axis":"y","origin":[8,10.5,2.78769]},"faces":{"north":{"uv":[8.8125,10.9375,13.25,13.3125],"texture":"#0"},"east":{"uv":[13.5,0,14,2],"texture":"#0"},"south":{"uv":[10.5,0,11.5,2],"texture":"#0"},"west":{"uv":[12,0,12.5,2],"texture":"#0"},"up":{"uv":[12.5,0,13,1],"rotation":270,"texture":"#0"},"down":{"uv":[12,0,12.5,1],"rotation":90,"texture":"#0"}}},{"name":"Top","from":[7.5,14,7],"to":[8.5,19,8],"rotation":{"angle":0,"axis":"y","origin":[8,10.5,2.78769]},"faces":{"north":{"uv":[6,6.5,6.5,9],"texture":"#0"},"east":{"uv":[6,6.5,6.5,9],"texture":"#0"},"south":{"uv":[6,6.5,6.5,9],"texture":"#0"},"west":{"uv":[6,6.5,6.5,9],"texture":"#0"},"up":{"uv":[8,7,7.5,6.5],"rotation":270,"texture":"#0"},"down":{"uv":[8,7.5,7.5,8],"rotation":90,"texture":"#0"}}},{"from":[7,13,8.5],"to":[9,14,9.5],"rotation":{"angle":0,"axis":"y","origin":[8,10.5,2.78769]},"faces":{"north":{"uv":[7,4,8,4.5],"rotation":180,"texture":"#0"},"east":{"uv":[2,8,2.5,8.5],"texture":"#0"},"south":{"uv":[5,7.5,6,8],"rotation":180,"texture":"#0"},"west":{"uv":[8,2,8.5,2.5],"texture":"#0"},"up":{"uv":[7.5,5.5,8,6.5],"rotation":270,"texture":"#0"},"down":{"uv":[7.5,6,7,5],"rotation":90,"texture":"#0"}}},{"from":[7,13,6.5],"to":[9,15,8.5],"rotation":{"angle":0,"axis":"y","origin":[8,10.5,2.78769]},"faces":{"north":{"uv":[2,8.5,3,9.5],"texture":"#0"},"east":{"uv":[2,8.5,3,9.5],"texture":"#0"},"south":{"uv":[2,8.5,3,9.5],"texture":"#0"},"west":{"uv":[2,8.5,3,9.5],"texture":"#0"},"up":{"uv":[8,2,7,1],"rotation":270,"texture":"#0"},"down":{"uv":[8,2,7,3],"rotation":90,"texture":"#0"}}},{"from":[7,13,5.5],"to":[9,14,6.5],"rotation":{"angle":0,"axis":"y","origin":[8,10.5,2.78769]},"faces":{"north":{"uv":[5,7.5,6,8],"texture":"#0"},"east":{"uv":[8,2,8.5,2.5],"texture":"#0"},"south":{"uv":[7.5,5,8.5,5.5],"texture":"#0"},"west":{"uv":[2,8,2.5,8.5],"texture":"#0"},"up":{"uv":[8,6.5,7.5,5.5],"rotation":270,"texture":"#0"},"down":{"uv":[7.5,7.5,7,8.5],"rotation":90,"texture":"#0"}}},{"from":[6,13,6.5],"to":[7,14,8.5],"rotation":{"angle":0,"axis":"y","origin":[8,10.5,2.78769]},"faces":{"north":{"uv":[8,2,8.5,2.5],"texture":"#0"},"east":{"uv":[7.5,5,8.5,5.5],"texture":"#0"},"south":{"uv":[2,8,2.5,8.5],"texture":"#0"},"west":{"uv":[5,7.5,6,8],"texture":"#0"},"up":{"uv":[8,6.5,7.5,5.5],"rotation":180,"texture":"#0"},"down":{"uv":[7.5,7.5,7,8.5],"rotation":180,"texture":"#0"}}},{"from":[9,13,6.5],"to":[10,14,8.5],"rotation":{"angle":0,"axis":"y","origin":[8,10.5,2.78769]},"faces":{"north":{"uv":[2,8,2.5,8.5],"texture":"#0"},"east":{"uv":[5,7.5,6,8],"texture":"#0"},"south":{"uv":[8,2,8.5,2.5],"texture":"#0"},"west":{"uv":[7.5,5,8.5,5.5],"texture":"#0"},"up":{"uv":[8,6.5,7.5,5.5],"texture":"#0"},"down":{"uv":[7.5,7.5,7,8.5],"texture":"#0"}}},{"name":"Bottle","from":[6,2,5.5],"to":[10,13,9.5],"rotation":{"angle":0,"axis":"y","origin":[8,10.5,2.78769]},"faces":{"north":{"uv":[2,0,4,5.5],"texture":"#0"},"east":{"uv":[0,0,2,5.5],"texture":"#0"},"south":{"uv":[0,0,2,5.5],"texture":"#0"},"west":{"uv":[0,0,2,5.5],"texture":"#0"},"up":{"uv":[6,7.5,4,5.5],"rotation":270,"texture":"#0"},"down":{"uv":[6,5.5,4,7.5],"rotation":90,"texture":"#0"}}},{"name":"Glass","from":[0,1,4.5],"to":[16,20,4.5],"rotation":{"angle":0,"axis":"y","origin":[8,10.5,2.78769]},"faces":{"north":{"uv":[8,9.5,0,0],"rotation":180,"texture":"#3"},"east":{"uv":[0,0,9.5,0],"rotation":90,"texture":"#3"},"south":{"uv":[8,0,0,9.5],"texture":"#3"},"west":{"uv":[0,0,9.5,0],"rotation":270,"texture":"#3"},"up":{"uv":[0,0,8,0],"texture":"#3"},"down":{"uv":[0,0,8,0],"rotation":180,"texture":"#3"}}},{"from":[-1,0,4.5],"to":[17,1,11.5],"rotation":{"angle":0,"axis":"y","origin":[8,10.5,2.78769]},"faces":{"north":{"uv":[6.75,6.25,4.5,6.125],"rotation":180,"texture":"#7"},"east":{"uv":[2.25,6.375,2.375,7.25],"rotation":90,"texture":"#7"},"south":{"uv":[2.25,6.5,0,6.375],"texture":"#7"},"west":{"uv":[2.375,6.375,2.25,7.25],"rotation":270,"texture":"#7"},"up":{"uv":[2.25,5.125,4.5,6],"texture":"#7"},"down":{"uv":[9.0625,0.875,6.8125,1.75],"rotation":180,"texture":"#7"}}},{"from":[-1,20,4.5],"to":[17,21,11.5],"rotation":{"angle":0,"axis":"y","origin":[8,10.5,2.78769]},"faces":{"north":{"uv":[6.75,6.125,4.5,6],"rotation":180,"texture":"#7"},"east":{"uv":[2.375,6.375,2.25,7.25],"rotation":90,"texture":"#7"},"south":{"uv":[2.25,6.375,0,6.5],"texture":"#7"},"west":{"uv":[2.25,6.375,2.375,7.25],"rotation":270,"texture":"#7"},"up":{"uv":[6.75,0.8625,4.5,1.7375],"texture":"#7"},"down":{"uv":[2.25,5.125,4.5,6],"rotation":180,"texture":"#7"}}},{"from":[-1,1,4.5],"to":[0,20,11.5],"rotation":{"angle":0,"axis":"y","origin":[8,10.5,2.78769]},"faces":{"north":{"uv":[4.375,8.375,4.25,6],"rotation":180,"texture":"#7"},"east":{"uv":[4.5,0,6.875,0.875],"rotation":90,"texture":"#7"},"south":{"uv":[4.5,6,4.375,8.375],"texture":"#7"},"west":{"uv":[4,4.25,6.375,5.125],"rotation":270,"texture":"#7"},"up":{"uv":[2.75,6.375,2.875,7.25],"texture":"#7"},"down":{"uv":[2.625,6.375,2.75,7.25],"rotation":180,"texture":"#7"}}},{"from":[16,1,4.5],"to":[17,20,11.5],"rotation":{"angle":0,"axis":"y","origin":[8,10.5,2.78769]},"faces":{"north":{"uv":[4.25,8.375,4.375,6],"rotation":180,"texture":"#7"},"east":{"uv":[4,4.25,6.375,5.125],"rotation":90,"texture":"#7"},"south":{"uv":[4.375,6,4.5,8.375],"texture":"#7"},"west":{"uv":[4.5,0,6.875,0.875],"rotation":270,"texture":"#7"},"up":{"uv":[3,6.375,3.125,7.25],"texture":"#7"},"down":{"uv":[2.875,6.375,3,7.25],"rotation":180,"texture":"#7"}}},{"from":[0,1,8.5],"to":[16,20,11.5],"rotation":{"angle":0,"axis":"y","origin":[8,10.5,2.78769]},"faces":{"north":{"uv":[2,4.875,0,2.5],"rotation":180,"texture":"#7"},"east":{"uv":[4.5,1.75,6.875,2.125],"rotation":90,"texture":"#7"},"south":{"uv":[4,2.5,2,4.875],"texture":"#7"},"west":{"uv":[4.5,2.125,6.875,2.5],"rotation":270,"texture":"#7"},"up":{"uv":[2,6,4,6.375],"texture":"#7"},"down":{"uv":[0,5.75,2,6.125],"rotation":180,"texture":"#7"}}}],"gui_light":"front","display":{"thirdperson_righthand":{"rotation":[0,122,0],"translation":[-0.25,-2.5,-1.5],"scale":[0.27539,0.27539,0.27539]},"thirdperson_lefthand":{"rotation":[0,122,0],"translation":[-0.25,-2.5,-1.5],"scale":[0.27539,0.27539,0.27539]},"firstperson_righthand":{"rotation":[-180,0,-180],"translation":[0.5,2,0],"scale":[0.38282,0.38282,0.38282]},"firstperson_lefthand":{"rotation":[-180,0,-180],"translation":[0.5,2,0],"scale":[0.38282,0.38282,0.38282]},"ground":{"translation":[0,5.5,0],"scale":[0.36328,0.36328,0.36328]},"gui":{"rotation":[23,145,0],"translation":[0,-1.5,0],"scale":[0.54492,0.54492,0.54492]},"head":{"translation":[0,13,0],"scale":[0,0,0]},"fixed":{"rotation":[-90,0,0],"translation":[0,0,-14.25],"scale":[1.7793,1.7793,1.7793]}}}