{"credit":"MadewithBlockbench","textures":{"1":"elitecreatures:wine_decoration_v1/wine_glass_no_wine"},"elements":[{"from":[7.5,0,7.5],"to":[8.5,5,8.5],"rotation":{"angle":0,"axis":"y","origin":[-0.025,3.5,0.5]},"faces":{"north":{"uv":[6,3,7,8],"texture":"#1"},"east":{"uv":[6,3,7,8],"texture":"#1"},"south":{"uv":[6,3,7,8],"texture":"#1"},"west":{"uv":[6,3,7,8],"texture":"#1"},"up":{"uv":[7,3,8,4],"texture":"#1"},"down":{"uv":[7,3,8,4],"texture":"#1"}}},{"from":[5.5,5,5.5],"to":[10.5,6,10.5],"rotation":{"angle":0,"axis":"y","origin":[-0.025,3.5,0.5]},"faces":{"north":{"uv":[11,5,16,6],"texture":"#1"},"east":{"uv":[11,5,16,6],"texture":"#1"},"south":{"uv":[11,5,16,6],"texture":"#1"},"west":{"uv":[11,5,16,6],"texture":"#1"},"up":{"uv":[6,7,8.5,9.5],"texture":"#1"},"down":{"uv":[11,0,16,5],"texture":"#1"}}},{"from":[6.5,6,9.5],"to":[10.5,11,10.5],"rotation":{"angle":0,"axis":"y","origin":[-0.025,3.5,0.5]},"faces":{"north":{"uv":[7,11,11,16],"texture":"#1"},"east":{"uv":[11,11,12,16],"texture":"#1"},"south":{"uv":[12,11,16,16],"texture":"#1"},"west":{"uv":[14,6,15,11],"texture":"#1"},"up":{"uv":[0,15,4,16],"texture":"#1"},"down":{"uv":[0,14,4,15],"texture":"#1"}}},{"from":[5.5,6,5.5],"to":[9.5,11,6.5],"rotation":{"angle":0,"axis":"y","origin":[-0.025,3.5,0.5]},"faces":{"north":{"uv":[12,11,16,16],"texture":"#1"},"east":{"uv":[6,11,7,16],"texture":"#1"},"south":{"uv":[7,11,11,16],"texture":"#1"},"west":{"uv":[11,11,12,16],"texture":"#1"},"up":{"uv":[4,16,0,15],"texture":"#1"},"down":{"uv":[0,14,4,15],"texture":"#1"}}},{"from":[9.5,6,5.5],"to":[10.5,11,9.5],"rotation":{"angle":0,"axis":"y","origin":[8.975,12,5]},"faces":{"north":{"uv":[11,11,12,16],"texture":"#1"},"east":{"uv":[12,11,16,16],"texture":"#1"},"south":{"uv":[14.5,6,15.5,11],"texture":"#1"},"west":{"uv":[7,11,11,16],"texture":"#1"},"up":{"uv":[0,15,4,16],"rotation":270,"texture":"#1"},"down":{"uv":[0,14,4,15],"rotation":90,"texture":"#1"}}},{"from":[5.5,6,6.5],"to":[6.5,11,10.5],"rotation":{"angle":0,"axis":"y","origin":[8.975,12,5]},"faces":{"north":{"uv":[13,6,14,11],"texture":"#1"},"east":{"uv":[7,11,11,16],"texture":"#1"},"south":{"uv":[11,11,12,16],"texture":"#1"},"west":{"uv":[12,11,16,16],"texture":"#1"},"up":{"uv":[4,16,0,15],"rotation":270,"texture":"#1"},"down":{"uv":[0,14,4,15],"rotation":90,"texture":"#1"}}},{"from":[6.5,0,6.5],"to":[9.5,1,9.5],"rotation":{"angle":0,"axis":"y","origin":[-0.025,3.5,0.5]},"faces":{"north":{"uv":[3,9,6,10],"texture":"#1"},"east":{"uv":[3,9,6,10],"texture":"#1"},"south":{"uv":[3,9,6,10],"texture":"#1"},"west":{"uv":[3,9,6,10],"texture":"#1"},"up":{"uv":[0,9,3,12],"texture":"#1"},"down":{"uv":[3,6,6,9],"texture":"#1"}}}],"gui_light":"front","display":{"thirdperson_righthand":{"rotation":[-105.85,87.88,107.13],"translation":[0.25,2.25,-0.5],"scale":[0.63477,0.63477,0.63477]},"thirdperson_lefthand":{"rotation":[-105.85,87.88,107.13],"translation":[0.25,2.25,0],"scale":[0.63477,0.63477,0.63477]},"firstperson_righthand":{"rotation":[0,-180,0],"translation":[0,4.5,0],"scale":[0.71094,0.71094,0.71094]},"firstperson_lefthand":{"rotation":[0,-180,0],"translation":[0,4.5,0],"scale":[0.71094,0.71094,0.71094]},"ground":{"translation":[0,5.5,0],"scale":[0.59766,0.59766,0.59766]},"gui":{"rotation":[23,-45,0],"translation":[-0.25,1.75,0],"scale":[1.09375,1.09375,1.09375]},"head":{"translation":[0,15.25,0],"scale":[0,0,0]},"fixed":{"rotation":[-90,0,0],"translation":[0,0,-16],"scale":[2,2,2]}}}