{
  "samus.candy_cane_smash": {
    "category": "master",
    "sounds": [
      "christmas:samus/christmas_skills/candy_cane_smash"
    ]
  },
  "samus.evergreen_heal": {
    "category": "master",
    "sounds": [
      "christmas:samus/christmas_skills/evergreen_heal"
    ]
  },
  "samus.gift_cannon": {
    "category": "master",
    "sounds": [
      "christmas:samus/christmas_skills/gift_cannon"
    ]
  },
  "samus.reindeer_scream": {
    "category": "master",
    "sounds": [
      "christmas:samus/christmas_skills/reindeer_scream"
    ]
  },
  "samus.reindeer_dash_aura": {
    "category": "master",
    "sounds": [
      "christmas:samus/christmas_skills/reindeer_dash_aura"
    ]
  }
}