{"textures":{"1":"modelengine:entity/yin_yang_dragon"},"elements":[{"from":[5.5983267,5.661462,8.144716],"to":[10.401673,10.464808,15.8300705],"rotation":{"angle":0.0,"axis":"y","origin":[8.0,8.855758,29.819817]},"faces":{"east":{"uv":[3.015,0.015,4.985,1.235],"rotation":0,"texture":"#1","tintindex":0},"south":{"uv":[1.515,5.515,2.735,6.735],"rotation":0,"texture":"#1","tintindex":0},"north":{"uv":[0.015,5.515,1.235,6.735],"rotation":0,"texture":"#1","tintindex":0},"west":{"uv":[3.015,1.515,4.985,2.735],"rotation":0,"texture":"#1","tintindex":0},"up":{"uv":[4.235,4.985,3.015,3.015],"rotation":0,"texture":"#1","tintindex":0},"down":{"uv":[5.735,3.015,4.515,4.985],"rotation":0,"texture":"#1","tintindex":0}}},{"from":[8.0,10.464808,8.144716],"to":[8.0,13.346817,15.8300705],"rotation":{"angle":0.0,"axis":"y","origin":[8.0,8.855758,29.819817]},"faces":{"east":{"uv":[7.485,6.765,5.515,7.485],"rotation":0,"texture":"#1","tintindex":0},"south":{"uv":[5.265,11.765,5.265,12.485],"rotation":0,"texture":"#1","tintindex":0},"north":{"uv":[5.015,11.765,5.015,12.485],"rotation":0,"texture":"#1","tintindex":0},"west":{"uv":[5.515,6.765,7.485,7.485],"rotation":0,"texture":"#1","tintindex":0},"up":{"uv":[5.515,13.735,5.515,11.765],"rotation":0,"texture":"#1","tintindex":0},"down":{"uv":[5.765,11.765,5.765,13.735],"rotation":0,"texture":"#1","tintindex":0}}}],"display":{"head":{"translation":[0.0,-6.4,0.0],"scale":[4.0,4.0,4.0]}}}