{"credit":"Made with Blockbench","texture_size":[128,128],"textures":{"1":"rpg_vanilla_sign_pack:rpg_vanilla_sign_pack/block/sign_post","2":"rpg_vanilla_sign_pack:rpg_vanilla_sign_pack/block/sign_atlas","particle":"rpg_vanilla_sign_pack:rpg_vanilla_sign_pack/block/sign_post"},"elements":[{"from":[14.657,30.215,5.795],"to":[14.09,29.711,10.079],"rotation":{"angle":0,"axis":"y","origin":[14.468,11.693,8]},"faces":{"north":{"uv":[5.75,3.375,5.8125,3.4375],"texture":"#1"},"east":{"uv":[5.25,4.875,5.8125,4.9375],"texture":"#1"},"south":{"uv":[3.5,5.75,3.5625,5.8125],"texture":"#1"},"west":{"uv":[5.25,5,5.8125,5.0625],"texture":"#1"},"up":{"uv":[5.3125,5.6875,5.25,5.125],"texture":"#1"},"down":{"uv":[5.4375,3,5.375,3.5625],"texture":"#1"}}},{"from":[14.657,24.293,6.425],"to":[14.09,23.789,9.449],"rotation":{"angle":0,"axis":"y","origin":[14.468,11.693,8]},"faces":{"north":{"uv":[5.75,3.5,5.8125,3.5625],"texture":"#1"},"east":{"uv":[4.5,2.625,4.875,2.6875],"texture":"#1"},"south":{"uv":[3.625,5.75,3.6875,5.8125],"texture":"#1"},"west":{"uv":[4.5,2.75,4.875,2.8125],"texture":"#1"},"up":{"uv":[4.0625,3.75,4,3.375],"texture":"#1"},"down":{"uv":[4.3125,5.375,4.25,5.75],"texture":"#1"}}},{"from":[8.987,30.215,5.795],"to":[8.42,29.711,10.079],"rotation":{"angle":0,"axis":"y","origin":[14.468,11.693,8]},"faces":{"north":{"uv":[5.75,3.625,5.8125,3.6875],"texture":"#1"},"east":{"uv":[5.375,1.5,5.9375,1.5625],"texture":"#1"},"south":{"uv":[3.75,5.75,3.8125,5.8125],"texture":"#1"},"west":{"uv":[5.375,1.625,5.9375,1.6875],"texture":"#1"},"up":{"uv":[5.4375,4.4375,5.375,3.875],"texture":"#1"},"down":{"uv":[4.1875,5.375,4.125,5.9375],"texture":"#1"}}},{"from":[5.207,30.215,5.48],"to":[4.64,29.711,10.394],"rotation":{"angle":0,"axis":"y","origin":[14.468,11.693,8]},"faces":{"north":{"uv":[5.75,3.75,5.8125,3.8125],"texture":"#1"},"east":{"uv":[3.625,1.875,4.25,1.9375],"texture":"#1"},"south":{"uv":[3.875,5.75,3.9375,5.8125],"texture":"#1"},"west":{"uv":[5.125,3.75,5.75,3.8125],"texture":"#1"},"up":{"uv":[4.0625,5.5,4,4.875],"texture":"#1"},"down":{"uv":[2.3125,5.125,2.25,5.75],"texture":"#1"}}},{"from":[-5.377,30.215,5.48],"to":[-5.944,29.711,10.394],"rotation":{"angle":0,"axis":"y","origin":[14.468,11.693,8]},"faces":{"north":{"uv":[5.75,3.875,5.8125,3.9375],"texture":"#1"},"east":{"uv":[5.125,4.625,5.75,4.6875],"texture":"#1"},"south":{"uv":[4,5.75,4.0625,5.8125],"texture":"#1"},"west":{"uv":[5.25,4.75,5.875,4.8125],"texture":"#1"},"up":{"uv":[4.9375,5.75,4.875,5.125],"texture":"#1"},"down":{"uv":[3.4375,5.25,3.375,5.875],"texture":"#1"}}},{"from":[1.36219,23.348,6.866],"to":[3.50419,31.916,9.134],"rotation":{"angle":45,"axis":"z","origin":[8.35519,37.48071,8]},"faces":{"north":{"uv":[3,4.125,3.25,5.1875],"texture":"#1"},"east":{"uv":[3.75,3.75,4.0625,4.8125],"texture":"#1"},"south":{"uv":[3.25,4.125,3.5,5.1875],"texture":"#1"},"west":{"uv":[2.625,4.125,2.9375,5.1875],"texture":"#1"},"up":{"uv":[3.125,5.5625,2.875,5.25],"texture":"#1"},"down":{"uv":[3.375,5.25,3.125,5.5625],"texture":"#1"}}},{"from":[5.737,28.64,6.11],"to":[15.665,31.16,9.764],"rotation":{"angle":0,"axis":"y","origin":[14.468,11.693,8]},"faces":{"north":{"uv":[1.5,3.375,2.75,3.6875],"texture":"#1"},"east":{"uv":[4.875,3.875,5.3125,4.1875],"texture":"#1"},"south":{"uv":[2.75,3.375,4,3.6875],"texture":"#1"},"west":{"uv":[5,0,5.4375,0.3125],"texture":"#1"},"up":{"uv":[3.75,0.9375,2.5,0.5],"texture":"#1"},"down":{"uv":[3.75,1,2.5,1.4375],"texture":"#1"}}},{"from":[-4.873,28.64,6.11],"to":[3.947,31.16,9.764],"rotation":{"angle":0,"axis":"y","origin":[14.468,11.693,8]},"faces":{"north":{"uv":[3.625,1.5,4.75,1.8125],"texture":"#1"},"east":{"uv":[5.125,0.375,5.5625,0.6875],"texture":"#1"},"south":{"uv":[2.625,3.75,3.75,4.0625],"texture":"#1"},"west":{"uv":[5.125,0.75,5.5625,1.0625],"texture":"#1"},"up":{"uv":[3.625,1.9375,2.5,1.5],"texture":"#1"},"down":{"uv":[2.625,2.875,1.5,3.3125],"texture":"#1"}}},{"from":[-12.585,28.64,6.11],"to":[-6.537,31.16,9.764],"rotation":{"angle":0,"axis":"y","origin":[14.468,11.693,8]},"faces":{"north":{"uv":[4.375,4.375,5.125,4.6875],"texture":"#1"},"east":{"uv":[5.125,1.125,5.5625,1.4375],"texture":"#1"},"south":{"uv":[4.5,1.875,5.25,2.1875],"texture":"#1"},"west":{"uv":[1.75,5.125,2.1875,5.4375],"texture":"#1"},"up":{"uv":[4.875,0.9375,4.125,0.5],"texture":"#1"},"down":{"uv":[4.875,1,4.125,1.4375],"texture":"#1"}}},{"from":[3.947,28.325,5.795],"to":[5.837,31.475,10.079],"rotation":{"angle":0,"axis":"y","origin":[14.468,11.693,8]},"faces":{"north":{"uv":[3.5,5.125,3.75,5.5],"texture":"#1"},"east":{"uv":[4.5,2.25,5.0625,2.625],"texture":"#1"},"south":{"uv":[5.125,4.25,5.375,4.625],"texture":"#1"},"west":{"uv":[4.75,1.5,5.3125,1.875],"texture":"#1"},"up":{"uv":[5.125,3.1875,4.875,2.625],"texture":"#1"},"down":{"uv":[5.125,3.25,4.875,3.8125],"texture":"#1"}}},{"from":[-6.637,28.325,5.795],"to":[-4.747,31.475,10.079],"rotation":{"angle":0,"axis":"y","origin":[14.468,11.693,8]},"faces":{"north":{"uv":[4.375,5.125,4.625,5.5],"texture":"#1"},"east":{"uv":[1.75,4.75,2.3125,5.125],"texture":"#1"},"south":{"uv":[4.625,5.125,4.875,5.5],"texture":"#1"},"west":{"uv":[4.375,4.75,4.9375,5.125],"texture":"#1"},"up":{"uv":[4,5.4375,3.75,4.875],"texture":"#1"},"down":{"uv":[5.25,4.75,5,5.3125],"texture":"#1"}}},{"from":[13.208,-16,6.74],"to":[15.728,31.664,9.26],"rotation":{"angle":0,"axis":"y","origin":[14.468,11.693,8]},"faces":{"north":{"uv":[0,2.875,0.3125,8.8125],"texture":"#1"},"east":{"uv":[0.375,2.875,0.6875,8.8125],"texture":"#1"},"south":{"uv":[0.75,2.875,1.0625,8.8125],"texture":"#1"},"west":{"uv":[1.125,2.875,1.4375,8.8125],"texture":"#1"},"up":{"uv":[5.4375,2.5625,5.125,2.25],"texture":"#1"},"down":{"uv":[5.4375,2.625,5.125,2.9375],"texture":"#1"}}},{"from":[-7.3478,7.9541,7.1],"to":[5.3782,13.3955,7.1],"rotation":{"angle":0,"axis":"y","origin":[-4.18,30.845,-2.0513]},"faces":{"north":{"uv":[14.79149,15.50041,15.625,15.85016],"texture":"#2"},"east":{"uv":[16,16,16,16],"texture":"#2"},"south":{"uv":[15.32813,15.00024,15.17813,15.00024],"texture":"#2"},"west":{"uv":[16,16,16,16],"texture":"#2"},"up":{"uv":[16,16,16,16],"texture":"#2"},"down":{"uv":[16,16,16,16],"texture":"#2"}}},{"from":[-8.9478,17.6541,7],"to":[7.5782,21.8955,7],"rotation":{"angle":0,"axis":"y","origin":[-4.18,30.845,-2.0513]},"faces":{"north":{"uv":[0.06289,10.52525,3.87161,11.37547],"texture":"#2"},"east":{"uv":[16,16,16,16],"texture":"#2"},"south":{"uv":[15.32813,15.00024,15.17813,15.00024],"texture":"#2"},"west":{"uv":[16,16,16,16],"texture":"#2"},"up":{"uv":[16,16,16,16],"texture":"#2"},"down":{"uv":[16,16,16,16],"texture":"#2"}}},{"from":[-8.9478,17.6541,9],"to":[7.5782,21.8955,9],"rotation":{"angle":0,"axis":"y","origin":[-4.18,30.845,-2.0513]},"faces":{"north":{"uv":[0,0,0,0],"texture":"#2"},"east":{"uv":[16,16,16,16],"texture":"#2"},"south":{"uv":[0.06289,10.52525,3.87161,11.37547],"texture":"#2"},"west":{"uv":[16,16,16,16],"texture":"#2"},"up":{"uv":[16,16,16,16],"texture":"#2"},"down":{"uv":[16,16,16,16],"texture":"#2"}}},{"from":[-7.3478,7.9541,8.9],"to":[5.3782,13.3955,8.9],"rotation":{"angle":0,"axis":"y","origin":[-4.18,30.845,-2.0513]},"faces":{"north":{"uv":[0,0,0,0],"texture":"#2"},"east":{"uv":[16,16,16,16],"texture":"#2"},"south":{"uv":[15.625,15.50041,14.79149,15.85016],"texture":"#2"},"west":{"uv":[16,16,16,16],"texture":"#2"},"up":{"uv":[16,16,16,16],"texture":"#2"},"down":{"uv":[16,16,16,16],"texture":"#2"}}},{"from":[-9.8768,7.2845,7.1702],"to":[8.2672,14.1479,8.8712],"rotation":{"angle":0,"axis":"y","origin":[-4.18,30.845,-2.0513]},"faces":{"north":{"uv":[0,2,2.25,2.875],"texture":"#1"},"east":{"uv":[2.375,4.75,2.5625,5.625],"texture":"#1"},"south":{"uv":[2.25,2,4.5,2.875],"texture":"#1"},"west":{"uv":[4.875,0.5,5.0625,1.375],"texture":"#1"},"up":{"uv":[4.875,3.0625,2.625,2.875],"texture":"#1"},"down":{"uv":[4.875,3.125,2.625,3.3125],"texture":"#1"}}},{"from":[-12.585,15.737,6.545],"to":[-10.695,23.941,9.329],"rotation":{"angle":0,"axis":"y","origin":[14.468,11.693,8]},"faces":{"north":{"uv":[4.375,3.375,4.625,4.375],"texture":"#1"},"east":{"uv":[1.875,3.75,2.25,4.75],"texture":"#1"},"south":{"uv":[4.125,4.375,4.375,5.375],"texture":"#1"},"west":{"uv":[2.25,3.75,2.625,4.75],"texture":"#1"},"up":{"uv":[5.5,2.25,5.25,1.875],"texture":"#1"},"down":{"uv":[2.875,5.25,2.625,5.625],"texture":"#1"}}},{"from":[-10.732,16,7.055],"to":[9.428,23.626,8.945],"rotation":{"angle":0,"axis":"y","origin":[-4.18,30.845,-2.08]},"faces":{"north":{"uv":[0,0,2.5,0.9375],"texture":"#1"},"east":{"uv":[4.625,3.375,4.875,4.3125],"texture":"#1"},"south":{"uv":[0,1,2.5,1.9375],"texture":"#1"},"west":{"uv":[1.5,4.75,1.75,5.6875],"texture":"#1"},"up":{"uv":[5,0.25,2.5,0],"texture":"#1"},"down":{"uv":[5,0.25,2.5,0.5],"texture":"#1"}}},{"from":[9.491,15.737,6.545],"to":[11.381,23.941,9.329],"rotation":{"angle":0,"axis":"y","origin":[14.468,11.693,8]},"faces":{"north":{"uv":[4.125,3.375,4.375,4.375],"texture":"#1"},"east":{"uv":[3.75,0.5,4.125,1.5],"texture":"#1"},"south":{"uv":[3.5,4.125,3.75,5.125],"texture":"#1"},"west":{"uv":[1.5,3.75,1.875,4.75],"texture":"#1"},"up":{"uv":[5.375,3.375,5.125,3],"texture":"#1"},"down":{"uv":[5.375,3.375,5.125,3.75],"texture":"#1"}}},{"name":"chain_sign_0","from":[4.31946,23.71903,7.51854],"to":[4.75189,24.38576,7.95293],"rotation":{"angle":0,"axis":"x","origin":[5.68378,25.24783,7.73574]},"faces":{"north":{"uv":[5.75,4,5.8125,4.0625],"texture":"#1"},"east":{"uv":[5.75,4.125,5.8125,4.1875],"texture":"#1"},"south":{"uv":[4.25,5.75,4.3125,5.8125],"texture":"#1"},"west":{"uv":[5.75,4.25,5.8125,4.3125],"texture":"#1"},"up":{"uv":[4.4375,5.8125,4.375,5.75],"texture":"#1"},"down":{"uv":[5.8125,4.375,5.75,4.4375],"texture":"#1"}}},{"name":"chain_sign_1","from":[5.18432,23.71903,7.51854],"to":[5.61675,24.38576,7.95293],"rotation":{"angle":0,"axis":"x","origin":[5.68378,25.24783,7.73574]},"faces":{"north":{"uv":[4.5,5.75,4.5625,5.8125],"texture":"#1"},"east":{"uv":[5.75,4.5,5.8125,4.5625],"texture":"#1"},"south":{"uv":[4.625,5.75,4.6875,5.8125],"texture":"#1"},"west":{"uv":[5.75,4.625,5.8125,4.6875],"texture":"#1"},"up":{"uv":[4.8125,5.8125,4.75,5.75],"texture":"#1"},"down":{"uv":[4.9375,5.75,4.875,5.8125],"texture":"#1"}}},{"name":"chain_sign_2","from":[4.75189,24.05239,7.51854],"to":[5.18432,25.05249,7.95293],"rotation":{"angle":0,"axis":"x","origin":[5.68378,25.24783,7.73574]},"faces":{"north":{"uv":[4.25,1.875,4.3125,2],"texture":"#1"},"east":{"uv":[4.375,1.875,4.4375,2],"texture":"#1"},"south":{"uv":[4.875,1.375,4.9375,1.5],"texture":"#1"},"west":{"uv":[4.875,4.25,4.9375,4.375],"texture":"#1"},"up":{"uv":[5.8125,5.1875,5.75,5.125],"texture":"#1"},"down":{"uv":[5.3125,5.75,5.25,5.8125],"texture":"#1"}}},{"name":"chain_sign_3","from":[4.31946,24.71912,7.51854],"to":[4.75189,26.05258,7.95293],"rotation":{"angle":0,"axis":"x","origin":[5.68378,25.24783,7.73574]},"faces":{"north":{"uv":[5,5.375,5.0625,5.5625],"texture":"#1"},"east":{"uv":[5.125,5.375,5.1875,5.5625],"texture":"#1"},"south":{"uv":[5.375,5.125,5.4375,5.3125],"texture":"#1"},"west":{"uv":[5.375,5.375,5.4375,5.5625],"texture":"#1"},"up":{"uv":[5.8125,5.3125,5.75,5.25],"texture":"#1"},"down":{"uv":[5.8125,5.375,5.75,5.4375],"texture":"#1"}}},{"name":"chain_sign_4","from":[5.18432,24.71912,7.51854],"to":[5.61675,26.05258,7.95293],"rotation":{"angle":0,"axis":"x","origin":[5.68378,25.24783,7.73574]},"faces":{"north":{"uv":[5.5,0,5.5625,0.1875],"texture":"#1"},"east":{"uv":[1.75,5.5,1.8125,5.6875],"texture":"#1"},"south":{"uv":[5.5,1.75,5.5625,1.9375],"texture":"#1"},"west":{"uv":[1.875,5.5,1.9375,5.6875],"texture":"#1"},"up":{"uv":[5.8125,5.5625,5.75,5.5],"texture":"#1"},"down":{"uv":[5.8125,5.625,5.75,5.6875],"texture":"#1"}}},{"name":"chain_sign_5","from":[4.75189,25.71922,7.51854],"to":[5.18432,27.05268,7.95293],"rotation":{"angle":0,"axis":"x","origin":[5.68378,25.24783,7.73574]},"faces":{"north":{"uv":[2,5.5,2.0625,5.6875],"texture":"#1"},"east":{"uv":[5.5,2,5.5625,2.1875],"texture":"#1"},"south":{"uv":[2.125,5.5,2.1875,5.6875],"texture":"#1"},"west":{"uv":[5.5,2.25,5.5625,2.4375],"texture":"#1"},"up":{"uv":[5.8125,5.8125,5.75,5.75],"texture":"#1"},"down":{"uv":[5.9375,0,5.875,0.0625],"texture":"#1"}}},{"name":"chain_sign_6","from":[4.31946,26.71931,7.51854],"to":[4.75189,28.05278,7.95293],"rotation":{"angle":0,"axis":"x","origin":[5.68378,25.24783,7.73574]},"faces":{"north":{"uv":[5.5,2.5,5.5625,2.6875],"texture":"#1"},"east":{"uv":[5.5,2.75,5.5625,2.9375],"texture":"#1"},"south":{"uv":[5.5,3,5.5625,3.1875],"texture":"#1"},"west":{"uv":[5.5,3.25,5.5625,3.4375],"texture":"#1"},"up":{"uv":[5.9375,0.1875,5.875,0.125],"texture":"#1"},"down":{"uv":[5.9375,0.25,5.875,0.3125],"texture":"#1"}}},{"name":"chain_sign_7","from":[5.18432,26.71931,7.51854],"to":[5.61675,28.05278,7.95293],"rotation":{"angle":0,"axis":"x","origin":[5.68378,25.24783,7.73574]},"faces":{"north":{"uv":[3.5,5.5,3.5625,5.6875],"texture":"#1"},"east":{"uv":[5.5,3.5,5.5625,3.6875],"texture":"#1"},"south":{"uv":[3.625,5.5,3.6875,5.6875],"texture":"#1"},"west":{"uv":[3.75,5.5,3.8125,5.6875],"texture":"#1"},"up":{"uv":[5.9375,0.4375,5.875,0.375],"texture":"#1"},"down":{"uv":[5.9375,0.5,5.875,0.5625],"texture":"#1"}}},{"name":"chain_sign_8","from":[4.75189,27.71941,7.51854],"to":[5.18432,28.38614,7.95293],"rotation":{"angle":0,"axis":"x","origin":[5.68378,25.24783,7.73574]},"faces":{"north":{"uv":[5.875,0.625,5.9375,0.6875],"texture":"#1"},"east":{"uv":[5.875,0.75,5.9375,0.8125],"texture":"#1"},"south":{"uv":[5.875,0.875,5.9375,0.9375],"texture":"#1"},"west":{"uv":[5.875,1,5.9375,1.0625],"texture":"#1"},"up":{"uv":[5.9375,1.1875,5.875,1.125],"texture":"#1"},"down":{"uv":[5.9375,1.25,5.875,1.3125],"texture":"#1"}}},{"name":"chain_sign_1","from":[4.31946,11.41903,7.51854],"to":[4.75189,12.08576,7.95293],"rotation":{"angle":0,"axis":"x","origin":[5.68378,25.24783,7.73574]},"faces":{"north":{"uv":[5.875,1.375,5.9375,1.4375],"texture":"#1"},"east":{"uv":[5.875,1.75,5.9375,1.8125],"texture":"#1"},"south":{"uv":[5.875,1.875,5.9375,1.9375],"texture":"#1"},"west":{"uv":[5.875,2,5.9375,2.0625],"texture":"#1"},"up":{"uv":[5.9375,2.1875,5.875,2.125],"texture":"#1"},"down":{"uv":[5.9375,2.25,5.875,2.3125],"texture":"#1"}}},{"name":"chain_sign_2","from":[5.18432,11.41903,7.51854],"to":[5.61675,12.08576,7.95293],"rotation":{"angle":0,"axis":"x","origin":[5.68378,25.24783,7.73574]},"faces":{"north":{"uv":[2.375,5.875,2.4375,5.9375],"texture":"#1"},"east":{"uv":[5.875,2.375,5.9375,2.4375],"texture":"#1"},"south":{"uv":[2.5,5.875,2.5625,5.9375],"texture":"#1"},"west":{"uv":[5.875,2.5,5.9375,2.5625],"texture":"#1"},"up":{"uv":[2.6875,5.9375,2.625,5.875],"texture":"#1"},"down":{"uv":[5.9375,2.625,5.875,2.6875],"texture":"#1"}}},{"name":"chain_sign_3","from":[4.75189,11.75239,7.51854],"to":[5.18432,12.75249,7.95293],"rotation":{"angle":0,"axis":"x","origin":[5.68378,25.24783,7.73574]},"faces":{"north":{"uv":[5,0.375,5.0625,0.5],"texture":"#1"},"east":{"uv":[5,1.375,5.0625,1.5],"texture":"#1"},"south":{"uv":[5,4.25,5.0625,4.375],"texture":"#1"},"west":{"uv":[5.375,1.75,5.4375,1.875],"texture":"#1"},"up":{"uv":[2.8125,5.9375,2.75,5.875],"texture":"#1"},"down":{"uv":[5.9375,2.75,5.875,2.8125],"texture":"#1"}}},{"name":"chain_sign_4","from":[4.31946,12.41912,7.51854],"to":[4.75189,13.75258,7.95293],"rotation":{"angle":0,"axis":"x","origin":[5.68378,25.24783,7.73574]},"faces":{"north":{"uv":[3.875,5.5,3.9375,5.6875],"texture":"#1"},"east":{"uv":[5.5,3.875,5.5625,4.0625],"texture":"#1"},"south":{"uv":[4,5.5,4.0625,5.6875],"texture":"#1"},"west":{"uv":[5.5,4.125,5.5625,4.3125],"texture":"#1"},"up":{"uv":[2.9375,5.9375,2.875,5.875],"texture":"#1"},"down":{"uv":[5.9375,2.875,5.875,2.9375],"texture":"#1"}}},{"name":"chain_sign_5","from":[5.18432,12.41912,7.51854],"to":[5.61675,13.75258,7.95293],"rotation":{"angle":0,"axis":"x","origin":[5.68378,25.24783,7.73574]},"faces":{"north":{"uv":[4.375,5.5,4.4375,5.6875],"texture":"#1"},"east":{"uv":[5.5,4.375,5.5625,4.5625],"texture":"#1"},"south":{"uv":[4.5,5.5,4.5625,5.6875],"texture":"#1"},"west":{"uv":[4.625,5.5,4.6875,5.6875],"texture":"#1"},"up":{"uv":[3.0625,5.9375,3,5.875],"texture":"#1"},"down":{"uv":[5.9375,3,5.875,3.0625],"texture":"#1"}}},{"name":"chain_sign_6","from":[4.75189,13.41922,7.51854],"to":[5.18432,14.75268,7.95293],"rotation":{"angle":0,"axis":"x","origin":[5.68378,25.24783,7.73574]},"faces":{"north":{"uv":[4.75,5.5,4.8125,5.6875],"texture":"#1"},"east":{"uv":[5.5,5.125,5.5625,5.3125],"texture":"#1"},"south":{"uv":[5.5,5.375,5.5625,5.5625],"texture":"#1"},"west":{"uv":[5.625,0,5.6875,0.1875],"texture":"#1"},"up":{"uv":[3.1875,5.9375,3.125,5.875],"texture":"#1"},"down":{"uv":[5.9375,3.125,5.875,3.1875],"texture":"#1"}}},{"name":"chain_sign_7","from":[4.31946,14.41931,7.51854],"to":[4.75189,15.75278,7.95293],"rotation":{"angle":0,"axis":"x","origin":[5.68378,25.24783,7.73574]},"faces":{"north":{"uv":[5.625,0.25,5.6875,0.4375],"texture":"#1"},"east":{"uv":[5.625,0.5,5.6875,0.6875],"texture":"#1"},"south":{"uv":[5.625,0.75,5.6875,0.9375],"texture":"#1"},"west":{"uv":[5.625,1,5.6875,1.1875],"texture":"#1"},"up":{"uv":[3.3125,5.9375,3.25,5.875],"texture":"#1"},"down":{"uv":[5.9375,3.25,5.875,3.3125],"texture":"#1"}}},{"name":"chain_sign_8","from":[5.18432,14.41931,7.51854],"to":[5.61675,15.75278,7.95293],"rotation":{"angle":0,"axis":"x","origin":[5.68378,25.24783,7.73574]},"faces":{"north":{"uv":[5.625,1.25,5.6875,1.4375],"texture":"#1"},"east":{"uv":[5.625,1.75,5.6875,1.9375],"texture":"#1"},"south":{"uv":[5.625,2,5.6875,2.1875],"texture":"#1"},"west":{"uv":[5.625,2.25,5.6875,2.4375],"texture":"#1"},"up":{"uv":[3.4375,5.9375,3.375,5.875],"texture":"#1"},"down":{"uv":[5.9375,3.375,5.875,3.4375],"texture":"#1"}}},{"name":"chain_sign_9","from":[4.75189,15.41941,7.51854],"to":[5.18432,16.08614,7.95293],"rotation":{"angle":0,"axis":"x","origin":[5.68378,25.24783,7.73574]},"faces":{"north":{"uv":[3.5,5.875,3.5625,5.9375],"texture":"#1"},"east":{"uv":[5.875,3.5,5.9375,3.5625],"texture":"#1"},"south":{"uv":[3.625,5.875,3.6875,5.9375],"texture":"#1"},"west":{"uv":[5.875,3.625,5.9375,3.6875],"texture":"#1"},"up":{"uv":[3.8125,5.9375,3.75,5.875],"texture":"#1"},"down":{"uv":[5.9375,3.75,5.875,3.8125],"texture":"#1"}}},{"name":"chain_sign_1","from":[-6.26454,23.71903,7.51854],"to":[-5.83211,24.38576,7.95293],"rotation":{"angle":0,"axis":"x","origin":[5.68378,25.24783,7.73574]},"faces":{"north":{"uv":[3.875,5.875,3.9375,5.9375],"texture":"#1"},"east":{"uv":[5.875,3.875,5.9375,3.9375],"texture":"#1"},"south":{"uv":[4,5.875,4.0625,5.9375],"texture":"#1"},"west":{"uv":[5.875,4,5.9375,4.0625],"texture":"#1"},"up":{"uv":[5.9375,4.1875,5.875,4.125],"texture":"#1"},"down":{"uv":[4.3125,5.875,4.25,5.9375],"texture":"#1"}}},{"name":"chain_sign_2","from":[-5.39968,23.71903,7.51854],"to":[-4.96725,24.38576,7.95293],"rotation":{"angle":0,"axis":"x","origin":[5.68378,25.24783,7.73574]},"faces":{"north":{"uv":[5.875,4.25,5.9375,4.3125],"texture":"#1"},"east":{"uv":[4.375,5.875,4.4375,5.9375],"texture":"#1"},"south":{"uv":[5.875,4.375,5.9375,4.4375],"texture":"#1"},"west":{"uv":[4.5,5.875,4.5625,5.9375],"texture":"#1"},"up":{"uv":[5.9375,4.5625,5.875,4.5],"texture":"#1"},"down":{"uv":[4.6875,5.875,4.625,5.9375],"texture":"#1"}}},{"name":"chain_sign_3","from":[-5.83211,24.05239,7.51854],"to":[-5.39968,25.05249,7.95293],"rotation":{"angle":0,"axis":"x","origin":[5.68378,25.24783,7.73574]},"faces":{"north":{"uv":[5.375,3.625,5.4375,3.75],"texture":"#1"},"east":{"uv":[5.375,4.5,5.4375,4.625],"texture":"#1"},"south":{"uv":[5.5,0.25,5.5625,0.375],"texture":"#1"},"west":{"uv":[5.75,2.75,5.8125,2.875],"texture":"#1"},"up":{"uv":[5.9375,4.6875,5.875,4.625],"texture":"#1"},"down":{"uv":[4.8125,5.875,4.75,5.9375],"texture":"#1"}}},{"name":"chain_sign_4","from":[-6.26454,24.71912,7.51854],"to":[-5.83211,26.05258,7.95293],"rotation":{"angle":0,"axis":"x","origin":[5.68378,25.24783,7.73574]},"faces":{"north":{"uv":[2.375,5.625,2.4375,5.8125],"texture":"#1"},"east":{"uv":[2.5,5.625,2.5625,5.8125],"texture":"#1"},"south":{"uv":[5.625,2.5,5.6875,2.6875],"texture":"#1"},"west":{"uv":[2.625,5.625,2.6875,5.8125],"texture":"#1"},"up":{"uv":[5.9375,4.8125,5.875,4.75],"texture":"#1"},"down":{"uv":[4.9375,5.875,4.875,5.9375],"texture":"#1"}}},{"name":"chain_sign_5","from":[-5.39968,24.71912,7.51854],"to":[-4.96725,26.05258,7.95293],"rotation":{"angle":0,"axis":"x","origin":[5.68378,25.24783,7.73574]},"faces":{"north":{"uv":[2.75,5.625,2.8125,5.8125],"texture":"#1"},"east":{"uv":[5.625,2.75,5.6875,2.9375],"texture":"#1"},"south":{"uv":[2.875,5.625,2.9375,5.8125],"texture":"#1"},"west":{"uv":[3,5.625,3.0625,5.8125],"texture":"#1"},"up":{"uv":[5.9375,4.9375,5.875,4.875],"texture":"#1"},"down":{"uv":[5.0625,5.875,5,5.9375],"texture":"#1"}}},{"name":"chain_sign_6","from":[-5.83211,25.71922,7.51854],"to":[-5.39968,27.05268,7.95293],"rotation":{"angle":0,"axis":"x","origin":[5.68378,25.24783,7.73574]},"faces":{"north":{"uv":[5.625,3,5.6875,3.1875],"texture":"#1"},"east":{"uv":[3.125,5.625,3.1875,5.8125],"texture":"#1"},"south":{"uv":[3.25,5.625,3.3125,5.8125],"texture":"#1"},"west":{"uv":[5.625,3.25,5.6875,3.4375],"texture":"#1"},"up":{"uv":[5.9375,5.0625,5.875,5],"texture":"#1"},"down":{"uv":[5.1875,5.875,5.125,5.9375],"texture":"#1"}}},{"name":"chain_sign_7","from":[-6.26454,26.71931,7.51854],"to":[-5.83211,28.05278,7.95293],"rotation":{"angle":0,"axis":"x","origin":[5.68378,25.24783,7.73574]},"faces":{"north":{"uv":[5.625,3.5,5.6875,3.6875],"texture":"#1"},"east":{"uv":[5.625,3.875,5.6875,4.0625],"texture":"#1"},"south":{"uv":[5.625,4.125,5.6875,4.3125],"texture":"#1"},"west":{"uv":[5.625,4.375,5.6875,4.5625],"texture":"#1"},"up":{"uv":[5.9375,5.1875,5.875,5.125],"texture":"#1"},"down":{"uv":[5.3125,5.875,5.25,5.9375],"texture":"#1"}}},{"name":"chain_sign_8","from":[-5.39968,26.71931,7.51854],"to":[-4.96725,28.05278,7.95293],"rotation":{"angle":0,"axis":"x","origin":[5.68378,25.24783,7.73574]},"faces":{"north":{"uv":[5,5.625,5.0625,5.8125],"texture":"#1"},"east":{"uv":[5.125,5.625,5.1875,5.8125],"texture":"#1"},"south":{"uv":[5.625,5.125,5.6875,5.3125],"texture":"#1"},"west":{"uv":[5.375,5.625,5.4375,5.8125],"texture":"#1"},"up":{"uv":[5.9375,5.3125,5.875,5.25],"texture":"#1"},"down":{"uv":[5.4375,5.875,5.375,5.9375],"texture":"#1"}}},{"name":"chain_sign_9","from":[-5.83211,27.71941,7.51854],"to":[-5.39968,28.38614,7.95293],"rotation":{"angle":0,"axis":"x","origin":[5.68378,25.24783,7.73574]},"faces":{"north":{"uv":[5.875,5.375,5.9375,5.4375],"texture":"#1"},"east":{"uv":[5.5,5.875,5.5625,5.9375],"texture":"#1"},"south":{"uv":[5.875,5.5,5.9375,5.5625],"texture":"#1"},"west":{"uv":[5.625,5.875,5.6875,5.9375],"texture":"#1"},"up":{"uv":[5.9375,5.6875,5.875,5.625],"texture":"#1"},"down":{"uv":[5.8125,5.875,5.75,5.9375],"texture":"#1"}}},{"name":"chain_sign_2","from":[-6.26454,11.41903,7.51854],"to":[-5.83211,12.08576,7.95293],"rotation":{"angle":0,"axis":"x","origin":[5.68378,25.24783,7.73574]},"faces":{"north":{"uv":[5.875,5.75,5.9375,5.8125],"texture":"#1"},"east":{"uv":[5.875,5.875,5.9375,5.9375],"texture":"#1"},"south":{"uv":[6,0,6.0625,0.0625],"texture":"#1"},"west":{"uv":[6,0.125,6.0625,0.1875],"texture":"#1"},"up":{"uv":[6.0625,0.3125,6,0.25],"texture":"#1"},"down":{"uv":[6.0625,0.375,6,0.4375],"texture":"#1"}}},{"name":"chain_sign_3","from":[-5.39968,11.41903,7.51854],"to":[-4.96725,12.08576,7.95293],"rotation":{"angle":0,"axis":"x","origin":[5.68378,25.24783,7.73574]},"faces":{"north":{"uv":[6,0.5,6.0625,0.5625],"texture":"#1"},"east":{"uv":[6,0.625,6.0625,0.6875],"texture":"#1"},"south":{"uv":[6,0.75,6.0625,0.8125],"texture":"#1"},"west":{"uv":[6,0.875,6.0625,0.9375],"texture":"#1"},"up":{"uv":[6.0625,1.0625,6,1],"texture":"#1"},"down":{"uv":[6.0625,1.125,6,1.1875],"texture":"#1"}}},{"name":"chain_sign_4","from":[-5.83211,11.75239,7.51854],"to":[-5.39968,12.75249,7.95293],"rotation":{"angle":0,"axis":"x","origin":[5.68378,25.24783,7.73574]},"faces":{"north":{"uv":[5.75,2.875,5.8125,3],"texture":"#1"},"east":{"uv":[5.75,3,5.8125,3.125],"texture":"#1"},"south":{"uv":[5.75,3.125,5.8125,3.25],"texture":"#1"},"west":{"uv":[5.75,3.25,5.8125,3.375],"texture":"#1"},"up":{"uv":[6.0625,1.3125,6,1.25],"texture":"#1"},"down":{"uv":[6.0625,1.375,6,1.4375],"texture":"#1"}}},{"name":"chain_sign_5","from":[-6.26454,12.41912,7.51854],"to":[-5.83211,13.75258,7.95293],"rotation":{"angle":0,"axis":"x","origin":[5.68378,25.24783,7.73574]},"faces":{"north":{"uv":[5.625,5.375,5.6875,5.5625],"texture":"#1"},"east":{"uv":[5.5,5.625,5.5625,5.8125],"texture":"#1"},"south":{"uv":[5.625,5.625,5.6875,5.8125],"texture":"#1"},"west":{"uv":[5.75,0,5.8125,0.1875],"texture":"#1"},"up":{"uv":[1.5625,6.0625,1.5,6],"texture":"#1"},"down":{"uv":[6.0625,1.5,6,1.5625],"texture":"#1"}}},{"name":"chain_sign_6","from":[-5.39968,12.41912,7.51854],"to":[-4.96725,13.75258,7.95293],"rotation":{"angle":0,"axis":"x","origin":[5.68378,25.24783,7.73574]},"faces":{"north":{"uv":[5.75,0.25,5.8125,0.4375],"texture":"#1"},"east":{"uv":[5.75,0.5,5.8125,0.6875],"texture":"#1"},"south":{"uv":[5.75,0.75,5.8125,0.9375],"texture":"#1"},"west":{"uv":[5.75,1,5.8125,1.1875],"texture":"#1"},"up":{"uv":[1.6875,6.0625,1.625,6],"texture":"#1"},"down":{"uv":[6.0625,1.625,6,1.6875],"texture":"#1"}}},{"name":"chain_sign_7","from":[-5.83211,13.41922,7.51854],"to":[-5.39968,14.75268,7.95293],"rotation":{"angle":0,"axis":"x","origin":[5.68378,25.24783,7.73574]},"faces":{"north":{"uv":[5.75,1.25,5.8125,1.4375],"texture":"#1"},"east":{"uv":[1.5,5.75,1.5625,5.9375],"texture":"#1"},"south":{"uv":[1.625,5.75,1.6875,5.9375],"texture":"#1"},"west":{"uv":[1.75,5.75,1.8125,5.9375],"texture":"#1"},"up":{"uv":[1.8125,6.0625,1.75,6],"texture":"#1"},"down":{"uv":[6.0625,1.75,6,1.8125],"texture":"#1"}}},{"name":"chain_sign_8","from":[-6.26454,14.41931,7.51854],"to":[-5.83211,15.75278,7.95293],"rotation":{"angle":0,"axis":"x","origin":[5.68378,25.24783,7.73574]},"faces":{"north":{"uv":[5.75,1.75,5.8125,1.9375],"texture":"#1"},"east":{"uv":[1.875,5.75,1.9375,5.9375],"texture":"#1"},"south":{"uv":[2,5.75,2.0625,5.9375],"texture":"#1"},"west":{"uv":[5.75,2,5.8125,2.1875],"texture":"#1"},"up":{"uv":[1.9375,6.0625,1.875,6],"texture":"#1"},"down":{"uv":[6.0625,1.875,6,1.9375],"texture":"#1"}}},{"name":"chain_sign_9","from":[-5.39968,14.41931,7.51854],"to":[-4.96725,15.75278,7.95293],"rotation":{"angle":0,"axis":"x","origin":[5.68378,25.24783,7.73574]},"faces":{"north":{"uv":[2.125,5.75,2.1875,5.9375],"texture":"#1"},"east":{"uv":[2.25,5.75,2.3125,5.9375],"texture":"#1"},"south":{"uv":[5.75,2.25,5.8125,2.4375],"texture":"#1"},"west":{"uv":[5.75,2.5,5.8125,2.6875],"texture":"#1"},"up":{"uv":[2.0625,6.0625,2,6],"texture":"#1"},"down":{"uv":[6.0625,2,6,2.0625],"texture":"#1"}}},{"name":"chain_sign_10","from":[-5.83211,15.41941,7.51854],"to":[-5.39968,16.08614,7.95293],"rotation":{"angle":0,"axis":"x","origin":[5.68378,25.24783,7.73574]},"faces":{"north":{"uv":[2.125,6,2.1875,6.0625],"texture":"#1"},"east":{"uv":[6,2.125,6.0625,2.1875],"texture":"#1"},"south":{"uv":[2.25,6,2.3125,6.0625],"texture":"#1"},"west":{"uv":[6,2.25,6.0625,2.3125],"texture":"#1"},"up":{"uv":[2.4375,6.0625,2.375,6],"texture":"#1"},"down":{"uv":[6.0625,2.375,6,2.4375],"texture":"#1"}}}],"display":{"thirdperson_righthand":{"rotation":[0,-91.5,0],"translation":[0,3,0],"scale":[0.4,0.4,0.4]},"thirdperson_lefthand":{"rotation":[0,90,0],"scale":[0.4,0.4,0.4]},"firstperson_righthand":{"translation":[5.25,0,0],"scale":[0.39,0.39,0.39]},"firstperson_lefthand":{"translation":[1.75,0,0],"scale":[0.39,0.39,0.39]},"ground":{"translation":[0,10,0]},"gui":{"translation":[3.5,1.5,0],"scale":[0.54,0.54,0.54]},"head":{"translation":[-3.5,9.5,0],"scale":[2.21,2.21,2.21]},"fixed":{"translation":[0,0,-0.75]}}}