{"credit":"Made with Blockbench","texture_size":[128,128],"textures":{"0":"block/lr_gryffin_nest","1":"lr_gryffin_feather"},"elements":[{"from":[2,3,2],"to":[14,11,14],"rotation":{"angle":0,"axis":"y","origin":[8,1,8]},"faces":{"north":{"uv":[5.625,3.375,7.125,4.375],"texture":"#0"},"east":{"uv":[2,5.875,3.5,6.875],"texture":"#0"},"south":{"uv":[3.5,5.875,5,6.875],"texture":"#0"},"west":{"uv":[6.75,4.375,8.25,5.375],"texture":"#0"},"up":{"uv":[4,5.875,2.5,4.375],"texture":"#0"},"down":{"uv":[5.5,4.375,4,5.875],"texture":"#0"}}},{"from":[3,1,3],"to":[13,16,13],"rotation":{"angle":0,"axis":"y","origin":[8,1,8]},"faces":{"north":{"uv":[1.75,1.75,3,3.625],"texture":"#0"},"east":{"uv":[3,1.75,4.25,3.625],"texture":"#0"},"south":{"uv":[0,3.5,1.25,5.375],"texture":"#0"},"west":{"uv":[1.25,3.625,2.5,5.5],"texture":"#0"},"up":{"uv":[6.75,5.625,5.5,4.375],"texture":"#0"},"down":{"uv":[6.75,5.625,5.5,6.875],"texture":"#0"}}},{"from":[-5,1.42505,21.88544],"to":[20,1.42505,24.88544],"rotation":{"angle":22.5,"axis":"x","origin":[7.5,1.42505,23.38544]},"faces":{"north":{"uv":[3.125,0,0,0],"texture":"#0"},"east":{"uv":[0.375,0,0,0],"texture":"#0"},"south":{"uv":[3.125,0,0,0],"texture":"#0"},"west":{"uv":[0.375,0,0,0],"texture":"#0"},"up":{"uv":[8,1.25,4.875,1.625],"texture":"#0"},"down":{"uv":[8,1.625,4.875,1.25],"texture":"#0"}}},{"from":[-7,0,-1],"to":[1,7,17],"rotation":{"angle":0,"axis":"y","origin":[8,0,8]},"faces":{"north":{"uv":[6.5,2.5,7.5,3.375],"texture":"#0"},"east":{"uv":[4.25,2.5,6.5,3.375],"texture":"#0"},"south":{"uv":[6.75,5.375,7.75,6.25],"texture":"#0"},"west":{"uv":[4.875,0,7.125,0.875],"texture":"#0"},"up":{"uv":[1,7.625,0,5.375],"texture":"#0"},"down":{"uv":[2,5.5,1,7.75],"texture":"#0"}}},{"from":[-1.57403,6.88582,-1],"to":[-1.57403,9.88582,17],"rotation":{"angle":22.5,"axis":"z","origin":[-1.57403,8.38582,8]},"faces":{"north":{"uv":[0,0,0,0.375],"texture":"#0"},"east":{"uv":[6.75,6.625,9,7],"texture":"#0"},"south":{"uv":[0,0,0,0.375],"texture":"#0"},"west":{"uv":[6.75,6.625,9,7],"texture":"#0"},"up":{"uv":[0,2.25,0,0],"texture":"#0"},"down":{"uv":[0,0,0,2.25],"texture":"#0"}}},{"from":[-9.57364,6.8849,-1],"to":[-7.57364,6.8849,17],"rotation":{"angle":22.5,"axis":"z","origin":[-7.57364,8.3849,8]},"faces":{"north":{"uv":[0,0,0.25,0],"texture":"#0"},"east":{"uv":[0,0,2.25,0],"texture":"#0"},"south":{"uv":[0,0,0.25,0],"texture":"#0"},"west":{"uv":[0,0,2.25,0],"texture":"#0"},"up":{"uv":[3.125,9.375,2.875,7.125],"texture":"#0"},"down":{"uv":[3.125,7.125,2.875,9.375],"texture":"#0"}}},{"from":[17.57403,6.88582,-1],"to":[17.57403,9.88582,17],"rotation":{"angle":-22.5,"axis":"z","origin":[17.57403,8.38582,8]},"faces":{"north":{"uv":[0,0,0,0.375],"texture":"#0"},"east":{"uv":[9,6.625,6.75,7],"texture":"#0"},"south":{"uv":[0,0,0,0.375],"texture":"#0"},"west":{"uv":[9,6.625,6.75,7],"texture":"#0"},"up":{"uv":[0,2.25,0,0],"texture":"#0"},"down":{"uv":[0,0,0,2.25],"texture":"#0"}}},{"from":[15,0,-1],"to":[23,7,17],"rotation":{"angle":0,"axis":"y","origin":[8,0,8]},"faces":{"north":{"uv":[7.5,2.5,6.5,3.375],"texture":"#0"},"east":{"uv":[7.125,0,4.875,0.875],"texture":"#0"},"south":{"uv":[7.75,5.375,6.75,6.25],"texture":"#0"},"west":{"uv":[6.5,2.5,4.25,3.375],"texture":"#0"},"up":{"uv":[0,7.625,1,5.375],"texture":"#0"},"down":{"uv":[1,5.5,2,7.75],"texture":"#0"}}},{"from":[23.57364,6.8849,-1],"to":[25.57364,6.8849,17],"rotation":{"angle":-22.5,"axis":"z","origin":[23.57364,8.3849,8]},"faces":{"north":{"uv":[0.25,0,0,0],"texture":"#0"},"east":{"uv":[2.25,0,0,0],"texture":"#0"},"south":{"uv":[0.25,0,0,0],"texture":"#0"},"west":{"uv":[2.25,0,0,0],"texture":"#0"},"up":{"uv":[2.875,9.375,3.125,7.125],"texture":"#0"},"down":{"uv":[2.875,7.125,3.125,9.375],"texture":"#0"}}},{"from":[-5,7,12],"to":[3,7,18],"rotation":{"angle":-22.5,"axis":"z","origin":[-1,7.57406,15]},"faces":{"north":{"uv":[0,0,4,0],"texture":"#1"},"east":{"uv":[0,0,3,0],"texture":"#1"},"south":{"uv":[0,0,4,0],"texture":"#1"},"west":{"uv":[0,0,3,0],"texture":"#1"},"up":{"uv":[4,6,0,3],"texture":"#1"},"down":{"uv":[4,3,0,6],"texture":"#1"}}},{"from":[-10.47622,5.51289,12],"to":[-4.47622,5.51289,18],"rotation":{"angle":-45,"axis":"z","origin":[-1,7.57406,15]},"faces":{"north":{"uv":[0,0,3,0],"texture":"#1"},"east":{"uv":[0,0,3,0],"texture":"#1"},"south":{"uv":[0,0,3,0],"texture":"#1"},"west":{"uv":[0,0,3,0],"texture":"#1"},"up":{"uv":[3,3,0,0],"texture":"#1"},"down":{"uv":[3,0,0,3],"texture":"#1"}}},{"from":[2.47622,5.51289,12],"to":[8.47622,5.51289,18],"rotation":{"angle":0,"axis":"z","origin":[-1,7.57406,15]},"faces":{"north":{"uv":[0,0,3,0],"texture":"#1"},"east":{"uv":[0,0,3,0],"texture":"#1"},"south":{"uv":[0,0,3,0],"texture":"#1"},"west":{"uv":[0,0,3,0],"texture":"#1"},"up":{"uv":[3,9,0,6],"texture":"#1"},"down":{"uv":[3,6,0,9],"texture":"#1"}}},{"from":[12,4.51289,-10.47622],"to":[18,4.51289,-4.47622],"rotation":{"angle":0,"axis":"x","origin":[15,6.57406,-1]},"faces":{"north":{"uv":[0,0,3,0],"texture":"#1"},"east":{"uv":[0,0,3,0],"texture":"#1"},"south":{"uv":[0,0,3,0],"texture":"#1"},"west":{"uv":[0,0,3,0],"texture":"#1"},"up":{"uv":[3,3,0,0],"rotation":90,"texture":"#1"},"down":{"uv":[3,0,0,3],"rotation":270,"texture":"#1"}}},{"from":[12,4.51289,2.47622],"to":[18,4.51289,8.47622],"rotation":{"angle":-45,"axis":"x","origin":[15,6.57406,-1]},"faces":{"north":{"uv":[0,0,3,0],"texture":"#1"},"east":{"uv":[0,0,3,0],"texture":"#1"},"south":{"uv":[0,0,3,0],"texture":"#1"},"west":{"uv":[0,0,3,0],"texture":"#1"},"up":{"uv":[3,9,0,6],"rotation":90,"texture":"#1"},"down":{"uv":[3,6,0,9],"rotation":270,"texture":"#1"}}},{"from":[12,6,-5],"to":[18,6,3],"rotation":{"angle":-22.5,"axis":"x","origin":[15,6.57406,-1]},"faces":{"north":{"uv":[0,0,3,0],"texture":"#1"},"east":{"uv":[0,0,4,0],"texture":"#1"},"south":{"uv":[0,0,3,0],"texture":"#1"},"west":{"uv":[0,0,4,0],"texture":"#1"},"up":{"uv":[4,6,0,3],"rotation":90,"texture":"#1"},"down":{"uv":[4,3,0,6],"rotation":270,"texture":"#1"}}},{"from":[-5,0,-6],"to":[20,6,1],"rotation":{"angle":0,"axis":"y","origin":[8,0,8]},"faces":{"north":{"uv":[2.5,3.625,5.625,4.375],"texture":"#0"},"east":{"uv":[7.125,0,8,0.75],"texture":"#0"},"south":{"uv":[4.25,1.75,7.375,2.5],"texture":"#0"},"west":{"uv":[2,7.125,2.875,7.875],"texture":"#0"},"up":{"uv":[4.875,0.875,1.75,0],"texture":"#0"},"down":{"uv":[4.875,0.875,1.75,1.75],"texture":"#0"}}},{"from":[-5,1.42505,-8.88544],"to":[20,1.42505,-5.88544],"rotation":{"angle":-22.5,"axis":"x","origin":[7.5,1.42505,-7.38544]},"faces":{"north":{"uv":[0,0,3.125,0],"texture":"#0"},"east":{"uv":[0,0,0.375,0],"texture":"#0"},"south":{"uv":[0,0,3.125,0],"texture":"#0"},"west":{"uv":[0,0,0.375,0],"texture":"#0"},"up":{"uv":[8,1.625,4.875,1.25],"texture":"#0"},"down":{"uv":[8,1.25,4.875,1.625],"texture":"#0"}}},{"from":[-5,5.92388,-6.38268],"to":[20,7.92388,-6.38268],"rotation":{"angle":-22.5,"axis":"x","origin":[7.5,6.92388,-6.38268]},"faces":{"north":{"uv":[2,6.875,5.125,7.125],"texture":"#0"},"east":{"uv":[0,0,0,0.25],"texture":"#0"},"south":{"uv":[2,6.875,5.125,7.125],"texture":"#0"},"west":{"uv":[0,0,0,0.25],"texture":"#0"},"up":{"uv":[3.125,0,0,0],"texture":"#0"},"down":{"uv":[3.125,0,0,0],"texture":"#0"}}},{"from":[-5,0,15],"to":[20,6,22],"rotation":{"angle":0,"axis":"y","origin":[8,0,8]},"faces":{"north":{"uv":[7.375,1.75,4.25,2.5],"texture":"#0"},"east":{"uv":[8,0,7.125,0.75],"texture":"#0"},"south":{"uv":[5.625,3.625,2.5,4.375],"texture":"#0"},"west":{"uv":[2.875,7.125,2,7.875],"texture":"#0"},"up":{"uv":[4.875,0,1.75,0.875],"texture":"#0"},"down":{"uv":[4.875,1.75,1.75,0.875],"texture":"#0"}}},{"from":[-5,5.92388,22.38268],"to":[20,7.92388,22.38268],"rotation":{"angle":22.5,"axis":"x","origin":[7.5,6.92388,22.38268]},"faces":{"north":{"uv":[5.125,6.875,2,7.125],"texture":"#0"},"east":{"uv":[0,0,0,0.25],"texture":"#0"},"south":{"uv":[5.125,6.875,2,7.125],"texture":"#0"},"west":{"uv":[0,0,0,0.25],"texture":"#0"},"up":{"uv":[3.125,0,0,0],"texture":"#0"},"down":{"uv":[3.125,0,0,0],"texture":"#0"}}},{"from":[1,0,1],"to":[15,2,15],"rotation":{"angle":0,"axis":"y","origin":[8,0,2]},"faces":{"north":{"uv":[3.375,7.125,5.125,7.375],"texture":"#0"},"east":{"uv":[7.125,3.375,8.875,3.625],"texture":"#0"},"south":{"uv":[7.125,3.625,8.875,3.875],"texture":"#0"},"west":{"uv":[7.125,3.875,8.875,4.125],"texture":"#0"},"up":{"uv":[1.75,1.75,0,0],"texture":"#0"},"down":{"uv":[1.75,1.75,0,3.5],"texture":"#0"}}},{"from":[-8,0,-7],"to":[24,21,23],"rotation":{"angle":0,"axis":"y","origin":[8,0,8]},"faces":{"north":{"uv":[0,0,4,2.625],"texture":"#0"},"east":{"uv":[0,0,3.75,2.625],"texture":"#0"},"south":{"uv":[0,0,4,2.625],"texture":"#0"},"west":{"uv":[0,0,3.75,2.625],"texture":"#0"},"up":{"uv":[0,0,4,3.75],"texture":"#0"},"down":{"uv":[0,0,4,3.75],"texture":"#0"}}}]}