{"textures":{"0":"modelengine:entity/ninetailhuman","1":"modelengine:entity/katanaleft","2":"modelengine:entity/katanaright","3":"modelengine:entity/darkkatanaribbon","4":"modelengine:entity/katanarightblade","5":"modelengine:entity/lightkatanaribbon","6":"modelengine:entity/katanaleftaura","7":"modelengine:entity/katanarightaura"},"elements":[{"name":"box5","from":[5.6112947,1.6002879,8.0],"to":[10.388705,8.031418,8.0],"rotation":{"angle":0.0,"axis":"x","origin":[8.839191,3.4377532,6.243637]},"faces":{"down":{"uv":[8.859375,7.6875,8.375,7.6875],"rotation":0,"texture":"#0","tintindex":0},"east":{"uv":[5.75,7.5,5.75,8.140625],"rotation":0,"texture":"#0","tintindex":0},"north":{"uv":[1.046875,0.8125,0.5625,1.453125],"rotation":0,"texture":"#0","tintindex":0},"south":{"uv":[0.5625,0.8125,1.046875,1.453125],"rotation":0,"texture":"#0","tintindex":0},"up":{"uv":[5.984375,4.625,5.5,4.625],"rotation":0,"texture":"#0","tintindex":0},"west":{"uv":[0.75,8.4375,0.75,9.078125],"rotation":0,"texture":"#0","tintindex":0}}}],"display":{"head":{"translation":[0.0,-6.4,0.0],"rotation":[0.0,0.0,0.0],"scale":[3.8095,3.8095,3.8095]}}}