{"textures":{"0":"modelengine:entity/ninetailhuman","1":"modelengine:entity/katanaleft","2":"modelengine:entity/katanaright","3":"modelengine:entity/darkkatanaribbon","4":"modelengine:entity/katanarightblade","5":"modelengine:entity/lightkatanaribbon","6":"modelengine:entity/katanaleftaura","7":"modelengine:entity/katanarightaura"},"elements":[{"name":"hair","from":[6.466169,2.0992155,8.501038],"to":[6.466169,7.675162,11.656346],"rotation":{"angle":-22.5,"axis":"x","origin":[6.7203465,3.0348525,7.8475766]},"faces":{"down":{"uv":[7.265625,7.8125,7.25,8.15625],"rotation":0,"texture":"#0","tintindex":0},"east":{"uv":[3.25,3.375,3.59375,3.984375],"rotation":0,"texture":"#0","tintindex":0},"north":{"uv":[2.125,7.5625,2.140625,8.171875],"rotation":0,"texture":"#0","tintindex":0},"south":{"uv":[2.25,7.5625,2.265625,8.171875],"rotation":0,"texture":"#0","tintindex":0},"up":{"uv":[7.140625,8.15625,7.125,7.8125],"rotation":0,"texture":"#0","tintindex":0},"west":{"uv":[3.59375,3.375,3.25,3.984375],"rotation":0,"texture":"#0","tintindex":0}}},{"name":"hair","from":[7.9123526,2.0992155,8.501038],"to":[7.9123526,7.675162,11.656346],"rotation":{"angle":-22.5,"axis":"x","origin":[6.7203465,3.0348525,7.8475766]},"faces":{"down":{"uv":[7.828125,7.625,7.8125,7.96875],"rotation":0,"texture":"#0","tintindex":0},"east":{"uv":[3.25,3.375,3.59375,3.984375],"rotation":0,"texture":"#0","tintindex":0},"north":{"uv":[2.375,7.5625,2.390625,8.171875],"rotation":0,"texture":"#0","tintindex":0},"south":{"uv":[2.5,7.5625,2.515625,8.171875],"rotation":0,"texture":"#0","tintindex":0},"up":{"uv":[7.640625,8.15625,7.625,7.8125],"rotation":0,"texture":"#0","tintindex":0},"west":{"uv":[3.59375,3.375,3.25,3.984375],"rotation":0,"texture":"#0","tintindex":0}}},{"name":"hair","from":[9.621479,2.0992155,8.501038],"to":[9.621479,7.675162,11.656346],"rotation":{"angle":-22.5,"axis":"x","origin":[6.7203465,3.0348525,7.8475766]},"faces":{"down":{"uv":[7.890625,1.375,7.875,1.71875],"rotation":0,"texture":"#0","tintindex":0},"east":{"uv":[3.25,3.375,3.59375,3.984375],"rotation":0,"texture":"#0","tintindex":0},"north":{"uv":[2.625,7.5625,2.640625,8.171875],"rotation":0,"texture":"#0","tintindex":0},"south":{"uv":[2.75,7.5625,2.765625,8.171875],"rotation":0,"texture":"#0","tintindex":0},"up":{"uv":[7.890625,0.34375,7.875,0.0],"rotation":0,"texture":"#0","tintindex":0},"west":{"uv":[3.59375,3.375,3.25,3.984375],"rotation":0,"texture":"#0","tintindex":0}}}],"display":{"head":{"translation":[0.0,-6.4,0.0],"rotation":[0.0,0.0,0.0],"scale":[3.8095,3.8095,3.8095]}}}