{"textures":{"0":"modelengine:entity/ninetailhuman","1":"modelengine:entity/katanaleft","2":"modelengine:entity/katanaright","3":"modelengine:entity/darkkatanaribbon","4":"modelengine:entity/katanarightblade","5":"modelengine:entity/lightkatanaribbon","6":"modelengine:entity/katanaleftaura","7":"modelengine:entity/katanarightaura"},"elements":[{"name":"box6","from":[5.6112947,1.5891579,8.0],"to":[10.388705,8.0202875,8.0],"rotation":{"angle":0.0,"axis":"x","origin":[8.839191,9.857753,6.243637]},"faces":{"down":{"uv":[8.984375,5.6875,8.5,5.6875],"rotation":0,"texture":"#0","tintindex":0},"east":{"uv":[4.25,8.4375,4.25,9.078125],"rotation":0,"texture":"#0","tintindex":0},"north":{"uv":[1.609375,0.75,1.125,1.390625],"rotation":0,"texture":"#0","tintindex":0},"south":{"uv":[1.125,0.75,1.609375,1.390625],"rotation":0,"texture":"#0","tintindex":0},"up":{"uv":[8.921875,5.625,8.4375,5.625],"rotation":0,"texture":"#0","tintindex":0},"west":{"uv":[6.5625,8.4375,6.5625,9.078125],"rotation":0,"texture":"#0","tintindex":0}}}],"display":{"head":{"translation":[0.0,-6.4,0.0],"rotation":[0.0,0.0,0.0],"scale":[3.8095,3.8095,3.8095]}}}