{"textures":{"0":"modelengine:entity/ninetailhuman","1":"modelengine:entity/katanaleft","2":"modelengine:entity/katanaright","3":"modelengine:entity/darkkatanaribbon","4":"modelengine:entity/katanarightblade","5":"modelengine:entity/lightkatanaribbon","6":"modelengine:entity/katanaleftaura","7":"modelengine:entity/katanarightaura"},"elements":[{"name":"box3","from":[6.94016,7.447999,8.0],"to":[8.04416,8.551999,8.0],"rotation":{"angle":0.0,"axis":"x","origin":[7.871549,7.3832617,10.396711]},"faces":{"down":{"uv":[3.796875,6.125,3.5625,6.359375],"rotation":0,"texture":"#0","tintindex":0},"east":{"uv":[7.375,6.25,7.609375,6.3125],"rotation":0,"texture":"#0","tintindex":0},"north":{"uv":[8.78125,5.265625,8.921875,5.40625],"rotation":0,"texture":"#0","tintindex":0},"south":{"uv":[8.921875,5.265625,8.78125,5.40625],"rotation":0,"texture":"#0","tintindex":0},"up":{"uv":[6.359375,3.609375,6.125,3.375],"rotation":0,"texture":"#0","tintindex":0},"west":{"uv":[7.375,7.125,7.609375,7.1875],"rotation":0,"texture":"#0","tintindex":0}}},{"name":"box4","from":[7.95584,7.447999,8.0],"to":[9.05984,8.551999,8.0],"rotation":{"angle":0.0,"axis":"x","origin":[8.150531,7.3832617,10.396711]},"faces":{"down":{"uv":[3.5625,6.125,3.796875,6.359375],"rotation":0,"texture":"#0","tintindex":0},"east":{"uv":[7.609375,7.125,7.375,7.1875],"rotation":0,"texture":"#0","tintindex":0},"north":{"uv":[8.921875,5.265625,8.78125,5.40625],"rotation":0,"texture":"#0","tintindex":0},"south":{"uv":[8.78125,5.265625,8.921875,5.40625],"rotation":0,"texture":"#0","tintindex":0},"up":{"uv":[6.125,3.609375,6.359375,3.375],"rotation":0,"texture":"#0","tintindex":0},"west":{"uv":[7.609375,6.25,7.375,6.3125],"rotation":0,"texture":"#0","tintindex":0}}}],"display":{"head":{"translation":[0.0,-6.4,0.0],"rotation":[0.0,0.0,0.0],"scale":[3.8095,3.8095,3.8095]}}}