{"textures":{"0":"modelengine:entity/ninetailhuman","1":"modelengine:entity/katanaleft","2":"modelengine:entity/katanaright","3":"modelengine:entity/darkkatanaribbon","4":"modelengine:entity/katanarightblade","5":"modelengine:entity/lightkatanaribbon","6":"modelengine:entity/katanaleftaura","7":"modelengine:entity/katanarightaura"},"elements":[{"name":"box1","from":[7.5617204,7.169161,7.383075],"to":[8.355629,8.280633,8.812111],"rotation":{"angle":0.0,"axis":"x","origin":[8.004243,15.14412,7.2490644]},"faces":{"down":{"uv":[7.578125,0.0,7.5,0.140625],"rotation":0,"texture":"#0","tintindex":0},"east":{"uv":[7.375,0.75,7.515625,0.859375],"rotation":0,"texture":"#0","tintindex":0},"north":{"uv":[7.625,5.5,7.703125,5.609375],"rotation":0,"texture":"#0","tintindex":0},"south":{"uv":[7.703125,5.5,7.625,5.609375],"rotation":0,"texture":"#0","tintindex":0},"up":{"uv":[7.515625,6.953125,7.4375,6.8125],"rotation":0,"texture":"#0","tintindex":0},"west":{"uv":[1.0,7.375,1.140625,7.484375],"rotation":0,"texture":"#0","tintindex":0}}},{"name":"box2","from":[7.661068,6.2753572,8.586616],"to":[8.671675,6.5680237,8.793032],"rotation":{"angle":0.0,"axis":"x","origin":[8.004243,15.14412,7.2490644]},"faces":{"down":{"uv":[8.28125,8.3125,8.1875,8.328125],"rotation":0,"texture":"#0","tintindex":0},"east":{"uv":[8.4375,5.125,8.453125,5.15625],"rotation":0,"texture":"#0","tintindex":0},"north":{"uv":[7.875,8.0625,7.96875,8.09375],"rotation":0,"texture":"#0","tintindex":0},"south":{"uv":[8.0625,7.9375,8.15625,7.96875],"rotation":0,"texture":"#0","tintindex":0},"up":{"uv":[8.40625,5.703125,8.3125,5.6875],"rotation":0,"texture":"#0","tintindex":0},"west":{"uv":[6.0625,8.4375,6.078125,8.46875],"rotation":0,"texture":"#0","tintindex":0}}},{"name":"box3","from":[7.506596,6.4135513,8.173185],"to":[7.8724294,7.20746,8.474871],"rotation":{"angle":0.0,"axis":"x","origin":[8.004243,15.14412,7.2490644]},"faces":{"down":{"uv":[8.40625,6.4375,8.375,6.46875],"rotation":0,"texture":"#0","tintindex":0},"east":{"uv":[8.1875,1.125,8.21875,1.203125],"rotation":0,"texture":"#0","tintindex":0},"north":{"uv":[8.1875,0.9375,8.21875,1.015625],"rotation":0,"texture":"#0","tintindex":0},"south":{"uv":[8.1875,1.9375,8.21875,2.015625],"rotation":0,"texture":"#0","tintindex":0},"up":{"uv":[8.40625,6.34375,8.375,6.3125],"rotation":0,"texture":"#0","tintindex":0},"west":{"uv":[8.1875,3.625,8.21875,3.703125],"rotation":0,"texture":"#0","tintindex":0}}},{"name":"box3","from":[7.661068,6.2753572,8.219122],"to":[8.671675,6.5680237,8.425538],"rotation":{"angle":0.0,"axis":"x","origin":[8.004243,15.14412,7.2490644]},"faces":{"down":{"uv":[8.28125,8.3125,8.1875,8.328125],"rotation":0,"texture":"#0","tintindex":0},"east":{"uv":[8.4375,5.375,8.453125,5.40625],"rotation":0,"texture":"#0","tintindex":0},"north":{"uv":[8.0625,8.0625,8.15625,8.09375],"rotation":0,"texture":"#0","tintindex":0},"south":{"uv":[8.125,0.0,8.21875,0.03125],"rotation":0,"texture":"#0","tintindex":0},"up":{"uv":[8.40625,5.828125,8.3125,5.8125],"rotation":0,"texture":"#0","tintindex":0},"west":{"uv":[6.0625,8.4375,6.078125,8.46875],"rotation":0,"texture":"#0","tintindex":0}}},{"name":"box1","from":[7.506596,6.4135513,7.8056927],"to":[7.8724294,7.20746,8.107378],"rotation":{"angle":0.0,"axis":"x","origin":[8.004243,15.14412,7.2490644]},"faces":{"down":{"uv":[6.65625,8.375,6.625,8.40625],"rotation":0,"texture":"#0","tintindex":0},"east":{"uv":[3.125,8.1875,3.15625,8.265625],"rotation":0,"texture":"#0","tintindex":0},"north":{"uv":[8.1875,3.0625,8.21875,3.140625],"rotation":0,"texture":"#0","tintindex":0},"south":{"uv":[3.25,8.1875,3.28125,8.265625],"rotation":0,"texture":"#0","tintindex":0},"up":{"uv":[8.40625,6.59375,8.375,6.5625],"rotation":0,"texture":"#0","tintindex":0},"west":{"uv":[8.1875,3.625,8.21875,3.703125],"rotation":0,"texture":"#0","tintindex":0}}},{"name":"box1","from":[7.661068,6.2753572,7.8420396],"to":[8.671675,6.5680237,8.048455],"rotation":{"angle":0.0,"axis":"x","origin":[8.004243,15.14412,7.2490644]},"faces":{"down":{"uv":[8.28125,8.3125,8.1875,8.328125],"rotation":0,"texture":"#0","tintindex":0},"east":{"uv":[5.6875,8.4375,5.703125,8.46875],"rotation":0,"texture":"#0","tintindex":0},"north":{"uv":[8.125,0.125,8.21875,0.15625],"rotation":0,"texture":"#0","tintindex":0},"south":{"uv":[8.125,0.25,8.21875,0.28125],"rotation":0,"texture":"#0","tintindex":0},"up":{"uv":[6.21875,8.328125,6.125,8.3125],"rotation":0,"texture":"#0","tintindex":0},"west":{"uv":[6.0625,8.4375,6.078125,8.46875],"rotation":0,"texture":"#0","tintindex":0}}},{"name":"box1","from":[7.506596,6.4135513,7.3922625],"to":[7.8724294,7.20746,7.6939483],"rotation":{"angle":0.0,"axis":"x","origin":[8.004243,15.14412,7.2490644]},"faces":{"down":{"uv":[6.78125,8.375,6.75,8.40625],"rotation":0,"texture":"#0","tintindex":0},"east":{"uv":[3.5,8.1875,3.53125,8.265625],"rotation":0,"texture":"#0","tintindex":0},"north":{"uv":[8.1875,3.4375,8.21875,3.515625],"rotation":0,"texture":"#0","tintindex":0},"south":{"uv":[3.625,8.1875,3.65625,8.265625],"rotation":0,"texture":"#0","tintindex":0},"up":{"uv":[8.40625,6.71875,8.375,6.6875],"rotation":0,"texture":"#0","tintindex":0},"west":{"uv":[8.1875,3.625,8.21875,3.703125],"rotation":0,"texture":"#0","tintindex":0}}},{"name":"box1","from":[7.661068,6.2753572,7.445085],"to":[8.671675,6.5680237,7.651501],"rotation":{"angle":0.0,"axis":"x","origin":[8.004243,15.14412,7.2490644]},"faces":{"down":{"uv":[8.28125,8.3125,8.1875,8.328125],"rotation":0,"texture":"#0","tintindex":0},"east":{"uv":[5.9375,8.4375,5.953125,8.46875],"rotation":0,"texture":"#0","tintindex":0},"north":{"uv":[8.125,1.375,8.21875,1.40625],"rotation":0,"texture":"#0","tintindex":0},"south":{"uv":[8.125,1.5,8.21875,1.53125],"rotation":0,"texture":"#0","tintindex":0},"up":{"uv":[8.09375,8.328125,8.0,8.3125],"rotation":0,"texture":"#0","tintindex":0},"west":{"uv":[6.0625,8.4375,6.078125,8.46875],"rotation":0,"texture":"#0","tintindex":0}}},{"name":"box1","from":[8.158896,7.064802,7.1923904],"to":[8.460582,7.69993,7.558222],"rotation":{"angle":0.0,"axis":"x","origin":[8.004243,15.14412,7.2490644]},"faces":{"down":{"uv":[6.90625,8.375,6.875,8.40625],"rotation":0,"texture":"#0","tintindex":0},"east":{"uv":[1.75,4.0,1.78125,4.0625],"rotation":0,"texture":"#0","tintindex":0},"north":{"uv":[0.875,3.4375,0.90625,3.5],"rotation":0,"texture":"#0","tintindex":0},"south":{"uv":[2.4375,5.875,2.46875,5.9375],"rotation":0,"texture":"#0","tintindex":0},"up":{"uv":[8.40625,6.84375,8.375,6.8125],"rotation":0,"texture":"#0","tintindex":0},"west":{"uv":[5.3125,6.375,5.34375,6.4375],"rotation":0,"texture":"#0","tintindex":0}}},{"name":"box1","from":[8.204833,6.9818926,4.133357],"to":[8.411272,7.625005,4.4260235],"rotation":{"angle":-22.5,"axis":"x","origin":[8.004243,15.14412,7.2490644]},"faces":{"down":{"uv":[6.453125,8.4375,6.4375,8.46875],"rotation":0,"texture":"#0","tintindex":0},"east":{"uv":[5.1875,6.6875,5.21875,6.75],"rotation":0,"texture":"#0","tintindex":0},"north":{"uv":[8.375,6.9375,8.390625,7.0],"rotation":0,"texture":"#0","tintindex":0},"south":{"uv":[7.0,8.375,7.015625,8.4375],"rotation":0,"texture":"#0","tintindex":0},"up":{"uv":[6.203125,8.46875,6.1875,8.4375],"rotation":0,"texture":"#0","tintindex":0},"west":{"uv":[6.75,1.0,6.78125,1.0625],"rotation":0,"texture":"#0","tintindex":0}}},{"name":"box2","from":[7.506596,6.4135513,8.540679],"to":[7.8724294,7.20746,8.842364],"rotation":{"angle":0.0,"axis":"x","origin":[8.004243,15.14412,7.2490644]},"faces":{"down":{"uv":[8.40625,7.1875,8.375,7.21875],"rotation":0,"texture":"#0","tintindex":0},"east":{"uv":[8.1875,3.8125,8.21875,3.890625],"rotation":0,"texture":"#0","tintindex":0},"north":{"uv":[3.75,8.1875,3.78125,8.265625],"rotation":0,"texture":"#0","tintindex":0},"south":{"uv":[4.75,8.1875,4.78125,8.265625],"rotation":0,"texture":"#0","tintindex":0},"up":{"uv":[8.40625,7.09375,8.375,7.0625],"rotation":0,"texture":"#0","tintindex":0},"west":{"uv":[8.1875,3.625,8.21875,3.703125],"rotation":0,"texture":"#0","tintindex":0}}}],"display":{"head":{"translation":[0.0,-6.4,0.0],"rotation":[0.0,0.0,0.0],"scale":[3.8095,3.8095,3.8095]}}}