{"textures":{"0":"modelengine:entity/ninetailhuman","1":"modelengine:entity/katanaleft","2":"modelengine:entity/katanaright","3":"modelengine:entity/darkkatanaribbon","4":"modelengine:entity/katanarightblade","5":"modelengine:entity/lightkatanaribbon","6":"modelengine:entity/katanaleftaura","7":"modelengine:entity/katanarightaura"},"elements":[{"name":"box3","from":[6.506137,2.5767775,6.330669],"to":[9.446083,8.089174,10.161785],"rotation":{"angle":0.0,"axis":"x","origin":[10.261329,3.4573488,8.432983]},"faces":{"down":{"uv":[2.484375,5.1875,2.1875,5.578125],"rotation":0,"texture":"#0","tintindex":0},"east":{"uv":[0.5,2.4375,0.890625,2.984375],"rotation":0,"texture":"#0","tintindex":0},"north":{"uv":[1.3125,4.6875,1.609375,5.234375],"rotation":0,"texture":"#0","tintindex":0},"south":{"uv":[4.5,4.6875,4.796875,5.234375],"rotation":0,"texture":"#0","tintindex":0},"up":{"uv":[0.375,5.390625,0.671875,5.0],"rotation":0,"texture":"#0","tintindex":0},"west":{"uv":[2.625,0.0,3.015625,0.546875],"rotation":0,"texture":"#0","tintindex":0}}},{"name":"box3","from":[6.5114584,2.636558,6.676497],"to":[9.426691,7.0983233,9.24876],"rotation":{"angle":0.0,"axis":"x","origin":[8.054816,13.449591,8.905792]},"faces":{"down":{"uv":[4.5,5.6875,4.796875,5.9375],"rotation":0,"texture":"#0","tintindex":0},"east":{"uv":[3.5625,5.1875,3.8125,5.640625],"rotation":0,"texture":"#0","tintindex":0},"north":{"uv":[1.171875,4.9375,0.875,5.390625],"rotation":0,"texture":"#0","tintindex":0},"south":{"uv":[0.875,4.9375,1.171875,5.390625],"rotation":0,"texture":"#0","tintindex":0},"up":{"uv":[2.359375,5.9375,2.0625,5.6875],"rotation":0,"texture":"#0","tintindex":0},"west":{"uv":[3.8125,5.1875,3.5625,5.640625],"rotation":0,"texture":"#0","tintindex":0}}},{"name":"box4","from":[6.7051716,5.1929426,7.381488],"to":[9.404461,7.574669,9.439299],"rotation":{"angle":-22.5,"axis":"x","origin":[8.054816,7.0983233,8.905792]},"faces":{"down":{"uv":[6.578125,4.3125,6.3125,4.515625],"rotation":0,"texture":"#0","tintindex":0},"east":{"uv":[2.625,6.5,2.828125,6.734375],"rotation":0,"texture":"#0","tintindex":0},"north":{"uv":[5.9375,4.3125,6.203125,4.546875],"rotation":0,"texture":"#0","tintindex":0},"south":{"uv":[5.9375,5.25,6.203125,5.484375],"rotation":0,"texture":"#0","tintindex":0},"up":{"uv":[6.515625,6.078125,6.25,5.875],"rotation":0,"texture":"#0","tintindex":0},"west":{"uv":[2.3125,6.5,2.515625,6.734375],"rotation":0,"texture":"#0","tintindex":0}}},{"name":"box5","from":[6.7064323,4.0814705,8.588228],"to":[9.408241,6.1456337,10.64604],"rotation":{"angle":22.5,"axis":"x","origin":[8.054816,7.0983233,8.905792]},"faces":{"down":{"uv":[6.640625,4.0,6.375,4.203125],"rotation":0,"texture":"#0","tintindex":0},"east":{"uv":[6.5,5.5,6.703125,5.703125],"rotation":0,"texture":"#0","tintindex":0},"north":{"uv":[6.3125,4.875,6.578125,5.078125],"rotation":0,"texture":"#0","tintindex":0},"south":{"uv":[6.3125,5.1875,6.578125,5.390625],"rotation":0,"texture":"#0","tintindex":0},"up":{"uv":[6.640625,0.515625,6.375,0.3125],"rotation":0,"texture":"#0","tintindex":0},"west":{"uv":[3.453125,6.5,3.25,6.703125],"rotation":0,"texture":"#0","tintindex":0}}},{"name":"box2","from":[6.940169,-0.23739076,6.676497],"to":[9.169464,2.636558,8.905792],"rotation":{"angle":0.0,"axis":"x","origin":[8.054816,11.8617735,8.905792]},"faces":{"down":{"uv":[6.4375,2.25,6.65625,2.46875],"rotation":0,"texture":"#0","tintindex":0},"east":{"uv":[6.0,3.0,6.21875,3.28125],"rotation":0,"texture":"#0","tintindex":0},"north":{"uv":[2.21875,6.0,2.0,6.28125],"rotation":0,"texture":"#0","tintindex":0},"south":{"uv":[4.65625,6.0,4.4375,6.28125],"rotation":0,"texture":"#0","tintindex":0},"up":{"uv":[6.65625,3.40625,6.4375,3.1875],"rotation":0,"texture":"#0","tintindex":0},"west":{"uv":[6.21875,3.0,6.0,3.28125],"rotation":0,"texture":"#0","tintindex":0}}}],"display":{"head":{"translation":[0.0,-6.4,0.0],"rotation":[0.0,0.0,0.0],"scale":[3.8095,3.8095,3.8095]}}}