{"textures":{"0":"modelengine:entity/ninetailhuman","1":"modelengine:entity/katanaleft","2":"modelengine:entity/katanaright","3":"modelengine:entity/darkkatanaribbon","4":"modelengine:entity/katanarightblade","5":"modelengine:entity/lightkatanaribbon","6":"modelengine:entity/katanaleftaura","7":"modelengine:entity/katanarightaura"},"elements":[{"name":"hair","from":[3.6581857,2.7444792,6.829494],"to":[6.6921377,8.075204,6.829494],"rotation":{"angle":-22.5,"axis":"z","origin":[7.6737714,3.228816,8.585253]},"faces":{"down":{"uv":[8.09375,0.875,7.75,0.890625],"rotation":0,"texture":"#0","tintindex":0},"east":{"uv":[3.3125,7.5,3.328125,8.109375],"rotation":0,"texture":"#0","tintindex":0},"north":{"uv":[3.59375,3.375,3.25,3.984375],"rotation":0,"texture":"#0","tintindex":0},"south":{"uv":[3.25,3.375,3.59375,3.984375],"rotation":0,"texture":"#0","tintindex":0},"up":{"uv":[8.09375,0.765625,7.75,0.75],"rotation":0,"texture":"#0","tintindex":0},"west":{"uv":[3.4375,7.5,3.453125,8.109375],"rotation":0,"texture":"#0","tintindex":0}}},{"name":"hair","from":[3.6581857,2.7444816,8.093641],"to":[6.6921377,8.075206,8.093641],"rotation":{"angle":-22.5,"axis":"z","origin":[7.6737714,3.228816,8.585253]},"faces":{"down":{"uv":[8.09375,1.125,7.75,1.140625],"rotation":0,"texture":"#0","tintindex":0},"east":{"uv":[3.5625,7.5,3.578125,8.109375],"rotation":0,"texture":"#0","tintindex":0},"north":{"uv":[3.59375,3.375,3.25,3.984375],"rotation":0,"texture":"#0","tintindex":0},"south":{"uv":[3.25,3.375,3.59375,3.984375],"rotation":0,"texture":"#0","tintindex":0},"up":{"uv":[8.09375,1.015625,7.75,1.0],"rotation":0,"texture":"#0","tintindex":0},"west":{"uv":[3.6875,7.5,3.703125,8.109375],"rotation":0,"texture":"#0","tintindex":0}}},{"name":"hair","from":[3.6581857,2.7444816,9.076866],"to":[6.6921377,8.075206,9.076866],"rotation":{"angle":-22.5,"axis":"z","origin":[7.6737714,3.228816,8.585253]},"faces":{"down":{"uv":[8.09375,3.5625,7.75,3.578125],"rotation":0,"texture":"#0","tintindex":0},"east":{"uv":[4.875,7.5,4.890625,8.109375],"rotation":0,"texture":"#0","tintindex":0},"north":{"uv":[3.59375,3.375,3.25,3.984375],"rotation":0,"texture":"#0","tintindex":0},"south":{"uv":[3.25,3.375,3.59375,3.984375],"rotation":0,"texture":"#0","tintindex":0},"up":{"uv":[8.09375,3.453125,7.75,3.4375],"rotation":0,"texture":"#0","tintindex":0},"west":{"uv":[5.0,7.5,5.015625,8.109375],"rotation":0,"texture":"#0","tintindex":0}}}],"display":{"head":{"translation":[0.0,-6.4,0.0],"rotation":[0.0,0.0,0.0],"scale":[3.8095,3.8095,3.8095]}}}