{"textures":{"0":"modelengine:entity/ninetailhuman","1":"modelengine:entity/katanaleft","2":"modelengine:entity/katanaright","3":"modelengine:entity/darkkatanaribbon","4":"modelengine:entity/katanarightblade","5":"modelengine:entity/lightkatanaribbon","6":"modelengine:entity/katanaleftaura","7":"modelengine:entity/katanarightaura"},"elements":[{"name":"box3","from":[6.8315544,-0.23739076,6.676497],"to":[9.06085,2.636558,8.905792],"rotation":{"angle":0.0,"axis":"x","origin":[7.946202,11.8617735,8.905792]},"faces":{"down":{"uv":[6.65625,2.25,6.4375,2.46875],"rotation":0,"texture":"#0","tintindex":0},"east":{"uv":[6.0,3.0,6.21875,3.28125],"rotation":0,"texture":"#0","tintindex":0},"north":{"uv":[2.0,6.0,2.21875,6.28125],"rotation":0,"texture":"#0","tintindex":0},"south":{"uv":[4.4375,6.0,4.65625,6.28125],"rotation":0,"texture":"#0","tintindex":0},"up":{"uv":[1.65625,6.65625,1.4375,6.4375],"rotation":0,"texture":"#0","tintindex":0},"west":{"uv":[6.21875,3.0,6.0,3.28125],"rotation":0,"texture":"#0","tintindex":0}}},{"name":"box2","from":[6.551881,2.5767775,6.330669],"to":[9.491826,8.089174,10.161785],"rotation":{"angle":0.0,"axis":"x","origin":[7.5771556,3.4573488,8.432983]},"faces":{"down":{"uv":[2.1875,5.1875,2.484375,5.578125],"rotation":0,"texture":"#0","tintindex":0},"east":{"uv":[3.015625,0.0,2.625,0.546875],"rotation":0,"texture":"#0","tintindex":0},"north":{"uv":[1.609375,4.6875,1.3125,5.234375],"rotation":0,"texture":"#0","tintindex":0},"south":{"uv":[4.796875,4.6875,4.5,5.234375],"rotation":0,"texture":"#0","tintindex":0},"up":{"uv":[0.671875,5.390625,0.375,5.0],"rotation":0,"texture":"#0","tintindex":0},"west":{"uv":[0.890625,2.4375,0.5,2.984375],"rotation":0,"texture":"#0","tintindex":0}}},{"name":"box6","from":[6.5927773,4.0814705,8.588228],"to":[9.294586,6.1456337,10.64604],"rotation":{"angle":22.5,"axis":"x","origin":[7.946202,7.0983233,8.905792]},"faces":{"down":{"uv":[6.578125,2.875,6.3125,3.078125],"rotation":0,"texture":"#0","tintindex":0},"east":{"uv":[3.25,6.5,3.453125,6.703125],"rotation":0,"texture":"#0","tintindex":0},"north":{"uv":[6.3125,1.125,6.578125,1.328125],"rotation":0,"texture":"#0","tintindex":0},"south":{"uv":[6.3125,1.4375,6.578125,1.640625],"rotation":0,"texture":"#0","tintindex":0},"up":{"uv":[6.578125,2.140625,6.3125,1.9375],"rotation":0,"texture":"#0","tintindex":0},"west":{"uv":[5.3125,6.5,5.515625,6.703125],"rotation":0,"texture":"#0","tintindex":0}}},{"name":"box5","from":[6.5965576,5.1929426,7.381488],"to":[9.295847,7.574669,9.439299],"rotation":{"angle":-22.5,"axis":"x","origin":[7.946202,7.0983233,8.905792]},"faces":{"down":{"uv":[6.515625,6.1875,6.25,6.390625],"rotation":0,"texture":"#0","tintindex":0},"east":{"uv":[2.3125,6.5,2.515625,6.734375],"rotation":0,"texture":"#0","tintindex":0},"north":{"uv":[5.5625,5.875,5.828125,6.109375],"rotation":0,"texture":"#0","tintindex":0},"south":{"uv":[5.9375,1.9375,6.203125,2.171875],"rotation":0,"texture":"#0","tintindex":0},"up":{"uv":[6.515625,6.078125,6.25,5.875],"rotation":0,"texture":"#0","tintindex":0},"west":{"uv":[6.5,2.5625,6.703125,2.796875],"rotation":0,"texture":"#0","tintindex":0}}},{"name":"box4","from":[6.5743284,2.636558,6.676497],"to":[9.48956,7.0983233,9.24876],"rotation":{"angle":0.0,"axis":"x","origin":[7.946202,13.449591,8.905792]},"faces":{"down":{"uv":[4.796875,5.6875,4.5,5.9375],"rotation":0,"texture":"#0","tintindex":0},"east":{"uv":[3.5625,5.1875,3.8125,5.640625],"rotation":0,"texture":"#0","tintindex":0},"north":{"uv":[0.875,4.9375,1.171875,5.390625],"rotation":0,"texture":"#0","tintindex":0},"south":{"uv":[1.171875,4.9375,0.875,5.390625],"rotation":0,"texture":"#0","tintindex":0},"up":{"uv":[2.359375,5.9375,2.0625,5.6875],"rotation":0,"texture":"#0","tintindex":0},"west":{"uv":[3.8125,5.1875,3.5625,5.640625],"rotation":0,"texture":"#0","tintindex":0}}}],"display":{"head":{"translation":[0.0,-6.4,0.0],"rotation":[0.0,0.0,0.0],"scale":[3.8095,3.8095,3.8095]}}}