{"textures":{"0":"modelengine:entity/ninetailhuman","1":"modelengine:entity/katanaleft","2":"modelengine:entity/katanaright","3":"modelengine:entity/darkkatanaribbon","4":"modelengine:entity/katanarightblade","5":"modelengine:entity/lightkatanaribbon","6":"modelengine:entity/katanaleftaura","7":"modelengine:entity/katanarightaura"},"elements":[{"name":"box3","from":[7.0812674,4.132851,6.9718027],"to":[8.918733,8.267149,9.028196],"rotation":{"angle":0.0,"axis":"x","origin":[9.900246,11.221589,6.9727116]},"faces":{"down":{"uv":[6.6875,4.3125,6.875,4.515625],"rotation":0,"texture":"#0","tintindex":0},"east":{"uv":[0.203125,5.5625,0.0,5.984375],"rotation":0,"texture":"#0","tintindex":0},"north":{"uv":[2.5625,2.75,2.375,3.171875],"rotation":0,"texture":"#0","tintindex":0},"south":{"uv":[3.0625,5.5625,2.875,5.984375],"rotation":0,"texture":"#0","tintindex":0},"up":{"uv":[4.375,6.890625,4.1875,6.6875],"rotation":0,"texture":"#0","tintindex":0},"west":{"uv":[0.203125,5.5625,0.0,5.984375],"rotation":0,"texture":"#0","tintindex":0}}}],"display":{"head":{"translation":[0.0,-6.4,0.0],"rotation":[0.0,0.0,0.0],"scale":[3.8095,3.8095,3.8095]}}}