{"credit":"Made with Blockbench by yungwilder","texture_size":[32,32],"textures":{"0":"galaxypack:item/bb_8_hat","particle":"galaxypack:item/bb_8_hat"},"elements":[{"from":[3.5,0,3.5],"to":[12.5,6,12.5],"faces":{"north":{"uv":[0,9,4.5,12],"texture":"#0"},"east":{"uv":[9,0,13.5,3],"texture":"#0"},"south":{"uv":[9,3,13.5,6],"texture":"#0"},"west":{"uv":[4.5,9,9,12],"texture":"#0"},"up":{"uv":[4.5,4.5,0,0],"texture":"#0"},"down":{"uv":[4.5,4.5,0,9],"texture":"#0"}}},{"from":[3.25,-1,3.25],"to":[12.75,6.25,12.75],"faces":{"north":{"uv":[9,6,13,9],"texture":"#0"},"east":{"uv":[0,13,4,16],"texture":"#0"},"south":{"uv":[8,13,4,16],"texture":"#0"},"west":{"uv":[0,13,4,16],"texture":"#0"},"up":{"uv":[4.5,0,8.5,4],"texture":"#0"}}},{"from":[3.25,-1,12.75],"to":[12.75,6.25,3.25],"faces":{"north":{"uv":[0,13,4,16],"texture":"#0"},"east":{"uv":[4,13,0,16],"texture":"#0"},"south":{"uv":[13,6,9,9],"texture":"#0"},"west":{"uv":[0,13,4,16],"texture":"#0"},"up":{"uv":[4.5,0,8.5,4],"texture":"#0"}}},{"from":[6.3125,6,10],"to":[7.3125,11,10],"faces":{"north":{"uv":[13.5,0,14,2.5],"texture":"#0"},"east":{"uv":[0,0,0,2.5],"texture":"#missing"},"south":{"uv":[13.5,0,14,2.5],"texture":"#0"},"west":{"uv":[0,0,0,2.5],"texture":"#missing"},"up":{"uv":[0,0,0.5,0],"texture":"#missing"},"down":{"uv":[0,0,0.5,0],"texture":"#missing"}}}],"gui_light":"front","display":{"thirdperson_righthand":{"translation":[0,5.5,0],"scale":[0.5,0.5,0.5]},"thirdperson_lefthand":{"translation":[0,5.5,0],"scale":[0.5,0.5,0.5]},"firstperson_righthand":{"rotation":[0,125,0],"translation":[0,5.5,0],"scale":[0.5,0.5,0.5]},"firstperson_lefthand":{"rotation":[0,125,0],"translation":[0,5.5,0],"scale":[0.5,0.5,0.5]},"ground":{"translation":[0,2,0],"scale":[0.5,0.5,0.5]},"gui":{"rotation":[15,-135,0],"translation":[0,5,0]},"head":{"translation":[0,16,0],"scale":[1.81,1.81,1.81]},"fixed":{"translation":[0,8,0],"scale":[1.5,1.5,1.5]}}}