{"credit":"PLAYBOXStudios","texture_size":[128,128],"textures":{"0":"playbox_druid:druid_leaves","particle":"playbox_druid:druid_leaves"},"elements":[{"name":"base","from":[-4,2,10.25],"to":[20,18,10.25],"rotation":{"angle":0,"axis":"x","origin":[8,12,10]},"faces":{"north":{"uv":[6,0,0,4],"texture":"#0"},"south":{"uv":[0,0,6,4],"texture":"#0"}}},{"name":"outer1","from":[-4,2,10.5],"to":[20,18,10.5],"rotation":{"angle":0,"axis":"x","origin":[8,12,10]},"faces":{"north":{"uv":[6,4,0,8],"texture":"#0"},"south":{"uv":[0,4,6,8],"texture":"#0"}}},{"name":"outer2","from":[-4,2,10.75],"to":[20,18,10.75],"rotation":{"angle":0,"axis":"x","origin":[8,12,10]},"faces":{"north":{"uv":[6,8,0,12],"texture":"#0"},"south":{"uv":[0,8,6,12],"texture":"#0"}}},{"name":"outer3","from":[-4,2,11],"to":[20,18,11],"rotation":{"angle":0,"axis":"x","origin":[8,12,10]},"faces":{"north":{"uv":[6,12,0,16],"texture":"#0"},"south":{"uv":[0,12,6,16],"texture":"#0"}}},{"name":"outer4","from":[-4,2,10.5],"to":[20,18,10.5],"rotation":{"angle":-22.5,"axis":"x","origin":[8,18,11]},"faces":{"north":{"uv":[6,12,0,16],"texture":"#0"},"south":{"uv":[0,12,6,16],"texture":"#0"}}},{"name":"outer5","from":[0.5,12.5,10.75],"to":[3.5,15.5,10.75],"rotation":{"angle":-22.5,"axis":"x","origin":[8,18,11]},"faces":{"north":{"uv":[7,10,6.25,10.75],"texture":"#0"},"south":{"uv":[6.25,10,7,10.75],"texture":"#0"}}},{"name":"outer6","from":[13.5,14.55657,12.5344],"to":[16.5,17.55657,12.5344],"rotation":{"angle":22.5,"axis":"z","origin":[15,16.05657,11.5344]},"faces":{"north":{"uv":[7,10,6.25,10.75],"texture":"#0"},"south":{"uv":[6.25,10,7,10.75],"texture":"#0"}}},{"name":"outer7","from":[2.66481,19.81002,18.5344],"to":[5.66481,22.81002,18.5344],"rotation":{"angle":-22.5,"axis":"z","origin":[4.16481,21.31002,18.5344]},"faces":{"north":{"uv":[7,10,6.25,10.75],"texture":"#0"},"south":{"uv":[6.25,10,7,10.75],"texture":"#0"}}},{"name":"outer7","from":[9.87014,7.64107,12.5344],"to":[12.87014,10.64107,12.5344],"rotation":{"angle":-45,"axis":"z","origin":[11.37014,9.14107,12.5344]},"faces":{"north":{"uv":[7,10,6.25,10.75],"rotation":90,"texture":"#0"},"south":{"uv":[6.25,10,7,10.75],"rotation":270,"texture":"#0"}}},{"from":[-4,17.70711,10.70711],"to":[20,27.70711,10.70711],"rotation":{"angle":45,"axis":"x","origin":[4,18.70711,10.70711]},"faces":{"north":{"uv":[6.25,0,12.25,2.5],"texture":"#0"},"east":{"uv":[0,0,0,2.5],"texture":"#0"},"south":{"uv":[6.25,0,12.25,2.5],"texture":"#0"},"west":{"uv":[0,0,0,2.5],"texture":"#0"},"up":{"uv":[0,0,6,0],"texture":"#0"},"down":{"uv":[0,0,6,0],"texture":"#0"}}},{"from":[-4,19.58649,8.67187],"to":[20,29.58649,8.67187],"rotation":{"angle":45,"axis":"x","origin":[4,16.58649,7.67187]},"faces":{"north":{"uv":[6.25,2.5,12.25,5],"texture":"#0"},"east":{"uv":[0,0,0,2.5],"texture":"#0"},"south":{"uv":[6.25,2.5,12.25,5],"texture":"#0"},"west":{"uv":[0,0,0,2.5],"texture":"#0"},"up":{"uv":[0,0,6,0],"texture":"#0"},"down":{"uv":[0,0,6,0],"texture":"#0"}}},{"from":[-4,20.2936,9.21476],"to":[20,30.2936,9.21476],"rotation":{"angle":45,"axis":"x","origin":[4,17.2936,7.21476]},"faces":{"north":{"uv":[6.25,5,12.25,7.5],"texture":"#0"},"east":{"uv":[0,0,0,2.5],"texture":"#0"},"south":{"uv":[6.25,5,12.25,7.5],"texture":"#0"},"west":{"uv":[0,0,0,2.5],"texture":"#0"},"up":{"uv":[0,0,6,0],"texture":"#0"},"down":{"uv":[0,0,6,0],"texture":"#0"}}},{"from":[-4,21.00071,9.75765],"to":[20,31.00071,9.75765],"rotation":{"angle":45,"axis":"x","origin":[4,18.00071,6.75765]},"faces":{"north":{"uv":[6.25,7.5,12.25,10],"texture":"#0"},"east":{"uv":[0,0,0,2.5],"texture":"#0"},"south":{"uv":[6.25,7.5,12.25,10],"texture":"#0"},"west":{"uv":[0,0,0,2.5],"texture":"#0"},"up":{"uv":[0,0,6,0],"texture":"#0"},"down":{"uv":[0,0,6,0],"texture":"#0"}}},{"from":[-4,18.07766,11.08557],"to":[20,18.07766,21.08557],"rotation":{"angle":-22.5,"axis":"x","origin":[8,17.93624,11.13583]},"faces":{"north":{"uv":[0,0,6,0],"rotation":180,"texture":"#0"},"east":{"uv":[0,0,0,2.5],"rotation":270,"texture":"#0"},"south":{"uv":[0,0,6,0],"texture":"#0"},"west":{"uv":[0,0,0,2.5],"rotation":90,"texture":"#0"},"up":{"uv":[6.25,5,12.25,7.5],"rotation":180,"texture":"#0"},"down":{"uv":[6.25,5,12.25,7.5],"texture":"#0"}}},{"from":[-4,17,10.16421],"to":[20,27,10.16421],"rotation":{"angle":45,"axis":"x","origin":[4,18,11.16421]},"faces":{"north":{"uv":[6.25,2.5,12.25,5],"texture":"#0"},"east":{"uv":[0,0,0,2.5],"texture":"#0"},"south":{"uv":[6.25,2.5,12.25,5],"texture":"#0"},"west":{"uv":[0,0,0,2.5],"texture":"#0"},"up":{"uv":[0,0,6,0],"texture":"#0"},"down":{"uv":[0,0,6,0],"texture":"#0"}}},{"from":[-4,16.82322,9.84099],"to":[20,26.82322,9.84099],"rotation":{"angle":45,"axis":"x","origin":[4,17.82322,11.09099]},"faces":{"north":{"uv":[6.25,5,12.25,7.5],"texture":"#0"},"east":{"uv":[0,0,0,2.5],"texture":"#0"},"south":{"uv":[6.25,5,12.25,7.5],"texture":"#0"},"west":{"uv":[0,0,0,2.5],"texture":"#0"},"up":{"uv":[0,0,6,0],"texture":"#0"},"down":{"uv":[0,0,6,0],"texture":"#0"}}},{"from":[0,17,8.75],"to":[16,19,10.75],"faces":{"north":{"uv":[6,11.25,10,11.75],"texture":"#0"},"east":{"uv":[6,12.25,6.5,12.75],"texture":"#0"},"south":{"uv":[6,11.25,10,11.75],"texture":"#0"},"west":{"uv":[6,12.25,6.5,12.75],"texture":"#0"},"up":{"uv":[6,10.75,10,11.25],"texture":"#0"},"down":{"uv":[6,11.75,10,12.25],"texture":"#0"}}},{"from":[16,17,9.75],"to":[22,23,9.75],"rotation":{"angle":22.5,"axis":"x","origin":[19,18,9.75]},"faces":{"north":{"uv":[6.5,12.25,8,13.75],"texture":"#0"},"east":{"uv":[0,0,0,0.75],"texture":"#0"},"south":{"uv":[8,12.25,6.5,13.75],"texture":"#0"},"west":{"uv":[0,0,0,0.75],"texture":"#0"},"up":{"uv":[0,0,0.75,0],"texture":"#0"},"down":{"uv":[0,0,0.75,0],"texture":"#0"}}},{"from":[16,17,9.5],"to":[22,23,9.5],"rotation":{"angle":22.5,"axis":"x","origin":[19,18,9.5]},"faces":{"north":{"uv":[6.5,12.25,8,13.75],"texture":"#0"},"east":{"uv":[0,0,0,0.75],"texture":"#0"},"south":{"uv":[8,12.25,6.5,13.75],"texture":"#0"},"west":{"uv":[0,0,0,0.75],"texture":"#0"},"up":{"uv":[0,0,0.75,0],"texture":"#0"},"down":{"uv":[0,0,0.75,0],"texture":"#0"}}},{"from":[16,17,10],"to":[22,23,10],"rotation":{"angle":22.5,"axis":"x","origin":[19,18,10]},"faces":{"north":{"uv":[6.5,12.25,8,13.75],"texture":"#0"},"east":{"uv":[0,0,0,0.75],"texture":"#0"},"south":{"uv":[8,12.25,6.5,13.75],"texture":"#0"},"west":{"uv":[0,0,0,0.75],"texture":"#0"},"up":{"uv":[0,0,0.75,0],"texture":"#0"},"down":{"uv":[0,0,0.75,0],"texture":"#0"}}},{"from":[-6,17,9.75],"to":[0,23,9.75],"rotation":{"angle":22.5,"axis":"x","origin":[-3,18,9.75]},"faces":{"north":{"uv":[8,12.25,6.5,13.75],"texture":"#0"},"east":{"uv":[0,0,0,0.75],"texture":"#0"},"south":{"uv":[6.5,12.25,8,13.75],"texture":"#0"},"west":{"uv":[0,0,0,0.75],"texture":"#0"},"up":{"uv":[0.75,0,0,0],"texture":"#0"},"down":{"uv":[0.75,0,0,0],"texture":"#0"}}},{"from":[-6,17,9.5],"to":[0,23,9.5],"rotation":{"angle":22.5,"axis":"x","origin":[-3,18,9.5]},"faces":{"north":{"uv":[8,12.25,6.5,13.75],"texture":"#0"},"east":{"uv":[0,0,0,0.75],"texture":"#0"},"south":{"uv":[6.5,12.25,8,13.75],"texture":"#0"},"west":{"uv":[0,0,0,0.75],"texture":"#0"},"up":{"uv":[0.75,0,0,0],"texture":"#0"},"down":{"uv":[0.75,0,0,0],"texture":"#0"}}},{"from":[-6,17,10],"to":[0,23,10],"rotation":{"angle":22.5,"axis":"x","origin":[-3,18,10]},"faces":{"north":{"uv":[8,12.25,6.5,13.75],"texture":"#0"},"east":{"uv":[0,0,0,0.75],"texture":"#0"},"south":{"uv":[6.5,12.25,8,13.75],"texture":"#0"},"west":{"uv":[0,0,0,0.75],"texture":"#0"},"up":{"uv":[0.75,0,0,0],"texture":"#0"},"down":{"uv":[0.75,0,0,0],"texture":"#0"}}}],"gui_light":"front","display":{"thirdperson_righthand":{"rotation":[68,180,0],"translation":[0,-4.5,-7]},"thirdperson_lefthand":{"rotation":[60.5,0,0],"translation":[-6,-8.25,2]},"firstperson_righthand":{"rotation":[0,115,0],"scale":[0.4,0.4,0.4]},"firstperson_lefthand":{"rotation":[0,115,0],"scale":[0.4,0.4,0.4]},"ground":{"translation":[0,8,-2.75]},"gui":{"translation":[0,-3.25,0],"scale":[0.6,0.6,0.6]},"head":{"rotation":[-10,0,0],"translation":[0,-60.5,6],"scale":[1.6,1.6,1.6]},"fixed":{"rotation":[0,180,0],"translation":[0,-8,1.5],"scale":[2,2,2]}}}