{"credit":"MadewithBlockbench","texture_size":[64,64],"textures":{"0":"ancient_sage:ancient_sage/ancient_sage_knife","particle":"ancient_sage:ancient_sage/ancient_sage_knife"},"elements":[{"from":[6.70124,3.10477,3.15405],"to":[9.30124,5.10477,5.15405],"rotation":{"angle":-45,"axis":"x","origin":[8,8,8]},"faces":{"north":{"uv":[4.25,8.25,4.875,8.75],"texture":"#0"},"east":{"uv":[8.5,7,9,7.5],"texture":"#0"},"south":{"uv":[3.5,8.25,4.125,8.75],"texture":"#0"},"west":{"uv":[8.5,6.5,9,7],"texture":"#0"},"up":{"uv":[9.125,6,8.5,5.5],"rotation":180,"texture":"#0"},"down":{"uv":[9.125,6,8.5,6.5],"rotation":180,"texture":"#0"}}},{"from":[7.20961,-0.92214,7.21],"to":[8.78961,0.65786,8.79],"rotation":{"angle":0,"axis":"y","origin":[8,8,8]},"faces":{"north":{"uv":[3.5,10,3.875,10.375],"texture":"#0"},"east":{"uv":[4,10,4.375,10.375],"texture":"#0"},"south":{"uv":[9.75,9.75,10.125,10.125],"texture":"#0"},"west":{"uv":[3,10,3.375,10.375],"texture":"#0"},"up":{"uv":[4.875,10.375,4.5,10],"rotation":180,"texture":"#0"},"down":{"uv":[10.375,4.5,10,4.875],"rotation":180,"texture":"#0"}}},{"from":[7.21961,-7.91214,7.22],"to":[8.77961,-6.35214,8.78],"rotation":{"angle":0,"axis":"y","origin":[8,8,8]},"faces":{"north":{"uv":[6,10,6.375,10.375],"texture":"#0"},"east":{"uv":[10,6,10.375,6.375],"texture":"#0"},"south":{"uv":[10,5,10.375,5.375],"texture":"#0"},"west":{"uv":[10,5.5,10.375,5.875],"texture":"#0"},"up":{"uv":[10.375,6.875,10,6.5],"rotation":180,"texture":"#0"},"down":{"uv":[10.375,7,10,7.375],"rotation":180,"texture":"#0"}}},{"from":[7.39961,-9.83214,7.4],"to":[8.59961,1.56786,8.6],"rotation":{"angle":0,"axis":"y","origin":[8,8,8]},"faces":{"north":{"uv":[5.5,7.25,5.75,10.125],"texture":"#0"},"east":{"uv":[5.75,7.25,6,10.125],"texture":"#0"},"south":{"uv":[5,7.25,5.25,10.125],"texture":"#0"},"west":{"uv":[5.25,7.25,5.5,10.125],"texture":"#0"},"up":{"uv":[6.75,10.25,6.5,10],"rotation":180,"texture":"#0"},"down":{"uv":[9.5,10,9.25,10.25],"rotation":180,"texture":"#0"}}},{"from":[7.24461,-8.63714,6.995],"to":[8.75461,-7.87714,9.005],"rotation":{"angle":0,"axis":"y","origin":[8,8,8]},"faces":{"north":{"uv":[10.25,9.75,10.625,10],"texture":"#0"},"east":{"uv":[9,10.25,9.5,10.5],"texture":"#0"},"south":{"uv":[9.75,10.25,10.125,10.5],"texture":"#0"},"west":{"uv":[10,9,10.5,9.25],"texture":"#0"},"up":{"uv":[7.125,9.5,6.75,9],"rotation":180,"texture":"#0"},"down":{"uv":[7.625,9,7.25,9.5],"rotation":180,"texture":"#0"}}},{"from":[7.37461,-9.53683,13.24963],"to":[8.62461,-7.28683,14.24963],"rotation":{"angle":22.5,"axis":"x","origin":[8,8,8]},"faces":{"north":{"uv":[8,8.5,8.375,9.125],"texture":"#0"},"east":{"uv":[4.5,9.25,4.75,9.875],"texture":"#0"},"south":{"uv":[8.5,7.5,8.875,8.125],"texture":"#0"},"west":{"uv":[4.25,9.25,4.5,9.875],"texture":"#0"},"up":{"uv":[10.625,10.25,10.25,10],"rotation":180,"texture":"#0"},"down":{"uv":[10.625,10.25,10.25,10.5],"rotation":180,"texture":"#0"}}},{"from":[7.62461,-11.48784,6.28142],"to":[8.37461,-10.23784,7.03142],"rotation":{"angle":0,"axis":"x","origin":[8,8,8]},"faces":{"north":{"uv":[3.5,10.5,3.75,10.875],"texture":"#0"},"east":{"uv":[3.75,10.5,4,10.875],"texture":"#0"},"south":{"uv":[3,10.5,3.25,10.875],"texture":"#0"},"west":{"uv":[3.25,10.5,3.5,10.875],"texture":"#0"},"up":{"uv":[7.75,11,7.5,10.75],"rotation":180,"texture":"#0"},"down":{"uv":[11,7.5,10.75,7.75],"rotation":180,"texture":"#0"}}},{"from":[7.62461,-12.48784,6.28142],"to":[8.37461,-11.48784,6.68142],"rotation":{"angle":0,"axis":"x","origin":[8,8,8]},"faces":{"north":{"uv":[8.5,10.75,8.75,11],"texture":"#0"},"east":{"uv":[11.25,0.75,11.375,1],"texture":"#0"},"south":{"uv":[10.75,7.75,11,8],"texture":"#0"},"west":{"uv":[11.25,0.5,11.375,0.75],"texture":"#0"},"up":{"uv":[11.5,1.125,11.25,1],"rotation":180,"texture":"#0"},"down":{"uv":[11.5,1.25,11.25,1.375],"rotation":180,"texture":"#0"}}},{"from":[7.62461,-6.10311,18.31505],"to":[8.37461,-4.85311,19.06505],"rotation":{"angle":45,"axis":"x","origin":[8,8,8]},"faces":{"north":{"uv":[4.5,10.5,4.75,10.875],"texture":"#0"},"east":{"uv":[10.5,4.5,10.75,4.875],"texture":"#0"},"south":{"uv":[4,10.5,4.25,10.875],"texture":"#0"},"west":{"uv":[4.25,10.5,4.5,10.875],"texture":"#0"},"up":{"uv":[11,9,10.75,8.75],"rotation":180,"texture":"#0"},"down":{"uv":[11,9.25,10.75,9.5],"rotation":180,"texture":"#0"}}},{"from":[7.62461,-7.10311,18.31505],"to":[8.37461,-6.10311,18.71505],"rotation":{"angle":45,"axis":"x","origin":[8,8,8]},"faces":{"north":{"uv":[8.75,10.75,9,11],"texture":"#0"},"east":{"uv":[11.25,1.75,11.375,2],"texture":"#0"},"south":{"uv":[10.75,8.5,11,8.75],"texture":"#0"},"west":{"uv":[11.25,1.5,11.375,1.75],"texture":"#0"},"up":{"uv":[2.25,11.375,2,11.25],"rotation":180,"texture":"#0"},"down":{"uv":[11.5,2,11.25,2.125],"rotation":180,"texture":"#0"}}},{"from":[7.875,3.766,5.00868],"to":[8.125,4.316,6.25868],"rotation":{"angle":0,"axis":"z","origin":[8,4.1035,5.07118]},"faces":{"north":{"uv":[11.5,10.25,11.625,10.375],"rotation":180,"texture":"#0"},"east":{"uv":[11.25,9.25,11.375,9],"rotation":90,"texture":"#0"},"south":{"uv":[10.25,11.625,10.375,11.5],"texture":"#0"},"west":{"uv":[8.5,11.5,8.625,11.25],"rotation":270,"texture":"#0"},"up":{"uv":[11.25,8.5,11.375,8.25],"texture":"#0"},"down":{"uv":[11.25,9,11.375,8.75],"rotation":180,"texture":"#0"}}},{"from":[7.875,4.016,4.00868],"to":[8.125,4.316,5.00868],"rotation":{"angle":0,"axis":"z","origin":[8,4.1035,5.07118]},"faces":{"north":{"uv":[11.5,10,11.625,10.125],"rotation":180,"texture":"#0"},"east":{"uv":[8.25,11.5,8.375,11.25],"rotation":90,"texture":"#0"},"south":{"uv":[10,11.625,10.125,11.5],"texture":"#0"},"west":{"uv":[11.25,8,11.375,7.75],"rotation":270,"texture":"#0"},"up":{"uv":[11.25,7.75,11.375,7.5],"texture":"#0"},"down":{"uv":[11.25,8.25,11.375,8],"rotation":180,"texture":"#0"}}},{"from":[7.24961,-2.28214,7.25],"to":[8.74961,-1.78214,8.75],"rotation":{"angle":0,"axis":"y","origin":[8,8,8]},"faces":{"north":{"uv":[11,3,11.375,3.125],"texture":"#0"},"east":{"uv":[3.25,11,3.625,11.125],"texture":"#0"},"south":{"uv":[2.75,11,3.125,11.125],"texture":"#0"},"west":{"uv":[11,2.75,11.375,2.875],"texture":"#0"},"up":{"uv":[10.375,7.875,10,7.5],"rotation":180,"texture":"#0"},"down":{"uv":[8.375,10,8,10.375],"rotation":180,"texture":"#0"}}},{"from":[7.24961,-3.28214,7.25],"to":[8.74961,-2.78214,8.75],"rotation":{"angle":0,"axis":"y","origin":[8,8,8]},"faces":{"north":{"uv":[3.75,11,4.125,11.125],"texture":"#0"},"east":{"uv":[11,3.75,11.375,3.875],"texture":"#0"},"south":{"uv":[11,3.25,11.375,3.375],"texture":"#0"},"west":{"uv":[11,3.5,11.375,3.625],"texture":"#0"},"up":{"uv":[10.375,8.375,10,8],"rotation":180,"texture":"#0"},"down":{"uv":[10.375,8.5,10,8.875],"rotation":180,"texture":"#0"}}},{"from":[7.24961,-5.28214,7.25],"to":[8.74961,-4.78214,8.75],"rotation":{"angle":0,"axis":"y","origin":[8,8,8]},"faces":{"north":{"uv":[11,4.25,11.375,4.375],"texture":"#0"},"east":{"uv":[11,4.5,11.375,4.625],"texture":"#0"},"south":{"uv":[11,4,11.375,4.125],"texture":"#0"},"west":{"uv":[4.25,11,4.625,11.125],"texture":"#0"},"up":{"uv":[10.625,4.375,10.25,4],"rotation":180,"texture":"#0"},"down":{"uv":[5.375,10.25,5,10.625],"rotation":180,"texture":"#0"}}},{"from":[7.24961,-4.28214,7.25],"to":[8.74961,-3.78214,8.75],"rotation":{"angle":0,"axis":"y","origin":[8,8,8]},"faces":{"north":{"uv":[11,5,11.375,5.125],"texture":"#0"},"east":{"uv":[5.25,11,5.625,11.125],"texture":"#0"},"south":{"uv":[4.75,11,5.125,11.125],"texture":"#0"},"west":{"uv":[11,4.75,11.375,4.875],"texture":"#0"},"up":{"uv":[5.875,10.625,5.5,10.25],"rotation":180,"texture":"#0"},"down":{"uv":[6.875,10.25,6.5,10.625],"rotation":180,"texture":"#0"}}},{"from":[6.84961,-4.97964,-4.97656],"to":[9.14961,-3.67964,-3.67656],"rotation":{"angle":-45,"axis":"x","origin":[8,8,8]},"faces":{"north":{"uv":[3.5,8.75,4.125,9.125],"texture":"#0"},"east":{"uv":[8.5,10.25,8.875,10.625],"texture":"#0"},"south":{"uv":[8.5,8.25,9.125,8.625],"texture":"#0"},"west":{"uv":[7,10.25,7.375,10.625],"texture":"#0"},"up":{"uv":[9.375,4.375,8.75,4],"rotation":180,"texture":"#0"},"down":{"uv":[4.875,8.75,4.25,9.125],"rotation":180,"texture":"#0"}}},{"from":[7.18961,2.50011,10.24129],"to":[8.80961,5.77011,13.51129],"rotation":{"angle":45,"axis":"x","origin":[8,8,8]},"faces":{"north":{"uv":[6,8,6.375,8.875],"texture":"#0"},"east":{"uv":[4,7.25,4.875,8.125],"texture":"#0"},"south":{"uv":[8,5.5,8.375,6.375],"texture":"#0"},"west":{"uv":[3,7.25,3.875,8.125],"texture":"#0"},"up":{"uv":[6.875,8.875,6.5,8],"rotation":180,"texture":"#0"},"down":{"uv":[8.375,6.5,8,7.375],"rotation":180,"texture":"#0"}}},{"from":[7.41361,4.01358,7.469],"to":[8.58561,18.49558,8.531],"rotation":{"angle":0,"axis":"x","origin":[8,8,7.98693]},"faces":{"north":{"uv":[2.5,7.25,2.75,10.875],"texture":"#0"},"east":{"uv":[2.75,7.25,3,10.875],"texture":"#0"},"south":{"uv":[2,7.25,2.25,10.875],"texture":"#0"},"west":{"uv":[2.25,7.25,2.5,10.875],"texture":"#0"},"up":{"uv":[5.25,11,5,10.75],"rotation":180,"texture":"#0"},"down":{"uv":[11,5,10.75,5.25],"rotation":180,"texture":"#0"}}},{"from":[7.4137,15.0593,0.20045],"to":[8.58552,15.80612,0.94727],"rotation":{"angle":45,"axis":"x","origin":[8,8,7.98414]},"faces":{"north":{"uv":[10.5,11,10.75,11.125],"texture":"#0"},"east":{"uv":[11.5,8.75,11.625,8.875],"texture":"#0"},"south":{"uv":[11,10.25,11.25,10.375],"texture":"#0"},"west":{"uv":[8.75,11.5,8.875,11.625],"texture":"#0"},"up":{"uv":[11.25,10.625,11,10.5],"rotation":180,"texture":"#0"},"down":{"uv":[11,11,10.75,11.125],"rotation":180,"texture":"#0"}}},{"from":[7.4137,16.47351,-1.21376],"to":[8.58552,17.22033,-0.46694],"rotation":{"angle":45,"axis":"x","origin":[8,8,7.98414]},"faces":{"north":{"uv":[10.5,11.25,10.75,11.375],"texture":"#0"},"east":{"uv":[11.5,11,11.625,11.125],"texture":"#0"},"south":{"uv":[11.25,10.25,11.5,10.375],"texture":"#0"},"west":{"uv":[11,11.5,11.125,11.625],"texture":"#0"},"up":{"uv":[11.5,10.625,11.25,10.5],"rotation":180,"texture":"#0"},"down":{"uv":[11,11.25,10.75,11.375],"rotation":180,"texture":"#0"}}},{"from":[7.4137,17.88773,-2.62798],"to":[8.58552,18.63455,-1.88116],"rotation":{"angle":45,"axis":"x","origin":[8,8,7.98414]},"faces":{"north":{"uv":[11,11.25,11.25,11.375],"texture":"#0"},"east":{"uv":[11.5,11.25,11.625,11.375],"texture":"#0"},"south":{"uv":[11.25,10.75,11.5,10.875],"texture":"#0"},"west":{"uv":[11.25,11.5,11.375,11.625],"texture":"#0"},"up":{"uv":[11.5,11.125,11.25,11],"rotation":180,"texture":"#0"},"down":{"uv":[11.5,11.25,11.25,11.375],"rotation":180,"texture":"#0"}}},{"from":[7.514,2.38108,4.54411],"to":[8.486,3.26308,6.32611],"rotation":{"angle":0,"axis":"x","origin":[8.00039,8,8]},"faces":{"north":{"uv":[5.5,10.75,5.25,11],"texture":"#0"},"east":{"uv":[10.75,9.5,10.25,9.75],"texture":"#0"},"south":{"uv":[11,5.25,10.75,5.5],"texture":"#0"},"west":{"uv":[10.75,9.25,10.25,9.5],"texture":"#0"},"up":{"uv":[9.5,4.75,9.25,5.25],"rotation":180,"texture":"#0"},"down":{"uv":[7.75,10.75,7.5,10.25],"rotation":180,"texture":"#0"}}},{"from":[7.505,1.40603,6.60816],"to":[8.495,2.30603,9.30816],"rotation":{"angle":22.5,"axis":"x","origin":[8.00039,8,8]},"faces":{"north":{"uv":[5.75,10.75,5.5,11],"texture":"#0"},"east":{"uv":[9.875,4.5,9.25,4.75],"texture":"#0"},"south":{"uv":[11,5.5,10.75,5.75],"texture":"#0"},"west":{"uv":[9.375,5.25,8.75,5.5],"texture":"#0"},"up":{"uv":[5,9.25,4.75,9.875],"rotation":180,"texture":"#0"},"down":{"uv":[9.5,6.125,9.25,5.5],"rotation":180,"texture":"#0"}}},{"from":[7.51409,4.32153,2.35316],"to":[8.48591,4.97835,3.00998],"rotation":{"angle":-22.5,"axis":"x","origin":[8.00039,8,8]},"faces":{"north":{"uv":[11.25,10.75,11,10.875],"texture":"#0"},"east":{"uv":[11.625,9,11.5,9.125],"texture":"#0"},"south":{"uv":[11.25,11,11,11.125],"texture":"#0"},"west":{"uv":[9.125,11.5,9,11.625],"texture":"#0"},"up":{"uv":[11.5,0,11.25,0.125],"rotation":180,"texture":"#0"},"down":{"uv":[11.5,0.375,11.25,0.25],"rotation":180,"texture":"#0"}}},{"from":[7.60592,2.3801,6.703],"to":[8.39992,25.4241,9.297],"rotation":{"angle":0,"axis":"y","origin":[8,8,7.99969]},"faces":{"north":{"uv":[1.75,7.25,2,13],"texture":"#0"},"east":{"uv":[0.75,7.25,1.375,13],"texture":"#0"},"south":{"uv":[1.5,7.25,1.75,13],"texture":"#0"},"west":{"uv":[0,7.25,0.625,13],"texture":"#0"},"up":{"uv":[9.5,6.875,9.25,6.25],"rotation":180,"texture":"#0"},"down":{"uv":[9.5,7,9.25,7.625],"rotation":180,"texture":"#0"}}},{"from":[7.553,2.48451,5.92781],"to":[8.447,6.22851,7.27181],"rotation":{"angle":0,"axis":"z","origin":[8,4.35651,6.59981]},"faces":{"north":{"uv":[9,6.5,9.25,7.375],"texture":"#0"},"east":{"uv":[3,8.25,3.375,9.125],"texture":"#0"},"south":{"uv":[6.5,9,6.75,9.875],"texture":"#0"},"west":{"uv":[8,7.5,8.375,8.375],"texture":"#0"},"up":{"uv":[11,0.375,10.75,0],"rotation":180,"texture":"#0"},"down":{"uv":[11,0.5,10.75,0.875],"rotation":180,"texture":"#0"}}},{"from":[7.553,-1.51549,9.17781],"to":[8.447,2.22851,10.52181],"rotation":{"angle":-22.5,"axis":"x","origin":[8,0.35651,9.84981]},"faces":{"north":{"uv":[6.5,9,6.75,9.875],"rotation":180,"texture":"#0"},"east":{"uv":[3,8.25,3.375,9.125],"rotation":180,"texture":"#0"},"south":{"uv":[9,6.5,9.25,7.375],"rotation":180,"texture":"#0"},"west":{"uv":[8,7.5,8.375,8.375],"rotation":180,"texture":"#0"},"up":{"uv":[11,0.5,10.75,0.875],"rotation":180,"texture":"#0"},"down":{"uv":[11,0.375,10.75,0],"rotation":180,"texture":"#0"}}},{"from":[7.625,2.07286,1.94925],"to":[8.375,3.07286,4.19925],"rotation":{"angle":0,"axis":"x","origin":[8,2.32466,8]},"faces":{"north":{"uv":[11,2,11.25,2.25],"texture":"#0"},"east":{"uv":[9.5,9.5,10.125,9.75],"texture":"#0"},"south":{"uv":[2,11,2.25,11.25],"texture":"#0"},"west":{"uv":[9.5,9.25,10.125,9.5],"texture":"#0"},"up":{"uv":[9,10.125,8.75,9.5],"rotation":180,"texture":"#0"},"down":{"uv":[9.25,9.5,9,10.125],"rotation":180,"texture":"#0"}}},{"from":[7.875,4.43897,1.41919],"to":[8.125,5.18897,2.66919],"rotation":{"angle":-22.5,"axis":"x","origin":[8,2.32466,8]},"faces":{"north":{"uv":[11.5,4,11.625,4.25],"texture":"#0"},"east":{"uv":[10.5,10.5,10.875,10.75],"texture":"#0"},"south":{"uv":[4,11.5,4.125,11.75],"texture":"#0"},"west":{"uv":[10.5,9,10.875,9.25],"texture":"#0"},"up":{"uv":[8.125,11.375,8,11],"rotation":180,"texture":"#0"},"down":{"uv":[11.125,8,11,8.375],"rotation":180,"texture":"#0"}}},{"from":[7.875,4.78897,0.41919],"to":[8.125,5.18897,1.41919],"rotation":{"angle":-22.5,"axis":"x","origin":[8,2.32466,8]},"faces":{"north":{"uv":[2,11.75,2.125,11.875],"texture":"#0"},"east":{"uv":[11.5,3.5,11.75,3.625],"texture":"#0"},"south":{"uv":[11.75,1.75,11.875,1.875],"texture":"#0"},"west":{"uv":[3.5,11.5,3.75,11.625],"texture":"#0"},"up":{"uv":[3.875,11.75,3.75,11.5],"rotation":180,"texture":"#0"},"down":{"uv":[11.625,3.75,11.5,4],"rotation":180,"texture":"#0"}}},{"from":[7.62461,21.22179,-0.03221],"to":[8.37461,23.47179,0.96779],"rotation":{"angle":22.5,"axis":"x","origin":[8,8,8]},"faces":{"north":{"uv":[9.75,6.25,10,6.875],"texture":"#0"},"east":{"uv":[9.75,7,10,7.625],"texture":"#0"},"south":{"uv":[9.75,4.75,10,5.375],"texture":"#0"},"west":{"uv":[9.75,5.5,10,6.125],"texture":"#0"},"up":{"uv":[2.5,11.25,2.25,11],"rotation":180,"texture":"#0"},"down":{"uv":[11.25,2.25,11,2.5],"rotation":180,"texture":"#0"}}},{"from":[7.87461,22.01216,5.78142],"to":[8.12461,23.26216,6.53142],"rotation":{"angle":0,"axis":"x","origin":[8,8,8]},"faces":{"north":{"uv":[9.25,11,9.375,11.375],"texture":"#0"},"east":{"uv":[10.75,1.5,11,1.875],"texture":"#0"},"south":{"uv":[9,11,9.125,11.375],"texture":"#0"},"west":{"uv":[10.75,1,11,1.375],"texture":"#0"},"up":{"uv":[5.375,11.75,5.25,11.5],"rotation":180,"texture":"#0"},"down":{"uv":[11.625,5.25,11.5,5.5],"rotation":180,"texture":"#0"}}},{"from":[7.87461,21.01216,5.78142],"to":[8.12461,22.01216,6.18142],"rotation":{"angle":0,"axis":"x","origin":[8,8,8]},"faces":{"north":{"uv":[5,11.5,5.125,11.75],"texture":"#0"},"east":{"uv":[11.5,5,11.625,5.25],"texture":"#0"},"south":{"uv":[4.75,11.5,4.875,11.75],"texture":"#0"},"west":{"uv":[11.5,4.75,11.625,5],"texture":"#0"},"up":{"uv":[11.875,2.625,11.75,2.5],"rotation":180,"texture":"#0"},"down":{"uv":[2.875,11.75,2.75,11.875],"rotation":180,"texture":"#0"}}},{"from":[7.87461,15.11009,-2.19105],"to":[8.12461,16.36009,-1.44105],"rotation":{"angle":45,"axis":"x","origin":[8,8,8]},"faces":{"north":{"uv":[9.5,11,9.625,11.375],"texture":"#0"},"east":{"uv":[10.75,2.5,11,2.875],"texture":"#0"},"south":{"uv":[11,9.25,11.125,9.625],"texture":"#0"},"west":{"uv":[10.75,2,11,2.375],"texture":"#0"},"up":{"uv":[6.125,11.75,6,11.5],"rotation":180,"texture":"#0"},"down":{"uv":[11.625,6,11.5,6.25],"rotation":180,"texture":"#0"}}},{"from":[7.87461,14.11009,-2.19105],"to":[8.12461,15.11009,-1.79105],"rotation":{"angle":45,"axis":"x","origin":[8,8,8]},"faces":{"north":{"uv":[5.75,11.5,5.875,11.75],"texture":"#0"},"east":{"uv":[11.5,5.75,11.625,6],"texture":"#0"},"south":{"uv":[5.5,11.5,5.625,11.75],"texture":"#0"},"west":{"uv":[11.5,5.5,11.625,5.75],"texture":"#0"},"up":{"uv":[11.875,2.875,11.75,2.75],"rotation":180,"texture":"#0"},"down":{"uv":[3.125,11.75,3,11.875],"rotation":180,"texture":"#0"}}},{"from":[7.87461,14.11009,-0.77683],"to":[8.12461,15.11009,-0.37683],"rotation":{"angle":45,"axis":"x","origin":[8,8,8]},"faces":{"north":{"uv":[8.5,11.5,8.625,11.75],"texture":"#0"},"east":{"uv":[11.5,8.5,11.625,8.75],"texture":"#0"},"south":{"uv":[8.25,11.5,8.375,11.75],"texture":"#0"},"west":{"uv":[11.5,8.25,11.625,8.5],"texture":"#0"},"up":{"uv":[11.875,3.875,11.75,3.75],"rotation":180,"texture":"#0"},"down":{"uv":[4.125,11.75,4,11.875],"rotation":180,"texture":"#0"}}},{"from":[7.87461,1.11009,17.44105],"to":[8.12461,2.36009,18.19105],"rotation":{"angle":-45,"axis":"x","origin":[8,-6,8]},"faces":{"north":{"uv":[10.25,11,10.375,11.375],"texture":"#0"},"east":{"uv":[10.75,4.5,11,4.875],"texture":"#0"},"south":{"uv":[10,11,10.125,11.375],"texture":"#0"},"west":{"uv":[10.75,4,11,4.375],"texture":"#0"},"up":{"uv":[7.625,11.75,7.5,11.5],"rotation":180,"texture":"#0"},"down":{"uv":[11.625,7.5,11.5,7.75],"rotation":180,"texture":"#0"}}},{"from":[7.87461,0.11009,17.79105],"to":[8.12461,1.11009,18.19105],"rotation":{"angle":-45,"axis":"x","origin":[8,-6,8]},"faces":{"north":{"uv":[7.25,11.5,7.375,11.75],"texture":"#0"},"east":{"uv":[11.5,7.25,11.625,7.5],"texture":"#0"},"south":{"uv":[7,11.5,7.125,11.75],"texture":"#0"},"west":{"uv":[11.5,7,11.625,7.25],"texture":"#0"},"up":{"uv":[11.875,3.375,11.75,3.25],"rotation":180,"texture":"#0"},"down":{"uv":[3.625,11.75,3.5,11.875],"rotation":180,"texture":"#0"}}},{"from":[7.87461,0.11009,16.37683],"to":[8.12461,1.11009,16.77683],"rotation":{"angle":-45,"axis":"x","origin":[8,-6,8]},"faces":{"north":{"uv":[8,11.5,8.125,11.75],"texture":"#0"},"east":{"uv":[11.5,8,11.625,8.25],"texture":"#0"},"south":{"uv":[7.75,11.5,7.875,11.75],"texture":"#0"},"west":{"uv":[11.5,7.75,11.625,8],"texture":"#0"},"up":{"uv":[11.875,3.625,11.75,3.5],"rotation":180,"texture":"#0"},"down":{"uv":[3.875,11.75,3.75,11.875],"rotation":180,"texture":"#0"}}},{"from":[7.87461,8.01216,9.46858],"to":[8.12461,9.26216,10.21858],"rotation":{"angle":0,"axis":"x","origin":[8,-6,8]},"faces":{"north":{"uv":[11,9.75,11.125,10.125],"texture":"#0"},"east":{"uv":[10.75,3.5,11,3.875],"texture":"#0"},"south":{"uv":[9.75,11,9.875,11.375],"texture":"#0"},"west":{"uv":[10.75,3,11,3.375],"texture":"#0"},"up":{"uv":[6.875,11.75,6.75,11.5],"rotation":180,"texture":"#0"},"down":{"uv":[11.625,6.75,11.5,7],"rotation":180,"texture":"#0"}}},{"from":[7.62461,7.22179,15.03221],"to":[8.37461,9.47179,16.03221],"rotation":{"angle":-22.5,"axis":"x","origin":[8,-6,8]},"faces":{"north":{"uv":[9.75,8.5,10,9.125],"texture":"#0"},"east":{"uv":[9.5,9.75,9.75,10.375],"texture":"#0"},"south":{"uv":[7.75,9.75,8,10.375],"texture":"#0"},"west":{"uv":[9.75,7.75,10,8.375],"texture":"#0"},"up":{"uv":[2.75,11.25,2.5,11],"rotation":180,"texture":"#0"},"down":{"uv":[11.25,2.5,11,2.75],"rotation":180,"texture":"#0"}}},{"from":[7.87461,7.01216,9.81858],"to":[8.12461,8.01216,10.21858],"rotation":{"angle":0,"axis":"x","origin":[8,-6,8]},"faces":{"north":{"uv":[6.5,11.5,6.625,11.75],"texture":"#0"},"east":{"uv":[11.5,6.5,11.625,6.75],"texture":"#0"},"south":{"uv":[6.25,11.5,6.375,11.75],"texture":"#0"},"west":{"uv":[11.5,6.25,11.625,6.5],"texture":"#0"},"up":{"uv":[11.875,3.125,11.75,3],"rotation":180,"texture":"#0"},"down":{"uv":[3.375,11.75,3.25,11.875],"rotation":180,"texture":"#0"}}},{"from":[7.62461,25.76749,9.24178],"to":[8.37461,28.01749,10.24178],"rotation":{"angle":-45,"axis":"x","origin":[7.99961,25.57466,9.49358]},"faces":{"north":{"uv":[9.75,8.5,10,9.125],"texture":"#0"},"east":{"uv":[9.5,9.75,9.75,10.375],"texture":"#0"},"south":{"uv":[7.75,9.75,8,10.375],"texture":"#0"},"west":{"uv":[9.75,7.75,10,8.375],"texture":"#0"},"up":{"uv":[2.75,11.25,2.5,11],"rotation":180,"texture":"#0"},"down":{"uv":[11.25,2.5,11,2.75],"rotation":180,"texture":"#0"}}},{"from":[7.87461,24.76216,9.21858],"to":[8.12461,26.01216,9.96858],"rotation":{"angle":-22.5,"axis":"x","origin":[7.99961,25.57466,9.49358]},"faces":{"north":{"uv":[11,9.75,11.125,10.125],"texture":"#0"},"east":{"uv":[10.75,3.5,11,3.875],"texture":"#0"},"south":{"uv":[9.75,11,9.875,11.375],"texture":"#0"},"west":{"uv":[10.75,3,11,3.375],"texture":"#0"},"up":{"uv":[6.875,11.75,6.75,11.5],"rotation":180,"texture":"#0"},"down":{"uv":[11.625,6.75,11.5,7],"rotation":180,"texture":"#0"}}},{"from":[7.87461,23.76216,9.56858],"to":[8.12461,24.76216,9.96858],"rotation":{"angle":-22.5,"axis":"x","origin":[7.99961,25.57466,9.49358]},"faces":{"north":{"uv":[6.5,11.5,6.625,11.75],"texture":"#0"},"east":{"uv":[11.5,6.5,11.625,6.75],"texture":"#0"},"south":{"uv":[6.25,11.5,6.375,11.75],"texture":"#0"},"west":{"uv":[11.5,6.25,11.625,6.5],"texture":"#0"},"up":{"uv":[11.875,3.125,11.75,3],"rotation":180,"texture":"#0"},"down":{"uv":[3.375,11.75,3.25,11.875],"rotation":180,"texture":"#0"}}},{"from":[7.875,-1.37123,9.72258],"to":[8.125,-0.37123,10.12258],"rotation":{"angle":45,"axis":"x","origin":[8.00039,8,8]},"faces":{"north":{"uv":[3.25,11.5,3.375,11.75],"texture":"#0"},"east":{"uv":[11.5,3.25,11.625,3.5],"texture":"#0"},"south":{"uv":[3,11.5,3.125,11.75],"texture":"#0"},"west":{"uv":[11.5,3,11.625,3.25],"texture":"#0"},"up":{"uv":[11.875,1.375,11.75,1.25],"rotation":180,"texture":"#0"},"down":{"uv":[11.875,1.5,11.75,1.625],"rotation":180,"texture":"#0"}}},{"from":[7.875,-0.37123,9.72258],"to":[8.125,0.87877,10.47258],"rotation":{"angle":45,"axis":"x","origin":[8.00039,8,8]},"faces":{"north":{"uv":[7.75,11,7.875,11.375],"texture":"#0"},"east":{"uv":[10.25,10.5,10.5,10.875],"texture":"#0"},"south":{"uv":[11,7.5,11.125,7.875],"texture":"#0"},"west":{"uv":[10,10.5,10.25,10.875],"texture":"#0"},"up":{"uv":[2.875,11.75,2.75,11.5],"rotation":180,"texture":"#0"},"down":{"uv":[11.625,2.75,11.5,3],"rotation":180,"texture":"#0"}}},{"from":[7.625,1.1791,11.09264],"to":[8.375,3.4291,12.09264],"rotation":{"angle":45,"axis":"x","origin":[8.00039,8,8]},"faces":{"north":{"uv":[8.5,9.5,8.75,10.125],"texture":"#0"},"east":{"uv":[9.5,8.5,9.75,9.125],"texture":"#0"},"south":{"uv":[7.5,9.5,7.75,10.125],"texture":"#0"},"west":{"uv":[9.5,7.75,9.75,8.375],"texture":"#0"},"up":{"uv":[11.25,1.75,11,1.5],"rotation":180,"texture":"#0"},"down":{"uv":[11.25,1.75,11,2],"rotation":180,"texture":"#0"}}},{"from":[7.875,-0.76217,8.38943],"to":[8.125,0.48783,9.13943],"rotation":{"angle":22.5,"axis":"x","origin":[8.00039,8,8]},"faces":{"north":{"uv":[7.5,11,7.625,11.375],"texture":"#0"},"east":{"uv":[9.75,10.5,10,10.875],"texture":"#0"},"south":{"uv":[7.25,11,7.375,11.375],"texture":"#0"},"west":{"uv":[9.5,10.5,9.75,10.875],"texture":"#0"},"up":{"uv":[2.625,11.75,2.5,11.5],"rotation":180,"texture":"#0"},"down":{"uv":[11.625,2.5,11.5,2.75],"rotation":180,"texture":"#0"}}},{"from":[7.875,-1.76217,8.38943],"to":[8.125,-0.76217,8.78943],"rotation":{"angle":22.5,"axis":"x","origin":[8.00039,8,8]},"faces":{"north":{"uv":[2.25,11.5,2.375,11.75],"texture":"#0"},"east":{"uv":[11.5,2.25,11.625,2.5],"texture":"#0"},"south":{"uv":[2,11.5,2.125,11.75],"texture":"#0"},"west":{"uv":[11.5,2,11.625,2.25],"texture":"#0"},"up":{"uv":[11.875,0.875,11.75,0.75],"rotation":180,"texture":"#0"},"down":{"uv":[11.875,1,11.75,1.125],"rotation":180,"texture":"#0"}}},{"from":[7.99961,2.6241,1.953],"to":[7.99961,31.7181,14.047],"rotation":{"angle":0,"axis":"y","origin":[8,8,8]},"faces":{"north":{"uv":[0,0,0,7.25],"texture":"#0"},"east":{"uv":[3,0,6,7.25],"texture":"#0"},"south":{"uv":[0,0,0,7.25],"texture":"#0"},"west":{"uv":[0,0,3,7.25],"texture":"#0"},"up":{"uv":[0,3,0,0],"rotation":180,"texture":"#0"},"down":{"uv":[0,0,0,3],"rotation":180,"texture":"#0"}}},{"from":[7.58798,19.15303,-5.47076],"to":[8.40798,21.47303,-3.15076],"rotation":{"angle":45,"axis":"x","origin":[8,8,8.00535]},"faces":{"north":{"uv":[8,9.25,8.25,9.875],"texture":"#0"},"east":{"uv":[8,4.75,8.625,5.375],"texture":"#0"},"south":{"uv":[9.25,7.75,9.5,8.375],"texture":"#0"},"west":{"uv":[8,4,8.625,4.625],"texture":"#0"},"up":{"uv":[8.5,9.875,8.25,9.25],"rotation":180,"texture":"#0"},"down":{"uv":[9.5,8.5,9.25,9.125],"rotation":180,"texture":"#0"}}},{"from":[7.60709,23.4805,-0.1611],"to":[8.38709,26.2605,0.8689],"rotation":{"angle":22.5,"axis":"x","origin":[8,8,8.00535]},"faces":{"north":{"uv":[3.75,9.25,4,10],"texture":"#0"},"east":{"uv":[4,9.25,4.25,10],"texture":"#0"},"south":{"uv":[3.25,9.25,3.5,10],"texture":"#0"},"west":{"uv":[3.5,9.25,3.75,10],"texture":"#0"},"up":{"uv":[6.75,11,6.5,10.75],"rotation":180,"texture":"#0"},"down":{"uv":[11,6.5,10.75,6.75],"rotation":180,"texture":"#0"}}},{"from":[7.61818,21.75759,21.75484],"to":[8.37818,22.51759,22.51484],"rotation":{"angle":-45,"axis":"x","origin":[8,8,8.00535]},"faces":{"north":{"uv":[7,10.75,7.25,11],"texture":"#0"},"east":{"uv":[10.75,7,11,7.25],"texture":"#0"},"south":{"uv":[6.75,10.75,7,11],"texture":"#0"},"west":{"uv":[10.75,6.75,11,7],"texture":"#0"},"up":{"uv":[7.5,11,7.25,10.75],"rotation":180,"texture":"#0"},"down":{"uv":[11,7.25,10.75,7.5],"rotation":180,"texture":"#0"}}},{"from":[7.99961,-5.42335,-1.5],"to":[7.99961,2.57665,17.5],"rotation":{"angle":0,"axis":"x","origin":[8,8,7.90359]},"faces":{"north":{"uv":[0,0,0,2],"texture":"#0"},"east":{"uv":[6,2,10.75,4],"texture":"#0"},"south":{"uv":[0,0,0,2],"texture":"#0"},"west":{"uv":[6,0,10.75,2],"texture":"#0"},"up":{"uv":[0,4.75,0,0],"rotation":180,"texture":"#0"},"down":{"uv":[0,0,0,4.75],"rotation":180,"texture":"#0"}}},{"from":[7.99961,-14.42335,4],"to":[7.99961,-6.42335,12],"rotation":{"angle":0,"axis":"x","origin":[8,8,7.84641]},"faces":{"north":{"uv":[0,0,0,2],"texture":"#0"},"east":{"uv":[6,6,8,8],"texture":"#0"},"south":{"uv":[0,0,0,2],"texture":"#0"},"west":{"uv":[6,4,8,6],"texture":"#0"},"up":{"uv":[0,2,0,0],"rotation":180,"texture":"#0"},"down":{"uv":[0,0,0,2],"rotation":180,"texture":"#0"}}}],"gui_light":"front","display":{"thirdperson_righthand":{"rotation":[0,-20,-90],"translation":[4.25,-2,3],"scale":[0.4,0.4,0.4]},"thirdperson_lefthand":{"rotation":[0,20,-90],"translation":[4.25,-2,2],"scale":[0.4,0.4,0.4]},"firstperson_righthand":{"rotation":[1.07,20.23,-72.19],"translation":[3.75,0.25,-3],"scale":[0.62461,0.62461,0.62461]},"firstperson_lefthand":{"rotation":[1.07,20.23,-72.19],"translation":[3.75,0.25,-3],"scale":[0.62461,0.62461,0.62461]},"ground":{"rotation":[-51,0,0],"translation":[0,4,-0.75],"scale":[0.4,0.4,0.4]},"gui":{"rotation":[81,44,-75],"translation":[0.2,0,0],"scale":[0.4,0.4,0.4]},"head":{"rotation":[0,90,0],"translation":[0,29.75,0],"scale":[0,0,0]},"fixed":{"rotation":[90,-45,90],"translation":[0.2,0,-1.5],"scale":[1.02031,1.02031,1.02031]}}}