{"credit":"MadewithBlockbench","textures":{"1":"skills_warter:4/water_jump9","particle":"skills_warter:4/water_jump9"},"elements":[{"from":[-11.5,-4.75,-11.5],"to":[-11.5,23.75,27.5],"rotation":{"angle":0,"axis":"y","origin":[-4,-4.75,-4]},"faces":{"north":{"uv":[0,0,16,0],"texture":"#1"},"east":{"uv":[0,0,16,16],"texture":"#1"},"south":{"uv":[0,0,16,0],"texture":"#1"},"west":{"uv":[0,0,16,16],"texture":"#1"},"up":{"uv":[0,0,16,0],"texture":"#1"},"down":{"uv":[0,0,16,0],"texture":"#1"}}},{"from":[-11.5,-4.75,-11.5],"to":[27.5,23.75,-11.5],"rotation":{"angle":0,"axis":"y","origin":[-4,-4.75,-4]},"faces":{"north":{"uv":[0,0,16,16],"texture":"#1"},"east":{"uv":[0,0,16,0],"texture":"#1"},"south":{"uv":[0,0,16,16],"texture":"#1"},"west":{"uv":[0,0,16,0],"texture":"#1"},"up":{"uv":[0,0,16,0],"texture":"#1"},"down":{"uv":[0,0,16,0],"texture":"#1"}}},{"from":[27.5,-4.75,-11.5],"to":[27.5,23.75,27.5],"rotation":{"angle":0,"axis":"y","origin":[-4,-4.75,-4]},"faces":{"north":{"uv":[0,0,16,0],"texture":"#1"},"east":{"uv":[0,0,16,16],"texture":"#1"},"south":{"uv":[0,0,16,0],"texture":"#1"},"west":{"uv":[0,0,16,16],"texture":"#1"},"up":{"uv":[0,0,16,0],"texture":"#1"},"down":{"uv":[0,0,16,0],"texture":"#1"}}},{"from":[-11.5,-4.75,27.5],"to":[27.5,23.75,27.5],"rotation":{"angle":0,"axis":"y","origin":[-4,-4.75,-4]},"faces":{"north":{"uv":[0,0,16,16],"texture":"#1"},"east":{"uv":[0,0,16,0],"texture":"#1"},"south":{"uv":[0,0,16,16],"texture":"#1"},"west":{"uv":[0,0,16,0],"texture":"#1"},"up":{"uv":[0,0,16,0],"texture":"#1"},"down":{"uv":[0,0,16,0],"texture":"#1"}}}],"display":{"thirdperson_righthand":{"rotation":[90,45,0],"translation":[-6,-2,25],"scale":[3.8,3.42,3.8]},"thirdperson_lefthand":{"rotation":[90,0,0],"translation":[-6,-2,35],"scale":[2.3,4,2.3]},"ground":{"scale":[0.13281,0.26758,0.125]},"gui":{"translation":[0,-0.5,0],"scale":[0.40234,0.58789,1]},"head":{"rotation":[0,45,0],"translation":[0,-11.25,0],"scale":[4,4,4]},"fixed":{"scale":[0.56641,1,0]}}}