{"credit":"MythicMMC Team","textures":{"0":"ice_skills:ice_prison_floor/ice_prison_floor_2","particle":"ice_skills:ice_prison_floor/ice_prison_floor_2"},"elements":[{"from":[-4,1,-4],"to":[20,1,20],"rotation":{"angle":0,"axis":"y","origin":[7,0,7]},"faces":{"north":{"uv":[0,0,16,0],"texture":"#missing"},"east":{"uv":[0,0,16,0],"texture":"#missing"},"south":{"uv":[0,0,16,0],"texture":"#missing"},"west":{"uv":[0,0,16,0],"texture":"#missing"},"up":{"uv":[0,0,16,16],"texture":"#0"},"down":{"uv":[0,16,16,0],"texture":"#0"}}}],"display":{"head":{"translation":[0,-18,0],"scale":[3.5,3.5,3.5]}}}