{"credit":"Made by Blockbench","textures":{"main":"hunter_dart:hunter_dart_texture/dart"},"elements":[{"from":[-11.5,-11.5,8],"to":[27.5,27.5,8],"rotation":{"angle":0,"axis":"y","origin":[8.5,8.25,8]},"faces":{"north":{"uv":[0,0,7.984,7.984],"texture":"#main"},"east":{"uv":[1.516,2.516,3.25,4.75],"texture":"#main"},"south":{"uv":[8,0.016,0.016,8],"texture":"#main"},"west":{"uv":[1.516,2.516,3.25,4.75],"texture":"#main"},"up":{"uv":[1.516,2.516,3.25,4.75],"texture":"#main"},"down":{"uv":[1.516,2.516,3.25,4.75],"texture":"#main"}}}],"display":{"head":{"rotation":[90,0,0],"translation":[-1.25,-19,0],"scale":[3.5,3.5,3.5]}}}