{"credit":"Made by Machkov","textures":{"0":"hunter_dart:hunter_dart_texture/hunter_dash1","particle":"hunter_dart:hunter_dart_texture/hunter_dash1"},"elements":[{"from":[-13.5,-13.5,8],"to":[29.5,29.5,8],"rotation":{"angle":0,"axis":"y","origin":[8,8,8]},"faces":{"north":{"uv":[0.032,0.032,16,16],"texture":"#0"},"east":{"uv":[3.032,5.032,6.5,9.5],"texture":"#0"},"south":{"uv":[16,0.032,0.032,16],"texture":"#0"},"west":{"uv":[3.032,5.032,6.5,9.5],"texture":"#0"},"up":{"uv":[3.032,5.032,6.5,9.5],"texture":"#0"},"down":{"uv":[3.032,5.032,6.5,9.5],"texture":"#0"}}}],"display":{"thirdperson_righthand":{"rotation":[90,-90,0],"translation":[-6,-63.75,2.75],"scale":[3.5,3.5,3.5]},"head":{"rotation":[90,0,-156],"translation":[1.5,-19,57.25],"scale":[3.8,3.8,3.8]}}}