{"credit":"mctowncraft,QQ:1447709546","textures":{"0":"mctown:block/item/furniture/mctown_sock_pile_blue","particle":"mctown:block/item/furniture/mctown_sock_pile_blue"},"elements":[{"from":[7,0.5,4],"to":[15,0.5,12],"rotation":{"angle":22.5,"axis":"y","origin":[8.17157,0.25,8]},"faces":{"north":{"uv":[0,0,8,0],"texture":"#0"},"east":{"uv":[0,0,8,0],"texture":"#0"},"south":{"uv":[0,0,8,0],"texture":"#0"},"west":{"uv":[0,0,8,0],"texture":"#0"},"up":{"uv":[8,8,0,0],"texture":"#0"},"down":{"uv":[8,0,0,8],"texture":"#0"}}},{"from":[7,0,4],"to":[15,0,12],"rotation":{"angle":22.5,"axis":"y","origin":[8.17157,0.25,8]},"faces":{"north":{"uv":[0,0,8,0],"texture":"#0"},"east":{"uv":[0,0,8,0],"texture":"#0"},"south":{"uv":[0,0,8,0],"texture":"#0"},"west":{"uv":[0,0,8,0],"texture":"#0"},"up":{"uv":[8,16,0,8],"texture":"#0"},"down":{"uv":[8,8,0,16],"texture":"#0"}}},{"from":[2.17157,0.5,6],"to":[10.17157,0.5,14],"rotation":{"angle":-22.5,"axis":"y","origin":[8.17157,0.25,8]},"faces":{"north":{"uv":[0,0,8,0],"texture":"#0"},"east":{"uv":[0,0,8,0],"texture":"#0"},"south":{"uv":[0,0,8,0],"texture":"#0"},"west":{"uv":[0,0,8,0],"texture":"#0"},"up":{"uv":[8,8,0,0],"rotation":270,"texture":"#0"},"down":{"uv":[0,8,8,0],"rotation":270,"texture":"#0"}}},{"from":[2.17157,0,6],"to":[10.17157,0,14],"rotation":{"angle":-22.5,"axis":"y","origin":[8.17157,0.25,8]},"faces":{"north":{"uv":[0,0,8,0],"texture":"#0"},"east":{"uv":[0,0,8,0],"texture":"#0"},"south":{"uv":[0,0,8,0],"texture":"#0"},"west":{"uv":[0,0,8,0],"texture":"#0"},"up":{"uv":[8,16,0,8],"rotation":270,"texture":"#0"},"down":{"uv":[0,16,8,8],"rotation":270,"texture":"#0"}}}],"gui_light":"front","display":{"thirdperson_righthand":{"translation":[0,5,1],"scale":[0.6,0.6,0.6]},"thirdperson_lefthand":{"translation":[0,5,1],"scale":[0.6,0.6,0.6]},"firstperson_righthand":{"rotation":[45,130,0],"translation":[3,3,0],"scale":[0.6,0.6,0.6]},"firstperson_lefthand":{"rotation":[45,-130,0],"translation":[3,3,0],"scale":[0.6,0.6,0.6]},"ground":{"translation":[0,2,0],"scale":[0.5,0.5,0.5]},"gui":{"rotation":[35,0,0],"translation":[0,6,0],"scale":[1.2,1.2,1.2]},"head":{"translation":[0,-30.25,0],"scale":[1.6,1.6,1.6]},"fixed":{"rotation":[-90,0,0],"translation":[0,0,-16.25],"scale":[2,2,2]}}}