{"credit":"mctown.wokin,QQ:1447709546","texture_size":[64,64],"textures":{"0":"mctown:block/item/furniture/mctown_blacksmith_chair_double","particle":"mctown:block/item/furniture/mctown_blacksmith_chair_double"},"elements":[{"from":[-15,6,1],"to":[15,9,15],"faces":{"north":{"uv":[0,11.5,7.5,12.25],"texture":"#0"},"east":{"uv":[6,3.75,9.5,4.5],"texture":"#0"},"south":{"uv":[0,11.5,7.5,12.25],"texture":"#0"},"west":{"uv":[6,3.75,9.5,4.5],"texture":"#0"},"up":{"uv":[7.5,16,0,12.5],"texture":"#0"},"down":{"uv":[7.5,16,0,12.5],"texture":"#0"}}},{"from":[-14,4,2],"to":[14,6,14],"faces":{"north":{"uv":[9,8.5,16,9],"texture":"#0"},"east":{"uv":[6.5,0,9.5,0.5],"texture":"#0"},"south":{"uv":[9,8.5,16,9],"texture":"#0"},"west":{"uv":[6.5,0,9.5,0.5],"texture":"#0"},"up":{"uv":[16,5.25,9,8.25],"texture":"#0"},"down":{"uv":[16,5.25,9,8.25],"texture":"#0"}}},{"from":[-13,0,3],"to":[-10,4,6],"faces":{"north":{"uv":[6,4.5,6.75,5.5],"texture":"#0"},"east":{"uv":[6,5.5,6.75,6.5],"texture":"#0"},"south":{"uv":[6,4.5,6.75,5.5],"texture":"#0"},"west":{"uv":[6,5.5,6.75,6.5],"texture":"#0"},"up":{"uv":[0.75,7.25,0,6.5],"texture":"#0"},"down":{"uv":[0.75,7.25,0,6.5],"texture":"#0"}}},{"from":[-13,0,10],"to":[-10,4,13],"faces":{"north":{"uv":[6,4.5,6.75,5.5],"texture":"#0"},"east":{"uv":[6,5.5,6.75,6.5],"texture":"#0"},"south":{"uv":[6,4.5,6.75,5.5],"texture":"#0"},"west":{"uv":[6,5.5,6.75,6.5],"texture":"#0"},"up":{"uv":[0.75,7.25,0,6.5],"texture":"#0"},"down":{"uv":[0.75,7.25,0,6.5],"texture":"#0"}}},{"from":[-10,2,4],"to":[10,3,5],"faces":{"north":{"uv":[3.75,11.125,8.75,11.375],"texture":"#0"},"east":{"uv":[3.75,11.125,8.75,11.375],"texture":"#0"},"south":{"uv":[3.75,11.125,8.75,11.375],"texture":"#0"},"west":{"uv":[3.75,11.125,8.75,11.375],"texture":"#0"},"up":{"uv":[8.5,5.875,8.75,10.875],"rotation":270,"texture":"#0"},"down":{"uv":[8.5,5.875,8.75,10.875],"rotation":270,"texture":"#0"}}},{"from":[-10,2,11],"to":[10,3,12],"faces":{"north":{"uv":[3.75,11.125,8.75,11.375],"texture":"#0"},"east":{"uv":[3.75,11.125,8.75,11.375],"texture":"#0"},"south":{"uv":[3.75,11.125,8.75,11.375],"texture":"#0"},"west":{"uv":[3.75,11.125,8.75,11.375],"texture":"#0"},"up":{"uv":[8.5,5.875,8.75,10.875],"rotation":270,"texture":"#0"},"down":{"uv":[8.5,5.875,8.75,10.875],"rotation":270,"texture":"#0"}}},{"from":[10,0,10],"to":[13,4,13],"rotation":{"angle":0,"axis":"y","origin":[16,0,0]},"faces":{"north":{"uv":[6.75,4.5,6,5.5],"texture":"#0"},"east":{"uv":[6.75,5.5,6,6.5],"texture":"#0"},"south":{"uv":[6.75,4.5,6,5.5],"texture":"#0"},"west":{"uv":[6.75,5.5,6,6.5],"texture":"#0"},"up":{"uv":[0,7.25,0.75,6.5],"texture":"#0"},"down":{"uv":[0,7.25,0.75,6.5],"texture":"#0"}}},{"from":[10,0,3],"to":[13,4,6],"rotation":{"angle":0,"axis":"y","origin":[16,0,0]},"faces":{"north":{"uv":[6.75,4.5,6,5.5],"texture":"#0"},"east":{"uv":[6.75,5.5,6,6.5],"texture":"#0"},"south":{"uv":[6.75,4.5,6,5.5],"texture":"#0"},"west":{"uv":[6.75,5.5,6,6.5],"texture":"#0"},"up":{"uv":[0,7.25,0.75,6.5],"texture":"#0"},"down":{"uv":[0,7.25,0.75,6.5],"texture":"#0"}}},{"from":[11,2,6],"to":[12,3,10],"rotation":{"angle":0,"axis":"y","origin":[16,0,0]},"faces":{"north":{"uv":[3.75,3.25,3.5,3.5],"texture":"#0"},"east":{"uv":[4.5,3,3.5,3.25],"texture":"#0"},"south":{"uv":[4.5,3,3.5,3.25],"texture":"#0"},"west":{"uv":[4.5,3,3.5,3.25],"texture":"#0"},"up":{"uv":[4.5,3,3.5,3.25],"texture":"#0"},"down":{"uv":[4.5,3,3.5,3.25],"texture":"#0"}}},{"from":[-12,2,6],"to":[-11,3,10],"rotation":{"angle":0,"axis":"y","origin":[16,0,0]},"faces":{"north":{"uv":[3.75,3.25,3.5,3.5],"texture":"#0"},"east":{"uv":[4.5,3,3.5,3.25],"texture":"#0"},"south":{"uv":[4.5,3,3.5,3.25],"texture":"#0"},"west":{"uv":[4.5,3,3.5,3.25],"texture":"#0"},"up":{"uv":[4.5,3,3.5,3.25],"texture":"#0"},"down":{"uv":[4.5,3,3.5,3.25],"texture":"#0"}}},{"from":[-14,9,2],"to":[14,10,13],"faces":{"north":{"uv":[9,9.25,16,9.5],"texture":"#0"},"east":{"uv":[0,10.25,2.75,10.5],"texture":"#0"},"south":{"uv":[9,9.25,16,9.5],"texture":"#0"},"west":{"uv":[0,10.25,2.75,10.5],"texture":"#0"},"up":{"uv":[9,9.625,16,12.375],"texture":"#0"},"down":{"uv":[9,9.625,16,12.375],"texture":"#0"}}},{"from":[-13,9,13],"to":[-10,16,15],"faces":{"north":{"uv":[4.75,7,5.5,8.75],"texture":"#0"},"east":{"uv":[4.125,7,4.625,8.75],"texture":"#0"},"south":{"uv":[4.75,7,5.5,8.75],"texture":"#0"},"west":{"uv":[4.125,7,4.625,8.75],"texture":"#0"},"up":{"uv":[5.625,7,6.375,7.5],"texture":"#0"},"down":{"uv":[5.625,7,6.375,7.5],"texture":"#0"}}},{"from":[10,9,13],"to":[13,16,15],"faces":{"north":{"uv":[4.75,7,5.5,8.75],"texture":"#0"},"east":{"uv":[4.125,7,4.625,8.75],"texture":"#0"},"south":{"uv":[4.75,7,5.5,8.75],"texture":"#0"},"west":{"uv":[4.125,7,4.625,8.75],"texture":"#0"},"up":{"uv":[5.625,7,6.375,7.5],"texture":"#0"},"down":{"uv":[5.625,7,6.375,7.5],"texture":"#0"}}},{"from":[-14,16,12],"to":[14,24,16],"faces":{"north":{"uv":[9,14,16,16],"texture":"#0"},"east":{"uv":[7.75,14,8.75,16],"texture":"#0"},"south":{"uv":[9,14,16,16],"texture":"#0"},"west":{"uv":[7.75,14,8.75,16],"texture":"#0"},"up":{"uv":[9,12.625,16,13.625],"texture":"#0"},"down":{"uv":[9,12.625,16,13.625],"texture":"#0"}}}],"gui_light":"front","display":{"thirdperson_righthand":{"translation":[-1.75,3,1],"scale":[0.55,0.55,0.55]},"thirdperson_lefthand":{"translation":[-10.75,3,1],"scale":[0.55,0.55,0.55]},"firstperson_righthand":{"rotation":[0,-90,25],"translation":[1.13,3.2,1.13],"scale":[0.68,0.68,0.68]},"firstperson_lefthand":{"rotation":[0,-90,25],"translation":[1.13,3.2,1.13],"scale":[0.68,0.68,0.68]},"ground":{"translation":[2.25,0,0],"scale":[0.25,0.25,0.25]},"gui":{"rotation":[30,225,0],"translation":[-1.75,-3,0],"scale":[0.38,0.38,0.38]},"head":{"rotation":[0,-180,0],"translation":[-13,-30.5,0.5],"scale":[1.6,1.6,1.6]},"fixed":{"translation":[8,0,0]}}}