{"credit":"mctown.wokin,QQ:1447709546","texture_size":[64,64],"textures":{"0":"mctown:block/item/furniture/mctown_cook_food_squidsashimi","particle":"mctown:block/item/furniture/mctown_cook_food_squidsashimi"},"elements":[{"from":[-10,0,3],"to":[10,2,29],"faces":{"north":{"uv":[0,8.5,5,9],"texture":"#0"},"east":{"uv":[8,4,14.5,4.5],"texture":"#0"},"south":{"uv":[0,8.5,5,9],"texture":"#0"},"west":{"uv":[8,4,14.5,4.5],"texture":"#0"},"up":{"uv":[5,6.5,0,0],"texture":"#0"},"down":{"uv":[5,6.5,0,0],"texture":"#0"}}},{"from":[-4,2,13],"to":[4,10,19],"faces":{"north":{"uv":[7.5,0,9.5,2],"texture":"#0"},"east":{"uv":[9.75,4.5,8.25,6.5],"texture":"#0"},"south":{"uv":[8,2,10,4],"texture":"#0"},"west":{"uv":[8.25,4.5,9.75,6.5],"texture":"#0"},"up":{"uv":[10.25,8,8.25,6.5],"texture":"#0"},"down":{"uv":[10.25,8,8.25,6.5],"texture":"#0"}}},{"from":[-5,2,12],"to":[5,5,20],"faces":{"north":{"uv":[0,9,2.5,9.75],"texture":"#0"},"east":{"uv":[9.5,1.25,11.5,2],"texture":"#0"},"south":{"uv":[2.5,9,5,9.75],"texture":"#0"},"west":{"uv":[2.5,9.75,4.5,10.5],"texture":"#0"},"up":{"uv":[5,8.5,2.5,6.5],"texture":"#0"},"down":{"uv":[7.5,7,5,9],"texture":"#0"}}},{"from":[-5,13,8],"to":[5,21,20],"rotation":{"angle":22.5,"axis":"x","origin":[0,1,0]},"faces":{"north":{"uv":[5,5,7.5,7],"texture":"#0"},"east":{"uv":[5,3,8,5],"texture":"#0"},"south":{"uv":[0,6.5,2.5,8.5],"texture":"#0"},"west":{"uv":[5,3,8,5],"texture":"#0"},"up":{"uv":[7.5,3,5,0],"texture":"#0"},"down":{"uv":[7.5,3,5,0],"texture":"#0"}}},{"from":[6,2,6],"to":[10,6,11],"rotation":{"angle":-22.5,"axis":"y","origin":[0,0,0]},"faces":{"north":{"uv":[11.25,5.5,12.25,6.5],"texture":"#0"},"east":{"uv":[10,2,11.25,3],"texture":"#0"},"south":{"uv":[11.25,9,12.25,10],"texture":"#0"},"west":{"uv":[10,3,11.25,4],"texture":"#0"},"up":{"uv":[10.75,11.25,9.75,10],"texture":"#0"},"down":{"uv":[10.75,11.25,9.75,10],"texture":"#0"}}},{"from":[7,2,3],"to":[10,5,6],"rotation":{"angle":-22.5,"axis":"y","origin":[0,0,0]},"faces":{"north":{"uv":[3.75,10.5,4.5,11.25],"texture":"#0"},"east":{"uv":[11.25,12.5,12,13.25],"texture":"#0"},"south":{"uv":[12.75,0.5,13.5,1.25],"texture":"#0"},"west":{"uv":[1,12.75,1.75,13.5],"texture":"#0"},"up":{"uv":[13.5,2,12.75,1.25],"texture":"#0"},"down":{"uv":[13.5,2,12.75,1.25],"texture":"#0"}}},{"from":[8,2,1],"to":[12,4,4],"rotation":{"angle":-22.5,"axis":"y","origin":[0,0,0]},"faces":{"north":{"uv":[11.5,7.5,12.5,8],"texture":"#0"},"east":{"uv":[13.25,9,14,9.5],"texture":"#0"},"south":{"uv":[13,9.75,14,10.25],"texture":"#0"},"west":{"uv":[9.25,13.25,10,13.75],"texture":"#0"},"up":{"uv":[1,13,0,12.25],"texture":"#0"},"down":{"uv":[1,13,0,12.25],"texture":"#0"}}},{"from":[12,2,1],"to":[14,3,3],"rotation":{"angle":-22.5,"axis":"y","origin":[0,0,0]},"faces":{"north":{"uv":[7.5,2.75,8,3],"texture":"#0"},"east":{"uv":[9.25,11,9.75,11.25],"texture":"#0"},"south":{"uv":[11.75,10.75,12.25,11],"texture":"#0"},"west":{"uv":[11.75,11,12.25,11.25],"texture":"#0"},"up":{"uv":[5,10.25,4.5,9.75],"texture":"#0"},"down":{"uv":[5,10.25,4.5,9.75],"texture":"#0"}}},{"from":[-6,2,9],"to":[-2,6,14],"faces":{"north":{"uv":[2.5,11.5,3.5,12.5],"texture":"#0"},"east":{"uv":[4.5,10.25,5.75,11.25],"texture":"#0"},"south":{"uv":[5,11.5,6,12.5],"texture":"#0"},"west":{"uv":[10.25,6.5,11.5,7.5],"texture":"#0"},"up":{"uv":[9.25,11.5,8.25,10.25],"texture":"#0"},"down":{"uv":[9.25,11.5,8.25,10.25],"texture":"#0"}}},{"from":[-9,2,4],"to":[-5,4,7],"faces":{"north":{"uv":[13,10.25,14,10.75],"texture":"#0"},"east":{"uv":[10,13.25,10.75,13.75],"texture":"#0"},"south":{"uv":[12,13,13,13.5],"texture":"#0"},"west":{"uv":[10.75,13.25,11.5,13.75],"texture":"#0"},"up":{"uv":[13.25,13,12.25,12.25],"texture":"#0"},"down":{"uv":[13.25,13,12.25,12.25],"texture":"#0"}}},{"from":[-11,2,5],"to":[-8,3,8],"faces":{"north":{"uv":[5.75,10.25,6.5,10.5],"texture":"#0"},"east":{"uv":[5,11.25,5.75,11.5],"texture":"#0"},"south":{"uv":[12.25,9.75,13,10],"texture":"#0"},"west":{"uv":[13.5,4.5,14.25,4.75],"texture":"#0"},"up":{"uv":[0.75,13.75,0,13],"texture":"#0"},"down":{"uv":[0.75,13.75,0,13],"texture":"#0"}}},{"from":[-7,2,6],"to":[-3,5,9],"faces":{"north":{"uv":[12.25,9,13.25,9.75],"texture":"#0"},"east":{"uv":[6.75,12.75,7.5,13.5],"texture":"#0"},"south":{"uv":[12.25,10.75,13.25,11.5],"texture":"#0"},"west":{"uv":[7.5,12.75,8.25,13.5],"texture":"#0"},"up":{"uv":[13.25,12.25,12.25,11.5],"texture":"#0"},"down":{"uv":[13.25,12.25,12.25,11.5],"texture":"#0"}}},{"from":[4,2,5],"to":[8,6,10],"rotation":{"angle":-45,"axis":"y","origin":[-16,1,0]},"faces":{"north":{"uv":[6,11.5,7,12.5],"texture":"#0"},"east":{"uv":[2.5,10.5,3.75,11.5],"texture":"#0"},"south":{"uv":[11.5,6.5,12.5,7.5],"texture":"#0"},"west":{"uv":[5.75,10.5,7,11.5],"texture":"#0"},"up":{"uv":[11.75,1.25,10.75,0],"texture":"#0"},"down":{"uv":[11.75,1.25,10.75,0],"texture":"#0"}}},{"from":[5,2,9],"to":[9,5,13],"rotation":{"angle":-45,"axis":"y","origin":[-16,1,0]},"faces":{"north":{"uv":[4.75,12.5,5.75,13.25],"texture":"#0"},"east":{"uv":[5.75,12.5,6.75,13.25],"texture":"#0"},"south":{"uv":[12.5,6.25,13.5,7],"texture":"#0"},"west":{"uv":[12.5,7,13.5,7.75],"texture":"#0"},"up":{"uv":[9.25,12.5,8.25,11.5],"texture":"#0"},"down":{"uv":[9.25,12.5,8.25,11.5],"texture":"#0"}}},{"from":[6,2,11],"to":[11,4,14],"rotation":{"angle":-45,"axis":"y","origin":[-16,1,0]},"faces":{"north":{"uv":[10.25,7.5,11.5,8],"texture":"#0"},"east":{"uv":[13.5,1,14.25,1.5],"texture":"#0"},"south":{"uv":[12.75,0,14,0.5],"texture":"#0"},"west":{"uv":[1.5,13.5,2.25,14],"texture":"#0"},"up":{"uv":[8.25,12.75,7,12],"texture":"#0"},"down":{"uv":[8.25,12.75,7,12],"texture":"#0"}}},{"from":[-9,2,14],"to":[-4,7,18],"faces":{"north":{"uv":[9.5,0,10.75,1.25],"texture":"#0"},"east":{"uv":[10.75,10,11.75,11.25],"texture":"#0"},"south":{"uv":[0,9.75,1.25,11],"texture":"#0"},"west":{"uv":[0,11,1,12.25],"texture":"#0"},"up":{"uv":[2.25,12,1,11],"texture":"#0"},"down":{"uv":[2.25,12,1,11],"texture":"#0"}}},{"from":[-12,2,12],"to":[-7,6,17],"faces":{"north":{"uv":[7,11,8.25,12],"texture":"#0"},"east":{"uv":[11.25,2,12.5,3],"texture":"#0"},"south":{"uv":[11.25,3,12.5,4],"texture":"#0"},"west":{"uv":[3.75,11.25,5,12.25],"texture":"#0"},"up":{"uv":[2.5,11,1.25,9.75],"texture":"#0"},"down":{"uv":[2.5,11,1.25,9.75],"texture":"#0"}}},{"from":[-14,2,14],"to":[-11,4,18],"faces":{"north":{"uv":[13.25,10.75,14,11.25],"texture":"#0"},"east":{"uv":[13,13,14,13.5],"texture":"#0"},"south":{"uv":[13.25,11.25,14,11.75],"texture":"#0"},"west":{"uv":[13.25,2,14.25,2.5],"texture":"#0"},"up":{"uv":[13.25,3,12.5,2],"texture":"#0"},"down":{"uv":[13.25,3,12.5,2],"texture":"#0"}}},{"from":[-15,0,17],"to":[-12,3,19],"faces":{"north":{"uv":[3.25,13,4,13.75],"texture":"#0"},"east":{"uv":[7.5,2,8,2.75],"texture":"#0"},"south":{"uv":[4,13,4.75,13.75],"texture":"#0"},"west":{"uv":[9.25,10.25,9.75,11],"texture":"#0"},"up":{"uv":[14,12.25,13.25,11.75],"texture":"#0"},"down":{"uv":[14,12.25,13.25,11.75],"texture":"#0"}}},{"from":[10,2,17],"to":[16,7,21],"rotation":{"angle":-22.5,"axis":"y","origin":[16,0,0]},"faces":{"north":{"uv":[5,9,6.5,10.25],"texture":"#0"},"east":{"uv":[9.25,11.25,10.25,12.5],"texture":"#0"},"south":{"uv":[8.25,9,9.75,10.25],"texture":"#0"},"west":{"uv":[10.25,11.25,11.25,12.5],"texture":"#0"},"up":{"uv":[11.25,5.5,9.75,4.5],"texture":"#0"},"down":{"uv":[11.25,5.5,9.75,4.5],"texture":"#0"}}},{"from":[7,2,16],"to":[12,5,20],"rotation":{"angle":0,"axis":"y","origin":[16,0,0]},"faces":{"north":{"uv":[11.75,10,13,10.75],"texture":"#0"},"east":{"uv":[12.5,3,13.5,3.75],"texture":"#0"},"south":{"uv":[1,12,2.25,12.75],"texture":"#0"},"west":{"uv":[12.5,4.5,13.5,5.25],"texture":"#0"},"up":{"uv":[12.5,5.5,11.25,4.5],"texture":"#0"},"down":{"uv":[12.5,5.5,11.25,4.5],"texture":"#0"}}},{"from":[11,2,14],"to":[14,4,18],"rotation":{"angle":0,"axis":"y","origin":[16,0,0]},"faces":{"north":{"uv":[13.5,0.5,14.25,1],"texture":"#0"},"east":{"uv":[13.25,2.5,14.25,3],"texture":"#0"},"south":{"uv":[0.75,13.5,1.5,14],"texture":"#0"},"west":{"uv":[4.75,13.25,5.75,13.75],"texture":"#0"},"up":{"uv":[3.25,13.5,2.5,12.5],"texture":"#0"},"down":{"uv":[3.25,13.5,2.5,12.5],"texture":"#0"}}},{"from":[10,2,12],"to":[13,3,14],"rotation":{"angle":0,"axis":"y","origin":[16,0,0]},"faces":{"north":{"uv":[13.5,4.75,14.25,5],"texture":"#0"},"east":{"uv":[1.75,12.75,2.25,13],"texture":"#0"},"south":{"uv":[13.5,5,14.25,5.25],"texture":"#0"},"west":{"uv":[1.75,13,2.25,13.25],"texture":"#0"},"up":{"uv":[14,12.75,13.25,12.25],"texture":"#0"},"down":{"uv":[14,12.75,13.25,12.25],"texture":"#0"}}},{"from":[8,2,11],"to":[12,3,12],"rotation":{"angle":0,"axis":"y","origin":[16,0,0]},"faces":{"north":{"uv":[12.5,3.75,13.5,4],"texture":"#0"},"east":{"uv":[11.5,1.75,11.75,2],"texture":"#0"},"south":{"uv":[12.5,5.25,13.5,5.5],"texture":"#0"},"west":{"uv":[3.5,11.5,3.75,11.75],"texture":"#0"},"up":{"uv":[13.5,8,12.5,7.75],"texture":"#0"},"down":{"uv":[13.5,8,12.5,7.75],"texture":"#0"}}},{"from":[-7,2,27],"to":[-3,3,29],"faces":{"north":{"uv":[13.25,9.5,14.25,9.75],"texture":"#0"},"east":{"uv":[1.75,13.25,2.25,13.5],"texture":"#0"},"south":{"uv":[13.25,12.75,14.25,13],"texture":"#0"},"west":{"uv":[11.5,13.25,12,13.5],"texture":"#0"},"up":{"uv":[6.75,13.75,5.75,13.25],"texture":"#0"},"down":{"uv":[6.75,13.75,5.75,13.25],"texture":"#0"}}},{"from":[2,2,26],"to":[5,3,28],"rotation":{"angle":0,"axis":"y","origin":[-1,0,0]},"faces":{"north":{"uv":[13.5,5.25,14.25,5.5],"texture":"#0"},"east":{"uv":[13.5,5.75,14,6],"texture":"#0"},"south":{"uv":[13.5,5.5,14.25,5.75],"texture":"#0"},"west":{"uv":[13.5,6,14,6.25],"texture":"#0"},"up":{"uv":[14.25,3.5,13.5,3],"texture":"#0"},"down":{"uv":[14.25,3.5,13.5,3],"texture":"#0"}}},{"from":[-5,2,11],"to":[-1,6,17],"rotation":{"angle":22.5,"axis":"y","origin":[15,1,0]},"faces":{"north":{"uv":[11.75,0,12.75,1],"texture":"#0"},"east":{"uv":[9.75,5.5,11.25,6.5],"texture":"#0"},"south":{"uv":[11.75,1,12.75,2],"texture":"#0"},"west":{"uv":[9.75,9,11.25,10],"texture":"#0"},"up":{"uv":[7.5,10.5,6.5,9],"texture":"#0"},"down":{"uv":[7.5,10.5,6.5,9],"texture":"#0"}}},{"from":[-12,2,11],"to":[-8,4,14],"rotation":{"angle":45,"axis":"y","origin":[15,1,0]},"faces":{"north":{"uv":[8.25,13.25,9.25,13.75],"texture":"#0"},"east":{"uv":[13.5,1.5,14.25,2],"texture":"#0"},"south":{"uv":[13.25,8.5,14.25,9],"texture":"#0"},"west":{"uv":[2.5,13.5,3.25,14],"texture":"#0"},"up":{"uv":[11.25,13.25,10.25,12.5],"texture":"#0"},"down":{"uv":[11.25,13.25,10.25,12.5],"texture":"#0"}}},{"from":[-9,2,8],"to":[-5,5,13],"rotation":{"angle":45,"axis":"y","origin":[15,1,0]},"faces":{"north":{"uv":[8.25,12.5,9.25,13.25],"texture":"#0"},"east":{"uv":[3.5,12.25,4.75,13],"texture":"#0"},"south":{"uv":[9.25,12.5,10.25,13.25],"texture":"#0"},"west":{"uv":[12.25,5.5,13.5,6.25],"texture":"#0"},"up":{"uv":[12.25,12.5,11.25,11.25],"texture":"#0"},"down":{"uv":[12.25,12.5,11.25,11.25],"texture":"#0"}}},{"from":[-1,3,11],"to":[1,5,12],"faces":{"north":{"uv":[7,10.5,7.5,11],"texture":"#0"},"east":{"uv":[8,4.5,8.25,5],"texture":"#0"},"south":{"uv":[7,10.5,7.5,11],"texture":"#0"},"west":{"uv":[8,4.5,8.25,5],"texture":"#0"},"up":{"uv":[14,6.5,13.5,6.25],"texture":"#0"},"down":{"uv":[14,6.5,13.5,6.25],"texture":"#0"}}},{"from":[13,0,6],"to":[14,2,26],"rotation":{"angle":0,"axis":"y","origin":[16,0,0]},"faces":{"north":{"uv":[11.5,1.25,11.75,1.75],"texture":"#0"},"east":{"uv":[8.25,8.5,13.25,9],"texture":"#0"},"south":{"uv":[11.5,1.25,11.75,1.75],"texture":"#0"},"west":{"uv":[8.25,8.5,13.25,9],"texture":"#0"},"up":{"uv":[2.5,16,2.25,11],"texture":"#0"},"down":{"uv":[2.5,16,2.25,11],"texture":"#0"}}},{"from":[10,0,4],"to":[13,2,28],"rotation":{"angle":0,"axis":"y","origin":[16,0,0]},"faces":{"north":{"uv":[13.5,3.5,14.25,4],"texture":"#0"},"east":{"uv":[8.25,8,14.25,8.5],"texture":"#0"},"south":{"uv":[13.5,3.5,14.25,4],"texture":"#0"},"west":{"uv":[8.25,8,14.25,8.5],"texture":"#0"},"up":{"uv":[8.25,11,7.5,5],"texture":"#0"},"down":{"uv":[8.25,11,7.5,5],"texture":"#0"}}},{"from":[-14,0,6],"to":[-13,2,26],"faces":{"north":{"uv":[11.75,1.25,11.5,1.75],"texture":"#0"},"east":{"uv":[13.25,8.5,8.25,9],"texture":"#0"},"south":{"uv":[11.75,1.25,11.5,1.75],"texture":"#0"},"west":{"uv":[13.25,8.5,8.25,9],"texture":"#0"},"up":{"uv":[2.25,16,2.5,11],"texture":"#0"},"down":{"uv":[2.25,16,2.5,11],"texture":"#0"}}},{"from":[-13,0,4],"to":[-10,2,28],"faces":{"north":{"uv":[14.25,3.5,13.5,4],"texture":"#0"},"east":{"uv":[14.25,8,8.25,8.5],"texture":"#0"},"south":{"uv":[14.25,3.5,13.5,4],"texture":"#0"},"west":{"uv":[14.25,8,8.25,8.5],"texture":"#0"},"up":{"uv":[7.5,11,8.25,5],"texture":"#0"},"down":{"uv":[7.5,11,8.25,5],"texture":"#0"}}}],"gui_light":"front","display":{"thirdperson_righthand":{"translation":[2.75,2.25,-1],"scale":[0.31,0.31,0.31]},"thirdperson_lefthand":{"translation":[-2,2.25,-1],"scale":[0.31,0.31,0.31]},"firstperson_righthand":{"translation":[2.75,2.25,-1],"scale":[0.5,0.5,0.5]},"firstperson_lefthand":{"translation":[-5.25,2.25,-1],"scale":[0.5,0.5,0.5]},"ground":{"translation":[4.75,2,-4.25],"scale":[0.5,0.5,0.5]},"gui":{"rotation":[30,225,0],"translation":[0,-2,0],"scale":[0.33,0.33,0.33]},"head":{"rotation":[0,180,0],"translation":[-7.75,13,7]},"fixed":{"rotation":[-90,0,0],"translation":[16.25,-15.75,-16.25],"scale":[2,2,2]}}}