{"credit":"mctowncraft,QQ:1447709546","textures":{"0":"mctown:block/item/furniture/mctown_thread_red","particle":"mctown:block/item/furniture/mctown_thread_red"},"elements":[{"from":[2,0,2],"to":[6,1,6],"rotation":{"angle":0,"axis":"x","origin":[4,0.5,4]},"faces":{"north":{"uv":[0,10,4,11],"rotation":180,"texture":"#0"},"east":{"uv":[0,9,4,10],"rotation":180,"texture":"#0"},"south":{"uv":[0,8,4,9],"rotation":180,"texture":"#0"},"west":{"uv":[10,0,14,1],"rotation":180,"texture":"#0"},"up":{"uv":[4,4,0,8],"texture":"#0"},"down":{"uv":[4,4,0,0],"texture":"#0"}}},{"from":[2,6,2],"to":[6,7,6],"faces":{"north":{"uv":[0,8,4,9],"texture":"#0"},"east":{"uv":[0,9,4,10],"texture":"#0"},"south":{"uv":[0,10,4,11],"texture":"#0"},"west":{"uv":[10,0,14,1],"texture":"#0"},"up":{"uv":[4,4,0,0],"texture":"#0"},"down":{"uv":[4,4,0,8],"texture":"#0"}}},{"from":[2.5,1,2.5],"to":[5.5,6,5.5],"faces":{"north":{"uv":[4,0,7,5],"texture":"#0"},"east":{"uv":[4,5,7,10],"texture":"#0"},"south":{"uv":[7,0,10,5],"texture":"#0"},"west":{"uv":[7,5,10,10],"texture":"#0"}}},{"from":[-0.05995,1,1.43863],"to":[2.94005,6,1.43863],"rotation":{"angle":-45,"axis":"y","origin":[1.44005,3.5,1.43863]},"faces":{"north":{"uv":[13,1,10,6],"texture":"#0"},"east":{"uv":[4,5,7,10],"texture":"#0"},"south":{"uv":[10,1,13,6],"texture":"#0"},"west":{"uv":[7,5,10,10],"texture":"#0"}}},{"from":[7,0,9],"to":[8,4,13],"rotation":{"angle":0,"axis":"z","origin":[4,3.5,4]},"faces":{"north":{"uv":[0,8,4,9],"rotation":90,"texture":"#0"},"east":{"uv":[4,4,0,8],"rotation":270,"texture":"#0"},"south":{"uv":[0,10,4,11],"rotation":270,"texture":"#0"},"west":{"uv":[4,4,0,0],"rotation":270,"texture":"#0"},"up":{"uv":[0,9,4,10],"rotation":270,"texture":"#0"},"down":{"uv":[10,0,14,1],"rotation":270,"texture":"#0"}}},{"from":[8,0.5,9.5],"to":[13,3.5,12.5],"rotation":{"angle":0,"axis":"z","origin":[4,3.5,4]},"faces":{"north":{"uv":[4,0,7,5],"rotation":90,"texture":"#0"},"south":{"uv":[7,0,10,5],"rotation":270,"texture":"#0"},"up":{"uv":[4,5,7,10],"rotation":270,"texture":"#0"},"down":{"uv":[7,5,10,10],"rotation":270,"texture":"#0"}}},{"from":[8,0.5,12.5],"to":[13,0.5,15.5],"rotation":{"angle":0,"axis":"z","origin":[4,3.5,4]},"faces":{"north":{"uv":[4,0,7,5],"rotation":90,"texture":"#0"},"south":{"uv":[7,0,10,5],"rotation":270,"texture":"#0"},"up":{"uv":[10,1,13,6],"rotation":270,"texture":"#0"},"down":{"uv":[13,1,10,6],"rotation":270,"texture":"#0"}}},{"from":[13,0,9],"to":[14,4,13],"rotation":{"angle":0,"axis":"z","origin":[13.5,2,11]},"faces":{"north":{"uv":[0,8,4,9],"rotation":270,"texture":"#0"},"east":{"uv":[4,4,0,0],"rotation":90,"texture":"#0"},"south":{"uv":[0,10,4,11],"rotation":90,"texture":"#0"},"west":{"uv":[4,4,0,8],"rotation":90,"texture":"#0"},"up":{"uv":[10,0,14,1],"rotation":90,"texture":"#0"},"down":{"uv":[0,9,4,10],"rotation":90,"texture":"#0"}}},{"from":[8.5,-0.44454,5.0026],"to":[12.5,3.55546,6.0026],"rotation":{"angle":-45,"axis":"x","origin":[10.5,1.55546,5.5026]},"faces":{"north":{"uv":[4,4,0,0],"rotation":180,"texture":"#0"},"east":{"uv":[0,9,4,10],"rotation":90,"texture":"#0"},"south":{"uv":[4,4,0,8],"texture":"#0"},"west":{"uv":[10,0,14,1],"rotation":270,"texture":"#0"},"up":{"uv":[0,10,4,11],"texture":"#0"},"down":{"uv":[0,8,4,9],"rotation":180,"texture":"#0"}}},{"from":[9,3.6875,4.9375],"to":[12,8.6875,7.9375],"rotation":{"angle":45,"axis":"x","origin":[10.5,3.5,4]},"faces":{"north":{"uv":[4,0,7,5],"texture":"#0"},"east":{"uv":[4,5,7,10],"texture":"#0"},"south":{"uv":[7,0,10,5],"texture":"#0"},"west":{"uv":[7,5,10,10],"texture":"#0"}}},{"from":[6,3.6875,5.9375],"to":[9,8.6875,5.9375],"rotation":{"angle":45,"axis":"x","origin":[10.5,3.5,4]},"faces":{"north":{"uv":[10,5,13,10],"texture":"#0"},"east":{"uv":[4,5,7,10],"texture":"#0"},"south":{"uv":[13,5,10,10],"texture":"#0"},"west":{"uv":[7,5,10,10],"texture":"#0"}}},{"from":[8.5,8.6875,4.4375],"to":[12.5,9.6875,8.4375],"rotation":{"angle":45,"axis":"x","origin":[10.5,3.5,4]},"faces":{"north":{"uv":[0,8,4,9],"texture":"#0"},"east":{"uv":[0,9,4,10],"texture":"#0"},"south":{"uv":[0,10,4,11],"texture":"#0"},"west":{"uv":[10,0,14,1],"texture":"#0"},"up":{"uv":[4,4,0,0],"texture":"#0"},"down":{"uv":[4,4,0,8],"texture":"#0"}}}],"gui_light":"front","display":{"thirdperson_righthand":{"rotation":[70,0,0],"translation":[0,3,3],"scale":[0.4,0.4,0.4]},"thirdperson_lefthand":{"rotation":[70,0,0],"translation":[0,3,3],"scale":[0.4,0.4,0.4]},"firstperson_righthand":{"rotation":[0,35,0],"translation":[0,4,0],"scale":[0.4,0.4,0.4]},"firstperson_lefthand":{"rotation":[0,125,0],"translation":[0,4,0],"scale":[0.4,0.4,0.4]},"ground":{"scale":[0.35,0.35,0.35]},"gui":{"rotation":[15,-150,0],"translation":[-1,3,0],"scale":[0.8,0.8,0.8]},"head":{"translation":[0,-30.5,0],"scale":[1.6,1.6,1.6]},"fixed":{"rotation":[-90,0,0],"translation":[0,0,-16],"scale":[2,2,2]}}}