{"credit":"mctown.wokin,QQ:1447709546","texture_size":[64,64],"textures":{"0":"mctown:block/item/furniture/mctown_blacksmith_grindstone","particle":"mctown:block/item/furniture/mctown_blacksmith_grindstone"},"elements":[{"from":[1,0,1],"to":[4,6,4],"rotation":{"angle":22.5,"axis":"x","origin":[1,0,1]},"faces":{"north":{"uv":[0,7,0.75,8.5],"texture":"#0"},"east":{"uv":[0.75,7,1.5,8.5],"texture":"#0"},"south":{"uv":[0,7,0.75,8.5],"texture":"#0"},"west":{"uv":[0.75,7,1.5,8.5],"texture":"#0"},"up":{"uv":[4.25,7.75,3.5,7],"texture":"#0"},"down":{"uv":[4.25,7.75,3.5,7],"texture":"#0"}}},{"from":[-1,2,2],"to":[17,3,3],"rotation":{"angle":22.5,"axis":"x","origin":[0,0,1]},"faces":{"north":{"uv":[6.5,2.5,11,2.75],"texture":"#0"},"east":{"uv":[7.5,1.25,7.75,1.5],"texture":"#0"},"south":{"uv":[6.5,2.5,11,2.75],"texture":"#0"},"west":{"uv":[7.5,1.25,7.75,1.5],"texture":"#0"},"up":{"uv":[11,3,6.5,2.75],"texture":"#0"},"down":{"uv":[11,3,6.5,2.75],"texture":"#0"}}},{"from":[5,4.75,1],"to":[11,18.75,15],"faces":{"north":{"uv":[3.5,0,5,3.5],"texture":"#0"},"east":{"uv":[0,0,3.5,3.5],"texture":"#0"},"south":{"uv":[3.5,3.5,5,7],"texture":"#0"},"west":{"uv":[0,0,3.5,3.5],"texture":"#0"},"up":{"uv":[6.5,3.5,5,0],"texture":"#0"},"down":{"uv":[6.5,3.5,5,0],"texture":"#0"}}},{"from":[0,10,7],"to":[16,12,9],"faces":{"north":{"uv":[6.25,4.75,10.5,5.25],"texture":"#0"},"east":{"uv":[6.75,7,7.25,7.5],"texture":"#0"},"south":{"uv":[6.25,4.75,10.5,5.25],"texture":"#0"},"west":{"uv":[6.75,7,7.25,7.5],"texture":"#0"},"up":{"uv":[6.25,4.75,10.5,5.25],"texture":"#0"},"down":{"uv":[6.25,4.75,10.5,5.25],"texture":"#0"}}},{"from":[-3,6,7],"to":[-1,8,9],"rotation":{"angle":0,"axis":"y","origin":[1,0,0]},"faces":{"north":{"uv":[6.5,3,7,3.5],"texture":"#0"},"east":{"uv":[7,3,7.5,3.5],"texture":"#0"},"south":{"uv":[6.5,3,7,3.5],"texture":"#0"},"west":{"uv":[7,3,7.5,3.5],"texture":"#0"},"up":{"uv":[6.75,7.5,6.25,7],"texture":"#0"},"down":{"uv":[6.75,7.5,6.25,7],"texture":"#0"}}},{"from":[4,9,5],"to":[5,14,11],"rotation":{"angle":0,"axis":"y","origin":[1,0,0]},"faces":{"north":{"uv":[4.75,7,5,8.25],"texture":"#0"},"east":{"uv":[6.25,5.75,7.75,7],"texture":"#0"},"south":{"uv":[4.75,7,5,8.25],"texture":"#0"},"west":{"uv":[6.25,5.75,7.75,7],"texture":"#0"},"up":{"uv":[4.75,8.5,4.5,7],"texture":"#0"},"down":{"uv":[4.75,8.5,4.5,7],"texture":"#0"}}},{"from":[1,8,6],"to":[4,13,10],"rotation":{"angle":0,"axis":"y","origin":[1,0,0]},"faces":{"north":{"uv":[1.5,7,2.25,8.25],"texture":"#0"},"east":{"uv":[6.5,1.25,7.5,2.5],"texture":"#0"},"south":{"uv":[1.5,7,2.25,8.25],"texture":"#0"},"west":{"uv":[6.5,1.25,7.5,2.5],"texture":"#0"},"up":{"uv":[3,8,2.25,7],"texture":"#0"},"down":{"uv":[3,8,2.25,7],"texture":"#0"}}},{"from":[0,3,2],"to":[5,8,14],"rotation":{"angle":0,"axis":"y","origin":[1,0,0]},"faces":{"north":{"uv":[6.5,0,7.75,1.25],"texture":"#0"},"east":{"uv":[5,3.5,8,4.75],"texture":"#0"},"south":{"uv":[6.5,0,7.75,1.25],"texture":"#0"},"west":{"uv":[5,3.5,8,4.75],"texture":"#0"},"up":{"uv":[6.25,7.75,5,4.75],"texture":"#0"},"down":{"uv":[6.25,7.75,5,4.75],"texture":"#0"}}},{"from":[-1,6,7],"to":[0,12,9],"rotation":{"angle":0,"axis":"y","origin":[1,0,0]},"faces":{"north":{"uv":[4.25,7,4.5,8.5],"texture":"#0"},"east":{"uv":[3,7,3.5,8.5],"texture":"#0"},"south":{"uv":[4.25,7,4.5,8.5],"texture":"#0"},"west":{"uv":[3,7,3.5,8.5],"texture":"#0"},"up":{"uv":[7.5,7.5,7.25,7],"texture":"#0"},"down":{"uv":[7.5,7.5,7.25,7],"texture":"#0"}}},{"from":[12,0,1],"to":[15,6,4],"rotation":{"angle":22.5,"axis":"x","origin":[15,0,1]},"faces":{"north":{"uv":[0.75,7,0,8.5],"texture":"#0"},"east":{"uv":[1.5,7,0.75,8.5],"texture":"#0"},"south":{"uv":[0.75,7,0,8.5],"texture":"#0"},"west":{"uv":[1.5,7,0.75,8.5],"texture":"#0"},"up":{"uv":[3.5,7.75,4.25,7],"texture":"#0"},"down":{"uv":[3.5,7.75,4.25,7],"texture":"#0"}}},{"from":[1,0,12],"to":[4,6,15],"rotation":{"angle":-22.5,"axis":"x","origin":[1,0,15]},"faces":{"north":{"uv":[0.75,7,0,8.5],"texture":"#0"},"east":{"uv":[1.5,7,0.75,8.5],"texture":"#0"},"south":{"uv":[0.75,7,0,8.5],"texture":"#0"},"west":{"uv":[1.5,7,0.75,8.5],"texture":"#0"},"up":{"uv":[4.25,7,3.5,7.75],"texture":"#0"},"down":{"uv":[4.25,7,3.5,7.75],"texture":"#0"}}},{"from":[12,0,12],"to":[15,6,15],"rotation":{"angle":-22.5,"axis":"x","origin":[15,0,15]},"faces":{"north":{"uv":[0,7,0.75,8.5],"texture":"#0"},"east":{"uv":[0.75,7,1.5,8.5],"texture":"#0"},"south":{"uv":[0,7,0.75,8.5],"texture":"#0"},"west":{"uv":[0.75,7,1.5,8.5],"texture":"#0"},"up":{"uv":[3.5,7,4.25,7.75],"texture":"#0"},"down":{"uv":[3.5,7,4.25,7.75],"texture":"#0"}}},{"from":[-1,2,13],"to":[17,3,14],"rotation":{"angle":-22.5,"axis":"x","origin":[0,0,15]},"faces":{"north":{"uv":[11,2.5,6.5,2.75],"texture":"#0"},"east":{"uv":[7.75,1.25,7.5,1.5],"texture":"#0"},"south":{"uv":[11,2.5,6.5,2.75],"texture":"#0"},"west":{"uv":[7.75,1.25,7.5,1.5],"texture":"#0"},"up":{"uv":[11,2.75,6.5,3],"texture":"#0"},"down":{"uv":[11,2.75,6.5,3],"texture":"#0"}}},{"from":[11,3,2],"to":[16,8,14],"rotation":{"angle":0,"axis":"y","origin":[15,0,0]},"faces":{"north":{"uv":[7.75,0,6.5,1.25],"texture":"#0"},"east":{"uv":[8,3.5,5,4.75],"texture":"#0"},"south":{"uv":[7.75,0,6.5,1.25],"texture":"#0"},"west":{"uv":[8,3.5,5,4.75],"texture":"#0"},"up":{"uv":[5,7.75,6.25,4.75],"texture":"#0"},"down":{"uv":[5,7.75,6.25,4.75],"texture":"#0"}}},{"from":[17,6,7],"to":[19,8,9],"rotation":{"angle":0,"axis":"y","origin":[15,0,0]},"faces":{"north":{"uv":[7,3,6.5,3.5],"texture":"#0"},"east":{"uv":[7.5,3,7,3.5],"texture":"#0"},"south":{"uv":[7,3,6.5,3.5],"texture":"#0"},"west":{"uv":[7.5,3,7,3.5],"texture":"#0"},"up":{"uv":[6.25,7.5,6.75,7],"texture":"#0"},"down":{"uv":[6.25,7.5,6.75,7],"texture":"#0"}}},{"from":[16,6,7],"to":[17,12,9],"rotation":{"angle":0,"axis":"y","origin":[15,0,0]},"faces":{"north":{"uv":[4.5,7,4.25,8.5],"texture":"#0"},"east":{"uv":[3.5,7,3,8.5],"texture":"#0"},"south":{"uv":[4.5,7,4.25,8.5],"texture":"#0"},"west":{"uv":[3.5,7,3,8.5],"texture":"#0"},"up":{"uv":[7.25,7.5,7.5,7],"texture":"#0"},"down":{"uv":[7.25,7.5,7.5,7],"texture":"#0"}}},{"from":[12,8,6],"to":[15,13,10],"rotation":{"angle":0,"axis":"y","origin":[15,0,0]},"faces":{"north":{"uv":[2.25,7,1.5,8.25],"texture":"#0"},"east":{"uv":[7.5,1.25,6.5,2.5],"texture":"#0"},"south":{"uv":[2.25,7,1.5,8.25],"texture":"#0"},"west":{"uv":[7.5,1.25,6.5,2.5],"texture":"#0"},"up":{"uv":[2.25,8,3,7],"texture":"#0"},"down":{"uv":[2.25,8,3,7],"texture":"#0"}}},{"from":[11,9,5],"to":[12,14,11],"rotation":{"angle":0,"axis":"y","origin":[15,0,0]},"faces":{"north":{"uv":[5,7,4.75,8.25],"texture":"#0"},"east":{"uv":[7.75,5.75,6.25,7],"texture":"#0"},"south":{"uv":[5,7,4.75,8.25],"texture":"#0"},"west":{"uv":[7.75,5.75,6.25,7],"texture":"#0"},"up":{"uv":[4.5,8.5,4.75,7],"texture":"#0"},"down":{"uv":[4.5,8.5,4.75,7],"texture":"#0"}}}],"display":{"thirdperson_righthand":{"translation":[0,3,1],"scale":[0.55,0.55,0.55]},"thirdperson_lefthand":{"translation":[0,3,1],"scale":[0.55,0.55,0.55]},"firstperson_righthand":{"rotation":[0,-90,25],"translation":[1.13,3.2,1.13],"scale":[0.68,0.68,0.68]},"firstperson_lefthand":{"rotation":[0,-90,25],"translation":[1.13,3.2,1.13],"scale":[0.68,0.68,0.68]},"ground":{"translation":[0,2,0],"scale":[0.5,0.5,0.5]},"gui":{"rotation":[30,225,0],"translation":[0.25,0,0],"scale":[0.46,0.46,0.46]},"head":{"translation":[0,-28.75,0],"scale":[1.6,1.6,1.6]}}}