{"credit":"mctown.wokin,QQ:1447709546","texture_size":[32,32],"textures":{"0":"mctown:block/item/furniture/toffy_key_cinder","particle":"mctown:block/item/furniture/toffy_key_cinder"},"elements":[{"from":[7.5,0.025,5],"to":[8.5,1,10],"faces":{"north":{"uv":[12.5,2,13,2.5],"texture":"#0"},"east":{"uv":[7.5,4.5,10,5],"texture":"#0"},"south":{"uv":[3.5,12.5,4,13],"texture":"#0"},"west":{"uv":[7.5,5.5,10,6],"texture":"#0"},"up":{"uv":[9,10.5,8.5,8],"texture":"#0"},"down":{"uv":[0.5,9,0,11.5],"texture":"#0"}}},{"from":[7.5,1,6],"to":[8.5,2,10],"faces":{"north":{"uv":[4.5,12.5,5,13],"texture":"#0"},"east":{"uv":[9.5,6.5,11.5,7],"texture":"#0"},"south":{"uv":[5.5,12.5,6,13],"texture":"#0"},"west":{"uv":[9.5,7.5,11.5,8],"texture":"#0"},"up":{"uv":[3,11,2.5,9],"texture":"#0"},"down":{"uv":[4,9,3.5,11],"texture":"#0"}}},{"from":[7.5,2.5,7],"to":[8.5,3.5,10],"faces":{"north":{"uv":[6.5,12.5,7,13],"texture":"#0"},"east":{"uv":[11,11,12.5,11.5],"texture":"#0"},"south":{"uv":[12.5,8.5,13,9],"texture":"#0"},"west":{"uv":[11.5,0,13,0.5],"texture":"#0"},"up":{"uv":[12,2.5,11.5,1],"texture":"#0"},"down":{"uv":[3,11.5,2.5,13],"texture":"#0"}}},{"from":[6.5,0,9],"to":[8.5,4,11],"rotation":{"angle":-45,"axis":"y","origin":[8,0.5,10.5]},"faces":{"north":{"uv":[0,0,1,2],"texture":"#0"},"east":{"uv":[1.5,0,2.5,2],"texture":"#0"},"south":{"uv":[0,2.5,1,4.5],"texture":"#0"},"west":{"uv":[1.5,2.5,2.5,4.5],"texture":"#0"},"up":{"uv":[9.5,1,8.5,0],"texture":"#0"},"down":{"uv":[2,9,1,10],"texture":"#0"}}},{"from":[7,10,8.79289],"to":[9,14,10.79289],"rotation":{"angle":0,"axis":"y","origin":[8,12,9.79289]},"faces":{"north":{"uv":[3,0,4,2],"texture":"#0"},"east":{"uv":[3,2.5,4,4.5],"texture":"#0"},"south":{"uv":[4.5,0,5.5,2],"texture":"#0"},"west":{"uv":[4.5,2.5,5.5,4.5],"texture":"#0"},"up":{"uv":[10.5,9.5,9.5,8.5],"texture":"#0"},"down":{"uv":[11,0,10,1],"texture":"#0"}}},{"from":[7,4,9.5],"to":[8,10,10.5],"rotation":{"angle":-45,"axis":"y","origin":[8,0.5,10.5]},"faces":{"north":{"uv":[4.5,8,5,11],"texture":"#0"},"east":{"uv":[5.5,8,6,11],"texture":"#0"},"south":{"uv":[6.5,8,7,11],"texture":"#0"},"west":{"uv":[7.5,8,8,11],"texture":"#0"},"up":{"uv":[0.5,13.5,0,13],"texture":"#0"},"down":{"uv":[1.5,13,1,13.5],"texture":"#0"}}},{"from":[3.4588,12.30656,8.81789],"to":[7.4588,14.30656,10.76789],"rotation":{"angle":-22.5,"axis":"z","origin":[6.4588,13.30656,9.79289]},"faces":{"north":{"uv":[0,5,2,6],"texture":"#0"},"east":{"uv":[10,1.5,11,2.5],"texture":"#0"},"south":{"uv":[2.5,5,4.5,6],"texture":"#0"},"west":{"uv":[10,3,11,4],"texture":"#0"},"up":{"uv":[7,6,5,5],"texture":"#0"},"down":{"uv":[8,0,6,1],"texture":"#0"}}},{"from":[3.26985,13.9373,9.17446],"to":[5.26985,14.9373,13.17446],"rotation":{"angle":-22.5,"axis":"x","origin":[7.26985,13.9373,10.17446]},"faces":{"north":{"uv":[6,4,7,4.5],"texture":"#0"},"east":{"uv":[9.5,10,11.5,10.5],"texture":"#0"},"south":{"uv":[12,10,13,10.5],"texture":"#0"},"west":{"uv":[10.5,4.5,12.5,5],"texture":"#0"},"up":{"uv":[7,3.5,6,1.5],"texture":"#0"},"down":{"uv":[1,6.5,0,8.5],"texture":"#0"}}},{"from":[3.34805,16.61608,12.56341],"to":[6.34805,17.61608,13.56341],"rotation":{"angle":22.5,"axis":"z","origin":[7.34805,16.61608,9.56341]},"faces":{"north":{"uv":[11.5,3,13,3.5],"texture":"#0"},"east":{"uv":[13,4,13.5,4.5],"texture":"#0"},"south":{"uv":[3.5,11.5,5,12],"texture":"#0"},"west":{"uv":[13,5,13.5,5.5],"texture":"#0"},"up":{"uv":[7,12,5.5,11.5],"texture":"#0"},"down":{"uv":[1.5,12,0,12.5],"texture":"#0"}}},{"from":[8.5412,12.30656,8.81789],"to":[12.5412,14.30656,10.76789],"rotation":{"angle":22.5,"axis":"z","origin":[9.5412,13.30656,9.79289]},"faces":{"north":{"uv":[2,5,0,6],"texture":"#0"},"east":{"uv":[11,3,10,4],"texture":"#0"},"south":{"uv":[4.5,5,2.5,6],"texture":"#0"},"west":{"uv":[11,1.5,10,2.5],"texture":"#0"},"up":{"uv":[5,6,7,5],"texture":"#0"},"down":{"uv":[6,0,8,1],"texture":"#0"}}},{"from":[10.73015,13.9373,9.17446],"to":[12.73015,14.9373,13.17446],"rotation":{"angle":-22.5,"axis":"x","origin":[8.73015,13.9373,10.17446]},"faces":{"north":{"uv":[7,4,6,4.5],"texture":"#0"},"east":{"uv":[12.5,4.5,10.5,5],"texture":"#0"},"south":{"uv":[13,10,12,10.5],"texture":"#0"},"west":{"uv":[11.5,10,9.5,10.5],"texture":"#0"},"up":{"uv":[6,3.5,7,1.5],"texture":"#0"},"down":{"uv":[0,6.5,1,8.5],"texture":"#0"}}},{"from":[9.65195,16.61608,12.56341],"to":[12.65195,17.61608,13.56341],"rotation":{"angle":-22.5,"axis":"z","origin":[8.65195,16.61608,9.56341]},"faces":{"north":{"uv":[13,3,11.5,3.5],"texture":"#0"},"east":{"uv":[13.5,5,13,5.5],"texture":"#0"},"south":{"uv":[5,11.5,3.5,12],"texture":"#0"},"west":{"uv":[13.5,4,13,4.5],"texture":"#0"},"up":{"uv":[5.5,12,7,11.5],"texture":"#0"},"down":{"uv":[0,12,1.5,12.5],"texture":"#0"}}}],"gui_light":"front","display":{"thirdperson_righthand":{"rotation":[92.5,0,0],"translation":[0,1.5,0],"scale":[0.5,0.5,0.5]},"thirdperson_lefthand":{"rotation":[92.5,0,0],"translation":[0,1.5,0],"scale":[0.5,0.5,0.5]},"firstperson_righthand":{"rotation":[79,0,0],"translation":[0,2,0],"scale":[0.5,0.5,0.5]},"firstperson_lefthand":{"rotation":[79,0,0],"translation":[0,2,0],"scale":[0.5,0.5,0.5]},"ground":{"scale":[0.4,0.4,0.4]},"gui":{"rotation":[28,-138,19],"translation":[0.5,-0.75,0],"scale":[0.8,0.8,0.8]},"head":{"translation":[0,14.25,0]},"fixed":{"rotation":[-6.75,0,0],"translation":[0,-1,-4]}}}