{"textures":{"0":"modelengine:entity/wizpiglin_2_rift","1":"modelengine:entity/wizpiglin_2"},"elements":[{"name":"cube","from":[6.5,5.0,4.3999996],"to":[9.5,8.0,8.0],"rotation":{"angle":0.0,"axis":"x","origin":[6.8,7.7,3.7999997]},"faces":{"down":{"uv":[9.975,12.025,8.775,13.475],"rotation":0,"texture":"#1","tintindex":0},"east":{"uv":[0.025,12.025,1.475,13.225],"rotation":0,"texture":"#1","tintindex":0},"north":{"uv":[13.025,3.525,14.225,4.725],"rotation":0,"texture":"#1","tintindex":0},"south":{"uv":[4.525,13.025,5.725,14.225],"rotation":0,"texture":"#1","tintindex":0},"up":{"uv":[8.725,13.475,7.525,12.025],"rotation":0,"texture":"#1","tintindex":0},"west":{"uv":[6.025,12.025,7.475,13.225],"rotation":0,"texture":"#1","tintindex":0}}},{"name":"cube","from":[6.7573595,4.7,3.1999998],"to":[9.242641,6.5,3.1999998],"rotation":{"angle":0.0,"axis":"x","origin":[8.0,7.7,6.2]},"faces":{"down":{"uv":[0.975,0.025,0.025,0.025],"rotation":0,"texture":"#1","tintindex":0},"east":{"uv":[0.025,0.025,0.025,0.725],"rotation":0,"texture":"#1","tintindex":0},"north":{"uv":[5.525,14.525,6.475,15.225],"rotation":0,"texture":"#1","tintindex":0},"south":{"uv":[5.525,14.525,6.475,15.225],"rotation":0,"texture":"#1","tintindex":0},"up":{"uv":[0.975,0.025,0.025,0.025],"rotation":0,"texture":"#1","tintindex":0},"west":{"uv":[0.025,0.025,0.025,0.725],"rotation":0,"texture":"#1","tintindex":0}}},{"name":"cube","from":[6.7573595,4.7,3.1999998],"to":[9.242641,6.5,3.1999998],"rotation":{"angle":-45.0,"axis":"y","origin":[8.0,7.7,6.2]},"faces":{"down":{"uv":[0.975,0.025,0.025,0.025],"rotation":0,"texture":"#1","tintindex":0},"east":{"uv":[0.025,0.025,0.025,0.725],"rotation":0,"texture":"#1","tintindex":0},"north":{"uv":[5.525,14.525,6.475,15.225],"rotation":0,"texture":"#1","tintindex":0},"south":{"uv":[5.525,14.525,6.475,15.225],"rotation":0,"texture":"#1","tintindex":0},"up":{"uv":[0.975,0.025,0.025,0.025],"rotation":0,"texture":"#1","tintindex":0},"west":{"uv":[0.025,0.025,0.025,0.725],"rotation":0,"texture":"#1","tintindex":0}}},{"name":"cube","from":[6.7573595,4.7,3.1999998],"to":[9.242641,6.5,3.1999998],"rotation":{"angle":45.0,"axis":"y","origin":[8.0,7.7,6.2]},"faces":{"down":{"uv":[0.975,0.025,0.025,0.025],"rotation":0,"texture":"#1","tintindex":0},"east":{"uv":[0.025,0.025,0.025,0.725],"rotation":0,"texture":"#1","tintindex":0},"north":{"uv":[5.525,14.525,6.475,15.225],"rotation":0,"texture":"#1","tintindex":0},"south":{"uv":[5.525,14.525,6.475,15.225],"rotation":0,"texture":"#1","tintindex":0},"up":{"uv":[0.975,0.025,0.025,0.025],"rotation":0,"texture":"#1","tintindex":0},"west":{"uv":[0.025,0.025,0.025,0.725],"rotation":0,"texture":"#1","tintindex":0}}},{"name":"cube","from":[8.522789,4.7,8.725708],"to":[11.00807,6.5,8.725708],"rotation":{"angle":-45.0,"axis":"y","origin":[8.310918,7.4578886,3.8320925]},"faces":{"down":{"uv":[0.975,0.025,0.025,0.025],"rotation":0,"texture":"#1","tintindex":0},"east":{"uv":[0.025,0.025,0.025,0.725],"rotation":0,"texture":"#1","tintindex":0},"north":{"uv":[6.475,14.525,5.525,15.225],"rotation":0,"texture":"#1","tintindex":0},"south":{"uv":[6.475,14.525,5.525,15.225],"rotation":0,"texture":"#1","tintindex":0},"up":{"uv":[0.975,0.025,0.025,0.025],"rotation":0,"texture":"#1","tintindex":0},"west":{"uv":[0.025,0.025,0.025,0.725],"rotation":0,"texture":"#1","tintindex":0}}},{"name":"cube","from":[6.757784,4.7,9.199575],"to":[9.243065,6.5,9.199575],"rotation":{"angle":0.0,"axis":"x","origin":[8.310918,7.4578886,3.8320925]},"faces":{"down":{"uv":[0.975,0.025,0.025,0.025],"rotation":0,"texture":"#1","tintindex":0},"east":{"uv":[0.025,0.025,0.025,0.725],"rotation":0,"texture":"#1","tintindex":0},"north":{"uv":[6.475,14.525,5.525,15.225],"rotation":0,"texture":"#1","tintindex":0},"south":{"uv":[6.475,14.525,5.525,15.225],"rotation":0,"texture":"#1","tintindex":0},"up":{"uv":[0.975,0.025,0.025,0.025],"rotation":0,"texture":"#1","tintindex":0},"west":{"uv":[0.025,0.025,0.025,0.725],"rotation":0,"texture":"#1","tintindex":0}}},{"name":"cube","from":[5.0,4.7,4.9573593],"to":[5.0,6.5,7.442641],"rotation":{"angle":0.0,"axis":"x","origin":[10.367483,7.4578886,6.5104933]},"faces":{"down":{"uv":[0.975,0.025,0.025,0.025],"rotation":270,"texture":"#1","tintindex":0},"east":{"uv":[6.475,14.525,5.525,15.225],"rotation":0,"texture":"#1","tintindex":0},"north":{"uv":[0.025,0.025,0.025,0.725],"rotation":0,"texture":"#1","tintindex":0},"south":{"uv":[0.025,0.025,0.025,0.725],"rotation":0,"texture":"#1","tintindex":0},"up":{"uv":[0.975,0.025,0.025,0.025],"rotation":90,"texture":"#1","tintindex":0},"west":{"uv":[6.475,14.525,5.525,15.225],"rotation":0,"texture":"#1","tintindex":0}}},{"name":"cube","from":[11.000425,4.7,4.956935],"to":[11.000425,6.5,7.4422164],"rotation":{"angle":0.0,"axis":"x","origin":[16.367908,7.4578886,6.510069]},"faces":{"down":{"uv":[0.975,0.025,0.025,0.025],"rotation":270,"texture":"#1","tintindex":0},"east":{"uv":[6.475,14.525,5.525,15.225],"rotation":0,"texture":"#1","tintindex":0},"north":{"uv":[0.025,0.025,0.025,0.725],"rotation":0,"texture":"#1","tintindex":0},"south":{"uv":[0.025,0.025,0.025,0.725],"rotation":0,"texture":"#1","tintindex":0},"up":{"uv":[0.975,0.025,0.025,0.025],"rotation":90,"texture":"#1","tintindex":0},"west":{"uv":[6.475,14.525,5.525,15.225],"rotation":0,"texture":"#1","tintindex":0}}},{"name":"cube","from":[5.1746616,4.7,8.286604],"to":[7.6599426,6.5,8.286604],"rotation":{"angle":45.0,"axis":"y","origin":[8.310918,7.4578886,3.8320925]},"faces":{"down":{"uv":[0.975,0.025,0.025,0.025],"rotation":0,"texture":"#1","tintindex":0},"east":{"uv":[0.025,0.025,0.025,0.725],"rotation":0,"texture":"#1","tintindex":0},"north":{"uv":[6.475,14.525,5.525,15.225],"rotation":0,"texture":"#1","tintindex":0},"south":{"uv":[6.475,14.525,5.525,15.225],"rotation":0,"texture":"#1","tintindex":0},"up":{"uv":[0.975,0.025,0.025,0.025],"rotation":0,"texture":"#1","tintindex":0},"west":{"uv":[0.025,0.025,0.025,0.725],"rotation":0,"texture":"#1","tintindex":0}}},{"name":"cube","from":[6.5,2.6,4.3999996],"to":[8.9,5.0,7.4],"rotation":{"angle":0.0,"axis":"x","origin":[6.8,4.7,3.7999997]},"faces":{"down":{"uv":[9.975,13.525,9.025,14.725],"rotation":0,"texture":"#1","tintindex":0},"east":{"uv":[13.275,2.525,14.475,3.475],"rotation":0,"texture":"#1","tintindex":0},"north":{"uv":[14.025,4.775,14.975,5.725],"rotation":0,"texture":"#1","tintindex":0},"south":{"uv":[10.025,14.025,10.975,14.975],"rotation":0,"texture":"#1","tintindex":0},"up":{"uv":[8.975,14.725,8.025,13.525],"rotation":0,"texture":"#1","tintindex":0},"west":{"uv":[6.775,13.525,7.975,14.475],"rotation":0,"texture":"#1","tintindex":0}}}],"display":{"head":{"translation":[0.0,-6.4,0.0],"rotation":[0.0,0.0,0.0],"scale":[3.8095,3.8095,3.8095]}}}