{"textures":{"0":"modelengine:entity/wizpiglin_2_rift","1":"modelengine:entity/wizpiglin_2"},"elements":[{"name":"cube","from":[8.390712,6.0357594,6.5],"to":[10.790712,8.43576,9.5],"rotation":{"angle":22.5,"axis":"z","origin":[9.290712,7.2357597,8.0]},"faces":{"down":{"uv":[4.225,13.775,3.275,14.975],"rotation":0,"texture":"#1","tintindex":0},"east":{"uv":[13.525,12.025,14.725,12.975],"rotation":0,"texture":"#1","tintindex":0},"north":{"uv":[12.275,14.025,13.225,14.975],"rotation":0,"texture":"#1","tintindex":0},"south":{"uv":[13.275,14.025,14.225,14.975],"rotation":0,"texture":"#1","tintindex":0},"up":{"uv":[3.225,14.975,2.275,13.775],"rotation":0,"texture":"#1","tintindex":0},"west":{"uv":[13.525,13.025,14.725,13.975],"rotation":0,"texture":"#1","tintindex":0}}},{"name":"cube","from":[9.8,7.4,6.2],"to":[11.0,8.6,8.6],"rotation":{"angle":0.0,"axis":"x","origin":[8.3,10.700001,6.2]},"faces":{"down":{"uv":[11.475,14.525,11.025,15.475],"rotation":0,"texture":"#1","tintindex":0},"east":{"uv":[11.275,7.025,12.225,7.475],"rotation":0,"texture":"#1","tintindex":0},"north":{"uv":[14.025,5.775,14.475,6.225],"rotation":0,"texture":"#1","tintindex":0},"south":{"uv":[11.775,14.525,12.225,14.975],"rotation":0,"texture":"#1","tintindex":0},"up":{"uv":[1.475,15.225,1.025,14.275],"rotation":0,"texture":"#1","tintindex":0},"west":{"uv":[14.275,4.275,15.225,4.725],"rotation":0,"texture":"#1","tintindex":0}}}],"display":{"head":{"translation":[0.0,-6.4,0.0],"rotation":[0.0,0.0,0.0],"scale":[3.8095,3.8095,3.8095]}}}