{"credit":"MadebyPolygonMC","texture_size":[32,32],"textures":{"1":"camillaset:bow"},"elements":[{"from":[7.25,5.86675,4.13325],"to":[8.75,7.86675,6.13325],"rotation":{"angle":-45,"axis":"x","origin":[8,8,4]},"faces":{"north":{"uv":[5.5,6.5,6.25,7.5],"texture":"#1"},"east":{"uv":[3.5,6,4.5,7],"texture":"#1"},"south":{"uv":[6.5,6.5,7.25,7.5],"texture":"#1"},"west":{"uv":[4.5,6,5.5,7],"texture":"#1"},"up":{"uv":[4.25,8,3.5,7],"texture":"#1"},"down":{"uv":[5.25,7,4.5,8],"texture":"#1"}}},{"from":[7,6.11675,4.38325],"to":[9,7.61675,5.88325],"rotation":{"angle":-45,"axis":"x","origin":[8,8,4]},"faces":{"north":{"uv":[7.5,3.5,8.5,4.25],"texture":"#1"},"east":{"uv":[1.5,8,2.25,8.75],"texture":"#1"},"south":{"uv":[5.5,7.5,6.5,8.25],"texture":"#1"},"west":{"uv":[2.5,8,3.25,8.75],"texture":"#1"},"up":{"uv":[8.5,6.25,7.5,5.5],"texture":"#1"},"down":{"uv":[7.5,7.5,6.5,8.25],"texture":"#1"}}},{"from":[7.65,9.36101,7.12848],"to":[8.35,11.36101,8.32848],"rotation":{"angle":22.5,"axis":"x","origin":[8,12.68601,7.90348]},"faces":{"north":{"uv":[7.5,9,7.75,10],"texture":"#1"},"east":{"uv":[8.5,1.5,9,2.5],"texture":"#1"},"south":{"uv":[8,9,8.25,10],"texture":"#1"},"west":{"uv":[8.5,2.5,9,3.5],"texture":"#1"}}},{"from":[7.65,15.62212,5.40585],"to":[8.35,16.82212,10.40585],"rotation":{"angle":-22.5,"axis":"x","origin":[8,15.39712,9.13085]},"faces":{"north":{"uv":[10,2.5,10.25,3],"texture":"#1"},"east":{"uv":[3.5,5,6,5.5],"texture":"#1"},"south":{"uv":[3,10,3.25,10.5],"texture":"#1"},"west":{"uv":[3.5,5.5,6,6],"texture":"#1"},"up":{"uv":[7.75,9,7.5,6.5],"texture":"#1"},"down":{"uv":[0.25,8,0,10.5],"texture":"#1"}}},{"from":[7.65,13.22769,5.54939],"to":[8.35,14.42769,7.54939],"rotation":{"angle":45,"axis":"x","origin":[8,13.67769,5.54939]},"faces":{"east":{"uv":[8.5,4,9.5,4.5],"texture":"#1"},"west":{"uv":[8,8.5,9,9],"texture":"#1"},"up":{"uv":[1.75,10.5,1.5,9.5],"texture":"#1"},"down":{"uv":[2.25,9.5,2,10.5],"texture":"#1"}}},{"from":[7.5,8.975,4.60265],"to":[8.5,9.975,6.60265],"rotation":{"angle":0,"axis":"x","origin":[8,8,4]},"faces":{"north":{"uv":[9,8,9.5,8.5],"texture":"#1"},"east":{"uv":[8,5,9,5.5],"texture":"#1"},"south":{"uv":[8.5,9,9,9.5],"texture":"#1"},"west":{"uv":[8.5,3.5,9.5,4],"texture":"#1"},"up":{"uv":[6,9.5,5.5,8.5],"texture":"#1"},"down":{"uv":[9,5.5,8.5,6.5],"texture":"#1"}}},{"from":[7.75,10.05847,2.79377],"to":[8.25,11.05847,5.79377],"rotation":{"angle":22.5,"axis":"x","origin":[8,8,4]},"faces":{"north":{"uv":[9.5,4,9.75,4.5],"texture":"#1"},"east":{"uv":[6,5.5,7.5,6],"texture":"#1"},"south":{"uv":[9.5,4.5,9.75,5],"texture":"#1"},"west":{"uv":[7.5,4.5,9,5],"texture":"#1"},"up":{"uv":[7.25,10,7,8.5],"texture":"#1"},"down":{"uv":[9.25,2,9,3.5],"texture":"#1"}}},{"from":[7.75,10.82406,5.81586],"to":[8.25,13.42406,6.81586],"rotation":{"angle":-22.5,"axis":"x","origin":[8,12.14906,5.96586]},"faces":{"north":{"uv":[9,6.5,9.25,7.75],"texture":"#1"},"east":{"uv":[0.5,8,1,9.25],"texture":"#1"},"west":{"uv":[1,8,1.5,9.25],"texture":"#1"}}},{"from":[7.505,6.84908,6.52978],"to":[8.495,7.57408,7.52978],"rotation":{"angle":-45,"axis":"x","origin":[8,8,4]},"faces":{"north":{"uv":[9.5,5,10,5.25],"texture":"#1"},"east":{"uv":[5.5,9.5,6,9.75],"texture":"#1"},"south":{"uv":[9.5,5.5,10,5.75],"texture":"#1"},"west":{"uv":[9.5,6,10,6.25],"texture":"#1"},"up":{"uv":[9.5,9,9,8.5],"texture":"#1"},"down":{"uv":[9.5,9,9,9.5],"texture":"#1"}}},{"from":[7.505,8.26329,5.11557],"to":[8.495,9.26329,5.84057],"rotation":{"angle":-45,"axis":"x","origin":[8,8,4]},"faces":{"north":{"uv":[0.5,9.5,1,10],"texture":"#1"},"east":{"uv":[9.5,6.5,9.75,7],"texture":"#1"},"south":{"uv":[1,9.5,1.5,10],"texture":"#1"},"west":{"uv":[9.5,7,9.75,7.5],"texture":"#1"},"up":{"uv":[10,7.75,9.5,7.5],"texture":"#1"},"down":{"uv":[10,8,9.5,8.25],"texture":"#1"}}},{"from":[7.755,10.3156,4.30973],"to":[8.245,11.0156,5.30973],"rotation":{"angle":-22.5,"axis":"x","origin":[8,8,4]},"faces":{"north":{"uv":[10,3.5,10.25,3.75],"texture":"#1"},"east":{"uv":[8.5,9.5,9,9.75],"texture":"#1"},"south":{"uv":[4,10,4.25,10.25],"texture":"#1"},"west":{"uv":[9.5,8.5,10,8.75],"texture":"#1"},"up":{"uv":[9.25,10,9,9.5],"texture":"#1"},"down":{"uv":[9.75,9,9.5,9.5],"texture":"#1"}}},{"from":[7.755,10.36404,2.40084],"to":[8.245,11.07404,3.40084],"rotation":{"angle":-45,"axis":"x","origin":[8,8,4]},"faces":{"north":{"uv":[10,4,10.25,4.25],"texture":"#1"},"east":{"uv":[9.5,9.5,10,9.75],"texture":"#1"},"south":{"uv":[4.5,10,4.75,10.25],"texture":"#1"},"west":{"uv":[0.5,10,1,10.25],"texture":"#1"},"up":{"uv":[1.25,10.5,1,10],"texture":"#1"},"down":{"uv":[10.25,1.5,10,2],"texture":"#1"}}},{"from":[7.75,8.75,1.40265],"to":[8.25,9.75,5.40265],"rotation":{"angle":0,"axis":"x","origin":[8,8,4]},"faces":{"north":{"uv":[10,2,10.25,2.5],"texture":"#1"},"east":{"uv":[6,5,8,5.5],"texture":"#1"},"south":{"uv":[2.5,10,2.75,10.5],"texture":"#1"},"west":{"uv":[5.5,6,7.5,6.5],"texture":"#1"},"up":{"uv":[6.25,10.5,6,8.5],"texture":"#1"},"down":{"uv":[6.75,8.5,6.5,10.5],"texture":"#1"}}},{"from":[7.5,10.675,7.85],"to":[8.5,12.175,9.35],"rotation":{"angle":-45,"axis":"x","origin":[7.5,10.425,7.6]},"faces":{"north":{"uv":[2.5,9,3,9.75],"texture":"#1"},"east":{"uv":[3.5,8,4.25,8.75],"texture":"#1"},"south":{"uv":[3,9,3.5,9.75],"texture":"#1"},"west":{"uv":[4.5,8,5.25,8.75],"texture":"#1"},"up":{"uv":[4,9.75,3.5,9],"texture":"#1"},"down":{"uv":[4.5,9,4,9.75],"texture":"#1"}}},{"from":[7.5,14.125,7.9],"to":[8.5,15.625,9.4],"rotation":{"angle":-45,"axis":"x","origin":[7.5,10.375,7.65]},"faces":{"north":{"uv":[4.5,9,5,9.75],"texture":"#1"},"east":{"uv":[8,6.5,8.75,7.25],"texture":"#1"},"south":{"uv":[9,4.5,9.5,5.25],"texture":"#1"},"west":{"uv":[8,7.5,8.75,8.25],"texture":"#1"},"up":{"uv":[5.5,9.75,5,9],"texture":"#1"},"down":{"uv":[9.5,5.5,9,6.25],"texture":"#1"}}},{"from":[7.7,15.68553,9.42868],"to":[8.3,16.73553,11.42868],"rotation":{"angle":22.5,"axis":"x","origin":[8,16.08553,10.62868]},"faces":{"north":{"uv":[10,3,10.25,3.5],"texture":"#1"},"east":{"uv":[1.5,9,2.5,9.5],"texture":"#1"},"south":{"uv":[3.5,10,3.75,10.5],"texture":"#1"},"west":{"uv":[9,1.5,10,2],"texture":"#1"},"up":{"uv":[9.75,3,9.5,2],"texture":"#1"},"down":{"uv":[9.75,3,9.5,4],"texture":"#1"}}},{"from":[8,0,10.75],"to":[8,16,17.75],"rotation":{"angle":0,"axis":"y","origin":[8,16,0]},"faces":{"north":{"uv":[0,0,0,8],"texture":"#1"},"east":{"uv":[3.5,0,0,8],"texture":"#1"},"south":{"uv":[0,0,0,8],"texture":"#1"},"west":{"uv":[0,0,3.5,8],"texture":"#1"},"up":{"uv":[0,3.5,0,0],"texture":"#1"},"down":{"uv":[0,0,0,3.5],"texture":"#1"}}},{"from":[8,10.25,-1.5],"to":[8,12.75,6.5],"rotation":{"angle":0,"axis":"y","origin":[8,16,0]},"faces":{"north":{"uv":[0,0,0,1.25],"texture":"#1"},"east":{"uv":[7.5,3.5,3.5,4.75],"texture":"#1"},"south":{"uv":[0,0,0,1.25],"texture":"#1"},"west":{"uv":[3.5,3.5,7.5,4.75],"texture":"#1"},"up":{"uv":[0,4,0,0],"texture":"#1"},"down":{"uv":[0,0,0,4],"texture":"#1"}}},{"from":[8,12.75,2.5],"to":[8,16.25,12.5],"rotation":{"angle":-22.5,"axis":"x","origin":[8,16,0]},"faces":{"north":{"uv":[0,0,0,1.75],"texture":"#1"},"east":{"uv":[8.5,1.5,3.5,3.25],"texture":"#1"},"south":{"uv":[0,0,0,1.75],"texture":"#1"},"west":{"uv":[3.5,1.5,8.5,3.25],"texture":"#1"},"up":{"uv":[0,5,0,0],"texture":"#1"},"down":{"uv":[0,0,0,5],"texture":"#1"}}},{"from":[7.65,4.63899,7.12848],"to":[8.35,6.63899,8.32848],"rotation":{"angle":-22.5,"axis":"x","origin":[8,3.31399,7.90348]},"faces":{"north":{"uv":[7.5,10,7.75,9],"texture":"#1"},"east":{"uv":[8.5,2.5,9,1.5],"texture":"#1"},"south":{"uv":[8,10,8.25,9],"texture":"#1"},"west":{"uv":[8.5,3.5,9,2.5],"texture":"#1"}}},{"from":[7.5,6.025,4.60265],"to":[8.5,7.025,6.60265],"rotation":{"angle":0,"axis":"x","origin":[8,8,4]},"faces":{"north":{"uv":[9,8.5,9.5,8],"texture":"#1"},"east":{"uv":[8,5.5,9,5],"texture":"#1"},"south":{"uv":[8.5,9.5,9,9],"texture":"#1"},"west":{"uv":[8.5,4,9.5,3.5],"texture":"#1"},"up":{"uv":[9,6.5,8.5,5.5],"texture":"#1"},"down":{"uv":[6,8.5,5.5,9.5],"texture":"#1"}}},{"from":[7.75,4.94153,2.79377],"to":[8.25,5.94153,5.79377],"rotation":{"angle":-22.5,"axis":"x","origin":[8,8,4]},"faces":{"north":{"uv":[9.5,4.5,9.75,4],"texture":"#1"},"east":{"uv":[6,6,7.5,5.5],"texture":"#1"},"south":{"uv":[9.5,5,9.75,4.5],"texture":"#1"},"west":{"uv":[7.5,5,9,4.5],"texture":"#1"},"up":{"uv":[9.25,3.5,9,2],"texture":"#1"},"down":{"uv":[7.25,8.5,7,10],"texture":"#1"}}},{"from":[7.505,8.42592,6.52978],"to":[8.495,9.15092,7.52978],"rotation":{"angle":45,"axis":"x","origin":[8,8,4]},"faces":{"north":{"uv":[9.5,5.25,10,5],"texture":"#1"},"east":{"uv":[5.5,9.75,6,9.5],"texture":"#1"},"south":{"uv":[9.5,5.75,10,5.5],"texture":"#1"},"west":{"uv":[9.5,6.25,10,6],"texture":"#1"},"up":{"uv":[9.5,9.5,9,9],"texture":"#1"},"down":{"uv":[9.5,8.5,9,9],"texture":"#1"}}},{"from":[7.505,6.73671,5.11557],"to":[8.495,7.73671,5.84057],"rotation":{"angle":45,"axis":"x","origin":[8,8,4]},"faces":{"north":{"uv":[0.5,10,1,9.5],"texture":"#1"},"east":{"uv":[9.5,7,9.75,6.5],"texture":"#1"},"south":{"uv":[1,10,1.5,9.5],"texture":"#1"},"west":{"uv":[9.5,7.5,9.75,7],"texture":"#1"},"up":{"uv":[10,8.25,9.5,8],"texture":"#1"},"down":{"uv":[10,7.5,9.5,7.75],"texture":"#1"}}},{"from":[7.755,4.9844,4.30973],"to":[8.245,5.6844,5.30973],"rotation":{"angle":22.5,"axis":"x","origin":[8,8,4]},"faces":{"north":{"uv":[10,3.75,10.25,3.5],"texture":"#1"},"east":{"uv":[8.5,9.75,9,9.5],"texture":"#1"},"south":{"uv":[4,10.25,4.25,10],"texture":"#1"},"west":{"uv":[9.5,8.75,10,8.5],"texture":"#1"},"up":{"uv":[9.75,9.5,9.5,9],"texture":"#1"},"down":{"uv":[9.25,9.5,9,10],"texture":"#1"}}},{"from":[7.755,4.92596,2.40084],"to":[8.245,5.63596,3.40084],"rotation":{"angle":45,"axis":"x","origin":[8,8,4]},"faces":{"north":{"uv":[10,4.25,10.25,4],"texture":"#1"},"east":{"uv":[9.5,9.75,10,9.5],"texture":"#1"},"south":{"uv":[4.5,10.25,4.75,10],"texture":"#1"},"west":{"uv":[0.5,10.25,1,10],"texture":"#1"},"up":{"uv":[10.25,2,10,1.5],"texture":"#1"},"down":{"uv":[1.25,10,1,10.5],"texture":"#1"}}},{"from":[7.75,6.25,1.40265],"to":[8.25,7.25,5.40265],"rotation":{"angle":0,"axis":"x","origin":[8,8,4]},"faces":{"north":{"uv":[10,2.5,10.25,2],"texture":"#1"},"east":{"uv":[6,5.5,8,5],"texture":"#1"},"south":{"uv":[2.5,10.5,2.75,10],"texture":"#1"},"west":{"uv":[5.5,6.5,7.5,6],"texture":"#1"},"up":{"uv":[6.75,10.5,6.5,8.5],"texture":"#1"},"down":{"uv":[6.25,8.5,6,10.5],"texture":"#1"}}},{"from":[7.5,3.825,7.85],"to":[8.5,5.325,9.35],"rotation":{"angle":45,"axis":"x","origin":[7.5,5.575,7.6]},"faces":{"north":{"uv":[2.5,9.75,3,9],"texture":"#1"},"east":{"uv":[3.5,8.75,4.25,8],"texture":"#1"},"south":{"uv":[3,9.75,3.5,9],"texture":"#1"},"west":{"uv":[4.5,8.75,5.25,8],"texture":"#1"},"up":{"uv":[4.5,9.75,4,9],"texture":"#1"},"down":{"uv":[4,9,3.5,9.75],"texture":"#1"}}},{"from":[7.65,1.57231,5.54939],"to":[8.35,2.77231,7.54939],"rotation":{"angle":-45,"axis":"x","origin":[8,2.32231,5.54939]},"faces":{"east":{"uv":[8.5,4.5,9.5,4],"texture":"#1"},"west":{"uv":[8,9,9,8.5],"texture":"#1"},"up":{"uv":[2.25,10.5,2,9.5],"texture":"#1"},"down":{"uv":[1.75,9.5,1.5,10.5],"texture":"#1"}}},{"from":[7.5,0.375,7.9],"to":[8.5,1.875,9.4],"rotation":{"angle":45,"axis":"x","origin":[7.5,5.625,7.65]},"faces":{"north":{"uv":[4.5,9.75,5,9],"texture":"#1"},"east":{"uv":[8,7.25,8.75,6.5],"texture":"#1"},"south":{"uv":[9,5.25,9.5,4.5],"texture":"#1"},"west":{"uv":[8,8.25,8.75,7.5],"texture":"#1"},"up":{"uv":[9.5,6.25,9,5.5],"texture":"#1"},"down":{"uv":[5.5,9,5,9.75],"texture":"#1"}}},{"from":[7.65,-0.82212,5.40585],"to":[8.35,0.37788,10.40585],"rotation":{"angle":22.5,"axis":"x","origin":[8,0.60288,9.13085]},"faces":{"north":{"uv":[10,3,10.25,2.5],"texture":"#1"},"east":{"uv":[3.5,5.5,6,5],"texture":"#1"},"south":{"uv":[3,10.5,3.25,10],"texture":"#1"},"west":{"uv":[3.5,6,6,5.5],"texture":"#1"},"up":{"uv":[0.25,10.5,0,8],"texture":"#1"},"down":{"uv":[7.75,6.5,7.5,9],"texture":"#1"}}},{"from":[7.7,-0.73553,9.42868],"to":[8.3,0.31447,11.42868],"rotation":{"angle":-22.5,"axis":"x","origin":[8,-0.08553,10.62868]},"faces":{"north":{"uv":[10,3.5,10.25,3],"texture":"#1"},"east":{"uv":[1.5,9.5,2.5,9],"texture":"#1"},"south":{"uv":[3.5,10.5,3.75,10],"texture":"#1"},"west":{"uv":[9,2,10,1.5],"texture":"#1"},"up":{"uv":[9.75,4,9.5,3],"texture":"#1"},"down":{"uv":[9.75,2,9.5,3],"texture":"#1"}}},{"from":[7.75,2.57594,5.81586],"to":[8.25,5.17594,6.81586],"rotation":{"angle":22.5,"axis":"x","origin":[8,3.85094,5.96586]},"faces":{"north":{"uv":[9,7.75,9.25,6.5],"texture":"#1"},"east":{"uv":[0.5,9.25,1,8],"texture":"#1"},"west":{"uv":[1,9.25,1.5,8],"texture":"#1"}}},{"from":[8,3.25,-1.5],"to":[8,5.75,6.5],"rotation":{"angle":0,"axis":"y","origin":[8,0,0]},"faces":{"north":{"uv":[0,1.25,0,0],"texture":"#1"},"east":{"uv":[7.5,4.75,3.5,3.5],"texture":"#1"},"south":{"uv":[0,1.25,0,0],"texture":"#1"},"west":{"uv":[3.5,4.75,7.5,3.5],"texture":"#1"},"up":{"uv":[0,4,0,0],"texture":"#1"},"down":{"uv":[0,0,0,4],"texture":"#1"}}},{"from":[8,-0.25,2.5],"to":[8,3.25,12.5],"rotation":{"angle":22.5,"axis":"x","origin":[8,0,0]},"faces":{"north":{"uv":[0,1.75,0,0],"texture":"#1"},"east":{"uv":[8.5,3.25,3.5,1.5],"texture":"#1"},"south":{"uv":[0,1.75,0,0],"texture":"#1"},"west":{"uv":[3.5,3.25,8.5,1.5],"texture":"#1"},"up":{"uv":[0,5,0,0],"texture":"#1"},"down":{"uv":[0,0,0,5],"texture":"#1"}}}],"gui_light":"front","display":{"thirdperson_righthand":{"translation":[0,-2,1]},"thirdperson_lefthand":{"translation":[0,-2,1]},"firstperson_righthand":{"translation":[-2.5,5.25,3]},"firstperson_lefthand":{"translation":[-2.5,5.25,3]},"ground":{"translation":[0,13.5,0]},"gui":{"rotation":[-90,135,90],"translation":[-0.5,0.5,0],"scale":[0.7793,0.7793,0.78125]},"head":{"scale":[1.5,1.5,1.5],"rotation":[90,45,90]},"fixed":{"rotation":[90,-45,90],"translation":[0.75,0.75,-0.5],"scale":[0.89648,0.89648,0.89648]}}}