{"credit":"MadebyPolygonMC","texture_size":[24,24],"textures":{"2":"camillaset:hammer","particle":"camillaset:hammer"},"elements":[{"from":[7.5,0.75,7.5],"to":[8.5,1.75,8.5],"rotation":{"angle":0,"axis":"y","origin":[7.5,-0.25,6.5]},"faces":{"north":{"uv":[5.33333,1.33333,6,2],"texture":"#2"},"east":{"uv":[3.33333,5.33333,4,6],"texture":"#2"},"south":{"uv":[6,2.66667,6.66667,3.33333],"texture":"#2"},"west":{"uv":[7.33333,6.66667,8,7.33333],"texture":"#2"},"up":{"uv":[9.33333,8.66667,8.66667,8],"texture":"#2"},"down":{"uv":[10.66667,5.33333,10,6],"texture":"#2"}}},{"from":[7.6,2.25,7.6],"to":[8.4,5,8.4],"rotation":{"angle":0,"axis":"y","origin":[7.5,1.25,6.5]},"faces":{"north":{"uv":[6.66667,4,7.33333,6],"texture":"#2"},"east":{"uv":[0.66667,7.33333,1.33333,9.33333],"texture":"#2"},"south":{"uv":[1.33333,7.33333,2,9.33333],"texture":"#2"},"west":{"uv":[3.33333,7.33333,4,9.33333],"texture":"#2"},"up":{"uv":[6.66667,10.66667,6,10],"texture":"#2"},"down":{"uv":[10.66667,6,10,6.66667],"texture":"#2"}}},{"from":[7.35,1.75,7.35],"to":[8.65,2.25,8.65],"rotation":{"angle":0,"axis":"y","origin":[7.5,3.25,6.5]},"faces":{"north":{"uv":[0.66667,11.33333,1.66667,11.66667],"texture":"#2"},"east":{"uv":[11.33333,0.66667,12.33333,1],"texture":"#2"},"south":{"uv":[11.33333,1.33333,12.33333,1.66667],"texture":"#2"},"west":{"uv":[2,11.33333,3,11.66667],"texture":"#2"},"up":{"uv":[5,9.66667,4,8.66667],"texture":"#2"},"down":{"uv":[6.33333,8.66667,5.33333,9.66667],"texture":"#2"}}},{"from":[7.35,4.95,7.35],"to":[8.65,5.45,8.65],"rotation":{"angle":0,"axis":"y","origin":[7.5,3.45,6.5]},"faces":{"north":{"uv":[11.33333,2,12.33333,2.33333],"texture":"#2"},"east":{"uv":[11.33333,2.66667,12.33333,3],"texture":"#2"},"south":{"uv":[11.33333,3.33333,12.33333,3.66667],"texture":"#2"},"west":{"uv":[11.33333,4,12.33333,4.33333],"texture":"#2"},"up":{"uv":[9.66667,6.33333,8.66667,5.33333],"texture":"#2"},"down":{"uv":[7.66667,8.66667,6.66667,9.66667],"texture":"#2"}}},{"from":[7.5,12.45,7.5],"to":[8.5,13.45,8.5],"rotation":{"angle":0,"axis":"y","origin":[7.5,14.45,6.5]},"faces":{"north":{"uv":[6.66667,10,7.33333,10.66667],"texture":"#2"},"east":{"uv":[10,6.66667,10.66667,7.33333],"texture":"#2"},"south":{"uv":[7.33333,10,8,10.66667],"texture":"#2"},"west":{"uv":[10,7.33333,10.66667,8],"texture":"#2"},"up":{"uv":[8.66667,10.66667,8,10],"texture":"#2"},"down":{"uv":[10.66667,8,10,8.66667],"texture":"#2"}}},{"from":[7.5,5.45,7.5],"to":[8.5,6.45,8.5],"rotation":{"angle":0,"axis":"y","origin":[7.5,14.45,6.5]},"faces":{"north":{"uv":[8.66667,10,9.33333,10.66667],"texture":"#2"},"east":{"uv":[10,8.66667,10.66667,9.33333],"texture":"#2"},"south":{"uv":[9.33333,10,10,10.66667],"texture":"#2"},"west":{"uv":[10,10,10.66667,10.66667],"texture":"#2"},"up":{"uv":[11.33333,0.66667,10.66667,0],"texture":"#2"},"down":{"uv":[1.33333,10.66667,0.66667,11.33333],"texture":"#2"}}},{"from":[7.25,13.3,7],"to":[8.75,15.3,9],"rotation":{"angle":-45,"axis":"x","origin":[8,14.3,8]},"faces":{"north":{"uv":[7.33333,1.33333,8.33333,2.66667],"texture":"#2"},"east":{"uv":[4,3.33333,5.33333,4.66667],"texture":"#2"},"south":{"uv":[4,7.33333,5,8.66667],"texture":"#2"},"west":{"uv":[4,4.66667,5.33333,6],"texture":"#2"},"up":{"uv":[8.33333,5.33333,7.33333,4],"texture":"#2"},"down":{"uv":[6.33333,7.33333,5.33333,8.66667],"texture":"#2"}}},{"from":[7,13.55,7.25],"to":[9,15.05,8.75],"rotation":{"angle":-45,"axis":"x","origin":[8,14.3,8]},"faces":{"north":{"uv":[7.33333,5.33333,8.66667,6.33333],"texture":"#2"},"east":{"uv":[8.66667,6.66667,9.66667,7.66667],"texture":"#2"},"south":{"uv":[6.66667,7.33333,8,8.33333],"texture":"#2"},"west":{"uv":[8,8.66667,9,9.66667],"texture":"#2"},"up":{"uv":[9.33333,1,8,0],"texture":"#2"},"down":{"uv":[3.33333,8,2,9],"texture":"#2"}}},{"from":[7.39,-0.11,7.39],"to":[8.61,1.11,8.61],"rotation":{"angle":-45,"axis":"x","origin":[8,0.5,8]},"faces":{"north":{"uv":[10.66667,0.66667,11.33333,1.33333],"texture":"#2"},"east":{"uv":[1.33333,10.66667,2,11.33333],"texture":"#2"},"south":{"uv":[2,10.66667,2.66667,11.33333],"texture":"#2"},"west":{"uv":[10.66667,2,11.33333,2.66667],"texture":"#2"},"up":{"uv":[3.33333,11.33333,2.66667,10.66667],"texture":"#2"},"down":{"uv":[11.33333,2.66667,10.66667,3.33333],"texture":"#2"}}},{"from":[7.5,13.3,6.025],"to":[8.5,15.3,7.025],"rotation":{"angle":0,"axis":"y","origin":[7.5,13.3,6.025]},"faces":{"north":{"uv":[8,2.66667,8.66667,4],"texture":"#2"},"east":{"uv":[9.33333,1.33333,10,2.66667],"texture":"#2"},"south":{"uv":[2,9.33333,2.66667,10.66667],"texture":"#2"},"west":{"uv":[2.66667,9.33333,3.33333,10.66667],"texture":"#2"},"up":{"uv":[4,11.33333,3.33333,10.66667],"texture":"#2"},"down":{"uv":[11.33333,3.33333,10.66667,4],"texture":"#2"}}},{"from":[7.75,13.22985,5.43216],"to":[8.25,16.22985,6.43216],"rotation":{"angle":-22.5,"axis":"x","origin":[8,14.22985,6.03571]},"faces":{"north":{"uv":[10,3.33333,10.33333,5.33333],"texture":"#2"},"east":{"uv":[0,8,0.66667,10],"texture":"#2"},"south":{"uv":[4,10,4.33333,12],"texture":"#2"},"west":{"uv":[8,6.66667,8.66667,8.66667],"texture":"#2"},"up":{"uv":[11.66667,7.33333,11.33333,6.66667],"texture":"#2"},"down":{"uv":[7.66667,11.33333,7.33333,12],"texture":"#2"}}},{"from":[7.505,12.94645,5.73934],"to":[8.495,13.94645,6.46434],"rotation":{"angle":45,"axis":"x","origin":[8.005,12.94645,5.96434]},"faces":{"north":{"uv":[10.66667,4,11.33333,4.66667],"texture":"#2"},"east":{"uv":[11.33333,7.33333,11.66667,8],"texture":"#2"},"south":{"uv":[10.66667,4.66667,11.33333,5.33333],"texture":"#2"},"west":{"uv":[8,11.33333,8.33333,12],"texture":"#2"},"up":{"uv":[12,8.33333,11.33333,8],"texture":"#2"},"down":{"uv":[9.33333,11.33333,8.66667,11.66667],"texture":"#2"}}},{"from":[7.505,15.42855,5.96434],"to":[8.495,16.15355,6.96434],"rotation":{"angle":45,"axis":"x","origin":[8.005,15.65355,5.96434]},"faces":{"north":{"uv":[11.33333,8.66667,12,9],"texture":"#2"},"east":{"uv":[11.33333,9.33333,12,9.66667],"texture":"#2"},"south":{"uv":[10,11.33333,10.66667,11.66667],"texture":"#2"},"west":{"uv":[10.66667,11.33333,11.33333,11.66667],"texture":"#2"},"up":{"uv":[11.33333,6,10.66667,5.33333],"texture":"#2"},"down":{"uv":[6.66667,10.66667,6,11.33333],"texture":"#2"}}},{"from":[7.755,15.21729,4.19472],"to":[8.245,16.21729,4.89472],"rotation":{"angle":22.5,"axis":"x","origin":[8.005,14.22985,6.03571]},"faces":{"north":{"uv":[11.33333,10.66667,11.66667,11.33333],"texture":"#2"},"east":{"uv":[11.33333,11.33333,11.66667,12],"texture":"#2"},"south":{"uv":[0,12,0.33333,12.66667],"texture":"#2"},"west":{"uv":[12,0,12.33333,0.66667],"texture":"#2"},"up":{"uv":[8.33333,12.33333,8,12],"texture":"#2"},"down":{"uv":[12.33333,8,12,8.33333],"texture":"#2"}}},{"from":[7.4,6.45,7.4],"to":[8.6,12.45,8.6],"rotation":{"angle":0,"axis":"y","origin":[6.35,2.9,6.35]},"faces":{"north":{"uv":[2,0,2.66667,4],"texture":"#2"},"east":{"uv":[2.66667,0,3.33333,4],"texture":"#2"},"south":{"uv":[3.33333,0,4,4],"texture":"#2"},"west":{"uv":[0,4,0.66667,8],"texture":"#2"},"up":{"uv":[11.33333,6.66667,10.66667,6],"texture":"#2"},"down":{"uv":[7.33333,10.66667,6.66667,11.33333],"texture":"#2"}}},{"from":[7.5,13.3,8.975],"to":[8.5,15.3,9.975],"rotation":{"angle":0,"axis":"y","origin":[7.5,13.3,9.975]},"faces":{"north":{"uv":[9.33333,2.66667,10,4],"texture":"#2"},"east":{"uv":[3.33333,9.33333,4,10.66667],"texture":"#2"},"south":{"uv":[9.33333,4,10,5.33333],"texture":"#2"},"west":{"uv":[9.33333,8,10,9.33333],"texture":"#2"},"up":{"uv":[11.33333,7.33333,10.66667,6.66667],"texture":"#2"},"down":{"uv":[8,10.66667,7.33333,11.33333],"texture":"#2"}}},{"from":[7.75,13.22985,9.56784],"to":[8.25,16.22985,10.56784],"rotation":{"angle":22.5,"axis":"x","origin":[8,14.22985,9.96429]},"faces":{"north":{"uv":[4.66667,10,5,12],"texture":"#2"},"east":{"uv":[8.66667,1.33333,9.33333,3.33333],"texture":"#2"},"south":{"uv":[5.33333,10,5.66667,12],"texture":"#2"},"west":{"uv":[8.66667,3.33333,9.33333,5.33333],"texture":"#2"},"up":{"uv":[1,12.66667,0.66667,12],"texture":"#2"},"down":{"uv":[1.66667,12,1.33333,12.66667],"texture":"#2"}}},{"from":[7.505,12.94645,9.53566],"to":[8.495,13.94645,10.26066],"rotation":{"angle":-45,"axis":"x","origin":[8.005,12.94645,10.03566]},"faces":{"north":{"uv":[10.66667,7.33333,11.33333,8],"texture":"#2"},"east":{"uv":[2,12,2.33333,12.66667],"texture":"#2"},"south":{"uv":[8,10.66667,8.66667,11.33333],"texture":"#2"},"west":{"uv":[2.66667,12,3,12.66667],"texture":"#2"},"up":{"uv":[4.66667,12.33333,4,12],"texture":"#2"},"down":{"uv":[5.33333,12,4.66667,12.33333],"texture":"#2"}}},{"from":[7.505,15.42855,9.03566],"to":[8.495,16.15355,10.03566],"rotation":{"angle":-45,"axis":"x","origin":[8.005,15.65355,10.03566]},"faces":{"north":{"uv":[12,4.66667,12.66667,5],"texture":"#2"},"east":{"uv":[5.33333,12,6,12.33333],"texture":"#2"},"south":{"uv":[12,5.33333,12.66667,5.66667],"texture":"#2"},"west":{"uv":[6,12,6.66667,12.33333],"texture":"#2"},"up":{"uv":[11.33333,8.66667,10.66667,8],"texture":"#2"},"down":{"uv":[9.33333,10.66667,8.66667,11.33333],"texture":"#2"}}},{"from":[7.755,15.21729,11.10528],"to":[8.245,16.21729,11.80528],"rotation":{"angle":-22.5,"axis":"x","origin":[8.005,14.22985,9.96429]},"faces":{"north":{"uv":[6.66667,12,7,12.66667],"texture":"#2"},"east":{"uv":[12,6.66667,12.33333,7.33333],"texture":"#2"},"south":{"uv":[7.33333,12,7.66667,12.66667],"texture":"#2"},"west":{"uv":[12,7.33333,12.33333,8],"texture":"#2"},"up":{"uv":[9,12.33333,8.66667,12],"texture":"#2"},"down":{"uv":[12.33333,8.66667,12,9],"texture":"#2"}}},{"from":[7,13.25,3.75],"to":[9,15.25,5.75],"rotation":{"angle":-45,"axis":"z","origin":[8,14.25,4.75]},"faces":{"east":{"uv":[6.66667,4.66667,5.33333,3.33333],"texture":"#2"},"south":{"uv":[2,5.33333,3.33333,6.66667],"texture":"#2"},"west":{"uv":[5.33333,3.33333,6.66667,4.66667],"texture":"#2"},"up":{"uv":[5.33333,3.33333,6.66667,4.66667],"texture":"#2"},"down":{"uv":[6.66667,4.66667,5.33333,3.33333],"texture":"#2"}}},{"from":[7,13.25,10.25],"to":[9,15.25,12.25],"rotation":{"angle":-45,"axis":"z","origin":[8,14.25,11.25]},"faces":{"north":{"uv":[3.33333,6,4.66667,7.33333],"texture":"#2"},"east":{"uv":[8,1.33333,6.66667,0],"texture":"#2"},"south":{"uv":[6,6,7.33333,7.33333],"texture":"#2"},"west":{"uv":[6.66667,0,8,1.33333],"texture":"#2"},"up":{"uv":[8,1.33333,6.66667,0],"texture":"#2"},"down":{"uv":[6.66667,0,8,1.33333],"texture":"#2"}}},{"from":[7.25,13.5,12.25],"to":[8.75,15,12.75],"rotation":{"angle":-45,"axis":"z","origin":[8,14.25,13.25]},"faces":{"north":{"uv":[9.33333,0,10.33333,1],"texture":"#2"},"east":{"uv":[3.33333,11.33333,3.66667,12.33333],"texture":"#2"},"south":{"uv":[0.66667,9.33333,1.66667,10.33333],"texture":"#2"},"west":{"uv":[11.33333,4.66667,11.66667,5.66667],"texture":"#2"},"up":{"uv":[7,11.66667,6,11.33333],"texture":"#2"},"down":{"uv":[12.33333,6,11.33333,6.33333],"texture":"#2"}}},{"from":[6.75,13,1.75],"to":[9.25,15.5,3.75],"rotation":{"angle":-45,"axis":"z","origin":[8,14.25,2.75]},"faces":{"north":{"uv":[0,0,1.66667,1.66667],"texture":"#2"},"east":{"uv":[4,0,5.33333,1.66667],"texture":"#2"},"south":{"uv":[0,2,1.66667,3.66667],"texture":"#2"},"west":{"uv":[0.66667,4,2,5.66667],"texture":"#2"},"up":{"uv":[3.66667,5.33333,2,4],"texture":"#2"},"down":{"uv":[5.66667,2,4,3.33333],"texture":"#2"}}},{"from":[7,13.25,1.25],"to":[9,15.25,1.75],"rotation":{"angle":-45,"axis":"z","origin":[8,14.25,0.75]},"faces":{"north":{"uv":[6,1.33333,7.33333,2.66667],"texture":"#2"},"east":{"uv":[10.66667,8.66667,11,10],"texture":"#2"},"west":{"uv":[9.33333,10.66667,9.66667,12],"texture":"#2"},"up":{"uv":[11.33333,11,10,10.66667],"texture":"#2"},"down":{"uv":[12,10,10.66667,10.33333],"texture":"#2"}}},{"from":[7.5,14.725,1.275],"to":[8.5,15.725,3.275],"rotation":{"angle":-22.5,"axis":"x","origin":[7.5,14.725,1.275]},"faces":{"north":{"uv":[0,11.33333,0.66667,12],"texture":"#2"},"east":{"uv":[9.33333,9.33333,10.66667,10],"texture":"#2"},"south":{"uv":[11.33333,0,12,0.66667],"texture":"#2"},"west":{"uv":[10,1.33333,11.33333,2],"texture":"#2"},"up":{"uv":[0.66667,11.33333,0,10],"texture":"#2"},"down":{"uv":[10.66667,2,10,3.33333],"texture":"#2"}}},{"from":[7.5,12.775,1.275],"to":[8.5,13.775,3.275],"rotation":{"angle":22.5,"axis":"x","origin":[7.5,13.775,1.275]},"faces":{"north":{"uv":[0,12,0.66667,11.33333],"texture":"#2"},"east":{"uv":[9.33333,10,10.66667,9.33333],"texture":"#2"},"south":{"uv":[11.33333,0.66667,12,0],"texture":"#2"},"west":{"uv":[10,2,11.33333,1.33333],"texture":"#2"},"up":{"uv":[10.66667,3.33333,10,2],"texture":"#2"},"down":{"uv":[0.66667,10,0,11.33333],"texture":"#2"}}},{"from":[6.28083,13.75,1.51254],"to":[7.28083,14.75,3.51254],"rotation":{"angle":-22.5,"axis":"y","origin":[8,14.25,2.00754]},"faces":{"north":{"uv":[0,11.33333,0.66667,12],"rotation":90,"texture":"#2"},"east":{"uv":[10.66667,2,10,3.33333],"rotation":270,"texture":"#2"},"south":{"uv":[11.33333,0,12,0.66667],"rotation":270,"texture":"#2"},"west":{"uv":[0.66667,11.33333,0,10],"rotation":270,"texture":"#2"},"up":{"uv":[9.33333,9.33333,10.66667,10],"rotation":270,"texture":"#2"},"down":{"uv":[10,1.33333,11.33333,2],"rotation":270,"texture":"#2"}}},{"from":[8.71917,13.75,1.51254],"to":[9.71917,14.75,3.51254],"rotation":{"angle":22.5,"axis":"y","origin":[8,14.25,2.00754]},"faces":{"north":{"uv":[0,12,0.66667,11.33333],"rotation":90,"texture":"#2"},"east":{"uv":[0.66667,10,0,11.33333],"rotation":270,"texture":"#2"},"south":{"uv":[11.33333,0.66667,12,0],"rotation":270,"texture":"#2"},"west":{"uv":[10.66667,3.33333,10,2],"rotation":270,"texture":"#2"},"up":{"uv":[9.33333,10,10.66667,9.33333],"rotation":270,"texture":"#2"},"down":{"uv":[10,2,11.33333,1.33333],"rotation":270,"texture":"#2"}}}],"gui_light":"front","display":{"thirdperson_righthand":{"translation":[0,2.75,1]},"thirdperson_lefthand":{"translation":[0,2.75,1]},"firstperson_righthand":{"rotation":[-10,0,0],"translation":[-2.5,4,2.25]},"firstperson_lefthand":{"rotation":[-10,0,0],"translation":[-2.5,4,2.25]},"ground":{"translation":[0,7.25,0]},"gui":{"rotation":[-90,45,90],"translation":[1.75,-1,0],"scale":[0.86719,0.86719,0.86719]},"head":{"scale":[1.5,1.5,1.5],"rotation":[0,90,0]},"fixed":{"rotation":[90,-135,90],"translation":[-1.25,-1.25,-0.5],"scale":[0.89648,0.89648,0.89648]}}}