{"credit":"MadebyPolygonMC","texture_size":[24,24],"textures":{"1":"camillaset:shield"},"elements":[{"from":[7.5,4.15,8.875],"to":[8.5,5.15,9.875],"rotation":{"angle":0,"axis":"y","origin":[8,8,8]},"faces":{"north":{"uv":[11.33333,10.66667,12,11.33333],"texture":"#1"},"east":{"uv":[10,11.33333,10.66667,12],"texture":"#1"},"south":{"uv":[11.33333,10,12,10.66667],"texture":"#1"},"west":{"uv":[10.66667,11.33333,11.33333,12],"texture":"#1"},"up":{"uv":[12,12,11.33333,11.33333],"rotation":90,"texture":"#1"},"down":{"uv":[0.66667,12,0,12.66667],"rotation":270,"texture":"#1"}}},{"from":[7.6,5.65,8.975],"to":[8.4,8.4,9.775],"rotation":{"angle":0,"axis":"y","origin":[8,8,8]},"faces":{"north":{"uv":[0.66667,9.33333,1.33333,11.33333],"texture":"#1"},"east":{"uv":[8.66667,6,9.33333,8],"texture":"#1"},"south":{"uv":[8.66667,8,9.33333,10],"texture":"#1"},"west":{"uv":[0,9.33333,0.66667,11.33333],"texture":"#1"},"up":{"uv":[1.33333,12.66667,0.66667,12],"rotation":90,"texture":"#1"},"down":{"uv":[2,12,1.33333,12.66667],"rotation":270,"texture":"#1"}}},{"from":[4.61247,4.61247,6.775],"to":[5.41247,5.41247,8.775],"rotation":{"angle":45,"axis":"z","origin":[8,8,8.025]},"faces":{"north":{"uv":[12.66667,0.66667,13.33333,1.33333],"texture":"#1"},"east":{"uv":[10,10.66667,11.33333,11.33333],"texture":"#1"},"south":{"uv":[0.66667,12.66667,1.33333,13.33333],"texture":"#1"},"west":{"uv":[0,11.33333,1.33333,12],"texture":"#1"},"up":{"uv":[12.66667,0.66667,11.33333,0],"rotation":90,"texture":"#1"},"down":{"uv":[12.66667,0.66667,11.33333,1.33333],"rotation":270,"texture":"#1"}}},{"from":[4.61247,10.86247,6.775],"to":[5.41247,11.66247,8.775],"rotation":{"angle":45,"axis":"z","origin":[8,14.25,8.025]},"faces":{"north":{"uv":[12.66667,0.66667,13.33333,1.33333],"texture":"#1"},"east":{"uv":[10,10.66667,11.33333,11.33333],"texture":"#1"},"south":{"uv":[0.66667,12.66667,1.33333,13.33333],"texture":"#1"},"west":{"uv":[0,11.33333,1.33333,12],"texture":"#1"},"up":{"uv":[12.66667,0.66667,11.33333,0],"rotation":90,"texture":"#1"},"down":{"uv":[12.66667,0.66667,11.33333,1.33333],"rotation":270,"texture":"#1"}}},{"from":[7.35,5.15,8.725],"to":[8.65,5.65,10.025],"rotation":{"angle":0,"axis":"y","origin":[8,8,8]},"faces":{"north":{"uv":[2.66667,12.66667,3.66667,13],"texture":"#1"},"east":{"uv":[1.33333,12.66667,2.33333,13],"texture":"#1"},"south":{"uv":[12.66667,1.33333,13.66667,1.66667],"texture":"#1"},"west":{"uv":[12.66667,2,13.66667,2.33333],"texture":"#1"},"up":{"uv":[11,1,10,0],"rotation":90,"texture":"#1"},"down":{"uv":[11,6.66667,10,7.66667],"rotation":270,"texture":"#1"}}},{"from":[7.35,8.35,8.725],"to":[8.65,8.85,10.025],"rotation":{"angle":0,"axis":"y","origin":[8,8,8]},"faces":{"north":{"uv":[12.66667,4,13.66667,4.33333],"texture":"#1"},"east":{"uv":[12.66667,2.66667,13.66667,3],"texture":"#1"},"south":{"uv":[12.66667,3.33333,13.66667,3.66667],"texture":"#1"},"west":{"uv":[4,12.66667,5,13],"texture":"#1"},"up":{"uv":[11,9,10,8],"rotation":90,"texture":"#1"},"down":{"uv":[11,9.33333,10,10.33333],"rotation":270,"texture":"#1"}}},{"from":[5.07785,8.92215,5.875],"to":[7.07785,10.92215,7.375],"rotation":{"angle":-45,"axis":"z","origin":[8,8,8]},"faces":{"north":{"uv":[8.66667,0,10,1.33333],"texture":"#1"},"east":{"uv":[1.33333,9.33333,2.33333,10.66667],"texture":"#1"},"south":{"uv":[4.66667,8,6,9.33333],"texture":"#1"},"west":{"uv":[9.33333,1.33333,10.33333,2.66667],"texture":"#1"},"up":{"uv":[3.66667,10.66667,2.66667,9.33333],"rotation":90,"texture":"#1"},"down":{"uv":[10.33333,2.66667,9.33333,4],"rotation":270,"texture":"#1"}}},{"from":[5.32785,9.17215,5.625],"to":[6.82785,10.67215,7.625],"rotation":{"angle":-45,"axis":"z","origin":[8,8,8]},"faces":{"north":{"uv":[10.66667,1.33333,11.66667,2.33333],"texture":"#1"},"east":{"uv":[4,9.33333,5.33333,10.33333],"texture":"#1"},"south":{"uv":[1.33333,10.66667,2.33333,11.66667],"texture":"#1"},"west":{"uv":[9.33333,4,10.66667,5],"texture":"#1"},"up":{"uv":[10.66667,6.33333,9.33333,5.33333],"rotation":90,"texture":"#1"},"down":{"uv":[8,9.33333,6.66667,10.33333],"rotation":270,"texture":"#1"}}},{"from":[10.28914,4.49086,8.765],"to":[11.50914,5.71086,9.985],"rotation":{"angle":-45,"axis":"z","origin":[8,8,8]},"faces":{"north":{"uv":[2.66667,12,3.33333,12.66667],"texture":"#1"},"east":{"uv":[12,1.33333,12.66667,2],"texture":"#1"},"south":{"uv":[2,12,2.66667,12.66667],"texture":"#1"},"west":{"uv":[12,2,12.66667,2.66667],"texture":"#1"},"up":{"uv":[12.66667,3.33333,12,2.66667],"rotation":90,"texture":"#1"},"down":{"uv":[4,12,3.33333,12.66667],"rotation":270,"texture":"#1"}}},{"from":[7.5,8.85,8.875],"to":[8.5,9.85,9.875],"rotation":{"angle":0,"axis":"y","origin":[8,8,8]},"faces":{"north":{"uv":[12,12,12.66667,12.66667],"texture":"#1"},"east":{"uv":[12,10.66667,12.66667,11.33333],"texture":"#1"},"south":{"uv":[11.33333,12,12,12.66667],"texture":"#1"},"west":{"uv":[12,11.33333,12.66667,12],"texture":"#1"},"up":{"uv":[0.66667,13.33333,0,12.66667],"rotation":90,"texture":"#1"},"down":{"uv":[13.33333,0,12.66667,0.66667],"rotation":270,"texture":"#1"}}},{"from":[8.87492,8.87492,8.765],"to":[10.09492,10.09492,9.985],"rotation":{"angle":45,"axis":"z","origin":[8,8,8]},"faces":{"north":{"uv":[10,12,10.66667,12.66667],"texture":"#1"},"east":{"uv":[12,8.66667,12.66667,9.33333],"texture":"#1"},"south":{"uv":[9.33333,12,10,12.66667],"texture":"#1"},"west":{"uv":[12,9.33333,12.66667,10],"texture":"#1"},"up":{"uv":[12.66667,10.66667,12,10],"rotation":90,"texture":"#1"},"down":{"uv":[11.33333,12,10.66667,12.66667],"rotation":270,"texture":"#1"}}},{"from":[8.975,9.71832,6.125],"to":[9.975,11.71832,7.125],"rotation":{"angle":0,"axis":"y","origin":[8,8,8]},"faces":{"north":{"uv":[4.66667,10.66667,5.33333,12],"texture":"#1"},"east":{"uv":[8.66667,10,9.33333,11.33333],"texture":"#1"},"south":{"uv":[4,10.66667,4.66667,12],"texture":"#1"},"west":{"uv":[10.66667,4,11.33333,5.33333],"texture":"#1"},"up":{"uv":[12.66667,4,12,3.33333],"rotation":90,"texture":"#1"},"down":{"uv":[4.66667,12,4,12.66667],"rotation":270,"texture":"#1"}}},{"from":[8.4049,10.1983,6.375],"to":[9.4049,13.1983,6.875],"rotation":{"angle":-22.5,"axis":"z","origin":[8,8,8]},"faces":{"north":{"uv":[9.33333,6.66667,10,8.66667],"texture":"#1"},"east":{"uv":[11.33333,4,11.66667,6],"texture":"#1"},"south":{"uv":[5.33333,9.33333,6,11.33333],"texture":"#1"},"west":{"uv":[5.33333,11.33333,5.66667,13.33333],"texture":"#1"},"up":{"uv":[7.66667,13.33333,7.33333,12.66667],"rotation":90,"texture":"#1"},"down":{"uv":[13,7.33333,12.66667,8],"rotation":270,"texture":"#1"}}},{"from":[9.90447,7.52561,6.13],"to":[10.62947,8.52561,7.12],"rotation":{"angle":45,"axis":"z","origin":[8,8,8]},"faces":{"north":{"uv":[12.66667,8.66667,13,9.33333],"texture":"#1"},"east":{"uv":[12,4,12.66667,4.66667],"texture":"#1"},"south":{"uv":[12.66667,8,13,8.66667],"texture":"#1"},"west":{"uv":[4.66667,12,5.33333,12.66667],"texture":"#1"},"up":{"uv":[10,13,9.33333,12.66667],"rotation":90,"texture":"#1"},"down":{"uv":[13.33333,9.33333,12.66667,9.66667],"rotation":270,"texture":"#1"}}},{"from":[11.31868,9.21482,6.13],"to":[12.31868,9.93982,7.12],"rotation":{"angle":45,"axis":"z","origin":[8,8,8]},"faces":{"north":{"uv":[12.66667,10.66667,13.33333,11],"texture":"#1"},"east":{"uv":[10,12.66667,10.66667,13],"texture":"#1"},"south":{"uv":[12.66667,10,13.33333,10.33333],"texture":"#1"},"west":{"uv":[10.66667,12.66667,11.33333,13],"texture":"#1"},"up":{"uv":[12.66667,5.33333,12,4.66667],"rotation":90,"texture":"#1"},"down":{"uv":[12.66667,5.33333,12,6],"rotation":270,"texture":"#1"}}},{"from":[11.96917,10.68233,6.38],"to":[12.66917,11.68233,6.87],"rotation":{"angle":22.5,"axis":"z","origin":[8,8,8]},"faces":{"north":{"uv":[12.66667,12,13,12.66667],"texture":"#1"},"east":{"uv":[11.33333,12.66667,11.66667,13.33333],"texture":"#1"},"south":{"uv":[12.66667,11.33333,13,12],"texture":"#1"},"west":{"uv":[12,12.66667,12.33333,13.33333],"texture":"#1"},"up":{"uv":[13.66667,6.33333,13.33333,6],"rotation":90,"texture":"#1"},"down":{"uv":[13.66667,6.66667,13.33333,7],"rotation":270,"texture":"#1"}}},{"from":[6.025,9.71832,6.125],"to":[7.025,11.71832,7.125],"rotation":{"angle":0,"axis":"y","origin":[8,8,8]},"faces":{"north":{"uv":[9.33333,10.66667,10,12],"texture":"#1"},"east":{"uv":[10.66667,5.33333,11.33333,6.66667],"texture":"#1"},"south":{"uv":[6.66667,10.66667,7.33333,12],"texture":"#1"},"west":{"uv":[7.33333,10.66667,8,12],"texture":"#1"},"up":{"uv":[12.66667,6.66667,12,6],"rotation":90,"texture":"#1"},"down":{"uv":[7.33333,12,6.66667,12.66667],"rotation":270,"texture":"#1"}}},{"from":[6.5951,10.1983,6.375],"to":[7.5951,13.1983,6.875],"rotation":{"angle":22.5,"axis":"z","origin":[8,8,8]},"faces":{"north":{"uv":[9.33333,8.66667,10,10.66667],"texture":"#1"},"east":{"uv":[11.33333,6,11.66667,8],"texture":"#1"},"south":{"uv":[8,9.33333,8.66667,11.33333],"texture":"#1"},"west":{"uv":[8,11.33333,8.33333,13.33333],"texture":"#1"},"up":{"uv":[13,13.33333,12.66667,12.66667],"rotation":90,"texture":"#1"},"down":{"uv":[0.33333,13.33333,0,14],"rotation":270,"texture":"#1"}}},{"from":[5.37053,7.52561,6.13],"to":[6.09553,8.52561,7.12],"rotation":{"angle":-45,"axis":"z","origin":[8,8,8]},"faces":{"north":{"uv":[0.66667,13.33333,1,14],"texture":"#1"},"east":{"uv":[12,6.66667,12.66667,7.33333],"texture":"#1"},"south":{"uv":[13.33333,0,13.66667,0.66667],"texture":"#1"},"west":{"uv":[7.33333,12,8,12.66667],"texture":"#1"},"up":{"uv":[14,1,13.33333,0.66667],"rotation":90,"texture":"#1"},"down":{"uv":[2,13.33333,1.33333,13.66667],"rotation":270,"texture":"#1"}}},{"from":[3.68132,9.21482,6.13],"to":[4.68132,9.93982,7.12],"rotation":{"angle":-45,"axis":"z","origin":[8,8,8]},"faces":{"north":{"uv":[4,13.33333,4.66667,13.66667],"texture":"#1"},"east":{"uv":[2,13.33333,2.66667,13.66667],"texture":"#1"},"south":{"uv":[2.66667,13.33333,3.33333,13.66667],"texture":"#1"},"west":{"uv":[3.33333,13.33333,4,13.66667],"texture":"#1"},"up":{"uv":[12.66667,8,12,7.33333],"rotation":90,"texture":"#1"},"down":{"uv":[12.66667,8,12,8.66667],"rotation":270,"texture":"#1"}}},{"from":[3.33083,10.68233,6.38],"to":[4.03083,11.68233,6.87],"rotation":{"angle":-22.5,"axis":"z","origin":[8,8,8]},"faces":{"north":{"uv":[13.33333,5.33333,13.66667,6],"texture":"#1"},"east":{"uv":[4.66667,13.33333,5,14],"texture":"#1"},"south":{"uv":[13.33333,4.66667,13.66667,5.33333],"texture":"#1"},"west":{"uv":[5.33333,13.33333,5.66667,14],"texture":"#1"},"up":{"uv":[7.66667,13.66667,7.33333,13.33333],"rotation":90,"texture":"#1"},"down":{"uv":[13.66667,7.33333,13.33333,7.66667],"rotation":270,"texture":"#1"}}},{"from":[6.875,3.40703,6.375],"to":[9.125,10.40703,6.875],"rotation":{"angle":0,"axis":"y","origin":[8,8,8]},"faces":{"north":{"uv":[6.66667,4.66667,8.33333,9.33333],"texture":"#1"},"east":{"uv":[6,8,6.33333,12.66667],"texture":"#1"},"south":{"uv":[6.66667,4.66667,8.33333,9.33333],"texture":"#1"},"west":{"uv":[8.66667,1.33333,9,6],"texture":"#1"},"up":{"uv":[11.66667,9.66667,11.33333,8],"rotation":90,"texture":"#1"},"down":{"uv":[9,11.33333,8.66667,13],"rotation":270,"texture":"#1"}}},{"from":[10.36093,-0.59297,5.53378],"to":[12.61093,11.40703,5.53378],"rotation":{"angle":-22.5,"axis":"y","origin":[8,8,8]},"faces":{"north":{"uv":[4.66667,0,6.33333,8],"texture":"#1"},"east":{"uv":[0,0,0,8],"texture":"#1"},"south":{"uv":[6.33333,0,4.66667,8],"texture":"#1"},"west":{"uv":[0,0,0,8],"texture":"#1"},"up":{"uv":[0,1.66667,0,0],"rotation":90,"texture":"#1"},"down":{"uv":[0,0,0,1.66667],"rotation":270,"texture":"#1"}}},{"from":[3.38907,-0.59297,5.53378],"to":[5.63907,11.40703,5.53378],"rotation":{"angle":22.5,"axis":"y","origin":[8,8,8]},"faces":{"north":{"uv":[6.33333,0,4.66667,8],"texture":"#1"},"east":{"uv":[0,0,0,8],"texture":"#1"},"south":{"uv":[4.66667,0,6.33333,8],"texture":"#1"},"west":{"uv":[0,0,0,8],"texture":"#1"},"up":{"uv":[0,0,0,1.66667],"rotation":90,"texture":"#1"},"down":{"uv":[0,1.66667,0,0],"rotation":270,"texture":"#1"}}},{"from":[4.875,-2.59297,6.625],"to":[11.125,11.40703,6.625],"rotation":{"angle":0,"axis":"y","origin":[8,8,8]},"faces":{"north":{"uv":[0,0,4.33333,9.33333],"texture":"#1"},"east":{"uv":[0,0,0,9.33333],"texture":"#1"},"south":{"uv":[4.33333,0,0,9.33333],"texture":"#1"},"west":{"uv":[0,0,0,9.33333],"texture":"#1"},"up":{"uv":[0,4.33333,0,0],"rotation":90,"texture":"#1"},"down":{"uv":[0,0,0,4.33333],"rotation":270,"texture":"#1"}}},{"from":[10.44772,3.95228,6.35],"to":[12.04772,5.55228,6.9],"rotation":{"angle":-45,"axis":"z","origin":[8,8,8]},"faces":{"north":{"uv":[10.66667,2.66667,11.66667,3.66667],"texture":"#1"},"east":{"uv":[12.66667,4.66667,13,5.66667],"texture":"#1"},"south":{"uv":[10.66667,2.66667,11.66667,3.66667],"rotation":270,"texture":"#1"},"west":{"uv":[6,12.66667,6.33333,13.66667],"texture":"#1"},"up":{"uv":[13,7,12.66667,6],"rotation":90,"texture":"#1"},"down":{"uv":[7,12.66667,6.66667,13.66667],"rotation":270,"texture":"#1"}}}],"gui_light":"front","display":{"thirdperson_righthand":{"rotation":[0,-90,0],"translation":[1.75,-0.75,0.75]},"thirdperson_lefthand":{"rotation":[0,-90,0],"translation":[1.75,-0.75,0.75]},"firstperson_righthand":{"rotation":[0,0,28],"translation":[-4.5,4.5,5]},"firstperson_lefthand":{"rotation":[0,0,28],"translation":[-4.5,4.5,5]},"ground":{"translation":[0,8.25,0]},"gui":{"rotation":[0,180,0],"translation":[0.25,2.75,0],"scale":[0.98047,0.98047,0.98047]},"head":{"scale":[1.5,1.5,1.5]},"fixed":{"translation":[0,2.5,-0.5],"scale":[0.89648,0.89648,0.89648]}}}