{"credit":"MadebyPolygonMC","texture_size":[24,24],"textures":{"1":"camillaset:spear"},"elements":[{"from":[7.5,0.75,7.5],"to":[8.5,1.75,8.5],"rotation":{"angle":0,"axis":"y","origin":[7.5,-0.25,6.5]},"faces":{"north":{"uv":[6,2,6.66667,2.66667],"texture":"#1"},"east":{"uv":[0.66667,9.33333,1.33333,10],"texture":"#1"},"south":{"uv":[9.33333,2,10,2.66667],"texture":"#1"},"west":{"uv":[2.66667,9.33333,3.33333,10],"texture":"#1"},"up":{"uv":[10,3.33333,9.33333,2.66667],"texture":"#1"},"down":{"uv":[4,9.33333,3.33333,10],"texture":"#1"}}},{"from":[7.6,2.25,7.6],"to":[8.4,5,8.4],"rotation":{"angle":0,"axis":"y","origin":[7.5,1.25,6.5]},"faces":{"north":{"uv":[4.66667,5.33333,5.33333,7.33333],"texture":"#1"},"east":{"uv":[5.33333,5.33333,6,7.33333],"texture":"#1"},"south":{"uv":[6,0,6.66667,2],"texture":"#1"},"west":{"uv":[0.66667,6,1.33333,8],"texture":"#1"},"up":{"uv":[10,4,9.33333,3.33333],"texture":"#1"},"down":{"uv":[4.66667,9.33333,4,10],"texture":"#1"}}},{"from":[7.35,1.75,7.35],"to":[8.65,2.25,8.65],"rotation":{"angle":0,"axis":"y","origin":[7.5,3.25,6.5]},"faces":{"north":{"uv":[10,8,11,8.33333],"texture":"#1"},"east":{"uv":[10,8.66667,11,9],"texture":"#1"},"south":{"uv":[9.33333,10,10.33333,10.33333],"texture":"#1"},"west":{"uv":[10,9.33333,11,9.66667],"texture":"#1"},"up":{"uv":[9,1,8,0],"texture":"#1"},"down":{"uv":[9,1.33333,8,2.33333],"texture":"#1"}}},{"from":[7.35,4.95,7.35],"to":[8.65,5.45,8.65],"rotation":{"angle":0,"axis":"y","origin":[7.5,3.45,6.5]},"faces":{"north":{"uv":[10.66667,0,11.66667,0.33333],"texture":"#1"},"east":{"uv":[10.66667,0.66667,11.66667,1],"texture":"#1"},"south":{"uv":[10.66667,1.33333,11.66667,1.66667],"texture":"#1"},"west":{"uv":[2,10.66667,3,11],"texture":"#1"},"up":{"uv":[3.66667,9,2.66667,8],"texture":"#1"},"down":{"uv":[9,2.66667,8,3.66667],"texture":"#1"}}},{"from":[7.5,18.45,7.5],"to":[8.5,19.45,8.5],"rotation":{"angle":0,"axis":"y","origin":[7.5,20.45,6.5]},"faces":{"north":{"uv":[9.33333,4,10,4.66667],"texture":"#1"},"east":{"uv":[4.66667,9.33333,5.33333,10],"texture":"#1"},"south":{"uv":[9.33333,4.66667,10,5.33333],"texture":"#1"},"west":{"uv":[5.33333,9.33333,6,10],"texture":"#1"},"up":{"uv":[10,6,9.33333,5.33333],"texture":"#1"},"down":{"uv":[6.66667,9.33333,6,10],"texture":"#1"}}},{"from":[7.5,11.45,7.5],"to":[8.5,12.45,8.5],"rotation":{"angle":0,"axis":"y","origin":[7.5,20.45,6.5]},"faces":{"north":{"uv":[9.33333,6,10,6.66667],"texture":"#1"},"east":{"uv":[6.66667,9.33333,7.33333,10],"texture":"#1"},"south":{"uv":[9.33333,6.66667,10,7.33333],"texture":"#1"},"west":{"uv":[7.33333,9.33333,8,10],"texture":"#1"},"up":{"uv":[10,8,9.33333,7.33333],"texture":"#1"},"down":{"uv":[8.66667,9.33333,8,10],"texture":"#1"}}},{"from":[7.25,19.3,7],"to":[8.75,21.3,9],"rotation":{"angle":-45,"axis":"x","origin":[8,20.3,8]},"faces":{"north":{"uv":[5.33333,2.66667,6.33333,4],"texture":"#1"},"east":{"uv":[0.66667,4.66667,2,6],"texture":"#1"},"south":{"uv":[6,4,7,5.33333],"texture":"#1"},"west":{"uv":[4.66667,4,6,5.33333],"texture":"#1"},"up":{"uv":[7,6.66667,6,5.33333],"texture":"#1"},"down":{"uv":[7.66667,0,6.66667,1.33333],"texture":"#1"}}},{"from":[7,19.55,7.25],"to":[9,21.05,8.75],"rotation":{"angle":-45,"axis":"x","origin":[8,20.3,8]},"faces":{"north":{"uv":[6.66667,1.33333,8,2.33333],"texture":"#1"},"east":{"uv":[8,4,9,5],"texture":"#1"},"south":{"uv":[6.66667,2.66667,8,3.66667],"texture":"#1"},"west":{"uv":[8,5.33333,9,6.33333],"texture":"#1"},"up":{"uv":[7.33333,7.66667,6,6.66667],"texture":"#1"},"down":{"uv":[2.66667,7.33333,1.33333,8.33333],"texture":"#1"}}},{"from":[7.39,-0.11,7.39],"to":[8.61,1.11,8.61],"rotation":{"angle":-45,"axis":"x","origin":[8,0.5,8]},"faces":{"north":{"uv":[9.33333,8,10,8.66667],"texture":"#1"},"east":{"uv":[9.33333,8.66667,10,9.33333],"texture":"#1"},"south":{"uv":[9.33333,9.33333,10,10],"texture":"#1"},"west":{"uv":[10,0,10.66667,0.66667],"texture":"#1"},"up":{"uv":[1.33333,10.66667,0.66667,10],"texture":"#1"},"down":{"uv":[10.66667,0.66667,10,1.33333],"texture":"#1"}}},{"from":[7.5,19.3,6.025],"to":[8.5,21.3,7.025],"rotation":{"angle":0,"axis":"y","origin":[7.5,19.3,6.025]},"faces":{"north":{"uv":[1.33333,6,2,7.33333],"texture":"#1"},"east":{"uv":[0.66667,8,1.33333,9.33333],"texture":"#1"},"south":{"uv":[4,8,4.66667,9.33333],"texture":"#1"},"west":{"uv":[6,8,6.66667,9.33333],"texture":"#1"},"up":{"uv":[10.66667,2,10,1.33333],"texture":"#1"},"down":{"uv":[10.66667,2,10,2.66667],"texture":"#1"}}},{"from":[7.75,19.22985,5.43216],"to":[8.25,22.22985,6.43216],"rotation":{"angle":-22.5,"axis":"x","origin":[8,20.22985,6.03571]},"faces":{"north":{"uv":[2,8.66667,2.33333,10.66667],"texture":"#1"},"east":{"uv":[7.33333,4,8,6],"texture":"#1"},"south":{"uv":[8.66667,6.66667,9,8.66667],"texture":"#1"},"west":{"uv":[4.66667,7.33333,5.33333,9.33333],"texture":"#1"},"up":{"uv":[8.33333,10.66667,8,10],"texture":"#1"},"down":{"uv":[1,10.66667,0.66667,11.33333],"texture":"#1"}}},{"from":[7.505,18.94645,5.73934],"to":[8.495,19.94645,6.46434],"rotation":{"angle":45,"axis":"x","origin":[8.005,18.94645,5.96434]},"faces":{"north":{"uv":[2.66667,10,3.33333,10.66667],"texture":"#1"},"east":{"uv":[10.66667,2,11,2.66667],"texture":"#1"},"south":{"uv":[10,2.66667,10.66667,3.33333],"texture":"#1"},"west":{"uv":[10.66667,2.66667,11,3.33333],"texture":"#1"},"up":{"uv":[4,11,3.33333,10.66667],"texture":"#1"},"down":{"uv":[11.33333,3.33333,10.66667,3.66667],"texture":"#1"}}},{"from":[7.505,21.42855,5.96434],"to":[8.495,22.15355,6.96434],"rotation":{"angle":45,"axis":"x","origin":[8.005,21.65355,5.96434]},"faces":{"north":{"uv":[4,10.66667,4.66667,11],"texture":"#1"},"east":{"uv":[10.66667,4,11.33333,4.33333],"texture":"#1"},"south":{"uv":[4.66667,10.66667,5.33333,11],"texture":"#1"},"west":{"uv":[10.66667,4.66667,11.33333,5],"texture":"#1"},"up":{"uv":[4,10.66667,3.33333,10],"texture":"#1"},"down":{"uv":[10.66667,3.33333,10,4],"texture":"#1"}}},{"from":[7.755,21.21729,4.19472],"to":[8.245,22.21729,4.89472],"rotation":{"angle":22.5,"axis":"x","origin":[8.005,20.22985,6.03571]},"faces":{"north":{"uv":[5.33333,10.66667,5.66667,11.33333],"texture":"#1"},"east":{"uv":[10.66667,5.33333,11,6],"texture":"#1"},"south":{"uv":[6,10.66667,6.33333,11.33333],"texture":"#1"},"west":{"uv":[10.66667,6,11,6.66667],"texture":"#1"},"up":{"uv":[11.66667,4.33333,11.33333,4],"texture":"#1"},"down":{"uv":[5,11.33333,4.66667,11.66667],"texture":"#1"}}},{"from":[7.4,12.45,7.4],"to":[8.6,18.45,8.6],"rotation":{"angle":0,"axis":"y","origin":[6.35,8.9,6.35]},"faces":{"north":{"uv":[2.66667,0,3.33333,4],"texture":"#1"},"east":{"uv":[3.33333,0,4,4],"texture":"#1"},"south":{"uv":[4,0,4.66667,4],"texture":"#1"},"west":{"uv":[2.66667,4,3.33333,8],"texture":"#1"},"up":{"uv":[4.66667,10.66667,4,10],"texture":"#1"},"down":{"uv":[10.66667,4,10,4.66667],"texture":"#1"}}},{"from":[7.4,5.45,7.4],"to":[8.6,11.45,8.6],"rotation":{"angle":0,"axis":"y","origin":[6.35,1.9,6.35]},"faces":{"north":{"uv":[3.33333,4,4,8],"texture":"#1"},"east":{"uv":[4,4,4.66667,8],"texture":"#1"},"south":{"uv":[0,4.66667,0.66667,8.66667],"texture":"#1"},"west":{"uv":[4.66667,0,5.33333,4],"texture":"#1"},"up":{"uv":[7.33333,10.66667,6.66667,10],"texture":"#1"},"down":{"uv":[10.66667,6.66667,10,7.33333],"texture":"#1"}}},{"from":[7.5,19.3,8.975],"to":[8.5,21.3,9.975],"rotation":{"angle":0,"axis":"y","origin":[7.5,19.3,9.975]},"faces":{"north":{"uv":[6.66667,8,7.33333,9.33333],"texture":"#1"},"east":{"uv":[8,6.66667,8.66667,8],"texture":"#1"},"south":{"uv":[7.33333,8,8,9.33333],"texture":"#1"},"west":{"uv":[8,8,8.66667,9.33333],"texture":"#1"},"up":{"uv":[5.33333,10.66667,4.66667,10],"texture":"#1"},"down":{"uv":[10.66667,4.66667,10,5.33333],"texture":"#1"}}},{"from":[7.75,19.22985,9.56784],"to":[8.25,22.22985,10.56784],"rotation":{"angle":22.5,"axis":"x","origin":[8,20.22985,9.96429]},"faces":{"north":{"uv":[8.66667,8.66667,9,10.66667],"texture":"#1"},"east":{"uv":[5.33333,7.33333,6,9.33333],"texture":"#1"},"south":{"uv":[9.33333,0,9.66667,2],"texture":"#1"},"west":{"uv":[7.33333,6,8,8],"texture":"#1"},"up":{"uv":[7,11.33333,6.66667,10.66667],"texture":"#1"},"down":{"uv":[11,6.66667,10.66667,7.33333],"texture":"#1"}}},{"from":[7.505,18.94645,9.53566],"to":[8.495,19.94645,10.26066],"rotation":{"angle":-45,"axis":"x","origin":[8.005,18.94645,10.03566]},"faces":{"north":{"uv":[5.33333,10,6,10.66667],"texture":"#1"},"east":{"uv":[7.33333,10.66667,7.66667,11.33333],"texture":"#1"},"south":{"uv":[10,5.33333,10.66667,6],"texture":"#1"},"west":{"uv":[10.66667,7.33333,11,8],"texture":"#1"},"up":{"uv":[8.66667,11,8,10.66667],"texture":"#1"},"down":{"uv":[9.33333,10.66667,8.66667,11],"texture":"#1"}}},{"from":[7.505,21.42855,9.03566],"to":[8.495,22.15355,10.03566],"rotation":{"angle":-45,"axis":"x","origin":[8.005,21.65355,10.03566]},"faces":{"north":{"uv":[9.33333,10.66667,10,11],"texture":"#1"},"east":{"uv":[10,10.66667,10.66667,11],"texture":"#1"},"south":{"uv":[10.66667,10,11.33333,10.33333],"texture":"#1"},"west":{"uv":[10.66667,10.66667,11.33333,11],"texture":"#1"},"up":{"uv":[6.66667,10.66667,6,10],"texture":"#1"},"down":{"uv":[10.66667,6,10,6.66667],"texture":"#1"}}},{"from":[7.755,21.21729,11.10528],"to":[8.245,22.21729,11.80528],"rotation":{"angle":-22.5,"axis":"x","origin":[8.005,20.22985,9.96429]},"faces":{"north":{"uv":[0,11.33333,0.33333,12],"texture":"#1"},"east":{"uv":[0.66667,11.33333,1,12],"texture":"#1"},"south":{"uv":[1.33333,11.33333,1.66667,12],"texture":"#1"},"west":{"uv":[2,11.33333,2.33333,12],"texture":"#1"},"up":{"uv":[11.66667,5,11.33333,4.66667],"texture":"#1"},"down":{"uv":[5.66667,11.33333,5.33333,11.66667],"texture":"#1"}}},{"from":[7.75,20.5,6.25],"to":[8.25,24.5,7.25],"rotation":{"angle":0,"axis":"y","origin":[7.75,20.5,6.25]},"faces":{"north":{"uv":[0,8.66667,0.33333,11.33333],"texture":"#1"},"east":{"uv":[2,4.66667,2.66667,7.33333],"texture":"#1"},"south":{"uv":[1.33333,8.66667,1.66667,11.33333],"texture":"#1"},"west":{"uv":[5.33333,0,6,2.66667],"texture":"#1"},"up":{"uv":[11.66667,2.66667,11.33333,2],"texture":"#1"},"down":{"uv":[3,11.33333,2.66667,12],"texture":"#1"}}},{"from":[7.755,24.5,6.25],"to":[8.245,25.5,6.96],"rotation":{"angle":45,"axis":"x","origin":[7.755,24.5,6.25]},"faces":{"north":{"uv":[11.33333,2.66667,11.66667,3.33333],"texture":"#1"},"east":{"uv":[7.33333,10,8,10.66667],"texture":"#1"},"south":{"uv":[3.33333,11.33333,3.66667,12],"texture":"#1"},"west":{"uv":[10,7.33333,10.66667,8],"texture":"#1"},"up":{"uv":[11.66667,4,11.33333,3.33333],"texture":"#1"},"down":{"uv":[4.33333,11.33333,4,12],"texture":"#1"}}},{"from":[7.755,24.5,9.04],"to":[8.245,25.5,9.75],"rotation":{"angle":-45,"axis":"x","origin":[7.755,24.5,9.75]},"faces":{"north":{"uv":[3.66667,11.33333,3.33333,12],"texture":"#1"},"east":{"uv":[8,10,7.33333,10.66667],"texture":"#1"},"south":{"uv":[11.66667,2.66667,11.33333,3.33333],"texture":"#1"},"west":{"uv":[10.66667,7.33333,10,8],"texture":"#1"},"up":{"uv":[11.66667,3.33333,11.33333,4],"texture":"#1"},"down":{"uv":[4.33333,12,4,11.33333],"texture":"#1"}}},{"from":[7.75,20.5,8.75],"to":[8.25,24.5,9.75],"rotation":{"angle":0,"axis":"y","origin":[7.75,20.5,9.75]},"faces":{"north":{"uv":[1.66667,8.66667,1.33333,11.33333],"texture":"#1"},"east":{"uv":[2.66667,4.66667,2,7.33333],"texture":"#1"},"south":{"uv":[0.33333,8.66667,0,11.33333],"texture":"#1"},"west":{"uv":[6,0,5.33333,2.66667],"texture":"#1"},"up":{"uv":[11.66667,2,11.33333,2.66667],"texture":"#1"},"down":{"uv":[3,12,2.66667,11.33333],"texture":"#1"}}},{"from":[8,20.5,6.25],"to":[8,27.5,9.75],"rotation":{"angle":0,"axis":"y","origin":[8,20.5,6.25]},"faces":{"north":{"uv":[0,0,0,4.66667],"texture":"#1"},"east":{"uv":[2.33333,0,0,4.66667],"texture":"#1"},"south":{"uv":[0,0,0,4.66667],"texture":"#1"},"west":{"uv":[0,0,2.33333,4.66667],"texture":"#1"},"up":{"uv":[0,2.33333,0,0],"texture":"#1"},"down":{"uv":[0,0,0,2.33333],"texture":"#1"}}}],"gui_light":"front","display":{"thirdperson_righthand":{"translation":[0,-2.75,1]},"thirdperson_lefthand":{"translation":[0,-2.75,1]},"firstperson_righthand":{"rotation":[-10,0,0],"translation":[-2.5,-2.5,3.75]},"firstperson_lefthand":{"rotation":[-10,0,0],"translation":[-2.5,-2.5,3.75]},"ground":{"translation":[0,7.25,0]},"gui":{"rotation":[-90,45,90],"translation":[3.5,-3.5,0],"scale":[0.86719,0.86719,0.86719]},"head":{"scale":[1.5,1.5,1.5],"rotation":[0,90,0]},"fixed":{"rotation":[90,-135,90],"translation":[-3.75,-3.75,-0.5],"scale":[0.89648,0.89648,0.89648]}}}