{"credit":"MadebyPolygonMC","textures":{"1":"camillaset:staff"},"elements":[{"from":[7.5,0.75,7.5],"to":[8.5,1.75,8.5],"rotation":{"angle":0,"axis":"y","origin":[7.5,-0.25,6.5]},"faces":{"north":{"uv":[10,2,11,3],"texture":"#1"},"east":{"uv":[12,4,13,5],"texture":"#1"},"south":{"uv":[6,12,7,13],"texture":"#1"},"west":{"uv":[13,0,14,1],"texture":"#1"},"up":{"uv":[2,14,1,13],"texture":"#1"},"down":{"uv":[14,1,13,2],"texture":"#1"}}},{"from":[7.6,2.25,7.6],"to":[8.4,5,8.4],"rotation":{"angle":0,"axis":"y","origin":[7.5,1.25,6.5]},"faces":{"north":{"uv":[7,8,8,11],"texture":"#1"},"east":{"uv":[8,8,9,11],"texture":"#1"},"south":{"uv":[0,9,1,12],"texture":"#1"},"west":{"uv":[9,0,10,3],"texture":"#1"},"up":{"uv":[3,14,2,13],"texture":"#1"},"down":{"uv":[14,2,13,3],"texture":"#1"}}},{"from":[7.35,1.75,7.35],"to":[8.65,2.25,8.65],"rotation":{"angle":0,"axis":"y","origin":[7.5,3.25,6.5]},"faces":{"north":{"uv":[14,4,15.5,4.5],"texture":"#1"},"east":{"uv":[14,5,15.5,5.5],"texture":"#1"},"south":{"uv":[6,14,7.5,14.5],"texture":"#1"},"west":{"uv":[14,6,15.5,6.5],"texture":"#1"},"up":{"uv":[12.5,6.5,11,5],"texture":"#1"},"down":{"uv":[8.5,11,7,12.5],"texture":"#1"}}},{"from":[7.35,4.95,7.35],"to":[8.65,5.45,8.65],"rotation":{"angle":0,"axis":"y","origin":[7.5,3.45,6.5]},"faces":{"north":{"uv":[14,7,15.5,7.5],"texture":"#1"},"east":{"uv":[8,14,9.5,14.5],"texture":"#1"},"south":{"uv":[14,8,15.5,8.5],"texture":"#1"},"west":{"uv":[14,9,15.5,9.5],"texture":"#1"},"up":{"uv":[12.5,8.5,11,7],"texture":"#1"},"down":{"uv":[10.5,11,9,12.5],"texture":"#1"}}},{"from":[7.5,12.45,7.5],"to":[8.5,13.45,8.5],"rotation":{"angle":0,"axis":"y","origin":[7.5,14.45,6.5]},"faces":{"north":{"uv":[13,3,14,4],"texture":"#1"},"east":{"uv":[13,4,14,5],"texture":"#1"},"south":{"uv":[13,5,14,6],"texture":"#1"},"west":{"uv":[6,13,7,14],"texture":"#1"},"up":{"uv":[14,7,13,6],"texture":"#1"},"down":{"uv":[8,13,7,14],"texture":"#1"}}},{"from":[7.5,5.45,7.5],"to":[8.5,6.45,8.5],"rotation":{"angle":0,"axis":"y","origin":[7.5,14.45,6.5]},"faces":{"north":{"uv":[13,7,14,8],"texture":"#1"},"east":{"uv":[8,13,9,14],"texture":"#1"},"south":{"uv":[13,8,14,9],"texture":"#1"},"west":{"uv":[9,13,10,14],"texture":"#1"},"up":{"uv":[14,10,13,9],"texture":"#1"},"down":{"uv":[11,13,10,14],"texture":"#1"}}},{"from":[7.25,13.3,7],"to":[8.75,15.3,9],"rotation":{"angle":-45,"axis":"x","origin":[8,14.3,8]},"faces":{"north":{"uv":[1,9,2.5,11],"texture":"#1"},"east":{"uv":[5,6,7,8],"texture":"#1"},"south":{"uv":[9,3,10.5,5],"texture":"#1"},"west":{"uv":[0,7,2,9],"texture":"#1"},"up":{"uv":[10.5,7,9,5],"texture":"#1"},"down":{"uv":[10.5,7,9,9],"texture":"#1"}}},{"from":[7,13.55,7.25],"to":[9,15.05,8.75],"rotation":{"angle":-45,"axis":"x","origin":[8,14.3,8]},"faces":{"north":{"uv":[9,9,11,10.5],"texture":"#1"},"east":{"uv":[11,9,12.5,10.5],"texture":"#1"},"south":{"uv":[10,0,12,1.5],"texture":"#1"},"west":{"uv":[11,11,12.5,12.5],"texture":"#1"},"up":{"uv":[7,11.5,5,10],"texture":"#1"},"down":{"uv":[3,11,1,12.5],"texture":"#1"}}},{"from":[7.39,-0.11,7.39],"to":[8.61,1.11,8.61],"rotation":{"angle":-45,"axis":"x","origin":[8,0.5,8]},"faces":{"north":{"uv":[13,10,14,11],"texture":"#1"},"east":{"uv":[11,13,12,14],"texture":"#1"},"south":{"uv":[13,11,14,12],"texture":"#1"},"west":{"uv":[12,13,13,14],"texture":"#1"},"up":{"uv":[14,13,13,12],"texture":"#1"},"down":{"uv":[14,13,13,14],"texture":"#1"}}},{"from":[7.5,13.3,6.025],"to":[8.5,15.3,7.025],"rotation":{"angle":0,"axis":"y","origin":[7.5,13.3,6.025]},"faces":{"north":{"uv":[0,12,1,14],"texture":"#1"},"east":{"uv":[12,0,13,2],"texture":"#1"},"south":{"uv":[12,2,13,4],"texture":"#1"},"west":{"uv":[3,12,4,14],"texture":"#1"},"up":{"uv":[1,15,0,14],"texture":"#1"},"down":{"uv":[15,0,14,1],"texture":"#1"}}},{"from":[7.75,13.22985,5.43216],"to":[8.25,16.22985,6.43216],"rotation":{"angle":-22.5,"axis":"x","origin":[8,14.22985,6.03571]},"faces":{"north":{"uv":[4,12,4.5,15],"texture":"#1"},"east":{"uv":[3,9,4,12],"texture":"#1"},"south":{"uv":[5,12,5.5,15],"texture":"#1"},"west":{"uv":[11,2,12,5],"texture":"#1"},"up":{"uv":[10.5,15,10,14],"texture":"#1"},"down":{"uv":[14.5,10,14,11],"texture":"#1"}}},{"from":[7.505,12.94645,5.73934],"to":[8.495,13.94645,6.46434],"rotation":{"angle":45,"axis":"x","origin":[8.005,12.94645,5.96434]},"faces":{"north":{"uv":[1,14,2,15],"texture":"#1"},"east":{"uv":[11,14,11.5,15],"texture":"#1"},"south":{"uv":[14,1,15,2],"texture":"#1"},"west":{"uv":[14,11,14.5,12],"texture":"#1"},"up":{"uv":[13,14.5,12,14],"texture":"#1"},"down":{"uv":[15,12,14,12.5],"texture":"#1"}}},{"from":[7.505,15.42855,5.96434],"to":[8.495,16.15355,6.96434],"rotation":{"angle":45,"axis":"x","origin":[8.005,15.65355,5.96434]},"faces":{"north":{"uv":[13,14,14,14.5],"texture":"#1"},"east":{"uv":[14,13,15,13.5],"texture":"#1"},"south":{"uv":[14,14,15,14.5],"texture":"#1"},"west":{"uv":[0,15,1,15.5],"texture":"#1"},"up":{"uv":[3,15,2,14],"texture":"#1"},"down":{"uv":[15,2,14,3],"texture":"#1"}}},{"from":[7.755,15.21729,4.19472],"to":[8.245,16.21729,4.89472],"rotation":{"angle":22.5,"axis":"x","origin":[8.005,14.22985,6.03571]},"faces":{"north":{"uv":[15,0,15.5,1],"texture":"#1"},"east":{"uv":[1,15,1.5,16],"texture":"#1"},"south":{"uv":[15,1,15.5,2],"texture":"#1"},"west":{"uv":[2,15,2.5,16],"texture":"#1"},"up":{"uv":[15.5,2.5,15,2],"texture":"#1"},"down":{"uv":[3.5,15,3,15.5],"texture":"#1"}}},{"from":[7.5,13.3,8.975],"to":[8.5,15.3,9.975],"rotation":{"angle":0,"axis":"y","origin":[8,14.68871,10.12378]},"faces":{"north":{"uv":[13,2,12,4],"texture":"#1"},"east":{"uv":[13,0,12,2],"texture":"#1"},"south":{"uv":[1,12,0,14],"texture":"#1"},"west":{"uv":[4,12,3,14],"texture":"#1"},"up":{"uv":[1,14,0,15],"texture":"#1"},"down":{"uv":[15,1,14,0],"texture":"#1"}}},{"from":[7.505,15.20827,9.74372],"to":[8.495,15.93327,10.74372],"rotation":{"angle":-45,"axis":"x","origin":[8,14.68871,10.12378]},"faces":{"north":{"uv":[15,14,14,14.5],"texture":"#1"},"east":{"uv":[15,13,14,13.5],"texture":"#1"},"south":{"uv":[14,14,13,14.5],"texture":"#1"},"west":{"uv":[1,15,0,15.5],"texture":"#1"},"up":{"uv":[3,14,2,15],"texture":"#1"},"down":{"uv":[15,3,14,2],"texture":"#1"}}},{"from":[7.505,13.51906,8.32951],"to":[8.495,14.51906,9.05451],"rotation":{"angle":-45,"axis":"x","origin":[8,14.68871,10.12378]},"faces":{"north":{"uv":[15,1,14,2],"texture":"#1"},"east":{"uv":[11.5,14,11,15],"texture":"#1"},"south":{"uv":[2,14,1,15],"texture":"#1"},"west":{"uv":[14.5,11,14,12],"texture":"#1"},"up":{"uv":[13,14,12,14.5],"texture":"#1"},"down":{"uv":[15,12.5,14,12],"texture":"#1"}}},{"from":[7.75,13.20374,9.75558],"to":[8.25,16.20374,10.75558],"rotation":{"angle":22.5,"axis":"x","origin":[8,14.68871,10.12378]},"faces":{"north":{"uv":[5.5,12,5,15],"texture":"#1"},"east":{"uv":[4,9,3,12],"texture":"#1"},"south":{"uv":[4.5,12,4,15],"texture":"#1"},"west":{"uv":[12,2,11,5],"texture":"#1"},"up":{"uv":[10.5,14,10,15],"texture":"#1"},"down":{"uv":[14.5,11,14,10],"texture":"#1"}}},{"from":[7.755,15.31325,10.94182],"to":[8.245,16.31325,11.64182],"rotation":{"angle":-22.5,"axis":"x","origin":[8,14.68871,10.12378]},"faces":{"north":{"uv":[15.5,1,15,2],"texture":"#1"},"east":{"uv":[1.5,15,1,16],"texture":"#1"},"south":{"uv":[15.5,0,15,1],"texture":"#1"},"west":{"uv":[2.5,15,2,16],"texture":"#1"},"up":{"uv":[15.5,2,15,2.5],"texture":"#1"},"down":{"uv":[3.5,15.5,3,15],"texture":"#1"}}},{"from":[7.4,6.45,7.4],"to":[8.6,12.45,8.6],"rotation":{"angle":0,"axis":"y","origin":[6.35,2.9,6.35]},"faces":{"north":{"uv":[4,0,5,6],"texture":"#1"},"east":{"uv":[5,0,6,6],"texture":"#1"},"south":{"uv":[6,0,7,6],"texture":"#1"},"west":{"uv":[4,6,5,12],"texture":"#1"},"up":{"uv":[4,15,3,14],"texture":"#1"},"down":{"uv":[15,3,14,4],"texture":"#1"}}},{"from":[8,12.6,3.75],"to":[8,19.2,7],"rotation":{"angle":0,"axis":"y","origin":[8,0.1,0]},"faces":{"north":{"uv":[0,0,0,7],"texture":"#1"},"east":{"uv":[3.5,0,0,7],"texture":"#1"},"south":{"uv":[0,0,0,7],"texture":"#1"},"west":{"uv":[0,0,3.5,7],"texture":"#1"},"up":{"uv":[0,3.5,0,0],"texture":"#1"},"down":{"uv":[0,0,0,3.5],"texture":"#1"}}},{"from":[8,12.6,9],"to":[8,19.2,12.25],"rotation":{"angle":0,"axis":"y","origin":[8,0.1,16]},"faces":{"north":{"uv":[0,0,0,7],"texture":"#1"},"east":{"uv":[0,0,3.5,7],"texture":"#1"},"south":{"uv":[0,0,0,7],"texture":"#1"},"west":{"uv":[3.5,0,0,7],"texture":"#1"},"up":{"uv":[0,0,0,3.5],"texture":"#1"},"down":{"uv":[0,3.5,0,0],"texture":"#1"}}},{"from":[7,16.75,7],"to":[9,18.75,9],"rotation":{"angle":-45,"axis":"x","origin":[8,17.75,8]},"faces":{"north":{"uv":[7,4,9,6],"texture":"#1"},"east":{"uv":[7,4,9,6],"texture":"#1"},"south":{"uv":[7,4,9,6],"texture":"#1"},"west":{"uv":[7,4,9,6],"texture":"#1"},"up":{"uv":[9,6,7,4],"texture":"#1"},"down":{"uv":[9,4,7,6],"texture":"#1"}}}],"gui_light":"front","display":{"thirdperson_righthand":{"translation":[0,2.75,1]},"thirdperson_lefthand":{"translation":[0,2.75,1]},"firstperson_righthand":{"rotation":[-10,0,0],"translation":[-2.5,4,2.25]},"firstperson_lefthand":{"rotation":[-10,0,0],"translation":[-2.5,4,2.25]},"ground":{"translation":[0,7.25,0]},"gui":{"rotation":[-90,45,90],"translation":[1.75,-1.75,0],"scale":[0.86719,0.86719,0.86719]},"head":{"scale":[1.5,1.5,1.5],"rotation":[0,90,0]},"fixed":{"rotation":[90,-135,90],"translation":[-1.25,-1.25,-0.5],"scale":[0.89648,0.89648,0.89648]}}}