{"credit":"MadebyPolygonMC","texture_size":[24,24],"textures":{"0":"camillaset:sword","particle":"camillaset:sword"},"elements":[{"from":[7.5,0.75,7.5],"to":[8.5,1.75,8.5],"rotation":{"angle":0,"axis":"y","origin":[7.5,-0.25,6.5]},"faces":{"north":{"uv":[4.66667,7.33333,5.33333,8],"texture":"#0"},"east":{"uv":[4,10.66667,4.66667,11.33333],"texture":"#0"},"south":{"uv":[4.66667,10.66667,5.33333,11.33333],"texture":"#0"},"west":{"uv":[10.66667,4.66667,11.33333,5.33333],"texture":"#0"},"up":{"uv":[6,11.33333,5.33333,10.66667],"texture":"#0"},"down":{"uv":[11.33333,5.33333,10.66667,6],"texture":"#0"}}},{"from":[7.6,2.25,7.6],"to":[8.4,5,8.4],"rotation":{"angle":0,"axis":"y","origin":[7.5,1.25,6.5]},"faces":{"north":{"uv":[4.66667,7.33333,4,9.33333],"texture":"#0"},"east":{"uv":[4,7.33333,4.66667,9.33333],"texture":"#0"},"south":{"uv":[4.66667,7.33333,4,9.33333],"texture":"#0"},"west":{"uv":[4,7.33333,4.66667,9.33333],"texture":"#0"},"up":{"uv":[11.33333,6.66667,10.66667,6],"texture":"#0"},"down":{"uv":[11.33333,6.66667,10.66667,7.33333],"texture":"#0"}}},{"from":[7.35,1.75,7.35],"to":[8.65,2.25,8.65],"rotation":{"angle":0,"axis":"y","origin":[7.5,3.25,6.5]},"faces":{"north":{"uv":[10.66667,11.33333,11.66667,11.66667],"texture":"#0"},"east":{"uv":[11.33333,10.66667,12.33333,11],"texture":"#0"},"south":{"uv":[12,0,13,0.33333],"texture":"#0"},"west":{"uv":[12,0.66667,13,1],"texture":"#0"},"up":{"uv":[10.33333,3.66667,9.33333,2.66667],"texture":"#0"},"down":{"uv":[5,9.33333,4,10.33333],"texture":"#0"}}},{"from":[7.35,4.95,7.35],"to":[8.65,5.45,8.65],"rotation":{"angle":0,"axis":"y","origin":[7.5,3.45,6.5]},"faces":{"north":{"uv":[10.66667,11.33333,11.66667,11.66667],"texture":"#0"},"east":{"uv":[11.33333,10.66667,12.33333,11],"texture":"#0"},"south":{"uv":[12,0,13,0.33333],"texture":"#0"},"west":{"uv":[12,0.66667,13,1],"texture":"#0"},"up":{"uv":[10.33333,3.66667,9.33333,2.66667],"texture":"#0"},"down":{"uv":[5,9.33333,4,10.33333],"texture":"#0"}}},{"from":[7.5,5.45,7.5],"to":[8.5,6.45,8.5],"rotation":{"angle":0,"axis":"y","origin":[7.5,7.45,6.5]},"faces":{"north":{"uv":[7.33333,10.66667,8,11.33333],"texture":"#0"},"east":{"uv":[10.66667,7.33333,11.33333,8],"texture":"#0"},"south":{"uv":[8,10.66667,8.66667,11.33333],"texture":"#0"},"west":{"uv":[10.66667,8,11.33333,8.66667],"texture":"#0"},"up":{"uv":[9.33333,11.33333,8.66667,10.66667],"texture":"#0"},"down":{"uv":[11.33333,8.66667,10.66667,9.33333],"texture":"#0"}}},{"from":[7.25,6.3,7],"to":[8.75,8.3,9],"rotation":{"angle":-45,"axis":"x","origin":[8,7.3,8]},"faces":{"north":{"uv":[7.33333,4,8.33333,5.33333],"texture":"#0"},"east":{"uv":[4,6,5.33333,7.33333],"texture":"#0"},"south":{"uv":[7.33333,5.33333,8.33333,6.66667],"texture":"#0"},"west":{"uv":[5.33333,6.66667,6.66667,8],"texture":"#0"},"up":{"uv":[8.33333,8,7.33333,6.66667],"texture":"#0"},"down":{"uv":[9,0,8,1.33333],"texture":"#0"}}},{"from":[7,6.55,7.25],"to":[9,8.05,8.75],"rotation":{"angle":-45,"axis":"x","origin":[8,7.3,8]},"faces":{"north":{"uv":[8,1.33333,9.33333,2.33333],"texture":"#0"},"east":{"uv":[9.33333,4,10.33333,5],"texture":"#0"},"south":{"uv":[8,2.66667,9.33333,3.66667],"texture":"#0"},"west":{"uv":[9.33333,5.33333,10.33333,6.33333],"texture":"#0"},"up":{"uv":[6,9,4.66667,8],"texture":"#0"},"down":{"uv":[8.66667,8,7.33333,9],"texture":"#0"}}},{"from":[7.39,-0.11,7.39],"to":[8.61,1.11,8.61],"rotation":{"angle":-45,"axis":"x","origin":[8,0.5,8]},"faces":{"north":{"uv":[9.33333,10.66667,10,11.33333],"texture":"#0"},"east":{"uv":[10.66667,9.33333,11.33333,10],"texture":"#0"},"south":{"uv":[10,10.66667,10.66667,11.33333],"texture":"#0"},"west":{"uv":[10.66667,10.66667,11.33333,11.33333],"texture":"#0"},"up":{"uv":[12,1.33333,11.33333,0.66667],"texture":"#0"},"down":{"uv":[12,1.33333,11.33333,2],"texture":"#0"}}},{"from":[7.5,6.3,6.025],"to":[8.5,8.3,7.025],"rotation":{"angle":0,"axis":"y","origin":[7.5,6.3,6.025]},"faces":{"north":{"uv":[5.33333,9.33333,6,10.66667],"texture":"#0"},"east":{"uv":[9.33333,8,10,9.33333],"texture":"#0"},"south":{"uv":[8.66667,9.33333,9.33333,10.66667],"texture":"#0"},"west":{"uv":[9.33333,9.33333,10,10.66667],"texture":"#0"},"up":{"uv":[12,2.66667,11.33333,2],"texture":"#0"},"down":{"uv":[12,2.66667,11.33333,3.33333],"texture":"#0"}}},{"from":[7.75,6.22985,5.43216],"to":[8.25,9.22985,6.43216],"rotation":{"angle":-22.5,"axis":"x","origin":[8,7.22985,6.03571]},"faces":{"north":{"uv":[6,10,6.33333,12],"texture":"#0"},"east":{"uv":[6,8,6.66667,10],"texture":"#0"},"south":{"uv":[10,8,10.33333,10],"texture":"#0"},"west":{"uv":[8.66667,4,9.33333,6],"texture":"#0"},"up":{"uv":[12.33333,6,12,5.33333],"texture":"#0"},"down":{"uv":[6.33333,12,6,12.66667],"texture":"#0"}}},{"from":[7.505,5.94645,5.73934],"to":[8.495,6.94645,6.46434],"rotation":{"angle":45,"axis":"x","origin":[8.005,5.94645,5.96434]},"faces":{"north":{"uv":[11.33333,3.33333,12,4],"texture":"#0"},"east":{"uv":[4,11.33333,4.66667,12],"texture":"#0"},"south":{"uv":[11.33333,4,12,4.66667],"texture":"#0"},"west":{"uv":[4.66667,11.33333,5.33333,12],"texture":"#0"},"up":{"uv":[12,5.33333,11.33333,4.66667],"texture":"#0"},"down":{"uv":[6,11.33333,5.33333,12],"texture":"#0"}}},{"from":[7.505,8.42855,5.96434],"to":[8.495,9.15355,6.96434],"rotation":{"angle":45,"axis":"x","origin":[8.005,8.65355,5.96434]},"faces":{"north":{"uv":[11.33333,5.33333,12,6],"texture":"#0"},"east":{"uv":[11.33333,6,12,6.66667],"texture":"#0"},"south":{"uv":[11.33333,6.66667,12,7.33333],"texture":"#0"},"west":{"uv":[7.33333,11.33333,8,12],"texture":"#0"},"up":{"uv":[12,8,11.33333,7.33333],"texture":"#0"},"down":{"uv":[8.66667,11.33333,8,12],"texture":"#0"}}},{"from":[7.755,8.21729,4.19472],"to":[8.245,9.21729,4.89472],"rotation":{"angle":22.5,"axis":"x","origin":[8.005,7.22985,6.03571]},"faces":{"north":{"uv":[12,6,12.33333,6.66667],"texture":"#0"},"east":{"uv":[11.33333,8,12,8.66667],"texture":"#0"},"south":{"uv":[6.66667,12,7,12.66667],"texture":"#0"},"west":{"uv":[8.66667,11.33333,9.33333,12],"texture":"#0"},"up":{"uv":[12.33333,7.33333,12,6.66667],"texture":"#0"},"down":{"uv":[7.66667,12,7.33333,12.66667],"texture":"#0"}}},{"from":[7.755,8.21729,11.10528],"to":[8.245,9.21729,11.80528],"rotation":{"angle":-22.5,"axis":"x","origin":[8.005,7.22985,9.96429]},"faces":{"north":{"uv":[7,12,6.66667,12.66667],"texture":"#0"},"east":{"uv":[12,8,11.33333,8.66667],"texture":"#0"},"south":{"uv":[12.33333,6,12,6.66667],"texture":"#0"},"west":{"uv":[9.33333,11.33333,8.66667,12],"texture":"#0"},"up":{"uv":[12.33333,6.66667,12,7.33333],"texture":"#0"},"down":{"uv":[7.66667,12.66667,7.33333,12],"texture":"#0"}}},{"from":[7.75,6.22985,9.56784],"to":[8.25,9.22985,10.56784],"rotation":{"angle":22.5,"axis":"x","origin":[8,7.22985,9.96429]},"faces":{"north":{"uv":[10.33333,8,10,10],"texture":"#0"},"east":{"uv":[6.66667,8,6,10],"texture":"#0"},"south":{"uv":[6.33333,10,6,12],"texture":"#0"},"west":{"uv":[9.33333,4,8.66667,6],"texture":"#0"},"up":{"uv":[12.33333,5.33333,12,6],"texture":"#0"},"down":{"uv":[6.33333,12.66667,6,12],"texture":"#0"}}},{"from":[7.505,8.42855,9.03566],"to":[8.495,9.15355,10.03566],"rotation":{"angle":-45,"axis":"x","origin":[8.005,8.65355,10.03566]},"faces":{"north":{"uv":[12,6.66667,11.33333,7.33333],"texture":"#0"},"east":{"uv":[12,6,11.33333,6.66667],"texture":"#0"},"south":{"uv":[12,5.33333,11.33333,6],"texture":"#0"},"west":{"uv":[8,11.33333,7.33333,12],"texture":"#0"},"up":{"uv":[12,7.33333,11.33333,8],"texture":"#0"},"down":{"uv":[8.66667,12,8,11.33333],"texture":"#0"}}},{"from":[7.5,6.3,8.975],"to":[8.5,8.3,9.975],"rotation":{"angle":0,"axis":"y","origin":[7.5,6.3,9.975]},"faces":{"north":{"uv":[9.33333,9.33333,8.66667,10.66667],"texture":"#0"},"east":{"uv":[10,8,9.33333,9.33333],"texture":"#0"},"south":{"uv":[6,9.33333,5.33333,10.66667],"texture":"#0"},"west":{"uv":[10,9.33333,9.33333,10.66667],"texture":"#0"},"up":{"uv":[12,2,11.33333,2.66667],"texture":"#0"},"down":{"uv":[12,3.33333,11.33333,2.66667],"texture":"#0"}}},{"from":[7.505,5.94645,9.53566],"to":[8.495,6.94645,10.26066],"rotation":{"angle":-45,"axis":"x","origin":[8.005,5.94645,10.03566]},"faces":{"north":{"uv":[12,4,11.33333,4.66667],"texture":"#0"},"east":{"uv":[4.66667,11.33333,4,12],"texture":"#0"},"south":{"uv":[12,3.33333,11.33333,4],"texture":"#0"},"west":{"uv":[5.33333,11.33333,4.66667,12],"texture":"#0"},"up":{"uv":[12,4.66667,11.33333,5.33333],"texture":"#0"},"down":{"uv":[6,12,5.33333,11.33333],"texture":"#0"}}},{"from":[7.75,7.75,6.875],"to":[8.25,12.75,9.125],"rotation":{"angle":0,"axis":"y","origin":[7.75,7.75,7.125]},"faces":{"north":{"uv":[8.66667,6,9,9.33333],"texture":"#0"},"east":{"uv":[5.33333,0,7,3.33333],"texture":"#0"},"south":{"uv":[6.66667,8.66667,7,12],"texture":"#0"},"west":{"uv":[5.33333,3.33333,7,6.66667],"texture":"#0"},"up":{"uv":[11,2.33333,10.66667,0.66667],"texture":"#0"},"down":{"uv":[11,2.66667,10.66667,4.33333],"texture":"#0"}}},{"from":[7.75,12.75,7.775],"to":[8.25,21,9.125],"rotation":{"angle":0,"axis":"y","origin":[7.75,12.75,7.125]},"faces":{"north":{"uv":[3.33333,6,3.66667,12],"texture":"#0"},"east":{"uv":[3,0,4,6],"texture":"#0"},"south":{"uv":[3.66667,6,4,12],"texture":"#0"},"west":{"uv":[4,0,5,6],"texture":"#0"},"up":{"uv":[12.33333,2.33333,12,1.33333],"texture":"#0"},"down":{"uv":[4.66667,12,4.33333,13],"texture":"#0"}}},{"from":[7.755,20.17678,8.26244],"to":[8.245,21.67678,9.76244],"rotation":{"angle":45,"axis":"x","origin":[8.005,21.17678,9.01244]},"faces":{"north":{"uv":[12,2.66667,12.33333,3.66667],"texture":"#0"},"east":{"uv":[9.33333,6.66667,10.33333,7.66667],"texture":"#0"},"south":{"uv":[3.66667,12,4,13],"texture":"#0"},"west":{"uv":[7.33333,9.33333,8.33333,10.33333],"texture":"#0"},"up":{"uv":[4.33333,13,4,12],"texture":"#0"},"down":{"uv":[12.33333,4,12,5],"texture":"#0"}}},{"from":[7.755,13.10355,7.02145],"to":[8.245,14.42855,8.52145],"rotation":{"angle":45,"axis":"x","origin":[7.755,13.10355,6.52145]},"faces":{"north":{"uv":[12,7.33333,12.33333,8],"texture":"#0"},"east":{"uv":[10,10,11,10.66667],"texture":"#0"},"south":{"uv":[8,12,8.33333,12.66667],"texture":"#0"},"west":{"uv":[10.66667,0,11.66667,0.66667],"texture":"#0"},"up":{"uv":[5,13,4.66667,12],"texture":"#0"},"down":{"uv":[5.66667,12,5.33333,13],"texture":"#0"}}},{"from":[8,8,6],"to":[8,28,10],"rotation":{"angle":0,"axis":"y","origin":[8,8,6]},"faces":{"north":{"uv":[0,0,0,13.33333],"texture":"#0"},"east":{"uv":[2.66667,0,0,13.33333],"texture":"#0"},"south":{"uv":[0,0,0,13.33333],"texture":"#0"},"west":{"uv":[0,0,2.66667,13.33333],"texture":"#0"},"up":{"uv":[0,2.66667,0,0],"texture":"#0"},"down":{"uv":[0,0,0,2.66667],"texture":"#0"}}}],"gui_light":"front","display":{"thirdperson_righthand":{"translation":[0,2.75,1]},"thirdperson_lefthand":{"translation":[0,2.75,1]},"firstperson_righthand":{"rotation":[-10,0,0],"translation":[-2.5,4,2.25]},"firstperson_lefthand":{"rotation":[-10,0,0],"translation":[-2.5,4,2.25]},"ground":{"translation":[0,7.25,0]},"gui":{"rotation":[-90,45,90],"translation":[3.25,-4,0],"scale":[0.86719,0.86719,0.86719]},"head":{"scale":[1.5,1.5,1.5],"rotation":[0,90,0]},"fixed":{"rotation":[90,-135,90],"translation":[-3.5,-3.75,-0.5],"scale":[0.89648,0.89648,0.89648]}}}