{"credit":"MadebyPolygonMC","texture_size":[32,32],"textures":{"0":"camillaset:wings","particle":"camillaset:wings"},"elements":[{"from":[6.5,6.5,7.25],"to":[9.5,9.5,8.75],"rotation":{"angle":-45,"axis":"z","origin":[8,8,8]},"faces":{"north":{"uv":[0,8.5,1.5,10],"texture":"#0"},"east":{"uv":[12.5,0,13.25,1.5],"texture":"#0"},"south":{"uv":[1.5,8.5,3,10],"texture":"#0"},"west":{"uv":[12.5,1.5,13.25,3],"texture":"#0"},"up":{"uv":[6.5,11.25,5,10.5],"texture":"#0"},"down":{"uv":[13.25,3.5,11.75,4.25],"texture":"#0"}}},{"from":[6.75,6.75,7],"to":[9.25,9.25,9],"rotation":{"angle":-45,"axis":"z","origin":[8,8,8]},"faces":{"north":{"uv":[5,9,6.25,10.25],"texture":"#0"},"east":{"uv":[0,10,1,11.25],"texture":"#0"},"south":{"uv":[6.5,9,7.75,10.25],"texture":"#0"},"west":{"uv":[1,10,2,11.25],"texture":"#0"},"up":{"uv":[9.25,11,8,10],"texture":"#0"},"down":{"uv":[10.75,10,9.5,11],"texture":"#0"}}},{"from":[9.42572,9.86375,7.755],"to":[10.92572,11.86375,8.245],"rotation":{"angle":22.5,"axis":"z","origin":[10.30072,10.86375,8.005]},"faces":{"north":{"uv":[10.5,9,11.25,10],"texture":"#0"},"east":{"uv":[1.5,11.5,1.75,12.5],"texture":"#0"},"south":{"uv":[3,11,3.75,12],"texture":"#0"},"west":{"uv":[11.5,1.5,11.75,2.5],"texture":"#0"},"up":{"uv":[5.75,11.75,5,11.5],"texture":"#0"},"down":{"uv":[12.25,8.5,11.5,8.75],"texture":"#0"}}},{"from":[9.1,6.4,7.75],"to":[10.35,10.4,8.25],"rotation":{"angle":-22.5,"axis":"z","origin":[10.25,8,8]},"faces":{"north":{"uv":[12.5,4.5,13.25,6.5],"texture":"#0"},"east":{"uv":[8,11,8.25,13],"texture":"#0"},"south":{"uv":[13.25,4.5,12.5,6.5],"texture":"#0"},"west":{"uv":[8.5,11,8.75,13],"texture":"#0"},"up":{"uv":[12.25,2.75,11.5,2.5],"texture":"#0"},"down":{"uv":[12.25,3,11.5,3.25],"texture":"#0"}}},{"from":[8.95711,9.5,7.505],"to":[9.95711,10.5,8.495],"rotation":{"angle":-45,"axis":"z","origin":[9.45711,10,8.005]},"faces":{"north":{"uv":[0,11.5,0.5,12],"texture":"#0"},"east":{"uv":[11.5,0,12,0.5],"texture":"#0"},"south":{"uv":[0.5,11.5,1,12],"texture":"#0"},"west":{"uv":[11.5,0.5,12,1],"texture":"#0"},"up":{"uv":[1.5,12,1,11.5],"texture":"#0"},"down":{"uv":[12,1,11.5,1.5],"texture":"#0"}}},{"from":[8.75,6,7.5],"to":[9.75,10,8.5],"rotation":{"angle":0,"axis":"y","origin":[9.5,0,7.5]},"faces":{"north":{"uv":[6.5,10.5,7,12.5],"texture":"#0"},"east":{"uv":[7,10.5,7.5,12.5],"texture":"#0"},"south":{"uv":[10.5,7,11,9],"texture":"#0"},"west":{"uv":[7.5,10.5,8,12.5],"texture":"#0"},"up":{"uv":[11.5,11,11,10.5],"texture":"#0"},"down":{"uv":[11.5,11,11,11.5],"texture":"#0"}}},{"from":[11.92342,11.36595,8.0763],"to":[13.18342,12.62595,8.8237],"rotation":{"angle":0,"axis":"z","origin":[12.11654,11.05224,8.7]},"faces":{"north":{"uv":[4,11,4.75,11.75],"texture":"#0"},"east":{"uv":[6,11.5,6.25,12.25],"texture":"#0"},"south":{"uv":[4,11,4.75,11.75],"rotation":270,"texture":"#0"},"west":{"uv":[9,11.5,9.25,12.25],"texture":"#0"},"up":{"uv":[12.25,9.25,11.5,9],"texture":"#0"},"down":{"uv":[10.25,11.5,9.5,11.75],"texture":"#0"}}},{"from":[10.8672,6.98847,8.07],"to":[12.1522,12.02847,8.83],"rotation":{"angle":-45,"axis":"z","origin":[12.11654,11.05224,8.7]},"faces":{"north":{"uv":[3,8.5,3.75,11],"texture":"#0"},"east":{"uv":[2,10,2.5,12.5],"texture":"#0"},"south":{"uv":[3.75,8.5,3,11],"texture":"#0"},"west":{"uv":[2.5,10,3,12.5],"texture":"#0"},"up":{"uv":[11.25,3.5,10.5,3],"texture":"#0"},"down":{"uv":[11.75,8,11,8.5],"texture":"#0"}}},{"from":[10.8672,3.97153,8.07],"to":[12.1522,9.01153,8.83],"rotation":{"angle":45,"axis":"z","origin":[12.11654,4.94776,8.7]},"faces":{"north":{"uv":[3,11,3.75,8.5],"texture":"#0"},"east":{"uv":[2,12.5,2.5,10],"texture":"#0"},"south":{"uv":[3.75,11,3,8.5],"texture":"#0"},"west":{"uv":[2.5,12.5,3,10],"texture":"#0"},"up":{"uv":[11.75,8.5,11,8],"texture":"#0"},"down":{"uv":[11.25,3,10.5,3.5],"texture":"#0"}}},{"from":[11.92342,3.37405,8.0763],"to":[13.18342,4.63405,8.8237],"rotation":{"angle":0,"axis":"z","origin":[12.11654,4.94776,8.7]},"faces":{"north":{"uv":[4,11.75,4.75,11],"texture":"#0"},"east":{"uv":[6,12.25,6.25,11.5],"texture":"#0"},"south":{"uv":[4.75,11,4,11.75],"rotation":270,"texture":"#0"},"west":{"uv":[9,12.25,9.25,11.5],"texture":"#0"},"up":{"uv":[10.25,11.75,9.5,11.5],"texture":"#0"},"down":{"uv":[12.25,9,11.5,9.25],"texture":"#0"}}},{"from":[8.95711,5.5,7.505],"to":[9.95711,6.5,8.495],"rotation":{"angle":45,"axis":"z","origin":[9.45711,6,8.005]},"faces":{"north":{"uv":[11,8.5,11.5,9],"texture":"#0"},"east":{"uv":[9,11,9.5,11.5],"texture":"#0"},"south":{"uv":[9.5,11,10,11.5],"texture":"#0"},"west":{"uv":[10,11,10.5,11.5],"texture":"#0"},"up":{"uv":[11.5,10.5,11,10],"texture":"#0"},"down":{"uv":[11,11,10.5,11.5],"texture":"#0"}}},{"from":[6.04289,9.5,7.505],"to":[7.04289,10.5,8.495],"rotation":{"angle":45,"axis":"z","origin":[6.54289,10,8.005]},"faces":{"north":{"uv":[0.5,11.5,0,12],"texture":"#0"},"east":{"uv":[12,0.5,11.5,1],"texture":"#0"},"south":{"uv":[1,11.5,0.5,12],"texture":"#0"},"west":{"uv":[12,0,11.5,0.5],"texture":"#0"},"up":{"uv":[1,12,1.5,11.5],"texture":"#0"},"down":{"uv":[11.5,1,12,1.5],"texture":"#0"}}},{"from":[6.25,6,7.5],"to":[7.25,10,8.5],"rotation":{"angle":0,"axis":"y","origin":[6.5,0,7.5]},"faces":{"north":{"uv":[7,10.5,6.5,12.5],"texture":"#0"},"east":{"uv":[8,10.5,7.5,12.5],"texture":"#0"},"south":{"uv":[11,7,10.5,9],"texture":"#0"},"west":{"uv":[7.5,10.5,7,12.5],"texture":"#0"},"up":{"uv":[11,11,11.5,10.5],"texture":"#0"},"down":{"uv":[11,11,11.5,11.5],"texture":"#0"}}},{"from":[6.04289,5.5,7.505],"to":[7.04289,6.5,8.495],"rotation":{"angle":-45,"axis":"z","origin":[6.54289,6,8.005]},"faces":{"north":{"uv":[11.5,8.5,11,9],"texture":"#0"},"east":{"uv":[10.5,11,10,11.5],"texture":"#0"},"south":{"uv":[10,11,9.5,11.5],"texture":"#0"},"west":{"uv":[9.5,11,9,11.5],"texture":"#0"},"up":{"uv":[11,10.5,11.5,10],"texture":"#0"},"down":{"uv":[10.5,11,11,11.5],"texture":"#0"}}},{"from":[5.65,6.4,7.75],"to":[6.9,10.4,8.25],"rotation":{"angle":22.5,"axis":"z","origin":[5.75,8,8]},"faces":{"north":{"uv":[13.25,4.5,12.5,6.5],"texture":"#0"},"east":{"uv":[8.75,11,8.5,13],"texture":"#0"},"south":{"uv":[12.5,4.5,13.25,6.5],"texture":"#0"},"west":{"uv":[8.25,11,8,13],"texture":"#0"},"up":{"uv":[11.5,2.75,12.25,2.5],"texture":"#0"},"down":{"uv":[11.5,3,12.25,3.25],"texture":"#0"}}},{"from":[5.07428,9.86375,7.755],"to":[6.57428,11.86375,8.245],"rotation":{"angle":-22.5,"axis":"z","origin":[5.69928,10.86375,8.005]},"faces":{"north":{"uv":[11.25,9,10.5,10],"texture":"#0"},"east":{"uv":[11.75,1.5,11.5,2.5],"texture":"#0"},"south":{"uv":[3.75,11,3,12],"texture":"#0"},"west":{"uv":[1.75,11.5,1.5,12.5],"texture":"#0"},"up":{"uv":[5,11.75,5.75,11.5],"texture":"#0"},"down":{"uv":[11.5,8.5,12.25,8.75],"texture":"#0"}}},{"from":[3.8478,3.97153,8.07],"to":[5.1328,9.01153,8.83],"rotation":{"angle":-45,"axis":"z","origin":[3.88346,4.94776,8.7]},"faces":{"north":{"uv":[3.75,11,3,8.5],"texture":"#0"},"east":{"uv":[3,12.5,2.5,10],"texture":"#0"},"south":{"uv":[3,11,3.75,8.5],"texture":"#0"},"west":{"uv":[2.5,12.5,2,10],"texture":"#0"},"up":{"uv":[11,8.5,11.75,8],"texture":"#0"},"down":{"uv":[10.5,3,11.25,3.5],"texture":"#0"}}},{"from":[2.81658,3.37405,8.0763],"to":[4.07658,4.63405,8.8237],"rotation":{"angle":0,"axis":"z","origin":[3.88346,4.94776,8.7]},"faces":{"north":{"uv":[4.75,11.75,4,11],"texture":"#0"},"east":{"uv":[9.25,12.25,9,11.5],"texture":"#0"},"south":{"uv":[4.75,11.75,4,11],"rotation":270,"texture":"#0"},"west":{"uv":[6.25,12.25,6,11.5],"texture":"#0"},"up":{"uv":[9.5,11.75,10.25,11.5],"texture":"#0"},"down":{"uv":[11.5,9,12.25,9.25],"texture":"#0"}}},{"from":[3.8478,6.98847,8.07],"to":[5.1328,12.02847,8.83],"rotation":{"angle":45,"axis":"z","origin":[3.88346,11.05224,8.7]},"faces":{"north":{"uv":[3.75,8.5,3,11],"texture":"#0"},"east":{"uv":[3,10,2.5,12.5],"texture":"#0"},"south":{"uv":[3,8.5,3.75,11],"texture":"#0"},"west":{"uv":[2.5,10,2,12.5],"texture":"#0"},"up":{"uv":[10.5,3.5,11.25,3],"texture":"#0"},"down":{"uv":[11,8,11.75,8.5],"texture":"#0"}}},{"from":[2.81658,11.36595,8.0763],"to":[4.07658,12.62595,8.8237],"rotation":{"angle":0,"axis":"z","origin":[3.88346,11.05224,8.7]},"faces":{"north":{"uv":[4.75,11,4,11.75],"texture":"#0"},"east":{"uv":[9.25,11.5,9,12.25],"texture":"#0"},"south":{"uv":[4,11.75,4.75,11],"rotation":270,"texture":"#0"},"west":{"uv":[6.25,11.5,6,12.25],"texture":"#0"},"up":{"uv":[11.5,9.25,12.25,9],"texture":"#0"},"down":{"uv":[9.5,11.5,10.25,11.75],"texture":"#0"}}},{"from":[3,3,9.625],"to":[13,13,9.625],"rotation":{"angle":-45,"axis":"z","origin":[8,8,7.25]},"faces":{"north":{"uv":[0,3.5,5,8.5],"rotation":90,"texture":"#0"},"east":{"uv":[0,0,0,5],"texture":"#0"},"south":{"uv":[0,3.5,5,8.5],"texture":"#0"},"west":{"uv":[0,0,0,5],"texture":"#0"},"up":{"uv":[5,0,0,0],"texture":"#0"},"down":{"uv":[5,0,0,0],"texture":"#0"}}},{"from":[5,5,10.375],"to":[11,11,10.375],"rotation":{"angle":0,"axis":"z","origin":[8,8,10.375]},"faces":{"north":{"uv":[5,3.75,8,6.75],"texture":"#0"},"east":{"uv":[0,0,0,3],"texture":"#0"},"south":{"uv":[5,3.75,8,6.75],"texture":"#0"},"west":{"uv":[0,0,0,3],"texture":"#0"},"up":{"uv":[3,0,0,0],"texture":"#0"},"down":{"uv":[3,0,0,0],"texture":"#0"}}},{"from":[10.25,6.5,8.475],"to":[31.25,13.5,8.475],"rotation":{"angle":22.5,"axis":"z","origin":[8,8,7.25]},"faces":{"north":{"uv":[0,0,10.5,3.5],"texture":"#0"},"east":{"uv":[0,0,0,3.5],"texture":"#0"},"south":{"uv":[10.5,0,0,3.5],"texture":"#0"},"west":{"uv":[0,0,0,3.5],"texture":"#0"},"up":{"uv":[10.5,0,0,0],"texture":"#0"},"down":{"uv":[10.5,0,0,0],"texture":"#0"}}},{"from":[9.45,-1.27264,8.325],"to":[25.45,3.72736,8.325],"rotation":{"angle":-22.5,"axis":"z","origin":[23.41496,4.10236,8.475]},"faces":{"north":{"uv":[0,13.5,8,16],"texture":"#0"},"east":{"uv":[0,0,0,2.5],"texture":"#0"},"south":{"uv":[8,13.5,0,16],"texture":"#0"},"west":{"uv":[0,0,0,2.5],"texture":"#0"},"up":{"uv":[8,0,0,0],"texture":"#0"},"down":{"uv":[8,0,0,0],"texture":"#0"}}},{"from":[-15.25,6.5,8.475],"to":[5.75,13.5,8.475],"rotation":{"angle":-22.5,"axis":"z","origin":[8,8,7.25]},"faces":{"north":{"uv":[10.5,0,0,3.5],"texture":"#0"},"east":{"uv":[0,0,0,3.5],"texture":"#0"},"south":{"uv":[0,0,10.5,3.5],"texture":"#0"},"west":{"uv":[0,0,0,3.5],"texture":"#0"},"up":{"uv":[0,0,10.5,0],"texture":"#0"},"down":{"uv":[0,0,10.5,0],"texture":"#0"}}},{"from":[-9.45,-1.27264,8.325],"to":[6.55,3.72736,8.325],"rotation":{"angle":22.5,"axis":"z","origin":[-7.41496,4.10236,8.475]},"faces":{"north":{"uv":[8,13.5,0,16],"texture":"#0"},"east":{"uv":[0,0,0,2.5],"texture":"#0"},"south":{"uv":[0,13.5,8,16],"texture":"#0"},"west":{"uv":[0,0,0,2.5],"texture":"#0"},"up":{"uv":[0,0,8,0],"texture":"#0"},"down":{"uv":[0,0,8,0],"texture":"#0"}}},{"from":[2.47625,-1.22473,7.825],"to":[5.47625,6.77527,7.825],"rotation":{"angle":-22.5,"axis":"z","origin":[3.40125,-0.47473,8.075]},"faces":{"north":{"uv":[13.75,0,15.25,4],"texture":"#0"},"east":{"uv":[0,0,0,4],"texture":"#0"},"south":{"uv":[13.75,4,15.25,0],"rotation":180,"texture":"#0"},"west":{"uv":[0,0,0,4],"texture":"#0"},"up":{"uv":[1.5,0,0,0],"texture":"#0"},"down":{"uv":[1.5,0,0,0],"texture":"#0"}}},{"from":[10.52375,-1.22473,7.825],"to":[13.52375,6.77527,7.825],"rotation":{"angle":22.5,"axis":"z","origin":[12.59875,-0.47473,8.075]},"faces":{"north":{"uv":[15.25,0,13.75,4],"texture":"#0"},"east":{"uv":[0,0,0,4],"texture":"#0"},"south":{"uv":[15.25,4,13.75,0],"rotation":180,"texture":"#0"},"west":{"uv":[0,0,0,4],"texture":"#0"},"up":{"uv":[0,0,1.5,0],"texture":"#0"},"down":{"uv":[0,0,1.5,0],"texture":"#0"}}}],"gui_light":"front","display":{"thirdperson_righthand":{"rotation":[-134.75,0,-180],"translation":[0,0,-0.5],"scale":[0.4707,0.4707,0.4707]},"thirdperson_lefthand":{"rotation":[66,0,0],"translation":[-5.5,-7,9],"scale":[1.41992,1.41992,1.41992]},"firstperson_righthand":{"rotation":[166.25,0,-180],"translation":[0,0.75,0],"scale":[0.67188,0.67188,0.67188]},"firstperson_lefthand":{"scale":[0,0,0]},"ground":{"rotation":[-45,0,0],"translation":[0,7.5,0]},"gui":{"rotation":[0,180,0],"scale":[0.44531,0.44531,0.44531]},"head":{"translation":[0,-12.75,6.75],"scale":[1.94336,1.94336,1.94336]},"fixed":{"rotation":[0,180,0],"translation":[0,0.25,-1],"scale":[1.07617,1.07617,1.07617]}}}