{
	"providers":[
	{
		"type":"legacy_unicode",
		"sizes":"minecraft:font/glyph_sizes.bin",
		"template":"minecraft:font/unicode_page_%s.png"
	},
	{
		"file":"chenghao:gongmin.png",
		"chars":["ꮡ"],
		"height":10,
		"ascent":8,																									
		"type":"bitmap" 
		},
	{
		"file":"chenghao:mengxin.png",
		"chars":["ꮢ"],
		"height":10,
		"ascent":8,																									
		"type":"bitmap"
		},
	{
		"file":"chenghao:xianfeng.png",
		"chars":["ꮣ"],
		"height":10,
		"ascent":8,																									
		"type":"bitmap"
		},
	{
		"file":"chenghao:xianren.png",
		"chars":["ꮤ"],
		"height":10,
		"ascent":8,																									
		"type":"bitmap"
		},
	{
		"file":"chenghao:jxs.png",
		"chars":["ꮥ"],
		"height":10,
		"ascent":8,																									
		"type":"bitmap"
		},
	{
		"file":"chenghao:guanli.png",
		"chars":["ꮦ"],
		"height":10,
		"ascent":8,																									
		"type":"bitmap"
		},
	{
		"file":"chenghao:VIP1.png",
		"chars":["ꮧ"],
		"height":10,
		"ascent":8,																									
		"type":"bitmap"
		},
	{
		"file":"chenghao:VIP2.png",
		"chars":["ꮨ"],
		"height":10,
		"ascent":8,																									
		"type":"bitmap"
		},
	{
		"file":"chenghao:VIP3.png",
		"chars":["ꮩ"],
		"height":10,
		"ascent":8,																									
		"type":"bitmap"
		},
	{
		"file":"chenghao:VIP4.png",
		"chars":["꬐"],
		"height":10,
		"ascent":8,																									
		"type":"bitmap"
		},
	{
		"file":"chenghao:VIP5.png",
		"chars":["ꬑ"],
		"height":10,
		"ascent":8,																									
		"type":"bitmap"
		},
	{
		"file":"chenghao:SVIP1.png",
		"chars":["ꬒ"],
		"height":10,
		"ascent":8,																									
		"type":"bitmap"
		},
	{
		"file":"chenghao:SVIP2.png",
		"chars":["ꬓ"],
		"height":10,
		"ascent":8,																									
		"type":"bitmap"
		},
	{
		"file":"chenghao:SVIP3.png",
		"chars":["ꬔ"],
		"height":10,
		"ascent":8,																									
		"type":"bitmap"
		},
	{
		"file":"chenghao:SVIP4.png",
		"chars":["ꬕ"],
		"height":10,
		"ascent":8,																									
		"type":"bitmap"
		},
	{
		"file":"chenghao:SVIP5.png",
		"chars":["ꬖ"],
		"height":10,
		"ascent":8,																									
		"type":"bitmap"
		},
	{
		"file":"chenghao:jzs.png",
		"chars":["꬗"],
		"height":10,
		"ascent":8,																									
		"type":"bitmap"
		},
	{
		"file":"chenghao:khz1.png",
		"chars":["꬘"],
		"height":10,
		"ascent":8,																									
		"type":"bitmap"
		},
	{
		"file":"chenghao:khz2.png",
		"chars":["꬙"],
		"height":10,
		"ascent":8,																									
		"type":"bitmap"
		},
	{
		"file":"chenghao:yl.png",
		"chars":["ꬠ"],
		"height":10,
		"ascent":8,																									
		"type":"bitmap"
		},
	{
		"file":"chenghao:guhui.png",
		"chars":["ꬡ"],
		"height":10,
		"ascent":8,																									
		"type":"bitmap"
		},
	{
		"file":"chenghao:nf.png",
		"chars":["ꬢ"],
		"height":10,
		"ascent":8,																									
		"type":"bitmap"
		},
	{
		"file":"chenghao:kuanggong.png",
		"chars":["ꬣ"],
		"height":10,
		"ascent":8,																									
		"type":"bitmap"
		},
	{
		"file":"chenghao:lieren.png",
		"chars":["ꬤ"],
		"height":10,
		"ascent":8,																									
		"type":"bitmap"
		},
	{
		"file":"chenghao:tsgly.png",
		"chars":["ꬥ"],
		"height":10,
		"ascent":8,																									
		"type":"bitmap"
		},
	{
		"file":"chenghao:yjs.png",
		"chars":["ꬦ"],
		"height":10,
		"ascent":8,																									
		"type":"bitmap"
		},
	{
		"file":"chenghao:muyangren.png",
		"chars":["꬧"],
		"height":10,
		"ascent":8,																									
		"type":"bitmap"
		},
	{
		"file":"chenghao:dizhu.png",
		"chars":["ꬨ"],
		"height":10,
		"ascent":8,																									
		"type":"bitmap"
		},
	{
		"file":"chenghao:sjlr.png",
		"chars":["ꬩ"],
		"height":10,
		"ascent":8,																									
		"type":"bitmap"
		},
	{
		"file":"chenghao:klb.png",
		"chars":["ꬰ"],
		"height":10,
		"ascent":8,																									
		"type":"bitmap"
		},
	{
		"file":"chenghao:ljss.png",
		"chars":["ꬱ"],
		"height":10,
		"ascent":8,																									
		"type":"bitmap"
		},
	{
		"file":"chenghao:ctsn.png",
		"chars":["ꬲ"],
		"height":10,
		"ascent":8,																									
		"type":"bitmap"
		},
	{
		"file":"chenghao:modaowang.png",
		"chars":["ꬳ"],
		"height":10,
		"ascent":8,																									
		"type":"bitmap"
		},
	{
		"file":"chenghao:qigai.png",
		"chars":["ꬴ"],
		"height":10,
		"ascent":8,																									
		"type":"bitmap"
		},
	{
		"file":"chenghao:hua.png",
		"chars":["ꬵ"],
		"height":10,
		"ascent":8,																									
		"type":"bitmap"
		},
	{
		"file":"chenghao:DPH.png",
		"chars":["ꬶ"],
		"height":10,
		"ascent":8,																									
		"type":"bitmap"
		},
	{
		"file":"chenghao:ufo.png",
		"chars":["ꬷ"],
		"height":10,
		"ascent":8,																									
		"type":"bitmap"
		},
	{
		"file":"chenghao:CEO.png",
		"chars":["ꬸ"],
		"height":10,
		"ascent":8,																									
		"type":"bitmap"
		},
	{
		"file":"chenghao:shdl.png",
		"chars":["ꬹ"],
		"height":10,
		"ascent":8,																									
		"type":"bitmap"
		},
	{
		"file":"chenghao:fgrh.png",
		"chars":["ꭀ"],
		"height":10,
		"ascent":8,																									
		"type":"bitmap"
		},
	{
		"file":"chenghao:ricefh.png",
		"chars":["ꭁ"],
		"height":10,
		"ascent":8,																									
		"type":"bitmap"
		},
	{
		"file":"chenghao:tlz.png",
		"chars":["ꭂ"],
		"height":10,
		"ascent":8,																									
		"type":"bitmap"
		},
	{
		"file":"chenghao:kzs.png",
		"chars":["ꭃ"],
		"height":10,
		"ascent":8,																									
		"type":"bitmap"
		},
	{
		"file":"chenghao:sqs.png",
		"chars":["ꭄ"],
		"height":10,
		"ascent":8,																									
		"type":"bitmap"
		},
	{
		"file":"chenghao:dz.png",
		"chars":["ꭅ"],
		"height":10,
		"ascent":8,																									
		"type":"bitmap"
		},
	{
		"file":"chenghao:myss.png",
		"chars":["ꭆ"],
		"height":10,
		"ascent":8,																									
		"type":"bitmap"
		},
	{
		"file":"chenghao:js.png",
		"chars":["ꭇ"],
		"height":10,
		"ascent":8,																									
		"type":"bitmap"
		},
	{
		"file":"chenghao:lly.png",
		"chars":["ꭈ"],
		"height":10,
		"ascent":8,																									
		"type":"bitmap"
		},
	{
		"file":"chenghao:brz.png",
		"chars":["ꭉ"],
		"height":10,
		"ascent":8,																									
		"type":"bitmap"
		},
	{
		"file":"chenghao:mbs.png",
		"chars":["ꭐ"],
		"height":10,
		"ascent":8,																									
		"type":"bitmap"
		},
	{
		"file":"chenghao:slys.png",
		"chars":["ꭑ"],
		"height":10,
		"ascent":8,																									
		"type":"bitmap"
		},
	{
		"file":"chenghao:srkl.png",
		"chars":["ꭒ"],
		"height":10,
		"ascent":8,																									
		"type":"bitmap"
		},
	{
		"file":"chenghao:xm.png",
		"chars":["ꭓ"],
		"height":10,
		"ascent":8,																									
		"type":"bitmap"
		},
	{
		"file":"chenghao:xh.png",
		"chars":["ꭔ"],
		"height":10,
		"ascent":8,																									
		"type":"bitmap"
		},
	{
		"file":"chenghao:tz.png",
		"chars":["ꭕ"],
		"height":10,
		"ascent":8,																									
		"type":"bitmap"
		},
	{
		"file":"chenghao:zhuiyi.png",
		"chars":["ꭖ"],
		"height":10,
		"ascent":8,																									
		"type":"bitmap"
		},
	{
		"file":"chenghao:ybz.png",
		"chars":["ꭗ"],
		"height":10,
		"ascent":8,																									
		"type":"bitmap"
		},
	{
		"file":"chenghao:wjj.png",
		"chars":["ꭘ"],
		"height":10,
		"ascent":8,																									
		"type":"bitmap"
		},
	{
		"file":"chenghao:y.png",
		"chars":["ꭙ"],
		"height":10,
		"ascent":8,																									
		"type":"bitmap"
		},
	{
		"file":"chenghao:fb.png",
		"chars":["ꭠ"],
		"height":10,
		"ascent":8,																									
		"type":"bitmap"
		},
	{
		"file":"chenghao:wjdr.png",
		"chars":["ꭡ"],
		"height":10,
		"ascent":8,																									
		"type":"bitmap"
		},
	{
		"file":"chenghao:xcdr.png",
		"chars":["ꭢ"],
		"height":10,
		"ascent":8,																									
		"type":"bitmap"
		},
	{
		"file":"chenghao:hylc.png",
		"chars":["ꭣ"],
		"height":10,
		"ascent":8,																									
		"type":"bitmap"
		},
	{
		"file":"chenghao:ktpd.png",
		"chars":["ꭤ"],
		"height":10,
		"ascent":8,																									
		"type":"bitmap"
		},
	{
		"file":"chenghao:tutu.png",
		"chars":["ꭥ"],
		"height":10,
		"ascent":8,																									
		"type":"bitmap"
		},
	{
		"file":"chenghao:zb.png",
		"chars":["ꭦ"],
		"height":10,
		"ascent":8,																									
		"type":"bitmap"
		},
	{
		"file":"chenghao:szzl.png",
		"chars":["ꭧ"],
		"height":10,
		"ascent":8,																									
		"type":"bitmap"
		},
	{
		"file":"chenghao:sszz1.png",
		"chars":["ꭨ"],
		"height":10,
		"ascent":8,																									
		"type":"bitmap"
		},
	{
		"file":"chenghao:sszz2.png",
		"chars":["ꭩ"],
		"height":10,
		"ascent":8,																									
		"type":"bitmap"
		},
	{
		"file":"chenghao:maomao.png",
		"chars":["ꭰ"],
		"height":10,
		"ascent":8,																									
		"type":"bitmap"
		},
	{
			"file":"chenghao:bahk.png",
			"chars":["⛴"],
			"height":10,
			"ascent":8,																									
			"type":"bitmap"
			},
    {
			"file":"chenghao:ldby.png",
			"chars":["⛽"],
			"height":10,
			"ascent":8,																									
			"type":"bitmap"
			}
	]
}