{"credit":"MadewithBlockbench","texture_size":[64,64],"textures":{"0":"elitecreatures:forest_decoration_v1/forest_flag","particle":"elitecreatures:forest_decoration_v1/forest_flag"},"elements":[{"from":[7,13,7],"to":[9,29,9],"faces":{"north":{"uv":[5.5,3.25,6,7.25],"texture":"#0"},"east":{"uv":[3.5,5.75,4,9.75],"texture":"#0"},"south":{"uv":[5.5,3.25,6,7.25],"texture":"#0"},"west":{"uv":[3.5,5.75,4,9.75],"texture":"#0"},"up":{"uv":[6.5,4,6,3.5],"texture":"#0"},"down":{"uv":[6.5,4,6,3.5],"texture":"#0"}}},{"from":[0,29,6],"to":[16,32,10],"faces":{"north":{"uv":[5.5,2.5,9.5,3.25],"texture":"#0"},"east":{"uv":[1,6,2,6.75],"texture":"#0"},"south":{"uv":[5.5,2.5,9.5,3.25],"texture":"#0"},"west":{"uv":[1,6,2,6.75],"texture":"#0"},"up":{"uv":[7.5,2.5,3.5,1.5],"texture":"#0"},"down":{"uv":[7.5,2.5,3.5,1.5],"texture":"#0"}}},{"from":[6,2,6],"to":[10,13,10],"faces":{"north":{"uv":[3.5,2.5,4.5,5.25],"texture":"#0"},"east":{"uv":[4.5,2.5,5.5,5.25],"texture":"#0"},"south":{"uv":[3.5,2.5,4.5,5.25],"texture":"#0"},"west":{"uv":[4.5,2.5,5.5,5.25],"texture":"#0"},"up":{"uv":[1,7,0,6],"texture":"#0"},"down":{"uv":[1,7,0,6],"texture":"#0"}}},{"from":[1,6,5.9],"to":[15,30,5.9],"faces":{"north":{"uv":[0,0,3.5,6],"texture":"#0"},"south":{"uv":[0,0,3.5,6],"texture":"#0"}}},{"from":[13,1,7],"to":[15,13,9],"rotation":{"angle":22.5,"axis":"z","origin":[15,0,7]},"faces":{"north":{"uv":[4,5.75,4.5,8.75],"texture":"#0"},"east":{"uv":[4.5,5.75,5,8.75],"texture":"#0"},"south":{"uv":[4,5.75,4.5,8.75],"texture":"#0"},"west":{"uv":[4.5,5.75,5,8.75],"texture":"#0"},"up":{"uv":[5.5,6.25,5,5.75],"texture":"#0"},"down":{"uv":[5.5,6.25,5,5.75],"texture":"#0"}}},{"from":[1,1,7],"to":[3,13,9],"rotation":{"angle":-22.5,"axis":"z","origin":[1,0,7]},"faces":{"north":{"uv":[4.5,5.75,4,8.75],"texture":"#0"},"east":{"uv":[5,5.75,4.5,8.75],"texture":"#0"},"south":{"uv":[4.5,5.75,4,8.75],"texture":"#0"},"west":{"uv":[5,5.75,4.5,8.75],"texture":"#0"},"up":{"uv":[5,6.25,5.5,5.75],"texture":"#0"},"down":{"uv":[5,6.25,5.5,5.75],"texture":"#0"}}},{"from":[0,0,5],"to":[16,2,11],"rotation":{"angle":0,"axis":"y","origin":[-1,0,0]},"faces":{"north":{"uv":[6.625,3.25,10.625,3.75],"texture":"#0"},"east":{"uv":[9.625,2.625,11.125,3.125],"texture":"#0"},"south":{"uv":[6.625,3.25,10.625,3.75],"texture":"#0"},"west":{"uv":[9.625,2.625,11.125,3.125],"texture":"#0"},"up":{"uv":[7.5,1.5,3.5,0],"texture":"#0"},"down":{"uv":[7.5,1.5,3.5,0],"texture":"#0"}}}],"gui_light":"front","display":{"thirdperson_righthand":{"scale":[0.3,0.3,0.3]},"thirdperson_lefthand":{"scale":[0.3,0.3,0.3]},"firstperson_righthand":{"scale":[0.38,0.38,0.38]},"firstperson_lefthand":{"scale":[0.38,0.38,0.38]},"ground":{"translation":[0,2.25,0],"scale":[0.54,0.54,0.54]},"gui":{"rotation":[37,-136,0],"translation":[-0.5,-2.75,0],"scale":[0.4,0.4,0.4]},"head":{"rotation":[0,-180,0],"translation":[0,-30.5,0],"scale":[1.6,1.6,1.6]},"fixed":{"translation":[0,-5.25,0],"scale":[0.67,0.67,0.67]}}}