{"credit":"Made with Blockbench","texture_size":[64,64],"textures":{"0":"elitecreatures:greek_furniture_v1/greek_chair","particle":"elitecreatures:greek_furniture_v1/greek_chair"},"elements":[{"from":[0.5,10,20.5],"to":[31.5,12,22.5],"faces":{"north":{"uv":[8,3,15.75,3.5],"texture":"#0"},"east":{"uv":[9.5,9,9,9.5],"texture":"#0"},"south":{"uv":[8,3.5,15.75,4],"texture":"#0"},"west":{"uv":[9,9,9.5,9.5],"texture":"#0"},"up":{"uv":[15.75,4,8,3.5],"texture":"#0"},"down":{"uv":[15.75,11.75,8,11.25],"texture":"#0"}}},{"from":[0.5,10,7.5],"to":[31.5,12,9.5],"rotation":{"angle":0,"axis":"y","origin":[0,0,16]},"faces":{"north":{"uv":[15.75,3.5,8,4],"texture":"#0"},"east":{"uv":[9,9,9.5,9.5],"texture":"#0"},"south":{"uv":[15.75,3,8,3.5],"texture":"#0"},"west":{"uv":[9.5,9,9,9.5],"texture":"#0"},"up":{"uv":[15.75,3.5,8,4],"texture":"#0"},"down":{"uv":[15.75,11.25,8,11.75],"texture":"#0"}}},{"from":[0,12,7],"to":[32,16,23],"faces":{"north":{"uv":[8,8,0,9],"texture":"#0"},"east":{"uv":[8,2,12,1],"texture":"#0"},"south":{"uv":[0,8,8,9],"texture":"#0"},"west":{"uv":[12,2,8,1],"texture":"#0"},"up":{"uv":[8,4,0,0],"texture":"#0"},"down":{"uv":[8,8,0,4],"texture":"#0"}}},{"from":[0.5,10,9.5],"to":[2.5,12,20.5],"faces":{"north":{"uv":[1,9.5,1.5,10],"texture":"#0"},"east":{"uv":[10.75,5,8,5.5],"texture":"#0"},"south":{"uv":[1.5,9.5,2,10],"texture":"#0"},"west":{"uv":[8,5.5,10.75,6],"texture":"#0"},"up":{"uv":[10.75,6,8,5.5],"rotation":90,"texture":"#0"},"down":{"uv":[10.75,5.5,13.5,6],"rotation":90,"texture":"#0"}}},{"from":[29.5,10,9.5],"to":[31.5,12,20.5],"rotation":{"angle":0,"axis":"y","origin":[16,0,0]},"faces":{"north":{"uv":[1.5,9.5,1,10],"texture":"#0"},"east":{"uv":[10.75,5.5,8,6],"texture":"#0"},"south":{"uv":[2,9.5,1.5,10],"texture":"#0"},"west":{"uv":[8,5,10.75,5.5],"texture":"#0"},"up":{"uv":[10.75,5.5,8,6],"rotation":90,"texture":"#0"},"down":{"uv":[10.75,6,13.5,5.5],"rotation":90,"texture":"#0"}}},{"from":[29.5,0,20.5],"to":[31.5,10,22.5],"rotation":{"angle":0,"axis":"y","origin":[16,0,0]},"faces":{"north":{"uv":[0.5,9,1,11.5],"texture":"#0"},"east":{"uv":[0,9,0.5,11.5],"texture":"#0"},"south":{"uv":[0.5,9,0,11.5],"texture":"#0"},"west":{"uv":[1,9,0.5,11.5],"texture":"#0"},"up":{"uv":[2,10,2.5,9.5],"texture":"#0"},"down":{"uv":[3,9.5,3.5,10],"texture":"#0"}}},{"from":[24.5,0,20.5],"to":[29.5,2,22.5],"rotation":{"angle":0,"axis":"y","origin":[11.5,3,13.75]},"faces":{"north":{"uv":[1,10,2.25,10.5],"texture":"#0"},"east":{"uv":[4,9.5,3.5,10],"texture":"#0"},"south":{"uv":[3.5,9,2.25,9.5],"texture":"#0"},"west":{"uv":[7,9.875,6.5,10.375],"texture":"#0"},"up":{"uv":[1,10.5,2.25,11],"texture":"#0"},"down":{"uv":[1,9,2.25,9.5],"texture":"#0"}}},{"from":[27,2.5,20.5],"to":[29,3.5,22.5],"rotation":{"angle":0,"axis":"y","origin":[11.5,3,13.75]},"faces":{"north":{"uv":[9.5,9.75,10,10],"texture":"#0"},"east":{"uv":[10,9.5,9.5,9.75],"texture":"#0"},"south":{"uv":[10,9,9.5,9.25],"texture":"#0"},"west":{"uv":[9.5,9.25,10,9.5],"texture":"#0"},"up":{"uv":[4,10,4.5,9.5],"texture":"#0"},"down":{"uv":[10,9,10.5,9.5],"texture":"#0"}}},{"from":[24.5,2,20.5],"to":[26.5,5.5,22.5],"rotation":{"angle":0,"axis":"y","origin":[11.5,3,13.75]},"faces":{"north":{"uv":[6,10.75,6.5,11.625],"texture":"#0"},"east":{"uv":[6.5,9,6,9.875],"texture":"#0"},"south":{"uv":[7,9,6.5,9.875],"texture":"#0"},"west":{"uv":[6.5,9.875,6,10.75],"texture":"#0"},"up":{"uv":[10.125,8,9.625,7.5],"texture":"#0"},"down":{"uv":[5,9.5,5.5,10],"texture":"#0"}}},{"from":[26.5,3.5,20.5],"to":[29,5.5,22.5],"rotation":{"angle":0,"axis":"y","origin":[11.5,3,13.75]},"faces":{"north":{"uv":[10.25,8,10.875,8.5],"texture":"#0"},"east":{"uv":[10.125,7.5,9.625,8],"texture":"#0"},"south":{"uv":[9.625,7.5,9,8],"texture":"#0"},"west":{"uv":[9.625,7.5,9,8],"texture":"#0"},"up":{"uv":[10.25,8.5,9.625,8],"texture":"#0"},"down":{"uv":[10.25,8,10.875,8.5],"texture":"#0"}}},{"from":[29.5,0,15.5],"to":[31.5,2,20.5],"rotation":{"angle":0,"axis":"y","origin":[26.75,2.75,8.5]},"faces":{"north":{"uv":[7,10.375,6.5,9.875],"texture":"#0"},"east":{"uv":[2.25,9,3.5,9.5],"texture":"#0"},"south":{"uv":[4,9.5,3.5,10],"texture":"#0"},"west":{"uv":[2.25,10,1,10.5],"texture":"#0"},"up":{"uv":[1,10.5,2.25,11],"rotation":90,"texture":"#0"},"down":{"uv":[2.25,9,1,9.5],"rotation":270,"texture":"#0"}}},{"from":[29.5,2.5,18],"to":[31.5,3.5,20],"rotation":{"angle":0,"axis":"y","origin":[26.75,2.75,8.5]},"faces":{"north":{"uv":[9.5,9.5,10,9.25],"texture":"#0"},"east":{"uv":[9.5,9,10,9.25],"texture":"#0"},"south":{"uv":[10,9.5,9.5,9.75],"texture":"#0"},"west":{"uv":[10,9.75,9.5,10],"texture":"#0"},"up":{"uv":[4,10,4.5,9.5],"rotation":90,"texture":"#0"},"down":{"uv":[10.5,9,10,9.5],"rotation":270,"texture":"#0"}}},{"from":[29.5,2,15.5],"to":[31.5,5.5,17.5],"rotation":{"angle":0,"axis":"y","origin":[26.75,2.75,8.5]},"faces":{"north":{"uv":[6.5,10.75,6,9.875],"texture":"#0"},"east":{"uv":[6.5,9,7,9.875],"texture":"#0"},"south":{"uv":[6.5,9,6,9.875],"texture":"#0"},"west":{"uv":[6.5,10.75,6,11.625],"texture":"#0"},"up":{"uv":[10.125,8,9.625,7.5],"rotation":90,"texture":"#0"},"down":{"uv":[5.5,9.5,5,10],"rotation":270,"texture":"#0"}}},{"from":[29.5,3.5,17.5],"to":[31.5,5.5,20],"rotation":{"angle":0,"axis":"y","origin":[26.75,2.75,8.5]},"faces":{"north":{"uv":[9.625,8,9,7.5],"texture":"#0"},"east":{"uv":[9,7.5,9.625,8],"texture":"#0"},"south":{"uv":[10.125,7.5,9.625,8],"texture":"#0"},"west":{"uv":[10.875,8,10.25,8.5],"texture":"#0"},"up":{"uv":[10.25,8.5,9.625,8],"rotation":90,"texture":"#0"},"down":{"uv":[10.875,8,10.25,8.5],"rotation":270,"texture":"#0"}}},{"from":[29.5,0,7.5],"to":[31.5,10,9.5],"rotation":{"angle":0,"axis":"y","origin":[16,0,16]},"faces":{"north":{"uv":[0,9,0.5,11.5],"texture":"#0"},"east":{"uv":[0.5,9,0,11.5],"texture":"#0"},"south":{"uv":[1,9,0.5,11.5],"texture":"#0"},"west":{"uv":[0.5,9,1,11.5],"texture":"#0"},"up":{"uv":[2,9.5,2.5,10],"texture":"#0"},"down":{"uv":[3,10,3.5,9.5],"texture":"#0"}}},{"from":[24.5,0,7.5],"to":[29.5,2,9.5],"rotation":{"angle":0,"axis":"y","origin":[11.5,3,2.25]},"faces":{"north":{"uv":[2.25,9,3.5,9.5],"texture":"#0"},"east":{"uv":[3.5,9.5,4,10],"texture":"#0"},"south":{"uv":[2.25,10,1,10.5],"texture":"#0"},"west":{"uv":[6.5,9.875,7,10.375],"texture":"#0"},"up":{"uv":[1,11,2.25,10.5],"texture":"#0"},"down":{"uv":[1,9.5,2.25,9],"texture":"#0"}}},{"from":[27,2.5,7.5],"to":[29,3.5,9.5],"rotation":{"angle":0,"axis":"y","origin":[11.5,3,2.25]},"faces":{"north":{"uv":[9.5,9,10,9.25],"texture":"#0"},"east":{"uv":[9.5,9.5,10,9.75],"texture":"#0"},"south":{"uv":[10,9.75,9.5,10],"texture":"#0"},"west":{"uv":[10,9.25,9.5,9.5],"texture":"#0"},"up":{"uv":[4,9.5,4.5,10],"texture":"#0"},"down":{"uv":[10,9.5,10.5,9],"texture":"#0"}}},{"from":[24.5,2,7.5],"to":[26.5,5.5,9.5],"rotation":{"angle":0,"axis":"y","origin":[11.5,3,2.25]},"faces":{"north":{"uv":[6.5,9,7,9.875],"texture":"#0"},"east":{"uv":[6,9,6.5,9.875],"texture":"#0"},"south":{"uv":[6.5,10.75,6,11.625],"texture":"#0"},"west":{"uv":[6,9.875,6.5,10.75],"texture":"#0"},"up":{"uv":[10.125,7.5,9.625,8],"texture":"#0"},"down":{"uv":[5,10,5.5,9.5],"texture":"#0"}}},{"from":[26.5,3.5,7.5],"to":[29,5.5,9.5],"rotation":{"angle":0,"axis":"y","origin":[11.5,3,2.25]},"faces":{"north":{"uv":[9,7.5,9.625,8],"texture":"#0"},"east":{"uv":[9.625,7.5,10.125,8],"texture":"#0"},"south":{"uv":[10.875,8,10.25,8.5],"texture":"#0"},"west":{"uv":[9,7.5,9.625,8],"texture":"#0"},"up":{"uv":[10.25,8,9.625,8.5],"texture":"#0"},"down":{"uv":[10.25,8.5,10.875,8],"texture":"#0"}}},{"from":[29.5,0,9.5],"to":[31.5,2,14.5],"rotation":{"angle":0,"axis":"y","origin":[26.75,2.75,7.5]},"faces":{"north":{"uv":[3.5,9.5,4,10],"texture":"#0"},"east":{"uv":[3.5,9,2.25,9.5],"texture":"#0"},"south":{"uv":[6.5,10.375,7,9.875],"texture":"#0"},"west":{"uv":[1,10,2.25,10.5],"texture":"#0"},"up":{"uv":[2.25,10.5,1,11],"rotation":90,"texture":"#0"},"down":{"uv":[1,9,2.25,9.5],"rotation":270,"texture":"#0"}}},{"from":[29.5,2.5,10],"to":[31.5,3.5,12],"rotation":{"angle":0,"axis":"y","origin":[26.75,2.75,7.5]},"faces":{"north":{"uv":[9.5,9.5,10,9.75],"texture":"#0"},"east":{"uv":[10,9,9.5,9.25],"texture":"#0"},"south":{"uv":[10,9.5,9.5,9.25],"texture":"#0"},"west":{"uv":[9.5,9.75,10,10],"texture":"#0"},"up":{"uv":[4.5,10,4,9.5],"rotation":90,"texture":"#0"},"down":{"uv":[10,9,10.5,9.5],"rotation":270,"texture":"#0"}}},{"from":[29.5,2,12.5],"to":[31.5,5.5,14.5],"rotation":{"angle":0,"axis":"y","origin":[26.75,2.75,7.5]},"faces":{"north":{"uv":[6,9,6.5,9.875],"texture":"#0"},"east":{"uv":[7,9,6.5,9.875],"texture":"#0"},"south":{"uv":[6,10.75,6.5,9.875],"texture":"#0"},"west":{"uv":[6,10.75,6.5,11.625],"texture":"#0"},"up":{"uv":[9.625,8,10.125,7.5],"rotation":90,"texture":"#0"},"down":{"uv":[5,9.5,5.5,10],"rotation":270,"texture":"#0"}}},{"from":[29.5,3.5,10],"to":[31.5,5.5,12.5],"rotation":{"angle":0,"axis":"y","origin":[26.75,2.75,7.5]},"faces":{"north":{"uv":[9.625,7.5,10.125,8],"texture":"#0"},"east":{"uv":[9.625,7.5,9,8],"texture":"#0"},"south":{"uv":[9,8,9.625,7.5],"texture":"#0"},"west":{"uv":[10.25,8,10.875,8.5],"texture":"#0"},"up":{"uv":[9.625,8.5,10.25,8],"rotation":90,"texture":"#0"},"down":{"uv":[10.25,8,10.875,8.5],"rotation":270,"texture":"#0"}}},{"from":[0.5,0,7.5],"to":[2.5,10,9.5],"rotation":{"angle":0,"axis":"y","origin":[0,0,16]},"faces":{"north":{"uv":[0.5,9,0,11.5],"texture":"#0"},"east":{"uv":[1,9,0.5,11.5],"texture":"#0"},"south":{"uv":[0.5,9,1,11.5],"texture":"#0"},"west":{"uv":[0,9,0.5,11.5],"texture":"#0"},"up":{"uv":[2.5,9.5,2,10],"texture":"#0"},"down":{"uv":[3.5,10,3,9.5],"texture":"#0"}}},{"from":[2.5,0,7.5],"to":[7.5,2,9.5],"rotation":{"angle":0,"axis":"y","origin":[4.5,3,2.25]},"faces":{"north":{"uv":[3.5,9,2.25,9.5],"texture":"#0"},"east":{"uv":[7,9.875,6.5,10.375],"texture":"#0"},"south":{"uv":[1,10,2.25,10.5],"texture":"#0"},"west":{"uv":[4,9.5,3.5,10],"texture":"#0"},"up":{"uv":[2.25,11,1,10.5],"texture":"#0"},"down":{"uv":[2.25,9.5,1,9],"texture":"#0"}}},{"from":[3,2.5,7.5],"to":[5,3.5,9.5],"rotation":{"angle":0,"axis":"y","origin":[4.5,3,2.25]},"faces":{"north":{"uv":[10,9,9.5,9.25],"texture":"#0"},"east":{"uv":[9.5,9.25,10,9.5],"texture":"#0"},"south":{"uv":[9.5,9.75,10,10],"texture":"#0"},"west":{"uv":[10,9.5,9.5,9.75],"texture":"#0"},"up":{"uv":[4.5,9.5,4,10],"texture":"#0"},"down":{"uv":[10.5,9.5,10,9],"texture":"#0"}}},{"from":[5.5,2,7.5],"to":[7.5,5.5,9.5],"rotation":{"angle":0,"axis":"y","origin":[4.5,3,2.25]},"faces":{"north":{"uv":[7,9,6.5,9.875],"texture":"#0"},"east":{"uv":[6.5,9.875,6,10.75],"texture":"#0"},"south":{"uv":[6,10.75,6.5,11.625],"texture":"#0"},"west":{"uv":[6.5,9,6,9.875],"texture":"#0"},"up":{"uv":[9.625,7.5,10.125,8],"texture":"#0"},"down":{"uv":[5.5,10,5,9.5],"texture":"#0"}}},{"from":[3,3.5,7.5],"to":[5.5,5.5,9.5],"rotation":{"angle":0,"axis":"y","origin":[4.5,3,2.25]},"faces":{"north":{"uv":[9.625,7.5,9,8],"texture":"#0"},"east":{"uv":[9.625,7.5,9,8],"texture":"#0"},"south":{"uv":[10.25,8,10.875,8.5],"texture":"#0"},"west":{"uv":[10.125,7.5,9.625,8],"texture":"#0"},"up":{"uv":[9.625,8,10.25,8.5],"texture":"#0"},"down":{"uv":[10.875,8.5,10.25,8],"texture":"#0"}}},{"from":[0.5,0,9.5],"to":[2.5,2,14.5],"rotation":{"angle":0,"axis":"y","origin":[-10.75,2.75,7.5]},"faces":{"north":{"uv":[4,9.5,3.5,10],"texture":"#0"},"east":{"uv":[2.25,10,1,10.5],"texture":"#0"},"south":{"uv":[7,10.375,6.5,9.875],"texture":"#0"},"west":{"uv":[2.25,9,3.5,9.5],"texture":"#0"},"up":{"uv":[2.25,11,1,10.5],"rotation":90,"texture":"#0"},"down":{"uv":[1,9.5,2.25,9],"rotation":270,"texture":"#0"}}},{"from":[0.5,2.5,10],"to":[2.5,3.5,12],"rotation":{"angle":0,"axis":"y","origin":[-10.75,2.75,7.5]},"faces":{"north":{"uv":[10,9.5,9.5,9.75],"texture":"#0"},"east":{"uv":[10,9.75,9.5,10],"texture":"#0"},"south":{"uv":[9.5,9.5,10,9.25],"texture":"#0"},"west":{"uv":[9.5,9,10,9.25],"texture":"#0"},"up":{"uv":[4.5,9.5,4,10],"rotation":90,"texture":"#0"},"down":{"uv":[10,9.5,10.5,9],"rotation":270,"texture":"#0"}}},{"from":[0.5,2,12.5],"to":[2.5,5.5,14.5],"rotation":{"angle":0,"axis":"y","origin":[-10.75,2.75,7.5]},"faces":{"north":{"uv":[6.5,9,6,9.875],"texture":"#0"},"east":{"uv":[6.5,10.75,6,11.625],"texture":"#0"},"south":{"uv":[6.5,10.75,6,9.875],"texture":"#0"},"west":{"uv":[6.5,9,7,9.875],"texture":"#0"},"up":{"uv":[9.625,7.5,10.125,8],"rotation":90,"texture":"#0"},"down":{"uv":[5,10,5.5,9.5],"rotation":270,"texture":"#0"}}},{"from":[0.5,3.5,10],"to":[2.5,5.5,12.5],"rotation":{"angle":0,"axis":"y","origin":[-10.75,2.75,7.5]},"faces":{"north":{"uv":[10.125,7.5,9.625,8],"texture":"#0"},"east":{"uv":[10.875,8,10.25,8.5],"texture":"#0"},"south":{"uv":[9.625,8,9,7.5],"texture":"#0"},"west":{"uv":[9,7.5,9.625,8],"texture":"#0"},"up":{"uv":[9.625,8,10.25,8.5],"rotation":90,"texture":"#0"},"down":{"uv":[10.25,8.5,10.875,8],"rotation":270,"texture":"#0"}}},{"from":[0.5,0,20.5],"to":[2.5,10,22.5],"faces":{"north":{"uv":[1,9,0.5,11.5],"texture":"#0"},"east":{"uv":[0.5,9,1,11.5],"texture":"#0"},"south":{"uv":[0,9,0.5,11.5],"texture":"#0"},"west":{"uv":[0.5,9,0,11.5],"texture":"#0"},"up":{"uv":[2.5,10,2,9.5],"texture":"#0"},"down":{"uv":[3.5,9.5,3,10],"texture":"#0"}}},{"from":[2.5,0,20.5],"to":[7.5,2,22.5],"rotation":{"angle":0,"axis":"y","origin":[4.5,3,13.75]},"faces":{"north":{"uv":[2.25,10,1,10.5],"texture":"#0"},"east":{"uv":[6.5,9.875,7,10.375],"texture":"#0"},"south":{"uv":[2.25,9,3.5,9.5],"texture":"#0"},"west":{"uv":[3.5,9.5,4,10],"texture":"#0"},"up":{"uv":[2.25,10.5,1,11],"texture":"#0"},"down":{"uv":[2.25,9,1,9.5],"texture":"#0"}}},{"from":[3,2.5,20.5],"to":[5,3.5,22.5],"rotation":{"angle":0,"axis":"y","origin":[4.5,3,13.75]},"faces":{"north":{"uv":[10,9.75,9.5,10],"texture":"#0"},"east":{"uv":[10,9.25,9.5,9.5],"texture":"#0"},"south":{"uv":[9.5,9,10,9.25],"texture":"#0"},"west":{"uv":[9.5,9.5,10,9.75],"texture":"#0"},"up":{"uv":[4.5,10,4,9.5],"texture":"#0"},"down":{"uv":[10.5,9,10,9.5],"texture":"#0"}}},{"from":[5.5,2,20.5],"to":[7.5,5.5,22.5],"rotation":{"angle":0,"axis":"y","origin":[4.5,3,13.75]},"faces":{"north":{"uv":[6.5,10.75,6,11.625],"texture":"#0"},"east":{"uv":[6,9.875,6.5,10.75],"texture":"#0"},"south":{"uv":[6.5,9,7,9.875],"texture":"#0"},"west":{"uv":[6,9,6.5,9.875],"texture":"#0"},"up":{"uv":[9.625,8,10.125,7.5],"texture":"#0"},"down":{"uv":[5.5,9.5,5,10],"texture":"#0"}}},{"from":[3,3.5,20.5],"to":[5.5,5.5,22.5],"rotation":{"angle":0,"axis":"y","origin":[4.5,3,13.75]},"faces":{"north":{"uv":[10.875,8,10.25,8.5],"texture":"#0"},"east":{"uv":[9,7.5,9.625,8],"texture":"#0"},"south":{"uv":[9,7.5,9.625,8],"texture":"#0"},"west":{"uv":[9.625,7.5,10.125,8],"texture":"#0"},"up":{"uv":[9.625,8.5,10.25,8],"texture":"#0"},"down":{"uv":[10.875,8,10.25,8.5],"texture":"#0"}}},{"from":[0.5,0,15.5],"to":[2.5,2,20.5],"rotation":{"angle":0,"axis":"y","origin":[-10.75,2.75,8.5]},"faces":{"north":{"uv":[6.5,10.375,7,9.875],"texture":"#0"},"east":{"uv":[1,10,2.25,10.5],"texture":"#0"},"south":{"uv":[3.5,9.5,4,10],"texture":"#0"},"west":{"uv":[3.5,9,2.25,9.5],"texture":"#0"},"up":{"uv":[1,11,2.25,10.5],"rotation":90,"texture":"#0"},"down":{"uv":[2.25,9.5,1,9],"rotation":270,"texture":"#0"}}},{"from":[0.5,2.5,18],"to":[2.5,3.5,20],"rotation":{"angle":0,"axis":"y","origin":[-10.75,2.75,8.5]},"faces":{"north":{"uv":[10,9.5,9.5,9.25],"texture":"#0"},"east":{"uv":[9.5,9.75,10,10],"texture":"#0"},"south":{"uv":[9.5,9.5,10,9.75],"texture":"#0"},"west":{"uv":[10,9,9.5,9.25],"texture":"#0"},"up":{"uv":[4,9.5,4.5,10],"rotation":90,"texture":"#0"},"down":{"uv":[10.5,9.5,10,9],"rotation":270,"texture":"#0"}}},{"from":[0.5,2,15.5],"to":[2.5,5.5,17.5],"rotation":{"angle":0,"axis":"y","origin":[-10.75,2.75,8.5]},"faces":{"north":{"uv":[6,10.75,6.5,9.875],"texture":"#0"},"east":{"uv":[6,10.75,6.5,11.625],"texture":"#0"},"south":{"uv":[6,9,6.5,9.875],"texture":"#0"},"west":{"uv":[7,9,6.5,9.875],"texture":"#0"},"up":{"uv":[10.125,7.5,9.625,8],"rotation":90,"texture":"#0"},"down":{"uv":[5.5,10,5,9.5],"rotation":270,"texture":"#0"}}},{"from":[0.5,3.5,17.5],"to":[2.5,5.5,20],"rotation":{"angle":0,"axis":"y","origin":[-10.75,2.75,8.5]},"faces":{"north":{"uv":[9,8,9.625,7.5],"texture":"#0"},"east":{"uv":[10.25,8,10.875,8.5],"texture":"#0"},"south":{"uv":[9.625,7.5,10.125,8],"texture":"#0"},"west":{"uv":[9.625,7.5,9,8],"texture":"#0"},"up":{"uv":[10.25,8,9.625,8.5],"rotation":90,"texture":"#0"},"down":{"uv":[10.875,8.5,10.25,8],"rotation":270,"texture":"#0"}}}],"gui_light":"front","display":{"thirdperson_righthand":{"translation":[-1,-0.25,1],"scale":[0.15,0.15,0.15]},"thirdperson_lefthand":{"translation":[1.25,-0.25,1],"scale":[0.15,0.15,0.15]},"firstperson_righthand":{"rotation":[0,-90,25],"translation":[1.13,3.2,1.13],"scale":[0.42,0.42,0.42]},"firstperson_lefthand":{"rotation":[0,-90,25],"translation":[1.13,3.2,1.13],"scale":[0.42,0.42,0.42]},"ground":{"translation":[-4,2,-3.5],"scale":[0.5,0.5,0.5]},"gui":{"rotation":[30,225,0],"translation":[3.5,-0.5,0],"scale":[0.31,0.31,0.31]},"head":{"translation":[-12,-31.25,-10.5],"scale":[1.5,1.5,1.5]},"fixed":{"rotation":[0,180,0],"translation":[4,0,0],"scale":[0.51,0.51,0.51]}}}