{"credit":"Made with Blockbench","texture_size":[32,32],"textures":{"0":"elitecreatures:greek_furniture_v1/greek_jar_03","particle":"elitecreatures:greek_furniture_v1/greek_jar_03"},"elements":[{"from":[5.5,0,8],"to":[10.5,1,13],"rotation":{"angle":0,"axis":"y","origin":[4.5,0,0]},"faces":{"north":{"uv":[11,0.5,13.5,1],"texture":"#0"},"east":{"uv":[11,0.5,13.5,1],"texture":"#0"},"south":{"uv":[11,0.5,13.5,1],"texture":"#0"},"west":{"uv":[11,0.5,13.5,1],"texture":"#0"},"up":{"uv":[9,5.5,6.5,3],"texture":"#0"},"down":{"uv":[9,5.5,6.5,8],"texture":"#0"}}},{"from":[5,1,7.5],"to":[11,2,13.5],"rotation":{"angle":0,"axis":"y","origin":[4.5,0,0]},"faces":{"north":{"uv":[9.5,2,12.5,2.5],"texture":"#0"},"east":{"uv":[9.5,2,12.5,2.5],"texture":"#0"},"south":{"uv":[9.5,2,12.5,2.5],"texture":"#0"},"west":{"uv":[9.5,2,12.5,2.5],"texture":"#0"},"up":{"uv":[6.5,3,3.5,0],"texture":"#0"},"down":{"uv":[6.5,3,3.5,6],"texture":"#0"}}},{"from":[4.5,2,7],"to":[11.5,4,14],"rotation":{"angle":0,"axis":"y","origin":[4.5,0,0]},"faces":{"north":{"uv":[9,6,12.5,7],"texture":"#0"},"east":{"uv":[9,6,12.5,7],"texture":"#0"},"south":{"uv":[9,6,12.5,7],"texture":"#0"},"west":{"uv":[9,6,12.5,7],"texture":"#0"},"up":{"uv":[3.5,3.5,0,0],"texture":"#0"},"down":{"uv":[3.5,3.5,0,7],"texture":"#0"}}},{"from":[5,4,7.5],"to":[11,5,13.5],"rotation":{"angle":0,"axis":"y","origin":[4.5,0,0]},"faces":{"north":{"uv":[10.5,9,13.5,9.5],"texture":"#0"},"east":{"uv":[10.5,9,13.5,9.5],"texture":"#0"},"south":{"uv":[10.5,9,13.5,9.5],"texture":"#0"},"west":{"uv":[10.5,9,13.5,9.5],"texture":"#0"},"up":{"uv":[6.5,9,3.5,6],"texture":"#0"},"down":{"uv":[9.5,0,6.5,3],"texture":"#0"}}},{"from":[5.5,5,8],"to":[10.5,6,13],"rotation":{"angle":0,"axis":"y","origin":[4.5,0,0]},"faces":{"north":{"uv":[3.5,11,6,11.5],"texture":"#0"},"east":{"uv":[3.5,11,6,11.5],"texture":"#0"},"south":{"uv":[3.5,11,6,11.5],"texture":"#0"},"west":{"uv":[3.5,11,6,11.5],"texture":"#0"},"up":{"uv":[2.5,9.5,0,7],"texture":"#0"},"down":{"uv":[9,8,6.5,10.5],"texture":"#0"}}},{"from":[6.5,6,9],"to":[9.5,7,12],"rotation":{"angle":0,"axis":"y","origin":[4.5,0,0]},"faces":{"north":{"uv":[2.5,12,4,12.5],"texture":"#0"},"east":{"uv":[2.5,12,4,12.5],"texture":"#0"},"south":{"uv":[2.5,12,4,12.5],"texture":"#0"},"west":{"uv":[2.5,12,4,12.5],"texture":"#0"},"up":{"uv":[6,10.5,4.5,9],"texture":"#0"},"down":{"uv":[10.5,9,9,10.5],"texture":"#0"}}},{"from":[7,7,9.5],"to":[9,10,11.5],"rotation":{"angle":0,"axis":"y","origin":[4.5,0,0]},"faces":{"north":{"uv":[1.5,9.5,2.5,11],"texture":"#0"},"east":{"uv":[1.5,9.5,2.5,11],"texture":"#0"},"south":{"uv":[1.5,9.5,2.5,11],"texture":"#0"},"west":{"uv":[1.5,9.5,2.5,11],"texture":"#0"},"up":{"uv":[7,12,6,11],"texture":"#0"},"down":{"uv":[8,11,7,12],"texture":"#0"}}},{"from":[6.5,10,9],"to":[9.5,11,12],"rotation":{"angle":0,"axis":"y","origin":[4.5,0,0]},"faces":{"north":{"uv":[8.5,12,10,12.5],"texture":"#0"},"east":{"uv":[8.5,12,10,12.5],"texture":"#0"},"south":{"uv":[8.5,12,10,12.5],"texture":"#0"},"west":{"uv":[8.5,12,10,12.5],"texture":"#0"},"up":{"uv":[1.5,11,0,9.5],"texture":"#0"},"down":{"uv":[11,0,9.5,1.5],"texture":"#0"}}},{"from":[6,11,8.5],"to":[10,12,12.5],"rotation":{"angle":0,"axis":"y","origin":[4.5,0,0]},"faces":{"north":{"uv":[8,11,10,11.5],"texture":"#0"},"east":{"uv":[8,11,10,11.5],"texture":"#0"},"south":{"uv":[8,11,10,11.5],"texture":"#0"},"west":{"uv":[8,11,10,11.5],"texture":"#0"},"up":{"uv":[4.5,11,2.5,9],"texture":"#0"},"down":{"uv":[11,3,9,5],"texture":"#0"}}},{"from":[6,12,9.5],"to":[7,13,11.5],"rotation":{"angle":0,"axis":"y","origin":[4.5,0,0]},"faces":{"north":{"uv":[6,10,6.5,10.5],"texture":"#0"},"east":{"uv":[2.5,8.5,3.5,9],"texture":"#0"},"south":{"uv":[0,12.5,0.5,13],"texture":"#0"},"west":{"uv":[5,11.5,6,12],"texture":"#0"},"up":{"uv":[6.5,10,6,9],"texture":"#0"},"down":{"uv":[10.5,11,10,12],"texture":"#0"}}},{"from":[9,12,9.5],"to":[10,13,11.5],"rotation":{"angle":0,"axis":"y","origin":[20.5,0,0]},"faces":{"north":{"uv":[6.5,10,6,10.5],"texture":"#0"},"east":{"uv":[6,11.5,5,12],"texture":"#0"},"south":{"uv":[0.5,12.5,0,13],"texture":"#0"},"west":{"uv":[3.5,8.5,2.5,9],"texture":"#0"},"up":{"uv":[6,10,6.5,9],"texture":"#0"},"down":{"uv":[10,11,10.5,12],"texture":"#0"}}},{"from":[6,12,11.5],"to":[10,13,12.5],"rotation":{"angle":0,"axis":"y","origin":[4.5,0,0]},"faces":{"north":{"uv":[8,11.5,10,12],"texture":"#0"},"east":{"uv":[0.5,12.5,1,13],"texture":"#0"},"south":{"uv":[11.5,10.5,13.5,11],"texture":"#0"},"west":{"uv":[1,12.5,1.5,13],"texture":"#0"},"up":{"uv":[13.5,11.5,11.5,11],"texture":"#0"},"down":{"uv":[13.5,11.5,11.5,12],"texture":"#0"}}},{"from":[6,12,8.5],"to":[10,13,9.5],"rotation":{"angle":0,"axis":"y","origin":[4.5,0,16]},"faces":{"north":{"uv":[13.5,10.5,11.5,11],"texture":"#0"},"east":{"uv":[1,12.5,0.5,13],"texture":"#0"},"south":{"uv":[10,11.5,8,12],"texture":"#0"},"west":{"uv":[1.5,12.5,1,13],"texture":"#0"},"up":{"uv":[13.5,11,11.5,11.5],"texture":"#0"},"down":{"uv":[13.5,12,11.5,11.5],"texture":"#0"}}}],"gui_light":"front","display":{"thirdperson_righthand":{"translation":[0,4.5,1],"scale":[0.55,0.55,0.55]},"thirdperson_lefthand":{"translation":[0,4.5,1],"scale":[0.55,0.55,0.55]},"firstperson_righthand":{"translation":[0,5.75,0],"scale":[0.61,0.61,0.61]},"firstperson_lefthand":{"translation":[0,5.75,0],"scale":[0.61,0.61,0.61]},"ground":{"translation":[0,2,-1.5],"scale":[0.5,0.5,0.5]},"gui":{"rotation":[30,225,0],"translation":[1,0,0],"scale":[0.625,0.625,0.625]},"fixed":{"rotation":[-90,180,0],"translation":[0,4,-13.5],"scale":[1.6,1.6,1.6]}}}