{"credit":"Made with Blockbench","texture_size":[64,64],"textures":{"0":"elitecreatures:greek_furniture_v1/greek_bed_02","particle":"elitecreatures:greek_furniture_v1/greek_bed_02"},"elements":[{"from":[1,7,2],"to":[15,9,26],"faces":{"north":{"uv":[8,4,11.5,4.5],"texture":"#0"},"east":{"uv":[8,1,14,1.5],"texture":"#0"},"south":{"uv":[8,4.5,11.5,5],"texture":"#0"},"west":{"uv":[14,1,8,1.5],"texture":"#0"},"up":{"uv":[3.5,13.5,0,7.5],"texture":"#0"},"down":{"uv":[7,7.5,3.5,13.5],"texture":"#0"}}},{"from":[0,6,1],"to":[16,7,31],"faces":{"north":{"uv":[8,7,12,7.25],"texture":"#0"},"east":{"uv":[8,3.5,15.5,3.75],"texture":"#0"},"south":{"uv":[12,7,8,7.25],"texture":"#0"},"west":{"uv":[15.5,3.5,8,3.75],"texture":"#0"},"up":{"uv":[4,7.5,0,0],"texture":"#0"},"down":{"uv":[8,0,4,7.5],"texture":"#0"}}},{"from":[0.5,7,26],"to":[15.5,10,30],"faces":{"north":{"uv":[8,2,11.75,2.75],"texture":"#0"},"east":{"uv":[10.25,6,9.25,6.75],"texture":"#0"},"south":{"uv":[11.75,2,8,2.75],"texture":"#0"},"west":{"uv":[9.25,6,10.25,6.75],"texture":"#0"},"up":{"uv":[10.75,8.5,7,7.5],"texture":"#0"},"down":{"uv":[11.75,0,8,1],"texture":"#0"}}},{"from":[15,2,1],"to":[16,6,2],"rotation":{"angle":0,"axis":"y","origin":[16,0,16]},"faces":{"north":{"uv":[8.5,9.25,8.75,10.25],"texture":"#0"},"east":{"uv":[9,9.25,8.75,10.25],"texture":"#0"},"south":{"uv":[9.25,9.25,9,10.25],"texture":"#0"},"west":{"uv":[8.75,9.25,9,10.25],"texture":"#0"},"up":{"uv":[9.25,6.75,9.5,7],"texture":"#0"},"down":{"uv":[9.5,7,9.75,6.75],"texture":"#0"}}},{"from":[15,0,0],"to":[16,3,1],"rotation":{"angle":0,"axis":"y","origin":[16,0,16]},"faces":{"north":{"uv":[10.5,6,10.25,6.75],"texture":"#0"},"east":{"uv":[10,10,10.25,10.75],"texture":"#0"},"south":{"uv":[10.25,9.25,10,10],"texture":"#0"},"west":{"uv":[10.25,10,10,10.75],"texture":"#0"},"up":{"uv":[9.75,6.75,10,7],"texture":"#0"},"down":{"uv":[10,7,10.25,6.75],"texture":"#0"}}},{"from":[0,2,1],"to":[1,6,2],"rotation":{"angle":0,"axis":"y","origin":[0,0,16]},"faces":{"north":{"uv":[8.75,9.25,8.5,10.25],"texture":"#0"},"east":{"uv":[9,9.25,8.75,10.25],"texture":"#0"},"south":{"uv":[9,9.25,9.25,10.25],"texture":"#0"},"west":{"uv":[8.75,9.25,9,10.25],"texture":"#0"},"up":{"uv":[9.5,6.75,9.25,7],"texture":"#0"},"down":{"uv":[9.75,7,9.5,6.75],"texture":"#0"}}},{"from":[0,0,0],"to":[1,3,1],"rotation":{"angle":0,"axis":"y","origin":[0,0,16]},"faces":{"north":{"uv":[10.25,6,10.5,6.75],"texture":"#0"},"east":{"uv":[10,10,10.25,10.75],"texture":"#0"},"south":{"uv":[10,9.25,10.25,10],"texture":"#0"},"west":{"uv":[10.25,10,10,10.75],"texture":"#0"},"up":{"uv":[10,6.75,9.75,7],"texture":"#0"},"down":{"uv":[10.25,7,10,6.75],"texture":"#0"}}},{"from":[0,2,30],"to":[1,6,31],"faces":{"north":{"uv":[9.25,9.25,9,10.25],"texture":"#0"},"east":{"uv":[8.75,9.25,9,10.25],"texture":"#0"},"south":{"uv":[8.5,9.25,8.75,10.25],"texture":"#0"},"west":{"uv":[9,9.25,8.75,10.25],"texture":"#0"},"up":{"uv":[9.5,7,9.25,6.75],"texture":"#0"},"down":{"uv":[9.75,6.75,9.5,7],"texture":"#0"}}},{"from":[0,0,31],"to":[1,3,32],"faces":{"north":{"uv":[10.25,9.25,10,10],"texture":"#0"},"east":{"uv":[10.25,10,10,10.75],"texture":"#0"},"south":{"uv":[10.5,6,10.25,6.75],"texture":"#0"},"west":{"uv":[10,10,10.25,10.75],"texture":"#0"},"up":{"uv":[10,7,9.75,6.75],"texture":"#0"},"down":{"uv":[10.25,6.75,10,7],"texture":"#0"}}},{"from":[15,2,30],"to":[16,6,31],"rotation":{"angle":0,"axis":"y","origin":[16,0,0]},"faces":{"north":{"uv":[9,9.25,9.25,10.25],"texture":"#0"},"east":{"uv":[8.75,9.25,9,10.25],"texture":"#0"},"south":{"uv":[8.75,9.25,8.5,10.25],"texture":"#0"},"west":{"uv":[9,9.25,8.75,10.25],"texture":"#0"},"up":{"uv":[9.25,7,9.5,6.75],"texture":"#0"},"down":{"uv":[9.5,6.75,9.75,7],"texture":"#0"}}},{"from":[15,0,31],"to":[16,3,32],"rotation":{"angle":0,"axis":"y","origin":[16,0,0]},"faces":{"north":{"uv":[10,9.25,10.25,10],"texture":"#0"},"east":{"uv":[10.25,10,10,10.75],"texture":"#0"},"south":{"uv":[10.25,6,10.5,6.75],"texture":"#0"},"west":{"uv":[10,10,10.25,10.75],"texture":"#0"},"up":{"uv":[9.75,7,10,6.75],"texture":"#0"},"down":{"uv":[10,6.75,10.25,7],"texture":"#0"}}},{"from":[0,7,30],"to":[1,16,31],"faces":{"north":{"uv":[7,9.25,7.25,11.5],"texture":"#0"},"east":{"uv":[7.25,9.25,7.5,11.5],"texture":"#0"},"south":{"uv":[7.25,9.25,7,11.5],"texture":"#0"},"west":{"uv":[7.5,9.25,7.75,11.5],"texture":"#0"},"up":{"uv":[10.5,7,10.25,6.75],"texture":"#0"},"down":{"uv":[9.25,10.25,9,10.5],"texture":"#0"}}},{"from":[15,7,30],"to":[16,16,31],"rotation":{"angle":0,"axis":"y","origin":[16,0,0]},"faces":{"north":{"uv":[7.25,9.25,7,11.5],"texture":"#0"},"east":{"uv":[7.75,9.25,7.5,11.5],"texture":"#0"},"south":{"uv":[7,9.25,7.25,11.5],"texture":"#0"},"west":{"uv":[7.5,9.25,7.25,11.5],"texture":"#0"},"up":{"uv":[10.25,7,10.5,6.75],"texture":"#0"},"down":{"uv":[9,10.25,9.25,10.5],"texture":"#0"}}},{"from":[1,11,30],"to":[15,12,31],"rotation":{"angle":0,"axis":"y","origin":[0,16,0]},"faces":{"north":{"uv":[7,8.75,10.5,8.5],"texture":"#0"},"east":{"uv":[9.25,10.5,9.5,10.25],"texture":"#0"},"south":{"uv":[10.5,8.75,7,8.5],"texture":"#0"},"west":{"uv":[10.25,9.5,10.5,9.25],"texture":"#0"},"up":{"uv":[12.75,5.25,9.25,5],"texture":"#0"},"down":{"uv":[10.5,9,7,9.25],"texture":"#0"}}},{"from":[1,13,30],"to":[15,14,31],"rotation":{"angle":0,"axis":"y","origin":[0,16,0]},"faces":{"north":{"uv":[7,8.75,10.5,8.5],"texture":"#0"},"east":{"uv":[9.25,10.5,9.5,10.25],"texture":"#0"},"south":{"uv":[10.5,8.75,7,8.5],"texture":"#0"},"west":{"uv":[10.25,9.5,10.5,9.25],"texture":"#0"},"up":{"uv":[12.75,5.25,9.25,5],"texture":"#0"},"down":{"uv":[10.5,9,7,9.25],"texture":"#0"}}},{"from":[1,15,30],"to":[15,16,31],"rotation":{"angle":0,"axis":"y","origin":[0,16,0]},"faces":{"north":{"uv":[7,8.75,10.5,8.5],"texture":"#0"},"east":{"uv":[9.25,10.5,9.5,10.25],"texture":"#0"},"south":{"uv":[10.5,8.75,7,8.5],"texture":"#0"},"west":{"uv":[10.25,9.5,10.5,9.25],"texture":"#0"},"up":{"uv":[12.75,5.25,9.25,5],"texture":"#0"},"down":{"uv":[10.5,9,7,9.25],"texture":"#0"}}},{"from":[4,12,30.5],"to":[5,15,30.5],"faces":{"north":{"uv":[8.5,10.25,8.75,11],"texture":"#0"},"east":{"uv":[0,0,0,0.75],"texture":"#0"},"south":{"uv":[8.75,10.25,8.5,11],"texture":"#0"},"west":{"uv":[0,0,0,0.75],"texture":"#0"},"up":{"uv":[0.25,0,0,0],"texture":"#0"},"down":{"uv":[0.25,0,0,0],"texture":"#0"}}},{"from":[11,12,30.5],"to":[12,15,30.5],"rotation":{"angle":0,"axis":"y","origin":[16,0,0]},"faces":{"north":{"uv":[8.5,10.25,8.75,11],"texture":"#0"},"east":{"uv":[0,0,0,0.75],"texture":"#0"},"south":{"uv":[8.75,10.25,8.5,11],"texture":"#0"},"west":{"uv":[0,0,0,0.75],"texture":"#0"},"up":{"uv":[0,0,0.25,0],"texture":"#0"},"down":{"uv":[0,0,0.25,0],"texture":"#0"}}},{"from":[7.5,12,30.5],"to":[8.5,15,30.5],"faces":{"north":{"uv":[8.5,10.25,8.75,11],"texture":"#0"},"east":{"uv":[0,0,0,0.75],"texture":"#0"},"south":{"uv":[8.75,10.25,8.5,11],"texture":"#0"},"west":{"uv":[0,0,0,0.75],"texture":"#0"},"up":{"uv":[0.25,0,0,0],"texture":"#0"},"down":{"uv":[0.25,0,0,0],"texture":"#0"}}},{"from":[3.5,7,25.5],"to":[4.5,10.5,30.5],"faces":{"north":{"uv":[9.5,9.25,9.75,10.125],"texture":"#0"},"east":{"uv":[8,5,9.25,5.875],"texture":"#0"},"south":{"uv":[10,9.25,9.75,10.125],"texture":"#0"},"west":{"uv":[8,6,9.25,6.875],"texture":"#0"},"up":{"uv":[8.25,10.5,8,9.25],"texture":"#0"},"down":{"uv":[8.5,9.25,8.25,10.5],"texture":"#0"}}},{"from":[11.5,7,25.5],"to":[12.5,10.5,30.5],"rotation":{"angle":0,"axis":"y","origin":[16,0,0]},"faces":{"north":{"uv":[9.75,9.25,9.5,10.125],"texture":"#0"},"east":{"uv":[9.25,6,8,6.875],"texture":"#0"},"south":{"uv":[9.75,9.25,10,10.125],"texture":"#0"},"west":{"uv":[9.25,5,8,5.875],"texture":"#0"},"up":{"uv":[8,10.5,8.25,9.25],"texture":"#0"},"down":{"uv":[8.25,9.25,8.5,10.5],"texture":"#0"}}}],"gui_light":"front","display":{"thirdperson_righthand":{"translation":[0,0.75,0],"scale":[0.24,0.24,0.24]},"thirdperson_lefthand":{"translation":[0,0.75,0],"scale":[0.24,0.24,0.24]},"firstperson_righthand":{"translation":[0,3.5,-3.5],"scale":[0.42,0.42,0.42]},"firstperson_lefthand":{"translation":[0,3.5,-3.5],"scale":[0.42,0.42,0.42]},"ground":{"translation":[0,2,-4.25],"scale":[0.5,0.5,0.5]},"gui":{"rotation":[30,225,0],"translation":[1.75,-1,0],"scale":[0.3,0.3,0.3]},"head":{"rotation":[0,-180,0],"translation":[0,-27.25,16],"scale":[2,2,2]},"fixed":{"rotation":[0,180,0]}}}