{"credit":"Made with Blockbench","texture_size":[64,64],"textures":{"0":"elitecreatures:greek_furniture_v1/greek_table_04","particle":"elitecreatures:greek_furniture_v1/greek_table_04"},"elements":[{"from":[0,14,8],"to":[32,16,24],"faces":{"north":{"uv":[4,8,12,8.5],"texture":"#0"},"east":{"uv":[8,4.5,12,5],"texture":"#0"},"south":{"uv":[12,8,4,8.5],"texture":"#0"},"west":{"uv":[12,4.5,8,5],"texture":"#0"},"up":{"uv":[8,4,0,0],"texture":"#0"},"down":{"uv":[8,4,0,8],"texture":"#0"}}},{"from":[8,6,8],"to":[24,8,24],"faces":{"north":{"uv":[8,5.5,12,6],"texture":"#0"},"east":{"uv":[8,5.5,12,6],"texture":"#0"},"south":{"uv":[8,5.5,12,6],"texture":"#0"},"west":{"uv":[8,5.5,12,6],"texture":"#0"},"up":{"uv":[4,12,0,8],"texture":"#0"},"down":{"uv":[12,0,8,4],"texture":"#0"}}},{"from":[8,4,22],"to":[12,6,24],"rotation":{"angle":0,"axis":"y","origin":[0,0,16]},"faces":{"north":{"uv":[10.5,9,9.5,9.5],"texture":"#0"},"east":{"uv":[6.5,10.5,6,11],"texture":"#0"},"south":{"uv":[6.5,9.5,5.5,10],"texture":"#0"},"west":{"uv":[7,10.5,6.5,11],"texture":"#0"},"up":{"uv":[10.5,9.5,9.5,10],"texture":"#0"},"down":{"uv":[10.5,10,9.5,9.5],"texture":"#0"}}},{"from":[0,0,22],"to":[12,2,24],"rotation":{"angle":0,"axis":"y","origin":[0,0,16]},"faces":{"north":{"uv":[7,8.5,4,9],"texture":"#0"},"east":{"uv":[10.5,8.5,10,9],"texture":"#0"},"south":{"uv":[11,7.5,8,8],"texture":"#0"},"west":{"uv":[10,10,9.5,10.5],"texture":"#0"},"up":{"uv":[11,7.5,8,8],"texture":"#0"},"down":{"uv":[7,9,4,8.5],"texture":"#0"}}},{"from":[12,0,22],"to":[14,6,24],"rotation":{"angle":0,"axis":"y","origin":[0,0,16]},"faces":{"north":{"uv":[4.5,9.5,5,11],"texture":"#0"},"east":{"uv":[5,9.5,4.5,11],"texture":"#0"},"south":{"uv":[9.5,9,9,10.5],"texture":"#0"},"west":{"uv":[4,9.5,4.5,11],"texture":"#0"},"up":{"uv":[7,9.5,6.5,10],"texture":"#0"},"down":{"uv":[7,10.5,6.5,10],"texture":"#0"}}},{"from":[0,2,22],"to":[2,14,24],"rotation":{"angle":0,"axis":"y","origin":[0,0,16]},"faces":{"north":{"uv":[8.5,9,8,12],"texture":"#0"},"east":{"uv":[8,9,8.5,12],"texture":"#0"},"south":{"uv":[7.5,9,7,12],"texture":"#0"},"west":{"uv":[7.5,9,8,12],"texture":"#0"},"up":{"uv":[10.5,10,10,10.5],"texture":"#0"},"down":{"uv":[6,11,5.5,10.5],"texture":"#0"}}},{"from":[18,0,22],"to":[20,6,24],"rotation":{"angle":0,"axis":"y","origin":[16,0,16]},"faces":{"north":{"uv":[5,9.5,4.5,11],"texture":"#0"},"east":{"uv":[4.5,9.5,4,11],"texture":"#0"},"south":{"uv":[9,9,9.5,10.5],"texture":"#0"},"west":{"uv":[4.5,9.5,5,11],"texture":"#0"},"up":{"uv":[6.5,9.5,7,10],"texture":"#0"},"down":{"uv":[6.5,10.5,7,10],"texture":"#0"}}},{"from":[20,4,22],"to":[24,6,24],"rotation":{"angle":0,"axis":"y","origin":[16,0,16]},"faces":{"north":{"uv":[9.5,9,10.5,9.5],"texture":"#0"},"east":{"uv":[6.5,10.5,7,11],"texture":"#0"},"south":{"uv":[5.5,9.5,6.5,10],"texture":"#0"},"west":{"uv":[6,10.5,6.5,11],"texture":"#0"},"up":{"uv":[9.5,9.5,10.5,10],"texture":"#0"},"down":{"uv":[9.5,10,10.5,9.5],"texture":"#0"}}},{"from":[20,0,22],"to":[32,2,24],"rotation":{"angle":0,"axis":"y","origin":[16,0,16]},"faces":{"north":{"uv":[4,8.5,7,9],"texture":"#0"},"east":{"uv":[9.5,10,10,10.5],"texture":"#0"},"south":{"uv":[8,7.5,11,8],"texture":"#0"},"west":{"uv":[10,8.5,10.5,9],"texture":"#0"},"up":{"uv":[8,7.5,11,8],"texture":"#0"},"down":{"uv":[4,9,7,8.5],"texture":"#0"}}},{"from":[30,2,22],"to":[32,14,24],"rotation":{"angle":0,"axis":"y","origin":[16,0,16]},"faces":{"north":{"uv":[8,9,8.5,12],"texture":"#0"},"east":{"uv":[8,9,7.5,12],"texture":"#0"},"south":{"uv":[7,9,7.5,12],"texture":"#0"},"west":{"uv":[8.5,9,8,12],"texture":"#0"},"up":{"uv":[10,10,10.5,10.5],"texture":"#0"},"down":{"uv":[5.5,11,6,10.5],"texture":"#0"}}},{"from":[8,4,8],"to":[12,6,10],"faces":{"north":{"uv":[5.5,9.5,6.5,10],"texture":"#0"},"east":{"uv":[6,10.5,6.5,11],"texture":"#0"},"south":{"uv":[9.5,9,10.5,9.5],"texture":"#0"},"west":{"uv":[6.5,10.5,7,11],"texture":"#0"},"up":{"uv":[10.5,10,9.5,9.5],"texture":"#0"},"down":{"uv":[10.5,9.5,9.5,10],"texture":"#0"}}},{"from":[0,0,8],"to":[12,2,10],"faces":{"north":{"uv":[8,7.5,11,8],"texture":"#0"},"east":{"uv":[10,8.5,10.5,9],"texture":"#0"},"south":{"uv":[4,8.5,7,9],"texture":"#0"},"west":{"uv":[9.5,10,10,10.5],"texture":"#0"},"up":{"uv":[11,8,8,7.5],"texture":"#0"},"down":{"uv":[7,8.5,4,9],"texture":"#0"}}},{"from":[12,0,8],"to":[14,6,10],"faces":{"north":{"uv":[9,9,9.5,10.5],"texture":"#0"},"east":{"uv":[4.5,9.5,5,11],"texture":"#0"},"south":{"uv":[5,9.5,4.5,11],"texture":"#0"},"west":{"uv":[4.5,9.5,4,11],"texture":"#0"},"up":{"uv":[7,10,6.5,9.5],"texture":"#0"},"down":{"uv":[7,10,6.5,10.5],"texture":"#0"}}},{"from":[0,2,8],"to":[2,14,10],"faces":{"north":{"uv":[7,9,7.5,12],"texture":"#0"},"east":{"uv":[8.5,9,8,12],"texture":"#0"},"south":{"uv":[8,9,8.5,12],"texture":"#0"},"west":{"uv":[8,9,7.5,12],"texture":"#0"},"up":{"uv":[10.5,10.5,10,10],"texture":"#0"},"down":{"uv":[6,10.5,5.5,11],"texture":"#0"}}},{"from":[18,0,8],"to":[20,6,10],"rotation":{"angle":0,"axis":"y","origin":[16,0,0]},"faces":{"north":{"uv":[9.5,9,9,10.5],"texture":"#0"},"east":{"uv":[4,9.5,4.5,11],"texture":"#0"},"south":{"uv":[4.5,9.5,5,11],"texture":"#0"},"west":{"uv":[5,9.5,4.5,11],"texture":"#0"},"up":{"uv":[6.5,10,7,9.5],"texture":"#0"},"down":{"uv":[6.5,10,7,10.5],"texture":"#0"}}},{"from":[20,4,8],"to":[24,6,10],"rotation":{"angle":0,"axis":"y","origin":[16,0,0]},"faces":{"north":{"uv":[6.5,9.5,5.5,10],"texture":"#0"},"east":{"uv":[7,10.5,6.5,11],"texture":"#0"},"south":{"uv":[10.5,9,9.5,9.5],"texture":"#0"},"west":{"uv":[6.5,10.5,6,11],"texture":"#0"},"up":{"uv":[9.5,10,10.5,9.5],"texture":"#0"},"down":{"uv":[9.5,9.5,10.5,10],"texture":"#0"}}},{"from":[20,0,8],"to":[32,2,10],"rotation":{"angle":0,"axis":"y","origin":[16,0,0]},"faces":{"north":{"uv":[11,7.5,8,8],"texture":"#0"},"east":{"uv":[10,10,9.5,10.5],"texture":"#0"},"south":{"uv":[7,8.5,4,9],"texture":"#0"},"west":{"uv":[10.5,8.5,10,9],"texture":"#0"},"up":{"uv":[8,8,11,7.5],"texture":"#0"},"down":{"uv":[4,8.5,7,9],"texture":"#0"}}},{"from":[30,2,8],"to":[32,14,10],"rotation":{"angle":0,"axis":"y","origin":[16,0,0]},"faces":{"north":{"uv":[7.5,9,7,12],"texture":"#0"},"east":{"uv":[7.5,9,8,12],"texture":"#0"},"south":{"uv":[8.5,9,8,12],"texture":"#0"},"west":{"uv":[8,9,8.5,12],"texture":"#0"},"up":{"uv":[10,10.5,10.5,10],"texture":"#0"},"down":{"uv":[5.5,10.5,6,11],"texture":"#0"}}}],"gui_light":"front","display":{"thirdperson_righthand":{"translation":[-10.25,3,-2.5],"scale":[0.55,0.55,0.55]},"thirdperson_lefthand":{"translation":[-1.25,3,-2.5],"scale":[0.55,0.55,0.55]},"firstperson_righthand":{"rotation":[0,-90,25],"translation":[1.13,3.2,1.13],"scale":[0.4,0.4,0.4]},"firstperson_lefthand":{"rotation":[0,-90,25],"translation":[1.13,3.2,1.13],"scale":[0.4,0.4,0.4]},"ground":{"translation":[-2.25,3,-1.75],"scale":[0.25,0.25,0.25]},"gui":{"rotation":[30,225,0],"translation":[3.5,0,0],"scale":[0.29,0.29,0.29]},"head":{"rotation":[0,180,0],"translation":[12.75,-30.5,12.75],"scale":[1.6,1.6,1.6]},"fixed":{"translation":[-4.25,0,-4],"scale":[0.5,0.5,0.5]}}}