{"credit":"Made with Blockbench","texture_size":[32,32],"textures":{"0":"elitecreatures:greek_furniture_v1/greek_lamp","particle":"elitecreatures:greek_furniture_v1/greek_lamp"},"elements":[{"from":[7.5,20.5,10.5],"to":[8.5,21,11.5],"rotation":{"angle":0,"axis":"y","origin":[13,10.5,8]},"faces":{"north":{"uv":[11.5,10.5,12,10.75],"texture":"#0"},"east":{"uv":[11.5,11,12,11.25],"texture":"#0"},"south":{"uv":[12.25,11,12.75,11.25],"texture":"#0"},"west":{"uv":[11.5,10,12,10.25],"texture":"#0"},"up":{"uv":[11.5,8,11,7.5],"rotation":90,"texture":"#0"},"down":{"uv":[11.5,8,11,8.5],"rotation":270,"texture":"#0"}}},{"from":[2,0,7.75],"to":[14,0.5,14.25],"rotation":{"angle":0,"axis":"y","origin":[13,10.5,8]},"faces":{"north":{"uv":[1,8.5,7,8.75],"texture":"#0"},"east":{"uv":[11,0,14.25,0.25],"texture":"#0"},"south":{"uv":[7,8.5,1,8.75],"texture":"#0"},"west":{"uv":[14.25,0,11,0.25],"texture":"#0"},"up":{"uv":[10.75,6,7.5,0],"rotation":90,"texture":"#0"},"down":{"uv":[10.75,6,7.5,12],"rotation":270,"texture":"#0"}}},{"from":[7.75,1,10.75],"to":[8.25,12,11.25],"rotation":{"angle":0,"axis":"y","origin":[13,10.5,8]},"faces":{"north":{"uv":[3,10,3.25,15.5],"texture":"#0"},"east":{"uv":[3,10,3.25,15.5],"texture":"#0"},"south":{"uv":[3,10,3.25,15.5],"texture":"#0"},"west":{"uv":[3,10,3.25,15.5],"texture":"#0"},"up":{"uv":[12.25,5.25,12,5],"rotation":90,"texture":"#0"},"down":{"uv":[12.25,5.5,12,5.75],"rotation":270,"texture":"#0"}}},{"from":[13.5,1,10.75],"to":[14,6,11.25],"rotation":{"angle":0,"axis":"y","origin":[13,10.5,8]},"faces":{"north":{"uv":[6,10,6.25,12.5],"texture":"#0"},"east":{"uv":[6,10,6.25,12.5],"texture":"#0"},"south":{"uv":[6,10,6.25,12.5],"texture":"#0"},"west":{"uv":[6,10,6.25,12.5],"texture":"#0"},"up":{"uv":[12.25,6.25,12,6],"rotation":90,"texture":"#0"},"down":{"uv":[12.25,6.5,12,6.75],"rotation":270,"texture":"#0"}}},{"from":[10.5,4,10.75],"to":[11,6,11.25],"rotation":{"angle":0,"axis":"y","origin":[13,10.5,8]},"faces":{"north":{"uv":[11.5,2,11.75,3],"texture":"#0"},"east":{"uv":[11.5,2,11.75,3],"texture":"#0"},"south":{"uv":[11.5,2,11.75,3],"texture":"#0"},"west":{"uv":[11.5,2,11.75,3],"texture":"#0"},"up":{"uv":[12.25,7.25,12,7],"rotation":90,"texture":"#0"},"down":{"uv":[7.75,12,7.5,12.25],"rotation":270,"texture":"#0"}}},{"from":[11,5.5,10.75],"to":[13.5,6,11.25],"rotation":{"angle":0,"axis":"y","origin":[13,10.5,8]},"faces":{"north":{"uv":[11,1.5,12.25,1.75],"texture":"#0"},"east":{"uv":[8,12,8.25,12.25],"texture":"#0"},"south":{"uv":[12.25,1.5,11,1.75],"texture":"#0"},"west":{"uv":[12,8,12.25,8.25],"texture":"#0"},"up":{"uv":[11,1.75,12.25,1.5],"rotation":180,"texture":"#0"},"down":{"uv":[12.25,1.5,11,1.75],"texture":"#0"}}},{"from":[11,4,10.75],"to":[12,4.5,11.25],"rotation":{"angle":0,"axis":"y","origin":[13,10.5,8]},"faces":{"north":{"uv":[12,2,12.5,2.25],"texture":"#0"},"east":{"uv":[8.5,12,8.75,12.25],"texture":"#0"},"south":{"uv":[12.5,2,12,2.25],"texture":"#0"},"west":{"uv":[12,8.5,12.25,8.75],"texture":"#0"},"up":{"uv":[12,2.25,12.5,2],"rotation":180,"texture":"#0"},"down":{"uv":[12.5,2,12,2.25],"texture":"#0"}}},{"from":[2,0.5,10.75],"to":[14,1,11.25],"rotation":{"angle":0,"axis":"y","origin":[13,10.5,8]},"faces":{"north":{"uv":[1,9.5,7,9.75],"texture":"#0"},"east":{"uv":[9,12,9.25,12.25],"texture":"#0"},"south":{"uv":[7,9.5,1,9.75],"texture":"#0"},"west":{"uv":[9,12,9.25,12.25],"texture":"#0"},"up":{"uv":[7.25,14,7,8],"rotation":90,"texture":"#0"},"down":{"uv":[1.25,10,1,16],"rotation":270,"texture":"#0"}}},{"from":[9.25,8.75,10.75],"to":[10.75,9.25,11.25],"rotation":{"angle":0,"axis":"y","origin":[13,10.5,8]},"faces":{"north":{"uv":[12.25,7.5,11.5,7.75],"texture":"#0"},"east":{"uv":[9.5,12,9.75,12.25],"texture":"#0"},"south":{"uv":[11.5,7.5,12.25,7.75],"texture":"#0"},"west":{"uv":[12,9.5,12.25,9.75],"texture":"#0"},"up":{"uv":[12.25,7.75,11.5,7.5],"rotation":180,"texture":"#0"},"down":{"uv":[11.5,7.5,12.25,7.75],"texture":"#0"}}},{"from":[10.75,8.75,10.75],"to":[11.25,10.75,11.25],"rotation":{"angle":0,"axis":"y","origin":[13,10.5,8]},"faces":{"north":{"uv":[11.5,6.5,11.75,7.5],"texture":"#0"},"east":{"uv":[11.5,6.5,11.75,7.5],"texture":"#0"},"south":{"uv":[11.5,6.5,11.75,7.5],"texture":"#0"},"west":{"uv":[11.5,6.5,11.75,7.5],"texture":"#0"},"up":{"uv":[10.25,12.25,10,12],"rotation":90,"texture":"#0"},"down":{"uv":[12.25,10,12,10.25],"rotation":270,"texture":"#0"}}},{"from":[8.25,10.25,10.75],"to":[10.75,10.75,11.25],"rotation":{"angle":0,"axis":"y","origin":[13,10.5,8]},"faces":{"north":{"uv":[11,4,12.25,4.25],"texture":"#0"},"east":{"uv":[10.5,12,10.75,12.25],"texture":"#0"},"south":{"uv":[12.25,4,11,4.25],"texture":"#0"},"west":{"uv":[12,10.5,12.25,10.75],"texture":"#0"},"up":{"uv":[11,4.25,12.25,4],"rotation":180,"texture":"#0"},"down":{"uv":[12.25,4,11,4.25],"texture":"#0"}}},{"from":[5.25,10.25,10.75],"to":[7.75,10.75,11.25],"rotation":{"angle":0,"axis":"y","origin":[13,10.5,8]},"faces":{"north":{"uv":[12.25,4,11,4.25],"texture":"#0"},"east":{"uv":[12.25,10.5,12,10.75],"texture":"#0"},"south":{"uv":[11,4,12.25,4.25],"texture":"#0"},"west":{"uv":[10.75,12,10.5,12.25],"texture":"#0"},"up":{"uv":[12.25,4.25,11,4],"rotation":180,"texture":"#0"},"down":{"uv":[11,4,12.25,4.25],"texture":"#0"}}},{"from":[4.75,8.75,10.75],"to":[5.25,10.75,11.25],"rotation":{"angle":0,"axis":"y","origin":[13,10.5,8]},"faces":{"north":{"uv":[11.75,6.5,11.5,7.5],"texture":"#0"},"east":{"uv":[11.75,6.5,11.5,7.5],"texture":"#0"},"south":{"uv":[11.75,6.5,11.5,7.5],"texture":"#0"},"west":{"uv":[11.75,6.5,11.5,7.5],"texture":"#0"},"up":{"uv":[10.25,12,10,12.25],"rotation":90,"texture":"#0"},"down":{"uv":[12.25,10.25,12,10],"rotation":270,"texture":"#0"}}},{"from":[5.25,8.75,10.75],"to":[6.75,9.25,11.25],"rotation":{"angle":0,"axis":"y","origin":[13,10.5,8]},"faces":{"north":{"uv":[11.5,7.5,12.25,7.75],"texture":"#0"},"east":{"uv":[12.25,9.5,12,9.75],"texture":"#0"},"south":{"uv":[12.25,7.5,11.5,7.75],"texture":"#0"},"west":{"uv":[9.75,12,9.5,12.25],"texture":"#0"},"up":{"uv":[11.5,7.75,12.25,7.5],"rotation":180,"texture":"#0"},"down":{"uv":[12.25,7.5,11.5,7.75],"texture":"#0"}}},{"from":[2,1,10.75],"to":[2.5,6,11.25],"rotation":{"angle":0,"axis":"y","origin":[13,10.5,8]},"faces":{"north":{"uv":[6.25,10,6,12.5],"texture":"#0"},"east":{"uv":[6.25,10,6,12.5],"texture":"#0"},"south":{"uv":[6.25,10,6,12.5],"texture":"#0"},"west":{"uv":[6.25,10,6,12.5],"texture":"#0"},"up":{"uv":[12.25,6,12,6.25],"rotation":90,"texture":"#0"},"down":{"uv":[12.25,6.75,12,6.5],"rotation":270,"texture":"#0"}}},{"from":[2.5,5.5,10.75],"to":[5,6,11.25],"rotation":{"angle":0,"axis":"y","origin":[13,10.5,8]},"faces":{"north":{"uv":[12.25,1.5,11,1.75],"texture":"#0"},"east":{"uv":[12.25,8,12,8.25],"texture":"#0"},"south":{"uv":[11,1.5,12.25,1.75],"texture":"#0"},"west":{"uv":[8.25,12,8,12.25],"texture":"#0"},"up":{"uv":[12.25,1.75,11,1.5],"rotation":180,"texture":"#0"},"down":{"uv":[11,1.5,12.25,1.75],"texture":"#0"}}},{"from":[5,4,10.75],"to":[5.5,6,11.25],"rotation":{"angle":0,"axis":"y","origin":[13,10.5,8]},"faces":{"north":{"uv":[11.75,2,11.5,3],"texture":"#0"},"east":{"uv":[11.75,2,11.5,3],"texture":"#0"},"south":{"uv":[11.75,2,11.5,3],"texture":"#0"},"west":{"uv":[11.75,2,11.5,3],"texture":"#0"},"up":{"uv":[12.25,7,12,7.25],"rotation":90,"texture":"#0"},"down":{"uv":[7.75,12.25,7.5,12],"rotation":270,"texture":"#0"}}},{"from":[4,4,10.75],"to":[5,4.5,11.25],"rotation":{"angle":0,"axis":"y","origin":[13,10.5,8]},"faces":{"north":{"uv":[12.5,2,12,2.25],"texture":"#0"},"east":{"uv":[12.25,8.5,12,8.75],"texture":"#0"},"south":{"uv":[12,2,12.5,2.25],"texture":"#0"},"west":{"uv":[8.75,12,8.5,12.25],"texture":"#0"},"up":{"uv":[12.5,2.25,12,2],"rotation":180,"texture":"#0"},"down":{"uv":[12,2,12.5,2.25],"texture":"#0"}}},{"from":[0.75,12,10.75],"to":[15.25,20,11.25],"rotation":{"angle":0,"axis":"y","origin":[13,10.5,8]},"faces":{"north":{"uv":[7.25,0,0,4],"texture":"#0"},"east":{"uv":[3.5,10,3.75,14],"texture":"#0"},"south":{"uv":[0,0,7.25,4],"texture":"#0"},"west":{"uv":[3.5,10,3.75,14],"texture":"#0"},"up":{"uv":[0.25,15.25,0,8],"rotation":90,"texture":"#0"},"down":{"uv":[0.75,8,0.5,15.25],"rotation":270,"texture":"#0"}}},{"from":[7.75,20,10.75],"to":[8.25,20.5,11.25],"rotation":{"angle":0,"axis":"y","origin":[13,10.5,8]},"faces":{"north":{"uv":[12,11,12.25,11.25],"texture":"#0"},"east":{"uv":[12,11,12.25,11.25],"texture":"#0"},"south":{"uv":[12,11,12.25,11.25],"texture":"#0"},"west":{"uv":[12,11,12.25,11.25],"texture":"#0"},"up":{"uv":[12.25,11.25,12,11],"rotation":90,"texture":"#0"},"down":{"uv":[12.25,11,12,11.25],"rotation":270,"texture":"#0"}}}],"gui_light":"front","display":{"thirdperson_righthand":{"translation":[0,4.75,1],"scale":[0.55,0.55,0.55]},"thirdperson_lefthand":{"translation":[0,4.75,1],"scale":[0.55,0.55,0.55]},"firstperson_righthand":{"rotation":[0,-90,25],"translation":[1.13,3.2,1.13],"scale":[0.68,0.68,0.68]},"firstperson_lefthand":{"rotation":[0,-90,25],"translation":[1.13,3.2,1.13],"scale":[0.68,0.68,0.68]},"ground":{"translation":[0,2,-1.75],"scale":[0.5,0.5,0.5]},"gui":{"rotation":[30,225,0],"translation":[0.75,-1,0],"scale":[0.41,0.41,0.41]},"head":{"rotation":[0,180,0],"translation":[0,13,7]},"fixed":{"rotation":[-90,180,0],"translation":[0,4.5,-12.25],"scale":[1.5,1.5,1.5]}}}