{"credit":"Made with Blockbench","texture_size":[64,64],"textures":{"0":"elitecreatures:greek_furniture_v1/greek_jar","particle":"elitecreatures:greek_furniture_v1/greek_jar"},"elements":[{"from":[4.5,2,8.5],"to":[11.5,4,15.5],"rotation":{"angle":0,"axis":"y","origin":[3.5,1.75,3.5]},"faces":{"north":{"uv":[6,4.75,7.75,5.25],"texture":"#0"},"east":{"uv":[5.25,7,3.5,7.5],"texture":"#0"},"south":{"uv":[7.75,4.75,6,5.25],"texture":"#0"},"west":{"uv":[3.5,7,5.25,7.5],"texture":"#0"},"up":{"uv":[6,3.75,4.25,2],"texture":"#0"},"down":{"uv":[6,3.75,4.25,5.5],"texture":"#0"}}},{"from":[4,8,8],"to":[12,9,16],"rotation":{"angle":0,"axis":"y","origin":[3.5,1.75,3.5]},"faces":{"north":{"uv":[6,5.25,8,5.5],"texture":"#0"},"east":{"uv":[9.25,3.75,7.25,4],"texture":"#0"},"south":{"uv":[8,5.25,6,5.5],"texture":"#0"},"west":{"uv":[7.25,3.75,9.25,4],"texture":"#0"},"up":{"uv":[4.25,2,2.25,0],"texture":"#0"},"down":{"uv":[4.25,2,2.25,4],"texture":"#0"}}},{"from":[5,9,9],"to":[11,10,15],"rotation":{"angle":0,"axis":"y","origin":[3.5,1.75,3.5]},"faces":{"north":{"uv":[7.5,0,9,0.25],"texture":"#0"},"east":{"uv":[9,0.75,7.5,1],"texture":"#0"},"south":{"uv":[9,0,7.5,0.25],"texture":"#0"},"west":{"uv":[7.5,0.75,9,1],"texture":"#0"},"up":{"uv":[1.5,6,0,4.5],"texture":"#0"},"down":{"uv":[5.75,5.5,4.25,7],"texture":"#0"}}},{"from":[6.5,10,10.5],"to":[9.5,11,13.5],"rotation":{"angle":0,"axis":"y","origin":[3.5,1.75,3.5]},"faces":{"north":{"uv":[3.5,6,4.25,6.25],"texture":"#0"},"east":{"uv":[4.25,6.75,3.5,7],"texture":"#0"},"south":{"uv":[4.25,6,3.5,6.25],"texture":"#0"},"west":{"uv":[3.5,6.75,4.25,7],"texture":"#0"},"up":{"uv":[2.25,5.25,1.5,4.5],"texture":"#0"},"down":{"uv":[2.25,5.25,1.5,6],"texture":"#0"}}},{"from":[3.5,5,7.5],"to":[12.5,8,16.5],"rotation":{"angle":0,"axis":"y","origin":[3.5,1.75,3.5]},"faces":{"north":{"uv":[5.75,5.5,8,6.25],"texture":"#0"},"east":{"uv":[8.25,2.75,6,3.5],"texture":"#0"},"south":{"uv":[8,5.5,5.75,6.25],"texture":"#0"},"west":{"uv":[6,2.75,8.25,3.5],"texture":"#0"},"up":{"uv":[2.25,2.25,0,0],"texture":"#0"},"down":{"uv":[2.25,2.25,0,4.5],"texture":"#0"}}},{"from":[5.5,0,9.5],"to":[10.5,2,14.5],"rotation":{"angle":0,"axis":"y","origin":[3.5,1.75,3.5]},"faces":{"north":{"uv":[7,6.25,8.25,6.75],"texture":"#0"},"east":{"uv":[2.5,7.25,1.25,7.75],"texture":"#0"},"south":{"uv":[8.25,6.25,7,6.75],"texture":"#0"},"west":{"uv":[1.25,7.25,2.5,7.75],"texture":"#0"},"up":{"uv":[3.5,7.25,2.25,6],"texture":"#0"},"down":{"uv":[7.25,3.5,6,4.75],"texture":"#0"}}},{"from":[5.5,11,9.5],"to":[10.5,12,14.5],"rotation":{"angle":0,"axis":"y","origin":[3.5,1.75,3.5]},"faces":{"north":{"uv":[7.5,1,8.75,1.25],"texture":"#0"},"east":{"uv":[6.25,7.5,5,7.75],"texture":"#0"},"south":{"uv":[8.75,1,7.5,1.25],"texture":"#0"},"west":{"uv":[5,7.5,6.25,7.75],"texture":"#0"},"up":{"uv":[7.5,1.25,6.25,0],"texture":"#0"},"down":{"uv":[7,6.25,5.75,7.5],"texture":"#0"}}},{"from":[4,4,8],"to":[12,5,16],"rotation":{"angle":0,"axis":"y","origin":[3.5,1.75,3.5]},"faces":{"north":{"uv":[7.25,4,9.25,4.25],"texture":"#0"},"east":{"uv":[9,7.25,7,7.5],"texture":"#0"},"south":{"uv":[9.25,4,7.25,4.25],"texture":"#0"},"west":{"uv":[7,7.25,9,7.5],"texture":"#0"},"up":{"uv":[4.25,6,2.25,4],"texture":"#0"},"down":{"uv":[6.25,0,4.25,2],"texture":"#0"}}},{"from":[12,8,11.5],"to":[13,9,12.5],"rotation":{"angle":0,"axis":"y","origin":[3.5,1.75,3.5]},"faces":{"north":{"uv":[1,7.75,1.25,8],"texture":"#0"},"east":{"uv":[1.25,7.75,1.5,8],"texture":"#0"},"south":{"uv":[1.25,7.75,1,8],"texture":"#0"},"west":{"uv":[1.75,7.75,2,8],"texture":"#0"},"up":{"uv":[2.25,8,2,7.75],"texture":"#0"},"down":{"uv":[2.5,7.75,2.25,8],"texture":"#0"}}},{"from":[12.5,9,11.5],"to":[13.5,11,12.5],"rotation":{"angle":0,"axis":"y","origin":[3.5,1.75,3.5]},"faces":{"north":{"uv":[1.75,6.75,2,7.25],"texture":"#0"},"east":{"uv":[2,6.75,2.25,7.25],"texture":"#0"},"south":{"uv":[2,6.75,1.75,7.25],"texture":"#0"},"west":{"uv":[5.5,7,5.75,7.5],"texture":"#0"},"up":{"uv":[0.75,8,0.5,7.75],"texture":"#0"},"down":{"uv":[1,7.75,0.75,8],"texture":"#0"}}},{"from":[11.5,11,11.5],"to":[13,12,12.5],"rotation":{"angle":0,"axis":"y","origin":[3.5,1.75,3.5]},"faces":{"north":{"uv":[2.5,7.25,2.875,7.5],"texture":"#0"},"east":{"uv":[2.5,7.75,2.75,8],"texture":"#0"},"south":{"uv":[2.875,7.25,2.5,7.5],"texture":"#0"},"west":{"uv":[2.75,7.75,3,8],"texture":"#0"},"up":{"uv":[6.625,7.75,6.25,7.5],"texture":"#0"},"down":{"uv":[7.125,7.5,6.75,7.75],"texture":"#0"}}},{"from":[10.5,10,11.5],"to":[11.5,11.5,12.5],"rotation":{"angle":0,"axis":"y","origin":[3.5,1.75,3.5]},"faces":{"north":{"uv":[7.25,7.5,7.5,7.875],"texture":"#0"},"east":{"uv":[7.5,7.5,7.75,7.875],"texture":"#0"},"south":{"uv":[7.5,7.5,7.25,7.875],"texture":"#0"},"west":{"uv":[0.25,7.75,0.5,8.125],"texture":"#0"},"up":{"uv":[3.25,8,3,7.75],"texture":"#0"},"down":{"uv":[3.5,7.75,3.25,8],"texture":"#0"}}},{"from":[3,8,11.5],"to":[4,9,12.5],"rotation":{"angle":0,"axis":"y","origin":[19.5,1.75,3.5]},"faces":{"north":{"uv":[1.25,7.75,1,8],"texture":"#0"},"east":{"uv":[2,7.75,1.75,8],"texture":"#0"},"south":{"uv":[1,7.75,1.25,8],"texture":"#0"},"west":{"uv":[1.5,7.75,1.25,8],"texture":"#0"},"up":{"uv":[2,8,2.25,7.75],"texture":"#0"},"down":{"uv":[2.25,7.75,2.5,8],"texture":"#0"}}},{"from":[2.5,9,11.5],"to":[3.5,11,12.5],"rotation":{"angle":0,"axis":"y","origin":[19.5,1.75,3.5]},"faces":{"north":{"uv":[2,6.75,1.75,7.25],"texture":"#0"},"east":{"uv":[5.75,7,5.5,7.5],"texture":"#0"},"south":{"uv":[1.75,6.75,2,7.25],"texture":"#0"},"west":{"uv":[2.25,6.75,2,7.25],"texture":"#0"},"up":{"uv":[0.5,8,0.75,7.75],"texture":"#0"},"down":{"uv":[0.75,7.75,1,8],"texture":"#0"}}},{"from":[3,11,11.5],"to":[4.5,12,12.5],"rotation":{"angle":0,"axis":"y","origin":[19.5,1.75,3.5]},"faces":{"north":{"uv":[2.875,7.25,2.5,7.5],"texture":"#0"},"east":{"uv":[3,7.75,2.75,8],"texture":"#0"},"south":{"uv":[2.5,7.25,2.875,7.5],"texture":"#0"},"west":{"uv":[2.75,7.75,2.5,8],"texture":"#0"},"up":{"uv":[6.25,7.75,6.625,7.5],"texture":"#0"},"down":{"uv":[6.75,7.5,7.125,7.75],"texture":"#0"}}},{"from":[4.5,10,11.5],"to":[5.5,11.5,12.5],"rotation":{"angle":0,"axis":"y","origin":[19.5,1.75,3.5]},"faces":{"north":{"uv":[7.5,7.5,7.25,7.875],"texture":"#0"},"east":{"uv":[0.5,7.75,0.25,8.125],"texture":"#0"},"south":{"uv":[7.25,7.5,7.5,7.875],"texture":"#0"},"west":{"uv":[7.75,7.5,7.5,7.875],"texture":"#0"},"up":{"uv":[3,8,3.25,7.75],"texture":"#0"},"down":{"uv":[3.25,7.75,3.5,8],"texture":"#0"}}}],"gui_light":"front","display":{"thirdperson_righthand":{"translation":[0,3,1],"scale":[0.55,0.55,0.55]},"thirdperson_lefthand":{"translation":[0,3,1],"scale":[0.55,0.55,0.55]},"firstperson_righthand":{"translation":[0,3,1],"scale":[0.55,0.55,0.55]},"firstperson_lefthand":{"translation":[0,3,1],"scale":[0.55,0.55,0.55]},"ground":{"translation":[0,2,-2],"scale":[0.5,0.5,0.5]},"gui":{"rotation":[30,225,0],"translation":[1.75,0,0],"scale":[0.625,0.625,0.625]},"head":{"translation":[0,3,1],"scale":[0.55,0.55,0.55]},"fixed":{"rotation":[-90,180,0],"translation":[0,6.5,-13.5],"scale":[1.6,1.6,1.6]}}}