{"credit":"Made with Blockbench","texture_size":[64,64],"textures":{"0":"elitecreatures:greek_furniture_v1/greek_pillar","particle":"elitecreatures:greek_furniture_v1/greek_pillar"},"elements":[{"from":[2,0,8],"to":[14,2,20],"faces":{"north":{"uv":[14,6.5,11,7],"texture":"#0"},"east":{"uv":[14,6.5,11,7],"texture":"#0"},"south":{"uv":[14,6.5,11,7],"texture":"#0"},"west":{"uv":[14,6.5,11,7],"texture":"#0"},"up":{"uv":[7,3,4,0],"texture":"#0"},"down":{"uv":[7,3,4,6],"texture":"#0"}}},{"from":[5,2,11],"to":[11,10,17],"faces":{"north":{"uv":[9.5,9.75,8,11.75],"texture":"#0"},"east":{"uv":[9.5,9.75,8,11.75],"texture":"#0"},"south":{"uv":[9.5,9.75,8,11.75],"texture":"#0"},"west":{"uv":[9.5,9.75,8,11.75],"texture":"#0"},"up":{"uv":[1.5,11.5,0,10],"texture":"#0"},"down":{"uv":[3,10,1.5,11.5],"texture":"#0"}}},{"from":[6,2,10],"to":[10,10,18],"faces":{"north":{"uv":[5,10.75,4,12.75],"texture":"#0"},"east":{"uv":[6,8.75,8,10.75],"texture":"#0"},"south":{"uv":[5,10.75,4,12.75],"texture":"#0"},"west":{"uv":[6,8.75,8,10.75],"texture":"#0"},"up":{"uv":[6,12.75,5,10.75],"texture":"#0"},"down":{"uv":[7,10.75,6,12.75],"texture":"#0"}}},{"from":[4,2,12],"to":[12,10,16],"faces":{"north":{"uv":[6,8.75,8,10.75],"texture":"#0"},"east":{"uv":[5,10.75,4,12.75],"texture":"#0"},"south":{"uv":[6,8.75,8,10.75],"texture":"#0"},"west":{"uv":[5,10.75,4,12.75],"texture":"#0"},"up":{"uv":[11.5,5,9.5,4],"texture":"#0"},"down":{"uv":[13,5,11,6],"texture":"#0"}}},{"from":[3,6,9],"to":[13,8,19],"faces":{"north":{"uv":[14,4,11.5,4.5],"texture":"#0"},"east":{"uv":[14,4,11.5,4.5],"texture":"#0"},"south":{"uv":[14,4,11.5,4.5],"texture":"#0"},"west":{"uv":[14,4,11.5,4.5],"texture":"#0"},"up":{"uv":[9.5,2.5,7,0],"texture":"#0"},"down":{"uv":[9.5,2.5,7,5],"texture":"#0"}}},{"from":[2.5,10,8.5],"to":[13.5,12,19.5],"faces":{"north":{"uv":[11,10.25,13.75,10.75],"texture":"#0"},"east":{"uv":[11,10.25,13.75,10.75],"texture":"#0"},"south":{"uv":[11,10.25,13.75,10.75],"texture":"#0"},"west":{"uv":[11,10.25,13.75,10.75],"texture":"#0"},"up":{"uv":[6.75,8.75,4,6],"texture":"#0"},"down":{"uv":[9.5,6,6.75,8.75],"texture":"#0"}}},{"from":[0,12,6],"to":[16,16,22],"faces":{"north":{"uv":[9.5,0,13.5,1],"texture":"#0"},"east":{"uv":[9.5,0,13.5,1],"texture":"#0"},"south":{"uv":[9.5,0,13.5,1],"texture":"#0"},"west":{"uv":[9.5,0,13.5,1],"texture":"#0"},"up":{"uv":[4,4,0,0],"texture":"#0"},"down":{"uv":[4,4,0,8],"texture":"#0"}}}],"gui_light":"front","display":{"thirdperson_righthand":{"translation":[0.25,2,1],"scale":[0.22,0.22,0.22]},"thirdperson_lefthand":{"translation":[0.25,2,1],"scale":[0.22,0.22,0.22]},"firstperson_righthand":{"rotation":[0,-90,25],"translation":[1.38,3.2,1.13],"scale":[0.36,0.36,0.36]},"firstperson_lefthand":{"rotation":[0,-90,25],"translation":[1.38,3.2,1.13],"scale":[0.36,0.36,0.36]},"ground":{"translation":[0,-1.25,-1.5],"scale":[0.25,0.25,0.25]},"gui":{"rotation":[30,225,0],"translation":[1.5,-1.25,0],"scale":[0.34,0.34,0.34]},"head":{"rotation":[0,180,0],"translation":[0,6.25,4.25],"scale":[0.72,0.72,0.72]},"fixed":{"rotation":[-90,0,0],"translation":[0,-12,-16],"scale":[2,2,2]}}}