{"credit":"Made with Blockbench","texture_size":[64,64],"textures":{"0":"elitecreatures:greek_furniture_v1/greek_table","particle":"elitecreatures:greek_furniture_v1/greek_table"},"elements":[{"from":[0,15,8],"to":[16,16,24],"faces":{"north":{"uv":[4,1.5,8,1.75],"texture":"#0"},"east":{"uv":[4,1.5,8,1.75],"texture":"#0"},"south":{"uv":[4,1.5,8,1.75],"texture":"#0"},"west":{"uv":[4,1.5,8,1.75],"texture":"#0"},"up":{"uv":[4,4,0,0],"texture":"#0"},"down":{"uv":[4,4,0,8],"texture":"#0"}}},{"from":[15,0,8],"to":[16,0.5,24],"faces":{"north":{"uv":[1,8,1.25,8.125],"texture":"#0"},"east":{"uv":[6.25,6.5,10.25,6.625],"texture":"#0"},"south":{"uv":[1.25,8,1,8.125],"texture":"#0"},"west":{"uv":[6.75,3.5,10.75,3.625],"texture":"#0"},"up":{"uv":[4.25,6,4,2],"texture":"#0"},"down":{"uv":[5,2,4.75,6],"texture":"#0"}}},{"from":[0,0,8],"to":[1,0.5,24],"faces":{"north":{"uv":[1.25,8,1,8.125],"texture":"#0"},"east":{"uv":[6.75,3.5,10.75,3.625],"texture":"#0"},"south":{"uv":[1,8,1.25,8.125],"texture":"#0"},"west":{"uv":[6.25,6.5,10.25,6.625],"texture":"#0"},"up":{"uv":[4,6,4.25,2],"texture":"#0"},"down":{"uv":[5,2,4.75,6],"texture":"#0"}}},{"from":[0,14,23],"to":[16,15,24],"faces":{"north":{"uv":[5,2.5,9,2.75],"texture":"#0"},"east":{"uv":[1,8,0.75,8.25],"texture":"#0"},"south":{"uv":[4,0.25,8,0.5],"texture":"#0"},"west":{"uv":[0.75,8,1,8.25],"texture":"#0"},"up":{"uv":[9,2.75,5,2.5],"texture":"#0"},"down":{"uv":[9,2.75,5,3],"texture":"#0"}}},{"from":[0,14,8],"to":[16,15,9],"rotation":{"angle":0,"axis":"y","origin":[0,0,16]},"faces":{"north":{"uv":[8,0.25,4,0.5],"texture":"#0"},"east":{"uv":[0.75,8,1,8.25],"texture":"#0"},"south":{"uv":[9,2.5,5,2.75],"texture":"#0"},"west":{"uv":[1,8,0.75,8.25],"texture":"#0"},"up":{"uv":[9,2.5,5,2.75],"texture":"#0"},"down":{"uv":[9,3,5,2.75],"texture":"#0"}}},{"from":[1,0,8],"to":[7,0.5,9],"rotation":{"angle":0,"axis":"y","origin":[0,0,16]},"faces":{"north":{"uv":[8.25,6,6.75,6.125],"texture":"#0"},"east":{"uv":[8.25,1.25,8,1.375],"texture":"#0"},"south":{"uv":[8.25,5.75,6.75,5.875],"texture":"#0"},"west":{"uv":[1.75,8,1.5,8.125],"texture":"#0"},"up":{"uv":[8.25,4.75,6.75,5],"texture":"#0"},"down":{"uv":[8.25,4.25,6.75,4],"texture":"#0"}}},{"from":[9,0,8],"to":[15,0.5,9],"rotation":{"angle":0,"axis":"y","origin":[16,0,16]},"faces":{"north":{"uv":[6.75,6,8.25,6.125],"texture":"#0"},"east":{"uv":[1.5,8,1.75,8.125],"texture":"#0"},"south":{"uv":[6.75,5.75,8.25,5.875],"texture":"#0"},"west":{"uv":[8,1.25,8.25,1.375],"texture":"#0"},"up":{"uv":[6.75,4.75,8.25,5],"texture":"#0"},"down":{"uv":[6.75,4.25,8.25,4],"texture":"#0"}}},{"from":[9,0.5,8],"to":[10,14,9],"rotation":{"angle":0,"axis":"y","origin":[16,0,16]},"faces":{"north":{"uv":[6.5,3,6.75,6.375],"texture":"#0"},"east":{"uv":[6,3,6.25,6.375],"texture":"#0"},"south":{"uv":[6.25,3,6.5,6.375],"texture":"#0"},"west":{"uv":[6.25,3,6,6.375],"texture":"#0"},"up":{"uv":[8,0,8.25,0.25],"texture":"#0"},"down":{"uv":[0.25,8.25,0.5,8],"texture":"#0"}}},{"from":[6,0.5,23],"to":[7,14,24],"faces":{"north":{"uv":[6.25,3,6.5,6.375],"texture":"#0"},"east":{"uv":[6.25,3,6,6.375],"texture":"#0"},"south":{"uv":[6.5,3,6.75,6.375],"texture":"#0"},"west":{"uv":[6,3,6.25,6.375],"texture":"#0"},"up":{"uv":[8.25,0.25,8,0],"texture":"#0"},"down":{"uv":[0.5,8,0.25,8.25],"texture":"#0"}}},{"from":[6,0.5,8],"to":[7,14,9],"rotation":{"angle":0,"axis":"y","origin":[0,0,16]},"faces":{"north":{"uv":[6.75,3,6.5,6.375],"texture":"#0"},"east":{"uv":[6,3,6.25,6.375],"texture":"#0"},"south":{"uv":[6.5,3,6.25,6.375],"texture":"#0"},"west":{"uv":[6.25,3,6,6.375],"texture":"#0"},"up":{"uv":[8.25,0,8,0.25],"texture":"#0"},"down":{"uv":[0.5,8.25,0.25,8],"texture":"#0"}}},{"from":[9,0.5,23],"to":[10,14,24],"rotation":{"angle":0,"axis":"y","origin":[16,0,0]},"faces":{"north":{"uv":[6.5,3,6.25,6.375],"texture":"#0"},"east":{"uv":[6.25,3,6,6.375],"texture":"#0"},"south":{"uv":[6.75,3,6.5,6.375],"texture":"#0"},"west":{"uv":[6,3,6.25,6.375],"texture":"#0"},"up":{"uv":[8,0.25,8.25,0],"texture":"#0"},"down":{"uv":[0.25,8,0.5,8.25],"texture":"#0"}}},{"from":[9,0,23],"to":[15,0.5,24],"rotation":{"angle":0,"axis":"y","origin":[16,0,0]},"faces":{"north":{"uv":[8.25,5.75,6.75,5.875],"texture":"#0"},"east":{"uv":[1.75,8,1.5,8.125],"texture":"#0"},"south":{"uv":[8.25,6,6.75,6.125],"texture":"#0"},"west":{"uv":[8.25,1.25,8,1.375],"texture":"#0"},"up":{"uv":[6.75,5,8.25,4.75],"texture":"#0"},"down":{"uv":[6.75,4,8.25,4.25],"texture":"#0"}}},{"from":[1,0,23],"to":[7,0.5,24],"faces":{"north":{"uv":[6.75,5.75,8.25,5.875],"texture":"#0"},"east":{"uv":[8,1.25,8.25,1.375],"texture":"#0"},"south":{"uv":[6.75,6,8.25,6.125],"texture":"#0"},"west":{"uv":[1.5,8,1.75,8.125],"texture":"#0"},"up":{"uv":[8.25,5,6.75,4.75],"texture":"#0"},"down":{"uv":[8.25,4,6.75,4.25],"texture":"#0"}}}],"gui_light":"front","display":{"thirdperson_righthand":{"translation":[0,1,-0.75],"scale":[0.24,0.24,0.24]},"thirdperson_lefthand":{"translation":[0,1,-0.75],"scale":[0.24,0.24,0.24]},"firstperson_righthand":{"translation":[0,1.5,0],"scale":[0.44,0.44,0.44]},"firstperson_lefthand":{"translation":[0,1.5,0],"scale":[0.44,0.44,0.44]},"ground":{"translation":[0,3,-2],"scale":[0.25,0.25,0.25]},"gui":{"rotation":[30,225,0],"translation":[2.25,-1.75,0],"scale":[0.34,0.34,0.34]},"head":{"translation":[0,-30.25,-12.75],"scale":[1.6,1.6,1.6]},"fixed":{"rotation":[0,180,0]}}}