{"credit":"Made with Blockbench","texture_size":[128,128],"textures":{"0":"elitecreatures:greek_furniture_v1/greek_cupboard","particle":"elitecreatures:greek_furniture_v1/greek_cupboard"},"elements":[{"from":[-7,14,9],"to":[23,31,24],"faces":{"north":{"uv":[3.875,6.375,7.625,8.5],"texture":"#0"},"east":{"uv":[0,8.75,1.875,10.875],"texture":"#0"},"south":{"uv":[0,6.625,3.75,8.75],"texture":"#0"},"west":{"uv":[1.875,8.75,0,10.875],"texture":"#0"},"up":{"uv":[7.5,10.375,3.75,8.5],"texture":"#0"},"down":{"uv":[11.25,8.5,7.5,10.375],"texture":"#0"}}},{"from":[-7,9.5,8],"to":[23,13,24],"faces":{"north":{"uv":[3.75,10.375,7.5,10.8125],"texture":"#0"},"east":{"uv":[0,10.875,2,11.3125],"texture":"#0"},"south":{"uv":[7.5,10.375,3.75,10.8125],"texture":"#0"},"west":{"uv":[2,10.875,0,11.3125],"texture":"#0"},"up":{"uv":[11.5,4.125,7.75,2.125],"texture":"#0"},"down":{"uv":[11.5,4.125,7.75,6.125],"texture":"#0"}}},{"from":[-7.5,13,7.5],"to":[23.5,14,24.5],"faces":{"north":{"uv":[7.75,6.125,11.625,6.25],"texture":"#0"},"east":{"uv":[1.25,11.375,3.375,11.5],"texture":"#0"},"south":{"uv":[11.625,6.125,7.75,6.25],"texture":"#0"},"west":{"uv":[3.375,11.375,1.25,11.5],"texture":"#0"},"up":{"uv":[7.75,2.125,3.875,0],"texture":"#0"},"down":{"uv":[7.75,2.125,3.875,4.25],"texture":"#0"}}},{"from":[-7.5,9,7.5],"to":[23.5,9.5,24.5],"faces":{"north":{"uv":[11.375,6.375,15.25,6.4375],"texture":"#0"},"east":{"uv":[11.375,8,13.5,8.0625],"texture":"#0"},"south":{"uv":[15.25,6.375,11.375,6.4375],"texture":"#0"},"west":{"uv":[13.5,8,11.375,8.0625],"texture":"#0"},"up":{"uv":[7.75,6.375,3.875,4.25],"texture":"#0"},"down":{"uv":[3.875,4.5,0,6.625],"texture":"#0"}}},{"from":[-7,14,8],"to":[23,31,9],"faces":{"north":{"uv":[7.625,6.375,11.375,8.5],"texture":"#0"},"east":{"uv":[5.5,11.375,5.625,13.5],"texture":"#0"},"south":{"uv":[7.75,0,11.5,2.125],"texture":"#0"},"west":{"uv":[5.625,11.375,5.5,13.5],"texture":"#0"},"up":{"uv":[7.75,11.125,4,11],"texture":"#0"},"down":{"uv":[11.5,11,7.75,11.125],"texture":"#0"}}},{"from":[-7.5,31,7],"to":[23.5,32,24.5],"faces":{"north":{"uv":[4,10.875,7.875,11],"texture":"#0"},"east":{"uv":[13.4375,10.75,11.25,10.875],"texture":"#0"},"south":{"uv":[7.875,10.875,4,11],"texture":"#0"},"west":{"uv":[11.25,10.75,13.4375,10.875],"texture":"#0"},"up":{"uv":[3.875,2.1875,0,0],"texture":"#0"},"down":{"uv":[3.875,2.25,0,4.4375],"texture":"#0"}}},{"from":[-7,30,7.5],"to":[23,31,8],"faces":{"north":{"uv":[4,11.125,7.75,11.25],"texture":"#0"},"east":{"uv":[5,11.5,5.0625,11.625],"texture":"#0"},"south":{"uv":[7.75,11.125,11.5,11.25],"texture":"#0"},"west":{"uv":[11.5,5,11.5625,5.125],"texture":"#0"},"up":{"uv":[15.125,6.6875,11.375,6.625],"texture":"#0"},"down":{"uv":[10.5,11.375,6.75,11.4375],"texture":"#0"}}},{"from":[7,15,7.5],"to":[9,28,8],"faces":{"north":{"uv":[0.75,11.375,1,13],"texture":"#0"},"east":{"uv":[1.25,11.5,1.3125,13.125],"texture":"#0"},"south":{"uv":[1,11.375,1.25,13],"texture":"#0"},"west":{"uv":[1.25,11.5,1.3125,13.125],"texture":"#0"},"up":{"uv":[11.75,3.8125,11.5,3.75],"texture":"#0"},"down":{"uv":[4.125,11.5,3.875,11.5625],"texture":"#0"}}},{"from":[-7,14,7.5],"to":[23,15,8],"faces":{"north":{"uv":[4,11.25,7.75,11.375],"texture":"#0"},"east":{"uv":[5.125,11.5,5.1875,11.625],"texture":"#0"},"south":{"uv":[7.75,11.25,11.5,11.375],"texture":"#0"},"west":{"uv":[5.125,11.5,5.1875,11.625],"texture":"#0"},"up":{"uv":[15.125,6.8125,11.375,6.75],"texture":"#0"},"down":{"uv":[15.125,6.875,11.375,6.9375],"texture":"#0"}}},{"from":[-5,28,7.5],"to":[21,29,8],"faces":{"north":{"uv":[11.25,10.375,14.5,10.5],"texture":"#0"},"east":{"uv":[5.25,11.5,5.3125,11.625],"texture":"#0"},"south":{"uv":[11.25,10.5,14.5,10.625],"texture":"#0"},"west":{"uv":[11.5,5.25,11.5625,5.375],"texture":"#0"},"up":{"uv":[14.625,7.0625,11.375,7],"texture":"#0"},"down":{"uv":[14.625,7.125,11.375,7.1875],"texture":"#0"}}},{"from":[21,15,7.5],"to":[23,30,8],"faces":{"north":{"uv":[11.25,8.5,11.5,10.375],"texture":"#0"},"east":{"uv":[3.75,6.625,3.8125,8.5],"texture":"#0"},"south":{"uv":[0,11.375,0.25,13.25],"texture":"#0"},"west":{"uv":[11.25,11.375,11.3125,13.25],"texture":"#0"},"up":{"uv":[11.75,3.9375,11.5,3.875],"texture":"#0"},"down":{"uv":[11.75,4,11.5,4.0625],"texture":"#0"}}},{"from":[-7,15,7.5],"to":[-5,30,8],"rotation":{"angle":0,"axis":"y","origin":[16,0,0]},"faces":{"north":{"uv":[11.5,8.5,11.25,10.375],"texture":"#0"},"east":{"uv":[11.3125,11.375,11.25,13.25],"texture":"#0"},"south":{"uv":[0.25,11.375,0,13.25],"texture":"#0"},"west":{"uv":[3.8125,6.625,3.75,8.5],"texture":"#0"},"up":{"uv":[11.5,3.9375,11.75,3.875],"texture":"#0"},"down":{"uv":[11.5,4,11.75,4.0625],"texture":"#0"}}},{"from":[10,20,7.5],"to":[12,23,8],"faces":{"north":{"uv":[1.5,11.5,1.75,11.875],"texture":"#0"},"east":{"uv":[11.5,3.375,11.5625,3.75],"texture":"#0"},"south":{"uv":[1.75,11.5,2,11.875],"texture":"#0"},"west":{"uv":[11.5,3.375,11.5625,3.75],"texture":"#0"},"up":{"uv":[11.75,4.3125,11.5,4.25],"texture":"#0"},"down":{"uv":[11.75,4.25,11.5,4.3125],"texture":"#0"}}},{"from":[4,20,7.5],"to":[6,23,8],"rotation":{"angle":0,"axis":"y","origin":[16,0,0]},"faces":{"north":{"uv":[1.75,11.5,1.5,11.875],"texture":"#0"},"east":{"uv":[11.5625,3.375,11.5,3.75],"texture":"#0"},"south":{"uv":[2,11.5,1.75,11.875],"texture":"#0"},"west":{"uv":[11.5625,3.375,11.5,3.75],"texture":"#0"},"up":{"uv":[11.5,4.3125,11.75,4.25],"texture":"#0"},"down":{"uv":[11.5,4.25,11.75,4.3125],"texture":"#0"}}},{"from":[-6.5,0,19.5],"to":[-2.5,1,23.5],"faces":{"north":{"uv":[12,2.25,11.5,2.375],"texture":"#0"},"east":{"uv":[11.5,2.25,12,2.375],"texture":"#0"},"south":{"uv":[12,2.25,11.5,2.375],"texture":"#0"},"west":{"uv":[11.5,2.25,12,2.375],"texture":"#0"},"up":{"uv":[6.25,11.875,5.75,11.375],"texture":"#0"},"down":{"uv":[6.25,11.375,5.75,11.875],"texture":"#0"}}},{"from":[-5.5,1,20.5],"to":[-3.5,7,22.5],"faces":{"north":{"uv":[10.75,11.375,10.5,12.125],"texture":"#0"},"east":{"uv":[10.5,11.375,10.75,12.125],"texture":"#0"},"south":{"uv":[11.25,11.375,11,12.125],"texture":"#0"},"west":{"uv":[11,11.375,11.25,12.125],"texture":"#0"},"up":{"uv":[11.75,2.625,11.5,2.375],"texture":"#0"},"down":{"uv":[11.75,2.625,11.5,2.875],"texture":"#0"}}},{"from":[-5.5,8,20.5],"to":[-3.5,9,22.5],"faces":{"north":{"uv":[3,11.5,3.25,11.625],"texture":"#0"},"east":{"uv":[11.5,3.125,11.75,3.25],"texture":"#0"},"south":{"uv":[3.25,11.5,3.5,11.625],"texture":"#0"},"west":{"uv":[11.5,3.25,11.75,3.375],"texture":"#0"},"up":{"uv":[3,11.75,2.75,11.5],"texture":"#0"},"down":{"uv":[11.75,2.875,11.5,3.125],"texture":"#0"}}},{"from":[-5,7,21],"to":[-4,8,22],"faces":{"north":{"uv":[11.5,4.75,11.625,4.875],"texture":"#0"},"east":{"uv":[11.5,4.75,11.625,4.875],"texture":"#0"},"south":{"uv":[11.5,4.75,11.625,4.875],"texture":"#0"},"west":{"uv":[11.5,4.75,11.625,4.875],"texture":"#0"},"up":{"uv":[7.25,9.375,7.125,9.25],"texture":"#0"},"down":{"uv":[11.625,4.75,11.5,4.875],"texture":"#0"}}},{"from":[19.5,8,20.5],"to":[21.5,9,22.5],"rotation":{"angle":0,"axis":"y","origin":[16,0,0]},"faces":{"north":{"uv":[3.25,11.5,3,11.625],"texture":"#0"},"east":{"uv":[11.75,3.25,11.5,3.375],"texture":"#0"},"south":{"uv":[3.5,11.5,3.25,11.625],"texture":"#0"},"west":{"uv":[11.75,3.125,11.5,3.25],"texture":"#0"},"up":{"uv":[2.75,11.75,3,11.5],"texture":"#0"},"down":{"uv":[11.5,2.875,11.75,3.125],"texture":"#0"}}},{"from":[20,7,21],"to":[21,8,22],"rotation":{"angle":0,"axis":"y","origin":[16,0,0]},"faces":{"north":{"uv":[11.625,4.75,11.5,4.875],"texture":"#0"},"east":{"uv":[11.625,4.75,11.5,4.875],"texture":"#0"},"south":{"uv":[11.625,4.75,11.5,4.875],"texture":"#0"},"west":{"uv":[11.625,4.75,11.5,4.875],"texture":"#0"},"up":{"uv":[7.125,9.375,7.25,9.25],"texture":"#0"},"down":{"uv":[11.5,4.75,11.625,4.875],"texture":"#0"}}},{"from":[19.5,1,20.5],"to":[21.5,7,22.5],"rotation":{"angle":0,"axis":"y","origin":[16,0,0]},"faces":{"north":{"uv":[10.5,11.375,10.75,12.125],"texture":"#0"},"east":{"uv":[11.25,11.375,11,12.125],"texture":"#0"},"south":{"uv":[11,11.375,11.25,12.125],"texture":"#0"},"west":{"uv":[10.75,11.375,10.5,12.125],"texture":"#0"},"up":{"uv":[11.5,2.625,11.75,2.375],"texture":"#0"},"down":{"uv":[11.5,2.625,11.75,2.875],"texture":"#0"}}},{"from":[18.5,0,19.5],"to":[22.5,1,23.5],"rotation":{"angle":0,"axis":"y","origin":[16,0,0]},"faces":{"north":{"uv":[11.5,2.25,12,2.375],"texture":"#0"},"east":{"uv":[12,2.25,11.5,2.375],"texture":"#0"},"south":{"uv":[11.5,2.25,12,2.375],"texture":"#0"},"west":{"uv":[12,2.25,11.5,2.375],"texture":"#0"},"up":{"uv":[5.75,11.875,6.25,11.375],"texture":"#0"},"down":{"uv":[5.75,11.375,6.25,11.875],"texture":"#0"}}},{"from":[-5.5,8,9.5],"to":[-3.5,9,11.5],"rotation":{"angle":0,"axis":"y","origin":[0,0,16]},"faces":{"north":{"uv":[3.5,11.5,3.25,11.625],"texture":"#0"},"east":{"uv":[11.75,3.125,11.5,3.25],"texture":"#0"},"south":{"uv":[3.25,11.5,3,11.625],"texture":"#0"},"west":{"uv":[11.75,3.25,11.5,3.375],"texture":"#0"},"up":{"uv":[3,11.5,2.75,11.75],"texture":"#0"},"down":{"uv":[11.75,3.125,11.5,2.875],"texture":"#0"}}},{"from":[-5,7,10],"to":[-4,8,11],"rotation":{"angle":0,"axis":"y","origin":[0,0,16]},"faces":{"north":{"uv":[11.625,4.75,11.5,4.875],"texture":"#0"},"east":{"uv":[11.625,4.75,11.5,4.875],"texture":"#0"},"south":{"uv":[11.625,4.75,11.5,4.875],"texture":"#0"},"west":{"uv":[11.625,4.75,11.5,4.875],"texture":"#0"},"up":{"uv":[7.25,9.25,7.125,9.375],"texture":"#0"},"down":{"uv":[11.625,4.875,11.5,4.75],"texture":"#0"}}},{"from":[-5.5,1,9.5],"to":[-3.5,7,11.5],"rotation":{"angle":0,"axis":"y","origin":[0,0,16]},"faces":{"north":{"uv":[11,11.375,11.25,12.125],"texture":"#0"},"east":{"uv":[10.75,11.375,10.5,12.125],"texture":"#0"},"south":{"uv":[10.5,11.375,10.75,12.125],"texture":"#0"},"west":{"uv":[11.25,11.375,11,12.125],"texture":"#0"},"up":{"uv":[11.75,2.375,11.5,2.625],"texture":"#0"},"down":{"uv":[11.75,2.875,11.5,2.625],"texture":"#0"}}},{"from":[-6.5,0,8.5],"to":[-2.5,1,12.5],"rotation":{"angle":0,"axis":"y","origin":[0,0,16]},"faces":{"north":{"uv":[11.5,2.25,12,2.375],"texture":"#0"},"east":{"uv":[12,2.25,11.5,2.375],"texture":"#0"},"south":{"uv":[11.5,2.25,12,2.375],"texture":"#0"},"west":{"uv":[12,2.25,11.5,2.375],"texture":"#0"},"up":{"uv":[6.25,11.375,5.75,11.875],"texture":"#0"},"down":{"uv":[6.25,11.875,5.75,11.375],"texture":"#0"}}},{"from":[18.5,0,8.5],"to":[22.5,1,12.5],"rotation":{"angle":0,"axis":"y","origin":[16,0,16]},"faces":{"north":{"uv":[12,2.25,11.5,2.375],"texture":"#0"},"east":{"uv":[11.5,2.25,12,2.375],"texture":"#0"},"south":{"uv":[12,2.25,11.5,2.375],"texture":"#0"},"west":{"uv":[11.5,2.25,12,2.375],"texture":"#0"},"up":{"uv":[5.75,11.375,6.25,11.875],"texture":"#0"},"down":{"uv":[5.75,11.875,6.25,11.375],"texture":"#0"}}},{"from":[19.5,1,9.5],"to":[21.5,7,11.5],"rotation":{"angle":0,"axis":"y","origin":[16,0,16]},"faces":{"north":{"uv":[11.25,11.375,11,12.125],"texture":"#0"},"east":{"uv":[11,11.375,11.25,12.125],"texture":"#0"},"south":{"uv":[10.75,11.375,10.5,12.125],"texture":"#0"},"west":{"uv":[10.5,11.375,10.75,12.125],"texture":"#0"},"up":{"uv":[11.5,2.375,11.75,2.625],"texture":"#0"},"down":{"uv":[11.5,2.875,11.75,2.625],"texture":"#0"}}},{"from":[20,7,10],"to":[21,8,11],"rotation":{"angle":0,"axis":"y","origin":[16,0,16]},"faces":{"north":{"uv":[11.5,4.75,11.625,4.875],"texture":"#0"},"east":{"uv":[11.5,4.75,11.625,4.875],"texture":"#0"},"south":{"uv":[11.5,4.75,11.625,4.875],"texture":"#0"},"west":{"uv":[11.5,4.75,11.625,4.875],"texture":"#0"},"up":{"uv":[7.125,9.25,7.25,9.375],"texture":"#0"},"down":{"uv":[11.5,4.875,11.625,4.75],"texture":"#0"}}},{"from":[19.5,8,9.5],"to":[21.5,9,11.5],"rotation":{"angle":0,"axis":"y","origin":[16,0,16]},"faces":{"north":{"uv":[3.25,11.5,3.5,11.625],"texture":"#0"},"east":{"uv":[11.5,3.25,11.75,3.375],"texture":"#0"},"south":{"uv":[3,11.5,3.25,11.625],"texture":"#0"},"west":{"uv":[11.5,3.125,11.75,3.25],"texture":"#0"},"up":{"uv":[2.75,11.5,3,11.75],"texture":"#0"},"down":{"uv":[11.5,3.125,11.75,2.875],"texture":"#0"}}}],"gui_light":"front","display":{"thirdperson_righthand":{"scale":[0.17,0.17,0.17]},"thirdperson_lefthand":{"scale":[0.17,0.17,0.17]},"firstperson_righthand":{"rotation":[0,-180,0],"translation":[2,-0.5,0],"scale":[0.55,0.55,0.55]},"firstperson_lefthand":{"rotation":[0,-180,0],"translation":[2,-0.5,0],"scale":[0.55,0.55,0.55]},"ground":{"translation":[0,3,-1.5],"scale":[0.25,0.25,0.25]},"gui":{"rotation":[30,225,0],"translation":[1.5,-2.75,0],"scale":[0.24,0.24,0.24]},"head":{"rotation":[0,-180,0],"translation":[0.25,-31.25,12],"scale":[1.5,1.5,1.5]},"fixed":{"translation":[0,-8.25,-2.75]}}}