{"credit":"Made with Blockbench","texture_size":[32,32],"textures":{"0":"lunar_studios:rayhm/demon_slayer_v1/hashira_muichiro_katana","particle":"lunar_studios:rayhm/demon_slayer_v1/hashira_muichiro_katana"},"elements":[{"from":[8,-11,8],"to":[10,2,11],"rotation":{"angle":0,"axis":"y","origin":[0,3,0]},"faces":{"north":{"uv":[3,6.5,4,13],"texture":"#0"},"east":{"uv":[3,0,4.5,6.5],"texture":"#0"},"south":{"uv":[3,6.5,4,13],"texture":"#0"},"west":{"uv":[4.5,0,3,6.5],"texture":"#0"},"down":{"uv":[6,6.5,5,8],"texture":"#0"}}},{"from":[9,2,8],"to":[9.001,32,11],"rotation":{"angle":0,"axis":"y","origin":[9.0005,17.5,9.5]},"faces":{"east":{"uv":[0,0,1.5,15],"texture":"#0"},"west":{"uv":[1.5,0,0,15],"texture":"#0"}}},{"from":[5.5,2,4.5],"to":[12.5,2,14.5],"rotation":{"angle":0,"axis":"y","origin":[9.5,2,8.5]},"faces":{"up":{"uv":[9.5,5,6,0],"texture":"#0"},"down":{"uv":[9.5,0,6,5],"texture":"#0"}}},{"from":[8.8,2,8],"to":[9.101,32,11],"rotation":{"angle":0,"axis":"y","origin":[9.0005,17.5,9.5]},"faces":{"east":{"uv":[10,0,11.5,15],"texture":"#0"},"west":{"uv":[11.5,0,10,15],"texture":"#0"}}},{"from":[8.5,2,8],"to":[9.5,4,11],"rotation":{"angle":0,"axis":"y","origin":[9,2.5,9]},"faces":{"north":{"uv":[0,14,0.5,15],"texture":"#0"},"east":{"uv":[0,14,1.5,15],"texture":"#0"},"south":{"uv":[0,14,0.5,15],"texture":"#0"},"west":{"uv":[1.5,14,0,15],"texture":"#0"},"up":{"uv":[9,8,8.5,6.5],"texture":"#0"},"down":{"uv":[0,0,0,0],"texture":"#0"}}}],"display":{"thirdperson_righthand":{"translation":[-1,4.25,0.25],"scale":[0.6,0.6,0.6]},"thirdperson_lefthand":{"rotation":[-180,0,0],"translation":[0.25,-8,2],"scale":[0.6,0.6,0.6]},"firstperson_righthand":{"rotation":[-17,0,0],"translation":[0,4.25,0.25],"scale":[0.6,0.6,0.6]},"firstperson_lefthand":{"rotation":[131,0,0],"translation":[0,0.5,6],"scale":[0.6,0.6,0.6]},"ground":{"rotation":[-41,0,0],"translation":[0,4.5,0],"scale":[0.38,0.38,0.38]},"gui":{"rotation":[-66,-52,-90],"scale":[0.38,0.38,0.38]},"fixed":{"rotation":[0,90,0],"translation":[0,-10.25,0],"scale":[1.6,1.6,1.6]}}}