{"credit":"HelloWorld Team","texture_size":[128,128],"textures":{"0":"skills_kitetsu:horz_slash/horz_slash_5","particle":"skills_kitetsu:horz_slash/horz_slash_5"},"elements":[{"from":[-16,8,-16],"to":[32,8,32],"rotation":{"angle":0,"axis":"y","origin":[8,8,8]},"faces":{"north":{"uv":[0,0,16,16],"texture":"#0"},"east":{"uv":[0,0,16,16],"texture":"#0"},"south":{"uv":[0,0,16,16],"texture":"#0"},"west":{"uv":[0,0,16,16],"texture":"#0"},"up":{"uv":[0,0,16,16],"texture":"#0"},"down":{"uv":[0,16,16,0],"texture":"#0"}}}],"gui_light":"front","display":{"thirdperson_righthand":{"rotation":[-90,-90,-180],"translation":[-6,-2,0],"scale":[2,2,2]},"thirdperson_lefthand":{"rotation":[-90,0,-1],"translation":[-6,-2,0],"scale":[2,2,2]},"firstperson_righthand":{"rotation":[0,0,54.5],"translation":[0,5.25,0],"scale":[0.18008,0.18008,0.18008]},"firstperson_lefthand":{"rotation":[0,0,54.5],"translation":[0,5.25,0],"scale":[0.18008,0.18008,0.18008]},"ground":{"scale":[0.60547,0.60547,0.60547]},"gui":{"rotation":[90,0,0],"translation":[0,0,-1],"scale":[0.26,0.26,0.26]},"head":{"rotation":[-90,-90,-90],"translation":[0,-17.5,56.25],"scale":[3,3,3]},"fixed":{"rotation":[90,0,0],"translation":[0,0,-1],"scale":[0.41,0.41,0.41]}}}