{"textures":{"0":"modelengine:entity/f3267d94f5a35281","1":"modelengine:entity/hana_horn","2":"modelengine:entity/stone_sword","3":"modelengine:entity/oak_planks"},"elements":[{"name":"jacket","from":[5.45,6.05,6.6499996],"to":[10.55,9.950001,9.35],"rotation":{"angle":0.0,"axis":"x","origin":[8.0,-1.0000005,8.0]},"faces":{"down":{"uv":[9.0,9.5,7.0,10.5],"rotation":0,"texture":"#0","tintindex":0},"east":{"uv":[4.0,10.5,5.0,12.0],"rotation":0,"texture":"#0","tintindex":0},"north":{"uv":[5.0,10.5,7.0,12.0],"rotation":0,"texture":"#0","tintindex":0},"south":{"uv":[8.0,10.5,10.0,12.0],"rotation":0,"texture":"#0","tintindex":0},"up":{"uv":[7.0,10.5,5.0,9.5],"rotation":0,"texture":"#0","tintindex":0},"west":{"uv":[7.0,10.5,8.0,12.0],"rotation":0,"texture":"#0","tintindex":0}}},{"name":"body","from":[5.6,6.2,6.8],"to":[10.4,9.8,9.2],"rotation":{"angle":0.0,"axis":"x","origin":[8.0,-1.0000005,8.0]},"faces":{"down":{"uv":[9.0,5.5,7.0,6.5],"rotation":0,"texture":"#0","tintindex":0},"east":{"uv":[4.0,6.5,5.0,8.0],"rotation":0,"texture":"#0","tintindex":0},"north":{"uv":[5.0,6.5,7.0,8.0],"rotation":0,"texture":"#0","tintindex":0},"south":{"uv":[8.0,6.5,10.0,8.0],"rotation":0,"texture":"#0","tintindex":0},"up":{"uv":[7.0,6.5,5.0,5.5],"rotation":0,"texture":"#0","tintindex":0},"west":{"uv":[7.0,6.5,8.0,8.0],"rotation":0,"texture":"#0","tintindex":0}}}],"display":{"head":{"translation":[0.0,-6.4,0.0],"rotation":[0.0,0.0,0.0],"scale":[3.8095,3.8095,3.8095]}}}