{"textures":{"0":"modelengine:entity/f3267d94f5a35281","1":"modelengine:entity/hana_horn","2":"modelengine:entity/stone_sword","3":"modelengine:entity/oak_planks"},"elements":[{"name":"right_arm","from":[6.2,4.3999996,5.6],"to":[8.0,8.0,8.0],"rotation":{"angle":0.0,"axis":"x","origin":[3.7999997,-2.8000002,6.8]},"faces":{"down":{"uv":[12.5,5.5,11.75,6.5],"rotation":0,"texture":"#0","tintindex":0},"east":{"uv":[10.0,6.5,11.0,8.0],"rotation":0,"texture":"#0","tintindex":0},"north":{"uv":[11.0,6.5,11.75,8.0],"rotation":0,"texture":"#0","tintindex":0},"south":{"uv":[12.75,6.5,13.5,8.0],"rotation":0,"texture":"#0","tintindex":0},"up":{"uv":[11.75,6.5,11.0,5.5],"rotation":0,"texture":"#0","tintindex":0},"west":{"uv":[11.75,6.5,12.75,8.0],"rotation":0,"texture":"#0","tintindex":0}}},{"name":"right_sleve","from":[6.05,4.25,5.45],"to":[8.15,8.15,8.15],"rotation":{"angle":0.0,"axis":"x","origin":[3.7999997,-2.8000002,6.8]},"faces":{"down":{"uv":[9.75,9.25,9.0,10.25],"rotation":0,"texture":"#0","tintindex":0},"east":{"uv":[10.0,10.25,11.0,11.75],"rotation":0,"texture":"#0","tintindex":0},"north":{"uv":[11.0,10.25,11.75,11.75],"rotation":0,"texture":"#0","tintindex":0},"south":{"uv":[12.75,10.25,13.5,11.75],"rotation":0,"texture":"#0","tintindex":0},"up":{"uv":[9.0,10.25,8.25,9.25],"rotation":0,"texture":"#0","tintindex":0},"west":{"uv":[11.75,10.25,12.75,11.75],"rotation":0,"texture":"#0","tintindex":0}}}],"display":{"head":{"translation":[0.0,-6.4,0.0],"rotation":[0.0,0.0,0.0],"scale":[3.8095,3.8095,3.8095]}}}