{"textures":{"0":"modelengine:entity/f3267d94f5a35281","1":"modelengine:entity/hana_horn","2":"modelengine:entity/stone_sword","3":"modelengine:entity/oak_planks"},"elements":[{"name":"right_leg","from":[6.8,4.3999996,6.8],"to":[9.2,8.0,9.2],"rotation":{"angle":0.0,"axis":"x","origin":[6.8,0.7999997,8.0]},"faces":{"down":{"uv":[3.0,4.0,2.0,5.0],"rotation":0,"texture":"#0","tintindex":0},"east":{"uv":[0.0,5.0,1.0,6.5],"rotation":0,"texture":"#0","tintindex":0},"north":{"uv":[1.0,5.0,2.0,6.5],"rotation":0,"texture":"#0","tintindex":0},"south":{"uv":[3.0,5.0,4.0,6.5],"rotation":0,"texture":"#0","tintindex":0},"up":{"uv":[2.0,5.0,1.0,4.0],"rotation":0,"texture":"#0","tintindex":0},"west":{"uv":[2.0,5.0,3.0,6.5],"rotation":0,"texture":"#0","tintindex":0}}},{"name":"right_pants","from":[6.6499996,3.6499999,6.6499996],"to":[9.35,8.15,9.35],"rotation":{"angle":0.0,"axis":"x","origin":[6.8,0.7999997,8.0]},"faces":{"down":{"uv":[3.0,8.0,2.0,9.0],"rotation":0,"texture":"#0","tintindex":0},"east":{"uv":[0.0,9.0,1.0,10.75],"rotation":0,"texture":"#0","tintindex":0},"north":{"uv":[1.0,9.0,2.0,10.75],"rotation":0,"texture":"#0","tintindex":0},"south":{"uv":[3.0,9.0,4.0,10.75],"rotation":0,"texture":"#0","tintindex":0},"up":{"uv":[2.0,9.0,1.0,8.0],"rotation":0,"texture":"#0","tintindex":0},"west":{"uv":[2.0,9.0,3.0,10.75],"rotation":0,"texture":"#0","tintindex":0}}}],"display":{"head":{"translation":[0.0,-6.4,0.0],"rotation":[0.0,0.0,0.0],"scale":[3.8095,3.8095,3.8095]}}}