{"textures":{"0":"modelengine:entity/ant_egg"},"elements":[{"name":"cube","from":[4.1,7.1,4.1],"to":[11.900001,17.3,11.900001],"rotation":{"angle":0.0,"axis":"x","origin":[4.7,7.1,4.7]},"faces":{"down":{"uv":[9.75,3.25,6.5,6.5],"rotation":0,"texture":"#0","tintindex":0},"east":{"uv":[3.25,0.0,6.5,4.25],"rotation":0,"texture":"#0","tintindex":0},"north":{"uv":[0.0,0.0,3.25,4.25],"rotation":0,"texture":"#0","tintindex":0},"south":{"uv":[0.0,4.25,3.25,8.5],"rotation":0,"texture":"#0","tintindex":0},"up":{"uv":[9.75,3.25,6.5,0.0],"rotation":0,"texture":"#0","tintindex":0},"west":{"uv":[3.25,4.25,6.5,8.5],"rotation":0,"texture":"#0","tintindex":0}}},{"name":"cube","from":[4.7,7.7,4.7],"to":[11.3,16.7,11.3],"rotation":{"angle":0.0,"axis":"x","origin":[5.3,7.1,5.3]},"faces":{"down":{"uv":[12.5,2.75,9.75,5.5],"rotation":0,"texture":"#0","tintindex":0},"east":{"uv":[0.0,9.0,2.75,12.75],"rotation":0,"texture":"#0","tintindex":0},"north":{"uv":[6.5,6.5,9.25,10.25],"rotation":0,"texture":"#0","tintindex":0},"south":{"uv":[9.25,6.5,6.5,10.25],"rotation":0,"texture":"#0","tintindex":0},"up":{"uv":[12.5,2.75,9.75,0.0],"rotation":0,"texture":"#0","tintindex":0},"west":{"uv":[9.25,6.5,12.0,10.25],"rotation":0,"texture":"#0","tintindex":0}}}],"display":{"head":{"translation":[0.0,-6.4,0.0],"rotation":[0.0,0.0,0.0],"scale":[3.8095,3.8095,3.8095]}}}