{"credit":"Made by Elo106","texture_size":[32,32],"textures":{"1":"voxelspawns_lantern:item/vs_moth","2":"voxelspawns_lantern:item/vs_lantern_staff","3":"voxelspawns_lantern:item/vs_lantern_axe","particle":"voxelspawns_lantern:item/vs_lantern_staff"},"elements":[{"from":[7,2,7],"to":[9,20,9],"rotation":{"angle":0,"axis":"y","origin":[8,9.5,8]},"faces":{"north":{"uv":[0,4.5,0.5,0],"texture":"#2"},"east":{"uv":[0.5,4.5,1,0],"texture":"#2"},"south":{"uv":[1,4.5,1.5,0],"texture":"#2"},"west":{"uv":[1.5,4.5,2,0],"texture":"#2"},"up":{"uv":[8.5,0.5,8,0],"texture":"#2"},"down":{"uv":[4,5,3.5,5.5],"texture":"#2"}}},{"from":[7,-5.50159,7.4976],"to":[8.998,2.49641,9.4956],"rotation":{"angle":-22.5,"axis":"x","origin":[7.999,0.99741,8.4966]},"faces":{"north":{"uv":[6,4.25,6.5,2.25],"texture":"#2"},"east":{"uv":[3,8,3.5,6],"texture":"#2"},"south":{"uv":[6.5,4.25,7,2.25],"texture":"#2"},"west":{"uv":[3.5,8.5,4,6.5],"texture":"#2"},"up":{"uv":[5.5,8.5,5,8],"texture":"#2"},"down":{"uv":[3.5,8,3,8.5],"texture":"#2"}}},{"from":[6.999,-6.5375,4.29375],"to":[8.999,-1.5375,9.29375],"rotation":{"angle":-22.5,"axis":"x","origin":[7.999,-4.0375,6.79375]},"faces":{"north":{"uv":[2,8.5,2.5,7.25],"texture":"#2"},"east":{"uv":[2,1.25,3.25,0],"texture":"#2"},"south":{"uv":[2.5,8.5,3,7.25],"texture":"#2"},"west":{"uv":[2,2.5,3.25,1.25],"texture":"#2"},"up":{"uv":[8,2.5,7.5,1.25],"texture":"#2"},"down":{"uv":[8,0,7.5,1.25],"texture":"#2"}}},{"from":[7.001,18.26877,4.81902],"to":[8.999,22.26677,6.81702],"rotation":{"angle":-45,"axis":"x","origin":[8,21.76777,5.81802]},"faces":{"north":{"uv":[0.5,8.75,0,7.75],"texture":"#2"},"east":{"uv":[8,8.5,7.5,7.5],"texture":"#2"},"south":{"uv":[7.5,8.5,7,7.5],"texture":"#2"},"west":{"uv":[1,8.75,0.5,7.75],"texture":"#2"},"up":{"uv":[8.5,8,8,8.5],"texture":"#2"},"down":{"uv":[8.5,8,8,7.5],"texture":"#2"}}},{"from":[8.39105,3.43934,6.60691],"to":[10.39105,4.43934,7.60691],"rotation":{"angle":22.5,"axis":"y","origin":[9.39105,3.93934,7.10691]},"faces":{"north":{"uv":[7.75,5.25,8.25,5],"texture":"#2"},"east":{"uv":[3.25,2.5,3.5,2.25],"texture":"#2"},"south":{"uv":[8.25,6.25,8.75,6],"texture":"#2"},"west":{"uv":[4,5.25,4.25,5],"texture":"#2"},"up":{"uv":[8.75,6.5,8.25,6.25],"texture":"#2"},"down":{"uv":[6.75,8.25,6.25,8.5],"texture":"#2"}}},{"from":[7.002,21.14771,4.10921],"to":[8.998,25.14371,6.10521],"rotation":{"angle":22.5,"axis":"x","origin":[8,19.64571,5.10721]},"faces":{"north":{"uv":[8.25,4.25,7.75,3.25],"texture":"#2"},"east":{"uv":[2,8.75,1.5,7.75],"texture":"#2"},"south":{"uv":[1.5,8.75,1,7.75],"texture":"#2"},"west":{"uv":[4.5,8.75,4,7.75],"texture":"#2"},"up":{"uv":[8.75,3,8.25,3.5],"texture":"#2"},"down":{"uv":[8.75,3,8.25,2.5],"texture":"#2"}}},{"from":[6.499,-3.26377,1.64257],"to":[9.499,-3.26377,8.64257],"rotation":{"angle":22.5,"axis":"x","origin":[7.999,-3.18451,7.52735]},"faces":{"north":{"uv":[0,0,0.75,0],"texture":"#2"},"east":{"uv":[0,0,1.75,0],"texture":"#2"},"south":{"uv":[0,0,0.75,0],"texture":"#2"},"west":{"uv":[0,0,1.75,0],"texture":"#2"},"up":{"uv":[3.5,4.25,2.75,2.5],"texture":"#2"},"down":{"uv":[2.75,2.5,2,4.25],"texture":"#2"}}},{"from":[7.999,-4.76377,1.64257],"to":[7.999,-1.76377,8.64257],"rotation":{"angle":22.5,"axis":"x","origin":[7.999,-3.18451,7.52735]},"faces":{"north":{"uv":[0,0.75,0,0],"texture":"#2"},"east":{"uv":[3.25,0.75,5,0],"texture":"#2"},"south":{"uv":[0,0.75,0,0],"texture":"#2"},"west":{"uv":[3.25,1.5,5,0.75],"texture":"#2"},"up":{"uv":[0,1.75,0,0],"texture":"#2"},"down":{"uv":[0,0,0,1.75],"texture":"#2"}}},{"from":[6.499,-4.76377,0.64257],"to":[9.499,-1.76377,1.64257],"rotation":{"angle":22.5,"axis":"x","origin":[7.999,-3.18451,7.52735]},"faces":{"north":{"uv":[1.25,5.25,2,4.5],"texture":"#2"},"east":{"uv":[3.25,2.25,3.5,1.5],"texture":"#2"},"south":{"uv":[7,4.25,7.75,3.5],"texture":"#2"},"west":{"uv":[5.5,7.5,5.75,6.75],"texture":"#2"},"up":{"uv":[2,5.5,1.25,5.25],"texture":"#2"},"down":{"uv":[5.75,1.25,5,1.5],"texture":"#2"}}},{"from":[5.999,-5.26377,-4.35743],"to":[9.999,-1.26377,0.64257],"rotation":{"angle":22.5,"axis":"x","origin":[7.999,-3.18451,7.52735]},"faces":{"north":{"uv":[5.75,7.5,6.75,6.5],"texture":"#2"},"east":{"uv":[0,5.5,1.25,4.5],"texture":"#2"},"south":{"uv":[0,7.75,1,6.75],"texture":"#2"},"west":{"uv":[4.25,5.5,5.5,4.5],"texture":"#2"},"up":{"uv":[1,6.75,0,5.5],"texture":"#2"},"down":{"uv":[6,0,5,1.25],"texture":"#2"}}},{"from":[6.499,-3.18451,1.52735],"to":[9.499,-3.18451,8.52735],"rotation":{"angle":0,"axis":"y","origin":[7.999,-3.18451,7.52735]},"faces":{"north":{"uv":[0,0,0.75,0],"texture":"#2"},"east":{"uv":[0,0,1.75,0],"texture":"#2"},"south":{"uv":[0,0,0.75,0],"texture":"#2"},"west":{"uv":[0,0,1.75,0],"texture":"#2"},"up":{"uv":[4.25,5,3.5,3.25],"texture":"#2"},"down":{"uv":[4.25,1.5,3.5,3.25],"texture":"#2"}}},{"from":[7.999,-4.68451,1.52735],"to":[7.999,-1.68451,8.52735],"rotation":{"angle":0,"axis":"y","origin":[7.999,-3.18451,7.52735]},"faces":{"north":{"uv":[0,0.75,0,0],"texture":"#2"},"east":{"uv":[4.25,2.25,6,1.5],"texture":"#2"},"south":{"uv":[0,0.75,0,0],"texture":"#2"},"west":{"uv":[4.25,3,6,2.25],"texture":"#2"},"up":{"uv":[0,1.75,0,0],"texture":"#2"},"down":{"uv":[0,0,0,1.75],"texture":"#2"}}},{"from":[6.499,-4.68451,0.52735],"to":[9.499,-1.68451,1.52735],"rotation":{"angle":0,"axis":"y","origin":[7.999,-3.18451,7.52735]},"faces":{"north":{"uv":[7.5,3.25,8.25,2.5],"texture":"#2"},"east":{"uv":[7.25,0.75,7.5,0],"texture":"#2"},"south":{"uv":[7.5,6,8.25,5.25],"texture":"#2"},"west":{"uv":[8.25,4.25,8.5,3.5],"texture":"#2"},"up":{"uv":[4.75,6.75,4,6.5],"texture":"#2"},"down":{"uv":[6.75,4.25,6,4.5],"texture":"#2"}}},{"from":[5.999,-5.18451,-4.47265],"to":[9.999,-1.18451,0.52735],"rotation":{"angle":0,"axis":"y","origin":[7.999,-3.18451,7.52735]},"faces":{"north":{"uv":[1,7.75,2,6.75],"texture":"#2"},"east":{"uv":[3.5,6.5,4.75,5.5],"texture":"#2"},"south":{"uv":[4,7.75,5,6.75],"texture":"#2"},"west":{"uv":[5.5,5.5,6.75,4.5],"texture":"#2"},"up":{"uv":[5.75,6.75,4.75,5.5],"texture":"#2"},"down":{"uv":[2,5.5,1,6.75],"texture":"#2"}}},{"from":[6.499,-3.33096,1.58801],"to":[9.499,-3.33096,8.58801],"rotation":{"angle":45,"axis":"x","origin":[7.999,-3.18451,7.52735]},"faces":{"north":{"uv":[0,0,0.75,0],"texture":"#2"},"east":{"uv":[0,0,1.75,0],"texture":"#2"},"south":{"uv":[0,0,0.75,0],"texture":"#2"},"west":{"uv":[0,0,1.75,0],"texture":"#2"},"up":{"uv":[3.5,6,2.75,4.25],"texture":"#2"},"down":{"uv":[2.75,4.25,2,6],"texture":"#2"}}},{"from":[7.999,-4.83096,1.58801],"to":[7.999,-1.83096,8.58801],"rotation":{"angle":45,"axis":"x","origin":[7.999,-3.18451,7.52735]},"faces":{"north":{"uv":[0,0.75,0,0],"texture":"#2"},"east":{"uv":[4.25,3.75,6,3],"texture":"#2"},"south":{"uv":[0,0.75,0,0],"texture":"#2"},"west":{"uv":[4.25,4.5,6,3.75],"texture":"#2"},"up":{"uv":[0,1.75,0,0],"texture":"#2"},"down":{"uv":[0,0,0,1.75],"texture":"#2"}}},{"from":[6.499,-4.83096,0.58801],"to":[9.499,-1.83096,1.58801],"rotation":{"angle":45,"axis":"x","origin":[7.999,-3.18451,7.52735]},"faces":{"north":{"uv":[5.5,8.25,6.25,7.5],"texture":"#2"},"east":{"uv":[8.25,5,8.5,4.25],"texture":"#2"},"south":{"uv":[6.25,8.25,7,7.5],"texture":"#2"},"west":{"uv":[8.25,5.75,8.5,5],"texture":"#2"},"up":{"uv":[9,6,8.25,5.75],"texture":"#2"},"down":{"uv":[6.25,8.25,5.5,8.5],"texture":"#2"}}},{"from":[5.999,-5.33096,-4.41199],"to":[9.999,-1.33096,0.58801],"rotation":{"angle":45,"axis":"x","origin":[7.999,-3.18451,7.52735]},"faces":{"north":{"uv":[6.75,5.25,7.75,4.25],"texture":"#2"},"east":{"uv":[5.75,6.5,7,5.5],"texture":"#2"},"south":{"uv":[6.75,7.5,7.75,6.5],"texture":"#2"},"west":{"uv":[6,1,7.25,0],"texture":"#2"},"up":{"uv":[3,7.25,2,6],"texture":"#2"},"down":{"uv":[7,1,6,2.25],"texture":"#2"}}},{"from":[-0.001,-8.14542,-1.24013],"to":[15.999,7.85458,-1.24013],"rotation":{"angle":22.5,"axis":"y","origin":[7.999,-2.14542,-1.24013]},"faces":{"north":{"uv":[0,16,8,8],"texture":"#1"},"east":{"uv":[0,8,0,0],"texture":"#1"},"south":{"uv":[8,16,0,8],"texture":"#1"},"west":{"uv":[0,8,0,0],"texture":"#1"},"up":{"uv":[0,0,0,8],"rotation":270,"texture":"#1"},"down":{"uv":[0,8,0,0],"rotation":90,"texture":"#1"}}},{"from":[8.499,-8.14542,-9.24013],"to":[8.499,7.85458,6.75987],"rotation":{"angle":22.5,"axis":"x","origin":[7.999,-2.14542,-1.24013]},"faces":{"north":{"uv":[0,8,0,0],"texture":"#1"},"east":{"uv":[8,16,0,8],"texture":"#1"},"south":{"uv":[0,8,0,0],"texture":"#1"},"west":{"uv":[0,16,8,8],"texture":"#1"},"up":{"uv":[0,8,0,0],"texture":"#1"},"down":{"uv":[0,0,0,8],"texture":"#1"}}},{"from":[5.37968,16.20811,7.001],"to":[7.37768,20.20611,8.999],"rotation":{"angle":45,"axis":"z","origin":[6.37868,18.20711,8]},"faces":{"north":{"uv":[2,6,3,8],"texture":"#3"},"east":{"uv":[6.5,4,7.5,6],"texture":"#3"},"south":{"uv":[5.5,6.5,4.5,8.5],"texture":"#3"},"west":{"uv":[5.5,6.5,6.5,8.5],"texture":"#3"},"up":{"uv":[8.5,3,7.5,2],"texture":"#3"},"down":{"uv":[8.5,3,7.5,4],"texture":"#3"}}},{"from":[7.001,18.003,9.003],"to":[8.997,21.999,10.999],"rotation":{"angle":45,"axis":"x","origin":[7.999,20.001,9.001]},"faces":{"north":{"uv":[6.5,4,7.5,6],"texture":"#3"},"east":{"uv":[4.5,6.5,5.5,8.5],"texture":"#3"},"south":{"uv":[6.5,6.5,5.5,8.5],"texture":"#3"},"west":{"uv":[3,6,2,8],"texture":"#3"},"up":{"uv":[8.5,3,7.5,2],"rotation":270,"texture":"#3"},"down":{"uv":[8.5,3,7.5,4],"rotation":90,"texture":"#3"}}},{"from":[3.93534,16.86322,8],"to":[5.93534,17.86322,9],"rotation":{"angle":22.5,"axis":"z","origin":[4.93534,17.36322,8.5]},"faces":{"north":{"uv":[1.5,8,2.5,8.5],"texture":"#3"},"east":{"uv":[7,3.5,7.5,4],"texture":"#3"},"south":{"uv":[8,4,9,4.5],"texture":"#3"},"west":{"uv":[2.5,8,3,8.5],"texture":"#3"},"up":{"uv":[9,5,8,4.5],"texture":"#3"},"down":{"uv":[9,5,8,5.5],"texture":"#3"}}},{"from":[7.004,20.004,5.004],"to":[8.996,23.996,9.996],"rotation":{"angle":0,"axis":"y","origin":[8,21.5,10]},"faces":{"north":{"uv":[0,6,1,8],"texture":"#3"},"east":{"uv":[7,0,4.5,2],"texture":"#3"},"south":{"uv":[1,6,2,8],"texture":"#3"},"west":{"uv":[4.5,0,7,2],"texture":"#3"},"up":{"uv":[5.5,6.5,4.5,4],"texture":"#3"},"down":{"uv":[6.5,4,5.5,6.5],"texture":"#3"}}},{"from":[7.5,20,0],"to":[8.5,26,6],"rotation":{"angle":45,"axis":"x","origin":[8,22,2]},"faces":{"north":{"uv":[3,7,3.5,10],"texture":"#3"},"east":{"uv":[0,0,3,3],"texture":"#3"},"south":{"uv":[3.5,7,4,10],"texture":"#3"},"west":{"uv":[3,0,0,3],"texture":"#3"},"up":{"uv":[4.5,10,4,7],"texture":"#3"},"down":{"uv":[7.5,6,7,9],"texture":"#3"}}},{"from":[7.501,15.91861,-0.2143],"to":[8.499,22.91661,2.7837],"rotation":{"angle":-22.5,"axis":"x","origin":[8,20.91761,1.7847]},"faces":{"north":{"uv":[6.5,6,7,9.5],"texture":"#3"},"east":{"uv":[3,0,4.5,3.5],"texture":"#3"},"south":{"uv":[7,0,7.5,3.5],"texture":"#3"},"west":{"uv":[4.5,0,3,3.5],"texture":"#3"},"up":{"uv":[8,5.5,7.5,4],"texture":"#3"},"down":{"uv":[8,5.5,7.5,7],"texture":"#3"}}},{"from":[7.502,15.53484,2.68078],"to":[8.498,17.53084,5.67678],"rotation":{"angle":-45,"axis":"x","origin":[8,15.53284,4.67878]},"faces":{"north":{"uv":[0.5,8,1,9],"texture":"#3"},"east":{"uv":[7.5,0,9,1],"texture":"#3"},"south":{"uv":[1,8,1.5,9],"texture":"#3"},"west":{"uv":[9,0,7.5,1],"texture":"#3"},"up":{"uv":[8,8.5,7.5,7],"texture":"#3"},"down":{"uv":[0.5,8,0,9.5],"texture":"#3"}}}],"gui_light":"front","display":{"thirdperson_righthand":{"rotation":[-45,0,0],"translation":[0,-3,1.75]},"thirdperson_lefthand":{"rotation":[-45,0,0],"translation":[0,-3,1.75]},"firstperson_righthand":{"rotation":[-16.26,-7.23,-14.57],"translation":[3.75,-1.75,0],"scale":[0.6,0.6,0.6]},"firstperson_lefthand":{"rotation":[-16.26,-7.23,-14.57],"translation":[3.75,-1.75,0],"scale":[0.6,0.6,0.6]},"ground":{"rotation":[-135,0,0],"scale":[0.5,0.5,0.5]},"gui":{"rotation":[-90,45,-90],"translation":[0.75,1.5,0],"scale":[0.43,0.43,0.43]},"fixed":{"rotation":[135,0,0],"translation":[-0.5,12.75,-31.25],"scale":[2,2,2]}}}