{"credit":"Made with Blockbench","textures":{"1":"elitefantasy:custom/items/brown_mushroom_top"},"elements":[{"from":[2,0,-2],"to":[6,2,2],"rotation":{"angle":0,"axis":"y","origin":[8,0,8]},"faces":{"north":{"uv":[1,6,5,8],"texture":"#1"},"east":{"uv":[1,7,5,9],"texture":"#1"},"south":{"uv":[0,7,4,9],"texture":"#1"},"west":{"uv":[2,7,6,9],"texture":"#1"},"up":{"uv":[5,5,1,1],"texture":"#1"},"down":{"uv":[11,1,7,5],"texture":"#1"}}},{"from":[8,0,-3],"to":[14,3,3],"rotation":{"angle":0,"axis":"y","origin":[8,0,8]},"faces":{"north":{"uv":[0,6,6,9],"texture":"#1"},"east":{"uv":[0,6,6,9],"texture":"#1"},"south":{"uv":[0,6,6,9],"texture":"#1"},"west":{"uv":[0,6,6,9],"texture":"#1"},"up":{"uv":[0,0,6,6],"texture":"#1"},"down":{"uv":[6,0,12,6],"texture":"#1"}}},{"from":[14,0,6],"to":[19,2,11],"rotation":{"angle":0,"axis":"y","origin":[8,0,8]},"faces":{"north":{"uv":[0,7,6,9],"texture":"#1"},"east":{"uv":[0,7,6,9],"texture":"#1"},"south":{"uv":[0,7,6,9],"texture":"#1"},"west":{"uv":[0,7,6,9],"texture":"#1"},"up":{"uv":[1,1,6,6],"texture":"#1"},"down":{"uv":[6,0,12,6],"texture":"#1"}}},{"from":[0,0,4],"to":[6,1,10],"rotation":{"angle":0,"axis":"y","origin":[8,0,8]},"faces":{"north":{"uv":[0,6,6,7],"texture":"#1"},"east":{"uv":[0,7,6,8],"texture":"#1"},"south":{"uv":[0,7,6,8],"texture":"#1"},"west":{"uv":[0,8,6,9],"texture":"#1"},"up":{"uv":[0,0,6,6],"texture":"#1"},"down":{"uv":[6,0,12,6],"texture":"#1"}}}],"display":{"thirdperson_righthand":{"rotation":[14.74,12.22,-9.18],"translation":[-0.75,4.75,3.75],"scale":[0.5,0.5,0.5]},"thirdperson_lefthand":{"rotation":[14.74,12.22,-9.18],"translation":[-0.75,4.75,3.75],"scale":[0.5,0.5,0.5]},"firstperson_righthand":{"rotation":[-5,47.5,-6.5],"translation":[-0.25,3.25,1],"scale":[0.52148,0.52148,0.52148]},"firstperson_lefthand":{"rotation":[-5,47.5,-6.5],"translation":[-0.25,3.25,1],"scale":[0.52148,0.52148,0.52148]},"ground":{"scale":[0.45117,0.45117,0.45117]},"gui":{"rotation":[25.5,43,1.75],"translation":[0,0.5,0],"scale":[0.8,0.8,0.8]},"head":{"rotation":[180,-88.75,180],"translation":[0,14.5,0]},"fixed":{"rotation":[-0.75,0,0],"translation":[-2.75,8.25,14.5],"scale":[2,2,2]}}}