{"credit":"Made with Blockbench","textures":{"0":"customcrops:mushrooms/agaricus_augustus_wl","particle":"customcrops:mushrooms/agaricus_augustus_wl"},"elements":[{"from":[8,0,8],"to":[9,1,9],"faces":{"north":{"uv":[0,7,1,10],"texture":"#0"},"east":{"uv":[0,7,1,10],"texture":"#0"},"south":{"uv":[0,7,1,10],"texture":"#0"},"west":{"uv":[0,7,1,10],"texture":"#0"},"up":{"uv":[0,7,1,10],"texture":"#0"},"down":{"uv":[0,7,1,10],"texture":"#0"}}},{"from":[7,1,7],"to":[10,4,10],"faces":{"north":{"uv":[7,3,12,8],"texture":"#0"},"east":{"uv":[5,3,10,8],"texture":"#0"},"south":{"uv":[7,3,12,8],"texture":"#0"},"west":{"uv":[8,5,13,10],"rotation":90,"texture":"#0"},"up":{"uv":[8,4,13,9],"texture":"#0"},"down":{"uv":[11,3,6,8],"texture":"#0"}}}],"display":{}}