{"credit":"Made with Blockbench","textures":{"0":"customcrops:mushrooms/lentinus_edodeswl","particle":"customcrops:mushrooms/lentinus_edodeswl"},"elements":[{"from":[5,0,10],"to":[7,4,12],"faces":{"north":{"uv":[13,1,15,5],"texture":"#0"},"east":{"uv":[13,1,15,5],"texture":"#0"},"south":{"uv":[11,1,13,5],"texture":"#0"},"west":{"uv":[13,1,15,5],"texture":"#0"},"up":{"uv":[12,1,14,5],"texture":"#0"},"down":{"uv":[14,1,16,5],"texture":"#0"}}},{"from":[9,3,8],"to":[10,6,14],"faces":{"north":{"uv":[8,11,9,14],"texture":"#0"},"east":{"uv":[8,11,14,14],"texture":"#0"},"south":{"uv":[8,11,9,14],"texture":"#0"},"west":{"uv":[8,11,14,14],"texture":"#0"},"up":{"uv":[2,4,3,10],"texture":"#0"},"down":{"uv":[10,0,11,6],"texture":"#0"}}},{"from":[2,3,8],"to":[3,6,14],"faces":{"north":{"uv":[8,11,9,14],"texture":"#0"},"east":{"uv":[8,11,14,14],"texture":"#0"},"south":{"uv":[8,11,9,14],"texture":"#0"},"west":{"uv":[8,11,14,14],"texture":"#0"},"up":{"uv":[1,4,2,10],"texture":"#0"},"down":{"uv":[10,0,11,6],"texture":"#0"}}},{"from":[3,3,7],"to":[9,6,8],"faces":{"north":{"uv":[8,11,14,14],"texture":"#0"},"east":{"uv":[8,11,9,14],"texture":"#0"},"south":{"uv":[8,11,14,14],"texture":"#0"},"west":{"uv":[8,11,9,14],"texture":"#0"},"up":{"uv":[1,4,2,10],"rotation":90,"texture":"#0"},"down":{"uv":[10,0,11,6],"rotation":270,"texture":"#0"}}},{"from":[3,3,14],"to":[9,6,15],"faces":{"north":{"uv":[8,11,14,14],"texture":"#0"},"east":{"uv":[8,11,9,14],"texture":"#0"},"south":{"uv":[8,11,14,14],"texture":"#0"},"west":{"uv":[8,11,9,14],"texture":"#0"},"up":{"uv":[0,4,1,10],"rotation":90,"texture":"#0"},"down":{"uv":[10,0,11,6],"rotation":270,"texture":"#0"}}},{"from":[3,6,9],"to":[9,7,13],"faces":{"north":{"uv":[8,11,14,12],"texture":"#0"},"east":{"uv":[8,11,12,12],"texture":"#0"},"south":{"uv":[8,11,14,12],"texture":"#0"},"west":{"uv":[8,11,12,12],"texture":"#0"},"up":{"uv":[0,10,6,14],"texture":"#0"},"down":{"uv":[10,0,16,4],"texture":"#0"}}},{"from":[4,6,13],"to":[8,7,14],"faces":{"north":{"uv":[8,11,12,12],"texture":"#0"},"east":{"uv":[8,11,9,12],"texture":"#0"},"south":{"uv":[8,11,12,12],"texture":"#0"},"west":{"uv":[8,11,9,12],"texture":"#0"},"up":{"uv":[1,13,5,14],"texture":"#0"},"down":{"uv":[10,0,14,1],"texture":"#0"}}},{"from":[4,6,8],"to":[8,7,9],"faces":{"north":{"uv":[8,11,12,12],"texture":"#0"},"east":{"uv":[8,11,9,12],"texture":"#0"},"south":{"uv":[8,11,12,12],"texture":"#0"},"west":{"uv":[8,11,9,12],"texture":"#0"},"up":{"uv":[1,13,5,14],"texture":"#0"},"down":{"uv":[10,0,14,1],"texture":"#0"}}},{"from":[3,4,8],"to":[9,6,14],"faces":{"north":{"uv":[8,11,14,13],"texture":"#0"},"east":{"uv":[8,11,14,13],"texture":"#0"},"south":{"uv":[8,11,14,13],"texture":"#0"},"west":{"uv":[8,11,14,13],"texture":"#0"},"up":{"uv":[0,10,6,16],"texture":"#0"},"down":{"uv":[10,0,16,6],"texture":"#0"}}},{"from":[10,0,4],"to":[12,8,6],"faces":{"north":{"uv":[14,0,16,6],"texture":"#0"},"east":{"uv":[14,0,16,6],"texture":"#0"},"south":{"uv":[14,0,16,6],"texture":"#0"},"west":{"uv":[14,0,16,6],"texture":"#0"},"up":{"uv":[14,0,16,6],"texture":"#0"},"down":{"uv":[14,0,16,6],"texture":"#0"}}},{"from":[14,6,2],"to":[15,9,8],"faces":{"north":{"uv":[8,11,9,14],"texture":"#0"},"east":{"uv":[8,11,14,14],"texture":"#0"},"south":{"uv":[8,11,9,14],"texture":"#0"},"west":{"uv":[8,11,14,14],"texture":"#0"},"up":{"uv":[2,4,3,10],"texture":"#0"},"down":{"uv":[10,0,11,6],"texture":"#0"}}},{"from":[7,6,2],"to":[8,9,8],"faces":{"north":{"uv":[8,11,9,14],"texture":"#0"},"east":{"uv":[8,11,14,14],"texture":"#0"},"south":{"uv":[8,11,9,14],"texture":"#0"},"west":{"uv":[8,11,14,14],"texture":"#0"},"up":{"uv":[1,4,2,10],"texture":"#0"},"down":{"uv":[10,0,11,6],"texture":"#0"}}},{"from":[8,6,1],"to":[14,9,2],"faces":{"north":{"uv":[8,11,14,14],"texture":"#0"},"east":{"uv":[8,11,9,14],"texture":"#0"},"south":{"uv":[8,11,14,14],"texture":"#0"},"west":{"uv":[8,11,9,14],"texture":"#0"},"up":{"uv":[1,4,2,10],"rotation":90,"texture":"#0"},"down":{"uv":[10,0,11,6],"rotation":270,"texture":"#0"}}},{"from":[8,6,8],"to":[14,9,9],"faces":{"north":{"uv":[8,11,14,14],"texture":"#0"},"east":{"uv":[8,11,9,14],"texture":"#0"},"south":{"uv":[8,11,14,14],"texture":"#0"},"west":{"uv":[8,11,9,14],"texture":"#0"},"up":{"uv":[0,4,1,10],"rotation":90,"texture":"#0"},"down":{"uv":[10,0,11,6],"rotation":270,"texture":"#0"}}},{"from":[8,9,3],"to":[14,10,7],"faces":{"north":{"uv":[8,11,14,12],"texture":"#0"},"east":{"uv":[8,11,12,12],"texture":"#0"},"south":{"uv":[8,11,14,12],"texture":"#0"},"west":{"uv":[8,11,12,12],"texture":"#0"},"up":{"uv":[0,10,6,14],"texture":"#0"},"down":{"uv":[10,0,16,4],"texture":"#0"}}},{"from":[9,9,7],"to":[13,10,8],"faces":{"north":{"uv":[8,11,12,12],"texture":"#0"},"east":{"uv":[8,11,9,12],"texture":"#0"},"south":{"uv":[8,11,12,12],"texture":"#0"},"west":{"uv":[8,11,9,12],"texture":"#0"},"up":{"uv":[1,13,5,14],"texture":"#0"},"down":{"uv":[10,0,14,1],"texture":"#0"}}},{"from":[9,9,2],"to":[13,10,3],"faces":{"north":{"uv":[8,11,12,12],"texture":"#0"},"east":{"uv":[8,11,9,12],"texture":"#0"},"south":{"uv":[8,11,12,12],"texture":"#0"},"west":{"uv":[8,11,9,12],"texture":"#0"},"up":{"uv":[1,13,5,14],"texture":"#0"},"down":{"uv":[10,0,14,1],"texture":"#0"}}},{"from":[8,7,2],"to":[14,9,8],"faces":{"north":{"uv":[8,11,14,13],"texture":"#0"},"east":{"uv":[8,11,14,13],"texture":"#0"},"south":{"uv":[8,11,14,13],"texture":"#0"},"west":{"uv":[8,11,14,13],"texture":"#0"},"up":{"uv":[0,10,6,16],"texture":"#0"},"down":{"uv":[10,0,16,6],"texture":"#0"}}}]}