{"credit":"momirealms","textures":{"0":"customcrops:mushrooms/mh1","particle":"customcrops:mushrooms/mh1"},"elements":[{"from":[7,0,7],"to":[9,3,9],"faces":{"north":{"uv":[0,0,2,2],"texture":"#0"},"east":{"uv":[0,0,2,2],"texture":"#0"},"south":{"uv":[7,12,9,14],"texture":"#0"},"west":{"uv":[7,10,9,12],"texture":"#0"},"up":{"uv":[9,9,11,11],"texture":"#0"},"down":{"uv":[2,13,4,15],"texture":"#0"}}},{"from":[6,3,6],"to":[9,4,9],"faces":{"north":{"uv":[0,0,3,3],"texture":"#0"},"east":{"uv":[0,0,3,3],"texture":"#0"},"south":{"uv":[0,0,3,3],"texture":"#0"},"west":{"uv":[12,4,15,5],"texture":"#0"},"up":{"uv":[12,7,15,10],"texture":"#0"},"down":{"uv":[0,0,3,3],"texture":"#0"}}}],"gui_light":"front","display":{"fixed":{"rotation":[-90,0,0],"translation":[0,0,-16],"scale":[2,2,2]}}}