{"credit":"MadewithBlockbench","texture_size":[32,32],"textures":{"2":"elitecreatures:valentines_animated_weapon_and_tool_set_v1/valentine_tex1","3":"elitecreatures:valentines_animated_weapon_and_tool_set_v1/valentine_tex2","4":"elitecreatures:valentines_animated_weapon_and_tool_set_v1/valentine_tex3","5":"elitecreatures:valentines_animated_weapon_and_tool_set_v1/cameralens1","7":"elitecreatures:valentines_animated_weapon_and_tool_set_v1/valentine_tex7","11":"elitecreatures:valentines_animated_weapon_and_tool_set_v1/valentine_tex6","12":"elitecreatures:valentines_animated_weapon_and_tool_set_v1/battery","particle":"elitecreatures:valentines_animated_weapon_and_tool_set_v1/cloudheart"},"elements":[{"from":[7,15.3,4.6],"to":[9,16.3,5.8],"rotation":{"angle":0,"axis":"y","origin":[8.59847,10.76205,5.2]},"faces":{"north":{"uv":[2,10,2.5,11],"rotation":90,"texture":"#4"},"east":{"uv":[2.5,11,2,11.5],"rotation":270,"texture":"#4"},"south":{"uv":[2.5,10,2,11],"rotation":270,"texture":"#4"},"west":{"uv":[2.5,11,2,11.5],"rotation":270,"texture":"#4"},"up":{"uv":[3.5,10.5,3,11.5],"rotation":270,"texture":"#4"},"down":{"uv":[3,10,2.5,11],"rotation":270,"texture":"#4"}}},{"from":[12.13263,12.40704,4.8],"to":[13.13263,13.40704,5.6],"rotation":{"angle":45,"axis":"z","origin":[8.59847,10.76205,5.2]},"faces":{"north":{"uv":[1.5,11,1,11.5],"texture":"#4"},"east":{"uv":[3,10,3.5,10.5],"texture":"#4"},"south":{"uv":[1,11,1.5,11.5],"texture":"#4"},"west":{"uv":[0.5,11.5,1,12],"texture":"#4"},"up":{"uv":[1,10.5,1.5,11],"texture":"#4"},"down":{"uv":[1,10.5,1.5,11],"texture":"#4"}}},{"from":[6.91614,14.98121,4.7],"to":[7.91614,15.98121,5.7],"rotation":{"angle":-22.5,"axis":"z","origin":[8.59847,10.76205,5.2]},"faces":{"north":{"uv":[2.5,12,2,12.5],"rotation":270,"texture":"#4"},"east":{"uv":[3.25,11.5,3.75,12],"rotation":90,"texture":"#4"},"south":{"uv":[2.5,12,2,12.5],"rotation":270,"texture":"#4"},"west":{"uv":[3.25,11.5,3.75,12],"rotation":90,"texture":"#4"},"up":{"uv":[2.75,11.5,3.25,12],"texture":"#4"},"down":{"uv":[2,12.5,2.5,13],"texture":"#4"}}},{"from":[7,11,4.6],"to":[9,12,5.8],"rotation":{"angle":0,"axis":"y","origin":[8.59847,10.76205,5.2]},"faces":{"north":{"uv":[1.5,12,1,13],"rotation":90,"texture":"#4"},"east":{"uv":[1.75,11.5,2.25,12],"rotation":270,"texture":"#4"},"south":{"uv":[1,12,1.5,13],"rotation":270,"texture":"#4"},"west":{"uv":[1.75,11.5,2.25,12],"rotation":270,"texture":"#4"},"up":{"uv":[1.5,12,2,13],"rotation":270,"texture":"#4"},"down":{"uv":[2.5,12,3,13],"rotation":270,"texture":"#4"}}},{"from":[9.11168,10.80196,4.7],"to":[10.11168,11.80196,5.7],"rotation":{"angle":22.5,"axis":"z","origin":[8.59847,10.76205,5.2]},"faces":{"north":{"uv":[2,10.5,1.5,11],"rotation":90,"texture":"#4"},"east":{"uv":[1.5,11,2,11.5],"rotation":270,"texture":"#4"},"south":{"uv":[1.5,10.5,2,11],"rotation":270,"texture":"#4"},"west":{"uv":[1.5,11,2,11.5],"rotation":270,"texture":"#4"},"up":{"uv":[1.25,11.5,1.75,12],"rotation":270,"texture":"#4"},"down":{"uv":[2.25,11.5,2.75,12],"rotation":270,"texture":"#4"}}},{"from":[8.16059,12.1891,4.8],"to":[9.16059,13.1891,5.6],"rotation":{"angle":-45,"axis":"z","origin":[8.59847,10.76205,5.2]},"faces":{"north":{"uv":[1,12,0.5,12.5],"texture":"#4"},"east":{"uv":[2.5,11,3,11.5],"texture":"#4"},"south":{"uv":[0.5,12,1,12.5],"texture":"#4"},"west":{"uv":[0.5,12.5,1,13],"texture":"#4"},"up":{"uv":[1.5,10,2,10.5],"texture":"#4"},"down":{"uv":[1.5,10,2,10.5],"texture":"#4"}}},{"from":[9.7,12.1,4.7],"to":[10.7,15.1,5.7],"rotation":{"angle":0,"axis":"y","origin":[8.59847,10.76205,5.2]},"faces":{"north":{"uv":[0.5,10,1,11.5],"texture":"#4"},"east":{"uv":[0,10,0.5,11.5],"texture":"#4"},"south":{"uv":[1,10,0.5,11.5],"texture":"#4"},"west":{"uv":[0,11.5,0.5,13],"texture":"#4"},"up":{"uv":[1,10,1.5,10.5],"texture":"#4"},"down":{"uv":[1,10,1.5,10.5],"texture":"#4"}}},{"from":[5.5,12.1,4.7],"to":[6.5,15.1,5.7],"rotation":{"angle":0,"axis":"y","origin":[8.59847,10.76205,5.2]},"faces":{"north":{"uv":[1,10,0.5,11.5],"texture":"#4"},"east":{"uv":[0.5,11.5,0,13],"texture":"#4"},"south":{"uv":[0.5,10,1,11.5],"texture":"#4"},"west":{"uv":[0.5,10,0,11.5],"texture":"#4"},"up":{"uv":[1.5,10,1,10.5],"texture":"#4"},"down":{"uv":[1.5,10,1,10.5],"texture":"#4"}}},{"from":[7.33141,12.89405,4.8],"to":[8.33141,13.89405,5.6],"rotation":{"angle":45,"axis":"z","origin":[8.59847,10.76205,5.2]},"faces":{"north":{"uv":[0.5,12,1,12.5],"texture":"#4"},"east":{"uv":[1,12.5,0.5,13],"texture":"#4"},"south":{"uv":[1,12,0.5,12.5],"texture":"#4"},"west":{"uv":[3,11,2.5,11.5],"texture":"#4"},"up":{"uv":[2,10,1.5,10.5],"texture":"#4"},"down":{"uv":[2,10,1.5,10.5],"texture":"#4"}}},{"from":[6.16421,10.42045,4.7],"to":[7.16421,11.42045,5.7],"rotation":{"angle":-22.5,"axis":"z","origin":[8.59847,10.76205,5.2]},"faces":{"north":{"uv":[2,11,1.5,10.5],"rotation":90,"texture":"#4"},"east":{"uv":[1.5,11.5,2,11],"rotation":270,"texture":"#4"},"south":{"uv":[1.5,11,2,10.5],"rotation":270,"texture":"#4"},"west":{"uv":[1.5,11.5,2,11],"rotation":270,"texture":"#4"},"up":{"uv":[1.25,12,1.75,11.5],"rotation":270,"texture":"#4"},"down":{"uv":[2.25,12,2.75,11.5],"rotation":270,"texture":"#4"}}},{"from":[8.35974,15.36272,4.7],"to":[9.35974,16.36272,5.7],"rotation":{"angle":22.5,"axis":"z","origin":[8.59847,10.76205,5.2]},"faces":{"north":{"uv":[2.5,12.5,2,12],"rotation":270,"texture":"#4"},"east":{"uv":[3,12.5,3.5,12],"rotation":90,"texture":"#4"},"south":{"uv":[2.5,12.5,2,12],"rotation":270,"texture":"#4"},"west":{"uv":[2.5,12,2,12.5],"rotation":270,"texture":"#4"},"up":{"uv":[3.25,11.5,2.75,12],"texture":"#4"},"down":{"uv":[2.5,12.5,2,13],"texture":"#4"}}},{"from":[6.4,11.9,5.2],"to":[9.9,15.4,5.2],"rotation":{"angle":0,"axis":"y","origin":[0,7.9,-2.8]},"faces":{"north":{"uv":[2,10,5.5,13.5],"texture":"#5"},"east":{"uv":[0,6,0,0],"texture":"#5"},"south":{"uv":[2,13.5,5.5,10],"texture":"#5"},"west":{"uv":[0,6,0,0],"texture":"#5"},"up":{"uv":[0,0,3,0],"texture":"#5"},"down":{"uv":[0,0,3,0],"texture":"#5"}}},{"from":[3.35937,11.7021,4.8],"to":[4.35937,12.7021,5.6],"rotation":{"angle":-45,"axis":"z","origin":[8.59847,10.76205,5.2]},"faces":{"north":{"uv":[1,11,1.5,11.5],"texture":"#4"},"east":{"uv":[1,11.5,0.5,12],"texture":"#4"},"south":{"uv":[1.5,11,1,11.5],"texture":"#4"},"west":{"uv":[3.5,10,3,10.5],"texture":"#4"},"up":{"uv":[1.5,10.5,1,11],"texture":"#4"},"down":{"uv":[1.5,10.5,1,11],"texture":"#4"}}},{"from":[7,15.3,10.2],"to":[9,16.3,11.4],"rotation":{"angle":0,"axis":"y","origin":[8.59847,10.76205,10.8]},"faces":{"north":{"uv":[2.5,11,2,10],"rotation":270,"texture":"#4"},"east":{"uv":[2.5,11.5,2,11],"rotation":270,"texture":"#4"},"south":{"uv":[2,11,2.5,10],"rotation":90,"texture":"#4"},"west":{"uv":[2.5,11.5,2,11],"rotation":270,"texture":"#4"},"up":{"uv":[3,10.5,3.5,11.5],"rotation":270,"texture":"#4"},"down":{"uv":[2.5,10,3,11],"rotation":270,"texture":"#4"}}},{"from":[12.13263,12.40704,10.4],"to":[13.13263,13.40704,11.2],"rotation":{"angle":45,"axis":"z","origin":[8.59847,10.76205,10.8]},"faces":{"north":{"uv":[1.5,11,1,11.5],"texture":"#4"},"east":{"uv":[3.5,10,3,10.5],"texture":"#4"},"south":{"uv":[1,11,1.5,11.5],"texture":"#4"},"west":{"uv":[1,11.5,0.5,12],"texture":"#4"},"up":{"uv":[1,11,1.5,10.5],"texture":"#4"},"down":{"uv":[1,11,1.5,10.5],"texture":"#4"}}},{"from":[6.91614,14.98121,10.3],"to":[7.91614,15.98121,11.3],"rotation":{"angle":-22.5,"axis":"z","origin":[8.59847,10.76205,10.8]},"faces":{"north":{"uv":[2.5,12.5,2,12],"rotation":270,"texture":"#4"},"east":{"uv":[3.25,12,3.75,11.5],"rotation":90,"texture":"#4"},"south":{"uv":[2.5,12.5,2,12],"rotation":270,"texture":"#4"},"west":{"uv":[3.25,12,3.75,11.5],"rotation":90,"texture":"#4"},"up":{"uv":[2.75,12,3.25,11.5],"texture":"#4"},"down":{"uv":[2,13,2.5,12.5],"texture":"#4"}}},{"from":[7,11,10.2],"to":[9,12,11.4],"rotation":{"angle":0,"axis":"y","origin":[8.59847,10.76205,10.8]},"faces":{"north":{"uv":[1,13,1.5,12],"rotation":270,"texture":"#4"},"east":{"uv":[1.75,12,2.25,11.5],"rotation":270,"texture":"#4"},"south":{"uv":[1.5,13,1,12],"rotation":90,"texture":"#4"},"west":{"uv":[1.75,12,2.25,11.5],"rotation":270,"texture":"#4"},"up":{"uv":[2,12,1.5,13],"rotation":270,"texture":"#4"},"down":{"uv":[3,12,2.5,13],"rotation":270,"texture":"#4"}}},{"from":[9.11168,10.80196,10.3],"to":[10.11168,11.80196,11.3],"rotation":{"angle":22.5,"axis":"z","origin":[8.59847,10.76205,10.8]},"faces":{"north":{"uv":[1.5,11,2,10.5],"rotation":270,"texture":"#4"},"east":{"uv":[1.5,11.5,2,11],"rotation":270,"texture":"#4"},"south":{"uv":[2,11,1.5,10.5],"rotation":90,"texture":"#4"},"west":{"uv":[1.5,11.5,2,11],"rotation":270,"texture":"#4"},"up":{"uv":[1.75,11.5,1.25,12],"rotation":270,"texture":"#4"},"down":{"uv":[2.75,11.5,2.25,12],"rotation":270,"texture":"#4"}}},{"from":[8.16059,12.1891,10.4],"to":[9.16059,13.1891,11.2],"rotation":{"angle":-45,"axis":"z","origin":[8.59847,10.76205,10.8]},"faces":{"north":{"uv":[1,12,0.5,12.5],"texture":"#4"},"east":{"uv":[3,11,2.5,11.5],"texture":"#4"},"south":{"uv":[0.5,12,1,12.5],"texture":"#4"},"west":{"uv":[1,12.5,0.5,13],"texture":"#4"},"up":{"uv":[1.5,10.5,2,10],"texture":"#4"},"down":{"uv":[1.5,10.5,2,10],"texture":"#4"}}},{"from":[9.7,12.1,10.3],"to":[10.7,15.1,11.3],"rotation":{"angle":0,"axis":"y","origin":[8.59847,10.76205,10.8]},"faces":{"north":{"uv":[0.5,10,1,11.5],"texture":"#4"},"east":{"uv":[0.5,10,0,11.5],"texture":"#4"},"south":{"uv":[1,10,0.5,11.5],"texture":"#4"},"west":{"uv":[0.5,11.5,0,13],"texture":"#4"},"up":{"uv":[1,10.5,1.5,10],"texture":"#4"},"down":{"uv":[1,10.5,1.5,10],"texture":"#4"}}},{"from":[5.5,12.1,10.3],"to":[6.5,15.1,11.3],"rotation":{"angle":0,"axis":"y","origin":[8.59847,10.76205,10.8]},"faces":{"north":{"uv":[1,10,0.5,11.5],"texture":"#4"},"east":{"uv":[0,11.5,0.5,13],"texture":"#4"},"south":{"uv":[0.5,10,1,11.5],"texture":"#4"},"west":{"uv":[0,10,0.5,11.5],"texture":"#4"},"up":{"uv":[1.5,10.5,1,10],"texture":"#4"},"down":{"uv":[1.5,10.5,1,10],"texture":"#4"}}},{"from":[7.33141,12.89405,10.4],"to":[8.33141,13.89405,11.2],"rotation":{"angle":45,"axis":"z","origin":[8.59847,10.76205,10.8]},"faces":{"north":{"uv":[0.5,12,1,12.5],"texture":"#4"},"east":{"uv":[0.5,12.5,1,13],"texture":"#4"},"south":{"uv":[1,12,0.5,12.5],"texture":"#4"},"west":{"uv":[2.5,11,3,11.5],"texture":"#4"},"up":{"uv":[2,10.5,1.5,10],"texture":"#4"},"down":{"uv":[2,10.5,1.5,10],"texture":"#4"}}},{"from":[6.16421,10.42045,10.3],"to":[7.16421,11.42045,11.3],"rotation":{"angle":-22.5,"axis":"z","origin":[8.59847,10.76205,10.8]},"faces":{"north":{"uv":[1.5,10.5,2,11],"rotation":270,"texture":"#4"},"east":{"uv":[1.5,11,2,11.5],"rotation":270,"texture":"#4"},"south":{"uv":[2,10.5,1.5,11],"rotation":90,"texture":"#4"},"west":{"uv":[1.5,11,2,11.5],"rotation":270,"texture":"#4"},"up":{"uv":[1.75,12,1.25,11.5],"rotation":270,"texture":"#4"},"down":{"uv":[2.75,12,2.25,11.5],"rotation":270,"texture":"#4"}}},{"from":[8.35974,15.36272,10.3],"to":[9.35974,16.36272,11.3],"rotation":{"angle":22.5,"axis":"z","origin":[8.59847,10.76205,10.8]},"faces":{"north":{"uv":[2.5,12,2,12.5],"rotation":270,"texture":"#4"},"east":{"uv":[3,12,3.5,12.5],"rotation":90,"texture":"#4"},"south":{"uv":[2.5,12,2,12.5],"rotation":270,"texture":"#4"},"west":{"uv":[2.5,12.5,2,12],"rotation":270,"texture":"#4"},"up":{"uv":[3.25,12,2.75,11.5],"texture":"#4"},"down":{"uv":[2.5,13,2,12.5],"texture":"#4"}}},{"from":[6.4,11.9,10.8],"to":[9.9,15.4,10.8],"rotation":{"angle":0,"axis":"y","origin":[0,7.9,18.8]},"faces":{"north":{"uv":[5.5,13.5,2,10],"texture":"#5"},"east":{"uv":[0,6,0,0],"texture":"#5"},"south":{"uv":[5.5,10,2,13.5],"texture":"#5"},"west":{"uv":[0,6,0,0],"texture":"#5"},"up":{"uv":[0,0,3,0],"texture":"#5"},"down":{"uv":[0,0,3,0],"texture":"#5"}}},{"from":[3.35937,11.7021,10.4],"to":[4.35937,12.7021,11.2],"rotation":{"angle":-45,"axis":"z","origin":[8.59847,10.76205,10.8]},"faces":{"north":{"uv":[1,11,1.5,11.5],"texture":"#4"},"east":{"uv":[0.5,11.5,1,12],"texture":"#4"},"south":{"uv":[1.5,11,1,11.5],"texture":"#4"},"west":{"uv":[3,10,3.5,10.5],"texture":"#4"},"up":{"uv":[1.5,11,1,10.5],"texture":"#4"},"down":{"uv":[1.5,11,1,10.5],"texture":"#4"}}},{"from":[7,-9,7],"to":[9,0,9],"rotation":{"angle":0,"axis":"y","origin":[8,-4.5,8]},"faces":{"north":{"uv":[0,16,4.5,15],"rotation":90,"texture":"#4"},"east":{"uv":[9,4.5,13.5,3.5],"rotation":90,"texture":"#3"},"south":{"uv":[0,15,4.5,16],"rotation":90,"texture":"#4"},"west":{"uv":[0,15,4.5,14],"rotation":90,"texture":"#4"},"up":{"uv":[13,10,12,9],"rotation":90,"texture":"#4"},"down":{"uv":[13,9,12,10],"rotation":270,"texture":"#3"}}},{"from":[7,0,7],"to":[9,9,9],"rotation":{"angle":0,"axis":"y","origin":[8,-4.5,8]},"faces":{"north":{"uv":[0,16,4.5,15],"rotation":90,"texture":"#4"},"east":{"uv":[9,4.5,13.5,3.5],"rotation":90,"texture":"#3"},"south":{"uv":[0,15,4.5,16],"rotation":90,"texture":"#4"},"west":{"uv":[0,15,4.5,14],"rotation":90,"texture":"#4"},"up":{"uv":[13,10,12,9],"rotation":90,"texture":"#4"},"down":{"uv":[13,9,12,10],"rotation":270,"texture":"#3"}}},{"from":[25,-2.5,8],"to":[29,1.5,10],"rotation":{"angle":-45,"axis":"z","origin":[8.59847,18.86205,8]},"faces":{"north":{"uv":[14,9,16,11],"texture":"#4"},"east":{"uv":[15,7,16,9],"texture":"#4"},"south":{"uv":[14,9,16,11],"texture":"#4"},"west":{"uv":[16,9,15,7],"texture":"#4"},"up":{"uv":[14,14,16,15],"rotation":180,"texture":"#4"},"down":{"uv":[16,15,14,14],"rotation":180,"texture":"#4"}}},{"from":[25,-2.5,6],"to":[29,1.5,8],"rotation":{"angle":-45,"axis":"z","origin":[8.59847,18.86205,8]},"faces":{"north":{"uv":[16,9,14,11],"texture":"#4"},"east":{"uv":[16,7,15,9],"texture":"#4"},"south":{"uv":[16,9,14,11],"texture":"#4"},"west":{"uv":[15,9,16,7],"texture":"#4"},"up":{"uv":[14,15,16,14],"rotation":180,"texture":"#4"},"down":{"uv":[16,14,14,15],"rotation":180,"texture":"#4"}}},{"from":[5.47657,8.02343,11.1],"to":[10.47657,9.02343,12.1],"rotation":{"angle":0,"axis":"y","origin":[7.97657,10.5,8.1]},"faces":{"north":{"uv":[11.5,7.5,11,10],"rotation":90,"texture":"#4"},"east":{"uv":[6.25,10,7.25,9.5],"rotation":180,"texture":"#4"},"south":{"uv":[7,10.5,6.5,13],"rotation":270,"texture":"#4"},"west":{"uv":[6.25,10,7.25,9.5],"rotation":180,"texture":"#4"},"up":{"uv":[12,7,9.5,6.5],"rotation":180,"texture":"#4"},"down":{"uv":[12,6.5,9.5,7],"rotation":180,"texture":"#4"}}},{"from":[5.47657,9.02343,5.1],"to":[10.47657,12.02343,11.1],"rotation":{"angle":0,"axis":"y","origin":[7.97657,10.5,8.1]},"faces":{"north":{"uv":[9,10,10.5,12.5],"rotation":90,"texture":"#4"},"east":{"uv":[9,10,7.5,13],"rotation":90,"texture":"#4"},"south":{"uv":[10.5,10,9,12.5],"rotation":270,"texture":"#4"},"west":{"uv":[9,10,7.5,13],"rotation":90,"texture":"#4"},"up":{"uv":[7.5,10,10.5,7.5],"rotation":90,"texture":"#4"},"down":{"uv":[12,9,15,6.5],"rotation":90,"texture":"#4"}}},{"from":[6.57657,11.02343,6.1],"to":[9.57657,12.02343,10.1],"rotation":{"angle":0,"axis":"y","origin":[7.97657,9.5,8.1]},"faces":{"north":{"uv":[13.5,10,13,11.5],"rotation":90,"texture":"#4"},"east":{"uv":[11.5,11.5,11,13.5],"rotation":90,"texture":"#4"},"south":{"uv":[13,10,13.5,11.5],"rotation":270,"texture":"#4"},"west":{"uv":[11.5,11.5,11,13.5],"rotation":90,"texture":"#4"},"up":{"uv":[11,11.5,13,10],"rotation":90,"texture":"#4"},"down":{"uv":[11,11.5,13,10],"rotation":90,"texture":"#4"}}},{"from":[10.47657,8.02343,5.1],"to":[11.47657,9.02343,11.1],"rotation":{"angle":0,"axis":"y","origin":[7.97657,10.5,8.1]},"faces":{"north":{"uv":[8,13.5,7.5,13],"rotation":90,"texture":"#4"},"east":{"uv":[11,10.5,10.5,7.5],"rotation":90,"texture":"#4"},"south":{"uv":[8,13.5,7.5,13],"rotation":270,"texture":"#4"},"west":{"uv":[11,13.5,10.5,10.5],"rotation":90,"texture":"#4"},"up":{"uv":[7,10.5,7.5,13.5],"rotation":180,"texture":"#4"},"down":{"uv":[7,10.5,7.5,13.5],"rotation":180,"texture":"#4"}}},{"from":[5.47657,8.02343,4.1],"to":[10.47657,9.02343,5.1],"rotation":{"angle":0,"axis":"y","origin":[7.97657,10.5,8.1]},"faces":{"north":{"uv":[6.5,10.5,7,13],"rotation":90,"texture":"#4"},"east":{"uv":[7.25,10,6.25,9.5],"rotation":180,"texture":"#4"},"south":{"uv":[11.5,7.5,12,10],"rotation":270,"texture":"#4"},"west":{"uv":[7.25,10,6.25,9.5],"rotation":180,"texture":"#4"},"up":{"uv":[12,6.5,9.5,7],"rotation":180,"texture":"#4"},"down":{"uv":[12,7,9.5,6.5],"rotation":180,"texture":"#4"}}},{"from":[4.47657,8.02343,5.1],"to":[5.47657,9.02343,11.1],"rotation":{"angle":0,"axis":"y","origin":[7.97657,10.5,8.1]},"faces":{"north":{"uv":[8,13,7.5,13.5],"rotation":90,"texture":"#4"},"east":{"uv":[11,10.5,10.5,13.5],"rotation":90,"texture":"#4"},"south":{"uv":[8,13,7.5,13.5],"rotation":270,"texture":"#4"},"west":{"uv":[11,7.5,10.5,10.5],"rotation":90,"texture":"#4"},"up":{"uv":[7.5,10.5,7,13.5],"rotation":180,"texture":"#4"},"down":{"uv":[7.5,10.5,7,13.5],"rotation":180,"texture":"#4"}}},{"from":[8.72783,7.47657,3.99812],"to":[9.72783,9.47657,4.99812],"rotation":{"angle":0,"axis":"y","origin":[7.97657,10.5,8.1]},"faces":{"north":{"uv":[6.5,4.5,5.5,5],"rotation":270,"texture":"#2"},"east":{"uv":[2,7.5,1,8],"rotation":270,"texture":"#2"},"south":{"uv":[6.5,4,5.5,4.5],"rotation":270,"texture":"#2"},"west":{"uv":[2,8,1,7.5],"rotation":270,"texture":"#2"},"up":{"uv":[6,3.5,5.5,4],"texture":"#2"},"down":{"uv":[6,3.5,5.5,4],"rotation":180,"texture":"#2"}}},{"from":[8.82783,8.01415,4.65529],"to":[9.62783,9.01415,5.65529],"rotation":{"angle":22.5,"axis":"x","origin":[7.97657,10.5,8.1]},"faces":{"north":{"uv":[5,1.5,5.5,1],"rotation":180,"texture":"#2"},"east":{"uv":[5,2.5,5.5,2],"rotation":180,"texture":"#2"},"south":{"uv":[5,2,5.5,1.5],"rotation":180,"texture":"#2"},"west":{"uv":[5.5,2.5,5,2],"rotation":180,"texture":"#2"},"up":{"uv":[5,3,5.5,2.5],"rotation":270,"texture":"#2"},"down":{"uv":[5,3.5,5.5,3],"rotation":90,"texture":"#2"}}},{"from":[6.52783,7.77586,5.53031],"to":[7.12783,8.77586,6.53031],"rotation":{"angle":45,"axis":"x","origin":[7.97657,10.5,8.1]},"faces":{"north":{"uv":[5.25,4,5.5,3.5],"rotation":180,"texture":"#2"},"east":{"uv":[5,4.5,5.5,4],"rotation":180,"texture":"#2"},"south":{"uv":[5,4,5.25,3.5],"rotation":180,"texture":"#2"},"west":{"uv":[5.5,4.5,5,4],"rotation":180,"texture":"#2"},"up":{"uv":[5,4.75,5.5,4.5],"rotation":270,"texture":"#2"},"down":{"uv":[5,5,5.5,4.75],"rotation":90,"texture":"#2"}}},{"from":[6.42783,8.01415,4.65529],"to":[7.22783,9.01415,5.65529],"rotation":{"angle":22.5,"axis":"x","origin":[7.97657,10.5,8.1]},"faces":{"north":{"uv":[5,1.5,5.5,1],"rotation":180,"texture":"#2"},"east":{"uv":[5,2.5,5.5,2],"rotation":180,"texture":"#2"},"south":{"uv":[5,2,5.5,1.5],"rotation":180,"texture":"#2"},"west":{"uv":[5.5,2.5,5,2],"rotation":180,"texture":"#2"},"up":{"uv":[5,3,5.5,2.5],"rotation":270,"texture":"#2"},"down":{"uv":[5,3.5,5.5,3],"rotation":90,"texture":"#2"}}},{"from":[6.32783,7.47657,3.99812],"to":[7.32783,9.47657,4.99812],"rotation":{"angle":0,"axis":"y","origin":[7.97657,10.5,8.1]},"faces":{"north":{"uv":[6.5,4.5,5.5,5],"rotation":270,"texture":"#2"},"east":{"uv":[2,7.5,1,8],"rotation":270,"texture":"#2"},"south":{"uv":[6.5,4,5.5,4.5],"rotation":270,"texture":"#2"},"west":{"uv":[2,8,1,7.5],"rotation":270,"texture":"#2"},"up":{"uv":[6,3.5,5.5,4],"texture":"#2"},"down":{"uv":[6,3.5,5.5,4],"rotation":180,"texture":"#2"}}},{"from":[8.92783,7.77586,5.53031],"to":[9.52783,8.77586,6.53031],"rotation":{"angle":45,"axis":"x","origin":[7.97657,10.5,8.1]},"faces":{"north":{"uv":[5.25,4,5.5,3.5],"rotation":180,"texture":"#2"},"east":{"uv":[5,4.5,5.5,4],"rotation":180,"texture":"#2"},"south":{"uv":[5,4,5.25,3.5],"rotation":180,"texture":"#2"},"west":{"uv":[5.5,4.5,5,4],"rotation":180,"texture":"#2"},"up":{"uv":[5,4.75,5.5,4.5],"rotation":270,"texture":"#2"},"down":{"uv":[5,5,5.5,4.75],"rotation":90,"texture":"#2"}}},{"from":[8.72783,7.47657,11.20188],"to":[9.72783,9.47657,12.20188],"rotation":{"angle":0,"axis":"y","origin":[7.97657,10.5,8.1]},"faces":{"north":{"uv":[5.5,4,6.5,4.5],"rotation":90,"texture":"#2"},"east":{"uv":[2,8,1,7.5],"rotation":270,"texture":"#2"},"south":{"uv":[5.5,4.5,6.5,5],"rotation":90,"texture":"#2"},"west":{"uv":[2,7.5,1,8],"rotation":270,"texture":"#2"},"up":{"uv":[6,4,5.5,3.5],"texture":"#2"},"down":{"uv":[6,4,5.5,3.5],"rotation":180,"texture":"#2"}}},{"from":[8.82783,8.01415,10.54471],"to":[9.62783,9.01415,11.54471],"rotation":{"angle":-22.5,"axis":"x","origin":[7.97657,10.5,8.1]},"faces":{"north":{"uv":[5,1.5,5.5,2],"texture":"#2"},"east":{"uv":[5.5,2.5,5,2],"rotation":180,"texture":"#2"},"south":{"uv":[5,1,5.5,1.5],"texture":"#2"},"west":{"uv":[5,2.5,5.5,2],"rotation":180,"texture":"#2"},"up":{"uv":[5.5,3,5,2.5],"rotation":270,"texture":"#2"},"down":{"uv":[5.5,3.5,5,3],"rotation":90,"texture":"#2"}}},{"from":[6.52783,7.77586,9.66969],"to":[7.12783,8.77586,10.66969],"rotation":{"angle":-45,"axis":"x","origin":[7.97657,10.5,8.1]},"faces":{"north":{"uv":[5,3.5,5.25,4],"texture":"#2"},"east":{"uv":[5.5,4.5,5,4],"rotation":180,"texture":"#2"},"south":{"uv":[5.25,3.5,5.5,4],"texture":"#2"},"west":{"uv":[5,4.5,5.5,4],"rotation":180,"texture":"#2"},"up":{"uv":[5.5,4.75,5,4.5],"rotation":270,"texture":"#2"},"down":{"uv":[5.5,5,5,4.75],"rotation":90,"texture":"#2"}}},{"from":[6.42783,8.01415,10.54471],"to":[7.22783,9.01415,11.54471],"rotation":{"angle":-22.5,"axis":"x","origin":[7.97657,10.5,8.1]},"faces":{"north":{"uv":[5,1.5,5.5,2],"texture":"#2"},"east":{"uv":[5.5,2.5,5,2],"rotation":180,"texture":"#2"},"south":{"uv":[5,1,5.5,1.5],"texture":"#2"},"west":{"uv":[5,2.5,5.5,2],"rotation":180,"texture":"#2"},"up":{"uv":[5.5,3,5,2.5],"rotation":270,"texture":"#2"},"down":{"uv":[5.5,3.5,5,3],"rotation":90,"texture":"#2"}}},{"from":[6.32783,7.47657,11.20188],"to":[7.32783,9.47657,12.20188],"rotation":{"angle":0,"axis":"y","origin":[7.97657,10.5,8.1]},"faces":{"north":{"uv":[5.5,4,6.5,4.5],"rotation":90,"texture":"#2"},"east":{"uv":[2,8,1,7.5],"rotation":270,"texture":"#2"},"south":{"uv":[5.5,4.5,6.5,5],"rotation":90,"texture":"#2"},"west":{"uv":[2,7.5,1,8],"rotation":270,"texture":"#2"},"up":{"uv":[6,4,5.5,3.5],"texture":"#2"},"down":{"uv":[6,4,5.5,3.5],"rotation":180,"texture":"#2"}}},{"from":[8.92783,7.77586,9.66969],"to":[9.52783,8.77586,10.66969],"rotation":{"angle":-45,"axis":"x","origin":[7.97657,10.5,8.1]},"faces":{"north":{"uv":[5,3.5,5.25,4],"texture":"#2"},"east":{"uv":[5.5,4.5,5,4],"rotation":180,"texture":"#2"},"south":{"uv":[5.25,3.5,5.5,4],"texture":"#2"},"west":{"uv":[5,4.5,5.5,4],"rotation":180,"texture":"#2"},"up":{"uv":[5.5,4.75,5,4.5],"rotation":270,"texture":"#2"},"down":{"uv":[5.5,5,5,4.75],"rotation":90,"texture":"#2"}}},{"from":[13,2,7.5],"to":[15,6,10.5],"rotation":{"angle":-45,"axis":"y","origin":[15,-0.5,2]},"faces":{"north":{"uv":[9,5.75,10,7.75],"texture":"#2"},"east":{"uv":[11.5,5.75,10,7.75],"texture":"#2"},"south":{"uv":[9,5.75,10,7.75],"texture":"#2"},"west":{"uv":[10,5.75,11.5,7.75],"texture":"#2"},"up":{"uv":[8.5,1,7,0],"rotation":270,"texture":"#2"},"down":{"uv":[8.5,1,7,0],"rotation":90,"texture":"#2"}}},{"from":[1,2,7.5],"to":[3,6,10.5],"rotation":{"angle":45,"axis":"y","origin":[1,-0.5,2]},"faces":{"north":{"uv":[10,5.75,9,7.75],"texture":"#2"},"east":{"uv":[11.5,5.75,10,7.75],"texture":"#2"},"south":{"uv":[10,5.75,9,7.75],"texture":"#2"},"west":{"uv":[11.5,5.75,10,7.75],"texture":"#2"},"up":{"uv":[8.5,0,7,1],"rotation":270,"texture":"#2"},"down":{"uv":[8.5,0,7,1],"rotation":90,"texture":"#2"}}},{"from":[13,2,5.5],"to":[15,6,8.5],"rotation":{"angle":45,"axis":"y","origin":[15,-0.5,14]},"faces":{"north":{"uv":[10,5.75,9,7.75],"texture":"#2"},"east":{"uv":[10,5.75,11.5,7.75],"texture":"#2"},"south":{"uv":[10,5.75,9,7.75],"texture":"#2"},"west":{"uv":[11.5,5.75,10,7.75],"texture":"#2"},"up":{"uv":[7,1,8.5,0],"rotation":270,"texture":"#2"},"down":{"uv":[7,1,8.5,0],"rotation":90,"texture":"#2"}}},{"from":[1,2,5.5],"to":[3,6,8.5],"rotation":{"angle":-45,"axis":"y","origin":[1,-0.5,14]},"faces":{"north":{"uv":[9,5.75,10,7.75],"texture":"#2"},"east":{"uv":[10,5.75,11.5,7.75],"texture":"#2"},"south":{"uv":[9,5.75,10,7.75],"texture":"#2"},"west":{"uv":[10,5.75,11.5,7.75],"texture":"#2"},"up":{"uv":[7,0,8.5,1],"rotation":270,"texture":"#2"},"down":{"uv":[7,0,8.5,1],"rotation":90,"texture":"#2"}}},{"from":[6.57657,12.02343,6.1],"to":[9.57657,13.02343,10.1],"rotation":{"angle":0,"axis":"y","origin":[7.97657,21.5,8.1]},"faces":{"north":{"uv":[13.5,10,13,11.5],"rotation":90,"texture":"#4"},"east":{"uv":[11.5,11.5,11,13.5],"rotation":90,"texture":"#4"},"south":{"uv":[13,10,13.5,11.5],"rotation":270,"texture":"#4"},"west":{"uv":[11.5,11.5,11,13.5],"rotation":90,"texture":"#4"},"up":{"uv":[11,11.5,13,10],"rotation":90,"texture":"#4"},"down":{"uv":[11,11.5,13,10],"rotation":90,"texture":"#4"}}},{"from":[1,13,6],"to":[15,18,10],"rotation":{"angle":0,"axis":"y","origin":[-2,0,0]},"faces":{"north":{"uv":[0,2,7,4.5],"texture":"#7"},"east":{"uv":[7,0,9,2.5],"texture":"#7"},"south":{"uv":[0,2,7,4.5],"texture":"#7"},"west":{"uv":[7,0,9,2.5],"texture":"#7"},"up":{"uv":[0,0,7,2],"texture":"#7"},"down":{"uv":[0,4.5,7,6.5],"texture":"#7"}}},{"from":[-8,14.5,7],"to":[-7,16.5,9],"rotation":{"angle":0,"axis":"y","origin":[7,26,8]},"faces":{"north":{"uv":[3,13,2,13.5],"rotation":270,"texture":"#11"},"east":{"uv":[5,13,4,14],"rotation":90,"texture":"#11"},"south":{"uv":[3,13,2,13.5],"rotation":90,"texture":"#11"},"west":{"uv":[4,13,3,14],"rotation":90,"texture":"#11"},"up":{"uv":[3,13.5,2,14],"rotation":90,"texture":"#11"},"down":{"uv":[3,13.5,2,14],"rotation":90,"texture":"#11"}}},{"from":[-1,14.5,7],"to":[0,16.5,9],"rotation":{"angle":0,"axis":"y","origin":[7,26,8]},"faces":{"north":{"uv":[9.5,7,10,6],"rotation":180,"texture":"#11"},"east":{"uv":[2,13,1,14],"rotation":90,"texture":"#11"},"south":{"uv":[9.5,7,10,6],"texture":"#11"},"west":{"uv":[2,13,1,14],"rotation":90,"texture":"#11"},"up":{"uv":[9.5,6,10,5],"texture":"#11"},"down":{"uv":[9.5,6,10,5],"texture":"#11"}}},{"from":[-7,16.5,7],"to":[1,17.5,9],"rotation":{"angle":0,"axis":"y","origin":[7,26,8]},"faces":{"north":{"uv":[5.5,15.5,9.5,16],"rotation":180,"texture":"#11"},"east":{"uv":[9.5,15,10,16],"rotation":90,"texture":"#11"},"south":{"uv":[5.5,16,9.5,15.5],"texture":"#11"},"west":{"uv":[9.5,14,10,15],"rotation":90,"texture":"#11"},"up":{"uv":[10,4,11,8],"rotation":90,"texture":"#11"},"down":{"uv":[11,4,12,8],"rotation":90,"texture":"#11"}}},{"from":[-5,18.5,7],"to":[0,19.5,9],"rotation":{"angle":0,"axis":"y","origin":[7,26,8]},"faces":{"north":{"uv":[2.5,14,5,14.5],"rotation":180,"texture":"#11"},"east":{"uv":[5,14,6,14.5],"texture":"#11"},"south":{"uv":[2.5,14.5,5,14],"texture":"#11"},"west":{"uv":[1.5,14,2.5,14.5],"texture":"#11"},"up":{"uv":[1,14.5,3.5,15.5],"texture":"#11"},"down":{"uv":[3.5,14.5,6,15.5],"texture":"#11"}}},{"from":[-4,19.5,7],"to":[-1,20.5,9],"rotation":{"angle":0,"axis":"y","origin":[7,26,8]},"faces":{"north":{"uv":[9.5,7,10,8.5],"rotation":270,"texture":"#11"},"east":{"uv":[5,13.5,6,14],"texture":"#11"},"south":{"uv":[10,7,9.5,8.5],"rotation":90,"texture":"#11"},"west":{"uv":[5,13.5,6,13],"texture":"#11"},"up":{"uv":[0,12.5,1,14],"rotation":90,"texture":"#11"},"down":{"uv":[0,14,1,15.5],"rotation":90,"texture":"#11"}}},{"from":[-6,17.5,7],"to":[1,18.5,9],"rotation":{"angle":0,"axis":"y","origin":[7,26,8]},"faces":{"north":{"uv":[9.5,10.5,10,14],"rotation":270,"texture":"#11"},"east":{"uv":[9.5,9.5,10,10.5],"rotation":90,"texture":"#11"},"south":{"uv":[10,10.5,9.5,14],"rotation":90,"texture":"#11"},"west":{"uv":[9.5,8.5,10,9.5],"rotation":90,"texture":"#11"},"up":{"uv":[6,13.5,9.5,14.5],"texture":"#11"},"down":{"uv":[6,14.5,9.5,15.5],"texture":"#11"}}},{"from":[-6,12.5,7],"to":[1,13.5,9],"rotation":{"angle":0,"axis":"y","origin":[7,26,8]},"faces":{"north":{"uv":[10,10.5,9.5,14],"rotation":270,"texture":"#11"},"east":{"uv":[10,9.5,9.5,10.5],"rotation":90,"texture":"#11"},"south":{"uv":[9.5,10.5,10,14],"rotation":90,"texture":"#11"},"west":{"uv":[10,8.5,9.5,9.5],"rotation":90,"texture":"#11"},"up":{"uv":[6,15.5,9.5,14.5],"texture":"#11"},"down":{"uv":[6,14.5,9.5,13.5],"texture":"#11"}}},{"from":[-4,10.5,7],"to":[-1,11.5,9],"rotation":{"angle":0,"axis":"y","origin":[7,26,8]},"faces":{"north":{"uv":[10,7,9.5,8.5],"rotation":270,"texture":"#11"},"east":{"uv":[5,14,6,13.5],"texture":"#11"},"south":{"uv":[9.5,7,10,8.5],"rotation":90,"texture":"#11"},"west":{"uv":[5,13.5,6,13],"texture":"#11"},"up":{"uv":[1,14,0,15.5],"rotation":90,"texture":"#11"},"down":{"uv":[1,12.5,0,14],"rotation":90,"texture":"#11"}}},{"from":[-7,14.5,8],"to":[-1,16.5,8],"rotation":{"angle":0,"axis":"y","origin":[7,26,8]},"faces":{"north":{"uv":[7.5,11,9.5,5],"rotation":270,"texture":"#12"},"east":{"uv":[0,0,0,2],"rotation":180,"texture":"#12"},"south":{"uv":[7.5,5,9.5,11],"rotation":270,"texture":"#12"},"west":{"uv":[0,0,0,2],"rotation":180,"texture":"#12"},"up":{"uv":[0,0,6,0],"rotation":180,"texture":"#12"},"down":{"uv":[0,0,6,0],"rotation":180,"texture":"#12"}}},{"from":[-5,11.5,7],"to":[0,12.5,9],"rotation":{"angle":0,"axis":"y","origin":[7,26,8]},"faces":{"north":{"uv":[2.5,14.5,5,14],"rotation":180,"texture":"#11"},"east":{"uv":[5,14.5,6,14],"texture":"#11"},"south":{"uv":[2.5,14,5,14.5],"texture":"#11"},"west":{"uv":[1.5,14.5,2.5,14],"texture":"#11"},"up":{"uv":[3.5,15.5,6,14.5],"texture":"#11"},"down":{"uv":[1,15.5,3.5,14.5],"texture":"#11"}}},{"from":[-7,13.5,7],"to":[1,14.5,9],"rotation":{"angle":0,"axis":"y","origin":[7,26,8]},"faces":{"north":{"uv":[5.5,16,9.5,15.5],"rotation":180,"texture":"#11"},"east":{"uv":[10,15,9.5,16],"rotation":90,"texture":"#11"},"south":{"uv":[5.5,15.5,9.5,16],"texture":"#11"},"west":{"uv":[10,14,9.5,15],"rotation":90,"texture":"#11"},"up":{"uv":[12,4,11,8],"rotation":90,"texture":"#11"},"down":{"uv":[11,4,10,8],"rotation":90,"texture":"#11"}}},{"from":[23,14.5,7],"to":[24,16.5,9],"rotation":{"angle":0,"axis":"y","origin":[9,26,8]},"faces":{"north":{"uv":[3,13.5,2,13],"rotation":270,"texture":"#11"},"east":{"uv":[4,14,3,13],"rotation":90,"texture":"#11"},"south":{"uv":[3,13.5,2,13],"rotation":90,"texture":"#11"},"west":{"uv":[5,14,4,13],"rotation":90,"texture":"#11"},"up":{"uv":[3,14,2,13.5],"rotation":90,"texture":"#11"},"down":{"uv":[3,14,2,13.5],"rotation":90,"texture":"#11"}}},{"from":[16,14.5,7],"to":[17,16.5,9],"rotation":{"angle":0,"axis":"y","origin":[9,26,8]},"faces":{"north":{"uv":[10,7,9.5,6],"rotation":180,"texture":"#11"},"east":{"uv":[2,14,1,13],"rotation":90,"texture":"#11"},"south":{"uv":[10,7,9.5,6],"texture":"#11"},"west":{"uv":[2,14,1,13],"rotation":90,"texture":"#11"},"up":{"uv":[10,6,9.5,5],"texture":"#11"},"down":{"uv":[10,6,9.5,5],"texture":"#11"}}},{"from":[15,16.5,7],"to":[23,17.5,9],"rotation":{"angle":0,"axis":"y","origin":[9,26,8]},"faces":{"north":{"uv":[9.5,15.5,5.5,16],"rotation":180,"texture":"#11"},"east":{"uv":[9.5,15,10,14],"rotation":90,"texture":"#11"},"south":{"uv":[9.5,16,5.5,15.5],"texture":"#11"},"west":{"uv":[9.5,16,10,15],"rotation":90,"texture":"#11"},"up":{"uv":[10,8,11,4],"rotation":90,"texture":"#11"},"down":{"uv":[11,8,12,4],"rotation":90,"texture":"#11"}}},{"from":[16,18.5,7],"to":[21,19.5,9],"rotation":{"angle":0,"axis":"y","origin":[9,26,8]},"faces":{"north":{"uv":[5,14,2.5,14.5],"rotation":180,"texture":"#11"},"east":{"uv":[2.5,14,1.5,14.5],"texture":"#11"},"south":{"uv":[5,14.5,2.5,14],"texture":"#11"},"west":{"uv":[6,14,5,14.5],"texture":"#11"},"up":{"uv":[3.5,14.5,1,15.5],"texture":"#11"},"down":{"uv":[6,14.5,3.5,15.5],"texture":"#11"}}},{"from":[17,19.5,7],"to":[20,20.5,9],"rotation":{"angle":0,"axis":"y","origin":[9,26,8]},"faces":{"north":{"uv":[9.5,8.5,10,7],"rotation":270,"texture":"#11"},"east":{"uv":[6,13.5,5,13],"texture":"#11"},"south":{"uv":[10,8.5,9.5,7],"rotation":90,"texture":"#11"},"west":{"uv":[6,13.5,5,14],"texture":"#11"},"up":{"uv":[0,14,1,12.5],"rotation":90,"texture":"#11"},"down":{"uv":[0,15.5,1,14],"rotation":90,"texture":"#11"}}},{"from":[15,17.5,7],"to":[22,18.5,9],"rotation":{"angle":0,"axis":"y","origin":[9,26,8]},"faces":{"north":{"uv":[9.5,14,10,10.5],"rotation":270,"texture":"#11"},"east":{"uv":[9.5,9.5,10,8.5],"rotation":90,"texture":"#11"},"south":{"uv":[10,14,9.5,10.5],"rotation":90,"texture":"#11"},"west":{"uv":[9.5,10.5,10,9.5],"rotation":90,"texture":"#11"},"up":{"uv":[9.5,13.5,6,14.5],"texture":"#11"},"down":{"uv":[9.5,14.5,6,15.5],"texture":"#11"}}},{"from":[15,12.5,7],"to":[22,13.5,9],"rotation":{"angle":0,"axis":"y","origin":[9,26,8]},"faces":{"north":{"uv":[10,14,9.5,10.5],"rotation":270,"texture":"#11"},"east":{"uv":[10,9.5,9.5,8.5],"rotation":90,"texture":"#11"},"south":{"uv":[9.5,14,10,10.5],"rotation":90,"texture":"#11"},"west":{"uv":[10,10.5,9.5,9.5],"rotation":90,"texture":"#11"},"up":{"uv":[9.5,15.5,6,14.5],"texture":"#11"},"down":{"uv":[9.5,14.5,6,13.5],"texture":"#11"}}},{"from":[17,10.5,7],"to":[20,11.5,9],"rotation":{"angle":0,"axis":"y","origin":[9,26,8]},"faces":{"north":{"uv":[10,8.5,9.5,7],"rotation":270,"texture":"#11"},"east":{"uv":[6,13.5,5,13],"texture":"#11"},"south":{"uv":[9.5,8.5,10,7],"rotation":90,"texture":"#11"},"west":{"uv":[6,14,5,13.5],"texture":"#11"},"up":{"uv":[1,15.5,0,14],"rotation":90,"texture":"#11"},"down":{"uv":[1,14,0,12.5],"rotation":90,"texture":"#11"}}},{"from":[17,14.5,8],"to":[23,16.5,8],"rotation":{"angle":0,"axis":"y","origin":[9,26,8]},"faces":{"north":{"uv":[7.5,5,9.5,11],"rotation":270,"texture":"#12"},"east":{"uv":[0,0,0,2],"rotation":180,"texture":"#12"},"south":{"uv":[7.5,11,9.5,5],"rotation":270,"texture":"#12"},"west":{"uv":[0,0,0,2],"rotation":180,"texture":"#12"},"up":{"uv":[6,0,0,0],"rotation":180,"texture":"#12"},"down":{"uv":[6,0,0,0],"rotation":180,"texture":"#12"}}},{"from":[16,11.5,7],"to":[21,12.5,9],"rotation":{"angle":0,"axis":"y","origin":[9,26,8]},"faces":{"north":{"uv":[5,14.5,2.5,14],"rotation":180,"texture":"#11"},"east":{"uv":[2.5,14.5,1.5,14],"texture":"#11"},"south":{"uv":[5,14,2.5,14.5],"texture":"#11"},"west":{"uv":[6,14.5,5,14],"texture":"#11"},"up":{"uv":[6,15.5,3.5,14.5],"texture":"#11"},"down":{"uv":[3.5,15.5,1,14.5],"texture":"#11"}}},{"from":[15,13.5,7],"to":[23,14.5,9],"rotation":{"angle":0,"axis":"y","origin":[9,26,8]},"faces":{"north":{"uv":[9.5,16,5.5,15.5],"rotation":180,"texture":"#11"},"east":{"uv":[10,15,9.5,14],"rotation":90,"texture":"#11"},"south":{"uv":[9.5,15.5,5.5,16],"texture":"#11"},"west":{"uv":[10,16,9.5,15],"rotation":90,"texture":"#11"},"up":{"uv":[12,8,11,4],"rotation":90,"texture":"#11"},"down":{"uv":[11,8,10,4],"rotation":90,"texture":"#11"}}},{"from":[5.5,18,5],"to":[10.5,19,11],"rotation":{"angle":0,"axis":"y","origin":[19.5,2,16]},"faces":{"north":{"uv":[10.5,9,10,11.5],"rotation":90,"texture":"#3"},"east":{"uv":[7,9.5,4,10],"rotation":180,"texture":"#3"},"south":{"uv":[10,9,10.5,11.5],"rotation":270,"texture":"#3"},"west":{"uv":[7,10,4,9.5],"texture":"#3"},"up":{"uv":[8.5,7,5.5,9.5],"rotation":270,"texture":"#3"},"down":{"uv":[8.5,7,5.5,9.5],"rotation":270,"texture":"#3"}}},{"from":[6.5,19,6],"to":[9.5,20,10],"rotation":{"angle":0,"axis":"y","origin":[19.5,2,16]},"faces":{"north":{"uv":[9.5,10,10,11.5],"rotation":90,"texture":"#3"},"east":{"uv":[9.5,10,7.5,9.5],"rotation":180,"texture":"#3"},"south":{"uv":[10,10,9.5,11.5],"rotation":270,"texture":"#3"},"west":{"uv":[9.5,9.5,7.5,10],"texture":"#3"},"up":{"uv":[9.5,10,7.5,11.5],"rotation":270,"texture":"#3"},"down":{"uv":[9.5,10,7.5,11.5],"rotation":270,"texture":"#3"}}},{"from":[3.3,17.2,7.5],"to":[4.3,18.2,8.5],"rotation":{"angle":-22.5,"axis":"z","origin":[5,19.5,8]},"faces":{"north":{"uv":[4,4,4.5,4.5],"rotation":180,"texture":"#2"},"east":{"uv":[4,5,4.5,4.5],"rotation":180,"texture":"#2"},"south":{"uv":[4,4.5,4.5,4],"texture":"#2"},"west":{"uv":[4.5,5,5,4.5],"texture":"#2"},"up":{"uv":[4.5,4.5,5,4],"rotation":180,"texture":"#2"},"down":{"uv":[4.5,4.5,5,4],"rotation":180,"texture":"#2"}}},{"from":[3.1,19.6,7.7],"to":[4.1,20.6,8.3],"rotation":{"angle":45,"axis":"z","origin":[5,19.5,8]},"faces":{"north":{"uv":[5,4,5.5,4.5],"rotation":90,"texture":"#2"},"east":{"uv":[5.5,4.75,5,5],"rotation":90,"texture":"#2"},"south":{"uv":[5.5,4,5,4.5],"rotation":270,"texture":"#2"},"west":{"uv":[5.5,4.5,5,4.75],"rotation":90,"texture":"#2"},"up":{"uv":[5.5,3.5,5.25,4],"rotation":270,"texture":"#2"},"down":{"uv":[5.25,3.5,5,4],"rotation":270,"texture":"#2"}}},{"from":[3.7,19.2,7.6],"to":[4.7,20.2,8.4],"rotation":{"angle":22.5,"axis":"z","origin":[5,19.5,8]},"faces":{"north":{"uv":[5,2,5.5,2.5],"rotation":90,"texture":"#2"},"east":{"uv":[5.5,3,5,3.5],"rotation":90,"texture":"#2"},"south":{"uv":[5.5,2,5,2.5],"rotation":270,"texture":"#2"},"west":{"uv":[5.5,2.5,5,3],"rotation":90,"texture":"#2"},"up":{"uv":[5.5,1,5,1.5],"rotation":270,"texture":"#2"},"down":{"uv":[5.5,1.5,5,2],"rotation":270,"texture":"#2"}}},{"from":[4.5,19,7.5],"to":[6.5,20,8.5],"rotation":{"angle":0,"axis":"y","origin":[-4.1,9,16]},"faces":{"north":{"uv":[1,7.5,2,8],"rotation":180,"texture":"#2"},"east":{"uv":[5.5,4,6,3.5],"rotation":180,"texture":"#2"},"south":{"uv":[1,8,2,7.5],"texture":"#2"},"west":{"uv":[5.5,4,6,3.5],"rotation":180,"texture":"#2"},"up":{"uv":[5.5,5,6.5,4.5],"texture":"#2"},"down":{"uv":[5.5,4.5,6.5,4],"texture":"#2"}}},{"from":[11.7,17.2,7.5],"to":[12.7,18.2,8.5],"rotation":{"angle":22.5,"axis":"z","origin":[11,19.5,8]},"faces":{"north":{"uv":[4.5,4,4,4.5],"rotation":180,"texture":"#2"},"east":{"uv":[5,5,4.5,4.5],"texture":"#2"},"south":{"uv":[4.5,4.5,4,4],"texture":"#2"},"west":{"uv":[4.5,5,4,4.5],"rotation":180,"texture":"#2"},"up":{"uv":[5,4.5,4.5,4],"rotation":180,"texture":"#2"},"down":{"uv":[5,4.5,4.5,4],"rotation":180,"texture":"#2"}}},{"from":[11.9,19.6,7.7],"to":[12.9,20.6,8.3],"rotation":{"angle":-45,"axis":"z","origin":[11,19.5,8]},"faces":{"north":{"uv":[5,4.5,5.5,4],"rotation":90,"texture":"#2"},"east":{"uv":[5.5,4.75,5,4.5],"rotation":90,"texture":"#2"},"south":{"uv":[5.5,4.5,5,4],"rotation":270,"texture":"#2"},"west":{"uv":[5.5,5,5,4.75],"rotation":90,"texture":"#2"},"up":{"uv":[5.5,4,5.25,3.5],"rotation":270,"texture":"#2"},"down":{"uv":[5.25,4,5,3.5],"rotation":270,"texture":"#2"}}},{"from":[11.3,19.2,7.6],"to":[12.3,20.2,8.4],"rotation":{"angle":-22.5,"axis":"z","origin":[11,19.5,8]},"faces":{"north":{"uv":[5,2.5,5.5,2],"rotation":90,"texture":"#2"},"east":{"uv":[5.5,3,5,2.5],"rotation":90,"texture":"#2"},"south":{"uv":[5.5,2.5,5,2],"rotation":270,"texture":"#2"},"west":{"uv":[5.5,3.5,5,3],"rotation":90,"texture":"#2"},"up":{"uv":[5.5,1.5,5,1],"rotation":270,"texture":"#2"},"down":{"uv":[5.5,2,5,1.5],"rotation":270,"texture":"#2"}}},{"from":[9.5,19,7.5],"to":[11.5,20,8.5],"rotation":{"angle":0,"axis":"y","origin":[20.1,9,16]},"faces":{"north":{"uv":[2,7.5,1,8],"rotation":180,"texture":"#2"},"east":{"uv":[6,4,5.5,3.5],"rotation":180,"texture":"#2"},"south":{"uv":[2,8,1,7.5],"texture":"#2"},"west":{"uv":[6,4,5.5,3.5],"rotation":180,"texture":"#2"},"up":{"uv":[6.5,5,5.5,4.5],"texture":"#2"},"down":{"uv":[6.5,4.5,5.5,4],"texture":"#2"}}}],"gui_light":"front","display":{"thirdperson_righthand":{"rotation":[0,90,0],"translation":[0,2.75,0.75],"scale":[0.48,0.48,0.48]},"thirdperson_lefthand":{"rotation":[0,90,0],"translation":[0,2.75,0.75],"scale":[0.48,0.48,0.48]},"firstperson_righthand":{"rotation":[-10,102,0],"translation":[-0.5,3.25,2.25],"scale":[0.47,0.47,0.47]},"firstperson_lefthand":{"rotation":[-10,102,0],"translation":[-0.5,3.25,2.25],"scale":[0.47,0.47,0.47]},"ground":{"rotation":[45,0,0],"translation":[0,7.5,0],"scale":[0.37,0.37,0.37]},"gui":{"rotation":[0,0,-45],"translation":[-0.5,-0.75,0],"scale":[0.45,0.45,0.45]},"head":{"scale":[0,0,0]},"fixed":{"rotation":[-180,0,-180],"translation":[-0.5,1.25,-6.25],"scale":[1.5,1.5,1.5]}}}