{"credit":"MadewithBlockbench","texture_size":[32,32],"textures":{"0":"elitecreatures:valentines_animated_weapon_and_tool_set_v1/cloudheart","2":"elitecreatures:valentines_animated_weapon_and_tool_set_v1/valentine_tex1","3":"elitecreatures:valentines_animated_weapon_and_tool_set_v1/valentine_tex2","4":"elitecreatures:valentines_animated_weapon_and_tool_set_v1/valentine_tex3","5":"elitecreatures:valentines_animated_weapon_and_tool_set_v1/cameralens1","6":"elitecreatures:valentines_animated_weapon_and_tool_set_v1/valentine_tex5","7":"elitecreatures:valentines_animated_weapon_and_tool_set_v1/bowfill","particle":"elitecreatures:valentines_animated_weapon_and_tool_set_v1/cloudheart"},"elements":[{"from":[7,-1,1],"to":[10,3,3],"rotation":{"angle":-45,"axis":"y","origin":[1.5,-3.5,1]},"faces":{"north":{"uv":[11.5,5.75,10,7.75],"texture":"#2"},"east":{"uv":[9,5.75,10,7.75],"texture":"#2"},"south":{"uv":[10,5.75,11.5,7.75],"texture":"#2"},"west":{"uv":[9,5.75,10,7.75],"texture":"#2"},"up":{"uv":[8.5,1,7,0],"rotation":180,"texture":"#2"},"down":{"uv":[8.5,1,7,0],"rotation":180,"texture":"#2"}}},{"from":[7,-1,13],"to":[10,3,15],"rotation":{"angle":45,"axis":"y","origin":[1.5,-3.5,15]},"faces":{"north":{"uv":[11.5,5.75,10,7.75],"texture":"#2"},"east":{"uv":[10,5.75,9,7.75],"texture":"#2"},"south":{"uv":[11.5,5.75,10,7.75],"texture":"#2"},"west":{"uv":[10,5.75,9,7.75],"texture":"#2"},"up":{"uv":[8.5,0,7,1],"rotation":180,"texture":"#2"},"down":{"uv":[8.5,0,7,1],"rotation":180,"texture":"#2"}}},{"from":[8.4,2.7,5.9],"to":[10.4,3.7,7.1],"rotation":{"angle":0,"axis":"y","origin":[9.99847,-1.83795,6.5]},"faces":{"north":{"uv":[2.5,11,2,10],"rotation":270,"texture":"#4"},"east":{"uv":[2.5,11.5,2,11],"rotation":270,"texture":"#4"},"south":{"uv":[2,11,2.5,10],"rotation":90,"texture":"#4"},"west":{"uv":[2.5,11.5,2,11],"rotation":270,"texture":"#4"},"up":{"uv":[3,10.5,3.5,11.5],"rotation":270,"texture":"#4"},"down":{"uv":[2.5,10,3,11],"rotation":270,"texture":"#4"}}},{"from":[13.53263,-0.19296,6.1],"to":[14.53263,0.80704,6.9],"rotation":{"angle":45,"axis":"z","origin":[9.99847,-1.83795,6.5]},"faces":{"north":{"uv":[1.5,11,1,11.5],"texture":"#4"},"east":{"uv":[3.5,10,3,10.5],"texture":"#4"},"south":{"uv":[1,11,1.5,11.5],"texture":"#4"},"west":{"uv":[1,11.5,0.5,12],"texture":"#4"},"up":{"uv":[1,11,1.5,10.5],"texture":"#4"},"down":{"uv":[1,11,1.5,10.5],"texture":"#4"}}},{"from":[8.31614,2.38121,6],"to":[9.31614,3.38121,7],"rotation":{"angle":-22.5,"axis":"z","origin":[9.99847,-1.83795,6.5]},"faces":{"north":{"uv":[2.5,12.5,2,12],"rotation":270,"texture":"#4"},"east":{"uv":[3.25,12,3.75,11.5],"rotation":90,"texture":"#4"},"south":{"uv":[2.5,12.5,2,12],"rotation":270,"texture":"#4"},"west":{"uv":[3.25,12,3.75,11.5],"rotation":90,"texture":"#4"},"up":{"uv":[2.75,12,3.25,11.5],"texture":"#4"},"down":{"uv":[2,13,2.5,12.5],"texture":"#4"}}},{"from":[8.4,-1.6,5.9],"to":[10.4,-0.6,7.1],"rotation":{"angle":0,"axis":"y","origin":[9.99847,-1.83795,6.5]},"faces":{"north":{"uv":[1,13,1.5,12],"rotation":270,"texture":"#4"},"east":{"uv":[1.75,12,2.25,11.5],"rotation":270,"texture":"#4"},"south":{"uv":[1.5,13,1,12],"rotation":90,"texture":"#4"},"west":{"uv":[1.75,12,2.25,11.5],"rotation":270,"texture":"#4"},"up":{"uv":[2,12,1.5,13],"rotation":270,"texture":"#4"},"down":{"uv":[3,12,2.5,13],"rotation":270,"texture":"#4"}}},{"from":[10.51168,-1.79804,6],"to":[11.51168,-0.79804,7],"rotation":{"angle":22.5,"axis":"z","origin":[9.99847,-1.83795,6.5]},"faces":{"north":{"uv":[1.5,11,2,10.5],"rotation":270,"texture":"#4"},"east":{"uv":[1.5,11.5,2,11],"rotation":270,"texture":"#4"},"south":{"uv":[2,11,1.5,10.5],"rotation":90,"texture":"#4"},"west":{"uv":[1.5,11.5,2,11],"rotation":270,"texture":"#4"},"up":{"uv":[1.75,11.5,1.25,12],"rotation":270,"texture":"#4"},"down":{"uv":[2.75,11.5,2.25,12],"rotation":270,"texture":"#4"}}},{"from":[9.56059,-0.4109,6.1],"to":[10.56059,0.5891,6.9],"rotation":{"angle":-45,"axis":"z","origin":[9.99847,-1.83795,6.5]},"faces":{"north":{"uv":[1,12,0.5,12.5],"texture":"#4"},"east":{"uv":[3,11,2.5,11.5],"texture":"#4"},"south":{"uv":[0.5,12,1,12.5],"texture":"#4"},"west":{"uv":[1,12.5,0.5,13],"texture":"#4"},"up":{"uv":[1.5,10.5,2,10],"texture":"#4"},"down":{"uv":[1.5,10.5,2,10],"texture":"#4"}}},{"from":[11.1,-0.5,6],"to":[12.1,2.5,7],"rotation":{"angle":0,"axis":"y","origin":[9.99847,-1.83795,6.5]},"faces":{"north":{"uv":[0.5,10,1,11.5],"texture":"#4"},"east":{"uv":[0.5,10,0,11.5],"texture":"#4"},"south":{"uv":[1,10,0.5,11.5],"texture":"#4"},"west":{"uv":[0.5,11.5,0,13],"texture":"#4"},"up":{"uv":[1,10.5,1.5,10],"texture":"#4"},"down":{"uv":[1,10.5,1.5,10],"texture":"#4"}}},{"from":[6.9,-0.5,6],"to":[7.9,2.5,7],"rotation":{"angle":0,"axis":"y","origin":[9.99847,-1.83795,6.5]},"faces":{"north":{"uv":[1,10,0.5,11.5],"texture":"#4"},"east":{"uv":[0,11.5,0.5,13],"texture":"#4"},"south":{"uv":[0.5,10,1,11.5],"texture":"#4"},"west":{"uv":[0,10,0.5,11.5],"texture":"#4"},"up":{"uv":[1.5,10.5,1,10],"texture":"#4"},"down":{"uv":[1.5,10.5,1,10],"texture":"#4"}}},{"from":[8.73141,0.29405,6.1],"to":[9.73141,1.29405,6.9],"rotation":{"angle":45,"axis":"z","origin":[9.99847,-1.83795,6.5]},"faces":{"north":{"uv":[0.5,12,1,12.5],"texture":"#4"},"east":{"uv":[0.5,12.5,1,13],"texture":"#4"},"south":{"uv":[1,12,0.5,12.5],"texture":"#4"},"west":{"uv":[2.5,11,3,11.5],"texture":"#4"},"up":{"uv":[2,10.5,1.5,10],"texture":"#4"},"down":{"uv":[2,10.5,1.5,10],"texture":"#4"}}},{"from":[7.56421,-2.17955,6],"to":[8.56421,-1.17955,7],"rotation":{"angle":-22.5,"axis":"z","origin":[9.99847,-1.83795,6.5]},"faces":{"north":{"uv":[1.5,10.5,2,11],"rotation":270,"texture":"#4"},"east":{"uv":[1.5,11,2,11.5],"rotation":270,"texture":"#4"},"south":{"uv":[2,10.5,1.5,11],"rotation":90,"texture":"#4"},"west":{"uv":[1.5,11,2,11.5],"rotation":270,"texture":"#4"},"up":{"uv":[1.75,12,1.25,11.5],"rotation":270,"texture":"#4"},"down":{"uv":[2.75,12,2.25,11.5],"rotation":270,"texture":"#4"}}},{"from":[9.75974,2.76272,6],"to":[10.75974,3.76272,7],"rotation":{"angle":22.5,"axis":"z","origin":[9.99847,-1.83795,6.5]},"faces":{"north":{"uv":[2.5,12,2,12.5],"rotation":270,"texture":"#4"},"east":{"uv":[3,12,3.5,12.5],"rotation":90,"texture":"#4"},"south":{"uv":[2.5,12,2,12.5],"rotation":270,"texture":"#4"},"west":{"uv":[2.5,12.5,2,12],"rotation":270,"texture":"#4"},"up":{"uv":[3.25,12,2.75,11.5],"texture":"#4"},"down":{"uv":[2.5,13,2,12.5],"texture":"#4"}}},{"from":[7.8,-0.7,6.5],"to":[11.3,2.8,6.5],"rotation":{"angle":0,"axis":"y","origin":[1.4,-4.7,14.5]},"faces":{"north":{"uv":[5.5,10,2,13.5],"texture":"#5"},"east":{"uv":[0,6,0,0],"texture":"#5"},"south":{"uv":[5.5,10,2,13.5],"texture":"#5"},"west":{"uv":[0,6,0,0],"texture":"#5"},"up":{"uv":[0,0,3,0],"texture":"#5"},"down":{"uv":[0,0,3,0],"texture":"#5"}}},{"from":[4.75937,-0.8979,6.1],"to":[5.75937,0.1021,6.9],"rotation":{"angle":-45,"axis":"z","origin":[9.99847,-1.83795,6.5]},"faces":{"north":{"uv":[1,11,1.5,11.5],"texture":"#4"},"east":{"uv":[0.5,11.5,1,12],"texture":"#4"},"south":{"uv":[1.5,11,1,11.5],"texture":"#4"},"west":{"uv":[3,10,3.5,10.5],"texture":"#4"},"up":{"uv":[1.5,11,1,10.5],"texture":"#4"},"down":{"uv":[1.5,11,1,10.5],"texture":"#4"}}},{"from":[9,8,6.18],"to":[11,22,10.03],"rotation":{"angle":0,"axis":"y","origin":[3,4.5,9]},"faces":{"north":{"uv":[9,16,16,15],"rotation":90,"texture":"#4"},"east":{"uv":[15,2.5,1,6.5],"rotation":90,"texture":"#7"},"south":{"uv":[16,16,9,15],"rotation":270,"texture":"#4"},"west":{"uv":[6.5,2,13.5,0],"rotation":90,"texture":"#3"},"up":{"uv":[6.5,15,10.5,13],"rotation":270,"texture":"#7"},"down":{"uv":[7,16,9,15],"rotation":270,"texture":"#4"}}},{"from":[10.05,20.78787,6.2],"to":[12.05,23.78787,10],"rotation":{"angle":22.5,"axis":"z","origin":[8.59847,18.86205,8]},"faces":{"north":{"uv":[3.5,10,5,11],"rotation":270,"texture":"#4"},"east":{"uv":[1,8,4,12],"rotation":90,"texture":"#7"},"south":{"uv":[5,10,3.5,11],"rotation":90,"texture":"#4"},"west":{"uv":[13,11.5,14.5,13.5],"rotation":90,"texture":"#4"},"up":{"uv":[4.5,4.5,6.5,5.5],"rotation":90,"texture":"#6"},"down":{"uv":[6.5,9,10.5,11],"rotation":90,"texture":"#7"}}},{"from":[7.5,14,9.7],"to":[8.5,24,11.6],"rotation":{"angle":22.5,"axis":"y","origin":[8.59847,18.86205,8]},"faces":{"north":{"uv":[7.5,2.5,12.5,2],"rotation":90,"texture":"#3"},"east":{"uv":[7.5,2.95,12.5,2],"rotation":90,"texture":"#3"},"south":{"uv":[7.5,2.5,12.5,2],"rotation":270,"texture":"#3"},"west":{"uv":[7.5,2.95,12.5,2],"rotation":90,"texture":"#3"},"up":{"uv":[7.45,2,6.5,2.5],"rotation":90,"texture":"#3"},"down":{"uv":[7.45,2,6.5,2.5],"rotation":90,"texture":"#3"}}},{"from":[6.5,14,9.7],"to":[7.5,24,11.6],"rotation":{"angle":22.5,"axis":"y","origin":[8.59847,-2.86205,8]},"faces":{"north":{"uv":[7.5,2,12.5,2.5],"rotation":90,"texture":"#3"},"east":{"uv":[12.5,2.95,7.5,2],"rotation":90,"texture":"#3"},"south":{"uv":[7.5,2,12.5,2.5],"rotation":270,"texture":"#3"},"west":{"uv":[12.5,2.95,7.5,2],"rotation":90,"texture":"#3"},"up":{"uv":[6.5,2,7.45,2.5],"rotation":90,"texture":"#3"},"down":{"uv":[6.5,2,7.45,2.5],"rotation":90,"texture":"#3"}}},{"from":[6.5,14,4.4],"to":[7.5,24,6.3],"rotation":{"angle":-22.5,"axis":"y","origin":[8.59847,-2.86205,8]},"faces":{"north":{"uv":[7.5,2.5,12.5,2],"rotation":270,"texture":"#3"},"east":{"uv":[12.5,2,7.5,2.95],"rotation":90,"texture":"#3"},"south":{"uv":[7.5,2.5,12.5,2],"rotation":90,"texture":"#3"},"west":{"uv":[12.5,2,7.5,2.95],"rotation":90,"texture":"#3"},"up":{"uv":[7.45,2,6.5,2.5],"rotation":90,"texture":"#3"},"down":{"uv":[7.45,2,6.5,2.5],"rotation":90,"texture":"#3"}}},{"from":[7.5,14,4.4],"to":[8.5,24,6.3],"rotation":{"angle":-22.5,"axis":"y","origin":[8.59847,18.86205,8]},"faces":{"north":{"uv":[7.5,2,12.5,2.5],"rotation":270,"texture":"#3"},"east":{"uv":[7.5,2,12.5,2.95],"rotation":90,"texture":"#3"},"south":{"uv":[7.5,2,12.5,2.5],"rotation":90,"texture":"#3"},"west":{"uv":[7.5,2,12.5,2.95],"rotation":90,"texture":"#3"},"up":{"uv":[6.5,2,7.45,2.5],"rotation":90,"texture":"#3"},"down":{"uv":[6.5,2,7.45,2.5],"rotation":90,"texture":"#3"}}},{"from":[7,-9,7],"to":[9,0,9],"rotation":{"angle":0,"axis":"y","origin":[8,-4.5,8]},"faces":{"north":{"uv":[0,16,4.5,15],"rotation":90,"texture":"#4"},"east":{"uv":[9,4.5,13.5,3.5],"rotation":90,"texture":"#3"},"south":{"uv":[0,15,4.5,16],"rotation":90,"texture":"#4"},"west":{"uv":[0,15,4.5,14],"rotation":90,"texture":"#4"},"up":{"uv":[13,10,12,9],"rotation":90,"texture":"#4"},"down":{"uv":[13,9,12,10],"rotation":270,"texture":"#3"}}},{"from":[7,0,7],"to":[9,9,9],"rotation":{"angle":0,"axis":"y","origin":[8,-4.5,8]},"faces":{"north":{"uv":[0,16,4.5,15],"rotation":90,"texture":"#4"},"east":{"uv":[9,4.5,13.5,3.5],"rotation":90,"texture":"#3"},"south":{"uv":[0,15,4.5,16],"rotation":90,"texture":"#4"},"west":{"uv":[0,15,4.5,14],"rotation":90,"texture":"#4"},"up":{"uv":[13,10,12,9],"rotation":90,"texture":"#4"},"down":{"uv":[13,9,12,10],"rotation":270,"texture":"#3"}}},{"from":[25,-2.5,8],"to":[29,1.5,10],"rotation":{"angle":-45,"axis":"z","origin":[8.59847,18.86205,8]},"faces":{"north":{"uv":[14,9,16,11],"texture":"#4"},"east":{"uv":[15,7,16,9],"texture":"#4"},"south":{"uv":[14,9,16,11],"texture":"#4"},"west":{"uv":[16,9,15,7],"texture":"#4"},"up":{"uv":[14,14,16,15],"rotation":180,"texture":"#4"},"down":{"uv":[16,15,14,14],"rotation":180,"texture":"#4"}}},{"from":[25,-2.5,6],"to":[29,1.5,8],"rotation":{"angle":-45,"axis":"z","origin":[8.59847,18.86205,8]},"faces":{"north":{"uv":[16,9,14,11],"texture":"#4"},"east":{"uv":[16,7,15,9],"texture":"#4"},"south":{"uv":[16,9,14,11],"texture":"#4"},"west":{"uv":[15,9,16,7],"texture":"#4"},"up":{"uv":[14,15,16,14],"rotation":180,"texture":"#4"},"down":{"uv":[16,14,14,15],"rotation":180,"texture":"#4"}}},{"from":[5.47657,8.02343,11.1],"to":[10.47657,9.02343,12.1],"rotation":{"angle":0,"axis":"y","origin":[7.97657,10.5,8.1]},"faces":{"north":{"uv":[11.5,7.5,11,10],"rotation":90,"texture":"#4"},"east":{"uv":[6.25,10,7.25,9.5],"rotation":180,"texture":"#4"},"south":{"uv":[7,10.5,6.5,13],"rotation":270,"texture":"#4"},"west":{"uv":[6.25,10,7.25,9.5],"rotation":180,"texture":"#4"},"up":{"uv":[12,7,9.5,6.5],"rotation":180,"texture":"#4"},"down":{"uv":[12,6.5,9.5,7],"rotation":180,"texture":"#4"}}},{"from":[5.47657,9.02343,5.1],"to":[10.47657,12.02343,11.1],"rotation":{"angle":0,"axis":"y","origin":[7.97657,10.5,8.1]},"faces":{"north":{"uv":[9,10,10.5,12.5],"rotation":90,"texture":"#4"},"east":{"uv":[9,10,7.5,13],"rotation":90,"texture":"#4"},"south":{"uv":[10.5,10,9,12.5],"rotation":270,"texture":"#4"},"west":{"uv":[9,10,7.5,13],"rotation":90,"texture":"#4"},"up":{"uv":[7.5,10,10.5,7.5],"rotation":90,"texture":"#4"},"down":{"uv":[12,9,15,6.5],"rotation":90,"texture":"#4"}}},{"from":[6.57657,12.02343,6.1],"to":[9.57657,13.02343,10.1],"rotation":{"angle":0,"axis":"y","origin":[7.97657,10.5,8.1]},"faces":{"north":{"uv":[13.5,10,13,11.5],"rotation":90,"texture":"#4"},"east":{"uv":[11.5,11.5,11,13.5],"rotation":90,"texture":"#4"},"south":{"uv":[13,10,13.5,11.5],"rotation":270,"texture":"#4"},"west":{"uv":[11.5,11.5,11,13.5],"rotation":90,"texture":"#4"},"up":{"uv":[11,11.5,13,10],"rotation":90,"texture":"#4"},"down":{"uv":[11,11.5,13,10],"rotation":90,"texture":"#4"}}},{"from":[6.57657,12.97657,6.1],"to":[9.57657,13.97657,10.1],"rotation":{"angle":0,"axis":"y","origin":[7.97657,5.5,8.1]},"faces":{"north":{"uv":[13,10,13.5,11.5],"rotation":90,"texture":"#4"},"east":{"uv":[11,11.5,11.5,13.5],"rotation":90,"texture":"#4"},"south":{"uv":[13.5,10,13,11.5],"rotation":270,"texture":"#4"},"west":{"uv":[11,11.5,11.5,13.5],"rotation":90,"texture":"#4"},"up":{"uv":[13,11.5,11,10],"rotation":90,"texture":"#4"},"down":{"uv":[13,11.5,11,10],"rotation":90,"texture":"#4"}}},{"from":[10.47657,8.02343,5.1],"to":[11.47657,9.02343,11.1],"rotation":{"angle":0,"axis":"y","origin":[7.97657,10.5,8.1]},"faces":{"north":{"uv":[8,13.5,7.5,13],"rotation":90,"texture":"#4"},"east":{"uv":[11,10.5,10.5,7.5],"rotation":90,"texture":"#4"},"south":{"uv":[8,13.5,7.5,13],"rotation":270,"texture":"#4"},"west":{"uv":[11,13.5,10.5,10.5],"rotation":90,"texture":"#4"},"up":{"uv":[7,10.5,7.5,13.5],"rotation":180,"texture":"#4"},"down":{"uv":[7,10.5,7.5,13.5],"rotation":180,"texture":"#4"}}},{"from":[5.47657,8.02343,4.1],"to":[10.47657,9.02343,5.1],"rotation":{"angle":0,"axis":"y","origin":[7.97657,10.5,8.1]},"faces":{"north":{"uv":[6.5,10.5,7,13],"rotation":90,"texture":"#4"},"east":{"uv":[7.25,10,6.25,9.5],"rotation":180,"texture":"#4"},"south":{"uv":[11.5,7.5,12,10],"rotation":270,"texture":"#4"},"west":{"uv":[7.25,10,6.25,9.5],"rotation":180,"texture":"#4"},"up":{"uv":[12,6.5,9.5,7],"rotation":180,"texture":"#4"},"down":{"uv":[12,7,9.5,6.5],"rotation":180,"texture":"#4"}}},{"from":[4.47657,8.02343,5.1],"to":[5.47657,9.02343,11.1],"rotation":{"angle":0,"axis":"y","origin":[7.97657,10.5,8.1]},"faces":{"north":{"uv":[8,13,7.5,13.5],"rotation":90,"texture":"#4"},"east":{"uv":[11,10.5,10.5,13.5],"rotation":90,"texture":"#4"},"south":{"uv":[8,13,7.5,13.5],"rotation":270,"texture":"#4"},"west":{"uv":[11,7.5,10.5,10.5],"rotation":90,"texture":"#4"},"up":{"uv":[7.5,10.5,7,13.5],"rotation":180,"texture":"#4"},"down":{"uv":[7.5,10.5,7,13.5],"rotation":180,"texture":"#4"}}},{"from":[8.72783,7.47657,3.99812],"to":[9.72783,9.47657,4.99812],"rotation":{"angle":0,"axis":"y","origin":[7.97657,10.5,8.1]},"faces":{"north":{"uv":[6.5,4.5,5.5,5],"rotation":270,"texture":"#2"},"east":{"uv":[2,7.5,1,8],"rotation":270,"texture":"#2"},"south":{"uv":[6.5,4,5.5,4.5],"rotation":270,"texture":"#2"},"west":{"uv":[2,8,1,7.5],"rotation":270,"texture":"#2"},"up":{"uv":[6,3.5,5.5,4],"texture":"#2"},"down":{"uv":[6,3.5,5.5,4],"rotation":180,"texture":"#2"}}},{"from":[8.82783,8.01415,4.65529],"to":[9.62783,9.01415,5.65529],"rotation":{"angle":22.5,"axis":"x","origin":[7.97657,10.5,8.1]},"faces":{"north":{"uv":[5,1.5,5.5,1],"rotation":180,"texture":"#2"},"east":{"uv":[5,2.5,5.5,2],"rotation":180,"texture":"#2"},"south":{"uv":[5,2,5.5,1.5],"rotation":180,"texture":"#2"},"west":{"uv":[5.5,2.5,5,2],"rotation":180,"texture":"#2"},"up":{"uv":[5,3,5.5,2.5],"rotation":270,"texture":"#2"},"down":{"uv":[5,3.5,5.5,3],"rotation":90,"texture":"#2"}}},{"from":[6.52783,7.77586,5.53031],"to":[7.12783,8.77586,6.53031],"rotation":{"angle":45,"axis":"x","origin":[7.97657,10.5,8.1]},"faces":{"north":{"uv":[5.25,4,5.5,3.5],"rotation":180,"texture":"#2"},"east":{"uv":[5,4.5,5.5,4],"rotation":180,"texture":"#2"},"south":{"uv":[5,4,5.25,3.5],"rotation":180,"texture":"#2"},"west":{"uv":[5.5,4.5,5,4],"rotation":180,"texture":"#2"},"up":{"uv":[5,4.75,5.5,4.5],"rotation":270,"texture":"#2"},"down":{"uv":[5,5,5.5,4.75],"rotation":90,"texture":"#2"}}},{"from":[6.42783,8.01415,4.65529],"to":[7.22783,9.01415,5.65529],"rotation":{"angle":22.5,"axis":"x","origin":[7.97657,10.5,8.1]},"faces":{"north":{"uv":[5,1.5,5.5,1],"rotation":180,"texture":"#2"},"east":{"uv":[5,2.5,5.5,2],"rotation":180,"texture":"#2"},"south":{"uv":[5,2,5.5,1.5],"rotation":180,"texture":"#2"},"west":{"uv":[5.5,2.5,5,2],"rotation":180,"texture":"#2"},"up":{"uv":[5,3,5.5,2.5],"rotation":270,"texture":"#2"},"down":{"uv":[5,3.5,5.5,3],"rotation":90,"texture":"#2"}}},{"from":[6.32783,7.47657,3.99812],"to":[7.32783,9.47657,4.99812],"rotation":{"angle":0,"axis":"y","origin":[7.97657,10.5,8.1]},"faces":{"north":{"uv":[6.5,4.5,5.5,5],"rotation":270,"texture":"#2"},"east":{"uv":[2,7.5,1,8],"rotation":270,"texture":"#2"},"south":{"uv":[6.5,4,5.5,4.5],"rotation":270,"texture":"#2"},"west":{"uv":[2,8,1,7.5],"rotation":270,"texture":"#2"},"up":{"uv":[6,3.5,5.5,4],"texture":"#2"},"down":{"uv":[6,3.5,5.5,4],"rotation":180,"texture":"#2"}}},{"from":[8.92783,7.77586,5.53031],"to":[9.52783,8.77586,6.53031],"rotation":{"angle":45,"axis":"x","origin":[7.97657,10.5,8.1]},"faces":{"north":{"uv":[5.25,4,5.5,3.5],"rotation":180,"texture":"#2"},"east":{"uv":[5,4.5,5.5,4],"rotation":180,"texture":"#2"},"south":{"uv":[5,4,5.25,3.5],"rotation":180,"texture":"#2"},"west":{"uv":[5.5,4.5,5,4],"rotation":180,"texture":"#2"},"up":{"uv":[5,4.75,5.5,4.5],"rotation":270,"texture":"#2"},"down":{"uv":[5,5,5.5,4.75],"rotation":90,"texture":"#2"}}},{"from":[8.72783,7.47657,11.20188],"to":[9.72783,9.47657,12.20188],"rotation":{"angle":0,"axis":"y","origin":[7.97657,10.5,8.1]},"faces":{"north":{"uv":[5.5,4,6.5,4.5],"rotation":90,"texture":"#2"},"east":{"uv":[2,8,1,7.5],"rotation":270,"texture":"#2"},"south":{"uv":[5.5,4.5,6.5,5],"rotation":90,"texture":"#2"},"west":{"uv":[2,7.5,1,8],"rotation":270,"texture":"#2"},"up":{"uv":[6,4,5.5,3.5],"texture":"#2"},"down":{"uv":[6,4,5.5,3.5],"rotation":180,"texture":"#2"}}},{"from":[8.82783,8.01415,10.54471],"to":[9.62783,9.01415,11.54471],"rotation":{"angle":-22.5,"axis":"x","origin":[7.97657,10.5,8.1]},"faces":{"north":{"uv":[5,1.5,5.5,2],"texture":"#2"},"east":{"uv":[5.5,2.5,5,2],"rotation":180,"texture":"#2"},"south":{"uv":[5,1,5.5,1.5],"texture":"#2"},"west":{"uv":[5,2.5,5.5,2],"rotation":180,"texture":"#2"},"up":{"uv":[5.5,3,5,2.5],"rotation":270,"texture":"#2"},"down":{"uv":[5.5,3.5,5,3],"rotation":90,"texture":"#2"}}},{"from":[6.52783,7.77586,9.66969],"to":[7.12783,8.77586,10.66969],"rotation":{"angle":-45,"axis":"x","origin":[7.97657,10.5,8.1]},"faces":{"north":{"uv":[5,3.5,5.25,4],"texture":"#2"},"east":{"uv":[5.5,4.5,5,4],"rotation":180,"texture":"#2"},"south":{"uv":[5.25,3.5,5.5,4],"texture":"#2"},"west":{"uv":[5,4.5,5.5,4],"rotation":180,"texture":"#2"},"up":{"uv":[5.5,4.75,5,4.5],"rotation":270,"texture":"#2"},"down":{"uv":[5.5,5,5,4.75],"rotation":90,"texture":"#2"}}},{"from":[6.42783,8.01415,10.54471],"to":[7.22783,9.01415,11.54471],"rotation":{"angle":-22.5,"axis":"x","origin":[7.97657,10.5,8.1]},"faces":{"north":{"uv":[5,1.5,5.5,2],"texture":"#2"},"east":{"uv":[5.5,2.5,5,2],"rotation":180,"texture":"#2"},"south":{"uv":[5,1,5.5,1.5],"texture":"#2"},"west":{"uv":[5,2.5,5.5,2],"rotation":180,"texture":"#2"},"up":{"uv":[5.5,3,5,2.5],"rotation":270,"texture":"#2"},"down":{"uv":[5.5,3.5,5,3],"rotation":90,"texture":"#2"}}},{"from":[6.32783,7.47657,11.20188],"to":[7.32783,9.47657,12.20188],"rotation":{"angle":0,"axis":"y","origin":[7.97657,10.5,8.1]},"faces":{"north":{"uv":[5.5,4,6.5,4.5],"rotation":90,"texture":"#2"},"east":{"uv":[2,8,1,7.5],"rotation":270,"texture":"#2"},"south":{"uv":[5.5,4.5,6.5,5],"rotation":90,"texture":"#2"},"west":{"uv":[2,7.5,1,8],"rotation":270,"texture":"#2"},"up":{"uv":[6,4,5.5,3.5],"texture":"#2"},"down":{"uv":[6,4,5.5,3.5],"rotation":180,"texture":"#2"}}},{"from":[8.92783,7.77586,9.66969],"to":[9.52783,8.77586,10.66969],"rotation":{"angle":-45,"axis":"x","origin":[7.97657,10.5,8.1]},"faces":{"north":{"uv":[5,3.5,5.25,4],"texture":"#2"},"east":{"uv":[5.5,4.5,5,4],"rotation":180,"texture":"#2"},"south":{"uv":[5.25,3.5,5.5,4],"texture":"#2"},"west":{"uv":[5,4.5,5.5,4],"rotation":180,"texture":"#2"},"up":{"uv":[5.5,4.75,5,4.5],"rotation":270,"texture":"#2"},"down":{"uv":[5.5,5,5,4.75],"rotation":90,"texture":"#2"}}},{"from":[8.4,2.7,8.9],"to":[10.4,3.7,10.1],"rotation":{"angle":0,"axis":"y","origin":[9.99847,-1.83795,9.5]},"faces":{"north":{"uv":[2,10,2.5,11],"rotation":90,"texture":"#4"},"east":{"uv":[2.5,11,2,11.5],"rotation":270,"texture":"#4"},"south":{"uv":[2.5,10,2,11],"rotation":270,"texture":"#4"},"west":{"uv":[2.5,11,2,11.5],"rotation":270,"texture":"#4"},"up":{"uv":[3.5,10.5,3,11.5],"rotation":270,"texture":"#4"},"down":{"uv":[3,10,2.5,11],"rotation":270,"texture":"#4"}}},{"from":[13.53263,-0.19296,9.1],"to":[14.53263,0.80704,9.9],"rotation":{"angle":45,"axis":"z","origin":[9.99847,-1.83795,9.5]},"faces":{"north":{"uv":[1.5,11,1,11.5],"texture":"#4"},"east":{"uv":[3,10,3.5,10.5],"texture":"#4"},"south":{"uv":[1,11,1.5,11.5],"texture":"#4"},"west":{"uv":[0.5,11.5,1,12],"texture":"#4"},"up":{"uv":[1,10.5,1.5,11],"texture":"#4"},"down":{"uv":[1,10.5,1.5,11],"texture":"#4"}}},{"from":[8.31614,2.38121,9],"to":[9.31614,3.38121,10],"rotation":{"angle":-22.5,"axis":"z","origin":[9.99847,-1.83795,9.5]},"faces":{"north":{"uv":[2.5,12,2,12.5],"rotation":270,"texture":"#4"},"east":{"uv":[3.25,11.5,3.75,12],"rotation":90,"texture":"#4"},"south":{"uv":[2.5,12,2,12.5],"rotation":270,"texture":"#4"},"west":{"uv":[3.25,11.5,3.75,12],"rotation":90,"texture":"#4"},"up":{"uv":[2.75,11.5,3.25,12],"texture":"#4"},"down":{"uv":[2,12.5,2.5,13],"texture":"#4"}}},{"from":[8.4,-1.6,8.9],"to":[10.4,-0.6,10.1],"rotation":{"angle":0,"axis":"y","origin":[9.99847,-1.83795,9.5]},"faces":{"north":{"uv":[1.5,12,1,13],"rotation":90,"texture":"#4"},"east":{"uv":[1.75,11.5,2.25,12],"rotation":270,"texture":"#4"},"south":{"uv":[1,12,1.5,13],"rotation":270,"texture":"#4"},"west":{"uv":[1.75,11.5,2.25,12],"rotation":270,"texture":"#4"},"up":{"uv":[1.5,12,2,13],"rotation":270,"texture":"#4"},"down":{"uv":[2.5,12,3,13],"rotation":270,"texture":"#4"}}},{"from":[10.51168,-1.79804,9],"to":[11.51168,-0.79804,10],"rotation":{"angle":22.5,"axis":"z","origin":[9.99847,-1.83795,9.5]},"faces":{"north":{"uv":[2,10.5,1.5,11],"rotation":90,"texture":"#4"},"east":{"uv":[1.5,11,2,11.5],"rotation":270,"texture":"#4"},"south":{"uv":[1.5,10.5,2,11],"rotation":270,"texture":"#4"},"west":{"uv":[1.5,11,2,11.5],"rotation":270,"texture":"#4"},"up":{"uv":[1.25,11.5,1.75,12],"rotation":270,"texture":"#4"},"down":{"uv":[2.25,11.5,2.75,12],"rotation":270,"texture":"#4"}}},{"from":[9.56059,-0.4109,9.1],"to":[10.56059,0.5891,9.9],"rotation":{"angle":-45,"axis":"z","origin":[9.99847,-1.83795,9.5]},"faces":{"north":{"uv":[1,12,0.5,12.5],"texture":"#4"},"east":{"uv":[2.5,11,3,11.5],"texture":"#4"},"south":{"uv":[0.5,12,1,12.5],"texture":"#4"},"west":{"uv":[0.5,12.5,1,13],"texture":"#4"},"up":{"uv":[1.5,10,2,10.5],"texture":"#4"},"down":{"uv":[1.5,10,2,10.5],"texture":"#4"}}},{"from":[11.1,-0.5,9],"to":[12.1,2.5,10],"rotation":{"angle":0,"axis":"y","origin":[9.99847,-1.83795,9.5]},"faces":{"north":{"uv":[0.5,10,1,11.5],"texture":"#4"},"east":{"uv":[0,10,0.5,11.5],"texture":"#4"},"south":{"uv":[1,10,0.5,11.5],"texture":"#4"},"west":{"uv":[0,11.5,0.5,13],"texture":"#4"},"up":{"uv":[1,10,1.5,10.5],"texture":"#4"},"down":{"uv":[1,10,1.5,10.5],"texture":"#4"}}},{"from":[6.9,-0.5,9],"to":[7.9,2.5,10],"rotation":{"angle":0,"axis":"y","origin":[9.99847,-1.83795,9.5]},"faces":{"north":{"uv":[1,10,0.5,11.5],"texture":"#4"},"east":{"uv":[0.5,11.5,0,13],"texture":"#4"},"south":{"uv":[0.5,10,1,11.5],"texture":"#4"},"west":{"uv":[0.5,10,0,11.5],"texture":"#4"},"up":{"uv":[1.5,10,1,10.5],"texture":"#4"},"down":{"uv":[1.5,10,1,10.5],"texture":"#4"}}},{"from":[8.73141,0.29405,9.1],"to":[9.73141,1.29405,9.9],"rotation":{"angle":45,"axis":"z","origin":[9.99847,-1.83795,9.5]},"faces":{"north":{"uv":[0.5,12,1,12.5],"texture":"#4"},"east":{"uv":[1,12.5,0.5,13],"texture":"#4"},"south":{"uv":[1,12,0.5,12.5],"texture":"#4"},"west":{"uv":[3,11,2.5,11.5],"texture":"#4"},"up":{"uv":[2,10,1.5,10.5],"texture":"#4"},"down":{"uv":[2,10,1.5,10.5],"texture":"#4"}}},{"from":[7.56421,-2.17955,9],"to":[8.56421,-1.17955,10],"rotation":{"angle":-22.5,"axis":"z","origin":[9.99847,-1.83795,9.5]},"faces":{"north":{"uv":[2,11,1.5,10.5],"rotation":90,"texture":"#4"},"east":{"uv":[1.5,11.5,2,11],"rotation":270,"texture":"#4"},"south":{"uv":[1.5,11,2,10.5],"rotation":270,"texture":"#4"},"west":{"uv":[1.5,11.5,2,11],"rotation":270,"texture":"#4"},"up":{"uv":[1.25,12,1.75,11.5],"rotation":270,"texture":"#4"},"down":{"uv":[2.25,12,2.75,11.5],"rotation":270,"texture":"#4"}}},{"from":[9.75974,2.76272,9],"to":[10.75974,3.76272,10],"rotation":{"angle":22.5,"axis":"z","origin":[9.99847,-1.83795,9.5]},"faces":{"north":{"uv":[2.5,12.5,2,12],"rotation":270,"texture":"#4"},"east":{"uv":[3,12.5,3.5,12],"rotation":90,"texture":"#4"},"south":{"uv":[2.5,12.5,2,12],"rotation":270,"texture":"#4"},"west":{"uv":[2.5,12,2,12.5],"rotation":270,"texture":"#4"},"up":{"uv":[3.25,11.5,2.75,12],"texture":"#4"},"down":{"uv":[2.5,12.5,2,13],"texture":"#4"}}},{"from":[7.8,-0.7,9.5],"to":[11.3,2.8,9.5],"rotation":{"angle":0,"axis":"y","origin":[1.4,-4.7,1.5]},"faces":{"north":{"uv":[2,10,5.5,13.5],"texture":"#5"},"east":{"uv":[0,6,0,0],"texture":"#5"},"south":{"uv":[2,10,5.5,13.5],"texture":"#5"},"west":{"uv":[0,6,0,0],"texture":"#5"},"up":{"uv":[0,0,3,0],"texture":"#5"},"down":{"uv":[0,0,3,0],"texture":"#5"}}},{"from":[5,15,11],"to":[11,15,23],"rotation":{"angle":0,"axis":"y","origin":[13,16,17]},"faces":{"north":{"uv":[0,0,0,6],"rotation":90,"texture":"#0"},"east":{"uv":[0,0,0,12],"rotation":270,"texture":"#0"},"south":{"uv":[0,0,0,6],"rotation":270,"texture":"#0"},"west":{"uv":[0,0,0,12],"rotation":270,"texture":"#0"},"up":{"uv":[12,0,0,6],"rotation":270,"texture":"#0"},"down":{"uv":[0,0,12,6],"rotation":270,"texture":"#0"}}},{"from":[5,15,-7],"to":[11,15,5],"rotation":{"angle":0,"axis":"y","origin":[13,16,-1]},"faces":{"north":{"uv":[0,6,0,0],"rotation":270,"texture":"#0"},"east":{"uv":[0,12,0,0],"rotation":270,"texture":"#0"},"south":{"uv":[0,6,0,0],"rotation":90,"texture":"#0"},"west":{"uv":[0,12,0,0],"rotation":270,"texture":"#0"},"up":{"uv":[0,0,12,6],"rotation":270,"texture":"#0"},"down":{"uv":[12,0,0,6],"rotation":270,"texture":"#0"}}},{"from":[4.75937,-0.8979,9.1],"to":[5.75937,0.1021,9.9],"rotation":{"angle":-45,"axis":"z","origin":[9.99847,-1.83795,9.5]},"faces":{"north":{"uv":[1,11,1.5,11.5],"texture":"#4"},"east":{"uv":[1,11.5,0.5,12],"texture":"#4"},"south":{"uv":[1.5,11,1,11.5],"texture":"#4"},"west":{"uv":[3.5,10,3,10.5],"texture":"#4"},"up":{"uv":[1.5,10.5,1,11],"texture":"#4"},"down":{"uv":[1.5,10.5,1,11],"texture":"#4"}}},{"from":[1.9,4.5,10.5],"to":[3.9,15.5,10.5],"rotation":{"angle":-22.5,"axis":"z","origin":[0.9,10,17.5]},"faces":{"north":{"uv":[15,0,16,5.5],"rotation":180,"texture":"#4"},"east":{"uv":[0,0,0,8.5],"rotation":180,"texture":"#4"},"south":{"uv":[16,0,15,5.5],"rotation":180,"texture":"#4"},"west":{"uv":[0,0,0,8.5],"rotation":180,"texture":"#4"},"up":{"uv":[0,0,0,1],"rotation":90,"texture":"#4"},"down":{"uv":[0,0,0,1],"rotation":270,"texture":"#4"}}},{"from":[1.9,4.5,5.5],"to":[3.9,15.5,5.5],"rotation":{"angle":-22.5,"axis":"z","origin":[0.9,10,-1.5]},"faces":{"north":{"uv":[15,0,16,5.5],"rotation":180,"texture":"#4"},"east":{"uv":[0,0,0,8.5],"rotation":180,"texture":"#4"},"south":{"uv":[16,0,15,5.5],"rotation":180,"texture":"#4"},"west":{"uv":[0,0,0,8.5],"rotation":180,"texture":"#4"},"up":{"uv":[0,0,0,1],"rotation":90,"texture":"#4"},"down":{"uv":[0,0,0,1],"rotation":270,"texture":"#4"}}}],"gui_light":"front","display":{"thirdperson_righthand":{"rotation":[0,90,0],"translation":[0,6.25,1.5],"scale":[0.65,0.65,0.65]},"thirdperson_lefthand":{"rotation":[0,90,0],"translation":[0,6.25,1.5],"scale":[0.65,0.65,0.65]},"firstperson_righthand":{"rotation":[-175.56,63,170],"translation":[0.5,4.75,0.5],"scale":[0.45,0.45,0.45]},"firstperson_lefthand":{"rotation":[-175.56,63,170],"translation":[0.5,4.75,0.5],"scale":[0.45,0.45,0.45]},"ground":{"rotation":[45,0,0],"translation":[0,7.75,0],"scale":[0.39,0.39,0.39]},"gui":{"rotation":[23,21,-45],"translation":[0.5,0.5,0],"scale":[0.48,0.48,0.48]},"head":{"rotation":[-135.5,0,0],"translation":[0,20.5,4.75],"scale":[0,0,0]},"fixed":{"translation":[-0.5,0,-7.75],"scale":[1.5,1.5,1.5]}}}