{"parent":"item/generated","textures":{"layer0":"item/bow"},"display":{"thirdperson_righthand":{"rotation":[-80,260,-40],"translation":[-1,-2,2.5],"scale":[0.9,0.9,0.9]},"thirdperson_lefthand":{"rotation":[-80,-280,40],"translation":[-1,-2,2.5],"scale":[0.9,0.9,0.9]},"firstperson_righthand":{"rotation":[0,-90,25],"translation":[1.13,3.2,1.13],"scale":[0.68,0.68,0.68]},"firstperson_lefthand":{"rotation":[0,90,-25],"translation":[1.13,3.2,1.13],"scale":[0.68,0.68,0.68]}},"overrides":[{"predicate":{"pulling":1},"model":"item/bow_pulling_0"},{"predicate":{"pulling":1,"pull":0.65},"model":"item/bow_pulling_1"},{"predicate":{"pulling":1,"pull":0.9},"model":"item/bow_pulling_2"},{"predicate":{"custom_model_data":10000},"model":"galaxy:bow"},{"predicate":{"pulling":1,"custom_model_data":10000},"model":"galaxy:bow_0"},{"predicate":{"pulling":1,"pull":0.65,"custom_model_data":10000},"model":"galaxy:bow_1"},{"predicate":{"pulling":1,"pull":0.9,"custom_model_data":10000},"model":"galaxy:bow_2"},{"predicate":{"custom_model_data":10001},"model":"elitecreatures:valentines_animated_weapon_and_tool_set_v1/bow"},{"predicate":{"pulling":1,"custom_model_data":10001},"model":"elitecreatures:valentines_animated_weapon_and_tool_set_v1/bow_0"},{"predicate":{"pulling":1,"pull":0.65,"custom_model_data":10001},"model":"elitecreatures:valentines_animated_weapon_and_tool_set_v1/bow_1"},{"predicate":{"pulling":1,"pull":0.9,"custom_model_data":10001},"model":"elitecreatures:valentines_animated_weapon_and_tool_set_v1/bow_2"},{"predicate":{"custom_model_data":10002},"model":"voxelspawns_bows:item/vs_longbow"},{"predicate":{"pulling":1,"custom_model_data":10002},"model":"voxelspawns_bows:item/vs_longbow_0"},{"predicate":{"pulling":1,"pull":0.65,"custom_model_data":10002},"model":"voxelspawns_bows:item/vs_longbow_1"},{"predicate":{"pulling":1,"pull":0.9,"custom_model_data":10002},"model":"voxelspawns_bows:item/vs_longbow_2"},{"predicate":{"custom_model_data":10003},"model":"voxelspawns_bows:item/vs_compositebow"},{"predicate":{"pulling":1,"custom_model_data":10003},"model":"voxelspawns_bows:item/vs_compositebow_0"},{"predicate":{"pulling":1,"pull":0.65,"custom_model_data":10003},"model":"voxelspawns_bows:item/vs_compositebow_1"},{"predicate":{"pulling":1,"pull":0.9,"custom_model_data":10003},"model":"voxelspawns_bows:item/vs_compositebow_2"},{"predicate":{"custom_model_data":10004},"model":"voxelspawns_bows:item/vs_frostbow"},{"predicate":{"pulling":1,"custom_model_data":10004},"model":"voxelspawns_bows:item/vs_frostbow_0"},{"predicate":{"pulling":1,"pull":0.65,"custom_model_data":10004},"model":"voxelspawns_bows:item/vs_frostbow_1"},{"predicate":{"pulling":1,"pull":0.9,"custom_model_data":10004},"model":"voxelspawns_bows:item/vs_frostbow_2"},{"predicate":{"custom_model_data":10005},"model":"voxelspawns_bows:item/vs_prismarinebow"},{"predicate":{"pulling":1,"custom_model_data":10005},"model":"voxelspawns_bows:item/vs_prismarinebow_0"},{"predicate":{"pulling":1,"pull":0.65,"custom_model_data":10005},"model":"voxelspawns_bows:item/vs_prismarinebow_1"},{"predicate":{"pulling":1,"pull":0.9,"custom_model_data":10005},"model":"voxelspawns_bows:item/vs_prismarinebow_2"},{"predicate":{"custom_model_data":10006},"model":"voxelspawns_bows:item/vs_elvenbow"},{"predicate":{"pulling":1,"custom_model_data":10006},"model":"voxelspawns_bows:item/vs_elvenbow_0"},{"predicate":{"pulling":1,"pull":0.65,"custom_model_data":10006},"model":"voxelspawns_bows:item/vs_elvenbow_1"},{"predicate":{"pulling":1,"pull":0.9,"custom_model_data":10006},"model":"voxelspawns_bows:item/vs_elvenbow_2"},{"predicate":{"custom_model_data":10007},"model":"voxelspawns_bows:item/vs_asiabow"},{"predicate":{"pulling":1,"custom_model_data":10007},"model":"voxelspawns_bows:item/vs_asiabow_0"},{"predicate":{"pulling":1,"pull":0.65,"custom_model_data":10007},"model":"voxelspawns_bows:item/vs_asiabow_1"},{"predicate":{"pulling":1,"pull":0.9,"custom_model_data":10007},"model":"voxelspawns_bows:item/vs_asiabow_2"},{"predicate":{"custom_model_data":10008},"model":"voxelspawns_bows:item/vs_goldbow"},{"predicate":{"pulling":1,"custom_model_data":10008},"model":"voxelspawns_bows:item/vs_goldbow_0"},{"predicate":{"pulling":1,"pull":0.65,"custom_model_data":10008},"model":"voxelspawns_bows:item/vs_goldbow_1"},{"predicate":{"pulling":1,"pull":0.9,"custom_model_data":10008},"model":"voxelspawns_bows:item/vs_goldbow_2"},{"predicate":{"custom_model_data":10009},"model":"voxelspawns_bows:item/vs_magicbow"},{"predicate":{"pulling":1,"custom_model_data":10009},"model":"voxelspawns_bows:item/vs_magicbow_0"},{"predicate":{"pulling":1,"pull":0.65,"custom_model_data":10009},"model":"voxelspawns_bows:item/vs_magicbow_1"},{"predicate":{"pulling":1,"pull":0.9,"custom_model_data":10009},"model":"voxelspawns_bows:item/vs_magicbow_2"},{"predicate":{"custom_model_data":10011},"model":"rpg_weapon_model:bow"},{"predicate":{"pulling":1,"custom_model_data":10011},"model":"rpg_weapon_model:bow_0"},{"predicate":{"pulling":1,"pull":0.65,"custom_model_data":10011},"model":"rpg_weapon_model:bow_1"},{"predicate":{"pulling":1,"pull":0.9,"custom_model_data":10011},"model":"rpg_weapon_model:bow_2"},{"predicate":{"custom_model_data":10012},"model":"andromeda:andromeda/nebula_bow"},{"predicate":{"pulling":1,"custom_model_data":10012},"model":"andromeda:andromeda/nebula_bow_0"},{"predicate":{"pulling":1,"pull":0.65,"custom_model_data":10012},"model":"andromeda:andromeda/nebula_bow_1"},{"predicate":{"pulling":1,"pull":0.9,"custom_model_data":10012},"model":"andromeda:andromeda/nebula_bow_2"},{"predicate":{"custom_model_data":10013},"model":"item/bow"}]}