{"parent":"minecraft:item/handheld","textures":{"layer0":"minecraft:item/diamond_shovel"},"overrides":[{"predicate":{"custom_model_data":10000},"model":"amaterasu_item_set:amaterasu_item_set/shovel"},{"predicate":{"custom_model_data":10002},"model":"my_items:jack_o_lantern/shovel"},{"predicate":{"custom_model_data":10003},"model":"moonset:moonset/moon_shovel"},{"predicate":{"custom_model_data":10004},"model":"cutiecatpack:cutiecatpack/shovel"},{"predicate":{"custom_model_data":10005},"model":"steel_set:steel_set/shovel"},{"predicate":{"custom_model_data":10006},"model":"rainbowset:rainbowset/rainbow_shovel"},{"predicate":{"custom_model_data":10007},"model":"emissary_set:emissary_set/shovel"},{"predicate":{"custom_model_data":10008},"model":"frighten_set:frighten_set/shovel"},{"predicate":{"custom_model_data":10009},"model":"iasurvival:ia_auto_gen/dark_amethyst_shovel"},{"predicate":{"custom_model_data":10010},"model":"iasurvival:ia_auto_gen/bronze_shovel"},{"predicate":{"custom_model_data":10011},"model":"iasurvival:ia_auto_gen/ruby_shovel"},{"predicate":{"custom_model_data":10012},"model":"darkworldpack:normal/shovel"},{"predicate":{"custom_model_data":10012},"model":"darkworldpack:normal/shovel"},{"predicate":{"custom_model_data":10013},"model":"mctown:slimetools/slime_shovel/0_green_shovel"},{"predicate":{"custom_model_data":10014},"model":"mctown:ia_auto_gen/mctown_ore_shovel1"},{"predicate":{"custom_model_data":10015},"model":"mctown:ia_auto_gen/mctown_ore_shovel2"},{"predicate":{"custom_model_data":10016},"model":"mctown:ia_auto_gen/mctown_ore_shovel3"},{"predicate":{"custom_model_data":10017},"model":"item/diamond_shovel"}]}