{
  "parent": "minecraft:item/handheld",
  "textures": {
    "layer0": "minecraft:item/diamond_sword"
  },
  "overrides": [
    {
      "predicate": {
        "custom_model_data": 6001
      },
      "model": "minecraft:toro/soulknight_sword"
    },
    {
      "predicate": {
        "custom_model_data": 6002
      },
      "model": "minecraft:toro/soulknight_spear"
    },
    {
      "predicate": {
        "custom_model_data": 6003
      },
      "model": "minecraft:item/diamond_sword"
    }
  ]
}