{"parent":"minecraft:item/handheld","textures":{"layer0":"minecraft:item/diamond_axe"},"overrides":[{"predicate":{"custom_model_data":10000},"model":"amaterasu_item_set:amaterasu_item_set/axe"},{"predicate":{"custom_model_data":10002},"model":"rpg_weapon_model:meteor_staff"},{"predicate":{"custom_model_data":10003},"model":"rpg_weapon_model:skull_axe"},{"predicate":{"custom_model_data":10004},"model":"my_items:jack_o_lantern/axe"},{"predicate":{"custom_model_data":10005},"model":"moonset:moonset/moon_axe"},{"predicate":{"custom_model_data":10006},"model":"cutiecatpack:cutiecatpack/axe"},{"predicate":{"custom_model_data":10007},"model":"haunted_pack:haunted_pack/axe_haunted"},{"predicate":{"custom_model_data":10007},"model":"haunted_pack:haunted_pack/axe_haunted"},{"predicate":{"custom_model_data":10008},"model":"snowflake_pack:snowflake_pack/axe_snowflake"},{"predicate":{"custom_model_data":10009},"model":"restrain_pack:restrain_pack/axe_restrain"},{"predicate":{"custom_model_data":10010},"model":"steel_set:steel_set/axe"},{"predicate":{"custom_model_data":10011},"model":"steel_set:steel_set/hammer"},{"predicate":{"custom_model_data":10012},"model":"elitecreatures:goblin_assortment/goblin_axe"},{"predicate":{"custom_model_data":10013},"model":"rainbowset:rainbowset/rainbow_axe"},{"predicate":{"custom_model_data":10014},"model":"emissary_set:emissary_set/axe"},{"predicate":{"custom_model_data":10015},"model":"officerset:vs_staff_shovel"},{"predicate":{"custom_model_data":10016},"model":"officerset:vs_staff_axe"},{"predicate":{"custom_model_data":10017},"model":"frighten_set:frighten_set/axe"},{"predicate":{"custom_model_data":10021},"model":"darkworldpack:normal/axe"},{"predicate":{"custom_model_data":10021},"model":"darkworldpack:normal/axe"},{"predicate":{"custom_model_data":10022},"model":"mctown:slimetools/slime_axe/0_green_axe"},{"predicate":{"custom_model_data":10023},"model":"mctown:ia_auto_gen/mctown_ore_axe1"},{"predicate":{"custom_model_data":10024},"model":"mctown:ia_auto_gen/mctown_ore_axe2"},{"predicate":{"custom_model_data":10025},"model":"mctown:ia_auto_gen/mctown_ore_axe3"},{"predicate":{"custom_model_data":10026},"model":"warden_set:axe"},{"predicate":{"custom_model_data":10027},"model":"warden_set:hammer"},{"predicate":{"custom_model_data":10028},"model":"warlordset:warlordset/warlord_axe"},{"predicate":{"custom_model_data":10029},"model":"sorcery_pack:sorcery_pack/axe_sorcery"},{"predicate":{"custom_model_data":10030},"model":"bonekeeper_set:bonekeeper_set/axe"},{"predicate":{"custom_model_data":10031},"model":"item/diamond_axe"}]}