{"parent":"minecraft:item/handheld","textures":{"layer0":"minecraft:item/diamond_pickaxe"},"overrides":[{"predicate":{"custom_model_data":10000},"model":"amaterasu_item_set:amaterasu_item_set/pickaxe"},{"predicate":{"custom_model_data":10002},"model":"my_items:jack_o_lantern/pickaxe"},{"predicate":{"custom_model_data":10003},"model":"moonset:moonset/moon_pickaxe"},{"predicate":{"custom_model_data":10004},"model":"cutiecatpack:cutiecatpack/pickaxe"},{"predicate":{"custom_model_data":10005},"model":"steel_set:steel_set/pickaxe"},{"predicate":{"custom_model_data":10006},"model":"rainbowset:rainbowset/rainbow_pickaxe"},{"predicate":{"custom_model_data":10007},"model":"emissary_set:emissary_set/pickaxe"},{"predicate":{"custom_model_data":10008},"model":"officerset:vs_staff_pickaxe"},{"predicate":{"custom_model_data":10009},"model":"frighten_set:frighten_set/pickaxe"},{"predicate":{"custom_model_data":10011},"model":"iaalchemy:ia_auto_gen/astral_pickaxe"},{"predicate":{"custom_model_data":10013},"model":"iaalchemy:ia_auto_gen/demoniac_pickaxe"},{"predicate":{"custom_model_data":10015},"model":"iaalchemy:ia_auto_gen/demoniac_hammer"},{"predicate":{"custom_model_data":10016},"model":"darkworldpack:normal/pickaxe"},{"predicate":{"custom_model_data":10016},"model":"darkworldpack:normal/pickaxe"},{"predicate":{"custom_model_data":10017},"model":"mctown:slimetools/slime_pickaxe/0_green_pickaxe"},{"predicate":{"custom_model_data":10018},"model":"mctown:ia_auto_gen/mctown_ore_pickaxe1"},{"predicate":{"custom_model_data":10019},"model":"mctown:ia_auto_gen/mctown_ore_pickaxe2"},{"predicate":{"custom_model_data":10020},"model":"mctown:ia_auto_gen/mctown_ore_pickaxe3"},{"predicate":{"custom_model_data":10021},"model":"sweetrice:ia_auto_gen/level_1"},{"predicate":{"custom_model_data":10022},"model":"sweetrice:ia_auto_gen/level_2"},{"predicate":{"custom_model_data":10023},"model":"sweetrice:ia_auto_gen/level_3"},{"predicate":{"custom_model_data":10024},"model":"sweetrice:ia_auto_gen/level_4"},{"predicate":{"custom_model_data":10025},"model":"sweetrice:ia_auto_gen/level_5"},{"predicate":{"custom_model_data":10026},"model":"sweetrice:ia_auto_gen/level_6"},{"predicate":{"custom_model_data":10027},"model":"sweetrice:ia_auto_gen/level_7"},{"predicate":{"custom_model_data":10028},"model":"sweetrice:ia_auto_gen/level_8"},{"predicate":{"custom_model_data":10029},"model":"sweetrice:ia_auto_gen/level_9"},{"predicate":{"custom_model_data":10030},"model":"sweetrice:ia_auto_gen/level_10"},{"predicate":{"custom_model_data":10031},"model":"sweetrice:ia_auto_gen/level_11"},{"predicate":{"custom_model_data":10032},"model":"sweetrice:ia_auto_gen/level_12"},{"predicate":{"custom_model_data":10033},"model":"sweetrice:ia_auto_gen/level_13"},{"predicate":{"custom_model_data":10034},"model":"sweetrice:ia_auto_gen/level_14"},{"predicate":{"custom_model_data":10035},"model":"sweetrice:ia_auto_gen/level_15"},{"predicate":{"custom_model_data":10036},"model":"sweetrice:ia_auto_gen/level_16"},{"predicate":{"custom_model_data":10037},"model":"sweetrice:ia_auto_gen/level_17"},{"predicate":{"custom_model_data":10038},"model":"sweetrice:ia_auto_gen/level_18"},{"predicate":{"custom_model_data":10039},"model":"sweetrice:ia_auto_gen/level_19"},{"predicate":{"custom_model_data":10040},"model":"sweetrice:ia_auto_gen/level_20"},{"predicate":{"custom_model_data":10041},"model":"sweetrice:ia_auto_gen/level_21"},{"predicate":{"custom_model_data":10042},"model":"sweetrice:ia_auto_gen/level_22"},{"predicate":{"custom_model_data":10043},"model":"sweetrice:ia_auto_gen/level_23"},{"predicate":{"custom_model_data":10044},"model":"sweetrice:ia_auto_gen/level_24"},{"predicate":{"custom_model_data":10045},"model":"sweetrice:ia_auto_gen/level_25"},{"predicate":{"custom_model_data":10046},"model":"sweetrice:ia_auto_gen/level_26"},{"predicate":{"custom_model_data":10047},"model":"sweetrice:ia_auto_gen/level_27"},{"predicate":{"custom_model_data":10048},"model":"sweetrice:ia_auto_gen/level_28"},{"predicate":{"custom_model_data":10049},"model":"sweetrice:ia_auto_gen/level_29"},{"predicate":{"custom_model_data":10050},"model":"sweetrice:ia_auto_gen/level_30"},{"predicate":{"custom_model_data":10051},"model":"sweetrice:ia_auto_gen/level_31"},{"predicate":{"custom_model_data":10052},"model":"sweetrice:ia_auto_gen/level_32"},{"predicate":{"custom_model_data":10053},"model":"sweetrice:ia_auto_gen/level_33"},{"predicate":{"custom_model_data":10054},"model":"sweetrice:ia_auto_gen/level_34"},{"predicate":{"custom_model_data":10055},"model":"sweetrice:ia_auto_gen/level_35"},{"predicate":{"custom_model_data":10056},"model":"sweetrice:ia_auto_gen/level_36"},{"predicate":{"custom_model_data":10057},"model":"sweetrice:ia_auto_gen/level_37"},{"predicate":{"custom_model_data":10058},"model":"sweetrice:ia_auto_gen/level_38"},{"predicate":{"custom_model_data":10059},"model":"sweetrice:ia_auto_gen/level_39"},{"predicate":{"custom_model_data":10060},"model":"sweetrice:ia_auto_gen/level_40"},{"predicate":{"custom_model_data":10061},"model":"sweetrice:ia_auto_gen/level_41"},{"predicate":{"custom_model_data":10062},"model":"sweetrice:ia_auto_gen/level_42"},{"predicate":{"custom_model_data":10063},"model":"sweetrice:ia_auto_gen/level_43"},{"predicate":{"custom_model_data":10064},"model":"sweetrice:ia_auto_gen/level_44"},{"predicate":{"custom_model_data":10065},"model":"sweetrice:ia_auto_gen/level_45"},{"predicate":{"custom_model_data":10066},"model":"sweetrice:ia_auto_gen/level_46"},{"predicate":{"custom_model_data":10067},"model":"sweetrice:ia_auto_gen/level_47"},{"predicate":{"custom_model_data":10068},"model":"sweetrice:ia_auto_gen/level_48"},{"predicate":{"custom_model_data":10069},"model":"sweetrice:ia_auto_gen/level_49"},{"predicate":{"custom_model_data":10070},"model":"sweetrice:ia_auto_gen/level_50"},{"predicate":{"custom_model_data":10071},"model":"sweetrice:ia_auto_gen/level_51"},{"predicate":{"custom_model_data":10072},"model":"sweetrice:ia_auto_gen/level_52"},{"predicate":{"custom_model_data":10073},"model":"sweetrice:ia_auto_gen/level_53"},{"predicate":{"custom_model_data":10074},"model":"sweetrice:ia_auto_gen/level_54"},{"predicate":{"custom_model_data":10075},"model":"sweetrice:ia_auto_gen/level_55"},{"predicate":{"custom_model_data":10076},"model":"sweetrice:ia_auto_gen/level_56"},{"predicate":{"custom_model_data":10077},"model":"sweetrice:ia_auto_gen/level_57"},{"predicate":{"custom_model_data":10078},"model":"sweetrice:ia_auto_gen/level_58"},{"predicate":{"custom_model_data":10079},"model":"sweetrice:ia_auto_gen/level_59"},{"predicate":{"custom_model_data":10080},"model":"sweetrice:ia_auto_gen/level_60"},{"predicate":{"custom_model_data":10081},"model":"warden_set:pickaxe"},{"predicate":{"custom_model_data":10082},"model":"bonekeeper_set:bonekeeper_set/pickaxe"},{"predicate":{"custom_model_data":10083},"model":"item/diamond_pickaxe"}]}