{"parent":"minecraft:item/handheld","textures":{"layer0":"minecraft:item/iron_sword"},"overrides":[{"predicate":{"custom_model_data":10000},"model":"galaxy:sword"},{"predicate":{"custom_model_data":10001},"model":"galaxy:spear"},{"predicate":{"custom_model_data":10002},"model":"galaxy:staff"},{"predicate":{"custom_model_data":10003},"model":"galaxy:hammer"},{"predicate":{"custom_model_data":10004},"model":"galaxy:scythe"},{"predicate":{"custom_model_data":10005},"model":"galaxy:trident"},{"predicate":{"custom_model_data":10006},"model":"ice_set:ia_auto_gen/ice_sword"},{"predicate":{"custom_model_data":10007},"model":"elitecreatures:valentines_animated_weapon_and_tool_set_v1/hammer"},{"predicate":{"custom_model_data":10008},"model":"elitecreatures:valentines_animated_weapon_and_tool_set_v1/spear"},{"predicate":{"custom_model_data":10009},"model":"elitecreatures:valentines_animated_weapon_and_tool_set_v1/staff"},{"predicate":{"custom_model_data":10010},"model":"elitecreatures:valentines_animated_weapon_and_tool_set_v1/sword"},{"predicate":{"custom_model_data":10011},"model":"rpg_weapon_model:demon_sword"},{"predicate":{"custom_model_data":10012},"model":"rpg_weapon_model:hailstone_sword"},{"predicate":{"custom_model_data":10013},"model":"rpg_weapon_model:lunar_blade"},{"predicate":{"custom_model_data":10014},"model":"item/iron_sword"}]}