{"parent":"minecraft:item/handheld","textures":{"layer0":"minecraft:item/iron_pickaxe"},"overrides":[{"predicate":{"custom_model_data":10000},"model":"galaxy:pickaxe"},{"predicate":{"custom_model_data":10001},"model":"ice_set:ia_auto_gen/ice_pickaxe"},{"predicate":{"custom_model_data":10002},"model":"elitecreatures:valentines_animated_weapon_and_tool_set_v1/pickaxe"},{"predicate":{"custom_model_data":10003},"model":"halloweenset:pickaxe"},{"predicate":{"custom_model_data":10004},"model":"thunderboltset:pickaxe"},{"predicate":{"custom_model_data":10005},"model":"tools_armors_pack:ia_auto_gen/iridium_pickaxe"},{"predicate":{"custom_model_data":10006},"model":"tools_armors_pack:ia_auto_gen/malachite_pickaxe"},{"predicate":{"custom_model_data":10007},"model":"tools_armors_pack:ia_auto_gen/amber_pickaxe"},{"predicate":{"custom_model_data":10008},"model":"tools_armors_pack:ia_auto_gen/amethyst_pickaxe"},{"predicate":{"custom_model_data":10009},"model":"tools_armors_pack:ia_auto_gen/mythril_pickaxe"},{"predicate":{"custom_model_data":10010},"model":"tools_armors_pack:ia_auto_gen/silver_pickaxe"},{"predicate":{"custom_model_data":10011},"model":"tools_armors_pack:ia_auto_gen/jade_pickaxe"},{"predicate":{"custom_model_data":10012},"model":"tools_armors_pack:ia_auto_gen/ruby_pickaxe"},{"predicate":{"custom_model_data":10013},"model":"elitecreatures:darkflame_animated_weapon_set/pickaxe"},{"predicate":{"custom_model_data":10013},"model":"elitecreatures:darkflame_animated_weapon_set/pickaxe"},{"predicate":{"custom_model_data":10015},"model":"noraset:pickaxe"},{"predicate":{"custom_model_data":10016},"model":"wither:pickaxe"},{"predicate":{"custom_model_data":10017},"model":"summerset:pickaxe"},{"predicate":{"custom_model_data":10018},"model":"dragonsoulset:pickaxe"},{"predicate":{"custom_model_data":10020},"model":"avalanche_set:pickaxe"},{"predicate":{"custom_model_data":10023},"model":"elitecreatures:zombie_apocalyptic_animated_weapon_set/pickaxe"},{"predicate":{"custom_model_data":10025},"model":"ufoset:pickaxe"},{"predicate":{"custom_model_data":10027},"model":"littlepandaset:pickaxe"},{"predicate":{"custom_model_data":10028},"model":"littledragonset:pickaxe"},{"predicate":{"custom_model_data":10031},"model":"fallenset:pickaxe"},{"predicate":{"custom_model_data":10032},"model":"elitecreatures:oni_weapon_set/pickaxe"},{"predicate":{"custom_model_data":10034},"model":"lunarset:pickaxe"},{"predicate":{"custom_model_data":10037},"model":"elitecreatures:spirits_awakening_animated_weapon_set_v1/guillotinescrap_pickaxe"},{"predicate":{"custom_model_data":10039},"model":"blossom:pickaxe"},{"predicate":{"custom_model_data":10040},"model":"gem_set:blue_gem_pickaxe"},{"predicate":{"custom_model_data":10041},"model":"gem_set:gray_gem_pickaxe"},{"predicate":{"custom_model_data":10042},"model":"gem_set:green_gem_pickaxe"},{"predicate":{"custom_model_data":10043},"model":"gem_set:pink_gem_pickaxe"},{"predicate":{"custom_model_data":10044},"model":"gem_set:purple_gem_pickaxe"},{"predicate":{"custom_model_data":10045},"model":"gem_set:red_gem_pickaxe"},{"predicate":{"custom_model_data":10046},"model":"elitecreatures:pickaxe"},{"predicate":{"custom_model_data":10047},"model":"item/iron_pickaxe"}]}