{"data":1037,"parent":"item/generated","textures":{"layer0":"item/leather_horse_armor"},"overrides":[{"predicate":{"custom_model_data":1},"model":"modelengine:hana/magic"},{"predicate":{"custom_model_data":2},"model":"modelengine:hana/wood"},{"predicate":{"custom_model_data":3},"model":"modelengine:hana/lefthand"},{"predicate":{"custom_model_data":4},"model":"modelengine:hana/left_arm"},{"predicate":{"custom_model_data":5},"model":"modelengine:hana/stone_sword"},{"predicate":{"custom_model_data":6},"model":"modelengine:hana/righthand"},{"predicate":{"custom_model_data":7},"model":"modelengine:hana/right_arm"},{"predicate":{"custom_model_data":8},"model":"modelengine:hana/head"},{"predicate":{"custom_model_data":9},"model":"modelengine:hana/body"},{"predicate":{"custom_model_data":10},"model":"modelengine:hana/left_frontleg"},{"predicate":{"custom_model_data":11},"model":"modelengine:hana/left_leg"},{"predicate":{"custom_model_data":12},"model":"modelengine:hana/right_frontleg"},{"predicate":{"custom_model_data":13},"model":"modelengine:hana/right_leg"},{"predicate":{"custom_model_data":14},"model":"modelengine:hana/hip"},{"predicate":{"custom_model_data":15},"model":"modelengine:deer_healing/bone"},{"predicate":{"custom_model_data":16},"model":"modelengine:deer_spirit/jaw"},{"predicate":{"custom_model_data":17},"model":"modelengine:deer_spirit/leaf1"},{"predicate":{"custom_model_data":18},"model":"modelengine:deer_spirit/leaf2"},{"predicate":{"custom_model_data":19},"model":"modelengine:deer_spirit/leaf3"},{"predicate":{"custom_model_data":20},"model":"modelengine:deer_spirit/leaf4"},{"predicate":{"custom_model_data":21},"model":"modelengine:deer_spirit/leaf5"},{"predicate":{"custom_model_data":22},"model":"modelengine:deer_spirit/head"},{"predicate":{"custom_model_data":23},"model":"modelengine:deer_spirit/neck"},{"predicate":{"custom_model_data":24},"model":"modelengine:deer_spirit/left_hand"},{"predicate":{"custom_model_data":25},"model":"modelengine:deer_spirit/left_frontarm"},{"predicate":{"custom_model_data":26},"model":"modelengine:deer_spirit/left_arm"},{"predicate":{"custom_model_data":27},"model":"modelengine:deer_spirit/right_hand"},{"predicate":{"custom_model_data":28},"model":"modelengine:deer_spirit/right_frontarm"},{"predicate":{"custom_model_data":29},"model":"modelengine:deer_spirit/right_arm"},{"predicate":{"custom_model_data":30},"model":"modelengine:deer_spirit/body"},{"predicate":{"custom_model_data":31},"model":"modelengine:deer_spirit/left_foot"},{"predicate":{"custom_model_data":32},"model":"modelengine:deer_spirit/left_frontleg"},{"predicate":{"custom_model_data":33},"model":"modelengine:deer_spirit/left_leg"},{"predicate":{"custom_model_data":34},"model":"modelengine:deer_spirit/right_foot"},{"predicate":{"custom_model_data":35},"model":"modelengine:deer_spirit/right_frontleg"},{"predicate":{"custom_model_data":36},"model":"modelengine:deer_spirit/right_leg"},{"predicate":{"custom_model_data":37},"model":"modelengine:deer_spirit/hip"},{"predicate":{"custom_model_data":38},"model":"modelengine:ghastling_2/head2"},{"predicate":{"custom_model_data":39},"model":"modelengine:ghastling_2/tentacle1"},{"predicate":{"custom_model_data":40},"model":"modelengine:ghastling_2/top"},{"predicate":{"custom_model_data":41},"model":"modelengine:ghastling_2/tentacle2"},{"predicate":{"custom_model_data":42},"model":"modelengine:ghastling_2/tentacle3"},{"predicate":{"custom_model_data":43},"model":"modelengine:ghastling_2/base"},{"predicate":{"custom_model_data":44},"model":"modelengine:ghastling_2_chunks/chunk"},{"predicate":{"custom_model_data":45},"model":"modelengine:ghastling_2_parts/head2"},{"predicate":{"custom_model_data":46},"model":"modelengine:ghastling_2_parts/tentacle1"},{"predicate":{"custom_model_data":47},"model":"modelengine:ghastling_2_parts/top"},{"predicate":{"custom_model_data":48},"model":"modelengine:ghastling_2_parts/tentacle2"},{"predicate":{"custom_model_data":49},"model":"modelengine:ghastling_2_parts/tentacle3"},{"predicate":{"custom_model_data":50},"model":"modelengine:ghastling_2_parts/base"},{"predicate":{"custom_model_data":51},"model":"modelengine:light_beam/body"},{"predicate":{"custom_model_data":52},"model":"modelengine:wizpiglin_2/tabard3"},{"predicate":{"custom_model_data":53},"model":"modelengine:wizpiglin_2/tabard5"},{"predicate":{"custom_model_data":54},"model":"modelengine:wizpiglin_2/tabard2"},{"predicate":{"custom_model_data":55},"model":"modelengine:wizpiglin_2/head"},{"predicate":{"custom_model_data":56},"model":"modelengine:wizpiglin_2/left_hand"},{"predicate":{"custom_model_data":57},"model":"modelengine:wizpiglin_2/left_forearm"},{"predicate":{"custom_model_data":58},"model":"modelengine:wizpiglin_2/left_arm"},{"predicate":{"custom_model_data":59},"model":"modelengine:wizpiglin_2/left_foot"},{"predicate":{"custom_model_data":60},"model":"modelengine:wizpiglin_2/left_leg"},{"predicate":{"custom_model_data":61},"model":"modelengine:wizpiglin_2/right_foot"},{"predicate":{"custom_model_data":62},"model":"modelengine:wizpiglin_2/right_leg"},{"predicate":{"custom_model_data":63},"model":"modelengine:wizpiglin_2/body"},{"predicate":{"custom_model_data":64},"model":"modelengine:wizpiglin_2_groundcrack/base"},{"predicate":{"custom_model_data":65},"model":"modelengine:wizpiglin_2_parts/blank"},{"predicate":{"custom_model_data":66},"model":"modelengine:wizpiglin_2_parts/left_hand2_open"},{"predicate":{"custom_model_data":67},"model":"modelengine:wizpiglin_2_rift_h/rift_shard1"},{"predicate":{"custom_model_data":68},"model":"modelengine:wizpiglin_2_rift_h/rift_shard2"},{"predicate":{"custom_model_data":69},"model":"modelengine:wizpiglin_2_rift_h/rift"},{"predicate":{"custom_model_data":70},"model":"modelengine:wizpiglin_2_rift_v/rift_shard1"},{"predicate":{"custom_model_data":71},"model":"modelengine:wizpiglin_2_rift_v/rift_shard2"},{"predicate":{"custom_model_data":72},"model":"modelengine:wizpiglin_2_rift_v/left_hand"},{"predicate":{"custom_model_data":73},"model":"modelengine:wizpiglin_2_rift_v/left_forearm"},{"predicate":{"custom_model_data":74},"model":"modelengine:wizpiglin_2_rift_v/rift"},{"predicate":{"custom_model_data":75},"model":"modelengine:wizpiglin_2_rock/base"},{"predicate":{"custom_model_data":76},"model":"modelengine:wizpiglin_2_rock_debris/base"},{"predicate":{"custom_model_data":77},"model":"modelengine:wizpiglin_2_shot/bullet"},{"predicate":{"custom_model_data":78},"model":"modelengine:wizpiglin_2_shot/arcs"},{"predicate":{"custom_model_data":1001},"model":"modelengine:mso_tornado/bone5"},{"predicate":{"custom_model_data":1002},"model":"modelengine:mso_tornado/bone4"},{"predicate":{"custom_model_data":1003},"model":"modelengine:mso_tornado/bone3"},{"predicate":{"custom_model_data":1004},"model":"modelengine:mso_tornado/bone2"},{"predicate":{"custom_model_data":1005},"model":"modelengine:mso_tornado/bone"},{"predicate":{"custom_model_data":1006},"model":"modelengine:mso_zeus/beard2"},{"predicate":{"custom_model_data":1007},"model":"modelengine:mso_zeus/beard"},{"predicate":{"custom_model_data":1008},"model":"modelengine:mso_zeus/head"},{"predicate":{"custom_model_data":1009},"model":"modelengine:mso_zeus/left_hand"},{"predicate":{"custom_model_data":1010},"model":"modelengine:mso_zeus/shield"},{"predicate":{"custom_model_data":1011},"model":"modelengine:mso_zeus/left_elbow"},{"predicate":{"custom_model_data":1012},"model":"modelengine:mso_zeus/left_arm"},{"predicate":{"custom_model_data":1013},"model":"modelengine:mso_zeus/jolt"},{"predicate":{"custom_model_data":1014},"model":"modelengine:mso_zeus/right_hand"},{"predicate":{"custom_model_data":1015},"model":"modelengine:mso_zeus/right_elbow"},{"predicate":{"custom_model_data":1016},"model":"modelengine:mso_zeus/right_arm"},{"predicate":{"custom_model_data":1017},"model":"modelengine:mso_zeus/chest"},{"predicate":{"custom_model_data":1018},"model":"modelengine:mso_zeus/spine"},{"predicate":{"custom_model_data":1019},"model":"modelengine:mso_zeus/left_foot"},{"predicate":{"custom_model_data":1020},"model":"modelengine:mso_zeus/left_knee"},{"predicate":{"custom_model_data":1021},"model":"modelengine:mso_zeus/left_leg"},{"predicate":{"custom_model_data":1022},"model":"modelengine:mso_zeus/right_foot"},{"predicate":{"custom_model_data":1023},"model":"modelengine:mso_zeus/right_knee"},{"predicate":{"custom_model_data":1024},"model":"modelengine:mso_zeus/right_leg"},{"predicate":{"custom_model_data":1025},"model":"modelengine:mso_zeus/left_cloth_tip"},{"predicate":{"custom_model_data":1026},"model":"modelengine:mso_zeus/left_cloth"},{"predicate":{"custom_model_data":1027},"model":"modelengine:mso_zeus/right_cloth_tip"},{"predicate":{"custom_model_data":1028},"model":"modelengine:mso_zeus/right_cloth"},{"predicate":{"custom_model_data":1029},"model":"modelengine:mso_zeus/left_back_cloth_tip"},{"predicate":{"custom_model_data":1030},"model":"modelengine:mso_zeus/left_back_cloth"},{"predicate":{"custom_model_data":1031},"model":"modelengine:mso_zeus/right_back_cloth_tip"},{"predicate":{"custom_model_data":1032},"model":"modelengine:mso_zeus/right_back_cloth"},{"predicate":{"custom_model_data":1033},"model":"modelengine:mso_zeus/left_front_cloth_tip"},{"predicate":{"custom_model_data":1034},"model":"modelengine:mso_zeus/left_front_cloth"},{"predicate":{"custom_model_data":1035},"model":"modelengine:mso_zeus/right_front_cloth_tip"},{"predicate":{"custom_model_data":1036},"model":"modelengine:mso_zeus/right_front_cloth"},{"predicate":{"custom_model_data":1037},"model":"modelengine:mso_zeus/hip"}]}