{"data":4002,"parent":"item/generated","textures":{"layer0":"item/leather_horse_armor"},"overrides":[{"predicate":{"custom_model_data":1},"model":"modelengine:hana/magic"},{"predicate":{"custom_model_data":2},"model":"modelengine:hana/wood"},{"predicate":{"custom_model_data":3},"model":"modelengine:hana/lefthand"},{"predicate":{"custom_model_data":4},"model":"modelengine:hana/left_arm"},{"predicate":{"custom_model_data":5},"model":"modelengine:hana/stone_sword"},{"predicate":{"custom_model_data":6},"model":"modelengine:hana/righthand"},{"predicate":{"custom_model_data":7},"model":"modelengine:hana/right_arm"},{"predicate":{"custom_model_data":8},"model":"modelengine:hana/head"},{"predicate":{"custom_model_data":9},"model":"modelengine:hana/body"},{"predicate":{"custom_model_data":10},"model":"modelengine:hana/left_frontleg"},{"predicate":{"custom_model_data":11},"model":"modelengine:hana/left_leg"},{"predicate":{"custom_model_data":12},"model":"modelengine:hana/right_frontleg"},{"predicate":{"custom_model_data":13},"model":"modelengine:hana/right_leg"},{"predicate":{"custom_model_data":14},"model":"modelengine:hana/hip"},{"predicate":{"custom_model_data":15},"model":"modelengine:deer_healing/bone"},{"predicate":{"custom_model_data":16},"model":"modelengine:deer_spirit/jaw"},{"predicate":{"custom_model_data":17},"model":"modelengine:deer_spirit/leaf1"},{"predicate":{"custom_model_data":18},"model":"modelengine:deer_spirit/leaf2"},{"predicate":{"custom_model_data":19},"model":"modelengine:deer_spirit/leaf3"},{"predicate":{"custom_model_data":20},"model":"modelengine:deer_spirit/leaf4"},{"predicate":{"custom_model_data":21},"model":"modelengine:deer_spirit/leaf5"},{"predicate":{"custom_model_data":22},"model":"modelengine:deer_spirit/head"},{"predicate":{"custom_model_data":23},"model":"modelengine:deer_spirit/neck"},{"predicate":{"custom_model_data":24},"model":"modelengine:deer_spirit/left_hand"},{"predicate":{"custom_model_data":25},"model":"modelengine:deer_spirit/left_frontarm"},{"predicate":{"custom_model_data":26},"model":"modelengine:deer_spirit/left_arm"},{"predicate":{"custom_model_data":27},"model":"modelengine:deer_spirit/right_hand"},{"predicate":{"custom_model_data":28},"model":"modelengine:deer_spirit/right_frontarm"},{"predicate":{"custom_model_data":29},"model":"modelengine:deer_spirit/right_arm"},{"predicate":{"custom_model_data":30},"model":"modelengine:deer_spirit/body"},{"predicate":{"custom_model_data":31},"model":"modelengine:deer_spirit/left_foot"},{"predicate":{"custom_model_data":32},"model":"modelengine:deer_spirit/left_frontleg"},{"predicate":{"custom_model_data":33},"model":"modelengine:deer_spirit/left_leg"},{"predicate":{"custom_model_data":34},"model":"modelengine:deer_spirit/right_foot"},{"predicate":{"custom_model_data":35},"model":"modelengine:deer_spirit/right_frontleg"},{"predicate":{"custom_model_data":36},"model":"modelengine:deer_spirit/right_leg"},{"predicate":{"custom_model_data":37},"model":"modelengine:deer_spirit/hip"},{"predicate":{"custom_model_data":38},"model":"modelengine:ghastling_2/head2"},{"predicate":{"custom_model_data":39},"model":"modelengine:ghastling_2/tentacle1"},{"predicate":{"custom_model_data":40},"model":"modelengine:ghastling_2/top"},{"predicate":{"custom_model_data":41},"model":"modelengine:ghastling_2/tentacle2"},{"predicate":{"custom_model_data":42},"model":"modelengine:ghastling_2/tentacle3"},{"predicate":{"custom_model_data":43},"model":"modelengine:ghastling_2/base"},{"predicate":{"custom_model_data":44},"model":"modelengine:ghastling_2_chunks/chunk"},{"predicate":{"custom_model_data":45},"model":"modelengine:ghastling_2_parts/head2"},{"predicate":{"custom_model_data":46},"model":"modelengine:ghastling_2_parts/tentacle1"},{"predicate":{"custom_model_data":47},"model":"modelengine:ghastling_2_parts/top"},{"predicate":{"custom_model_data":48},"model":"modelengine:ghastling_2_parts/tentacle2"},{"predicate":{"custom_model_data":49},"model":"modelengine:ghastling_2_parts/tentacle3"},{"predicate":{"custom_model_data":50},"model":"modelengine:ghastling_2_parts/base"},{"predicate":{"custom_model_data":51},"model":"modelengine:light_beam/body"},{"predicate":{"custom_model_data":52},"model":"modelengine:lr_anubis/cheek_drape2"},{"predicate":{"custom_model_data":53},"model":"modelengine:lr_anubis/cheek_drape1"},{"predicate":{"custom_model_data":54},"model":"modelengine:lr_anubis/cheek_drape4"},{"predicate":{"custom_model_data":55},"model":"modelengine:lr_anubis/cheek_drape3"},{"predicate":{"custom_model_data":56},"model":"modelengine:lr_anubis/cape2"},{"predicate":{"custom_model_data":57},"model":"modelengine:lr_anubis/cape1"},{"predicate":{"custom_model_data":58},"model":"modelengine:lr_anubis/left_foot"},{"predicate":{"custom_model_data":59},"model":"modelengine:lr_anubis/left_shin"},{"predicate":{"custom_model_data":60},"model":"modelengine:lr_anubis/left_leg"},{"predicate":{"custom_model_data":61},"model":"modelengine:lr_anubis/right_foot"},{"predicate":{"custom_model_data":62},"model":"modelengine:lr_anubis/right_shin"},{"predicate":{"custom_model_data":63},"model":"modelengine:lr_anubis/right_leg"},{"predicate":{"custom_model_data":64},"model":"modelengine:lr_anubis/pelvis_drape2"},{"predicate":{"custom_model_data":65},"model":"modelengine:lr_anubis/pelvis_drape1"},{"predicate":{"custom_model_data":66},"model":"modelengine:lr_anubis/left_hand"},{"predicate":{"custom_model_data":67},"model":"modelengine:lr_anubis/arm_drape3"},{"predicate":{"custom_model_data":68},"model":"modelengine:lr_anubis/arm_drape2"},{"predicate":{"custom_model_data":69},"model":"modelengine:lr_anubis/arm_drape1"},{"predicate":{"custom_model_data":70},"model":"modelengine:lr_anubis/left_forearm"},{"predicate":{"custom_model_data":71},"model":"modelengine:lr_anubis/left_arm"},{"predicate":{"custom_model_data":72},"model":"modelengine:lr_anubis/staff"},{"predicate":{"custom_model_data":73},"model":"modelengine:lr_anubis/right_hand"},{"predicate":{"custom_model_data":74},"model":"modelengine:lr_anubis/arm_drape6"},{"predicate":{"custom_model_data":75},"model":"modelengine:lr_anubis/arm_drape5"},{"predicate":{"custom_model_data":76},"model":"modelengine:lr_anubis/arm_drape4"},{"predicate":{"custom_model_data":77},"model":"modelengine:lr_anubis/right_forearm"},{"predicate":{"custom_model_data":78},"model":"modelengine:lr_anubis/right_arm"},{"predicate":{"custom_model_data":79},"model":"modelengine:lr_anubis/ears"},{"predicate":{"custom_model_data":80},"model":"modelengine:lr_anubis/head"},{"predicate":{"custom_model_data":81},"model":"modelengine:lr_anubis/neck"},{"predicate":{"custom_model_data":82},"model":"modelengine:lr_anubis/torso"},{"predicate":{"custom_model_data":83},"model":"modelengine:lr_anubis/eye"},{"predicate":{"custom_model_data":84},"model":"modelengine:lr_anubis_groundbreak/rock1"},{"predicate":{"custom_model_data":85},"model":"modelengine:lr_anubis_groundbreak/rock2"},{"predicate":{"custom_model_data":86},"model":"modelengine:lr_anubis_groundbreak/rock3"},{"predicate":{"custom_model_data":87},"model":"modelengine:lr_anubis_groundbreak/rock4"},{"predicate":{"custom_model_data":88},"model":"modelengine:lr_anubis_mummy/cloth2"},{"predicate":{"custom_model_data":89},"model":"modelengine:lr_anubis_mummy/cloth"},{"predicate":{"custom_model_data":90},"model":"modelengine:lr_anubis_mummy/bandage4"},{"predicate":{"custom_model_data":91},"model":"modelengine:lr_anubis_mummy/bandage3"},{"predicate":{"custom_model_data":92},"model":"modelengine:lr_anubis_mummy/bandage2"},{"predicate":{"custom_model_data":93},"model":"modelengine:lr_anubis_mummy/bandage"},{"predicate":{"custom_model_data":94},"model":"modelengine:lr_anubis_mummy/head"},{"predicate":{"custom_model_data":95},"model":"modelengine:lr_anubis_mummy/left_foot"},{"predicate":{"custom_model_data":96},"model":"modelengine:lr_anubis_mummy/left_shin"},{"predicate":{"custom_model_data":97},"model":"modelengine:lr_anubis_mummy/left_leg"},{"predicate":{"custom_model_data":98},"model":"modelengine:lr_anubis_mummy/right_foot"},{"predicate":{"custom_model_data":99},"model":"modelengine:lr_anubis_mummy/right_shin"},{"predicate":{"custom_model_data":100},"model":"modelengine:lr_anubis_mummy/right_leg"},{"predicate":{"custom_model_data":101},"model":"modelengine:lr_anubis_mummy/left_forearm"},{"predicate":{"custom_model_data":102},"model":"modelengine:lr_anubis_mummy/left_arm"},{"predicate":{"custom_model_data":103},"model":"modelengine:lr_anubis_mummy/right_forearm"},{"predicate":{"custom_model_data":104},"model":"modelengine:lr_anubis_mummy/right_arm"},{"predicate":{"custom_model_data":105},"model":"modelengine:lr_anubis_mummy/torso"},{"predicate":{"custom_model_data":106},"model":"modelengine:lr_anubis_obelisk/pillar1"},{"predicate":{"custom_model_data":107},"model":"modelengine:lr_anubis_obelisk/pillar2"},{"predicate":{"custom_model_data":108},"model":"modelengine:lr_anubis_obelisk/crystal"},{"predicate":{"custom_model_data":109},"model":"modelengine:lr_anubis_obelisk/base"},{"predicate":{"custom_model_data":110},"model":"modelengine:lr_anubis_parts/cheek_drape2"},{"predicate":{"custom_model_data":111},"model":"modelengine:lr_anubis_parts/cheek_drape1"},{"predicate":{"custom_model_data":112},"model":"modelengine:lr_anubis_parts/cheek_drape4"},{"predicate":{"custom_model_data":113},"model":"modelengine:lr_anubis_parts/cheek_drape3"},{"predicate":{"custom_model_data":114},"model":"modelengine:lr_anubis_parts/cape2"},{"predicate":{"custom_model_data":115},"model":"modelengine:lr_anubis_parts/cape1"},{"predicate":{"custom_model_data":116},"model":"modelengine:lr_anubis_parts/left_foot"},{"predicate":{"custom_model_data":117},"model":"modelengine:lr_anubis_parts/left_shin"},{"predicate":{"custom_model_data":118},"model":"modelengine:lr_anubis_parts/left_leg"},{"predicate":{"custom_model_data":119},"model":"modelengine:lr_anubis_parts/right_foot"},{"predicate":{"custom_model_data":120},"model":"modelengine:lr_anubis_parts/right_shin"},{"predicate":{"custom_model_data":121},"model":"modelengine:lr_anubis_parts/right_leg"},{"predicate":{"custom_model_data":122},"model":"modelengine:lr_anubis_parts/pelvis_drape2"},{"predicate":{"custom_model_data":123},"model":"modelengine:lr_anubis_parts/pelvis_drape1"},{"predicate":{"custom_model_data":124},"model":"modelengine:lr_anubis_parts/left_hand"},{"predicate":{"custom_model_data":125},"model":"modelengine:lr_anubis_parts/arm_drape3"},{"predicate":{"custom_model_data":126},"model":"modelengine:lr_anubis_parts/arm_drape2"},{"predicate":{"custom_model_data":127},"model":"modelengine:lr_anubis_parts/arm_drape1"},{"predicate":{"custom_model_data":128},"model":"modelengine:lr_anubis_parts/left_forearm"},{"predicate":{"custom_model_data":129},"model":"modelengine:lr_anubis_parts/left_arm"},{"predicate":{"custom_model_data":130},"model":"modelengine:lr_anubis_parts/staff"},{"predicate":{"custom_model_data":131},"model":"modelengine:lr_anubis_parts/right_hand"},{"predicate":{"custom_model_data":132},"model":"modelengine:lr_anubis_parts/arm_drape6"},{"predicate":{"custom_model_data":133},"model":"modelengine:lr_anubis_parts/arm_drape5"},{"predicate":{"custom_model_data":134},"model":"modelengine:lr_anubis_parts/arm_drape4"},{"predicate":{"custom_model_data":135},"model":"modelengine:lr_anubis_parts/right_forearm"},{"predicate":{"custom_model_data":136},"model":"modelengine:lr_anubis_parts/right_arm"},{"predicate":{"custom_model_data":137},"model":"modelengine:lr_anubis_parts/ears"},{"predicate":{"custom_model_data":138},"model":"modelengine:lr_anubis_parts/head"},{"predicate":{"custom_model_data":139},"model":"modelengine:lr_anubis_parts/neck"},{"predicate":{"custom_model_data":140},"model":"modelengine:lr_anubis_parts/torso"},{"predicate":{"custom_model_data":141},"model":"modelengine:lr_anubis_parts/cheek_drape6"},{"predicate":{"custom_model_data":142},"model":"modelengine:lr_anubis_parts/cheek_drape5"},{"predicate":{"custom_model_data":143},"model":"modelengine:lr_anubis_parts/cheek_drape8"},{"predicate":{"custom_model_data":144},"model":"modelengine:lr_anubis_parts/cheek_drape7"},{"predicate":{"custom_model_data":145},"model":"modelengine:lr_anubis_parts/cape4"},{"predicate":{"custom_model_data":146},"model":"modelengine:lr_anubis_parts/cape3"},{"predicate":{"custom_model_data":147},"model":"modelengine:lr_anubis_parts/left_foot2"},{"predicate":{"custom_model_data":148},"model":"modelengine:lr_anubis_parts/left_shin2"},{"predicate":{"custom_model_data":149},"model":"modelengine:lr_anubis_parts/left_leg2"},{"predicate":{"custom_model_data":150},"model":"modelengine:lr_anubis_parts/right_foot2"},{"predicate":{"custom_model_data":151},"model":"modelengine:lr_anubis_parts/right_shin2"},{"predicate":{"custom_model_data":152},"model":"modelengine:lr_anubis_parts/right_leg2"},{"predicate":{"custom_model_data":153},"model":"modelengine:lr_anubis_parts/pelvis_drape4"},{"predicate":{"custom_model_data":154},"model":"modelengine:lr_anubis_parts/pelvis_drape3"},{"predicate":{"custom_model_data":155},"model":"modelengine:lr_anubis_parts/left_hand2"},{"predicate":{"custom_model_data":156},"model":"modelengine:lr_anubis_parts/arm_drape9"},{"predicate":{"custom_model_data":157},"model":"modelengine:lr_anubis_parts/arm_drape8"},{"predicate":{"custom_model_data":158},"model":"modelengine:lr_anubis_parts/arm_drape7"},{"predicate":{"custom_model_data":159},"model":"modelengine:lr_anubis_parts/left_forearm2"},{"predicate":{"custom_model_data":160},"model":"modelengine:lr_anubis_parts/left_arm2"},{"predicate":{"custom_model_data":161},"model":"modelengine:lr_anubis_parts/staff2"},{"predicate":{"custom_model_data":162},"model":"modelengine:lr_anubis_parts/right_hand2"},{"predicate":{"custom_model_data":163},"model":"modelengine:lr_anubis_parts/arm_drape12"},{"predicate":{"custom_model_data":164},"model":"modelengine:lr_anubis_parts/arm_drape11"},{"predicate":{"custom_model_data":165},"model":"modelengine:lr_anubis_parts/arm_drape10"},{"predicate":{"custom_model_data":166},"model":"modelengine:lr_anubis_parts/right_forearm2"},{"predicate":{"custom_model_data":167},"model":"modelengine:lr_anubis_parts/right_arm2"},{"predicate":{"custom_model_data":168},"model":"modelengine:lr_anubis_parts/ears2"},{"predicate":{"custom_model_data":169},"model":"modelengine:lr_anubis_parts/head2"},{"predicate":{"custom_model_data":170},"model":"modelengine:lr_anubis_parts/neck2"},{"predicate":{"custom_model_data":171},"model":"modelengine:lr_anubis_parts/torso2"},{"predicate":{"custom_model_data":172},"model":"modelengine:lr_anubis_parts/eye"},{"predicate":{"custom_model_data":173},"model":"modelengine:lr_anubis_souls/soul1"},{"predicate":{"custom_model_data":174},"model":"modelengine:lr_anubis_souls/soul2"},{"predicate":{"custom_model_data":175},"model":"modelengine:lr_anubis_souls/soul3"},{"predicate":{"custom_model_data":176},"model":"modelengine:lr_anubis_souls/soul4"},{"predicate":{"custom_model_data":177},"model":"modelengine:soulknight/cape3"},{"predicate":{"custom_model_data":178},"model":"modelengine:soulknight/cape2"},{"predicate":{"custom_model_data":179},"model":"modelengine:soulknight/cape"},{"predicate":{"custom_model_data":180},"model":"modelengine:soulknight/belly"},{"predicate":{"custom_model_data":181},"model":"modelengine:soulknight/head"},{"predicate":{"custom_model_data":182},"model":"modelengine:soulknight/swordedge"},{"predicate":{"custom_model_data":183},"model":"modelengine:soulknight/sword"},{"predicate":{"custom_model_data":184},"model":"modelengine:soulknight/lefthand"},{"predicate":{"custom_model_data":185},"model":"modelengine:soulknight/leftfrontarm"},{"predicate":{"custom_model_data":186},"model":"modelengine:soulknight/leftarm"},{"predicate":{"custom_model_data":187},"model":"modelengine:soulknight/spear_tip"},{"predicate":{"custom_model_data":188},"model":"modelengine:soulknight/spear"},{"predicate":{"custom_model_data":189},"model":"modelengine:soulknight/righthand"},{"predicate":{"custom_model_data":190},"model":"modelengine:soulknight/rightfrontarm"},{"predicate":{"custom_model_data":191},"model":"modelengine:soulknight/rightarm"},{"predicate":{"custom_model_data":192},"model":"modelengine:soulknight/body"},{"predicate":{"custom_model_data":193},"model":"modelengine:soulknight/leftfoot"},{"predicate":{"custom_model_data":194},"model":"modelengine:soulknight/leftfrontleg"},{"predicate":{"custom_model_data":195},"model":"modelengine:soulknight/leftleg"},{"predicate":{"custom_model_data":196},"model":"modelengine:soulknight/rightfoot"},{"predicate":{"custom_model_data":197},"model":"modelengine:soulknight/rightfrontleg"},{"predicate":{"custom_model_data":198},"model":"modelengine:soulknight/rightleg"},{"predicate":{"custom_model_data":199},"model":"modelengine:soulknight/hip"},{"predicate":{"custom_model_data":200},"model":"modelengine:soulknight_withhorse/cape3"},{"predicate":{"custom_model_data":201},"model":"modelengine:soulknight_withhorse/cape2"},{"predicate":{"custom_model_data":202},"model":"modelengine:soulknight_withhorse/cape"},{"predicate":{"custom_model_data":203},"model":"modelengine:soulknight_withhorse/belly"},{"predicate":{"custom_model_data":204},"model":"modelengine:soulknight_withhorse/head"},{"predicate":{"custom_model_data":205},"model":"modelengine:soulknight_withhorse/lefthand"},{"predicate":{"custom_model_data":206},"model":"modelengine:soulknight_withhorse/leftfrontarm"},{"predicate":{"custom_model_data":207},"model":"modelengine:soulknight_withhorse/leftarm"},{"predicate":{"custom_model_data":208},"model":"modelengine:soulknight_withhorse/spear_tip"},{"predicate":{"custom_model_data":209},"model":"modelengine:soulknight_withhorse/spear"},{"predicate":{"custom_model_data":210},"model":"modelengine:soulknight_withhorse/righthand"},{"predicate":{"custom_model_data":211},"model":"modelengine:soulknight_withhorse/rightfrontarm"},{"predicate":{"custom_model_data":212},"model":"modelengine:soulknight_withhorse/rightarm"},{"predicate":{"custom_model_data":213},"model":"modelengine:soulknight_withhorse/body"},{"predicate":{"custom_model_data":214},"model":"modelengine:soulknight_withhorse/leftfrontleg"},{"predicate":{"custom_model_data":215},"model":"modelengine:soulknight_withhorse/leftleg"},{"predicate":{"custom_model_data":216},"model":"modelengine:soulknight_withhorse/rightfrontleg"},{"predicate":{"custom_model_data":217},"model":"modelengine:soulknight_withhorse/rightleg"},{"predicate":{"custom_model_data":218},"model":"modelengine:soulknight_withhorse/hip"},{"predicate":{"custom_model_data":219},"model":"modelengine:soulknight_withhorse/jaw"},{"predicate":{"custom_model_data":220},"model":"modelengine:soulknight_withhorse/horsehead"},{"predicate":{"custom_model_data":221},"model":"modelengine:soulknight_withhorse/neck2"},{"predicate":{"custom_model_data":222},"model":"modelengine:soulknight_withhorse/neck1"},{"predicate":{"custom_model_data":223},"model":"modelengine:soulknight_withhorse/horse_leftfoot"},{"predicate":{"custom_model_data":224},"model":"modelengine:soulknight_withhorse/horse_leftfrontleg"},{"predicate":{"custom_model_data":225},"model":"modelengine:soulknight_withhorse/horse_leftleg"},{"predicate":{"custom_model_data":226},"model":"modelengine:soulknight_withhorse/horse_rightfoot"},{"predicate":{"custom_model_data":227},"model":"modelengine:soulknight_withhorse/horse_rightfrontleg"},{"predicate":{"custom_model_data":228},"model":"modelengine:soulknight_withhorse/horse_rightleg"},{"predicate":{"custom_model_data":229},"model":"modelengine:soulknight_withhorse/horsebody"},{"predicate":{"custom_model_data":230},"model":"modelengine:soulknight_withhorse/horse_leftbackfoot"},{"predicate":{"custom_model_data":231},"model":"modelengine:soulknight_withhorse/horse_leftbackfrontleg"},{"predicate":{"custom_model_data":232},"model":"modelengine:soulknight_withhorse/horse_leftbackleg"},{"predicate":{"custom_model_data":233},"model":"modelengine:soulknight_withhorse/horse_rightbackfoot"},{"predicate":{"custom_model_data":234},"model":"modelengine:soulknight_withhorse/horse_rightbackfrontleg"},{"predicate":{"custom_model_data":235},"model":"modelengine:soulknight_withhorse/horse_rightbackleg"},{"predicate":{"custom_model_data":236},"model":"modelengine:soulknight_withhorse/tail3"},{"predicate":{"custom_model_data":237},"model":"modelengine:soulknight_withhorse/tail2"},{"predicate":{"custom_model_data":238},"model":"modelengine:soulknight_withhorse/tail"},{"predicate":{"custom_model_data":239},"model":"modelengine:soulknight_withhorse/horsehip"},{"predicate":{"custom_model_data":240},"model":"modelengine:stomp_shockwave/debris1"},{"predicate":{"custom_model_data":241},"model":"modelengine:stomp_shockwave/debris2"},{"predicate":{"custom_model_data":242},"model":"modelengine:stomp_shockwave/debris3"},{"predicate":{"custom_model_data":243},"model":"modelengine:stomp_shockwave/debris4"},{"predicate":{"custom_model_data":244},"model":"modelengine:stomp_shockwave/debris5"},{"predicate":{"custom_model_data":245},"model":"modelengine:stomp_shockwave/debris6"},{"predicate":{"custom_model_data":246},"model":"modelengine:stomp_shockwave/lightbeam_med"},{"predicate":{"custom_model_data":247},"model":"modelengine:stomp_shockwave/lightbeam_far"},{"predicate":{"custom_model_data":248},"model":"modelengine:stomp_shockwave/lightbeam_close"},{"predicate":{"custom_model_data":249},"model":"modelengine:stomp_shockwave/spike1"},{"predicate":{"custom_model_data":250},"model":"modelengine:stomp_shockwave/spike2"},{"predicate":{"custom_model_data":251},"model":"modelengine:stomp_shockwave/spike3"},{"predicate":{"custom_model_data":252},"model":"modelengine:stomp_shockwave/spike4"},{"predicate":{"custom_model_data":253},"model":"modelengine:stomp_shockwave/spike5"},{"predicate":{"custom_model_data":254},"model":"modelengine:stomp_shockwave/spike6"},{"predicate":{"custom_model_data":255},"model":"modelengine:toro_ender_dragon/jaw"},{"predicate":{"custom_model_data":256},"model":"modelengine:toro_ender_dragon/head"},{"predicate":{"custom_model_data":257},"model":"modelengine:toro_ender_dragon/neck3"},{"predicate":{"custom_model_data":258},"model":"modelengine:toro_ender_dragon/neck2"},{"predicate":{"custom_model_data":259},"model":"modelengine:toro_ender_dragon/neck1"},{"predicate":{"custom_model_data":260},"model":"modelengine:toro_ender_dragon/belly"},{"predicate":{"custom_model_data":261},"model":"modelengine:toro_ender_dragon/left_claw"},{"predicate":{"custom_model_data":262},"model":"modelengine:toro_ender_dragon/left_forearm"},{"predicate":{"custom_model_data":263},"model":"modelengine:toro_ender_dragon/left_arm"},{"predicate":{"custom_model_data":264},"model":"modelengine:toro_ender_dragon/right_claw"},{"predicate":{"custom_model_data":265},"model":"modelengine:toro_ender_dragon/right_forearm"},{"predicate":{"custom_model_data":266},"model":"modelengine:toro_ender_dragon/right_arm"},{"predicate":{"custom_model_data":267},"model":"modelengine:toro_ender_dragon/left_wing_bone_three"},{"predicate":{"custom_model_data":268},"model":"modelengine:toro_ender_dragon/left_wingtip_two"},{"predicate":{"custom_model_data":269},"model":"modelengine:toro_ender_dragon/left_wing_bone_two"},{"predicate":{"custom_model_data":270},"model":"modelengine:toro_ender_dragon/left_wingtip_one"},{"predicate":{"custom_model_data":271},"model":"modelengine:toro_ender_dragon/left_wing_bone_one"},{"predicate":{"custom_model_data":272},"model":"modelengine:toro_ender_dragon/left_wing_claw_one"},{"predicate":{"custom_model_data":273},"model":"modelengine:toro_ender_dragon/left_wing_claw_two"},{"predicate":{"custom_model_data":274},"model":"modelengine:toro_ender_dragon/left_wing_claw_three"},{"predicate":{"custom_model_data":275},"model":"modelengine:toro_ender_dragon/left_wingforearm"},{"predicate":{"custom_model_data":276},"model":"modelengine:toro_ender_dragon/leftwing_root"},{"predicate":{"custom_model_data":277},"model":"modelengine:toro_ender_dragon/right_wing_bone_three"},{"predicate":{"custom_model_data":278},"model":"modelengine:toro_ender_dragon/right_wingtip_two"},{"predicate":{"custom_model_data":279},"model":"modelengine:toro_ender_dragon/right_wing_bone_two"},{"predicate":{"custom_model_data":280},"model":"modelengine:toro_ender_dragon/right_wingtip_one"},{"predicate":{"custom_model_data":281},"model":"modelengine:toro_ender_dragon/right_wing_bone_one"},{"predicate":{"custom_model_data":282},"model":"modelengine:toro_ender_dragon/right_wing_claw_one"},{"predicate":{"custom_model_data":283},"model":"modelengine:toro_ender_dragon/right_wing_claw_two"},{"predicate":{"custom_model_data":284},"model":"modelengine:toro_ender_dragon/right_wing_claw_three"},{"predicate":{"custom_model_data":285},"model":"modelengine:toro_ender_dragon/right_wingforearm"},{"predicate":{"custom_model_data":286},"model":"modelengine:toro_ender_dragon/rightwing_root"},{"predicate":{"custom_model_data":287},"model":"modelengine:toro_ender_dragon/chest"},{"predicate":{"custom_model_data":288},"model":"modelengine:toro_ender_dragon/left_foot"},{"predicate":{"custom_model_data":289},"model":"modelengine:toro_ender_dragon/left_upperfoot"},{"predicate":{"custom_model_data":290},"model":"modelengine:toro_ender_dragon/left_foreleg"},{"predicate":{"custom_model_data":291},"model":"modelengine:toro_ender_dragon/left_leg"},{"predicate":{"custom_model_data":292},"model":"modelengine:toro_ender_dragon/right_foot"},{"predicate":{"custom_model_data":293},"model":"modelengine:toro_ender_dragon/right_upperfoot"},{"predicate":{"custom_model_data":294},"model":"modelengine:toro_ender_dragon/right_foreleg"},{"predicate":{"custom_model_data":295},"model":"modelengine:toro_ender_dragon/right_leg"},{"predicate":{"custom_model_data":296},"model":"modelengine:toro_ender_dragon/tail5"},{"predicate":{"custom_model_data":297},"model":"modelengine:toro_ender_dragon/tail4"},{"predicate":{"custom_model_data":298},"model":"modelengine:toro_ender_dragon/tail3"},{"predicate":{"custom_model_data":299},"model":"modelengine:toro_ender_dragon/tail2"},{"predicate":{"custom_model_data":300},"model":"modelengine:toro_ender_dragon/tail1"},{"predicate":{"custom_model_data":301},"model":"modelengine:toro_ender_dragon/hip"},{"predicate":{"custom_model_data":302},"model":"modelengine:toro_wither/left_rib"},{"predicate":{"custom_model_data":303},"model":"modelengine:toro_wither/right_rib"},{"predicate":{"custom_model_data":304},"model":"modelengine:toro_wither/core"},{"predicate":{"custom_model_data":305},"model":"modelengine:toro_wither/left_head"},{"predicate":{"custom_model_data":306},"model":"modelengine:toro_wither/left_neck"},{"predicate":{"custom_model_data":307},"model":"modelengine:toro_wither/right_head"},{"predicate":{"custom_model_data":308},"model":"modelengine:toro_wither/right_neck"},{"predicate":{"custom_model_data":309},"model":"modelengine:toro_wither/spine2"},{"predicate":{"custom_model_data":310},"model":"modelengine:toro_wither/spine"},{"predicate":{"custom_model_data":311},"model":"modelengine:toro_wither/jaw"},{"predicate":{"custom_model_data":312},"model":"modelengine:toro_wither/head"},{"predicate":{"custom_model_data":313},"model":"modelengine:toro_wither/left_claw"},{"predicate":{"custom_model_data":314},"model":"modelengine:toro_wither/left_forearm"},{"predicate":{"custom_model_data":315},"model":"modelengine:toro_wither/left_arm"},{"predicate":{"custom_model_data":316},"model":"modelengine:toro_wither/right_claw"},{"predicate":{"custom_model_data":317},"model":"modelengine:toro_wither/right_forearm"},{"predicate":{"custom_model_data":318},"model":"modelengine:toro_wither/right_arm"},{"predicate":{"custom_model_data":319},"model":"modelengine:toro_wither/body"},{"predicate":{"custom_model_data":320},"model":"modelengine:toro_wither_pool/pool"},{"predicate":{"custom_model_data":321},"model":"modelengine:toro_wither_skull/left_head"},{"predicate":{"custom_model_data":322},"model":"modelengine:toro_wither_skull_2ndphase/jaw"},{"predicate":{"custom_model_data":323},"model":"modelengine:toro_wither_skull_2ndphase/head"},{"predicate":{"custom_model_data":324},"model":"modelengine:toro_wither_still/left_rib"},{"predicate":{"custom_model_data":325},"model":"modelengine:toro_wither_still/right_rib"},{"predicate":{"custom_model_data":326},"model":"modelengine:toro_wither_still/core"},{"predicate":{"custom_model_data":327},"model":"modelengine:toro_wither_still/left_head"},{"predicate":{"custom_model_data":328},"model":"modelengine:toro_wither_still/left_neck"},{"predicate":{"custom_model_data":329},"model":"modelengine:toro_wither_still/right_head"},{"predicate":{"custom_model_data":330},"model":"modelengine:toro_wither_still/right_neck"},{"predicate":{"custom_model_data":331},"model":"modelengine:toro_wither_still/spine2"},{"predicate":{"custom_model_data":332},"model":"modelengine:toro_wither_still/spine"},{"predicate":{"custom_model_data":333},"model":"modelengine:toro_wither_still/jaw"},{"predicate":{"custom_model_data":334},"model":"modelengine:toro_wither_still/head"},{"predicate":{"custom_model_data":335},"model":"modelengine:toro_wither_still/left_claw"},{"predicate":{"custom_model_data":336},"model":"modelengine:toro_wither_still/left_forearm"},{"predicate":{"custom_model_data":337},"model":"modelengine:toro_wither_still/left_arm"},{"predicate":{"custom_model_data":338},"model":"modelengine:toro_wither_still/right_claw"},{"predicate":{"custom_model_data":339},"model":"modelengine:toro_wither_still/right_forearm"},{"predicate":{"custom_model_data":340},"model":"modelengine:toro_wither_still/right_arm"},{"predicate":{"custom_model_data":341},"model":"modelengine:toro_wither_still/body"},{"predicate":{"custom_model_data":342},"model":"modelengine:toro_wither_still/nothing"},{"predicate":{"custom_model_data":343},"model":"modelengine:toro_wither_terror/jaw"},{"predicate":{"custom_model_data":344},"model":"modelengine:toro_wither_terror/head"},{"predicate":{"custom_model_data":345},"model":"modelengine:toro_wither_terror/neck"},{"predicate":{"custom_model_data":346},"model":"modelengine:toro_wither_terror/left_thumb"},{"predicate":{"custom_model_data":347},"model":"modelengine:toro_wither_terror/left_finger_index"},{"predicate":{"custom_model_data":348},"model":"modelengine:toro_wither_terror/left_finger_mid"},{"predicate":{"custom_model_data":349},"model":"modelengine:toro_wither_terror/left_finger_pinky"},{"predicate":{"custom_model_data":350},"model":"modelengine:toro_wither_terror/left_hand"},{"predicate":{"custom_model_data":351},"model":"modelengine:toro_wither_terror/left_forearm"},{"predicate":{"custom_model_data":352},"model":"modelengine:toro_wither_terror/left_arm"},{"predicate":{"custom_model_data":353},"model":"modelengine:toro_wither_terror/jaw2"},{"predicate":{"custom_model_data":354},"model":"modelengine:toro_wither_terror/head_on_hand"},{"predicate":{"custom_model_data":355},"model":"modelengine:toro_wither_terror/right_thumb"},{"predicate":{"custom_model_data":356},"model":"modelengine:toro_wither_terror/right_finger_index"},{"predicate":{"custom_model_data":357},"model":"modelengine:toro_wither_terror/right_finger_mid"},{"predicate":{"custom_model_data":358},"model":"modelengine:toro_wither_terror/right_finger_pinky"},{"predicate":{"custom_model_data":359},"model":"modelengine:toro_wither_terror/right_hand"},{"predicate":{"custom_model_data":360},"model":"modelengine:toro_wither_terror/right_forearm"},{"predicate":{"custom_model_data":361},"model":"modelengine:toro_wither_terror/right_arm"},{"predicate":{"custom_model_data":362},"model":"modelengine:toro_wither_terror/tail3"},{"predicate":{"custom_model_data":363},"model":"modelengine:toro_wither_terror/tail2"},{"predicate":{"custom_model_data":364},"model":"modelengine:toro_wither_terror/tail1"},{"predicate":{"custom_model_data":365},"model":"modelengine:toro_wither_terror/body"},{"predicate":{"custom_model_data":366},"model":"modelengine:wizpiglin_2/tabard3"},{"predicate":{"custom_model_data":367},"model":"modelengine:wizpiglin_2/tabard5"},{"predicate":{"custom_model_data":368},"model":"modelengine:wizpiglin_2/tabard2"},{"predicate":{"custom_model_data":369},"model":"modelengine:wizpiglin_2/head"},{"predicate":{"custom_model_data":370},"model":"modelengine:wizpiglin_2/left_hand"},{"predicate":{"custom_model_data":371},"model":"modelengine:wizpiglin_2/left_forearm"},{"predicate":{"custom_model_data":372},"model":"modelengine:wizpiglin_2/left_arm"},{"predicate":{"custom_model_data":373},"model":"modelengine:wizpiglin_2/left_foot"},{"predicate":{"custom_model_data":374},"model":"modelengine:wizpiglin_2/left_leg"},{"predicate":{"custom_model_data":375},"model":"modelengine:wizpiglin_2/right_foot"},{"predicate":{"custom_model_data":376},"model":"modelengine:wizpiglin_2/right_leg"},{"predicate":{"custom_model_data":377},"model":"modelengine:wizpiglin_2/body"},{"predicate":{"custom_model_data":378},"model":"modelengine:wizpiglin_2_groundcrack/base"},{"predicate":{"custom_model_data":379},"model":"modelengine:wizpiglin_2_parts/blank"},{"predicate":{"custom_model_data":380},"model":"modelengine:wizpiglin_2_parts/left_hand2_open"},{"predicate":{"custom_model_data":381},"model":"modelengine:wizpiglin_2_rift_h/rift_shard1"},{"predicate":{"custom_model_data":382},"model":"modelengine:wizpiglin_2_rift_h/rift_shard2"},{"predicate":{"custom_model_data":383},"model":"modelengine:wizpiglin_2_rift_h/rift"},{"predicate":{"custom_model_data":384},"model":"modelengine:wizpiglin_2_rift_v/rift_shard1"},{"predicate":{"custom_model_data":385},"model":"modelengine:wizpiglin_2_rift_v/rift_shard2"},{"predicate":{"custom_model_data":386},"model":"modelengine:wizpiglin_2_rift_v/left_hand"},{"predicate":{"custom_model_data":387},"model":"modelengine:wizpiglin_2_rift_v/left_forearm"},{"predicate":{"custom_model_data":388},"model":"modelengine:wizpiglin_2_rift_v/rift"},{"predicate":{"custom_model_data":389},"model":"modelengine:wizpiglin_2_rock/base"},{"predicate":{"custom_model_data":390},"model":"modelengine:wizpiglin_2_rock_debris/base"},{"predicate":{"custom_model_data":391},"model":"modelengine:wizpiglin_2_shot/bullet"},{"predicate":{"custom_model_data":392},"model":"modelengine:wizpiglin_2_shot/arcs"},{"predicate":{"custom_model_data":393},"model":"modelengine:xiddri/jaw"},{"predicate":{"custom_model_data":394},"model":"modelengine:xiddri/head"},{"predicate":{"custom_model_data":395},"model":"modelengine:xiddri/neck1"},{"predicate":{"custom_model_data":396},"model":"modelengine:xiddri/neck2"},{"predicate":{"custom_model_data":397},"model":"modelengine:xiddri/left_index"},{"predicate":{"custom_model_data":398},"model":"modelengine:xiddri/left_mid"},{"predicate":{"custom_model_data":399},"model":"modelengine:xiddri/left_pinky"},{"predicate":{"custom_model_data":400},"model":"modelengine:xiddri/left_thumb"},{"predicate":{"custom_model_data":401},"model":"modelengine:xiddri/left_claw"},{"predicate":{"custom_model_data":402},"model":"modelengine:xiddri/left_forearm"},{"predicate":{"custom_model_data":403},"model":"modelengine:xiddri/left_arm_lightning"},{"predicate":{"custom_model_data":404},"model":"modelengine:xiddri/left_arm"},{"predicate":{"custom_model_data":405},"model":"modelengine:xiddri/right_index"},{"predicate":{"custom_model_data":406},"model":"modelengine:xiddri/right_mid"},{"predicate":{"custom_model_data":407},"model":"modelengine:xiddri/right_pinky"},{"predicate":{"custom_model_data":408},"model":"modelengine:xiddri/right_thumb"},{"predicate":{"custom_model_data":409},"model":"modelengine:xiddri/right_claw"},{"predicate":{"custom_model_data":410},"model":"modelengine:xiddri/right_forearm"},{"predicate":{"custom_model_data":411},"model":"modelengine:xiddri/right_arm_lightning"},{"predicate":{"custom_model_data":412},"model":"modelengine:xiddri/right_arm"},{"predicate":{"custom_model_data":413},"model":"modelengine:xiddri/shoulder"},{"predicate":{"custom_model_data":414},"model":"modelengine:xiddri/belly"},{"predicate":{"custom_model_data":415},"model":"modelengine:xiddri/belly_lightning"},{"predicate":{"custom_model_data":416},"model":"modelengine:xiddri/chest"},{"predicate":{"custom_model_data":417},"model":"modelengine:xiddri/left_foot"},{"predicate":{"custom_model_data":418},"model":"modelengine:xiddri/left_foreleg"},{"predicate":{"custom_model_data":419},"model":"modelengine:xiddri/left_leg"},{"predicate":{"custom_model_data":420},"model":"modelengine:xiddri/right_foot"},{"predicate":{"custom_model_data":421},"model":"modelengine:xiddri/right_foreleg"},{"predicate":{"custom_model_data":422},"model":"modelengine:xiddri/right_leg"},{"predicate":{"custom_model_data":423},"model":"modelengine:xiddri/tail3"},{"predicate":{"custom_model_data":424},"model":"modelengine:xiddri/tail2"},{"predicate":{"custom_model_data":425},"model":"modelengine:xiddri/tail1"},{"predicate":{"custom_model_data":426},"model":"modelengine:xiddri/lightning_hip"},{"predicate":{"custom_model_data":427},"model":"modelengine:xiddri/hip"},{"predicate":{"custom_model_data":428},"model":"modelengine:xiddri_debris_fast_vfx/rock1"},{"predicate":{"custom_model_data":429},"model":"modelengine:xiddri_debris_fast_vfx/rock2"},{"predicate":{"custom_model_data":430},"model":"modelengine:xiddri_debris_fast_vfx/rock3"},{"predicate":{"custom_model_data":431},"model":"modelengine:xiddri_debris_fast_vfx/rock4"},{"predicate":{"custom_model_data":432},"model":"modelengine:xiddri_debris_fast_vfx/rock5"},{"predicate":{"custom_model_data":433},"model":"modelengine:xiddri_debris_fast_vfx/rock6"},{"predicate":{"custom_model_data":434},"model":"modelengine:xiddri_debris_fast_vfx/rock7"},{"predicate":{"custom_model_data":435},"model":"modelengine:xiddri_debris_fast_vfx/rock8"},{"predicate":{"custom_model_data":436},"model":"modelengine:xiddri_debris_fast_vfx/rock9"},{"predicate":{"custom_model_data":437},"model":"modelengine:xiddri_debris_fast_vfx/rock10"},{"predicate":{"custom_model_data":438},"model":"modelengine:xiddri_debris_vfx/rock1"},{"predicate":{"custom_model_data":439},"model":"modelengine:xiddri_debris_vfx/rock2"},{"predicate":{"custom_model_data":440},"model":"modelengine:xiddri_debris_vfx/rock3"},{"predicate":{"custom_model_data":441},"model":"modelengine:xiddri_debris_vfx/rock4"},{"predicate":{"custom_model_data":442},"model":"modelengine:xiddri_debris_vfx/rock5"},{"predicate":{"custom_model_data":443},"model":"modelengine:xiddri_debris_vfx/rock6"},{"predicate":{"custom_model_data":444},"model":"modelengine:xiddri_debris_vfx/rock7"},{"predicate":{"custom_model_data":445},"model":"modelengine:xiddri_debris_vfx/rock8"},{"predicate":{"custom_model_data":446},"model":"modelengine:xiddri_debris_vfx/rock9"},{"predicate":{"custom_model_data":447},"model":"modelengine:xiddri_debris_vfx/rock10"},{"predicate":{"custom_model_data":448},"model":"modelengine:xiddri_inrock/jaw"},{"predicate":{"custom_model_data":449},"model":"modelengine:xiddri_inrock/head"},{"predicate":{"custom_model_data":450},"model":"modelengine:xiddri_inrock/neck1"},{"predicate":{"custom_model_data":451},"model":"modelengine:xiddri_inrock/neck2"},{"predicate":{"custom_model_data":452},"model":"modelengine:xiddri_inrock/left_index"},{"predicate":{"custom_model_data":453},"model":"modelengine:xiddri_inrock/left_mid"},{"predicate":{"custom_model_data":454},"model":"modelengine:xiddri_inrock/left_pinky"},{"predicate":{"custom_model_data":455},"model":"modelengine:xiddri_inrock/left_thumb"},{"predicate":{"custom_model_data":456},"model":"modelengine:xiddri_inrock/left_claw"},{"predicate":{"custom_model_data":457},"model":"modelengine:xiddri_inrock/left_forearm"},{"predicate":{"custom_model_data":458},"model":"modelengine:xiddri_inrock/left_arm"},{"predicate":{"custom_model_data":459},"model":"modelengine:xiddri_inrock/right_index"},{"predicate":{"custom_model_data":460},"model":"modelengine:xiddri_inrock/right_mid"},{"predicate":{"custom_model_data":461},"model":"modelengine:xiddri_inrock/right_pinky"},{"predicate":{"custom_model_data":462},"model":"modelengine:xiddri_inrock/right_thumb"},{"predicate":{"custom_model_data":463},"model":"modelengine:xiddri_inrock/right_claw"},{"predicate":{"custom_model_data":464},"model":"modelengine:xiddri_inrock/right_forearm"},{"predicate":{"custom_model_data":465},"model":"modelengine:xiddri_inrock/right_arm"},{"predicate":{"custom_model_data":466},"model":"modelengine:xiddri_inrock/shoulder"},{"predicate":{"custom_model_data":467},"model":"modelengine:xiddri_inrock/belly"},{"predicate":{"custom_model_data":468},"model":"modelengine:xiddri_inrock/chest"},{"predicate":{"custom_model_data":469},"model":"modelengine:xiddri_inrock/left_foot"},{"predicate":{"custom_model_data":470},"model":"modelengine:xiddri_inrock/left_foreleg"},{"predicate":{"custom_model_data":471},"model":"modelengine:xiddri_inrock/left_leg"},{"predicate":{"custom_model_data":472},"model":"modelengine:xiddri_inrock/right_foot"},{"predicate":{"custom_model_data":473},"model":"modelengine:xiddri_inrock/right_foreleg"},{"predicate":{"custom_model_data":474},"model":"modelengine:xiddri_inrock/right_leg"},{"predicate":{"custom_model_data":475},"model":"modelengine:xiddri_inrock/tail3"},{"predicate":{"custom_model_data":476},"model":"modelengine:xiddri_inrock/tail2"},{"predicate":{"custom_model_data":477},"model":"modelengine:xiddri_inrock/tail1"},{"predicate":{"custom_model_data":478},"model":"modelengine:xiddri_inrock/hip"},{"predicate":{"custom_model_data":479},"model":"modelengine:xiddri_inrock_break/jaw"},{"predicate":{"custom_model_data":480},"model":"modelengine:xiddri_inrock_break/head"},{"predicate":{"custom_model_data":481},"model":"modelengine:xiddri_inrock_break/neck1"},{"predicate":{"custom_model_data":482},"model":"modelengine:xiddri_inrock_break/neck2"},{"predicate":{"custom_model_data":483},"model":"modelengine:xiddri_inrock_break/left_index"},{"predicate":{"custom_model_data":484},"model":"modelengine:xiddri_inrock_break/left_mid"},{"predicate":{"custom_model_data":485},"model":"modelengine:xiddri_inrock_break/left_pinky"},{"predicate":{"custom_model_data":486},"model":"modelengine:xiddri_inrock_break/left_thumb"},{"predicate":{"custom_model_data":487},"model":"modelengine:xiddri_inrock_break/left_claw"},{"predicate":{"custom_model_data":488},"model":"modelengine:xiddri_inrock_break/left_forearm"},{"predicate":{"custom_model_data":489},"model":"modelengine:xiddri_inrock_break/left_arm"},{"predicate":{"custom_model_data":490},"model":"modelengine:xiddri_inrock_break/right_index"},{"predicate":{"custom_model_data":491},"model":"modelengine:xiddri_inrock_break/right_mid"},{"predicate":{"custom_model_data":492},"model":"modelengine:xiddri_inrock_break/right_pinky"},{"predicate":{"custom_model_data":493},"model":"modelengine:xiddri_inrock_break/right_thumb"},{"predicate":{"custom_model_data":494},"model":"modelengine:xiddri_inrock_break/right_claw"},{"predicate":{"custom_model_data":495},"model":"modelengine:xiddri_inrock_break/right_forearm"},{"predicate":{"custom_model_data":496},"model":"modelengine:xiddri_inrock_break/right_arm"},{"predicate":{"custom_model_data":497},"model":"modelengine:xiddri_inrock_break/shoulder"},{"predicate":{"custom_model_data":498},"model":"modelengine:xiddri_inrock_break/belly"},{"predicate":{"custom_model_data":499},"model":"modelengine:xiddri_inrock_break/chest"},{"predicate":{"custom_model_data":500},"model":"modelengine:xiddri_inrock_break/left_foot"},{"predicate":{"custom_model_data":501},"model":"modelengine:xiddri_inrock_break/left_foreleg"},{"predicate":{"custom_model_data":502},"model":"modelengine:xiddri_inrock_break/left_leg"},{"predicate":{"custom_model_data":503},"model":"modelengine:xiddri_inrock_break/right_foot"},{"predicate":{"custom_model_data":504},"model":"modelengine:xiddri_inrock_break/right_foreleg"},{"predicate":{"custom_model_data":505},"model":"modelengine:xiddri_inrock_break/right_leg"},{"predicate":{"custom_model_data":506},"model":"modelengine:xiddri_inrock_break/tail3"},{"predicate":{"custom_model_data":507},"model":"modelengine:xiddri_inrock_break/tail2"},{"predicate":{"custom_model_data":508},"model":"modelengine:xiddri_inrock_break/tail1"},{"predicate":{"custom_model_data":509},"model":"modelengine:xiddri_inrock_break/hip"},{"predicate":{"custom_model_data":510},"model":"modelengine:xiddri_rock_fly_vfx/rock1"},{"predicate":{"custom_model_data":511},"model":"modelengine:xiddri_rock_fly_vfx/rock2"},{"predicate":{"custom_model_data":512},"model":"modelengine:xiddri_rock_fly_vfx/rock3"},{"predicate":{"custom_model_data":513},"model":"modelengine:xiddri_rock_fly_vfx/rock4"},{"predicate":{"custom_model_data":514},"model":"modelengine:xiddri_rock_fly_vfx/rock5"},{"predicate":{"custom_model_data":515},"model":"modelengine:xiddri_rock_fly_vfx/rock6"},{"predicate":{"custom_model_data":516},"model":"modelengine:xiddri_rock_fly_vfx/rock7"},{"predicate":{"custom_model_data":517},"model":"modelengine:xiddri_rock_fly_vfx/rock8"},{"predicate":{"custom_model_data":518},"model":"modelengine:xiddri_rock_onground/rock5"},{"predicate":{"custom_model_data":519},"model":"modelengine:xiddri_rockvfx_small/rock1"},{"predicate":{"custom_model_data":520},"model":"modelengine:xiddri_rockvfx_small/rock2"},{"predicate":{"custom_model_data":521},"model":"modelengine:xiddri_rockvfx_small/rock3"},{"predicate":{"custom_model_data":522},"model":"modelengine:xiddri_rockvfx_small/debris1"},{"predicate":{"custom_model_data":523},"model":"modelengine:xiddri_rockvfx_small/debris2"},{"predicate":{"custom_model_data":524},"model":"modelengine:xiddri_rockvfx_small/debris3"},{"predicate":{"custom_model_data":1001},"model":"modelengine:mso_tornado/bone5"},{"predicate":{"custom_model_data":1002},"model":"modelengine:mso_tornado/bone4"},{"predicate":{"custom_model_data":1003},"model":"modelengine:mso_tornado/bone3"},{"predicate":{"custom_model_data":1004},"model":"modelengine:mso_tornado/bone2"},{"predicate":{"custom_model_data":1005},"model":"modelengine:mso_tornado/bone"},{"predicate":{"custom_model_data":1006},"model":"modelengine:mso_zeus/beard2"},{"predicate":{"custom_model_data":1007},"model":"modelengine:mso_zeus/beard"},{"predicate":{"custom_model_data":1008},"model":"modelengine:mso_zeus/head"},{"predicate":{"custom_model_data":1009},"model":"modelengine:mso_zeus/left_hand"},{"predicate":{"custom_model_data":1010},"model":"modelengine:mso_zeus/shield"},{"predicate":{"custom_model_data":1011},"model":"modelengine:mso_zeus/left_elbow"},{"predicate":{"custom_model_data":1012},"model":"modelengine:mso_zeus/left_arm"},{"predicate":{"custom_model_data":1013},"model":"modelengine:mso_zeus/jolt"},{"predicate":{"custom_model_data":1014},"model":"modelengine:mso_zeus/right_hand"},{"predicate":{"custom_model_data":1015},"model":"modelengine:mso_zeus/right_elbow"},{"predicate":{"custom_model_data":1016},"model":"modelengine:mso_zeus/right_arm"},{"predicate":{"custom_model_data":1017},"model":"modelengine:mso_zeus/chest"},{"predicate":{"custom_model_data":1018},"model":"modelengine:mso_zeus/spine"},{"predicate":{"custom_model_data":1019},"model":"modelengine:mso_zeus/left_foot"},{"predicate":{"custom_model_data":1020},"model":"modelengine:mso_zeus/left_knee"},{"predicate":{"custom_model_data":1021},"model":"modelengine:mso_zeus/left_leg"},{"predicate":{"custom_model_data":1022},"model":"modelengine:mso_zeus/right_foot"},{"predicate":{"custom_model_data":1023},"model":"modelengine:mso_zeus/right_knee"},{"predicate":{"custom_model_data":1024},"model":"modelengine:mso_zeus/right_leg"},{"predicate":{"custom_model_data":1025},"model":"modelengine:mso_zeus/left_cloth_tip"},{"predicate":{"custom_model_data":1026},"model":"modelengine:mso_zeus/left_cloth"},{"predicate":{"custom_model_data":1027},"model":"modelengine:mso_zeus/right_cloth_tip"},{"predicate":{"custom_model_data":1028},"model":"modelengine:mso_zeus/right_cloth"},{"predicate":{"custom_model_data":1029},"model":"modelengine:mso_zeus/left_back_cloth_tip"},{"predicate":{"custom_model_data":1030},"model":"modelengine:mso_zeus/left_back_cloth"},{"predicate":{"custom_model_data":1031},"model":"modelengine:mso_zeus/right_back_cloth_tip"},{"predicate":{"custom_model_data":1032},"model":"modelengine:mso_zeus/right_back_cloth"},{"predicate":{"custom_model_data":1033},"model":"modelengine:mso_zeus/left_front_cloth_tip"},{"predicate":{"custom_model_data":1034},"model":"modelengine:mso_zeus/left_front_cloth"},{"predicate":{"custom_model_data":1035},"model":"modelengine:mso_zeus/right_front_cloth_tip"},{"predicate":{"custom_model_data":1036},"model":"modelengine:mso_zeus/right_front_cloth"},{"predicate":{"custom_model_data":1037},"model":"modelengine:mso_zeus/hip"},{"predicate":{"custom_model_data":2001},"model":"modelengine:ninetailfox/leftfingers"},{"predicate":{"custom_model_data":2002},"model":"modelengine:ninetailfox/leftwrist"},{"predicate":{"custom_model_data":2003},"model":"modelengine:ninetailfox/leftelbow"},{"predicate":{"custom_model_data":2004},"model":"modelengine:ninetailfox/leftshoulder"},{"predicate":{"custom_model_data":2005},"model":"modelengine:ninetailfox/rightfingers"},{"predicate":{"custom_model_data":2006},"model":"modelengine:ninetailfox/rightwrist"},{"predicate":{"custom_model_data":2007},"model":"modelengine:ninetailfox/rightelbow"},{"predicate":{"custom_model_data":2008},"model":"modelengine:ninetailfox/rightshoulder"},{"predicate":{"custom_model_data":2009},"model":"modelengine:ninetailfox/rightankle"},{"predicate":{"custom_model_data":2010},"model":"modelengine:ninetailfox/rightknee"},{"predicate":{"custom_model_data":2011},"model":"modelengine:ninetailfox/righthip"},{"predicate":{"custom_model_data":2012},"model":"modelengine:ninetailfox/leftankle"},{"predicate":{"custom_model_data":2013},"model":"modelengine:ninetailfox/leftknee"},{"predicate":{"custom_model_data":2014},"model":"modelengine:ninetailfox/lefthip"},{"predicate":{"custom_model_data":2015},"model":"modelengine:ninetailfox/taildown3"},{"predicate":{"custom_model_data":2016},"model":"modelengine:ninetailfox/tailup3"},{"predicate":{"custom_model_data":2017},"model":"modelengine:ninetailfox/taildown5"},{"predicate":{"custom_model_data":2018},"model":"modelengine:ninetailfox/tailup5"},{"predicate":{"custom_model_data":2019},"model":"modelengine:ninetailfox/taildown6"},{"predicate":{"custom_model_data":2020},"model":"modelengine:ninetailfox/tailup6"},{"predicate":{"custom_model_data":2021},"model":"modelengine:ninetailfox/taildown7"},{"predicate":{"custom_model_data":2022},"model":"modelengine:ninetailfox/tailup7"},{"predicate":{"custom_model_data":2023},"model":"modelengine:ninetailfox/taildown8"},{"predicate":{"custom_model_data":2024},"model":"modelengine:ninetailfox/tailup8"},{"predicate":{"custom_model_data":2025},"model":"modelengine:ninetailfox/taildown9"},{"predicate":{"custom_model_data":2026},"model":"modelengine:ninetailfox/tailup9"},{"predicate":{"custom_model_data":2027},"model":"modelengine:ninetailfox/taildown10"},{"predicate":{"custom_model_data":2028},"model":"modelengine:ninetailfox/tailup10"},{"predicate":{"custom_model_data":2029},"model":"modelengine:ninetailfox/taildown2"},{"predicate":{"custom_model_data":2030},"model":"modelengine:ninetailfox/tailup2"},{"predicate":{"custom_model_data":2031},"model":"modelengine:ninetailfox/lowerjaw"},{"predicate":{"custom_model_data":2032},"model":"modelengine:ninetailfox/leftear"},{"predicate":{"custom_model_data":2033},"model":"modelengine:ninetailfox/rightear"},{"predicate":{"custom_model_data":2034},"model":"modelengine:ninetailfox/eyelids"},{"predicate":{"custom_model_data":2035},"model":"modelengine:ninetailfox/head"},{"predicate":{"custom_model_data":2036},"model":"modelengine:ninetailfox/upperneck"},{"predicate":{"custom_model_data":2037},"model":"modelengine:ninetailfox/lowerneck"},{"predicate":{"custom_model_data":2038},"model":"modelengine:ninetailfox/taildown4"},{"predicate":{"custom_model_data":2039},"model":"modelengine:ninetailfox/tailup4"},{"predicate":{"custom_model_data":2040},"model":"modelengine:ninetailfox/body"},{"predicate":{"custom_model_data":2041},"model":"modelengine:ninetailhuman/backdressbottom"},{"predicate":{"custom_model_data":2042},"model":"modelengine:ninetailhuman/backdress"},{"predicate":{"custom_model_data":2043},"model":"modelengine:ninetailhuman/frontdressbottom"},{"predicate":{"custom_model_data":2044},"model":"modelengine:ninetailhuman/frontdress"},{"predicate":{"custom_model_data":2045},"model":"modelengine:ninetailhuman/katanaleft"},{"predicate":{"custom_model_data":2046},"model":"modelengine:ninetailhuman/leftwrist"},{"predicate":{"custom_model_data":2047},"model":"modelengine:ninetailhuman/lefthand"},{"predicate":{"custom_model_data":2048},"model":"modelengine:ninetailhuman/leftarm"},{"predicate":{"custom_model_data":2049},"model":"modelengine:ninetailhuman/katanaright"},{"predicate":{"custom_model_data":2050},"model":"modelengine:ninetailhuman/rightwrist"},{"predicate":{"custom_model_data":2051},"model":"modelengine:ninetailhuman/righthand"},{"predicate":{"custom_model_data":2052},"model":"modelengine:ninetailhuman/rightarm"},{"predicate":{"custom_model_data":2053},"model":"modelengine:ninetailhuman/rightfoot"},{"predicate":{"custom_model_data":2054},"model":"modelengine:ninetailhuman/rightleg"},{"predicate":{"custom_model_data":2055},"model":"modelengine:ninetailhuman/rightthigh"},{"predicate":{"custom_model_data":2056},"model":"modelengine:ninetailhuman/eyelids"},{"predicate":{"custom_model_data":2057},"model":"modelengine:ninetailhuman/leftear"},{"predicate":{"custom_model_data":2058},"model":"modelengine:ninetailhuman/rightear"},{"predicate":{"custom_model_data":2059},"model":"modelengine:ninetailhuman/lefthairdown"},{"predicate":{"custom_model_data":2060},"model":"modelengine:ninetailhuman/lefthairup"},{"predicate":{"custom_model_data":2061},"model":"modelengine:ninetailhuman/righthairdown"},{"predicate":{"custom_model_data":2062},"model":"modelengine:ninetailhuman/righthairup"},{"predicate":{"custom_model_data":2063},"model":"modelengine:ninetailhuman/backhairdown"},{"predicate":{"custom_model_data":2064},"model":"modelengine:ninetailhuman/backhairup"},{"predicate":{"custom_model_data":2065},"model":"modelengine:ninetailhuman/head"},{"predicate":{"custom_model_data":2066},"model":"modelengine:ninetailhuman/neck"},{"predicate":{"custom_model_data":2067},"model":"modelengine:ninetailhuman/taildown"},{"predicate":{"custom_model_data":2068},"model":"modelengine:ninetailhuman/tailup"},{"predicate":{"custom_model_data":2069},"model":"modelengine:ninetailhuman/leftfoot"},{"predicate":{"custom_model_data":2070},"model":"modelengine:ninetailhuman/leftleg"},{"predicate":{"custom_model_data":2071},"model":"modelengine:ninetailhuman/leftthigh"},{"predicate":{"custom_model_data":2072},"model":"modelengine:ninetailhuman/body"},{"predicate":{"custom_model_data":3001},"model":"modelengine:archangel/head"},{"predicate":{"custom_model_data":3002},"model":"modelengine:archangel/weapon"},{"predicate":{"custom_model_data":3003},"model":"modelengine:archangel/right_wrist"},{"predicate":{"custom_model_data":3004},"model":"modelengine:archangel/right_arm"},{"predicate":{"custom_model_data":3005},"model":"modelengine:archangel/spear"},{"predicate":{"custom_model_data":3006},"model":"modelengine:archangel/left_wrist"},{"predicate":{"custom_model_data":3007},"model":"modelengine:archangel/left_arm"},{"predicate":{"custom_model_data":3008},"model":"modelengine:archangel/right_wing_end"},{"predicate":{"custom_model_data":3009},"model":"modelengine:archangel/right_wing"},{"predicate":{"custom_model_data":3010},"model":"modelengine:archangel/left_wing_end"},{"predicate":{"custom_model_data":3011},"model":"modelengine:archangel/left_wing"},{"predicate":{"custom_model_data":3012},"model":"modelengine:archangel/upper_body2"},{"predicate":{"custom_model_data":3013},"model":"modelengine:archangel/upper_body"},{"predicate":{"custom_model_data":3014},"model":"modelengine:archangel/right_ankle"},{"predicate":{"custom_model_data":3015},"model":"modelengine:archangel/right_leg"},{"predicate":{"custom_model_data":3016},"model":"modelengine:archangel/left_ankle"},{"predicate":{"custom_model_data":3017},"model":"modelengine:archangel/left_leg"},{"predicate":{"custom_model_data":4001},"model":"modelengine:230602_zongzi/group"},{"predicate":{"custom_model_data":4002},"model":"modelengine:230602_zongzi/group"}]}