{"data":2017,"parent":"item/generated","textures":{"layer0":"item/leather_horse_armor"},"overrides":[{"predicate":{"custom_model_data":1},"model":"modelengine:hana/magic"},{"predicate":{"custom_model_data":2},"model":"modelengine:hana/wood"},{"predicate":{"custom_model_data":3},"model":"modelengine:hana/lefthand"},{"predicate":{"custom_model_data":4},"model":"modelengine:hana/left_arm"},{"predicate":{"custom_model_data":5},"model":"modelengine:hana/stone_sword"},{"predicate":{"custom_model_data":6},"model":"modelengine:hana/righthand"},{"predicate":{"custom_model_data":7},"model":"modelengine:hana/right_arm"},{"predicate":{"custom_model_data":8},"model":"modelengine:hana/head"},{"predicate":{"custom_model_data":9},"model":"modelengine:hana/body"},{"predicate":{"custom_model_data":10},"model":"modelengine:hana/left_frontleg"},{"predicate":{"custom_model_data":11},"model":"modelengine:hana/left_leg"},{"predicate":{"custom_model_data":12},"model":"modelengine:hana/right_frontleg"},{"predicate":{"custom_model_data":13},"model":"modelengine:hana/right_leg"},{"predicate":{"custom_model_data":14},"model":"modelengine:hana/hip"},{"predicate":{"custom_model_data":15},"model":"modelengine:deer_healing/bone"},{"predicate":{"custom_model_data":16},"model":"modelengine:deer_spirit/jaw"},{"predicate":{"custom_model_data":17},"model":"modelengine:deer_spirit/leaf1"},{"predicate":{"custom_model_data":18},"model":"modelengine:deer_spirit/leaf2"},{"predicate":{"custom_model_data":19},"model":"modelengine:deer_spirit/leaf3"},{"predicate":{"custom_model_data":20},"model":"modelengine:deer_spirit/leaf4"},{"predicate":{"custom_model_data":21},"model":"modelengine:deer_spirit/leaf5"},{"predicate":{"custom_model_data":22},"model":"modelengine:deer_spirit/head"},{"predicate":{"custom_model_data":23},"model":"modelengine:deer_spirit/neck"},{"predicate":{"custom_model_data":24},"model":"modelengine:deer_spirit/left_hand"},{"predicate":{"custom_model_data":25},"model":"modelengine:deer_spirit/left_frontarm"},{"predicate":{"custom_model_data":26},"model":"modelengine:deer_spirit/left_arm"},{"predicate":{"custom_model_data":27},"model":"modelengine:deer_spirit/right_hand"},{"predicate":{"custom_model_data":28},"model":"modelengine:deer_spirit/right_frontarm"},{"predicate":{"custom_model_data":29},"model":"modelengine:deer_spirit/right_arm"},{"predicate":{"custom_model_data":30},"model":"modelengine:deer_spirit/body"},{"predicate":{"custom_model_data":31},"model":"modelengine:deer_spirit/left_foot"},{"predicate":{"custom_model_data":32},"model":"modelengine:deer_spirit/left_frontleg"},{"predicate":{"custom_model_data":33},"model":"modelengine:deer_spirit/left_leg"},{"predicate":{"custom_model_data":34},"model":"modelengine:deer_spirit/right_foot"},{"predicate":{"custom_model_data":35},"model":"modelengine:deer_spirit/right_frontleg"},{"predicate":{"custom_model_data":36},"model":"modelengine:deer_spirit/right_leg"},{"predicate":{"custom_model_data":37},"model":"modelengine:deer_spirit/hip"},{"predicate":{"custom_model_data":38},"model":"modelengine:ghastling_2/head2"},{"predicate":{"custom_model_data":39},"model":"modelengine:ghastling_2/tentacle1"},{"predicate":{"custom_model_data":40},"model":"modelengine:ghastling_2/top"},{"predicate":{"custom_model_data":41},"model":"modelengine:ghastling_2/tentacle2"},{"predicate":{"custom_model_data":42},"model":"modelengine:ghastling_2/tentacle3"},{"predicate":{"custom_model_data":43},"model":"modelengine:ghastling_2/base"},{"predicate":{"custom_model_data":44},"model":"modelengine:ghastling_2_chunks/chunk"},{"predicate":{"custom_model_data":45},"model":"modelengine:ghastling_2_parts/head2"},{"predicate":{"custom_model_data":46},"model":"modelengine:ghastling_2_parts/tentacle1"},{"predicate":{"custom_model_data":47},"model":"modelengine:ghastling_2_parts/top"},{"predicate":{"custom_model_data":48},"model":"modelengine:ghastling_2_parts/tentacle2"},{"predicate":{"custom_model_data":49},"model":"modelengine:ghastling_2_parts/tentacle3"},{"predicate":{"custom_model_data":50},"model":"modelengine:ghastling_2_parts/base"},{"predicate":{"custom_model_data":51},"model":"modelengine:light_beam/body"},{"predicate":{"custom_model_data":52},"model":"modelengine:lr_anubis/cheek_drape2"},{"predicate":{"custom_model_data":53},"model":"modelengine:lr_anubis/cheek_drape1"},{"predicate":{"custom_model_data":54},"model":"modelengine:lr_anubis/cheek_drape4"},{"predicate":{"custom_model_data":55},"model":"modelengine:lr_anubis/cheek_drape3"},{"predicate":{"custom_model_data":56},"model":"modelengine:lr_anubis/cape2"},{"predicate":{"custom_model_data":57},"model":"modelengine:lr_anubis/cape1"},{"predicate":{"custom_model_data":58},"model":"modelengine:lr_anubis/left_foot"},{"predicate":{"custom_model_data":59},"model":"modelengine:lr_anubis/left_shin"},{"predicate":{"custom_model_data":60},"model":"modelengine:lr_anubis/left_leg"},{"predicate":{"custom_model_data":61},"model":"modelengine:lr_anubis/right_foot"},{"predicate":{"custom_model_data":62},"model":"modelengine:lr_anubis/right_shin"},{"predicate":{"custom_model_data":63},"model":"modelengine:lr_anubis/right_leg"},{"predicate":{"custom_model_data":64},"model":"modelengine:lr_anubis/pelvis_drape2"},{"predicate":{"custom_model_data":65},"model":"modelengine:lr_anubis/pelvis_drape1"},{"predicate":{"custom_model_data":66},"model":"modelengine:lr_anubis/left_hand"},{"predicate":{"custom_model_data":67},"model":"modelengine:lr_anubis/arm_drape3"},{"predicate":{"custom_model_data":68},"model":"modelengine:lr_anubis/arm_drape2"},{"predicate":{"custom_model_data":69},"model":"modelengine:lr_anubis/arm_drape1"},{"predicate":{"custom_model_data":70},"model":"modelengine:lr_anubis/left_forearm"},{"predicate":{"custom_model_data":71},"model":"modelengine:lr_anubis/left_arm"},{"predicate":{"custom_model_data":72},"model":"modelengine:lr_anubis/staff"},{"predicate":{"custom_model_data":73},"model":"modelengine:lr_anubis/right_hand"},{"predicate":{"custom_model_data":74},"model":"modelengine:lr_anubis/arm_drape6"},{"predicate":{"custom_model_data":75},"model":"modelengine:lr_anubis/arm_drape5"},{"predicate":{"custom_model_data":76},"model":"modelengine:lr_anubis/arm_drape4"},{"predicate":{"custom_model_data":77},"model":"modelengine:lr_anubis/right_forearm"},{"predicate":{"custom_model_data":78},"model":"modelengine:lr_anubis/right_arm"},{"predicate":{"custom_model_data":79},"model":"modelengine:lr_anubis/ears"},{"predicate":{"custom_model_data":80},"model":"modelengine:lr_anubis/head"},{"predicate":{"custom_model_data":81},"model":"modelengine:lr_anubis/neck"},{"predicate":{"custom_model_data":82},"model":"modelengine:lr_anubis/torso"},{"predicate":{"custom_model_data":83},"model":"modelengine:lr_anubis/eye"},{"predicate":{"custom_model_data":84},"model":"modelengine:lr_anubis_groundbreak/rock1"},{"predicate":{"custom_model_data":85},"model":"modelengine:lr_anubis_groundbreak/rock2"},{"predicate":{"custom_model_data":86},"model":"modelengine:lr_anubis_groundbreak/rock3"},{"predicate":{"custom_model_data":87},"model":"modelengine:lr_anubis_groundbreak/rock4"},{"predicate":{"custom_model_data":88},"model":"modelengine:lr_anubis_mummy/cloth2"},{"predicate":{"custom_model_data":89},"model":"modelengine:lr_anubis_mummy/cloth"},{"predicate":{"custom_model_data":90},"model":"modelengine:lr_anubis_mummy/bandage4"},{"predicate":{"custom_model_data":91},"model":"modelengine:lr_anubis_mummy/bandage3"},{"predicate":{"custom_model_data":92},"model":"modelengine:lr_anubis_mummy/bandage2"},{"predicate":{"custom_model_data":93},"model":"modelengine:lr_anubis_mummy/bandage"},{"predicate":{"custom_model_data":94},"model":"modelengine:lr_anubis_mummy/head"},{"predicate":{"custom_model_data":95},"model":"modelengine:lr_anubis_mummy/left_foot"},{"predicate":{"custom_model_data":96},"model":"modelengine:lr_anubis_mummy/left_shin"},{"predicate":{"custom_model_data":97},"model":"modelengine:lr_anubis_mummy/left_leg"},{"predicate":{"custom_model_data":98},"model":"modelengine:lr_anubis_mummy/right_foot"},{"predicate":{"custom_model_data":99},"model":"modelengine:lr_anubis_mummy/right_shin"},{"predicate":{"custom_model_data":100},"model":"modelengine:lr_anubis_mummy/right_leg"},{"predicate":{"custom_model_data":101},"model":"modelengine:lr_anubis_mummy/left_forearm"},{"predicate":{"custom_model_data":102},"model":"modelengine:lr_anubis_mummy/left_arm"},{"predicate":{"custom_model_data":103},"model":"modelengine:lr_anubis_mummy/right_forearm"},{"predicate":{"custom_model_data":104},"model":"modelengine:lr_anubis_mummy/right_arm"},{"predicate":{"custom_model_data":105},"model":"modelengine:lr_anubis_mummy/torso"},{"predicate":{"custom_model_data":106},"model":"modelengine:lr_anubis_obelisk/pillar1"},{"predicate":{"custom_model_data":107},"model":"modelengine:lr_anubis_obelisk/pillar2"},{"predicate":{"custom_model_data":108},"model":"modelengine:lr_anubis_obelisk/crystal"},{"predicate":{"custom_model_data":109},"model":"modelengine:lr_anubis_obelisk/base"},{"predicate":{"custom_model_data":110},"model":"modelengine:lr_anubis_parts/cheek_drape2"},{"predicate":{"custom_model_data":111},"model":"modelengine:lr_anubis_parts/cheek_drape1"},{"predicate":{"custom_model_data":112},"model":"modelengine:lr_anubis_parts/cheek_drape4"},{"predicate":{"custom_model_data":113},"model":"modelengine:lr_anubis_parts/cheek_drape3"},{"predicate":{"custom_model_data":114},"model":"modelengine:lr_anubis_parts/cape2"},{"predicate":{"custom_model_data":115},"model":"modelengine:lr_anubis_parts/cape1"},{"predicate":{"custom_model_data":116},"model":"modelengine:lr_anubis_parts/left_foot"},{"predicate":{"custom_model_data":117},"model":"modelengine:lr_anubis_parts/left_shin"},{"predicate":{"custom_model_data":118},"model":"modelengine:lr_anubis_parts/left_leg"},{"predicate":{"custom_model_data":119},"model":"modelengine:lr_anubis_parts/right_foot"},{"predicate":{"custom_model_data":120},"model":"modelengine:lr_anubis_parts/right_shin"},{"predicate":{"custom_model_data":121},"model":"modelengine:lr_anubis_parts/right_leg"},{"predicate":{"custom_model_data":122},"model":"modelengine:lr_anubis_parts/pelvis_drape2"},{"predicate":{"custom_model_data":123},"model":"modelengine:lr_anubis_parts/pelvis_drape1"},{"predicate":{"custom_model_data":124},"model":"modelengine:lr_anubis_parts/left_hand"},{"predicate":{"custom_model_data":125},"model":"modelengine:lr_anubis_parts/arm_drape3"},{"predicate":{"custom_model_data":126},"model":"modelengine:lr_anubis_parts/arm_drape2"},{"predicate":{"custom_model_data":127},"model":"modelengine:lr_anubis_parts/arm_drape1"},{"predicate":{"custom_model_data":128},"model":"modelengine:lr_anubis_parts/left_forearm"},{"predicate":{"custom_model_data":129},"model":"modelengine:lr_anubis_parts/left_arm"},{"predicate":{"custom_model_data":130},"model":"modelengine:lr_anubis_parts/staff"},{"predicate":{"custom_model_data":131},"model":"modelengine:lr_anubis_parts/right_hand"},{"predicate":{"custom_model_data":132},"model":"modelengine:lr_anubis_parts/arm_drape6"},{"predicate":{"custom_model_data":133},"model":"modelengine:lr_anubis_parts/arm_drape5"},{"predicate":{"custom_model_data":134},"model":"modelengine:lr_anubis_parts/arm_drape4"},{"predicate":{"custom_model_data":135},"model":"modelengine:lr_anubis_parts/right_forearm"},{"predicate":{"custom_model_data":136},"model":"modelengine:lr_anubis_parts/right_arm"},{"predicate":{"custom_model_data":137},"model":"modelengine:lr_anubis_parts/ears"},{"predicate":{"custom_model_data":138},"model":"modelengine:lr_anubis_parts/head"},{"predicate":{"custom_model_data":139},"model":"modelengine:lr_anubis_parts/neck"},{"predicate":{"custom_model_data":140},"model":"modelengine:lr_anubis_parts/torso"},{"predicate":{"custom_model_data":141},"model":"modelengine:lr_anubis_parts/cheek_drape6"},{"predicate":{"custom_model_data":142},"model":"modelengine:lr_anubis_parts/cheek_drape5"},{"predicate":{"custom_model_data":143},"model":"modelengine:lr_anubis_parts/cheek_drape8"},{"predicate":{"custom_model_data":144},"model":"modelengine:lr_anubis_parts/cheek_drape7"},{"predicate":{"custom_model_data":145},"model":"modelengine:lr_anubis_parts/cape4"},{"predicate":{"custom_model_data":146},"model":"modelengine:lr_anubis_parts/cape3"},{"predicate":{"custom_model_data":147},"model":"modelengine:lr_anubis_parts/left_foot2"},{"predicate":{"custom_model_data":148},"model":"modelengine:lr_anubis_parts/left_shin2"},{"predicate":{"custom_model_data":149},"model":"modelengine:lr_anubis_parts/left_leg2"},{"predicate":{"custom_model_data":150},"model":"modelengine:lr_anubis_parts/right_foot2"},{"predicate":{"custom_model_data":151},"model":"modelengine:lr_anubis_parts/right_shin2"},{"predicate":{"custom_model_data":152},"model":"modelengine:lr_anubis_parts/right_leg2"},{"predicate":{"custom_model_data":153},"model":"modelengine:lr_anubis_parts/pelvis_drape4"},{"predicate":{"custom_model_data":154},"model":"modelengine:lr_anubis_parts/pelvis_drape3"},{"predicate":{"custom_model_data":155},"model":"modelengine:lr_anubis_parts/left_hand2"},{"predicate":{"custom_model_data":156},"model":"modelengine:lr_anubis_parts/arm_drape9"},{"predicate":{"custom_model_data":157},"model":"modelengine:lr_anubis_parts/arm_drape8"},{"predicate":{"custom_model_data":158},"model":"modelengine:lr_anubis_parts/arm_drape7"},{"predicate":{"custom_model_data":159},"model":"modelengine:lr_anubis_parts/left_forearm2"},{"predicate":{"custom_model_data":160},"model":"modelengine:lr_anubis_parts/left_arm2"},{"predicate":{"custom_model_data":161},"model":"modelengine:lr_anubis_parts/staff2"},{"predicate":{"custom_model_data":162},"model":"modelengine:lr_anubis_parts/right_hand2"},{"predicate":{"custom_model_data":163},"model":"modelengine:lr_anubis_parts/arm_drape12"},{"predicate":{"custom_model_data":164},"model":"modelengine:lr_anubis_parts/arm_drape11"},{"predicate":{"custom_model_data":165},"model":"modelengine:lr_anubis_parts/arm_drape10"},{"predicate":{"custom_model_data":166},"model":"modelengine:lr_anubis_parts/right_forearm2"},{"predicate":{"custom_model_data":167},"model":"modelengine:lr_anubis_parts/right_arm2"},{"predicate":{"custom_model_data":168},"model":"modelengine:lr_anubis_parts/ears2"},{"predicate":{"custom_model_data":169},"model":"modelengine:lr_anubis_parts/head2"},{"predicate":{"custom_model_data":170},"model":"modelengine:lr_anubis_parts/neck2"},{"predicate":{"custom_model_data":171},"model":"modelengine:lr_anubis_parts/torso2"},{"predicate":{"custom_model_data":172},"model":"modelengine:lr_anubis_parts/eye"},{"predicate":{"custom_model_data":173},"model":"modelengine:lr_anubis_souls/soul1"},{"predicate":{"custom_model_data":174},"model":"modelengine:lr_anubis_souls/soul2"},{"predicate":{"custom_model_data":175},"model":"modelengine:lr_anubis_souls/soul3"},{"predicate":{"custom_model_data":176},"model":"modelengine:lr_anubis_souls/soul4"},{"predicate":{"custom_model_data":177},"model":"modelengine:toro_wither/left_rib"},{"predicate":{"custom_model_data":178},"model":"modelengine:toro_wither/right_rib"},{"predicate":{"custom_model_data":179},"model":"modelengine:toro_wither/core"},{"predicate":{"custom_model_data":180},"model":"modelengine:toro_wither/left_head"},{"predicate":{"custom_model_data":181},"model":"modelengine:toro_wither/left_neck"},{"predicate":{"custom_model_data":182},"model":"modelengine:toro_wither/right_head"},{"predicate":{"custom_model_data":183},"model":"modelengine:toro_wither/right_neck"},{"predicate":{"custom_model_data":184},"model":"modelengine:toro_wither/spine2"},{"predicate":{"custom_model_data":185},"model":"modelengine:toro_wither/spine"},{"predicate":{"custom_model_data":186},"model":"modelengine:toro_wither/jaw"},{"predicate":{"custom_model_data":187},"model":"modelengine:toro_wither/head"},{"predicate":{"custom_model_data":188},"model":"modelengine:toro_wither/left_claw"},{"predicate":{"custom_model_data":189},"model":"modelengine:toro_wither/left_forearm"},{"predicate":{"custom_model_data":190},"model":"modelengine:toro_wither/left_arm"},{"predicate":{"custom_model_data":191},"model":"modelengine:toro_wither/right_claw"},{"predicate":{"custom_model_data":192},"model":"modelengine:toro_wither/right_forearm"},{"predicate":{"custom_model_data":193},"model":"modelengine:toro_wither/right_arm"},{"predicate":{"custom_model_data":194},"model":"modelengine:toro_wither/body"},{"predicate":{"custom_model_data":195},"model":"modelengine:toro_wither_pool/pool"},{"predicate":{"custom_model_data":196},"model":"modelengine:toro_wither_skull/left_head"},{"predicate":{"custom_model_data":197},"model":"modelengine:toro_wither_skull_2ndphase/jaw"},{"predicate":{"custom_model_data":198},"model":"modelengine:toro_wither_skull_2ndphase/head"},{"predicate":{"custom_model_data":199},"model":"modelengine:toro_wither_still/left_rib"},{"predicate":{"custom_model_data":200},"model":"modelengine:toro_wither_still/right_rib"},{"predicate":{"custom_model_data":201},"model":"modelengine:toro_wither_still/core"},{"predicate":{"custom_model_data":202},"model":"modelengine:toro_wither_still/left_head"},{"predicate":{"custom_model_data":203},"model":"modelengine:toro_wither_still/left_neck"},{"predicate":{"custom_model_data":204},"model":"modelengine:toro_wither_still/right_head"},{"predicate":{"custom_model_data":205},"model":"modelengine:toro_wither_still/right_neck"},{"predicate":{"custom_model_data":206},"model":"modelengine:toro_wither_still/spine2"},{"predicate":{"custom_model_data":207},"model":"modelengine:toro_wither_still/spine"},{"predicate":{"custom_model_data":208},"model":"modelengine:toro_wither_still/jaw"},{"predicate":{"custom_model_data":209},"model":"modelengine:toro_wither_still/head"},{"predicate":{"custom_model_data":210},"model":"modelengine:toro_wither_still/left_claw"},{"predicate":{"custom_model_data":211},"model":"modelengine:toro_wither_still/left_forearm"},{"predicate":{"custom_model_data":212},"model":"modelengine:toro_wither_still/left_arm"},{"predicate":{"custom_model_data":213},"model":"modelengine:toro_wither_still/right_claw"},{"predicate":{"custom_model_data":214},"model":"modelengine:toro_wither_still/right_forearm"},{"predicate":{"custom_model_data":215},"model":"modelengine:toro_wither_still/right_arm"},{"predicate":{"custom_model_data":216},"model":"modelengine:toro_wither_still/body"},{"predicate":{"custom_model_data":217},"model":"modelengine:toro_wither_still/nothing"},{"predicate":{"custom_model_data":218},"model":"modelengine:toro_wither_terror/jaw"},{"predicate":{"custom_model_data":219},"model":"modelengine:toro_wither_terror/head"},{"predicate":{"custom_model_data":220},"model":"modelengine:toro_wither_terror/neck"},{"predicate":{"custom_model_data":221},"model":"modelengine:toro_wither_terror/left_thumb"},{"predicate":{"custom_model_data":222},"model":"modelengine:toro_wither_terror/left_finger_index"},{"predicate":{"custom_model_data":223},"model":"modelengine:toro_wither_terror/left_finger_mid"},{"predicate":{"custom_model_data":224},"model":"modelengine:toro_wither_terror/left_finger_pinky"},{"predicate":{"custom_model_data":225},"model":"modelengine:toro_wither_terror/left_hand"},{"predicate":{"custom_model_data":226},"model":"modelengine:toro_wither_terror/left_forearm"},{"predicate":{"custom_model_data":227},"model":"modelengine:toro_wither_terror/left_arm"},{"predicate":{"custom_model_data":228},"model":"modelengine:toro_wither_terror/jaw2"},{"predicate":{"custom_model_data":229},"model":"modelengine:toro_wither_terror/head_on_hand"},{"predicate":{"custom_model_data":230},"model":"modelengine:toro_wither_terror/right_thumb"},{"predicate":{"custom_model_data":231},"model":"modelengine:toro_wither_terror/right_finger_index"},{"predicate":{"custom_model_data":232},"model":"modelengine:toro_wither_terror/right_finger_mid"},{"predicate":{"custom_model_data":233},"model":"modelengine:toro_wither_terror/right_finger_pinky"},{"predicate":{"custom_model_data":234},"model":"modelengine:toro_wither_terror/right_hand"},{"predicate":{"custom_model_data":235},"model":"modelengine:toro_wither_terror/right_forearm"},{"predicate":{"custom_model_data":236},"model":"modelengine:toro_wither_terror/right_arm"},{"predicate":{"custom_model_data":237},"model":"modelengine:toro_wither_terror/tail3"},{"predicate":{"custom_model_data":238},"model":"modelengine:toro_wither_terror/tail2"},{"predicate":{"custom_model_data":239},"model":"modelengine:toro_wither_terror/tail1"},{"predicate":{"custom_model_data":240},"model":"modelengine:toro_wither_terror/body"},{"predicate":{"custom_model_data":241},"model":"modelengine:wizpiglin_2/tabard3"},{"predicate":{"custom_model_data":242},"model":"modelengine:wizpiglin_2/tabard5"},{"predicate":{"custom_model_data":243},"model":"modelengine:wizpiglin_2/tabard2"},{"predicate":{"custom_model_data":244},"model":"modelengine:wizpiglin_2/head"},{"predicate":{"custom_model_data":245},"model":"modelengine:wizpiglin_2/left_hand"},{"predicate":{"custom_model_data":246},"model":"modelengine:wizpiglin_2/left_forearm"},{"predicate":{"custom_model_data":247},"model":"modelengine:wizpiglin_2/left_arm"},{"predicate":{"custom_model_data":248},"model":"modelengine:wizpiglin_2/left_foot"},{"predicate":{"custom_model_data":249},"model":"modelengine:wizpiglin_2/left_leg"},{"predicate":{"custom_model_data":250},"model":"modelengine:wizpiglin_2/right_foot"},{"predicate":{"custom_model_data":251},"model":"modelengine:wizpiglin_2/right_leg"},{"predicate":{"custom_model_data":252},"model":"modelengine:wizpiglin_2/body"},{"predicate":{"custom_model_data":253},"model":"modelengine:wizpiglin_2_groundcrack/base"},{"predicate":{"custom_model_data":254},"model":"modelengine:wizpiglin_2_parts/blank"},{"predicate":{"custom_model_data":255},"model":"modelengine:wizpiglin_2_parts/left_hand2_open"},{"predicate":{"custom_model_data":256},"model":"modelengine:wizpiglin_2_rift_h/rift_shard1"},{"predicate":{"custom_model_data":257},"model":"modelengine:wizpiglin_2_rift_h/rift_shard2"},{"predicate":{"custom_model_data":258},"model":"modelengine:wizpiglin_2_rift_h/rift"},{"predicate":{"custom_model_data":259},"model":"modelengine:wizpiglin_2_rift_v/rift_shard1"},{"predicate":{"custom_model_data":260},"model":"modelengine:wizpiglin_2_rift_v/rift_shard2"},{"predicate":{"custom_model_data":261},"model":"modelengine:wizpiglin_2_rift_v/left_hand"},{"predicate":{"custom_model_data":262},"model":"modelengine:wizpiglin_2_rift_v/left_forearm"},{"predicate":{"custom_model_data":263},"model":"modelengine:wizpiglin_2_rift_v/rift"},{"predicate":{"custom_model_data":264},"model":"modelengine:wizpiglin_2_rock/base"},{"predicate":{"custom_model_data":265},"model":"modelengine:wizpiglin_2_rock_debris/base"},{"predicate":{"custom_model_data":266},"model":"modelengine:wizpiglin_2_shot/bullet"},{"predicate":{"custom_model_data":267},"model":"modelengine:wizpiglin_2_shot/arcs"},{"predicate":{"custom_model_data":1001},"model":"modelengine:mso_tornado/bone5"},{"predicate":{"custom_model_data":1002},"model":"modelengine:mso_tornado/bone4"},{"predicate":{"custom_model_data":1003},"model":"modelengine:mso_tornado/bone3"},{"predicate":{"custom_model_data":1004},"model":"modelengine:mso_tornado/bone2"},{"predicate":{"custom_model_data":1005},"model":"modelengine:mso_tornado/bone"},{"predicate":{"custom_model_data":1006},"model":"modelengine:mso_zeus/beard2"},{"predicate":{"custom_model_data":1007},"model":"modelengine:mso_zeus/beard"},{"predicate":{"custom_model_data":1008},"model":"modelengine:mso_zeus/head"},{"predicate":{"custom_model_data":1009},"model":"modelengine:mso_zeus/left_hand"},{"predicate":{"custom_model_data":1010},"model":"modelengine:mso_zeus/shield"},{"predicate":{"custom_model_data":1011},"model":"modelengine:mso_zeus/left_elbow"},{"predicate":{"custom_model_data":1012},"model":"modelengine:mso_zeus/left_arm"},{"predicate":{"custom_model_data":1013},"model":"modelengine:mso_zeus/jolt"},{"predicate":{"custom_model_data":1014},"model":"modelengine:mso_zeus/right_hand"},{"predicate":{"custom_model_data":1015},"model":"modelengine:mso_zeus/right_elbow"},{"predicate":{"custom_model_data":1016},"model":"modelengine:mso_zeus/right_arm"},{"predicate":{"custom_model_data":1017},"model":"modelengine:mso_zeus/chest"},{"predicate":{"custom_model_data":1018},"model":"modelengine:mso_zeus/spine"},{"predicate":{"custom_model_data":1019},"model":"modelengine:mso_zeus/left_foot"},{"predicate":{"custom_model_data":1020},"model":"modelengine:mso_zeus/left_knee"},{"predicate":{"custom_model_data":1021},"model":"modelengine:mso_zeus/left_leg"},{"predicate":{"custom_model_data":1022},"model":"modelengine:mso_zeus/right_foot"},{"predicate":{"custom_model_data":1023},"model":"modelengine:mso_zeus/right_knee"},{"predicate":{"custom_model_data":1024},"model":"modelengine:mso_zeus/right_leg"},{"predicate":{"custom_model_data":1025},"model":"modelengine:mso_zeus/left_cloth_tip"},{"predicate":{"custom_model_data":1026},"model":"modelengine:mso_zeus/left_cloth"},{"predicate":{"custom_model_data":1027},"model":"modelengine:mso_zeus/right_cloth_tip"},{"predicate":{"custom_model_data":1028},"model":"modelengine:mso_zeus/right_cloth"},{"predicate":{"custom_model_data":1029},"model":"modelengine:mso_zeus/left_back_cloth_tip"},{"predicate":{"custom_model_data":1030},"model":"modelengine:mso_zeus/left_back_cloth"},{"predicate":{"custom_model_data":1031},"model":"modelengine:mso_zeus/right_back_cloth_tip"},{"predicate":{"custom_model_data":1032},"model":"modelengine:mso_zeus/right_back_cloth"},{"predicate":{"custom_model_data":1033},"model":"modelengine:mso_zeus/left_front_cloth_tip"},{"predicate":{"custom_model_data":1034},"model":"modelengine:mso_zeus/left_front_cloth"},{"predicate":{"custom_model_data":1035},"model":"modelengine:mso_zeus/right_front_cloth_tip"},{"predicate":{"custom_model_data":1036},"model":"modelengine:mso_zeus/right_front_cloth"},{"predicate":{"custom_model_data":1037},"model":"modelengine:mso_zeus/hip"},{"predicate":{"custom_model_data":2001},"model":"modelengine:archangel/head"},{"predicate":{"custom_model_data":2002},"model":"modelengine:archangel/weapon"},{"predicate":{"custom_model_data":2003},"model":"modelengine:archangel/right_wrist"},{"predicate":{"custom_model_data":2004},"model":"modelengine:archangel/right_arm"},{"predicate":{"custom_model_data":2005},"model":"modelengine:archangel/spear"},{"predicate":{"custom_model_data":2006},"model":"modelengine:archangel/left_wrist"},{"predicate":{"custom_model_data":2007},"model":"modelengine:archangel/left_arm"},{"predicate":{"custom_model_data":2008},"model":"modelengine:archangel/right_wing_end"},{"predicate":{"custom_model_data":2009},"model":"modelengine:archangel/right_wing"},{"predicate":{"custom_model_data":2010},"model":"modelengine:archangel/left_wing_end"},{"predicate":{"custom_model_data":2011},"model":"modelengine:archangel/left_wing"},{"predicate":{"custom_model_data":2012},"model":"modelengine:archangel/upper_body2"},{"predicate":{"custom_model_data":2013},"model":"modelengine:archangel/upper_body"},{"predicate":{"custom_model_data":2014},"model":"modelengine:archangel/right_ankle"},{"predicate":{"custom_model_data":2015},"model":"modelengine:archangel/right_leg"},{"predicate":{"custom_model_data":2016},"model":"modelengine:archangel/left_ankle"},{"predicate":{"custom_model_data":2017},"model":"modelengine:archangel/left_leg"}]}