{"parent":"minecraft:item/handheld","textures":{"layer0":"minecraft:item/netherite_sword"},"overrides":[{"predicate":{"custom_model_data":10000},"model":"voxelspawns_swords:item/vs_sword_long"},{"predicate":{"custom_model_data":10001},"model":"voxelspawns_swords:item/vs_sword_steel"},{"predicate":{"custom_model_data":10002},"model":"voxelspawns_swords:item/vs_sword_frost"},{"predicate":{"custom_model_data":10003},"model":"voxelspawns_swords:item/vs_sword_prismarine"},{"predicate":{"custom_model_data":10004},"model":"voxelspawns_swords:item/vs_sword_elven"},{"predicate":{"custom_model_data":10005},"model":"voxelspawns_swords:item/vs_sword_asia"},{"predicate":{"custom_model_data":10006},"model":"voxelspawns_swords:item/vs_sword_golden"},{"predicate":{"custom_model_data":10007},"model":"voxelspawns_swords:item/vs_sword_magic"},{"predicate":{"custom_model_data":10008},"model":"adventurer_swords_volume_2:item/broadsword_of_entombed"},{"predicate":{"custom_model_data":10009},"model":"adventurer_swords_volume_2:item/broadsword_of_the_forest"},{"predicate":{"custom_model_data":10010},"model":"adventurer_swords_volume_2:item/demonic_sword"},{"predicate":{"custom_model_data":10011},"model":"adventurer_swords_volume_2:item/flamberg"},{"predicate":{"custom_model_data":10012},"model":"adventurer_swords_volume_2:item/gem_sword"},{"predicate":{"custom_model_data":10013},"model":"adventurer_swords_volume_2:item/geode_cleaver"},{"predicate":{"custom_model_data":10014},"model":"adventurer_swords_volume_2:item/silver_claymore"},{"predicate":{"custom_model_data":10015},"model":"adventurer_swords_volume_2:item/twisted_sword"},{"predicate":{"custom_model_data":10016},"model":"adventurer_swords_volume_2:item/underground_dwellers_sword"},{"predicate":{"custom_model_data":10017},"model":"adventurer_swords_volume_2:item/vampiric_blade"},{"predicate":{"custom_model_data":10018},"model":"adventurer_warhammers:item/cleric_warhammer"},{"predicate":{"custom_model_data":10019},"model":"adventurer_warhammers:item/dragon_headed_warhammer"},{"predicate":{"custom_model_data":10020},"model":"adventurer_warhammers:item/gatekeeper_warhammer"},{"predicate":{"custom_model_data":10021},"model":"adventurer_warhammers:item/gladiator_warhammer"},{"predicate":{"custom_model_data":10022},"model":"adventurer_warhammers:item/warhammer_of_lightbringer"},{"predicate":{"custom_model_data":10023},"model":"adventurer_warhammers:item/lucerne_warhammer"},{"predicate":{"custom_model_data":10024},"model":"adventurer_warhammers:item/peasant_warhammer"},{"predicate":{"custom_model_data":10025},"model":"adventurer_warhammers:item/royal_warhammer"},{"predicate":{"custom_model_data":10026},"model":"adventurer_warhammers:item/skull_warhammer"},{"predicate":{"custom_model_data":10027},"model":"adventurer_warhammers:item/spike_warhammer"},{"predicate":{"custom_model_data":10028},"model":"andromeda:andromeda/nebula_blade"},{"predicate":{"custom_model_data":10029},"model":"item/netherite_sword"}]}