{"parent":"minecraft:item/generated","textures":{"layer0":"minecraft:item/paper"},"overrides":[{"predicate":{"custom_model_data":10000},"model":"_iainternal:ia_auto_gen/icon_left_blue"},{"predicate":{"custom_model_data":10001},"model":"_iainternal:ia_auto_gen/icon_right_blue"},{"predicate":{"custom_model_data":10002},"model":"_iainternal:ia_auto_gen/icon_search"},{"predicate":{"custom_model_data":10003},"model":"_iainternal:ia_auto_gen/icon_cancel"},{"predicate":{"custom_model_data":10004},"model":"_iainternal:ia_auto_gen/icon_arrow_chest"},{"predicate":{"custom_model_data":10005},"model":"_iainternal:ia_auto_gen/icon_back_orange"},{"predicate":{"custom_model_data":10006},"model":"_iainternal:ia_auto_gen/icon_next_orange"},{"predicate":{"custom_model_data":10007},"model":"elitecreatures:medieval_market_decoration_v1/barrel"},{"predicate":{"custom_model_data":10008},"model":"elitecreatures:medieval_market_decoration_v1/barrelberry"},{"predicate":{"custom_model_data":10009},"model":"elitecreatures:medieval_market_decoration_v1/barrelsword"},{"predicate":{"custom_model_data":10010},"model":"elitecreatures:medieval_market_decoration_v1/boardsign"},{"predicate":{"custom_model_data":10011},"model":"elitecreatures:medieval_market_decoration_v1/campfire_1"},{"predicate":{"custom_model_data":10012},"model":"elitecreatures:medieval_market_decoration_v1/campfire_2"},{"predicate":{"custom_model_data":10013},"model":"elitecreatures:medieval_market_decoration_v1/cargo_1"},{"predicate":{"custom_model_data":10014},"model":"elitecreatures:medieval_market_decoration_v1/cargo_2"},{"predicate":{"custom_model_data":10015},"model":"elitecreatures:medieval_market_decoration_v1/cart_1"},{"predicate":{"custom_model_data":10016},"model":"elitecreatures:medieval_market_decoration_v1/cart_2"},{"predicate":{"custom_model_data":10017},"model":"elitecreatures:medieval_market_decoration_v1/chair"},{"predicate":{"custom_model_data":10018},"model":"elitecreatures:medieval_market_decoration_v1/crate"},{"predicate":{"custom_model_data":10019},"model":"elitecreatures:medieval_market_decoration_v1/earthenware"},{"predicate":{"custom_model_data":10020},"model":"elitecreatures:medieval_market_decoration_v1/fishtub"},{"predicate":{"custom_model_data":10021},"model":"elitecreatures:medieval_market_decoration_v1/marketstall_1"},{"predicate":{"custom_model_data":10022},"model":"elitecreatures:medieval_market_decoration_v1/marketstall_2"},{"predicate":{"custom_model_data":10023},"model":"elitecreatures:medieval_market_decoration_v1/marketstall_3"},{"predicate":{"custom_model_data":10024},"model":"elitecreatures:medieval_market_decoration_v1/marketstall_4"},{"predicate":{"custom_model_data":10025},"model":"elitecreatures:medieval_market_decoration_v1/pole"},{"predicate":{"custom_model_data":10026},"model":"elitecreatures:medieval_market_decoration_v1/shark"},{"predicate":{"custom_model_data":10027},"model":"elitecreatures:medieval_market_decoration_v1/shelf_1"},{"predicate":{"custom_model_data":10028},"model":"elitecreatures:medieval_market_decoration_v1/shelf_2"},{"predicate":{"custom_model_data":10029},"model":"elitecreatures:medieval_market_decoration_v1/table_1"},{"predicate":{"custom_model_data":10030},"model":"elitecreatures:medieval_market_decoration_v1/table_2"},{"predicate":{"custom_model_data":10031},"model":"elitecreatures:medieval_market_decoration_v1/waterwell"},{"predicate":{"custom_model_data":10032},"model":"elitecreatures:egyptian_decoration_v1/egyptian_artifact"},{"predicate":{"custom_model_data":10033},"model":"elitecreatures:egyptian_decoration_v1/egyptian_bed"},{"predicate":{"custom_model_data":10034},"model":"elitecreatures:egyptian_decoration_v1/egyptian_chair"},{"predicate":{"custom_model_data":10035},"model":"elitecreatures:egyptian_decoration_v1/egyptian_chair_2"},{"predicate":{"custom_model_data":10036},"model":"elitecreatures:egyptian_decoration_v1/egyptian_chair_3"},{"predicate":{"custom_model_data":10037},"model":"elitecreatures:egyptian_decoration_v1/egyptian_chair_4"},{"predicate":{"custom_model_data":10038},"model":"elitecreatures:egyptian_decoration_v1/egyptian_cupboard"},{"predicate":{"custom_model_data":10039},"model":"elitecreatures:egyptian_decoration_v1/egyptian_cupboard_2"},{"predicate":{"custom_model_data":10040},"model":"elitecreatures:egyptian_decoration_v1/egyptian_decorate"},{"predicate":{"custom_model_data":10041},"model":"elitecreatures:egyptian_decoration_v1/egyptian_decorate_2"},{"predicate":{"custom_model_data":10042},"model":"elitecreatures:egyptian_decoration_v1/egyptian_decorate_3"},{"predicate":{"custom_model_data":10043},"model":"elitecreatures:egyptian_decoration_v1/egyptian_jar"},{"predicate":{"custom_model_data":10044},"model":"elitecreatures:egyptian_decoration_v1/egyptian_plantpot"},{"predicate":{"custom_model_data":10045},"model":"elitecreatures:egyptian_decoration_v1/egyptian_plantpot_2"},{"predicate":{"custom_model_data":10046},"model":"elitecreatures:egyptian_decoration_v1/egyptian_table"},{"predicate":{"custom_model_data":10047},"model":"elitecreatures:egyptian_decoration_v1/egyptian_table_2"},{"predicate":{"custom_model_data":10048},"model":"elitecreatures:egyptian_decoration_v1/egyptian_table_3"},{"predicate":{"custom_model_data":10049},"model":"elitecreatures:egyptian_decoration_v1/egyptian_wallpeper"},{"predicate":{"custom_model_data":10050},"model":"elitecreatures:egyptian_decoration_v1/egyptian_wallpeper_2"},{"predicate":{"custom_model_data":10051},"model":"elitecreatures:egyptian_decoration_v1/egyptian_wallpeper_3"},{"predicate":{"custom_model_data":10052},"model":"amaterasu_item_set:amaterasu_item_set/mask"},{"predicate":{"custom_model_data":10053},"model":"amaterasu_item_set:amaterasu_item_set/tails"},{"predicate":{"custom_model_data":10054},"model":"item/paper"}]}