{"parent":"minecraft:item/generated","textures":{"layer0":"minecraft:item/shears"},"overrides":[{"predicate":{"custom_model_data":10000},"model":"iasurvival:ia_auto_gen/black_shears"},{"predicate":{"custom_model_data":10001},"model":"iasurvival:ia_auto_gen/red_shears"},{"predicate":{"custom_model_data":10002},"model":"iasurvival:ia_auto_gen/green_shears"},{"predicate":{"custom_model_data":10003},"model":"iasurvival:ia_auto_gen/blue_shears"},{"predicate":{"custom_model_data":10004},"model":"iasurvival:ia_auto_gen/purple_shears"},{"predicate":{"custom_model_data":10005},"model":"iasurvival:ia_auto_gen/cyan_shears"},{"predicate":{"custom_model_data":50000},"model":"customfishing:item/hook/delicate_hook"},{"predicate":{"custom_model_data":50001},"model":"item/shears"}]}