{"textures":{"0":"modelengine:entity/dragon_monk"},"elements":[{"from":[7.3682857,4.7154284,7.599914],"to":[8.631714,8.084572,8.400085],"rotation":{"angle":0.0,"axis":"y","origin":[8.0,6.4,8.0]},"faces":{"east":{"uv":[1.5075,9.3825,1.6175,9.8675],"rotation":0,"texture":"#0","tintindex":0},"south":{"uv":[8.3825,5.5075,8.5625,5.9925],"rotation":0,"texture":"#0","tintindex":0},"north":{"uv":[8.3825,2.2575,8.5625,2.7425],"rotation":0,"texture":"#0","tintindex":0},"west":{"uv":[1.7575,9.3825,1.8675,9.8675],"rotation":0,"texture":"#0","tintindex":0},"up":{"uv":[9.9375,0.9925,9.7575,0.8825],"rotation":0,"texture":"#0","tintindex":0},"down":{"uv":[9.9375,1.1325,9.7575,1.2425],"rotation":0,"texture":"#0","tintindex":0}}}],"display":{"head":{"translation":[0.0,-6.4,0.0],"scale":[4.0,4.0,4.0]}}}