{"textures":{"0":"modelengine:entity/dragon_monk"},"elements":[{"from":[6.526,6.363349,5.3328357],"to":[9.474,7.4162064,6.5962644],"rotation":{"angle":0.0,"axis":"y","origin":[8.0,6.8897777,5.96455]},"faces":{"east":{"uv":[9.5075,8.6325,9.6875,8.8125],"rotation":0,"texture":"#0","tintindex":0},"south":{"uv":[8.3825,7.1325,8.8125,7.3125],"rotation":0,"texture":"#0","tintindex":0},"north":{"uv":[8.3825,6.7575,8.8125,6.9375],"rotation":0,"texture":"#0","tintindex":0},"west":{"uv":[3.2575,9.6325,3.4375,9.8125],"rotation":0,"texture":"#0","tintindex":0},"up":{"uv":[8.8125,8.4375,8.3825,8.2575],"rotation":0,"texture":"#0","tintindex":0},"down":{"uv":[8.9375,0.0075,8.5075,0.1875],"rotation":0,"texture":"#0","tintindex":0}}},{"from":[6.526,6.363349,6.5962644],"to":[9.474,8.04792,9.544265],"rotation":{"angle":0.0,"axis":"y","origin":[8.0,7.205635,8.070265]},"faces":{"east":{"uv":[7.8825,4.7575,8.3125,4.9925],"rotation":0,"texture":"#0","tintindex":0},"south":{"uv":[7.8825,5.1325,8.3125,5.3675],"rotation":0,"texture":"#0","tintindex":0},"north":{"uv":[4.3825,7.8825,4.8125,8.1175],"rotation":0,"texture":"#0","tintindex":0},"west":{"uv":[5.6325,8.0075,6.0625,8.2425],"rotation":0,"texture":"#0","tintindex":0},"up":{"uv":[7.6875,4.6875,7.2575,4.2575],"rotation":0,"texture":"#0","tintindex":0},"down":{"uv":[4.8125,7.2575,4.3825,7.6875],"rotation":0,"texture":"#0","tintindex":0}}},{"from":[6.547057,6.8880157,5.4378996],"to":[9.452943,7.730302,6.9118996],"rotation":{"angle":-22.5,"axis":"x","origin":[8.0,7.309159,6.1748996]},"faces":{"east":{"uv":[1.7575,3.5075,1.9925,3.6175],"rotation":0,"texture":"#0","tintindex":0},"south":{"uv":[9.3825,1.5075,9.8125,1.6175],"rotation":0,"texture":"#0","tintindex":0},"north":{"uv":[9.1325,6.5075,9.5625,6.6175],"rotation":0,"texture":"#0","tintindex":0},"west":{"uv":[1.3825,4.2575,1.6175,4.3675],"rotation":0,"texture":"#0","tintindex":0},"up":{"uv":[8.4375,7.7425,8.0075,7.5075],"rotation":0,"texture":"#0","tintindex":0},"down":{"uv":[8.4375,7.8825,8.0075,8.1175],"rotation":0,"texture":"#0","tintindex":0}}}],"display":{"head":{"translation":[0.0,-6.4,0.0],"scale":[4.0,4.0,4.0]}}}