{"textures":{"0":"modelengine:entity/dragon_monk"},"elements":[{"from":[6.9471426,7.7894287,7.8947144],"to":[9.052857,8.210571,8.105286],"rotation":{"angle":0.0,"axis":"y","origin":[8.0,8.210571,8.0]},"faces":{"east":{"uv":[3.3125,8.6325,3.2575,8.6875],"rotation":0,"texture":"#0","tintindex":0},"south":{"uv":[10.0625,5.0075,9.7575,5.0625],"rotation":0,"texture":"#0","tintindex":0},"north":{"uv":[10.0625,4.7575,9.7575,4.8125],"rotation":0,"texture":"#0","tintindex":0},"west":{"uv":[8.5625,5.2575,8.5075,5.3125],"rotation":0,"texture":"#0","tintindex":0},"up":{"uv":[9.7575,5.3125,10.0625,5.2575],"rotation":0,"texture":"#0","tintindex":0},"down":{"uv":[9.7575,5.5075,10.0625,5.5625],"rotation":0,"texture":"#0","tintindex":0}}}],"display":{"head":{"translation":[0.0,-6.4,0.0],"scale":[4.0,4.0,4.0]}}}