{"textures":{"0":"modelengine:entity/dragon_monk"},"elements":[{"from":[7.652557,4.262,6.526],"to":[10.600557,8.473429,9.474],"rotation":{"angle":0.0,"axis":"y","origin":[9.126557,6.3677144,8.0]},"faces":{"east":{"uv":[5.8125,0.0075,5.3825,0.6175],"rotation":0,"texture":"#0","tintindex":0},"south":{"uv":[0.4375,5.2575,0.0075,5.8675],"rotation":0,"texture":"#0","tintindex":0},"north":{"uv":[5.5625,4.1325,5.1325,4.7425],"rotation":0,"texture":"#0","tintindex":0},"west":{"uv":[5.1875,5.1325,4.7575,5.7425],"rotation":0,"texture":"#0","tintindex":0},"up":{"uv":[2.5075,7.5625,2.9375,7.1325],"rotation":0,"texture":"#0","tintindex":0},"down":{"uv":[3.1325,7.1325,3.5625,7.5625],"rotation":0,"texture":"#0","tintindex":0}}},{"from":[10.7900715,4.262,6.7365713],"to":[11.632358,6.788857,9.263429],"rotation":{"angle":0.0,"axis":"y","origin":[11.211214,5.5254283,8.0]},"faces":{"east":{"uv":[5.9925,7.5075,5.6325,7.8675],"rotation":0,"texture":"#0","tintindex":0},"south":{"uv":[2.8675,9.3825,2.7575,9.7425],"rotation":0,"texture":"#0","tintindex":0},"north":{"uv":[2.6175,9.3825,2.5075,9.7425],"rotation":0,"texture":"#0","tintindex":0},"west":{"uv":[6.4925,6.7575,6.1325,7.1175],"rotation":0,"texture":"#0","tintindex":0},"up":{"uv":[6.1325,9.7425,6.2425,9.3825],"rotation":0,"texture":"#0","tintindex":0},"down":{"uv":[6.3825,9.3825,6.4925,9.7425],"rotation":0,"texture":"#0","tintindex":0}}},{"from":[7.4419856,4.3191423,6.3154287],"to":[10.811129,6.8459997,9.684571],"rotation":{"angle":0.0,"axis":"y","origin":[9.126557,5.582571,8.0]},"faces":{"east":{"uv":[8.2425,2.5075,7.7575,2.8675],"rotation":0,"texture":"#0","tintindex":0},"south":{"uv":[2.8675,7.7575,2.3825,8.1175],"rotation":0,"texture":"#0","tintindex":0},"north":{"uv":[8.1175,3.6325,7.6325,3.9925],"rotation":0,"texture":"#0","tintindex":0},"west":{"uv":[5.4925,7.6325,5.0075,7.9925],"rotation":0,"texture":"#0","tintindex":0},"up":{"uv":[6.2575,1.2425,6.7425,0.7575],"rotation":0,"texture":"#0","tintindex":0},"down":{"uv":[6.2575,1.3825,6.7425,1.8675],"rotation":0,"texture":"#0","tintindex":0}}}],"display":{"head":{"translation":[0.0,-6.4,0.0],"scale":[4.0,4.0,4.0]}}}