{"textures":{"0":"modelengine:entity/dragon_monk"},"elements":[{"from":[6.526,3.7644758,6.526],"to":[9.474,7.975905,9.474],"rotation":{"angle":0.0,"axis":"y","origin":[8.0,5.8701906,8.0]},"faces":{"east":{"uv":[4.5625,5.1325,4.1325,5.7425],"rotation":0,"texture":"#0","tintindex":0},"south":{"uv":[5.5625,3.3825,5.1325,3.9925],"rotation":0,"texture":"#0","tintindex":0},"north":{"uv":[1.6875,5.1325,1.2575,5.7425],"rotation":0,"texture":"#0","tintindex":0},"west":{"uv":[2.3125,5.1325,1.8825,5.7425],"rotation":0,"texture":"#0","tintindex":0},"up":{"uv":[7.0075,4.0625,7.4375,3.6325],"rotation":0,"texture":"#0","tintindex":0},"down":{"uv":[5.0075,7.0075,5.4375,7.4375],"rotation":0,"texture":"#0","tintindex":0}}},{"from":[6.104857,3.807333,6.104857],"to":[9.895143,7.176476,9.895143],"rotation":{"angle":0.0,"axis":"y","origin":[8.0,5.4919043,8.0]},"faces":{"east":{"uv":[4.8125,2.0075,4.2575,2.4925],"rotation":0,"texture":"#0","tintindex":0},"south":{"uv":[4.8125,1.3825,4.2575,1.8675],"rotation":0,"texture":"#0","tintindex":0},"north":{"uv":[1.1875,4.2575,0.6325,4.7425],"rotation":0,"texture":"#0","tintindex":0},"west":{"uv":[4.8125,0.7575,4.2575,1.2425],"rotation":0,"texture":"#0","tintindex":0},"up":{"uv":[1.0075,4.0625,1.5625,3.5075],"rotation":0,"texture":"#0","tintindex":0},"down":{"uv":[3.5075,1.3825,4.0625,1.9375],"rotation":0,"texture":"#0","tintindex":0}}}],"display":{"head":{"translation":[0.0,-6.4,0.0],"scale":[4.0,4.0,4.0]}}}