{"textures":{"0":"modelengine:entity/dragon_monk"},"elements":[{"from":[4.209714,8.039318,6.3607845],"to":[11.790286,12.250748,9.729927],"rotation":{"angle":0.0,"axis":"y","origin":[8.0,10.145033,8.045356]},"faces":{"east":{"uv":[0.0075,3.7575,0.4925,4.3675],"rotation":0,"texture":"#0","tintindex":0},"south":{"uv":[2.0075,1.0075,3.1175,1.6175],"rotation":0,"texture":"#0","tintindex":0},"north":{"uv":[1.0075,2.0075,2.1175,2.6175],"rotation":0,"texture":"#0","tintindex":0},"west":{"uv":[1.7575,3.7575,2.2425,4.3675],"rotation":0,"texture":"#0","tintindex":0},"up":{"uv":[3.3675,2.2425,2.2575,1.7575],"rotation":0,"texture":"#0","tintindex":0},"down":{"uv":[3.3675,2.3825,2.2575,2.8675],"rotation":0,"texture":"#0","tintindex":0}}},{"from":[3.7885714,10.966262,5.0552416],"to":[5.4731426,12.650833,6.7398133],"rotation":{"angle":-45.0,"axis":"x","origin":[4.630857,11.808547,5.8975277]},"faces":{"east":{"uv":[5.3825,3.0075,5.6175,3.2425],"rotation":0,"texture":"#0","tintindex":0},"south":{"uv":[5.6325,6.3825,5.8675,6.6175],"rotation":0,"texture":"#0","tintindex":0},"north":{"uv":[5.0075,2.2575,5.2425,2.4925],"rotation":0,"texture":"#0","tintindex":0},"west":{"uv":[6.7575,7.3825,6.9925,7.6175],"rotation":0,"texture":"#0","tintindex":0},"up":{"uv":[0.2425,8.8675,0.0075,8.6325],"rotation":0,"texture":"#0","tintindex":0},"down":{"uv":[0.6175,8.6325,0.3825,8.8675],"rotation":0,"texture":"#0","tintindex":0}}},{"from":[3.0079603,12.008537,6.2464137],"to":[4.692532,13.693109,7.930985],"rotation":{"angle":-45.0,"axis":"z","origin":[3.8502464,12.850822,7.0886993]},"faces":{"east":{"uv":[8.8825,3.1325,9.1175,3.3675],"rotation":0,"texture":"#0","tintindex":0},"south":{"uv":[3.2575,8.8825,3.4925,9.1175],"rotation":0,"texture":"#0","tintindex":0},"north":{"uv":[8.8825,2.7575,9.1175,2.9925],"rotation":0,"texture":"#0","tintindex":0},"west":{"uv":[8.8825,3.5075,9.1175,3.7425],"rotation":0,"texture":"#0","tintindex":0},"up":{"uv":[3.8675,9.1175,3.6325,8.8825],"rotation":0,"texture":"#0","tintindex":0},"down":{"uv":[9.1175,3.8825,8.8825,4.1175],"rotation":0,"texture":"#0","tintindex":0}}},{"from":[3.0079603,12.008537,7.930985],"to":[4.692532,13.693109,9.615557],"rotation":{"angle":-45.0,"axis":"y","origin":[3.8502464,12.850822,8.773271]},"faces":{"east":{"uv":[0.7575,9.0075,0.9925,9.2425],"rotation":0,"texture":"#0","tintindex":0},"south":{"uv":[1.1325,9.0075,1.3675,9.2425],"rotation":0,"texture":"#0","tintindex":0},"north":{"uv":[0.3825,9.0075,0.6175,9.2425],"rotation":0,"texture":"#0","tintindex":0},"west":{"uv":[1.5075,9.0075,1.7425,9.2425],"rotation":0,"texture":"#0","tintindex":0},"up":{"uv":[9.2425,1.7425,9.0075,1.5075],"rotation":0,"texture":"#0","tintindex":0},"down":{"uv":[2.1175,9.0075,1.8825,9.2425],"rotation":0,"texture":"#0","tintindex":0}}},{"from":[3.6396747,10.904952,9.293412],"to":[5.3242464,12.589523,10.977983],"rotation":{"angle":22.5,"axis":"x","origin":[4.4819603,11.747238,10.135697]},"faces":{"east":{"uv":[9.0075,6.7575,9.2425,6.9925],"rotation":0,"texture":"#0","tintindex":0},"south":{"uv":[9.0075,7.1325,9.2425,7.3675],"rotation":0,"texture":"#0","tintindex":0},"north":{"uv":[6.3825,9.0075,6.6175,9.2425],"rotation":0,"texture":"#0","tintindex":0},"west":{"uv":[9.0075,7.5075,9.2425,7.7425],"rotation":0,"texture":"#0","tintindex":0},"up":{"uv":[9.2425,8.1175,9.0075,7.8825],"rotation":0,"texture":"#0","tintindex":0},"down":{"uv":[8.4925,9.0075,8.2575,9.2425],"rotation":0,"texture":"#0","tintindex":0}}},{"from":[10.675754,10.904952,9.293412],"to":[12.360325,12.589523,10.977983],"rotation":{"angle":22.5,"axis":"x","origin":[11.51804,11.747238,10.135697]},"faces":{"east":{"uv":[8.6325,9.0075,8.8675,9.2425],"rotation":0,"texture":"#0","tintindex":0},"south":{"uv":[9.0075,9.0075,9.2425,9.2425],"rotation":0,"texture":"#0","tintindex":0},"north":{"uv":[9.0075,8.2575,9.2425,8.4925],"rotation":0,"texture":"#0","tintindex":0},"west":{"uv":[9.1325,0.0075,9.3675,0.2425],"rotation":0,"texture":"#0","tintindex":0},"up":{"uv":[9.3675,0.6175,9.1325,0.3825],"rotation":0,"texture":"#0","tintindex":0},"down":{"uv":[9.3675,0.7575,9.1325,0.9925],"rotation":0,"texture":"#0","tintindex":0}}},{"from":[9.237882,9.962502,9.754782],"to":[10.922454,11.647073,11.439353],"rotation":{"angle":-45.0,"axis":"z","origin":[10.080168,10.804787,10.597067]},"faces":{"east":{"uv":[9.1325,1.8825,9.3675,2.1175],"rotation":0,"texture":"#0","tintindex":0},"south":{"uv":[9.1325,2.2575,9.3675,2.4925],"rotation":0,"texture":"#0","tintindex":0},"north":{"uv":[9.1325,1.1325,9.3675,1.3675],"rotation":0,"texture":"#0","tintindex":0},"west":{"uv":[9.1325,4.2575,9.3675,4.4925],"rotation":0,"texture":"#0","tintindex":0},"up":{"uv":[9.3675,4.8675,9.1325,4.6325],"rotation":0,"texture":"#0","tintindex":0},"down":{"uv":[9.3675,5.0075,9.1325,5.2425],"rotation":0,"texture":"#0","tintindex":0}}},{"from":[7.1577144,9.813605,10.052574],"to":[8.842286,11.498177,11.737146],"rotation":{"angle":45.0,"axis":"x","origin":[8.0,10.65589,10.89486]},"faces":{"east":{"uv":[9.2575,3.0075,9.4925,3.2425],"rotation":0,"texture":"#0","tintindex":0},"south":{"uv":[3.3825,9.2575,3.6175,9.4925],"rotation":0,"texture":"#0","tintindex":0},"north":{"uv":[3.0075,9.2575,3.2425,9.4925],"rotation":0,"texture":"#0","tintindex":0},"west":{"uv":[9.2575,3.3825,9.4925,3.6175],"rotation":0,"texture":"#0","tintindex":0},"up":{"uv":[9.4925,3.9925,9.2575,3.7575],"rotation":0,"texture":"#0","tintindex":0},"down":{"uv":[4.9925,9.2575,4.7575,9.4925],"rotation":0,"texture":"#0","tintindex":0}}},{"from":[5.077546,9.962502,9.754782],"to":[6.762118,11.647073,11.439353],"rotation":{"angle":45.0,"axis":"z","origin":[5.919832,10.804787,10.597067]},"faces":{"east":{"uv":[9.1325,5.7575,9.3675,5.9925],"rotation":0,"texture":"#0","tintindex":0},"south":{"uv":[9.1325,6.1325,9.3675,6.3675],"rotation":0,"texture":"#0","tintindex":0},"north":{"uv":[9.1325,5.3825,9.3675,5.6175],"rotation":0,"texture":"#0","tintindex":0},"west":{"uv":[6.7575,9.1325,6.9925,9.3675],"rotation":0,"texture":"#0","tintindex":0},"up":{"uv":[9.3675,8.8675,9.1325,8.6325],"rotation":0,"texture":"#0","tintindex":0},"down":{"uv":[9.4925,2.6325,9.2575,2.8675],"rotation":0,"texture":"#0","tintindex":0}}},{"from":[11.307468,12.008537,7.930985],"to":[12.99204,13.693109,9.615557],"rotation":{"angle":45.0,"axis":"y","origin":[12.149754,12.850822,8.773271]},"faces":{"east":{"uv":[2.6325,9.0075,2.8675,9.2425],"rotation":0,"texture":"#0","tintindex":0},"south":{"uv":[4.0075,9.0075,4.2425,9.2425],"rotation":0,"texture":"#0","tintindex":0},"north":{"uv":[2.2575,9.0075,2.4925,9.2425],"rotation":0,"texture":"#0","tintindex":0},"west":{"uv":[4.3825,9.0075,4.6175,9.2425],"rotation":0,"texture":"#0","tintindex":0},"up":{"uv":[5.8675,9.2425,5.6325,9.0075],"rotation":0,"texture":"#0","tintindex":0},"down":{"uv":[6.2425,9.0075,6.0075,9.2425],"rotation":0,"texture":"#0","tintindex":0}}},{"from":[11.307468,12.008537,6.2464137],"to":[12.99204,13.693109,7.930985],"rotation":{"angle":45.0,"axis":"z","origin":[12.149754,12.850822,7.0886993]},"faces":{"east":{"uv":[5.2575,8.8825,5.4925,9.1175],"rotation":0,"texture":"#0","tintindex":0},"south":{"uv":[7.1325,8.8825,7.3675,9.1175],"rotation":0,"texture":"#0","tintindex":0},"north":{"uv":[4.8825,8.8825,5.1175,9.1175],"rotation":0,"texture":"#0","tintindex":0},"west":{"uv":[7.5075,8.8825,7.7425,9.1175],"rotation":0,"texture":"#0","tintindex":0},"up":{"uv":[8.1175,9.1175,7.8825,8.8825],"rotation":0,"texture":"#0","tintindex":0},"down":{"uv":[0.2425,9.0075,0.0075,9.2425],"rotation":0,"texture":"#0","tintindex":0}}},{"from":[5.4731426,9.684107,4.619262],"to":[7.1577144,11.368679,6.303834],"rotation":{"angle":-22.5,"axis":"x","origin":[6.3154287,10.526393,5.461548]},"faces":{"east":{"uv":[8.6325,1.6325,8.8675,1.8675],"rotation":0,"texture":"#0","tintindex":0},"south":{"uv":[1.7575,8.6325,1.9925,8.8675],"rotation":0,"texture":"#0","tintindex":0},"north":{"uv":[1.3825,8.6325,1.6175,8.8675],"rotation":0,"texture":"#0","tintindex":0},"west":{"uv":[2.1325,8.6325,2.3675,8.8675],"rotation":0,"texture":"#0","tintindex":0},"up":{"uv":[2.7425,8.8675,2.5075,8.6325],"rotation":0,"texture":"#0","tintindex":0},"down":{"uv":[3.1175,8.6325,2.8825,8.8675],"rotation":0,"texture":"#0","tintindex":0}}},{"from":[8.842286,9.684107,4.619262],"to":[10.526857,11.368679,6.303834],"rotation":{"angle":-22.5,"axis":"x","origin":[9.684571,10.526393,5.461548]},"faces":{"east":{"uv":[8.7575,5.6325,8.9925,5.8675],"rotation":0,"texture":"#0","tintindex":0},"south":{"uv":[8.7575,6.0075,8.9925,6.2425],"rotation":0,"texture":"#0","tintindex":0},"north":{"uv":[8.7575,5.2575,8.9925,5.4925],"rotation":0,"texture":"#0","tintindex":0},"west":{"uv":[8.7575,6.3825,8.9925,6.6175],"rotation":0,"texture":"#0","tintindex":0},"up":{"uv":[6.9925,8.9925,6.7575,8.7575],"rotation":0,"texture":"#0","tintindex":0},"down":{"uv":[8.9925,8.6325,8.7575,8.8675],"rotation":0,"texture":"#0","tintindex":0}}},{"from":[10.526857,10.966262,5.0552416],"to":[12.211429,12.650833,6.7398133],"rotation":{"angle":-45.0,"axis":"x","origin":[11.369143,11.808547,5.8975277]},"faces":{"east":{"uv":[8.7575,0.3825,8.9925,0.6175],"rotation":0,"texture":"#0","tintindex":0},"south":{"uv":[8.7575,0.7575,8.9925,0.9925],"rotation":0,"texture":"#0","tintindex":0},"north":{"uv":[8.3825,8.6325,8.6175,8.8675],"rotation":0,"texture":"#0","tintindex":0},"west":{"uv":[8.7575,1.1325,8.9925,1.3675],"rotation":0,"texture":"#0","tintindex":0},"up":{"uv":[8.9925,2.2425,8.7575,2.0075],"rotation":0,"texture":"#0","tintindex":0},"down":{"uv":[8.9925,2.3825,8.7575,2.6175],"rotation":0,"texture":"#0","tintindex":0}}},{"from":[7.1577144,8.608144,4.3098764],"to":[8.842286,10.292715,5.994448],"rotation":{"angle":-45.0,"axis":"y","origin":[8.0,9.450429,5.1521626]},"faces":{"east":{"uv":[4.5075,8.6325,4.7425,8.8675],"rotation":0,"texture":"#0","tintindex":0},"south":{"uv":[6.0075,8.6325,6.2425,8.8675],"rotation":0,"texture":"#0","tintindex":0},"north":{"uv":[4.1325,8.6325,4.3675,8.8675],"rotation":0,"texture":"#0","tintindex":0},"west":{"uv":[6.3825,8.6325,6.6175,8.8675],"rotation":0,"texture":"#0","tintindex":0},"up":{"uv":[8.8675,7.7425,8.6325,7.5075],"rotation":0,"texture":"#0","tintindex":0},"down":{"uv":[8.8675,7.8825,8.6325,8.1175],"rotation":0,"texture":"#0","tintindex":0}}}],"display":{"head":{"translation":[0.0,-6.4,0.0],"scale":[4.0,4.0,4.0]}}}