{"textures":{"0":"modelengine:entity/dragon_monk"},"elements":[{"from":[4.629092,9.442549,6.547057],"to":[6.3136635,11.969405,9.452943],"rotation":{"angle":22.5,"axis":"z","origin":[5.471378,10.7059765,8.0]},"faces":{"east":{"uv":[7.3825,7.7575,7.8125,8.1175],"rotation":0,"texture":"#0","tintindex":0},"south":{"uv":[6.8825,8.2575,7.1175,8.6175],"rotation":0,"texture":"#0","tintindex":0},"north":{"uv":[0.6325,8.1325,0.8675,8.4925],"rotation":0,"texture":"#0","tintindex":0},"west":{"uv":[7.8825,0.0075,8.3125,0.3675],"rotation":0,"texture":"#0","tintindex":0},"up":{"uv":[4.2425,8.3125,4.0075,7.8825],"rotation":0,"texture":"#0","tintindex":0},"down":{"uv":[8.1175,4.1325,7.8825,4.5625],"rotation":0,"texture":"#0","tintindex":0}}},{"from":[9.6863365,9.442549,6.547057],"to":[11.370908,11.969405,9.452943],"rotation":{"angle":-22.5,"axis":"z","origin":[10.528622,10.7059765,8.0]},"faces":{"east":{"uv":[6.7575,7.7575,7.1875,8.1175],"rotation":0,"texture":"#0","tintindex":0},"south":{"uv":[5.0075,5.8825,5.2425,6.2425],"rotation":0,"texture":"#0","tintindex":0},"north":{"uv":[0.6325,3.7575,0.8675,4.1175],"rotation":0,"texture":"#0","tintindex":0},"west":{"uv":[7.7575,7.0075,8.1875,7.3675],"rotation":0,"texture":"#0","tintindex":0},"up":{"uv":[2.7425,5.5625,2.5075,5.1325],"rotation":0,"texture":"#0","tintindex":0},"down":{"uv":[3.8675,7.8825,3.6325,8.3125],"rotation":0,"texture":"#0","tintindex":0}}},{"from":[5.052,7.339475,6.526],"to":[10.948,11.550903,9.474],"rotation":{"angle":0.0,"axis":"y","origin":[8.0,9.445189,8.0]},"faces":{"east":{"uv":[0.0075,4.5075,0.4375,5.1175],"rotation":0,"texture":"#0","tintindex":0},"south":{"uv":[2.1325,3.0075,2.9925,3.6175],"rotation":0,"texture":"#0","tintindex":0},"north":{"uv":[0.0075,3.0075,0.8675,3.6175],"rotation":0,"texture":"#0","tintindex":0},"west":{"uv":[4.5075,3.6325,4.9375,4.2425],"rotation":0,"texture":"#0","tintindex":0},"up":{"uv":[3.9925,3.4375,3.1325,3.0075],"rotation":0,"texture":"#0","tintindex":0},"down":{"uv":[4.1175,0.7575,3.2575,1.1875],"rotation":0,"texture":"#0","tintindex":0}}}],"display":{"head":{"translation":[0.0,-6.4,0.0],"scale":[4.0,4.0,4.0]}}}