{"textures":{"0":"modelengine:entity/dragon_monk"},"elements":[{"from":[4.630857,7.2321625,6.15098],"to":[11.369143,8.916734,9.941266],"rotation":{"angle":0.0,"axis":"y","origin":[8.0,8.074449,8.0461235]},"faces":{"east":{"uv":[1.6325,7.8825,2.1875,8.1175],"rotation":0,"texture":"#0","tintindex":0},"south":{"uv":[6.6325,5.5075,7.6175,5.7425],"rotation":0,"texture":"#0","tintindex":0},"north":{"uv":[6.6325,2.6325,7.6175,2.8675],"rotation":0,"texture":"#0","tintindex":0},"west":{"uv":[7.8825,1.8825,8.4375,2.1175],"rotation":0,"texture":"#0","tintindex":0},"up":{"uv":[1.9925,3.3125,1.0075,2.7575],"rotation":0,"texture":"#0","tintindex":0},"down":{"uv":[3.9925,0.0075,3.0075,0.5625],"rotation":0,"texture":"#0","tintindex":0}}},{"from":[7.1577144,7.0832663,4.8258767],"to":[8.842286,8.767838,6.510448],"rotation":{"angle":45.0,"axis":"x","origin":[8.0,7.925552,5.6681623]},"faces":{"east":{"uv":[7.1325,9.2575,7.3675,9.4925],"rotation":0,"texture":"#0","tintindex":0},"south":{"uv":[7.5075,9.2575,7.7425,9.4925],"rotation":0,"texture":"#0","tintindex":0},"north":{"uv":[5.1325,9.2575,5.3675,9.4925],"rotation":0,"texture":"#0","tintindex":0},"west":{"uv":[7.8825,9.2575,8.1175,9.4925],"rotation":0,"texture":"#0","tintindex":0},"up":{"uv":[0.2425,9.6175,0.0075,9.3825],"rotation":0,"texture":"#0","tintindex":0},"down":{"uv":[0.6175,9.3825,0.3825,9.6175],"rotation":0,"texture":"#0","tintindex":0}}}],"display":{"head":{"translation":[0.0,-6.4,0.0],"scale":[4.0,4.0,4.0]}}}