{"textures":{"0":"modelengine:entity/enderlord"},"elements":[{"name":"cube","from":[8.231297,7.9855886,7.629326],"to":[9.011296,8.615588,8.289326],"rotation":{"angle":0.0,"axis":"x","origin":[9.198858,2.9376566,7.55]},"faces":{"down":{"uv":[4.0,9.0,3.875,9.125],"rotation":0,"texture":"#0","tintindex":0},"east":{"uv":[3.375,9.0,3.5,9.125],"rotation":0,"texture":"#0","tintindex":0},"north":{"uv":[3.25,9.0,3.375,9.125],"rotation":0,"texture":"#0","tintindex":0},"south":{"uv":[3.5,9.0,3.625,9.125],"rotation":0,"texture":"#0","tintindex":0},"up":{"uv":[3.875,9.125,3.75,9.0],"rotation":0,"texture":"#0","tintindex":0},"west":{"uv":[3.625,9.0,3.75,9.125],"rotation":0,"texture":"#0","tintindex":0}}},{"name":"cube","from":[7.781296,7.355589,6.879326],"to":[9.461296,7.9855886,8.7393265],"rotation":{"angle":0.0,"axis":"x","origin":[9.198858,2.9376566,7.55]},"faces":{"down":{"uv":[6.125,4.875,5.75,5.25],"rotation":0,"texture":"#0","tintindex":0},"east":{"uv":[8.0,2.5,8.375,2.625],"rotation":0,"texture":"#0","tintindex":0},"north":{"uv":[8.0,2.375,8.375,2.5],"rotation":0,"texture":"#0","tintindex":0},"south":{"uv":[8.0,2.625,8.375,2.75],"rotation":0,"texture":"#0","tintindex":0},"up":{"uv":[6.125,4.875,5.75,4.5],"rotation":0,"texture":"#0","tintindex":0},"west":{"uv":[8.0,2.75,8.375,2.875],"rotation":0,"texture":"#0","tintindex":0}}},{"name":"cube","from":[9.131296,7.655589,6.879326],"to":[10.211296,10.685589,8.7393265],"rotation":{"angle":0.0,"axis":"x","origin":[10.548859,3.2376566,7.55]},"faces":{"down":{"uv":[7.375,2.875,7.125,3.25],"rotation":0,"texture":"#0","tintindex":0},"east":{"uv":[1.125,3.75,1.5,4.375],"rotation":0,"texture":"#0","tintindex":0},"north":{"uv":[5.125,4.375,5.375,5.0],"rotation":0,"texture":"#0","tintindex":0},"south":{"uv":[1.5,5.375,1.75,6.0],"rotation":0,"texture":"#0","tintindex":0},"up":{"uv":[7.375,2.875,7.125,2.5],"rotation":0,"texture":"#0","tintindex":0},"west":{"uv":[2.25,3.75,2.625,4.375],"rotation":0,"texture":"#0","tintindex":0}}},{"name":"cube","from":[9.431295,10.655589,7.479326],"to":[10.361296,12.185589,8.7393265],"rotation":{"angle":0.0,"axis":"x","origin":[10.848858,6.2376566,7.55]},"faces":{"down":{"uv":[8.0,7.25,7.75,7.5],"rotation":0,"texture":"#0","tintindex":0},"east":{"uv":[7.125,4.0,7.375,4.375],"rotation":0,"texture":"#0","tintindex":0},"north":{"uv":[7.125,3.25,7.375,3.625],"rotation":0,"texture":"#0","tintindex":0},"south":{"uv":[7.125,4.375,7.375,4.75],"rotation":0,"texture":"#0","tintindex":0},"up":{"uv":[8.0,7.25,7.75,7.0],"rotation":0,"texture":"#0","tintindex":0},"west":{"uv":[7.125,4.75,7.375,5.125],"rotation":0,"texture":"#0","tintindex":0}}},{"name":"cube","from":[9.431295,12.155589,7.929326],"to":[10.361296,17.88559,8.7393265],"rotation":{"angle":0.0,"axis":"x","origin":[10.548859,7.7376566,7.7]},"faces":{"down":{"uv":[8.625,5.375,8.375,5.5],"rotation":0,"texture":"#0","tintindex":0},"east":{"uv":[3.5,5.375,3.625,6.625],"rotation":0,"texture":"#0","tintindex":0},"north":{"uv":[2.5,2.5,2.75,3.75],"rotation":0,"texture":"#0","tintindex":0},"south":{"uv":[0.0,2.625,0.25,3.875],"rotation":0,"texture":"#0","tintindex":0},"up":{"uv":[8.625,4.25,8.375,4.125],"rotation":0,"texture":"#0","tintindex":0},"west":{"uv":[3.625,5.375,3.75,6.625],"rotation":0,"texture":"#0","tintindex":0}}},{"name":"cube","from":[9.869455,17.628365,7.929326],"to":[10.649455,19.008364,8.7393265],"rotation":{"angle":-22.5,"axis":"z","origin":[10.296955,18.858364,8.334326]},"faces":{"down":{"uv":[4.25,9.0,4.125,9.125],"rotation":0,"texture":"#0","tintindex":0},"east":{"uv":[8.375,7.25,8.5,7.5],"rotation":0,"texture":"#0","tintindex":0},"north":{"uv":[8.375,7.0,8.5,7.25],"rotation":0,"texture":"#0","tintindex":0},"south":{"uv":[8.375,7.5,8.5,7.75],"rotation":0,"texture":"#0","tintindex":0},"up":{"uv":[4.125,9.125,4.0,9.0],"rotation":0,"texture":"#0","tintindex":0},"west":{"uv":[8.375,7.75,8.5,8.0],"rotation":0,"texture":"#0","tintindex":0}}},{"name":"cube","from":[9.880873,19.065765,8.079326],"to":[10.510873,19.845768,8.589325],"rotation":{"angle":-22.5,"axis":"z","origin":[10.158373,18.915766,8.334326]},"faces":{"down":{"uv":[5.0,9.0,4.875,9.125],"rotation":0,"texture":"#0","tintindex":0},"east":{"uv":[4.375,9.0,4.5,9.125],"rotation":0,"texture":"#0","tintindex":0},"north":{"uv":[4.25,9.0,4.375,9.125],"rotation":0,"texture":"#0","tintindex":0},"south":{"uv":[4.5,9.0,4.625,9.125],"rotation":0,"texture":"#0","tintindex":0},"up":{"uv":[4.875,9.125,4.75,9.0],"rotation":0,"texture":"#0","tintindex":0},"west":{"uv":[4.625,9.0,4.75,9.125],"rotation":0,"texture":"#0","tintindex":0}}},{"name":"cube","from":[9.071297,6.155589,8.079326],"to":[9.461296,7.3855886,8.7393265],"rotation":{"angle":0.0,"axis":"x","origin":[10.398858,2.3376565,7.55]},"faces":{"down":{"uv":[5.25,9.0,5.125,9.125],"rotation":0,"texture":"#0","tintindex":0},"east":{"uv":[0.25,8.5,0.375,8.75],"rotation":0,"texture":"#0","tintindex":0},"north":{"uv":[8.375,8.0,8.5,8.25],"rotation":0,"texture":"#0","tintindex":0},"south":{"uv":[0.375,8.5,0.5,8.75],"rotation":0,"texture":"#0","tintindex":0},"up":{"uv":[5.125,9.125,5.0,9.0],"rotation":0,"texture":"#0","tintindex":0},"west":{"uv":[0.5,8.5,0.625,8.75],"rotation":0,"texture":"#0","tintindex":0}}},{"name":"cube","from":[8.231297,3.1555886,6.879326],"to":[9.161296,7.3855886,8.889326],"rotation":{"angle":0.0,"axis":"x","origin":[9.348858,2.9376566,7.55]},"faces":{"down":{"uv":[7.375,5.5,7.125,5.875],"rotation":0,"texture":"#0","tintindex":0},"east":{"uv":[1.875,1.0,2.25,1.875],"rotation":0,"texture":"#0","tintindex":0},"north":{"uv":[2.0,3.875,2.25,4.75],"rotation":0,"texture":"#0","tintindex":0},"south":{"uv":[2.625,3.875,2.875,4.75],"rotation":0,"texture":"#0","tintindex":0},"up":{"uv":[7.375,5.5,7.125,5.125],"rotation":0,"texture":"#0","tintindex":0},"west":{"uv":[2.0,0.0,2.375,0.875],"rotation":0,"texture":"#0","tintindex":0}}},{"name":"cube","from":[7.631296,3.9055886,6.879326],"to":[8.261296,7.3855886,8.889326],"rotation":{"angle":0.0,"axis":"x","origin":[8.448858,2.9376566,7.55]},"faces":{"down":{"uv":[8.125,3.625,8.0,4.0],"rotation":0,"texture":"#0","tintindex":0},"east":{"uv":[3.25,3.25,3.625,4.0],"rotation":0,"texture":"#0","tintindex":0},"north":{"uv":[2.75,7.125,2.875,7.875],"rotation":0,"texture":"#0","tintindex":0},"south":{"uv":[5.875,7.125,6.0,7.875],"rotation":0,"texture":"#0","tintindex":0},"up":{"uv":[8.125,3.5,8.0,3.125],"rotation":0,"texture":"#0","tintindex":0},"west":{"uv":[3.25,2.5,3.625,3.25],"rotation":0,"texture":"#0","tintindex":0}}},{"name":"cube","from":[7.781296,2.5555887,7.3293257],"to":[8.261296,3.9355884,8.889326],"rotation":{"angle":0.0,"axis":"x","origin":[8.598858,1.5876565,7.55]},"faces":{"down":{"uv":[8.125,4.375,8.0,4.75],"rotation":0,"texture":"#0","tintindex":0},"east":{"uv":[7.125,3.625,7.5,3.875],"rotation":0,"texture":"#0","tintindex":0},"north":{"uv":[0.625,8.5,0.75,8.75],"rotation":0,"texture":"#0","tintindex":0},"south":{"uv":[0.75,8.5,0.875,8.75],"rotation":0,"texture":"#0","tintindex":0},"up":{"uv":[8.125,4.375,8.0,4.0],"rotation":0,"texture":"#0","tintindex":0},"west":{"uv":[7.125,5.875,7.5,6.125],"rotation":0,"texture":"#0","tintindex":0}}},{"name":"cube","from":[7.631296,1.9555887,6.5793257],"to":[8.261296,2.5855882,9.039326],"rotation":{"angle":0.0,"axis":"x","origin":[8.448858,0.9876566,7.55]},"faces":{"down":{"uv":[0.5,7.875,0.375,8.375],"rotation":0,"texture":"#0","tintindex":0},"east":{"uv":[7.75,7.5,8.25,7.625],"rotation":0,"texture":"#0","tintindex":0},"north":{"uv":[5.25,9.0,5.375,9.125],"rotation":0,"texture":"#0","tintindex":0},"south":{"uv":[5.375,9.0,5.5,9.125],"rotation":0,"texture":"#0","tintindex":0},"up":{"uv":[0.375,8.375,0.25,7.875],"rotation":0,"texture":"#0","tintindex":0},"west":{"uv":[7.75,7.625,8.25,7.75],"rotation":0,"texture":"#0","tintindex":0}}},{"name":"cube","from":[8.681295,2.975588,6.729326],"to":[9.311296,4.955589,9.039326],"rotation":{"angle":0.0,"axis":"x","origin":[9.798859,2.9376566,7.55]},"faces":{"down":{"uv":[0.875,7.875,0.75,8.375],"rotation":0,"texture":"#0","tintindex":0},"east":{"uv":[4.625,1.25,5.125,1.625],"rotation":0,"texture":"#0","tintindex":0},"north":{"uv":[8.0,4.75,8.125,5.125],"rotation":0,"texture":"#0","tintindex":0},"south":{"uv":[8.0,5.125,8.125,5.5],"rotation":0,"texture":"#0","tintindex":0},"up":{"uv":[0.75,8.375,0.625,7.875],"rotation":0,"texture":"#0","tintindex":0},"west":{"uv":[4.625,1.625,5.125,2.0],"rotation":0,"texture":"#0","tintindex":0}}},{"name":"cube","from":[8.681295,0.5455885,7.179326],"to":[9.161296,2.975588,8.589325],"rotation":{"angle":0.0,"axis":"x","origin":[9.798859,2.9376566,7.55]},"faces":{"down":{"uv":[1.125,8.5,1.0,8.75],"rotation":0,"texture":"#0","tintindex":0},"east":{"uv":[6.375,6.375,6.625,6.875],"rotation":0,"texture":"#0","tintindex":0},"north":{"uv":[1.625,7.875,1.75,8.375],"rotation":0,"texture":"#0","tintindex":0},"south":{"uv":[1.75,7.875,1.875,8.375],"rotation":0,"texture":"#0","tintindex":0},"up":{"uv":[1.0,8.75,0.875,8.5],"rotation":0,"texture":"#0","tintindex":0},"west":{"uv":[6.375,0.0,6.625,0.5],"rotation":0,"texture":"#0","tintindex":0}}}],"display":{"head":{"translation":[0.0,-6.4,0.0],"rotation":[0.0,0.0,0.0],"scale":[3.8095,3.8095,3.8095]}}}