{"textures":{"0":"modelengine:entity/enderlord"},"elements":[{"name":"cube","from":[6.7799816,7.369689,7.37],"to":[7.979982,8.599689,8.66],"rotation":{"angle":0.0,"axis":"x","origin":[9.329983,2.1046882,7.91]},"faces":{"down":{"uv":[7.875,3.0,7.625,3.25],"rotation":0,"texture":"#0","tintindex":0},"east":{"uv":[6.875,7.625,7.125,7.875],"rotation":0,"texture":"#0","tintindex":0},"north":{"uv":[4.625,7.625,4.875,7.875],"rotation":0,"texture":"#0","tintindex":0},"south":{"uv":[7.625,0.75,7.875,1.0],"rotation":0,"texture":"#0","tintindex":0},"up":{"uv":[7.875,3.0,7.625,2.75],"rotation":0,"texture":"#0","tintindex":0},"west":{"uv":[7.625,2.5,7.875,2.75],"rotation":0,"texture":"#0","tintindex":0}}},{"name":"cube","from":[6.8999815,3.769689,7.52],"to":[7.679982,7.3996887,8.54],"rotation":{"angle":0.0,"axis":"x","origin":[9.179982,0.9046879,8.06]},"faces":{"down":{"uv":[1.75,8.375,1.625,8.625],"rotation":0,"texture":"#0","tintindex":0},"east":{"uv":[1.25,4.375,1.5,5.125],"rotation":0,"texture":"#0","tintindex":0},"north":{"uv":[5.5,7.0,5.625,7.75],"rotation":0,"texture":"#0","tintindex":0},"south":{"uv":[5.625,7.0,5.75,7.75],"rotation":0,"texture":"#0","tintindex":0},"up":{"uv":[1.625,8.625,1.5,8.375],"rotation":0,"texture":"#0","tintindex":0},"west":{"uv":[2.25,4.375,2.5,5.125],"rotation":0,"texture":"#0","tintindex":0}}}],"display":{"head":{"translation":[0.0,-6.4,0.0],"rotation":[0.0,0.0,0.0],"scale":[3.8095,3.8095,3.8095]}}}