{"textures":{"0":"modelengine:entity/enderlord"},"elements":[{"name":"cube","from":[6.2184215,7.627154,7.718673],"to":[6.6984215,12.457154,8.228673],"rotation":{"angle":22.5,"axis":"z","origin":[6.324482,11.573011,8.723673]},"faces":{"down":{"uv":[8.75,9.0,8.625,9.125],"rotation":0,"texture":"#0","tintindex":0},"east":{"uv":[6.25,2.0,6.375,3.0],"rotation":0,"texture":"#0","tintindex":0},"north":{"uv":[6.25,1.0,6.375,2.0],"rotation":0,"texture":"#0","tintindex":0},"south":{"uv":[6.25,3.0,6.375,4.0],"rotation":0,"texture":"#0","tintindex":0},"up":{"uv":[8.625,9.125,8.5,9.0],"rotation":0,"texture":"#0","tintindex":0},"west":{"uv":[6.25,4.0,6.375,5.0],"rotation":0,"texture":"#0","tintindex":0}}},{"name":"cube","from":[5.785636,12.101777,7.718673],"to":[6.2290974,12.285465,8.228673],"rotation":{"angle":45.0,"axis":"z","origin":[5.759879,12.441109,8.723673]},"faces":{"down":{"uv":[9.125,0.25,9.0,0.375],"rotation":0,"texture":"#0","tintindex":0},"east":{"uv":[8.875,9.0,9.0,9.125],"rotation":0,"texture":"#0","tintindex":0},"north":{"uv":[8.75,9.0,8.875,9.125],"rotation":0,"texture":"#0","tintindex":0},"south":{"uv":[9.0,9.0,9.125,9.125],"rotation":0,"texture":"#0","tintindex":0},"up":{"uv":[9.125,0.25,9.0,0.125],"rotation":0,"texture":"#0","tintindex":0},"west":{"uv":[9.0,0.0,9.125,0.125],"rotation":0,"texture":"#0","tintindex":0}}}],"display":{"head":{"translation":[0.0,-6.4,0.0],"rotation":[0.0,0.0,0.0],"scale":[3.8095,3.8095,3.8095]}}}