{"textures":{"0":"modelengine:entity/enderlord"},"elements":[{"name":"cube","from":[7.7224383,4.1331615,5.8053703],"to":[8.352438,7.763162,6.4653707],"rotation":{"angle":22.5,"axis":"x","origin":[7.64,3.1999998,8.24]},"faces":{"down":{"uv":[5.75,9.0,5.625,9.125],"rotation":0,"texture":"#0","tintindex":0},"east":{"uv":[1.25,7.25,1.375,8.0],"rotation":0,"texture":"#0","tintindex":0},"north":{"uv":[7.125,6.125,7.25,6.875],"rotation":0,"texture":"#0","tintindex":0},"south":{"uv":[1.375,7.25,1.5,8.0],"rotation":0,"texture":"#0","tintindex":0},"up":{"uv":[5.625,9.125,5.5,9.0],"rotation":0,"texture":"#0","tintindex":0},"west":{"uv":[2.875,7.25,3.0,8.0],"rotation":0,"texture":"#0","tintindex":0}}}],"display":{"head":{"translation":[0.0,-6.4,0.0],"rotation":[0.0,0.0,0.0],"scale":[3.8095,3.8095,3.8095]}}}