{"textures":{"0":"modelengine:entity/enderlord"},"elements":[{"name":"cube","from":[7.7365093,1.886927,7.718673],"to":[8.21651,8.216928,8.228673],"rotation":{"angle":0.0,"axis":"x","origin":[8.104072,8.748995,8.689347]},"faces":{"down":{"uv":[7.25,9.0,7.125,9.125],"rotation":0,"texture":"#0","tintindex":0},"east":{"uv":[1.75,4.75,1.875,6.125],"rotation":0,"texture":"#0","tintindex":0},"north":{"uv":[1.125,4.75,1.25,6.125],"rotation":0,"texture":"#0","tintindex":0},"south":{"uv":[1.875,4.75,2.0,6.125],"rotation":0,"texture":"#0","tintindex":0},"up":{"uv":[7.125,9.125,7.0,9.0],"rotation":0,"texture":"#0","tintindex":0},"west":{"uv":[2.0,4.75,2.125,6.125],"rotation":0,"texture":"#0","tintindex":0}}}],"display":{"head":{"translation":[0.0,-6.4,0.0],"rotation":[0.0,0.0,0.0],"scale":[3.8095,3.8095,3.8095]}}}