{"textures":{"0":"modelengine:entity/enderlord"},"elements":[{"name":"cube","from":[7.7224383,4.1331615,5.8053703],"to":[8.352438,7.763162,6.4653707],"rotation":{"angle":22.5,"axis":"x","origin":[7.64,3.1999998,8.24]},"faces":{"down":{"uv":[8.75,8.0,8.625,8.125],"rotation":0,"texture":"#0","tintindex":0},"east":{"uv":[2.625,6.625,2.75,7.375],"rotation":0,"texture":"#0","tintindex":0},"north":{"uv":[0.375,6.625,0.5,7.375],"rotation":0,"texture":"#0","tintindex":0},"south":{"uv":[5.75,6.625,5.875,7.375],"rotation":0,"texture":"#0","tintindex":0},"up":{"uv":[8.75,8.0,8.625,7.875],"rotation":0,"texture":"#0","tintindex":0},"west":{"uv":[4.0,7.0,4.125,7.75],"rotation":0,"texture":"#0","tintindex":0}}}],"display":{"head":{"translation":[0.0,-6.4,0.0],"rotation":[0.0,0.0,0.0],"scale":[3.8095,3.8095,3.8095]}}}