{"textures":{"0":"modelengine:entity/enderlord"},"elements":[{"name":"cube","from":[7.4,8.941524,8.409492],"to":[8.6,9.571524,9.249491],"rotation":{"angle":0.0,"axis":"x","origin":[7.85,3.3765225,7.1494913]},"faces":{"down":{"uv":[8.625,1.0,8.375,1.125],"rotation":0,"texture":"#0","tintindex":0},"east":{"uv":[8.875,0.375,9.0,0.5],"rotation":0,"texture":"#0","tintindex":0},"north":{"uv":[8.375,0.625,8.625,0.75],"rotation":0,"texture":"#0","tintindex":0},"south":{"uv":[8.375,0.75,8.625,0.875],"rotation":0,"texture":"#0","tintindex":0},"up":{"uv":[8.625,1.0,8.375,0.875],"rotation":0,"texture":"#0","tintindex":0},"west":{"uv":[8.875,0.5,9.0,0.625],"rotation":0,"texture":"#0","tintindex":0}}},{"name":"cube","from":[7.25,8.041524,6.159491],"to":[8.75,8.971523,6.459491],"rotation":{"angle":0.0,"axis":"x","origin":[7.85,3.0765226,6.9994907]},"faces":{"down":{"uv":[8.375,1.125,8.0,1.25],"rotation":0,"texture":"#0","tintindex":0},"east":{"uv":[8.375,1.125,8.5,1.375],"rotation":0,"texture":"#0","tintindex":0},"north":{"uv":[7.125,1.5,7.5,1.75],"rotation":0,"texture":"#0","tintindex":0},"south":{"uv":[7.125,1.75,7.5,2.0],"rotation":0,"texture":"#0","tintindex":0},"up":{"uv":[8.375,1.125,8.0,1.0],"rotation":0,"texture":"#0","tintindex":0},"west":{"uv":[8.375,1.375,8.5,1.625],"rotation":0,"texture":"#0","tintindex":0}}},{"name":"cube","from":[7.25,8.041524,6.459491],"to":[8.75,9.421524,9.099491],"rotation":{"angle":0.0,"axis":"x","origin":[7.85,3.0765226,7.1494913]},"faces":{"down":{"uv":[5.0,0.0,4.625,0.5],"rotation":0,"texture":"#0","tintindex":0},"east":{"uv":[6.125,0.5,6.625,0.75],"rotation":0,"texture":"#0","tintindex":0},"north":{"uv":[6.875,7.125,7.25,7.375],"rotation":0,"texture":"#0","tintindex":0},"south":{"uv":[7.125,1.25,7.5,1.5],"rotation":0,"texture":"#0","tintindex":0},"up":{"uv":[4.875,3.75,4.5,3.25],"rotation":0,"texture":"#0","tintindex":0},"west":{"uv":[6.125,0.75,6.625,1.0],"rotation":0,"texture":"#0","tintindex":0}}},{"name":"cube","from":[7.31,7.7118173,6.2250733],"to":[8.69,8.281817,7.3650737],"rotation":{"angle":-22.5,"axis":"x","origin":[8.0,7.951818,6.7200737]},"faces":{"down":{"uv":[8.0,4.125,7.75,4.375],"rotation":0,"texture":"#0","tintindex":0},"east":{"uv":[8.375,1.75,8.625,1.875],"rotation":0,"texture":"#0","tintindex":0},"north":{"uv":[8.375,1.625,8.625,1.75],"rotation":0,"texture":"#0","tintindex":0},"south":{"uv":[8.375,1.875,8.625,2.0],"rotation":0,"texture":"#0","tintindex":0},"up":{"uv":[8.0,4.125,7.75,3.875],"rotation":0,"texture":"#0","tintindex":0},"west":{"uv":[8.375,2.0,8.625,2.125],"rotation":0,"texture":"#0","tintindex":0}}},{"name":"cube","from":[7.46,7.3100014,6.095],"to":[8.54,7.7299995,6.3949995],"rotation":{"angle":-22.5,"axis":"x","origin":[8.0,7.55,5.75]},"faces":{"down":{"uv":[8.625,2.5,8.375,2.625],"rotation":0,"texture":"#0","tintindex":0},"east":{"uv":[8.875,0.625,9.0,0.75],"rotation":0,"texture":"#0","tintindex":0},"north":{"uv":[8.375,2.125,8.625,2.25],"rotation":0,"texture":"#0","tintindex":0},"south":{"uv":[8.375,2.25,8.625,2.375],"rotation":0,"texture":"#0","tintindex":0},"up":{"uv":[8.625,2.5,8.375,2.375],"rotation":0,"texture":"#0","tintindex":0},"west":{"uv":[8.875,0.75,9.0,0.875],"rotation":0,"texture":"#0","tintindex":0}}}],"display":{"head":{"translation":[0.0,-6.4,0.0],"rotation":[0.0,0.0,0.0],"scale":[3.8095,3.8095,3.8095]}}}