{"textures":{"0":"modelengine:entity/enderlord"},"elements":[{"name":"cube","from":[6.95,3.0649996,7.25],"to":[8.45,8.494999,8.6],"rotation":{"angle":0.0,"axis":"x","origin":[7.55,2.6,7.85]},"faces":{"down":{"uv":[6.875,3.75,6.5,4.0],"rotation":0,"texture":"#0","tintindex":0},"east":{"uv":[2.25,1.125,2.5,2.25],"rotation":0,"texture":"#0","tintindex":0},"north":{"uv":[0.0,1.5,0.375,2.625],"rotation":0,"texture":"#0","tintindex":0},"south":{"uv":[0.375,1.5,0.75,2.625],"rotation":0,"texture":"#0","tintindex":0},"up":{"uv":[6.875,3.75,6.5,3.5],"rotation":0,"texture":"#0","tintindex":0},"west":{"uv":[2.5,1.125,2.75,2.25],"rotation":0,"texture":"#0","tintindex":0}}},{"name":"cube","from":[7.25,3.0649996,6.8],"to":[7.85,3.5449991,7.25],"rotation":{"angle":0.0,"axis":"x","origin":[7.55,2.6,7.7]},"faces":{"down":{"uv":[1.875,8.625,1.75,8.75],"rotation":0,"texture":"#0","tintindex":0},"east":{"uv":[1.25,8.625,1.375,8.75],"rotation":0,"texture":"#0","tintindex":0},"north":{"uv":[1.125,8.625,1.25,8.75],"rotation":0,"texture":"#0","tintindex":0},"south":{"uv":[1.375,8.625,1.5,8.75],"rotation":0,"texture":"#0","tintindex":0},"up":{"uv":[1.75,8.75,1.625,8.625],"rotation":0,"texture":"#0","tintindex":0},"west":{"uv":[1.5,8.625,1.625,8.75],"rotation":0,"texture":"#0","tintindex":0}}},{"name":"cube","from":[7.25,3.5149996,6.8599997],"to":[8.0,4.8049994,7.31],"rotation":{"angle":0.0,"axis":"x","origin":[7.55,4.6099987,7.7599998]},"faces":{"down":{"uv":[8.625,6.75,8.5,6.875],"rotation":0,"texture":"#0","tintindex":0},"east":{"uv":[8.125,3.875,8.25,4.125],"rotation":0,"texture":"#0","tintindex":0},"north":{"uv":[8.125,3.625,8.25,3.875],"rotation":0,"texture":"#0","tintindex":0},"south":{"uv":[8.125,4.125,8.25,4.375],"rotation":0,"texture":"#0","tintindex":0},"up":{"uv":[8.625,6.75,8.5,6.625],"rotation":0,"texture":"#0","tintindex":0},"west":{"uv":[8.125,4.375,8.25,4.625],"rotation":0,"texture":"#0","tintindex":0}}},{"name":"cube","from":[7.1,4.7749996,6.8599997],"to":[8.15,5.7649994,7.31],"rotation":{"angle":0.0,"axis":"x","origin":[7.55,5.869999,7.7599998]},"faces":{"down":{"uv":[8.375,3.375,8.125,3.5],"rotation":0,"texture":"#0","tintindex":0},"east":{"uv":[8.125,4.625,8.25,4.875],"rotation":0,"texture":"#0","tintindex":0},"north":{"uv":[2.0,7.375,2.25,7.625],"rotation":0,"texture":"#0","tintindex":0},"south":{"uv":[4.625,7.375,4.875,7.625],"rotation":0,"texture":"#0","tintindex":0},"up":{"uv":[8.375,2.375,8.125,2.25],"rotation":0,"texture":"#0","tintindex":0},"west":{"uv":[8.125,4.875,8.25,5.125],"rotation":0,"texture":"#0","tintindex":0}}},{"name":"cube","from":[7.1,5.7649994,6.8599997],"to":[7.85,6.1549997,7.31],"rotation":{"angle":0.0,"axis":"x","origin":[7.4,6.8599987,7.7599998]},"faces":{"down":{"uv":[8.625,7.5,8.5,7.625],"rotation":0,"texture":"#0","tintindex":0},"east":{"uv":[8.5,7.0,8.625,7.125],"rotation":0,"texture":"#0","tintindex":0},"north":{"uv":[8.5,6.875,8.625,7.0],"rotation":0,"texture":"#0","tintindex":0},"south":{"uv":[8.5,7.125,8.625,7.25],"rotation":0,"texture":"#0","tintindex":0},"up":{"uv":[8.625,7.5,8.5,7.375],"rotation":0,"texture":"#0","tintindex":0},"west":{"uv":[8.5,7.25,8.625,7.375],"rotation":0,"texture":"#0","tintindex":0}}},{"name":"cube","from":[6.8,6.1549997,6.8599997],"to":[7.7,6.694999,7.61],"rotation":{"angle":0.0,"axis":"x","origin":[7.4,7.25,7.7599998]},"faces":{"down":{"uv":[8.375,5.625,8.125,5.75],"rotation":0,"texture":"#0","tintindex":0},"east":{"uv":[8.5,7.625,8.625,7.75],"rotation":0,"texture":"#0","tintindex":0},"north":{"uv":[8.125,5.125,8.375,5.25],"rotation":0,"texture":"#0","tintindex":0},"south":{"uv":[8.125,5.25,8.375,5.375],"rotation":0,"texture":"#0","tintindex":0},"up":{"uv":[8.375,5.5,8.125,5.375],"rotation":0,"texture":"#0","tintindex":0},"west":{"uv":[8.5,7.75,8.625,7.875],"rotation":0,"texture":"#0","tintindex":0}}},{"name":"cube","from":[6.5,7.0549994,6.8599997],"to":[7.7,7.5949993,7.7599998],"rotation":{"angle":0.0,"axis":"x","origin":[7.4,8.15,7.7599998]},"faces":{"down":{"uv":[7.625,2.75,7.375,3.0],"rotation":0,"texture":"#0","tintindex":0},"east":{"uv":[8.125,6.125,8.375,6.25],"rotation":0,"texture":"#0","tintindex":0},"north":{"uv":[8.125,6.0,8.375,6.125],"rotation":0,"texture":"#0","tintindex":0},"south":{"uv":[8.125,6.25,8.375,6.375],"rotation":0,"texture":"#0","tintindex":0},"up":{"uv":[7.625,2.75,7.375,2.5],"rotation":0,"texture":"#0","tintindex":0},"west":{"uv":[8.125,6.375,8.375,6.5],"rotation":0,"texture":"#0","tintindex":0}}},{"name":"cube","from":[6.6499996,6.365,6.8599997],"to":[6.8,6.754999,7.46],"rotation":{"angle":0.0,"axis":"x","origin":[7.25,7.309999,7.7599998]},"faces":{"down":{"uv":[0.25,8.625,0.125,8.75],"rotation":0,"texture":"#0","tintindex":0},"east":{"uv":[8.5,8.0,8.625,8.125],"rotation":0,"texture":"#0","tintindex":0},"north":{"uv":[8.5,7.875,8.625,8.0],"rotation":0,"texture":"#0","tintindex":0},"south":{"uv":[8.5,8.125,8.625,8.25],"rotation":0,"texture":"#0","tintindex":0},"up":{"uv":[0.125,8.75,0.0,8.625],"rotation":0,"texture":"#0","tintindex":0},"west":{"uv":[8.5,8.25,8.625,8.375],"rotation":0,"texture":"#0","tintindex":0}}},{"name":"cube","from":[6.2,7.265,6.8599997],"to":[6.5,7.6549997,7.61],"rotation":{"angle":0.0,"axis":"x","origin":[7.1,8.209999,7.7599998]},"faces":{"down":{"uv":[2.625,8.625,2.5,8.75],"rotation":0,"texture":"#0","tintindex":0},"east":{"uv":[2.0,8.625,2.125,8.75],"rotation":0,"texture":"#0","tintindex":0},"north":{"uv":[1.875,8.625,2.0,8.75],"rotation":0,"texture":"#0","tintindex":0},"south":{"uv":[2.125,8.625,2.25,8.75],"rotation":0,"texture":"#0","tintindex":0},"up":{"uv":[2.5,8.75,2.375,8.625],"rotation":0,"texture":"#0","tintindex":0},"west":{"uv":[2.25,8.625,2.375,8.75],"rotation":0,"texture":"#0","tintindex":0}}}],"display":{"head":{"translation":[0.0,-6.4,0.0],"rotation":[0.0,0.0,0.0],"scale":[3.8095,3.8095,3.8095]}}}