{"textures":{"0":"modelengine:entity/enderlord"},"elements":[{"name":"cube","from":[7.55,3.0649996,7.25],"to":[9.05,8.494999,8.6],"rotation":{"angle":0.0,"axis":"x","origin":[8.15,2.6,7.85]},"faces":{"down":{"uv":[0.375,6.625,0.0,6.875],"rotation":0,"texture":"#0","tintindex":0},"east":{"uv":[0.25,2.625,0.5,3.75],"rotation":0,"texture":"#0","tintindex":0},"north":{"uv":[0.75,1.5,1.125,2.625],"rotation":0,"texture":"#0","tintindex":0},"south":{"uv":[1.125,1.5,1.5,2.625],"rotation":0,"texture":"#0","tintindex":0},"up":{"uv":[6.875,6.375,6.5,6.125],"rotation":0,"texture":"#0","tintindex":0},"west":{"uv":[0.5,2.625,0.75,3.75],"rotation":0,"texture":"#0","tintindex":0}}},{"name":"cube","from":[8.15,3.0649996,6.8],"to":[8.75,3.5449991,7.25],"rotation":{"angle":0.0,"axis":"x","origin":[8.45,2.6,7.7]},"faces":{"down":{"uv":[3.375,8.625,3.25,8.75],"rotation":0,"texture":"#0","tintindex":0},"east":{"uv":[2.75,8.625,2.875,8.75],"rotation":0,"texture":"#0","tintindex":0},"north":{"uv":[2.625,8.625,2.75,8.75],"rotation":0,"texture":"#0","tintindex":0},"south":{"uv":[2.875,8.625,3.0,8.75],"rotation":0,"texture":"#0","tintindex":0},"up":{"uv":[3.25,8.75,3.125,8.625],"rotation":0,"texture":"#0","tintindex":0},"west":{"uv":[3.0,8.625,3.125,8.75],"rotation":0,"texture":"#0","tintindex":0}}},{"name":"cube","from":[8.0,3.5149996,6.8599997],"to":[8.75,4.8049994,7.31],"rotation":{"angle":0.0,"axis":"x","origin":[8.3,4.6099987,7.7599998]},"faces":{"down":{"uv":[3.625,8.625,3.5,8.75],"rotation":0,"texture":"#0","tintindex":0},"east":{"uv":[8.125,7.0,8.25,7.25],"rotation":0,"texture":"#0","tintindex":0},"north":{"uv":[8.125,6.5,8.25,6.75],"rotation":0,"texture":"#0","tintindex":0},"south":{"uv":[8.125,7.25,8.25,7.5],"rotation":0,"texture":"#0","tintindex":0},"up":{"uv":[3.5,8.75,3.375,8.625],"rotation":0,"texture":"#0","tintindex":0},"west":{"uv":[1.875,8.25,2.0,8.5],"rotation":0,"texture":"#0","tintindex":0}}},{"name":"cube","from":[7.85,4.7749996,6.8599997],"to":[8.9,5.7649994,7.31],"rotation":{"angle":0.0,"axis":"x","origin":[8.3,5.869999,7.7599998]},"faces":{"down":{"uv":[2.75,8.25,2.5,8.375],"rotation":0,"texture":"#0","tintindex":0},"east":{"uv":[2.0,8.25,2.125,8.5],"rotation":0,"texture":"#0","tintindex":0},"north":{"uv":[7.375,3.0,7.625,3.25],"rotation":0,"texture":"#0","tintindex":0},"south":{"uv":[7.375,3.25,7.625,3.5],"rotation":0,"texture":"#0","tintindex":0},"up":{"uv":[2.5,8.375,2.25,8.25],"rotation":0,"texture":"#0","tintindex":0},"west":{"uv":[2.125,8.25,2.25,8.5],"rotation":0,"texture":"#0","tintindex":0}}},{"name":"cube","from":[8.15,5.7649994,6.8599997],"to":[8.9,6.1549997,7.31],"rotation":{"angle":0.0,"axis":"x","origin":[8.45,6.8599987,7.7599998]},"faces":{"down":{"uv":[4.375,8.625,4.25,8.75],"rotation":0,"texture":"#0","tintindex":0},"east":{"uv":[3.75,8.625,3.875,8.75],"rotation":0,"texture":"#0","tintindex":0},"north":{"uv":[3.625,8.625,3.75,8.75],"rotation":0,"texture":"#0","tintindex":0},"south":{"uv":[3.875,8.625,4.0,8.75],"rotation":0,"texture":"#0","tintindex":0},"up":{"uv":[4.25,8.75,4.125,8.625],"rotation":0,"texture":"#0","tintindex":0},"west":{"uv":[4.0,8.625,4.125,8.75],"rotation":0,"texture":"#0","tintindex":0}}},{"name":"cube","from":[8.3,6.1549997,6.8599997],"to":[9.2,6.694999,7.61],"rotation":{"angle":0.0,"axis":"x","origin":[8.9,7.25,7.7599998]},"faces":{"down":{"uv":[4.125,8.25,3.875,8.375],"rotation":0,"texture":"#0","tintindex":0},"east":{"uv":[4.375,8.625,4.5,8.75],"rotation":0,"texture":"#0","tintindex":0},"north":{"uv":[3.125,8.25,3.375,8.375],"rotation":0,"texture":"#0","tintindex":0},"south":{"uv":[3.375,8.25,3.625,8.375],"rotation":0,"texture":"#0","tintindex":0},"up":{"uv":[3.875,8.375,3.625,8.25],"rotation":0,"texture":"#0","tintindex":0},"west":{"uv":[4.5,8.625,4.625,8.75],"rotation":0,"texture":"#0","tintindex":0}}},{"name":"cube","from":[8.3,7.0549994,6.8599997],"to":[9.5,7.5949993,7.7599998],"rotation":{"angle":0.0,"axis":"x","origin":[9.2,8.15,7.7599998]},"faces":{"down":{"uv":[7.625,4.25,7.375,4.5],"rotation":0,"texture":"#0","tintindex":0},"east":{"uv":[4.375,8.25,4.625,8.375],"rotation":0,"texture":"#0","tintindex":0},"north":{"uv":[4.125,8.25,4.375,8.375],"rotation":0,"texture":"#0","tintindex":0},"south":{"uv":[4.625,8.25,4.875,8.375],"rotation":0,"texture":"#0","tintindex":0},"up":{"uv":[7.625,4.25,7.375,4.0],"rotation":0,"texture":"#0","tintindex":0},"west":{"uv":[4.875,8.25,5.125,8.375],"rotation":0,"texture":"#0","tintindex":0}}},{"name":"cube","from":[9.2,6.365,6.8599997],"to":[9.35,6.754999,7.46],"rotation":{"angle":0.0,"axis":"x","origin":[9.8,7.309999,7.7599998]},"faces":{"down":{"uv":[5.375,8.625,5.25,8.75],"rotation":0,"texture":"#0","tintindex":0},"east":{"uv":[4.75,8.625,4.875,8.75],"rotation":0,"texture":"#0","tintindex":0},"north":{"uv":[4.625,8.625,4.75,8.75],"rotation":0,"texture":"#0","tintindex":0},"south":{"uv":[4.875,8.625,5.0,8.75],"rotation":0,"texture":"#0","tintindex":0},"up":{"uv":[5.25,8.75,5.125,8.625],"rotation":0,"texture":"#0","tintindex":0},"west":{"uv":[5.0,8.625,5.125,8.75],"rotation":0,"texture":"#0","tintindex":0}}},{"name":"cube","from":[9.5,7.265,6.8599997],"to":[9.8,7.6549997,7.61],"rotation":{"angle":0.0,"axis":"x","origin":[10.4,8.209999,7.7599998]},"faces":{"down":{"uv":[6.125,8.625,6.0,8.75],"rotation":0,"texture":"#0","tintindex":0},"east":{"uv":[5.5,8.625,5.625,8.75],"rotation":0,"texture":"#0","tintindex":0},"north":{"uv":[5.375,8.625,5.5,8.75],"rotation":0,"texture":"#0","tintindex":0},"south":{"uv":[5.625,8.625,5.75,8.75],"rotation":0,"texture":"#0","tintindex":0},"up":{"uv":[6.0,8.75,5.875,8.625],"rotation":0,"texture":"#0","tintindex":0},"west":{"uv":[5.75,8.625,5.875,8.75],"rotation":0,"texture":"#0","tintindex":0}}}],"display":{"head":{"translation":[0.0,-6.4,0.0],"rotation":[0.0,0.0,0.0],"scale":[3.8095,3.8095,3.8095]}}}