{"credit":"mctowncraft,QQ:1447709546","textures":{"particle":"cosmetic:background/mctown_pandaplush"},"elements":[{"from":[6,9,6.5],"to":[10,12,9.5],"rotation":{"angle":0,"axis":"y","origin":[14,17,14.5]},"faces":{"north":{"uv":[0.33333,2.33333,3,4.33333],"texture":"#particle"},"east":{"uv":[5,2.33333,3,4.33333],"texture":"#particle"},"south":{"uv":[5,2.33333,7.66667,4.33333],"texture":"#particle"},"west":{"uv":[3,2.33333,5,4.33333],"texture":"#particle"},"up":{"uv":[3,2.33333,0.33333,0.33333],"texture":"#particle"},"down":{"uv":[3,6.33333,0.33333,4.33333],"texture":"#particle"}}},{"from":[7.5,9.5,6.25],"to":[8.5,10,6.75],"rotation":{"angle":0,"axis":"y","origin":[15.5,17.5,14.25]},"faces":{"north":{"uv":[3.66667,0.66667,4.33333,1],"texture":"#particle"},"east":{"uv":[4.66667,0.66667,4.33333,1],"texture":"#particle"},"west":{"uv":[4.33333,0.66667,4.66667,1],"texture":"#particle"},"up":{"uv":[4.33333,0.66667,3.66667,0.33333],"texture":"#particle"},"down":{"uv":[4.33333,1.33333,3.66667,1],"texture":"#particle"}}},{"from":[5,11,8],"to":[7,13,8.5],"rotation":{"angle":0,"axis":"y","origin":[13,19,16]},"faces":{"north":{"uv":[8.66667,4.33333,10,5.66667],"texture":"#particle"},"east":{"uv":[8.33333,4.33333,8.66667,5.66667],"texture":"#particle"},"south":{"uv":[10.33333,4.33333,11.66667,5.66667],"texture":"#particle"},"west":{"uv":[10,4.33333,10.33333,5.66667],"texture":"#particle"},"up":{"uv":[10,4.33333,8.66667,4],"texture":"#particle"},"down":{"uv":[10,6,8.66667,5.66667],"texture":"#particle"}}},{"from":[9,11,8],"to":[11,13,8.5],"rotation":{"angle":0,"axis":"y","origin":[17,19,16]},"faces":{"north":{"uv":[8.66667,4.33333,10,5.66667],"texture":"#particle"},"east":{"uv":[8.33333,4.33333,8.66667,5.66667],"texture":"#particle"},"south":{"uv":[10.33333,4.33333,11.66667,5.66667],"texture":"#particle"},"west":{"uv":[10,4.33333,10.33333,5.66667],"texture":"#particle"},"up":{"uv":[10,4.33333,8.66667,4],"texture":"#particle"},"down":{"uv":[10,6,8.66667,5.66667],"texture":"#particle"}}},{"from":[6,6,7],"to":[10,9,9],"rotation":{"angle":0,"axis":"y","origin":[14,14,15]},"faces":{"north":{"uv":[0.33333,7,3,9],"texture":"#particle"},"east":{"uv":[4.33333,7,3,9],"texture":"#particle"},"south":{"uv":[4.33333,7,7,9],"texture":"#particle"},"west":{"uv":[3,7,4.33333,9],"texture":"#particle"},"down":{"uv":[3,10.33333,0.33333,9],"texture":"#particle"}}},{"from":[5.5,4.5,6],"to":[7.5,6.5,8],"rotation":{"angle":0,"axis":"y","origin":[13.5,12.5,14]},"faces":{"north":{"uv":[1.66667,12.33333,3,13.66667],"texture":"#particle"},"east":{"uv":[0.33333,12.33333,1.66667,13.66667],"texture":"#particle"},"south":{"uv":[4.33333,12.33333,5.66667,13.66667],"texture":"#particle"},"west":{"uv":[3,12.33333,4.33333,13.66667],"texture":"#particle"},"up":{"uv":[3,12.33333,1.66667,11],"texture":"#particle"},"down":{"uv":[3,15,1.66667,13.66667],"texture":"#particle"}}},{"from":[8.5,4.5,6],"to":[10.5,6.5,8],"rotation":{"angle":0,"axis":"y","origin":[16.5,12.5,14]},"faces":{"north":{"uv":[1.66667,12.33333,3,13.66667],"texture":"#particle"},"east":{"uv":[0.33333,12.33333,1.66667,13.66667],"texture":"#particle"},"south":{"uv":[4.33333,12.33333,5.66667,13.66667],"texture":"#particle"},"west":{"uv":[3,12.33333,4.33333,13.66667],"texture":"#particle"},"up":{"uv":[3,12.33333,1.66667,11],"texture":"#particle"},"down":{"uv":[3,15,1.66667,13.66667],"texture":"#particle"}}},{"from":[0.5939,9.10998,7.25],"to":[3.0939,10.60998,8.75],"rotation":{"angle":22.5,"axis":"z","origin":[8.5939,17.10998,15.25]},"faces":{"north":{"uv":[8.33333,1.33333,10,2.33333],"texture":"#particle"},"south":{"uv":[11,1.33333,12.66667,2.33333],"texture":"#particle"},"west":{"uv":[10,1.33333,11,2.33333],"texture":"#particle"},"up":{"uv":[10,1.33333,8.33333,0.33333],"texture":"#particle"},"down":{"uv":[10,3.33333,8.33333,2.33333],"texture":"#particle"}}},{"from":[12.9061,9.10998,7.25],"to":[15.4061,10.60998,8.75],"rotation":{"angle":-22.5,"axis":"z","origin":[7.4061,17.10998,15.25]},"faces":{"north":{"uv":[10,1.33333,8.33333,2.33333],"texture":"#particle"},"east":{"uv":[11,1.33333,10,2.33333],"texture":"#particle"},"south":{"uv":[12.66667,1.33333,11,2.33333],"texture":"#particle"},"up":{"uv":[8.33333,1.33333,10,0.33333],"texture":"#particle"},"down":{"uv":[8.33333,3.33333,10,2.33333],"texture":"#particle"}}},{"from":[13.87848,3.44375,6.75],"to":[14.87848,6.44375,7.75],"rotation":{"angle":-22.5,"axis":"z","origin":[19.87848,11.94375,15.25]},"faces":{"north":{"uv":[13,3.66667,13.66667,5.66667],"texture":"#particle"},"east":{"uv":[12.33333,3.66667,13,5.66667],"texture":"#particle"},"south":{"uv":[14.33333,3.66667,15,5.66667],"texture":"#particle"},"west":{"uv":[13.66667,3.66667,14.33333,5.66667],"texture":"#particle"},"up":{"uv":[13.66667,3.66667,13,3],"texture":"#particle"},"down":{"uv":[13.66667,6.33333,13,5.66667],"texture":"#particle"}}},{"from":[14.87848,4.44375,7.25],"to":[16.87848,7.44375,7.26],"rotation":{"angle":-22.5,"axis":"z","origin":[19.87848,11.94375,15.25]},"faces":{"north":{"uv":[13.33333,0.33333,14.66667,2.33333],"texture":"#particle"},"south":{"uv":[14.66667,0.33333,13.33333,2.33333],"texture":"#particle"}}}],"display":{"thirdperson_righthand":{"rotation":[70,20,-10],"translation":[0,1.5,0],"scale":[1.1,1.1,1.1]},"thirdperson_lefthand":{"rotation":[70,20,-10],"translation":[0,1.5,0],"scale":[1.1,1.1,1.1]},"firstperson_righthand":{"rotation":[5,120,5],"translation":[0,4,0]},"firstperson_lefthand":{"scale":[0,0,0]},"ground":{"rotation":[30,45,0]},"gui":{"rotation":[30,-135,0],"translation":[0.25,0,0]},"head":{"rotation":[11,-180,0],"translation":[0,-53.25,8],"scale":[3.49,3.49,3.49]},"fixed":{"rotation":[-90,0,0],"translation":[0,0,-12],"scale":[3,3,3]}}}