{"credit":"MadewithBlockbench","texture_size":[64,64],"textures":{"0":"cosmetic:background/mctown_wither","particle":"cosmetic:background/mctown_wither"},"elements":[{"from":[3,-3,6],"to":[13,1,11],"faces":{"north":{"uv":[9.75,1.25,12.25,2.25],"texture":"#0"},"east":{"uv":[8.5,1.25,9.75,2.25],"texture":"#0"},"south":{"uv":[13.5,1.25,16,2.25],"texture":"#0"},"west":{"uv":[12.25,1.25,13.5,2.25],"texture":"#0"},"up":{"uv":[12.25,1.25,9.75,0],"texture":"#0"},"down":{"uv":[14.75,0,12.25,1.25],"texture":"#0"}}},{"from":[7,-10,10.5],"to":[9,-8,11.5],"faces":{"north":{"uv":[0.25,6.75,0.75,7.25],"texture":"#0"},"east":{"uv":[0,6.75,0.25,7.25],"texture":"#0"},"south":{"uv":[1,6.75,1.5,7.25],"texture":"#0"},"west":{"uv":[0.75,6.75,1,7.25],"texture":"#0"},"up":{"uv":[0.75,6.75,0.25,6.5],"texture":"#0"},"down":{"uv":[1.25,6.5,0.75,6.75],"texture":"#0"}}},{"from":[7,-8,10.1],"to":[9,-6,11.1],"faces":{"north":{"uv":[0.25,6.75,0.75,7.25],"texture":"#0"},"east":{"uv":[0,6.75,0.25,7.25],"texture":"#0"},"south":{"uv":[1,6.75,1.5,7.25],"texture":"#0"},"west":{"uv":[0.75,6.75,1,7.25],"texture":"#0"},"up":{"uv":[0.75,6.75,0.25,6.5],"texture":"#0"},"down":{"uv":[1.25,6.5,0.75,6.75],"texture":"#0"}}},{"from":[7,-4,10.1],"to":[9,-2,11.1],"faces":{"north":{"uv":[0.25,6.75,0.75,7.25],"texture":"#0"},"east":{"uv":[0,6.75,0.25,7.25],"texture":"#0"},"south":{"uv":[1,6.75,1.5,7.25],"texture":"#0"},"west":{"uv":[0.75,6.75,1,7.25],"texture":"#0"},"up":{"uv":[0.75,6.75,0.25,6.5],"texture":"#0"},"down":{"uv":[1.25,6.5,0.75,6.75],"texture":"#0"}}},{"from":[7,-6,10.5],"to":[9,-4,11.5],"faces":{"north":{"uv":[0.25,6.75,0.75,7.25],"texture":"#0"},"east":{"uv":[0,6.75,0.25,7.25],"texture":"#0"},"south":{"uv":[1,6.75,1.5,7.25],"texture":"#0"},"west":{"uv":[0.75,6.75,1,7.25],"texture":"#0"},"up":{"uv":[0.75,6.75,0.25,6.5],"texture":"#0"},"down":{"uv":[1.25,6.5,0.75,6.75],"texture":"#0"}}},{"from":[7,-2,10.5],"to":[9,0,11.5],"faces":{"north":{"uv":[0.25,6.75,0.75,7.25],"texture":"#0"},"east":{"uv":[0,6.75,0.25,7.25],"texture":"#0"},"south":{"uv":[1,6.75,1.5,7.25],"texture":"#0"},"west":{"uv":[0.75,6.75,1,7.25],"texture":"#0"},"up":{"uv":[0.75,6.75,0.25,6.5],"texture":"#0"},"down":{"uv":[1.25,6.5,0.75,6.75],"texture":"#0"}}},{"from":[6,-12,10],"to":[10,-10,11],"faces":{"north":{"uv":[7.25,6.25,8.25,6.75],"texture":"#0"},"east":{"uv":[7,6.25,7.25,6.75],"texture":"#0"},"south":{"uv":[8.5,6.25,9.5,6.75],"texture":"#0"},"west":{"uv":[8.25,6.25,8.5,6.75],"texture":"#0"},"up":{"uv":[8.25,6.25,7.25,6],"texture":"#0"},"down":{"uv":[9.25,6,8.25,6.25],"texture":"#0"}}},{"from":[3.5,-5.5,10],"to":[8.5,-3.5,11],"rotation":{"angle":22.5,"axis":"z","origin":[8,-5.5,11]},"faces":{"north":{"uv":[4,2.5,5.25,3],"texture":"#0"},"east":{"uv":[3.75,2.5,4,3],"texture":"#0"},"south":{"uv":[5.5,2.5,6.75,3],"texture":"#0"},"west":{"uv":[5.25,2.5,5.5,3],"texture":"#0"},"up":{"uv":[5.25,2.5,4,2.25],"texture":"#0"},"down":{"uv":[6.5,2.25,5.25,2.5],"texture":"#0"}}},{"from":[3.5,-5.5,6],"to":[4.5,-3.5,10],"rotation":{"angle":22.5,"axis":"z","origin":[8,-5.5,11]},"faces":{"north":{"uv":[1,4.25,1.25,4.75],"texture":"#0"},"east":{"uv":[0,4.25,1,4.75],"texture":"#0"},"south":{"uv":[2.25,4.25,2.5,4.75],"texture":"#0"},"west":{"uv":[1.25,4.25,2.25,4.75],"texture":"#0"},"up":{"uv":[1.25,4.25,1,3.25],"texture":"#0"},"down":{"uv":[1.5,3.25,1.25,4.25],"texture":"#0"}}},{"from":[4.5,-5.5,6],"to":[5.5,-3.5,7],"rotation":{"angle":22.5,"axis":"z","origin":[8,-5.5,11]},"faces":{"north":{"uv":[0.25,1.5,0.5,2],"texture":"#0"},"east":{"uv":[0,1.5,0.25,2],"texture":"#0"},"south":{"uv":[0.75,1.5,1,2],"texture":"#0"},"west":{"uv":[0.5,1.5,0.75,2],"texture":"#0"},"up":{"uv":[0.5,1.5,0.25,1.25],"texture":"#0"},"down":{"uv":[0.75,1.25,0.5,1.5],"texture":"#0"}}},{"from":[2.5,-8.5,10],"to":[7.5,-6.5,11],"rotation":{"angle":22.5,"axis":"z","origin":[8,-5.5,11]},"faces":{"north":{"uv":[4,2.5,5.25,3],"texture":"#0"},"east":{"uv":[3.75,2.5,4,3],"texture":"#0"},"south":{"uv":[5.5,2.5,6.75,3],"texture":"#0"},"west":{"uv":[5.25,2.5,5.5,3],"texture":"#0"},"up":{"uv":[5.25,2.5,4,2.25],"texture":"#0"},"down":{"uv":[6.5,2.25,5.25,2.5],"texture":"#0"}}},{"from":[2.5,-8.5,6],"to":[3.5,-6.5,10],"rotation":{"angle":22.5,"axis":"z","origin":[8,-5.5,11]},"faces":{"north":{"uv":[1,4.25,1.25,4.75],"texture":"#0"},"east":{"uv":[0,4.25,1,4.75],"texture":"#0"},"south":{"uv":[2.25,4.25,2.5,4.75],"texture":"#0"},"west":{"uv":[1.25,4.25,2.25,4.75],"texture":"#0"},"up":{"uv":[1.25,4.25,1,3.25],"texture":"#0"},"down":{"uv":[1.5,3.25,1.25,4.25],"texture":"#0"}}},{"from":[3.5,-8.5,6],"to":[4.5,-6.5,7],"rotation":{"angle":22.5,"axis":"z","origin":[8,-5.5,11]},"faces":{"north":{"uv":[0.25,1.5,0.5,2],"texture":"#0"},"east":{"uv":[0,1.5,0.25,2],"texture":"#0"},"south":{"uv":[0.75,1.5,1,2],"texture":"#0"},"west":{"uv":[0.5,1.5,0.75,2],"texture":"#0"},"up":{"uv":[0.5,1.5,0.25,1.25],"texture":"#0"},"down":{"uv":[0.75,1.25,0.5,1.5],"texture":"#0"}}},{"from":[11.5,-5.5,6],"to":[12.5,-3.5,10],"shade":false,"rotation":{"angle":-22.5,"axis":"z","origin":[8,-5.5,11]},"faces":{"north":{"uv":[1.25,4.25,1,4.75],"texture":"#0"},"east":{"uv":[2.25,4.25,1.25,4.75],"texture":"#0"},"south":{"uv":[2.5,4.25,2.25,4.75],"texture":"#0"},"west":{"uv":[1,4.25,0,4.75],"texture":"#0"},"up":{"uv":[1,4.25,1.25,3.25],"texture":"#0"},"down":{"uv":[1.25,3.25,1.5,4.25],"texture":"#0"}}},{"from":[7.5,-5.5,10],"to":[12.5,-3.5,11],"shade":false,"rotation":{"angle":-22.5,"axis":"z","origin":[8,-5.5,11]},"faces":{"north":{"uv":[5.25,2.5,4,3],"texture":"#0"},"east":{"uv":[5.5,2.5,5.25,3],"texture":"#0"},"south":{"uv":[6.75,2.5,5.5,3],"texture":"#0"},"west":{"uv":[4,2.5,3.75,3],"texture":"#0"},"up":{"uv":[4,2.5,5.25,2.25],"texture":"#0"},"down":{"uv":[5.25,2.25,6.5,2.5],"texture":"#0"}}},{"from":[10.5,-5.5,6],"to":[11.5,-3.5,7],"shade":false,"rotation":{"angle":-22.5,"axis":"z","origin":[8,-5.5,11]},"faces":{"north":{"uv":[0.5,1.5,0.25,2],"texture":"#0"},"east":{"uv":[0.75,1.5,0.5,2],"texture":"#0"},"south":{"uv":[1,1.5,0.75,2],"texture":"#0"},"west":{"uv":[0.25,1.5,0,2],"texture":"#0"},"up":{"uv":[0.25,1.5,0.5,1.25],"texture":"#0"},"down":{"uv":[0.5,1.25,0.75,1.5],"texture":"#0"}}},{"from":[11.5,-8.5,6],"to":[12.5,-6.5,7],"shade":false,"rotation":{"angle":-22.5,"axis":"z","origin":[8,-5.5,11]},"faces":{"north":{"uv":[0.5,1.5,0.25,2],"texture":"#0"},"east":{"uv":[0.75,1.5,0.5,2],"texture":"#0"},"south":{"uv":[1,1.5,0.75,2],"texture":"#0"},"west":{"uv":[0.25,1.5,0,2],"texture":"#0"},"up":{"uv":[0.25,1.5,0.5,1.25],"texture":"#0"},"down":{"uv":[0.5,1.25,0.75,1.5],"texture":"#0"}}},{"from":[12.5,-8.5,6],"to":[13.5,-6.5,10],"shade":false,"rotation":{"angle":-22.5,"axis":"z","origin":[8,-5.5,11]},"faces":{"north":{"uv":[1.25,4.25,1,4.75],"texture":"#0"},"east":{"uv":[2.25,4.25,1.25,4.75],"texture":"#0"},"south":{"uv":[2.5,4.25,2.25,4.75],"texture":"#0"},"west":{"uv":[1,4.25,0,4.75],"texture":"#0"},"up":{"uv":[1,4.25,1.25,3.25],"texture":"#0"},"down":{"uv":[1.25,3.25,1.5,4.25],"texture":"#0"}}},{"from":[8.5,-8.5,10],"to":[13.5,-6.5,11],"shade":false,"rotation":{"angle":-22.5,"axis":"z","origin":[8,-5.5,11]},"faces":{"north":{"uv":[5.25,2.5,4,3],"texture":"#0"},"east":{"uv":[5.5,2.5,5.25,3],"texture":"#0"},"south":{"uv":[6.75,2.5,5.5,3],"texture":"#0"},"west":{"uv":[4,2.5,3.75,3],"texture":"#0"},"up":{"uv":[4,2.5,5.25,2.25],"texture":"#0"},"down":{"uv":[5.25,2.25,6.5,2.5],"texture":"#0"}}},{"from":[5,-4,6],"to":[11,-3,7],"faces":{"north":{"uv":[4.75,0.25,6.25,0.5],"texture":"#0"},"east":{"uv":[4.5,0.25,4.75,0.5],"texture":"#0"},"south":{"uv":[6.5,0.25,8,0.5],"texture":"#0"},"west":{"uv":[6.25,0.25,6.5,0.5],"texture":"#0"},"up":{"uv":[6.25,0.25,4.75,0],"texture":"#0"},"down":{"uv":[7.75,0,6.25,0.25],"texture":"#0"}}},{"from":[11.99,-1.01,5.99],"to":[17.01,3.01,11.01],"rotation":{"angle":22.5,"axis":"z","origin":[13,1,8.5]},"faces":{"north":{"uv":[12.25,4.75,13.5,5.75],"texture":"#0"},"east":{"uv":[11,4.75,12.25,5.75],"texture":"#0"},"south":{"uv":[14.75,4.75,16,5.75],"texture":"#0"},"west":{"uv":[13.5,4.75,14.75,5.75],"texture":"#0"},"up":{"uv":[13.5,4.75,12.25,3.5],"texture":"#0"},"down":{"uv":[14.75,3.5,13.5,4.75],"texture":"#0"}}},{"from":[-1.01,-1.01,5.99],"to":[4.01,3.01,11.01],"shade":false,"rotation":{"angle":-22.5,"axis":"z","origin":[3,1,8.5]},"faces":{"north":{"uv":[13.5,4.75,12.25,5.75],"texture":"#0"},"east":{"uv":[14.75,4.75,13.5,5.75],"texture":"#0"},"south":{"uv":[16,4.75,14.75,5.75],"texture":"#0"},"west":{"uv":[12.25,4.75,11,5.75],"texture":"#0"},"up":{"uv":[12.25,4.75,13.5,3.5],"texture":"#0"},"down":{"uv":[13.5,3.5,14.75,4.75],"texture":"#0"}}},{"from":[-4.51522,3.47744,6.99],"to":[0.50478,5.49744,10.01],"shade":false,"rotation":{"angle":-45,"axis":"z","origin":[-3.00522,3.48744,8.5]},"faces":{"north":{"uv":[13,8,11.75,8.5],"texture":"#0"},"east":{"uv":[13.75,8,13,8.5],"texture":"#0"},"south":{"uv":[15,8,13.75,8.5],"texture":"#0"},"west":{"uv":[11.75,8,11,8.5],"texture":"#0"},"up":{"uv":[11.75,8,13,7.25],"texture":"#0"},"down":{"uv":[13,7.25,14.25,8],"texture":"#0"}}},{"from":[-4.80811,7.18455,7.49],"to":[-3.78811,8.20455,9.51],"shade":false,"rotation":{"angle":-22.5,"axis":"z","origin":[-2.29811,4.19455,8]},"faces":{"north":{"uv":[9,9.25,8.75,9.5],"texture":"#0"},"east":{"uv":[9.5,9.25,9,9.5],"texture":"#0"},"south":{"uv":[9.75,9.25,9.5,9.5],"texture":"#0"},"west":{"uv":[8.75,9.25,8.25,9.5],"texture":"#0"},"up":{"uv":[8.75,9.25,9,8.75],"texture":"#0"},"down":{"uv":[9,8.75,9.25,9.25],"texture":"#0"}}},{"from":[-3.80811,4.18455,7.49],"to":[-1.78811,8.20455,9.51],"shade":false,"rotation":{"angle":-22.5,"axis":"z","origin":[-2.29811,4.19455,8]},"faces":{"north":{"uv":[12.75,10,12.25,11],"texture":"#0"},"east":{"uv":[13.25,10,12.75,11],"texture":"#0"},"south":{"uv":[13.75,10,13.25,11],"texture":"#0"},"west":{"uv":[12.25,10,11.75,11],"texture":"#0"},"up":{"uv":[12.25,10,12.75,9.5],"texture":"#0"},"down":{"uv":[12.75,9.5,13.25,10],"texture":"#0"}}},{"from":[17.78811,4.18455,7.49],"to":[19.80811,8.20455,9.51],"rotation":{"angle":22.5,"axis":"z","origin":[18.29811,4.19455,8]},"faces":{"north":{"uv":[12.25,10,12.75,11],"texture":"#0"},"east":{"uv":[11.75,10,12.25,11],"texture":"#0"},"south":{"uv":[13.25,10,13.75,11],"texture":"#0"},"west":{"uv":[12.75,10,13.25,11],"texture":"#0"},"up":{"uv":[12.75,10,12.25,9.5],"texture":"#0"},"down":{"uv":[13.25,9.5,12.75,10],"texture":"#0"}}},{"from":[19.78811,7.18455,7.49],"to":[20.80811,8.20455,9.51],"rotation":{"angle":22.5,"axis":"z","origin":[18.29811,4.19455,8]},"faces":{"north":{"uv":[8.75,9.25,9,9.5],"texture":"#0"},"east":{"uv":[8.25,9.25,8.75,9.5],"texture":"#0"},"south":{"uv":[9.5,9.25,9.75,9.5],"texture":"#0"},"west":{"uv":[9,9.25,9.5,9.5],"texture":"#0"},"up":{"uv":[9,9.25,8.75,8.75],"texture":"#0"},"down":{"uv":[9.25,8.75,9,9.25],"texture":"#0"}}},{"from":[15.49522,3.47744,6.99],"to":[20.51522,5.49744,10.01],"rotation":{"angle":45,"axis":"z","origin":[19.00522,3.48744,8.5]},"faces":{"north":{"uv":[11.75,8,13,8.5],"texture":"#0"},"east":{"uv":[11,8,11.75,8.5],"texture":"#0"},"south":{"uv":[13.75,8,15,8.5],"texture":"#0"},"west":{"uv":[13,8,13.75,8.5],"texture":"#0"},"up":{"uv":[13,8,11.75,7.25],"texture":"#0"},"down":{"uv":[14.25,7.25,13,8],"texture":"#0"}}}],"display":{"thirdperson_righthand":{"translation":[0,4.5,0],"scale":[0.25,0.25,0.25]},"thirdperson_lefthand":{"translation":[0,4.5,0],"scale":[0.25,0.25,0.25]},"firstperson_righthand":{"translation":[0,2.25,0],"scale":[0.25,0.25,0.25]},"firstperson_lefthand":{"translation":[0,2.25,0],"scale":[0.25,0.25,0.25]},"ground":{"translation":[0,2.5,0],"scale":[0.25,0.25,0.25]},"gui":{"rotation":[30,-135,0],"translation":[0,4,0],"scale":[0.6,0.6,0.6]},"head":{"rotation":[0,-1,0],"translation":[0,-30,-0.5],"scale":[1.65,1.65,1.65]},"fixed":{"translation":[0,7.75,-2.25],"scale":[0.8,0.8,0.8]}}}