{"credit":"mctowncraft,QQ:1447709546","texture_size":[64,64],"textures":{"0":"cosmetic:background/mctown_traveler","particle":"cosmetic:background/mctown_traveler"},"elements":[{"from":[2,0.5,7.5],"to":[3,1.5,15.5],"rotation":{"angle":-22.5,"axis":"x","origin":[2.5,1.5,10]},"faces":{"north":{"uv":[8.75,7,9,7.25],"texture":"#0"},"east":{"uv":[6.75,7,8.75,7.25],"texture":"#0"},"south":{"uv":[11,7,11.25,7.25],"texture":"#0"},"west":{"uv":[9,7,11,7.25],"texture":"#0"},"up":{"uv":[9,7,8.75,5],"texture":"#0"},"down":{"uv":[9.25,5,9,7],"texture":"#0"}}},{"from":[13,0.5,8.5],"to":[14,1.5,16.5],"rotation":{"angle":-22.5,"axis":"x","origin":[2.5,1.5,10]},"faces":{"north":{"uv":[8.75,7,9,7.25],"texture":"#0"},"east":{"uv":[6.75,7,8.75,7.25],"texture":"#0"},"south":{"uv":[11,7,11.25,7.25],"texture":"#0"},"west":{"uv":[9,7,11,7.25],"texture":"#0"},"up":{"uv":[9,7,8.75,5],"texture":"#0"},"down":{"uv":[9.25,5,9,7],"texture":"#0"}}},{"from":[2,-1.5,15.5],"to":[3,3.5,16.5],"rotation":{"angle":-22.5,"axis":"x","origin":[2.5,1.5,10]},"faces":{"north":{"uv":[4.25,12.5,4.5,13.75],"texture":"#0"},"east":{"uv":[4,12.5,4.25,13.75],"texture":"#0"},"south":{"uv":[4.75,12.5,5,13.75],"texture":"#0"},"west":{"uv":[4.5,12.5,4.75,13.75],"texture":"#0"},"up":{"uv":[4.5,12.5,4.25,12.25],"texture":"#0"},"down":{"uv":[4.75,12.25,4.5,12.5],"texture":"#0"}}},{"from":[2,2.5,14.5],"to":[3,4.5,15.5],"rotation":{"angle":-22.5,"axis":"x","origin":[2.5,1.5,10]},"faces":{"north":{"uv":[1.5,12,1.75,12.5],"texture":"#0"},"east":{"uv":[1.25,12,1.5,12.5],"texture":"#0"},"south":{"uv":[2,12,2.25,12.5],"texture":"#0"},"west":{"uv":[1.75,12,2,12.5],"texture":"#0"},"up":{"uv":[1.75,12,1.5,11.75],"texture":"#0"},"down":{"uv":[2,11.75,1.75,12],"texture":"#0"}}},{"from":[2,-2.5,14.5],"to":[3,-0.5,15.5],"rotation":{"angle":-22.5,"axis":"x","origin":[2.5,1.5,10]},"faces":{"north":{"uv":[1.5,12,1.75,12.5],"texture":"#0"},"east":{"uv":[1.25,12,1.5,12.5],"texture":"#0"},"south":{"uv":[2,12,2.25,12.5],"texture":"#0"},"west":{"uv":[1.75,12,2,12.5],"texture":"#0"},"up":{"uv":[1.75,12,1.5,11.75],"texture":"#0"},"down":{"uv":[2,11.75,1.75,12],"texture":"#0"}}},{"from":[3,-7,6.5],"to":[13,6,12.5],"rotation":{"angle":0,"axis":"y","origin":[8,3,9.75]},"faces":{"north":{"uv":[9.5,10.25,12,13.5],"texture":"#0"},"east":{"uv":[8,10.25,9.5,13.5],"texture":"#0"},"south":{"uv":[13.5,10.25,16,13.5],"texture":"#0"},"west":{"uv":[12,10.25,13.5,13.5],"texture":"#0"},"up":{"uv":[12,10.25,9.5,8.75],"texture":"#0"},"down":{"uv":[14.5,8.75,12,10.25],"texture":"#0"}}},{"from":[3,-1,0.5],"to":[4,5,6.5],"rotation":{"angle":0,"axis":"y","origin":[8,3,9.75]},"faces":{"north":{"uv":[14,5,14.25,6.5],"texture":"#0"},"east":{"uv":[12.5,5,14,6.5],"texture":"#0"},"south":{"uv":[15.75,5,16,6.5],"texture":"#0"},"west":{"uv":[14.25,5,15.75,6.5],"texture":"#0"},"up":{"uv":[14.25,5,14,3.5],"texture":"#0"},"down":{"uv":[14.5,3.5,14.25,5],"texture":"#0"}}},{"from":[12,-1,0.5],"to":[13,5,6.5],"rotation":{"angle":0,"axis":"y","origin":[8,3,9.75]},"faces":{"north":{"uv":[14,5,14.25,6.5],"texture":"#0"},"east":{"uv":[12.5,5,14,6.5],"texture":"#0"},"south":{"uv":[15.75,5,16,6.5],"texture":"#0"},"west":{"uv":[14.25,5,15.75,6.5],"texture":"#0"},"up":{"uv":[14.25,5,14,3.5],"texture":"#0"},"down":{"uv":[14.5,3.5,14.25,5],"texture":"#0"}}},{"from":[2,-10,8],"to":[14,-7,11],"rotation":{"angle":0,"axis":"y","origin":[8,3,9.75]},"faces":{"north":{"uv":[9.25,8,12.25,8.75],"texture":"#0"},"east":{"uv":[8.5,8,9.25,8.75],"texture":"#0"},"south":{"uv":[13,8,16,8.75],"texture":"#0"},"west":{"uv":[12.25,8,13,8.75],"texture":"#0"},"up":{"uv":[12.25,8,9.25,7.25],"texture":"#0"},"down":{"uv":[15.25,7.25,12.25,8],"texture":"#0"}}},{"from":[4,-10.5,7.5],"to":[5,-6.5,11.5],"rotation":{"angle":0,"axis":"y","origin":[8,3,9.75]},"faces":{"north":{"uv":[5.5,7.25,5.75,8.25],"texture":"#0"},"east":{"uv":[4.5,7.25,5.5,8.25],"texture":"#0"},"south":{"uv":[6.75,7.25,7,8.25],"texture":"#0"},"west":{"uv":[5.75,7.25,6.75,8.25],"texture":"#0"},"up":{"uv":[5.75,7.25,5.5,6.25],"texture":"#0"},"down":{"uv":[6,6.25,5.75,7.25],"texture":"#0"}}},{"from":[11,-10.5,7.5],"to":[12,-6.5,11.5],"rotation":{"angle":0,"axis":"y","origin":[8,3,9.75]},"faces":{"north":{"uv":[5.5,7.25,5.75,8.25],"texture":"#0"},"east":{"uv":[4.5,7.25,5.5,8.25],"texture":"#0"},"south":{"uv":[6.75,7.25,7,8.25],"texture":"#0"},"west":{"uv":[5.75,7.25,6.75,8.25],"texture":"#0"},"up":{"uv":[5.75,7.25,5.5,6.25],"texture":"#0"},"down":{"uv":[6,6.25,5.75,7.25],"texture":"#0"}}},{"from":[3,1,12.5],"to":[13,6,13.5],"rotation":{"angle":0,"axis":"y","origin":[8,3,9.75]},"faces":{"north":{"uv":[0.25,9.75,2.75,11],"texture":"#0"},"east":{"uv":[0,9.75,0.25,11],"texture":"#0"},"south":{"uv":[3,9.75,5.5,11],"texture":"#0"},"west":{"uv":[2.75,9.75,3,11],"texture":"#0"},"up":{"uv":[2.75,9.75,0.25,9.5],"texture":"#0"},"down":{"uv":[5.25,9.5,2.75,9.75],"texture":"#0"}}},{"from":[3.5,-4,12.5],"to":[7.5,-2,14.5],"rotation":{"angle":0,"axis":"y","origin":[8,3,9.75]},"faces":{"north":{"uv":[0.5,5.5,1.5,6],"texture":"#0"},"east":{"uv":[0,5.5,0.5,6],"texture":"#0"},"south":{"uv":[2,5.5,3,6],"texture":"#0"},"west":{"uv":[1.5,5.5,2,6],"texture":"#0"},"up":{"uv":[1.5,5.5,0.5,5],"texture":"#0"},"down":{"uv":[2.5,5,1.5,5.5],"texture":"#0"}}},{"from":[4,-6,12.5],"to":[7,-4,14.5],"rotation":{"angle":0,"axis":"y","origin":[8,3,9.75]},"faces":{"north":{"uv":[7.25,9.5,8,10],"texture":"#0"},"east":{"uv":[6.75,9.5,7.25,10],"texture":"#0"},"south":{"uv":[8.5,9.5,9.25,10],"texture":"#0"},"west":{"uv":[8,9.5,8.5,10],"texture":"#0"},"up":{"uv":[8,9.5,7.25,9],"texture":"#0"},"down":{"uv":[8.75,9,8,9.5],"texture":"#0"}}},{"from":[5,-4.5,14],"to":[6,-3.5,15],"rotation":{"angle":0,"axis":"y","origin":[8,3,9.75]},"faces":{"north":{"uv":[6.75,12,7,12.25],"texture":"#0"},"east":{"uv":[6.5,12,6.75,12.25],"texture":"#0"},"south":{"uv":[7.25,12,7.5,12.25],"texture":"#0"},"west":{"uv":[7,12,7.25,12.25],"texture":"#0"},"up":{"uv":[7,12,6.75,11.75],"texture":"#0"},"down":{"uv":[7.25,11.75,7,12],"texture":"#0"}}},{"from":[8.5,-4,12.5],"to":[12.5,-2,14.5],"rotation":{"angle":0,"axis":"y","origin":[8,3,9.75]},"faces":{"north":{"uv":[0.5,5.5,1.5,6],"texture":"#0"},"east":{"uv":[0,5.5,0.5,6],"texture":"#0"},"south":{"uv":[2,5.5,3,6],"texture":"#0"},"west":{"uv":[1.5,5.5,2,6],"texture":"#0"},"up":{"uv":[1.5,5.5,0.5,5],"texture":"#0"},"down":{"uv":[2.5,5,1.5,5.5],"texture":"#0"}}},{"from":[9,-6,12.5],"to":[12,-4,14.5],"rotation":{"angle":0,"axis":"y","origin":[8,3,9.75]},"faces":{"north":{"uv":[7.25,9.5,8,10],"texture":"#0"},"east":{"uv":[6.75,9.5,7.25,10],"texture":"#0"},"south":{"uv":[8.5,9.5,9.25,10],"texture":"#0"},"west":{"uv":[8,9.5,8.5,10],"texture":"#0"},"up":{"uv":[8,9.5,7.25,9],"texture":"#0"},"down":{"uv":[8.75,9,8,9.5],"texture":"#0"}}},{"from":[10,-4.5,14],"to":[11,-3.5,15],"rotation":{"angle":0,"axis":"y","origin":[8,3,9.75]},"faces":{"north":{"uv":[6.75,12,7,12.25],"texture":"#0"},"east":{"uv":[6.5,12,6.75,12.25],"texture":"#0"},"south":{"uv":[7.25,12,7.5,12.25],"texture":"#0"},"west":{"uv":[7,12,7.25,12.25],"texture":"#0"},"up":{"uv":[7,12,6.75,11.75],"texture":"#0"},"down":{"uv":[7.25,11.75,7,12],"texture":"#0"}}},{"from":[4,0.58794,11.73744],"to":[6,6.58794,13.73744],"rotation":{"angle":0,"axis":"y","origin":[5,6.59315,13.74264]},"faces":{"north":{"uv":[6.25,3.5,6.75,5],"texture":"#0"},"east":{"uv":[5.75,3.5,6.25,5],"texture":"#0"},"south":{"uv":[7.25,3.5,7.75,5],"texture":"#0"},"west":{"uv":[6.75,3.5,7.25,5],"texture":"#0"},"up":{"uv":[6.75,3.5,6.25,3],"texture":"#0"},"down":{"uv":[7.25,3,6.75,3.5],"texture":"#0"}}},{"from":[4,-1.41206,12.23744],"to":[6,0.58794,13.23744],"rotation":{"angle":0,"axis":"y","origin":[5,6.59315,13.74264]},"faces":{"north":{"uv":[0.25,6.75,0.75,7.25],"texture":"#0"},"east":{"uv":[0,6.75,0.25,7.25],"texture":"#0"},"south":{"uv":[1,6.75,1.5,7.25],"texture":"#0"},"west":{"uv":[0.75,6.75,1,7.25],"texture":"#0"},"up":{"uv":[0.75,6.75,0.25,6.5],"texture":"#0"},"down":{"uv":[1.25,6.5,0.75,6.75],"texture":"#0"}}},{"from":[10,-1.41206,12.23744],"to":[12,0.58794,13.23744],"rotation":{"angle":0,"axis":"y","origin":[5,6.59315,13.74264]},"faces":{"north":{"uv":[0.25,6.75,0.75,7.25],"texture":"#0"},"east":{"uv":[0,6.75,0.25,7.25],"texture":"#0"},"south":{"uv":[1,6.75,1.5,7.25],"texture":"#0"},"west":{"uv":[0.75,6.75,1,7.25],"texture":"#0"},"up":{"uv":[0.75,6.75,0.25,6.5],"texture":"#0"},"down":{"uv":[1.25,6.5,0.75,6.75],"texture":"#0"}}},{"from":[10,0.58794,11.73744],"to":[12,6.58794,13.73744],"rotation":{"angle":0,"axis":"y","origin":[5,6.59315,13.74264]},"faces":{"north":{"uv":[6.25,3.5,6.75,5],"texture":"#0"},"east":{"uv":[5.75,3.5,6.25,5],"texture":"#0"},"south":{"uv":[7.25,3.5,7.75,5],"texture":"#0"},"west":{"uv":[6.75,3.5,7.25,5],"texture":"#0"},"up":{"uv":[6.75,3.5,6.25,3],"texture":"#0"},"down":{"uv":[7.25,3,6.75,3.5],"texture":"#0"}}},{"from":[4,0.58794,5.76244],"to":[6,6.58794,7.76244],"rotation":{"angle":0,"axis":"y","origin":[5,6.59315,13.74264]},"faces":{"north":{"uv":[6.25,3.5,6.75,5],"texture":"#0"},"east":{"uv":[5.75,3.5,6.25,5],"texture":"#0"},"south":{"uv":[7.25,3.5,7.75,5],"texture":"#0"},"west":{"uv":[6.75,3.5,7.25,5],"texture":"#0"},"up":{"uv":[6.75,3.5,6.25,3],"texture":"#0"},"down":{"uv":[7.25,3,6.75,3.5],"texture":"#0"}}},{"from":[10,0.58794,5.76244],"to":[12,6.58794,7.76244],"rotation":{"angle":0,"axis":"y","origin":[5,6.59315,13.74264]},"faces":{"north":{"uv":[6.25,3.5,6.75,5],"texture":"#0"},"east":{"uv":[5.75,3.5,6.25,5],"texture":"#0"},"south":{"uv":[7.25,3.5,7.75,5],"texture":"#0"},"west":{"uv":[6.75,3.5,7.25,5],"texture":"#0"},"up":{"uv":[6.75,3.5,6.25,3],"texture":"#0"},"down":{"uv":[7.25,3,6.75,3.5],"texture":"#0"}}},{"from":[4,-5.41206,5.76244],"to":[6,0.58794,7.76244],"rotation":{"angle":0,"axis":"y","origin":[5,6.59315,13.74264]},"faces":{"north":{"uv":[12.25,3.25,12.75,4.75],"texture":"#0"},"east":{"uv":[11.75,3.25,12.25,4.75],"texture":"#0"},"south":{"uv":[13.25,3.25,13.75,4.75],"texture":"#0"},"west":{"uv":[12.75,3.25,13.25,4.75],"texture":"#0"},"up":{"uv":[12.75,3.25,12.25,2.75],"texture":"#0"},"down":{"uv":[13.25,2.75,12.75,3.25],"texture":"#0"}}},{"from":[10,-5.41206,5.76244],"to":[12,0.58794,7.76244],"rotation":{"angle":0,"axis":"y","origin":[5,6.59315,13.74264]},"faces":{"north":{"uv":[12.25,3.25,12.75,4.75],"texture":"#0"},"east":{"uv":[11.75,3.25,12.25,4.75],"texture":"#0"},"south":{"uv":[13.25,3.25,13.75,4.75],"texture":"#0"},"west":{"uv":[12.75,3.25,13.25,4.75],"texture":"#0"},"up":{"uv":[12.75,3.25,12.25,2.75],"texture":"#0"},"down":{"uv":[13.25,2.75,12.75,3.25],"texture":"#0"}}},{"from":[10,4,7.5],"to":[12,10,13.5],"rotation":{"angle":45,"axis":"x","origin":[8,8,9.5]},"faces":{"north":{"uv":[1.5,14.5,2,16],"texture":"#0"},"east":{"uv":[0,14.5,1.5,16],"texture":"#0"},"south":{"uv":[3.5,14.5,4,16],"texture":"#0"},"west":{"uv":[2,14.5,3.5,16],"texture":"#0"},"up":{"uv":[2,14.5,1.5,13],"texture":"#0"},"down":{"uv":[2.5,13,2,14.5],"texture":"#0"}}},{"from":[4,4,7.5],"to":[6,10,13.5],"rotation":{"angle":45,"axis":"x","origin":[8,8,9.5]},"faces":{"north":{"uv":[1.5,14.5,2,16],"texture":"#0"},"east":{"uv":[0,14.5,1.5,16],"texture":"#0"},"south":{"uv":[3.5,14.5,4,16],"texture":"#0"},"west":{"uv":[2,14.5,3.5,16],"texture":"#0"},"up":{"uv":[2,14.5,1.5,13],"texture":"#0"},"down":{"uv":[2.5,13,2,14.5],"texture":"#0"}}},{"from":[-1,4.5,8],"to":[17,9.5,13],"rotation":{"angle":45,"axis":"x","origin":[8,8,9.5]},"faces":{"north":{"uv":[5.75,14.75,10.25,16],"texture":"#0"},"east":{"uv":[4.5,14.75,5.75,16],"texture":"#0"},"south":{"uv":[11.5,14.75,16,16],"texture":"#0"},"west":{"uv":[10.25,14.75,11.5,16],"texture":"#0"},"up":{"uv":[10.25,14.75,5.75,13.5],"texture":"#0"},"down":{"uv":[14.75,13.5,10.25,14.75],"texture":"#0"}}},{"from":[13,-6,7.5],"to":[14,-2,11.5],"rotation":{"angle":0,"axis":"y","origin":[8,3,9.75]},"faces":{"north":{"uv":[3.75,4,4,5],"texture":"#0"},"east":{"uv":[2.75,4,3.75,5],"texture":"#0"},"south":{"uv":[5,4,5.25,5],"texture":"#0"},"west":{"uv":[4,4,5,5],"texture":"#0"},"up":{"uv":[4,4,3.75,3],"texture":"#0"},"down":{"uv":[4.25,3,4,4],"texture":"#0"}}},{"from":[12.5,-3,7],"to":[14.5,-1,12],"rotation":{"angle":0,"axis":"y","origin":[8,3,9.75]},"faces":{"north":{"uv":[5.25,1.25,5.75,1.75],"texture":"#0"},"east":{"uv":[4,1.25,5.25,1.75],"texture":"#0"},"south":{"uv":[7,1.25,7.5,1.75],"texture":"#0"},"west":{"uv":[5.75,1.25,7,1.75],"texture":"#0"},"up":{"uv":[5.75,1.25,5.25,0],"texture":"#0"},"down":{"uv":[6.25,0,5.75,1.25],"texture":"#0"}}},{"from":[12.5,-1.9,15],"to":[14.5,3.1,17],"rotation":{"angle":0,"axis":"y","origin":[8,3,9.75]},"faces":{"north":{"uv":[14.5,0.5,15,1.75],"texture":"#0"},"east":{"uv":[14,0.5,14.5,1.75],"texture":"#0"},"south":{"uv":[15.5,0.5,16,1.75],"texture":"#0"},"west":{"uv":[15,0.5,15.5,1.75],"texture":"#0"},"up":{"uv":[15,0.5,14.5,0],"texture":"#0"},"down":{"uv":[15.5,0,15,0.5],"texture":"#0"}}},{"from":[13,-2,15.5],"to":[14,3,16.5],"rotation":{"angle":0,"axis":"y","origin":[8,3,9.75]},"faces":{"north":{"uv":[10,0.5,10.25,1.75],"texture":"#0"},"east":{"uv":[9.75,0.5,10,1.75],"texture":"#0"},"south":{"uv":[10.5,0.5,10.75,1.75],"texture":"#0"},"west":{"uv":[10.25,0.5,10.5,1.75],"texture":"#0"},"up":{"uv":[10.25,0.5,10,0.25],"texture":"#0"},"down":{"uv":[10.5,0.25,10.25,0.5],"texture":"#0"}}},{"from":[13,-4,8.5],"to":[15,-2,10.5],"rotation":{"angle":0,"axis":"y","origin":[8,3,9.75]},"faces":{"north":{"uv":[0.5,0.5,1,1],"texture":"#0"},"east":{"uv":[0,0.5,0.5,1],"texture":"#0"},"south":{"uv":[1.5,0.5,2,1],"texture":"#0"},"west":{"uv":[1,0.5,1.5,1],"texture":"#0"},"up":{"uv":[1,0.5,0.5,0],"texture":"#0"},"down":{"uv":[1.5,0,1,0.5],"texture":"#0"}}},{"from":[1,-4,8.5],"to":[3,-2,10.5],"shade":false,"rotation":{"angle":0,"axis":"y","origin":[8,3,9.75]},"faces":{"north":{"uv":[1,0.5,0.5,1],"texture":"#0"},"east":{"uv":[1.5,0.5,1,1],"texture":"#0"},"south":{"uv":[2,0.5,1.5,1],"texture":"#0"},"west":{"uv":[0.5,0.5,0,1],"texture":"#0"},"up":{"uv":[0.5,0.5,1,0],"texture":"#0"},"down":{"uv":[1,0,1.5,0.5],"texture":"#0"}}},{"from":[2,-6,7.5],"to":[3,-2,11.5],"shade":false,"rotation":{"angle":0,"axis":"y","origin":[8,3,9.75]},"faces":{"north":{"uv":[4,4,3.75,5],"texture":"#0"},"east":{"uv":[5,4,4,5],"texture":"#0"},"south":{"uv":[5.25,4,5,5],"texture":"#0"},"west":{"uv":[3.75,4,2.75,5],"texture":"#0"},"up":{"uv":[3.75,4,4,3],"texture":"#0"},"down":{"uv":[4,3,4.25,4],"texture":"#0"}}},{"from":[1.5,-3,7],"to":[3.5,-1,12],"shade":false,"rotation":{"angle":0,"axis":"y","origin":[8,3,9.75]},"faces":{"north":{"uv":[5.75,1.25,5.25,1.75],"texture":"#0"},"east":{"uv":[7,1.25,5.75,1.75],"texture":"#0"},"south":{"uv":[7.5,1.25,7,1.75],"texture":"#0"},"west":{"uv":[5.25,1.25,4,1.75],"texture":"#0"},"up":{"uv":[5.25,1.25,5.75,0],"texture":"#0"},"down":{"uv":[5.75,0,6.25,1.25],"texture":"#0"}}}],"display":{"thirdperson_righthand":{"translation":[0,0.75,-1],"scale":[0.25,0.25,0.25]},"thirdperson_lefthand":{"translation":[0,0,-1],"scale":[0.25,0.25,0.25]},"firstperson_righthand":{"scale":[0.25,0.25,0.25]},"firstperson_lefthand":{"scale":[0.25,0.25,0.25]},"ground":{"translation":[0,2.25,0],"scale":[0.25,0.25,0.25]},"gui":{"rotation":[30,50,0],"translation":[-0.5,4.25,0],"scale":[0.6,0.6,0.6]},"head":{"rotation":[7,0,0],"translation":[0,-37,9.25],"scale":[1.65,1.65,1.65]},"fixed":{"rotation":[0,-180,0],"translation":[0,6.25,-1.25],"scale":[0.8,0.8,0.8]}}}