{"credit":"MadewithBlockbench","texture_size":[64,64],"textures":{"0":"cosmetic:background/mctown_redstone","particle":"cosmetic:background/mctown_redstone"},"elements":[{"from":[9,0,4],"to":[13,2,5],"faces":{"north":{"uv":[7.25,1,8.25,1.5],"texture":"#0"},"east":{"uv":[7,1,7.25,1.5],"texture":"#0"},"south":{"uv":[8.5,1,9.5,1.5],"texture":"#0"},"west":{"uv":[8.25,1,8.5,1.5],"texture":"#0"},"up":{"uv":[8.25,1,7.25,0.75],"texture":"#0"},"down":{"uv":[9.25,0.75,8.25,1],"texture":"#0"}}},{"from":[6.5,-0.5,3],"to":[9.5,2.5,5],"faces":{"north":{"uv":[11.25,10.5,12,11.25],"texture":"#0"},"east":{"uv":[10.75,10.5,11.25,11.25],"texture":"#0"},"south":{"uv":[12.5,10.5,13.25,11.25],"texture":"#0"},"west":{"uv":[12,10.5,12.5,11.25],"texture":"#0"},"up":{"uv":[12,10.5,11.25,10],"texture":"#0"},"down":{"uv":[12.75,10,12,10.5],"texture":"#0"}}},{"from":[3,0,4],"to":[7,2,5],"faces":{"north":{"uv":[7.25,1,8.25,1.5],"texture":"#0"},"east":{"uv":[7,1,7.25,1.5],"texture":"#0"},"south":{"uv":[8.5,1,9.5,1.5],"texture":"#0"},"west":{"uv":[8.25,1,8.5,1.5],"texture":"#0"},"up":{"uv":[8.25,1,7.25,0.75],"texture":"#0"},"down":{"uv":[9.25,0.75,8.25,1],"texture":"#0"}}},{"from":[10,0,3],"to":[12,2,4],"faces":{"north":{"uv":[3.25,5,3.75,5.5],"texture":"#0"},"east":{"uv":[3,5,3.25,5.5],"texture":"#0"},"south":{"uv":[4,5,4.5,5.5],"texture":"#0"},"west":{"uv":[3.75,5,4,5.5],"texture":"#0"},"up":{"uv":[3.75,5,3.25,4.75],"texture":"#0"},"down":{"uv":[4.25,4.75,3.75,5],"texture":"#0"}}},{"from":[4,0,3],"to":[6,2,4],"faces":{"north":{"uv":[3.25,5,3.75,5.5],"texture":"#0"},"east":{"uv":[3,5,3.25,5.5],"texture":"#0"},"south":{"uv":[4,5,4.5,5.5],"texture":"#0"},"west":{"uv":[3.75,5,4,5.5],"texture":"#0"},"up":{"uv":[3.75,5,3.25,4.75],"texture":"#0"},"down":{"uv":[4.25,4.75,3.75,5],"texture":"#0"}}},{"from":[3,0,9],"to":[13,2,10],"faces":{"north":{"uv":[10,1,12.5,1.5],"texture":"#0"},"east":{"uv":[9.75,1,10,1.5],"texture":"#0"},"south":{"uv":[12.75,1,15.25,1.5],"texture":"#0"},"west":{"uv":[12.5,1,12.75,1.5],"texture":"#0"},"up":{"uv":[12.5,1,10,0.75],"texture":"#0"},"down":{"uv":[15,0.75,12.5,1],"texture":"#0"}}},{"from":[12,0,5],"to":[13,2,9],"faces":{"north":{"uv":[7.5,4,7.75,4.5],"texture":"#0"},"east":{"uv":[6.5,4,7.5,4.5],"texture":"#0"},"south":{"uv":[8.75,4,9,4.5],"texture":"#0"},"west":{"uv":[7.75,4,8.75,4.5],"texture":"#0"},"up":{"uv":[7.75,4,7.5,3],"texture":"#0"},"down":{"uv":[8,3,7.75,4],"texture":"#0"}}},{"from":[10.5,-1,4],"to":[11.5,5,5],"rotation":{"angle":-22.5,"axis":"x","origin":[12.5,1,6.5]},"faces":{"north":{"uv":[4.25,5.5,4.5,7],"texture":"#0"},"east":{"uv":[4,5.5,4.25,7],"texture":"#0"},"south":{"uv":[4.75,5.5,5,7],"texture":"#0"},"west":{"uv":[4.5,5.5,4.75,7],"texture":"#0"},"up":{"uv":[4.5,5.5,4.25,5.25],"texture":"#0"},"down":{"uv":[4.75,5.25,4.5,5.5],"texture":"#0"}}},{"from":[3,0,5],"to":[4,2,9],"faces":{"north":{"uv":[7.5,4,7.75,4.5],"texture":"#0"},"east":{"uv":[6.5,4,7.5,4.5],"texture":"#0"},"south":{"uv":[8.75,4,9,4.5],"texture":"#0"},"west":{"uv":[7.75,4,8.75,4.5],"texture":"#0"},"up":{"uv":[7.75,4,7.5,3],"texture":"#0"},"down":{"uv":[8,3,7.75,4],"texture":"#0"}}},{"from":[2,-4,5],"to":[4,0,9],"faces":{"north":{"uv":[12.25,3.75,12.75,4.75],"texture":"#0"},"east":{"uv":[11.25,3.75,12.25,4.75],"texture":"#0"},"south":{"uv":[13.75,3.75,14.25,4.75],"texture":"#0"},"west":{"uv":[12.75,3.75,13.75,4.75],"texture":"#0"},"up":{"uv":[12.75,3.75,12.25,2.75],"texture":"#0"},"down":{"uv":[13.25,2.75,12.75,3.75],"texture":"#0"}}},{"from":[12,-4,5],"to":[14,0,9],"shade":false,"rotation":{"angle":0,"axis":"y","origin":[16,0,0]},"faces":{"north":{"uv":[12.75,3.75,12.25,4.75],"texture":"#0"},"east":{"uv":[13.75,3.75,12.75,4.75],"texture":"#0"},"south":{"uv":[14.25,3.75,13.75,4.75],"texture":"#0"},"west":{"uv":[12.25,3.75,11.25,4.75],"texture":"#0"},"up":{"uv":[12.25,3.75,12.75,2.75],"texture":"#0"},"down":{"uv":[12.75,2.75,13.25,3.75],"texture":"#0"}}},{"from":[4.5,-2,3.5],"to":[5.5,4,4.5],"faces":{"north":{"uv":[4,1.5,4.25,3],"texture":"#0"},"east":{"uv":[3.75,1.5,4,3],"texture":"#0"},"south":{"uv":[4.5,1.5,4.75,3],"texture":"#0"},"west":{"uv":[4.25,1.5,4.5,3],"texture":"#0"},"up":{"uv":[4.25,1.5,4,1.25],"texture":"#0"},"down":{"uv":[4.5,1.25,4.25,1.5],"texture":"#0"}}},{"from":[5.5,3,3.5],"to":[6.5,5,4.5],"faces":{"north":{"uv":[10.75,6,11,6.5],"texture":"#0"},"east":{"uv":[10.5,6,10.75,6.5],"texture":"#0"},"south":{"uv":[11.25,6,11.5,6.5],"texture":"#0"},"west":{"uv":[11,6,11.25,6.5],"texture":"#0"},"up":{"uv":[11,6,10.75,5.75],"texture":"#0"},"down":{"uv":[11.25,5.75,11,6],"texture":"#0"}}},{"from":[3.5,3,3.5],"to":[4.5,5,4.5],"faces":{"north":{"uv":[10.75,6,11,6.5],"texture":"#0"},"east":{"uv":[10.5,6,10.75,6.5],"texture":"#0"},"south":{"uv":[11.25,6,11.5,6.5],"texture":"#0"},"west":{"uv":[11,6,11.25,6.5],"texture":"#0"},"up":{"uv":[11,6,10.75,5.75],"texture":"#0"},"down":{"uv":[11.25,5.75,11,6],"texture":"#0"}}},{"from":[3.5,-3,3.5],"to":[4.5,-1,4.5],"faces":{"north":{"uv":[10.75,6,11,6.5],"texture":"#0"},"east":{"uv":[10.5,6,10.75,6.5],"texture":"#0"},"south":{"uv":[11.25,6,11.5,6.5],"texture":"#0"},"west":{"uv":[11,6,11.25,6.5],"texture":"#0"},"up":{"uv":[11,6,10.75,5.75],"texture":"#0"},"down":{"uv":[11.25,5.75,11,6],"texture":"#0"}}},{"from":[5.5,-3,3.5],"to":[6.5,-1,4.5],"faces":{"north":{"uv":[10.75,6,11,6.5],"texture":"#0"},"east":{"uv":[10.5,6,10.75,6.5],"texture":"#0"},"south":{"uv":[11.25,6,11.5,6.5],"texture":"#0"},"west":{"uv":[11,6,11.25,6.5],"texture":"#0"},"up":{"uv":[11,6,10.75,5.75],"texture":"#0"},"down":{"uv":[11.25,5.75,11,6],"texture":"#0"}}}],"display":{"thirdperson_righthand":{"translation":[0,2.5,0],"scale":[0.25,0.25,0.25]},"thirdperson_lefthand":{"translation":[0,2.5,0],"scale":[0.25,0.25,0.25]},"firstperson_righthand":{"translation":[0,1.25,0],"scale":[0.25,0.25,0.25]},"firstperson_lefthand":{"translation":[0,1,0],"scale":[0.25,0.25,0.25]},"ground":{"scale":[0.25,0.25,0.25]},"gui":{"rotation":[30,-135,0],"translation":[-0.5,7.75,0]},"head":{"translation":[0,-45,1.5],"scale":[1.6,1.6,1.6]},"fixed":{"translation":[0,8.75,0]}}}