{"credit":"MadewithBlockbench","texture_size":[64,64],"textures":{"0":"cosmetic:background/mctown_spider","particle":"cosmetic:background/mctown_spider"},"elements":[{"from":[3.99,-4.01,2.99],"to":[12.01,3.01,7.01],"faces":{"north":{"uv":[11,1,13,2.75],"texture":"#0"},"east":{"uv":[10,1,11,2.75],"texture":"#0"},"south":{"uv":[14,1,16,2.75],"texture":"#0"},"west":{"uv":[13,1,14,2.75],"texture":"#0"},"up":{"uv":[13,1,11,0],"texture":"#0"},"down":{"uv":[15,0,13,1],"texture":"#0"}}},{"from":[9.99,-0.01,6.99],"to":[15.01,2.01,9.01],"rotation":{"angle":-45,"axis":"y","origin":[11.5,1,7]},"faces":{"north":{"uv":[9,6.75,10.25,7.25],"texture":"#0"},"east":{"uv":[8.5,6.75,9,7.25],"texture":"#0"},"south":{"uv":[10.75,6.75,12,7.25],"texture":"#0"},"west":{"uv":[10.25,6.75,10.75,7.25],"texture":"#0"},"up":{"uv":[10.25,6.75,9,6.25],"texture":"#0"},"down":{"uv":[11.5,6.25,10.25,6.75],"texture":"#0"}}},{"from":[13.99,-0.01,8.19],"to":[19.01,2.01,10.21],"rotation":{"angle":-22.5,"axis":"y","origin":[11.5,1,7]},"faces":{"north":{"uv":[9,6.75,10.25,7.25],"texture":"#0"},"east":{"uv":[8.5,6.75,9,7.25],"texture":"#0"},"south":{"uv":[10.75,6.75,12,7.25],"texture":"#0"},"west":{"uv":[10.25,6.75,10.75,7.25],"texture":"#0"},"up":{"uv":[10.25,6.75,9,6.25],"texture":"#0"},"down":{"uv":[11.5,6.25,10.25,6.75],"texture":"#0"}}},{"from":[17.21733,-0.26,10.88288],"to":[22.23733,1.76,12.90288],"rotation":{"angle":-45,"axis":"z","origin":[17.89689,1,11.85937]},"faces":{"north":{"uv":[9,6.75,10.25,7.25],"texture":"#0"},"east":{"uv":[8.5,6.75,9,7.25],"texture":"#0"},"south":{"uv":[10.75,6.75,12,7.25],"texture":"#0"},"west":{"uv":[10.25,6.75,10.75,7.25],"texture":"#0"},"up":{"uv":[10.25,6.75,9,6.25],"texture":"#0"},"down":{"uv":[11.5,6.25,10.25,6.75],"texture":"#0"}}},{"from":[5.04169,0.89,5.88207],"to":[7.06169,2.91,10.90207],"shade":false,"rotation":{"angle":0,"axis":"y","origin":[5.61125,1.9,6.38008]},"faces":{"north":{"uv":[14.25,15.5,13.75,16],"texture":"#0"},"east":{"uv":[15.5,15.5,14.25,16],"texture":"#0"},"south":{"uv":[16,15.5,15.5,16],"texture":"#0"},"west":{"uv":[13.75,15.5,12.5,16],"texture":"#0"},"up":{"uv":[13.75,15.5,14.25,14.25],"texture":"#0"},"down":{"uv":[14.25,14.25,14.75,15.5],"texture":"#0"}}},{"from":[6.67156,0.89,10.01917],"to":[8.69156,2.91,15.03917],"shade":false,"rotation":{"angle":-22.5,"axis":"y","origin":[5.61125,1.9,6.38008]},"faces":{"north":{"uv":[14.25,15.5,13.75,16],"texture":"#0"},"east":{"uv":[15.5,15.5,14.25,16],"texture":"#0"},"south":{"uv":[16,15.5,15.5,16],"texture":"#0"},"west":{"uv":[13.75,15.5,12.5,16],"texture":"#0"},"up":{"uv":[13.75,15.5,14.25,14.25],"texture":"#0"},"down":{"uv":[14.25,14.25,14.75,15.5],"texture":"#0"}}},{"from":[7.30844,0.89,10.01917],"to":[9.32844,2.91,15.03917],"rotation":{"angle":22.5,"axis":"y","origin":[10.38875,1.9,6.38008]},"faces":{"north":{"uv":[13.75,15.5,14.25,16],"texture":"#0"},"east":{"uv":[12.5,15.5,13.75,16],"texture":"#0"},"south":{"uv":[15.5,15.5,16,16],"texture":"#0"},"west":{"uv":[14.25,15.5,15.5,16],"texture":"#0"},"up":{"uv":[14.25,15.5,13.75,14.25],"texture":"#0"},"down":{"uv":[14.75,14.25,14.25,15.5],"texture":"#0"}}},{"from":[8.93831,0.89,5.88207],"to":[10.95831,2.91,10.90207],"rotation":{"angle":0,"axis":"y","origin":[10.38875,1.9,6.38008]},"faces":{"north":{"uv":[13.75,15.5,14.25,16],"texture":"#0"},"east":{"uv":[12.5,15.5,13.75,16],"texture":"#0"},"south":{"uv":[15.5,15.5,16,16],"texture":"#0"},"west":{"uv":[14.25,15.5,15.5,16],"texture":"#0"},"up":{"uv":[14.25,15.5,13.75,14.25],"texture":"#0"},"down":{"uv":[14.75,14.25,14.25,15.5],"texture":"#0"}}},{"from":[0.99,-0.01,6.99],"to":[6.01,2.01,9.01],"shade":false,"rotation":{"angle":45,"axis":"y","origin":[4.5,1,7]},"faces":{"north":{"uv":[10.25,6.75,9,7.25],"texture":"#0"},"east":{"uv":[10.75,6.75,10.25,7.25],"texture":"#0"},"south":{"uv":[12,6.75,10.75,7.25],"texture":"#0"},"west":{"uv":[9,6.75,8.5,7.25],"texture":"#0"},"up":{"uv":[9,6.75,10.25,6.25],"texture":"#0"},"down":{"uv":[10.25,6.25,11.5,6.75],"texture":"#0"}}},{"from":[-3.01,-0.01,8.19],"to":[2.01,2.01,10.21],"shade":false,"rotation":{"angle":22.5,"axis":"y","origin":[4.5,1,7]},"faces":{"north":{"uv":[10.25,6.75,9,7.25],"texture":"#0"},"east":{"uv":[10.75,6.75,10.25,7.25],"texture":"#0"},"south":{"uv":[12,6.75,10.75,7.25],"texture":"#0"},"west":{"uv":[9,6.75,8.5,7.25],"texture":"#0"},"up":{"uv":[9,6.75,10.25,6.25],"texture":"#0"},"down":{"uv":[10.25,6.25,11.5,6.75],"texture":"#0"}}},{"from":[-6.23733,-0.26,10.88288],"to":[-1.21733,1.76,12.90288],"shade":false,"rotation":{"angle":45,"axis":"z","origin":[-1.89689,1,11.85937]},"faces":{"north":{"uv":[10.25,6.75,9,7.25],"texture":"#0"},"east":{"uv":[10.75,6.75,10.25,7.25],"texture":"#0"},"south":{"uv":[12,6.75,10.75,7.25],"texture":"#0"},"west":{"uv":[9,6.75,8.5,7.25],"texture":"#0"},"up":{"uv":[9,6.75,10.25,6.25],"texture":"#0"},"down":{"uv":[10.25,6.25,11.5,6.75],"texture":"#0"}}},{"from":[-2.13733,0.74,15.88288],"to":[2.88267,2.76,17.90288],"shade":false,"rotation":{"angle":22.5,"axis":"y","origin":[-1.89689,1,11.55937]},"faces":{"north":{"uv":[10.25,6.75,9,7.25],"texture":"#0"},"east":{"uv":[10.75,6.75,10.25,7.25],"texture":"#0"},"south":{"uv":[12,6.75,10.75,7.25],"texture":"#0"},"west":{"uv":[9,6.75,8.5,7.25],"texture":"#0"},"up":{"uv":[9,6.75,10.25,6.25],"texture":"#0"},"down":{"uv":[10.25,6.25,11.5,6.75],"texture":"#0"}}},{"from":[13.11733,0.74,15.88288],"to":[18.13733,2.76,17.90288],"rotation":{"angle":-22.5,"axis":"y","origin":[17.89689,1,11.55937]},"faces":{"north":{"uv":[9,6.75,10.25,7.25],"texture":"#0"},"east":{"uv":[8.5,6.75,9,7.25],"texture":"#0"},"south":{"uv":[10.75,6.75,12,7.25],"texture":"#0"},"west":{"uv":[10.25,6.75,10.75,7.25],"texture":"#0"},"up":{"uv":[10.25,6.75,9,6.25],"texture":"#0"},"down":{"uv":[11.5,6.25,10.25,6.75],"texture":"#0"}}},{"from":[1.99,-2.51,4.99],"to":[7.01,-0.49,7.01],"shade":false,"rotation":{"angle":45,"axis":"y","origin":[5.5,-1.5,5]},"faces":{"north":{"uv":[10.25,6.75,9,7.25],"texture":"#0"},"east":{"uv":[10.75,6.75,10.25,7.25],"texture":"#0"},"south":{"uv":[12,6.75,10.75,7.25],"texture":"#0"},"west":{"uv":[9,6.75,8.5,7.25],"texture":"#0"},"up":{"uv":[9,6.75,10.25,6.25],"texture":"#0"},"down":{"uv":[10.25,6.25,11.5,6.75],"texture":"#0"}}},{"from":[-2.01,-2.51,6.19],"to":[3.01,-0.49,8.21],"shade":false,"rotation":{"angle":22.5,"axis":"y","origin":[5.5,-1.5,5]},"faces":{"north":{"uv":[10.25,6.75,9,7.25],"texture":"#0"},"east":{"uv":[10.75,6.75,10.25,7.25],"texture":"#0"},"south":{"uv":[12,6.75,10.75,7.25],"texture":"#0"},"west":{"uv":[9,6.75,8.5,7.25],"texture":"#0"},"up":{"uv":[9,6.75,10.25,6.25],"texture":"#0"},"down":{"uv":[10.25,6.25,11.5,6.75],"texture":"#0"}}},{"from":[-5.23733,-2.76,8.88288],"to":[-0.21733,-0.74,10.90288],"shade":false,"rotation":{"angle":45,"axis":"z","origin":[-0.89689,-1.5,9.85937]},"faces":{"north":{"uv":[10.25,6.75,9,7.25],"texture":"#0"},"east":{"uv":[10.75,6.75,10.25,7.25],"texture":"#0"},"south":{"uv":[12,6.75,10.75,7.25],"texture":"#0"},"west":{"uv":[9,6.75,8.5,7.25],"texture":"#0"},"up":{"uv":[9,6.75,10.25,6.25],"texture":"#0"},"down":{"uv":[10.25,6.25,11.5,6.75],"texture":"#0"}}},{"from":[8.99,-2.51,4.99],"to":[14.01,-0.49,7.01],"rotation":{"angle":-45,"axis":"y","origin":[10.5,-1.5,5]},"faces":{"north":{"uv":[9,6.75,10.25,7.25],"texture":"#0"},"east":{"uv":[8.5,6.75,9,7.25],"texture":"#0"},"south":{"uv":[10.75,6.75,12,7.25],"texture":"#0"},"west":{"uv":[10.25,6.75,10.75,7.25],"texture":"#0"},"up":{"uv":[10.25,6.75,9,6.25],"texture":"#0"},"down":{"uv":[11.5,6.25,10.25,6.75],"texture":"#0"}}},{"from":[12.99,-2.51,6.19],"to":[18.01,-0.49,8.21],"rotation":{"angle":-22.5,"axis":"y","origin":[10.5,-1.5,5]},"faces":{"north":{"uv":[9,6.75,10.25,7.25],"texture":"#0"},"east":{"uv":[8.5,6.75,9,7.25],"texture":"#0"},"south":{"uv":[10.75,6.75,12,7.25],"texture":"#0"},"west":{"uv":[10.25,6.75,10.75,7.25],"texture":"#0"},"up":{"uv":[10.25,6.75,9,6.25],"texture":"#0"},"down":{"uv":[11.5,6.25,10.25,6.75],"texture":"#0"}}},{"from":[16.21733,-2.76,8.88288],"to":[21.23733,-0.74,10.90288],"rotation":{"angle":-45,"axis":"z","origin":[16.89689,-1.5,9.85937]},"faces":{"north":{"uv":[9,6.75,10.25,7.25],"texture":"#0"},"east":{"uv":[8.5,6.75,9,7.25],"texture":"#0"},"south":{"uv":[10.75,6.75,12,7.25],"texture":"#0"},"west":{"uv":[10.25,6.75,10.75,7.25],"texture":"#0"},"up":{"uv":[10.25,6.75,9,6.25],"texture":"#0"},"down":{"uv":[11.5,6.25,10.25,6.75],"texture":"#0"}}},{"from":[13.99,-0.01,8.19],"to":[19.01,2.01,10.21],"rotation":{"angle":-22.5,"axis":"y","origin":[11.5,1,7]},"faces":{"north":{"uv":[9,6.75,10.25,7.25],"texture":"#0"},"east":{"uv":[8.5,6.75,9,7.25],"texture":"#0"},"south":{"uv":[10.75,6.75,12,7.25],"texture":"#0"},"west":{"uv":[10.25,6.75,10.75,7.25],"texture":"#0"},"up":{"uv":[10.25,6.75,9,6.25],"texture":"#0"},"down":{"uv":[11.5,6.25,10.25,6.75],"texture":"#0"}}}],"display":{"thirdperson_righthand":{"translation":[0,2.5,0],"scale":[0.25,0.25,0.25]},"thirdperson_lefthand":{"translation":[0,2.75,0.5],"scale":[0.25,0.25,0.25]},"firstperson_righthand":{"translation":[0,1.25,0],"scale":[0.25,0.25,0.25]},"firstperson_lefthand":{"translation":[0,1.25,0],"scale":[0.25,0.25,0.25]},"ground":{"translation":[0,2.25,0],"scale":[0.25,0.25,0.25]},"gui":{"rotation":[30,-135,0],"translation":[1.75,4.5,0],"scale":[0.7,0.7,0.7]},"head":{"translation":[0,-33,5.5],"scale":[1.85,1.85,1.85]},"fixed":{"rotation":[-38,0,0],"translation":[0,3.25,-7],"scale":[0.7,0.7,0.7]}}}