{"credit":"MadewithBlockbench","texture_size":[80,80],"textures":{"1":"cosmetic:background/mctown_bee"},"elements":[{"from":[6.6,1,12.25],"to":[6.6,6,17.25],"rotation":{"angle":22.5,"axis":"y","origin":[-16,1,0]},"faces":{"north":{"uv":[1,5.8,1,6.8],"texture":"#1"},"east":{"uv":[0,5.8,1,6.8],"texture":"#1"},"south":{"uv":[2,5.8,2,6.8],"texture":"#1"},"west":{"uv":[1,5.8,2,6.8],"texture":"#1"},"up":{"uv":[1,5.8,1,4.8],"texture":"#1"},"down":{"uv":[1,4.8,1,5.8],"texture":"#1"}}},{"from":[7,1,0],"to":[7,6,5],"rotation":{"angle":-22.5,"axis":"y","origin":[0,1,0]},"faces":{"north":{"uv":[1,5.8,1,6.8],"texture":"#1"},"east":{"uv":[0,5.8,1,6.8],"texture":"#1"},"south":{"uv":[2,5.8,2,6.8],"texture":"#1"},"west":{"uv":[1,5.8,2,6.8],"texture":"#1"},"up":{"uv":[1,5.8,1,4.8],"texture":"#1"},"down":{"uv":[1,4.8,1,5.8],"texture":"#1"}}},{"from":[3.5,-4,-2],"to":[12.5,-2,3],"rotation":{"angle":0,"axis":"y","origin":[0,1,0]},"faces":{"north":{"uv":[11.4,1,13.2,1.4],"texture":"#1"},"east":{"uv":[10.4,1,11.4,1.4],"texture":"#1"},"south":{"uv":[11.4,1,13.2,1.4],"texture":"#1"},"west":{"uv":[13.2,1,14.2,1.4],"texture":"#1"},"up":{"uv":[13.2,1,11.4,0],"texture":"#1"},"down":{"uv":[15,0,13.2,1],"texture":"#1"}}},{"from":[3.25,0.75,-2.25],"to":[12.75,6.25,3.25],"rotation":{"angle":0,"axis":"y","origin":[0,1,0]},"faces":{"north":{"uv":[10.2,5,12,6],"texture":"#1"},"east":{"uv":[6.4,5,7.4,6],"texture":"#1"},"south":{"uv":[7.4,5,9.2,6],"texture":"#1"},"west":{"uv":[9.2,5,10.2,6],"texture":"#1"},"up":{"uv":[9.2,5,7.4,4],"texture":"#1"},"down":{"uv":[11,4,9.2,5],"texture":"#1"}}},{"from":[3.5,-4,-2],"to":[12.5,-2,-2],"rotation":{"angle":0,"axis":"y","origin":[0,1,0]},"faces":{"north":{"uv":[11.4,1,13.2,1.4],"texture":"#1"},"east":{"uv":[10.4,1,11.4,1.4],"texture":"#1"},"south":{"uv":[11.4,1,13.2,1.4],"texture":"#1"},"west":{"uv":[13.2,1,14.2,1.4],"texture":"#1"},"up":{"uv":[13.2,1,11.4,0],"texture":"#1"},"down":{"uv":[15,0,13.2,1],"texture":"#1"}}},{"from":[3.5,-4,3],"to":[12.5,-2,3],"rotation":{"angle":0,"axis":"y","origin":[0,1,0]},"faces":{"north":{"uv":[14.2,1,16,1.4],"texture":"#1"},"east":{"uv":[10.4,1,11.4,1.4],"texture":"#1"},"south":{"uv":[14.2,1,16,1.4],"texture":"#1"},"west":{"uv":[13.2,1,14.2,1.4],"texture":"#1"},"up":{"uv":[13.2,1,11.4,0],"texture":"#1"},"down":{"uv":[15,0,13.2,1],"texture":"#1"}}},{"from":[3.5,-4,-2],"to":[3.5,-2,3],"rotation":{"angle":0,"axis":"y","origin":[0,1,0]},"faces":{"north":{"uv":[11.4,1,11.4,1.4],"texture":"#1"},"east":{"uv":[10.4,1,11.4,1.4],"texture":"#1"},"south":{"uv":[12.4,1,12.4,1.4],"texture":"#1"},"west":{"uv":[11.6,2.8,12.6,3.2],"texture":"#1"},"up":{"uv":[11.4,1,11.4,0],"texture":"#1"},"down":{"uv":[11.4,0,11.4,1],"texture":"#1"}}},{"from":[12.5,-4,-2],"to":[12.5,-2,3],"rotation":{"angle":0,"axis":"y","origin":[0,1,0]},"faces":{"north":{"uv":[11.4,1,11.4,1.4],"texture":"#1"},"east":{"uv":[12,2,13,2.4],"texture":"#1"},"south":{"uv":[12.4,1,12.4,1.4],"texture":"#1"},"west":{"uv":[10.4,1,11.4,1.4],"texture":"#1"},"up":{"uv":[11.4,1,11.4,0],"texture":"#1"},"down":{"uv":[11.4,0,11.4,1],"texture":"#1"}}},{"from":[3.9,-6.1,2.9],"to":[12.1,-0.9,15.1],"rotation":{"angle":22.5,"axis":"x","origin":[8,-2,3]},"faces":{"north":{"uv":[2.4,15,4,16],"texture":"#1"},"east":{"uv":[0,15,2.4,16],"texture":"#1"},"south":{"uv":[6.4,15,8,16],"texture":"#1"},"west":{"uv":[4,15,6.4,16],"texture":"#1"},"up":{"uv":[4,15,2.4,12.6],"texture":"#1"},"down":{"uv":[5.6,12.6,4,15],"texture":"#1"}}},{"from":[8,-4.5,15],"to":[8,-3.5,16],"rotation":{"angle":22.5,"axis":"x","origin":[8,-2,3]},"faces":{"north":{"uv":[1.2,13.8,1.2,14],"texture":"#1"},"east":{"uv":[1,13.8,1.2,14],"texture":"#1"},"south":{"uv":[1.4,13.8,1.4,14],"texture":"#1"},"west":{"uv":[1.2,13.8,1.4,14],"texture":"#1"},"up":{"uv":[1.2,13.8,1.2,13.6],"texture":"#1"},"down":{"uv":[1.2,13.6,1.2,13.8],"texture":"#1"}}}],"display":{"thirdperson_righthand":{"translation":[0,3.5,0],"scale":[0.25,0.25,0.25]},"thirdperson_lefthand":{"translation":[0,3.5,0],"scale":[0.25,0.25,0.25]},"firstperson_righthand":{"translation":[0,0.25,0],"scale":[0.25,0.25,0.25]},"firstperson_lefthand":{"translation":[0,0.25,0],"scale":[0.25,0.25,0.25]},"ground":{"translation":[0,2.75,0],"scale":[0.25,0.25,0.25]},"gui":{"rotation":[30,-135,0],"translation":[-1,7.25,0],"scale":[0.8,0.8,0.8]},"head":{"rotation":[-1,0,0],"translation":[0,-37,11.75],"scale":[1.6,1.6,1.6]},"fixed":{"translation":[0,8,4.25]}}}