{"credit":"MadewithBlockbench","texture_size":[64,64],"textures":{"0":"cosmetic:background/mctown_panda","particle":"cosmetic:background/mctown_panda"},"elements":[{"from":[3.4,-0.1,5.4],"to":[12.6,11.1,10.6],"rotation":{"angle":0,"axis":"y","origin":[0,14,0]},"faces":{"north":{"uv":[7.25,6.75,9.5,9.5],"texture":"#0"},"east":{"uv":[6,6.75,7.25,9.5],"texture":"#0"},"south":{"uv":[10.75,6.75,13,9.5],"texture":"#0"},"west":{"uv":[9.5,6.75,10.75,9.5],"texture":"#0"},"up":{"uv":[9.5,6.75,7.25,5.5],"texture":"#0"},"down":{"uv":[11.75,5.5,9.5,6.75],"texture":"#0"}}},{"from":[4,2,10.6],"to":[12,8,15.6],"rotation":{"angle":0,"axis":"y","origin":[0.6,14.1,0]},"faces":{"north":{"uv":[10.75,13,12.75,14.5],"texture":"#0"},"east":{"uv":[9.5,13,10.75,14.5],"texture":"#0"},"south":{"uv":[14,13,16,14.5],"texture":"#0"},"west":{"uv":[12.75,13,14,14.5],"texture":"#0"},"up":{"uv":[12.75,13,10.75,11.75],"texture":"#0"},"down":{"uv":[14.75,11.75,12.75,13],"texture":"#0"}}},{"from":[5,5,9.8],"to":[7,16,11.8],"rotation":{"angle":22.5,"axis":"x","origin":[6.1,5.6,10.7]},"faces":{"north":{"uv":[0.5,0.5,1,3.25],"texture":"#0"},"east":{"uv":[0,0.5,0.5,3.25],"texture":"#0"},"south":{"uv":[1.5,0.5,2,3.25],"texture":"#0"},"west":{"uv":[1,0.5,1.5,3.25],"texture":"#0"},"up":{"uv":[1,0.5,0.5,0],"texture":"#0"},"down":{"uv":[1.5,0,1,0.5],"texture":"#0"}}},{"from":[7,4,9.8],"to":[9,15,11.8],"rotation":{"angle":22.5,"axis":"x","origin":[6.1,5.6,10.7]},"faces":{"north":{"uv":[0.5,0.5,1,3.25],"texture":"#0"},"east":{"uv":[0,0.5,0.5,3.25],"texture":"#0"},"south":{"uv":[1.5,0.5,2,3.25],"texture":"#0"},"west":{"uv":[1,0.5,1.5,3.25],"texture":"#0"},"up":{"uv":[1,0.5,0.5,0],"texture":"#0"},"down":{"uv":[1.5,0,1,0.5],"texture":"#0"}}},{"from":[9,5,9.8],"to":[11,16,11.8],"rotation":{"angle":22.5,"axis":"x","origin":[6.1,5.6,10.7]},"faces":{"north":{"uv":[0.5,0.5,1,3.25],"texture":"#0"},"east":{"uv":[0,0.5,0.5,3.25],"texture":"#0"},"south":{"uv":[1.5,0.5,2,3.25],"texture":"#0"},"west":{"uv":[1,0.5,1.5,3.25],"texture":"#0"},"up":{"uv":[1,0.5,0.5,0],"texture":"#0"},"down":{"uv":[1.5,0,1,0.5],"texture":"#0"}}},{"from":[7,5,11.8],"to":[9,16,13.8],"rotation":{"angle":22.5,"axis":"x","origin":[6.1,5.6,10.7]},"faces":{"north":{"uv":[0.5,0.5,1,3.25],"texture":"#0"},"east":{"uv":[0,0.5,0.5,3.25],"texture":"#0"},"south":{"uv":[1.5,0.5,2,3.25],"texture":"#0"},"west":{"uv":[1,0.5,1.5,3.25],"texture":"#0"},"up":{"uv":[1,0.5,0.5,0],"texture":"#0"},"down":{"uv":[1.5,0,1,0.5],"texture":"#0"}}},{"from":[5,4,11.8],"to":[7,15,13.8],"rotation":{"angle":22.5,"axis":"x","origin":[6.1,5.6,10.7]},"faces":{"north":{"uv":[0.5,0.5,1,3.25],"texture":"#0"},"east":{"uv":[0,0.5,0.5,3.25],"texture":"#0"},"south":{"uv":[1.5,0.5,2,3.25],"texture":"#0"},"west":{"uv":[1,0.5,1.5,3.25],"texture":"#0"},"up":{"uv":[1,0.5,0.5,0],"texture":"#0"},"down":{"uv":[1.5,0,1,0.5],"texture":"#0"}}},{"from":[9,4,11.8],"to":[11,15,13.8],"rotation":{"angle":22.5,"axis":"x","origin":[6.1,5.6,10.7]},"faces":{"north":{"uv":[0.5,0.5,1,3.25],"texture":"#0"},"east":{"uv":[0,0.5,0.5,3.25],"texture":"#0"},"south":{"uv":[1.5,0.5,2,3.25],"texture":"#0"},"west":{"uv":[1,0.5,1.5,3.25],"texture":"#0"},"up":{"uv":[1,0.5,0.5,0],"texture":"#0"},"down":{"uv":[1.5,0,1,0.5],"texture":"#0"}}},{"from":[3.9,0.9,4.2],"to":[12.1,7.1,5.4],"rotation":{"angle":0,"axis":"y","origin":[0,14,0]},"faces":{"north":{"uv":[8.25,2.25,10.25,3.75],"texture":"#0"},"east":{"uv":[8,2.25,8.25,3.75],"texture":"#0"},"south":{"uv":[10.5,2.25,12.5,3.75],"texture":"#0"},"west":{"uv":[10.25,2.25,10.5,3.75],"texture":"#0"},"up":{"uv":[10.25,2.25,8.25,2],"texture":"#0"},"down":{"uv":[12.25,2,10.25,2.25],"texture":"#0"}}}],"display":{"thirdperson_righthand":{"translation":[0,0.25,0],"scale":[0.25,0.25,0.25]},"thirdperson_lefthand":{"translation":[0,0.25,0],"scale":[0.25,0.25,0.25]},"firstperson_righthand":{"scale":[0.25,0.25,0.25]},"firstperson_lefthand":{"scale":[0.25,0.25,0.25]},"ground":{"scale":[0.25,0.25,0.25]},"gui":{"rotation":[30,-135,0],"translation":[0.75,0,0],"scale":[0.8,0.8,0.8]},"head":{"translation":[0,-45,-0.25],"scale":[1.6,1.65,1.6]},"fixed":{"translation":[0,2.5,-5.5]}}}