{"credit":"MadewithBlockbench","texture_size":[64,64],"textures":{"0":"cosmetic:background/mctown_dolphin","particle":"cosmetic:background/mctown_dolphin"},"elements":[{"from":[6,0,7],"to":[10,7,9],"faces":{"north":{"uv":[9.25,4.75,10.25,6.5],"texture":"#0"},"east":{"uv":[8.75,4.75,9.25,6.5],"texture":"#0"},"south":{"uv":[10.75,4.75,11.75,6.5],"texture":"#0"},"west":{"uv":[10.25,4.75,10.75,6.5],"texture":"#0"},"up":{"uv":[10.25,4.75,9.25,4.25],"texture":"#0"},"down":{"uv":[11.25,4.25,10.25,4.75],"texture":"#0"}}},{"from":[7,1.3,8.5],"to":[9,6.3,13.5],"rotation":{"angle":22.5,"axis":"x","origin":[8,5.5,8.5]},"faces":{"north":{"uv":[13.75,5.25,14.25,6.5],"texture":"#0"},"east":{"uv":[12.5,5.25,13.75,6.5],"texture":"#0"},"south":{"uv":[15.5,5.25,16,6.5],"texture":"#0"},"west":{"uv":[14.25,5.25,15.5,6.5],"texture":"#0"},"up":{"uv":[14.25,5.25,13.75,4],"texture":"#0"},"down":{"uv":[14.75,4,14.25,5.25],"texture":"#0"}}},{"from":[12.5,0,2],"to":[12.5,7,7],"faces":{"north":{"uv":[10.25,1.25,12.5,3],"texture":"#0"},"east":{"uv":[9,1.25,10.25,3],"texture":"#0"},"south":{"uv":[13.75,1.25,16,3],"texture":"#0"},"west":{"uv":[12.5,1.25,13.75,3],"texture":"#0"},"up":{"uv":[12.5,1.25,10.25,0],"texture":"#0"},"down":{"uv":[14.75,0,12.5,1.25],"texture":"#0"}}},{"from":[3.5,0,2],"to":[12.5,7,2],"faces":{"north":{"uv":[10.25,1.25,12.5,3],"texture":"#0"},"east":{"uv":[9,1.25,10.25,3],"texture":"#0"},"south":{"uv":[13.75,1.25,16,3],"texture":"#0"},"west":{"uv":[12.5,1.25,13.75,3],"texture":"#0"},"up":{"uv":[12.5,1.25,10.25,0],"texture":"#0"},"down":{"uv":[14.75,0,12.5,1.25],"texture":"#0"}}},{"from":[3.5,0,2],"to":[3.5,7,7],"faces":{"north":{"uv":[10.25,1.25,12.5,3],"texture":"#0"},"east":{"uv":[9,1.25,10.25,3],"texture":"#0"},"south":{"uv":[13.75,1.25,16,3],"texture":"#0"},"west":{"uv":[12.5,1.25,13.75,3],"texture":"#0"},"up":{"uv":[12.5,1.25,10.25,0],"texture":"#0"},"down":{"uv":[14.75,0,12.5,1.25],"texture":"#0"}}},{"from":[3.5,0,7],"to":[12.5,7,7],"faces":{"north":{"uv":[10.25,1.25,12.5,3],"texture":"#0"},"east":{"uv":[9,1.25,10.25,3],"texture":"#0"},"south":{"uv":[13.75,1.25,16,3],"texture":"#0"},"west":{"uv":[12.5,1.25,13.75,3],"texture":"#0"},"up":{"uv":[12.5,1.25,10.25,0],"texture":"#0"},"down":{"uv":[14.75,0,12.5,1.25],"texture":"#0"}}}],"display":{"thirdperson_righthand":{"scale":[0.25,0.25,0.25]},"thirdperson_lefthand":{"scale":[0.25,0.25,0.25]},"firstperson_righthand":{"scale":[0.25,0.25,0.25]},"firstperson_lefthand":{"scale":[0.25,0.25,0.25]},"ground":{"scale":[0.25,0.25,0.25]},"gui":{"rotation":[30,135,0],"translation":[1.75,4.25,0]},"head":{"translation":[0,-43,5.5],"scale":[1.6,1.6,1.6]},"fixed":{"translation":[0,4.5,0.75]}}}