{"credit":"MadewithBlockbench","texture_size":[64,64],"textures":{"0":"cosmetic:background/mctown_dragon_wing","particle":"cosmetic:background/mctown_dragon_wing"},"elements":[{"from":[6,-1,18],"to":[11,-1,22],"rotation":{"angle":22.5,"axis":"x","origin":[0,0,0]},"faces":{"north":{"uv":[0,0,1.25,0],"texture":"#0"},"east":{"uv":[0,0,1,0],"texture":"#0"},"south":{"uv":[0,0,1.25,0],"texture":"#0"},"west":{"uv":[0,0,1,0],"texture":"#0"},"up":{"uv":[8.75,8,7.5,7],"texture":"#0"},"down":{"uv":[8.75,8,7.5,9],"texture":"#0"}}},{"from":[8.5,2,1],"to":[8.5,4,4],"rotation":{"angle":22.5,"axis":"x","origin":[0,0,0]},"faces":{"north":{"uv":[0,0,0,0.5],"texture":"#0"},"east":{"uv":[4.5,9.25,5.25,9.75],"texture":"#0"},"south":{"uv":[0,0,0,0.5],"texture":"#0"},"west":{"uv":[5.25,9.25,6,9.75],"texture":"#0"},"up":{"uv":[0,0.75,0,0],"texture":"#0"},"down":{"uv":[0,0,0,0.75],"texture":"#0"}}},{"from":[8.5,1.5,6],"to":[8.5,3.5,9],"rotation":{"angle":22.5,"axis":"x","origin":[0,0,0]},"faces":{"north":{"uv":[0,0,0,0.5],"texture":"#0"},"east":{"uv":[6,9.25,6.75,9.75],"texture":"#0"},"south":{"uv":[0,0,0,0.5],"texture":"#0"},"west":{"uv":[9.25,9,10,9.5],"texture":"#0"},"up":{"uv":[0,0.75,0,0],"texture":"#0"},"down":{"uv":[0,0,0,0.75],"texture":"#0"}}},{"from":[8.5,1,11],"to":[8.5,3,14],"rotation":{"angle":22.5,"axis":"x","origin":[0,0,0]},"faces":{"north":{"uv":[0,0,0,0.5],"texture":"#0"},"east":{"uv":[2.25,9.5,3,10],"texture":"#0"},"south":{"uv":[0,0,0,0.5],"texture":"#0"},"west":{"uv":[3,9.5,3.75,10],"texture":"#0"},"up":{"uv":[0,0.75,0,0],"texture":"#0"},"down":{"uv":[0,0,0,0.75],"texture":"#0"}}},{"from":[6,-3,0],"to":[11,2,5],"rotation":{"angle":22.5,"axis":"x","origin":[0,0,0]},"faces":{"north":{"uv":[0,7,1.25,8.25],"texture":"#0"},"east":{"uv":[1.25,7,2.5,8.25],"texture":"#0"},"south":{"uv":[2.5,7,3.75,8.25],"texture":"#0"},"west":{"uv":[3.75,7,5,8.25],"texture":"#0"},"up":{"uv":[6.25,8.25,5,7],"texture":"#0"},"down":{"uv":[7.5,7,6.25,8.25],"texture":"#0"}}},{"from":[6.5,-2.75,5],"to":[10.5,1.5,10],"rotation":{"angle":22.5,"axis":"x","origin":[0,0,0]},"faces":{"north":{"uv":[8.75,7,9.75,8],"texture":"#0"},"east":{"uv":[0,8.25,1.25,9.25],"texture":"#0"},"south":{"uv":[8.75,8,9.75,9],"texture":"#0"},"west":{"uv":[1.25,8.25,2.5,9.25],"texture":"#0"},"up":{"uv":[3.5,9.5,2.5,8.25],"texture":"#0"},"down":{"uv":[4.5,8.25,3.5,9.5],"texture":"#0"}}},{"from":[7,-2.5,10],"to":[10,1,15],"rotation":{"angle":22.5,"axis":"x","origin":[0,0,0]},"faces":{"north":{"uv":[8.5,9,9.25,10],"texture":"#0"},"east":{"uv":[4.5,8.25,5.75,9.25],"texture":"#0"},"south":{"uv":[0,9.25,0.75,10.25],"texture":"#0"},"west":{"uv":[5.75,8.25,7,9.25],"texture":"#0"},"up":{"uv":[7.75,10.25,7,9],"texture":"#0"},"down":{"uv":[8.5,9,7.75,10.25],"texture":"#0"}}},{"from":[7,-2,15],"to":[10,0,18],"rotation":{"angle":22.5,"axis":"x","origin":[0,0,0]},"faces":{"north":{"uv":[3.75,9.5,4.5,10],"texture":"#0"},"east":{"uv":[9.25,9.5,10,10],"texture":"#0"},"south":{"uv":[4.5,9.75,5.25,10.25],"texture":"#0"},"west":{"uv":[5.25,9.75,6,10.25],"texture":"#0"},"up":{"uv":[1.5,10,0.75,9.25],"texture":"#0"},"down":{"uv":[2.25,9.25,1.5,10],"texture":"#0"}}},{"from":[8,1,-6],"to":[31,15,-6],"rotation":{"angle":-45,"axis":"y","origin":[0,0,0]},"faces":{"north":{"uv":[0,0,5.75,3.5],"texture":"#0"},"east":{"uv":[0,0,0,3.5],"texture":"#0"},"south":{"uv":[0,3.5,5.75,7],"texture":"#0"},"west":{"uv":[0,0,0,3.5],"texture":"#0"},"up":{"uv":[5.75,0,0,0],"texture":"#0"},"down":{"uv":[5.75,0,0,0],"texture":"#0"}}},{"from":[5.25,1,-3.25],"to":[5.25,15,19.75],"rotation":{"angle":-45,"axis":"y","origin":[0,0,0]},"faces":{"north":{"uv":[0,0,0,3.5],"texture":"#0"},"east":{"uv":[5.75,0,11.5,3.5],"texture":"#0"},"south":{"uv":[0,0,0,3.5],"texture":"#0"},"west":{"uv":[5.75,3.5,11.5,7],"texture":"#0"},"up":{"uv":[0,5.75,0,0],"texture":"#0"},"down":{"uv":[0,0,0,5.75],"texture":"#0"}}}],"display":{"thirdperson_righthand":{"translation":[1,4.5,5.25],"scale":[0.4,0.4,0.4]},"thirdperson_lefthand":{"translation":[1,4.5,5.25],"scale":[0.4,0.4,0.4]},"firstperson_righthand":{"translation":[0,0.75,0],"scale":[0.5,0.5,0.5]},"firstperson_lefthand":{"translation":[0,0.75,0],"scale":[0.5,0.5,0.5]},"ground":{"translation":[0,3.25,0],"scale":[0.5,0.5,0.5]},"gui":{"rotation":[-2,-167,0],"translation":[0.75,1.75,0],"scale":[0.4,0.4,0.4]},"head":{"translation":[-0.25,-43.5,10.75],"scale":[1.4,1.39,1.37]},"fixed":{"translation":[0,3.5,0]}}}