{"credit":"mctowncraft,QQ:1447709546","parent":"nocsy_fruit_basket","texture_size":[128,128],"textures":{"1":"cosmetic:background/mctown_nocsy_fruit_basket","particle":"cosmetic:background/mctown_nocsy_fruit_basket"},"elements":[{"from":[3,-1,11],"to":[13,10,13],"rotation":{"angle":0,"axis":"y","origin":[2.66667,-2,6.66667]},"faces":{"north":{"uv":[0,0,1.25,1.375],"texture":"#1"},"east":{"uv":[5.125,3.75,5.375,5.125],"texture":"#1"},"south":{"uv":[1.375,0,2.625,1.375],"texture":"#1"},"west":{"uv":[4.625,5.125,4.875,6.5],"texture":"#1"},"up":{"uv":[6.625,5.5,5.375,5.25],"texture":"#1"},"down":{"uv":[6.75,3.75,5.5,4],"texture":"#1"}}},{"from":[2.5,6,4.5],"to":[13.5,8,13.5],"rotation":{"angle":0,"axis":"y","origin":[2.16667,-2,5.16667]},"faces":{"north":{"uv":[5.25,1.75,6.625,2],"texture":"#1"},"east":{"uv":[5.5,4.125,6.625,4.375],"texture":"#1"},"south":{"uv":[5.25,2.125,6.625,2.375],"texture":"#1"},"west":{"uv":[5.5,4.5,6.625,4.75],"texture":"#1"},"up":{"uv":[1.375,2.625,0,1.5],"texture":"#1"},"down":{"uv":[2.875,1.5,1.5,2.625],"texture":"#1"}}},{"from":[2.5,2.15186,14.26444],"to":[13.5,6.15186,14.26444],"rotation":{"angle":-22.5,"axis":"x","origin":[8,4.15186,14.26444]},"faces":{"north":{"uv":[5.75,1.125,4.375,1.625],"texture":"#1"},"east":{"uv":[3.375,1.5,3.375,2],"texture":"#1"},"south":{"uv":[4.375,1.125,5.75,1.625],"texture":"#1"},"west":{"uv":[3.375,2.125,3.375,2.625],"texture":"#1"},"up":{"uv":[8.875,4,7.5,4],"texture":"#1"},"down":{"uv":[8.875,7.125,7.5,7.125],"texture":"#1"}}},{"from":[9,9.2,7],"to":[13,13.2,11],"rotation":{"angle":-22.5,"axis":"z","origin":[11,12,9]},"faces":{"north":{"uv":[5.375,6.125,5.875,6.625],"texture":"#1"},"east":{"uv":[6,6.125,6.5,6.625],"texture":"#1"},"south":{"uv":[0.875,6.25,1.375,6.75],"texture":"#1"},"west":{"uv":[1.5,6.25,2,6.75],"texture":"#1"},"up":{"uv":[0.5,6.875,0,6.375],"texture":"#1"},"down":{"uv":[7.125,5.625,6.625,6.125],"texture":"#1"}}},{"from":[3.61732,11.37612,8],"to":[7.61732,15.37612,12],"rotation":{"angle":22.5,"axis":"z","origin":[10.61732,10.37612,9]},"faces":{"north":{"uv":[6.625,6.25,7.125,6.75],"texture":"#1"},"east":{"uv":[6.75,1,7.25,1.5],"texture":"#1"},"south":{"uv":[6.75,1.625,7.25,2.125],"texture":"#1"},"west":{"uv":[2.125,6.75,2.625,7.25],"texture":"#1"},"up":{"uv":[3.25,7.25,2.75,6.75],"texture":"#1"},"down":{"uv":[3.875,6.75,3.375,7.25],"texture":"#1"}}},{"from":[1.61732,15.07612,10],"to":[9.61732,23.07612,10],"rotation":{"angle":22.5,"axis":"z","origin":[10.61732,10.37612,9]},"faces":{"north":{"uv":[3.5,3,4.5,4],"texture":"#1"},"east":{"uv":[4.5,5.25,4.5,6.25],"texture":"#1"},"south":{"uv":[3.625,0,4.625,1],"texture":"#1"},"west":{"uv":[6.875,7.5,6.875,8.5],"texture":"#1"},"up":{"uv":[5.75,1,4.75,1],"texture":"#1"},"down":{"uv":[8.5,7.25,7.5,7.25],"texture":"#1"}}},{"from":[1.01732,12.67612,7],"to":[1.01732,20.67612,15],"rotation":{"angle":22.5,"axis":"z","origin":[2.61732,19.37612,7]},"faces":{"north":{"uv":[7,7.5,7,8.5],"texture":"#1"},"east":{"uv":[3.5,4.125,4.5,5.125],"texture":"#1"},"south":{"uv":[7.5,7.375,7.5,8.375],"texture":"#1"},"west":{"uv":[0,4.25,1,5.25],"texture":"#1"},"up":{"uv":[7.625,8.375,7.625,7.375],"texture":"#1"},"down":{"uv":[7.75,0,7.75,1],"texture":"#1"}}},{"from":[6.61732,9.57612,9],"to":[10.61732,13.57612,13],"rotation":{"angle":22.5,"axis":"x","origin":[10.61732,11.07612,9]},"faces":{"north":{"uv":[4,6.75,4.5,7.25],"texture":"#1"},"east":{"uv":[6.75,4.125,7.25,4.625],"texture":"#1"},"south":{"uv":[4.625,6.75,5.125,7.25],"texture":"#1"},"west":{"uv":[6.75,4.75,7.25,5.25],"texture":"#1"},"up":{"uv":[5.75,7.25,5.25,6.75],"texture":"#1"},"down":{"uv":[6.375,6.75,5.875,7.25],"texture":"#1"}}},{"from":[4.61732,11.4118,5.84525],"to":[8.61732,15.4118,9.84525],"rotation":{"angle":-22.5,"axis":"x","origin":[8.61732,10.8118,11.34525]},"faces":{"north":{"uv":[0.625,6.875,1.125,7.375],"texture":"#1"},"east":{"uv":[1.25,6.875,1.75,7.375],"texture":"#1"},"south":{"uv":[6.875,2.25,7.375,2.75],"texture":"#1"},"west":{"uv":[6.875,2.875,7.375,3.375],"texture":"#1"},"up":{"uv":[7.375,4,6.875,3.5],"texture":"#1"},"down":{"uv":[7,6.875,6.5,7.375],"texture":"#1"}}},{"from":[11,-1,5],"to":[13,10,11],"rotation":{"angle":0,"axis":"y","origin":[12,3.5,9]},"faces":{"north":{"uv":[2.625,5.25,2.875,6.625],"texture":"#1"},"east":{"uv":[0,2.75,0.75,4.125],"texture":"#1"},"south":{"uv":[3,5.25,3.25,6.625],"texture":"#1"},"west":{"uv":[2.75,0,3.5,1.375],"texture":"#1"},"up":{"uv":[7.5,6.125,7.25,5.375],"texture":"#1"},"down":{"uv":[7.625,0,7.375,0.75],"texture":"#1"}}},{"from":[11,7.4,4],"to":[14,10.4,14],"rotation":{"angle":0,"axis":"y","origin":[12.5,9.5,9.5]},"faces":{"north":{"uv":[2.125,6.25,2.5,6.625],"texture":"#1"},"east":{"uv":[4.625,2.75,5.875,3.125],"texture":"#1"},"south":{"uv":[7.375,1.75,7.75,2.125],"texture":"#1"},"west":{"uv":[4.625,3.25,5.875,3.625],"texture":"#1"},"up":{"uv":[5,5,4.625,3.75],"texture":"#1"},"down":{"uv":[1.5,4.875,1.125,6.125],"texture":"#1"}}},{"from":[5,7.4,11],"to":[11,10.4,14],"rotation":{"angle":0,"axis":"y","origin":[4,3.5,9]},"faces":{"north":{"uv":[0,5.375,0.75,5.75],"texture":"#1"},"east":{"uv":[3.75,7.375,4.125,7.75],"texture":"#1"},"south":{"uv":[5.375,5.625,6.125,6],"texture":"#1"},"west":{"uv":[7.375,4.125,7.75,4.5],"texture":"#1"},"up":{"uv":[0.75,6.25,0,5.875],"texture":"#1"},"down":{"uv":[6.625,1,5.875,1.375],"texture":"#1"}}},{"from":[5,7.4,4],"to":[11,10.4,7],"rotation":{"angle":0,"axis":"y","origin":[4,3.5,9]},"faces":{"north":{"uv":[6,2.5,6.75,2.875],"texture":"#1"},"east":{"uv":[4.25,7.375,4.625,7.75],"texture":"#1"},"south":{"uv":[6,3,6.75,3.375],"texture":"#1"},"west":{"uv":[7.375,4.625,7.75,5],"texture":"#1"},"up":{"uv":[6.875,0.375,6.125,0],"texture":"#1"},"down":{"uv":[6.875,0.5,6.125,0.875],"texture":"#1"}}},{"from":[2,7.4,4],"to":[5,10.4,14],"rotation":{"angle":0,"axis":"y","origin":[4,3.5,9]},"faces":{"north":{"uv":[4.75,7.375,5.125,7.75],"texture":"#1"},"east":{"uv":[4.75,0,6,0.375],"texture":"#1"},"south":{"uv":[5.25,7.375,5.625,7.75],"texture":"#1"},"west":{"uv":[4.75,0.5,6,0.875],"texture":"#1"},"up":{"uv":[2,6.125,1.625,4.875],"texture":"#1"},"down":{"uv":[2.5,4.875,2.125,6.125],"texture":"#1"}}},{"from":[3,-1,5],"to":[5,10,11],"rotation":{"angle":0,"axis":"y","origin":[4,3.5,9]},"faces":{"north":{"uv":[3.375,5.25,3.625,6.625],"texture":"#1"},"east":{"uv":[0.875,2.75,1.625,4.125],"texture":"#1"},"south":{"uv":[3.75,5.25,4,6.625],"texture":"#1"},"west":{"uv":[1.75,2.75,2.5,4.125],"texture":"#1"},"up":{"uv":[7.625,1.625,7.375,0.875],"texture":"#1"},"down":{"uv":[2.125,7.375,1.875,8.125],"texture":"#1"}}},{"from":[4.99,-1.01,4.99],"to":[11.01,-0.99,12.01],"rotation":{"angle":0,"axis":"y","origin":[4,3.5,9]},"faces":{"north":{"uv":[7.625,5.375,8.375,5.375],"texture":"#1"},"east":{"uv":[7.625,5.5,8.5,5.5],"texture":"#1"},"south":{"uv":[7.625,5.625,8.375,5.625],"texture":"#1"},"west":{"uv":[7.625,5.75,8.5,5.75],"texture":"#1"},"up":{"uv":[3.375,5.125,2.625,4.25],"texture":"#1"},"down":{"uv":[5.125,1.75,4.375,2.625],"texture":"#1"}}},{"from":[5,-1,5],"to":[11,10,7],"rotation":{"angle":0,"axis":"y","origin":[4,3.5,9]},"faces":{"north":{"uv":[2.625,2.75,3.375,4.125],"texture":"#1"},"east":{"uv":[4.125,5.25,4.375,6.625],"texture":"#1"},"south":{"uv":[3.5,1.5,4.25,2.875],"texture":"#1"},"west":{"uv":[5,5.25,5.25,6.625],"texture":"#1"},"up":{"uv":[6.25,5.125,5.5,4.875],"texture":"#1"},"down":{"uv":[8,6.25,7.25,6.5],"texture":"#1"}}},{"from":[10.975,5,0],"to":[12.975,10,1],"rotation":{"angle":0,"axis":"y","origin":[-0.025,0,0]},"faces":{"north":{"uv":[2.25,7.375,2.5,8],"texture":"#1"},"east":{"uv":[0.875,5.375,1,6],"texture":"#1"},"south":{"uv":[2.625,7.375,2.875,8],"texture":"#1"},"west":{"uv":[1.125,7.5,1.25,8.125],"texture":"#1"},"up":{"uv":[3.25,2.625,3,2.5],"texture":"#1"},"down":{"uv":[6.5,5.625,6.25,5.75],"texture":"#1"}}},{"from":[10.975,9,1],"to":[12.975,10,5],"rotation":{"angle":0,"axis":"y","origin":[-0.025,0,0]},"faces":{"north":{"uv":[6.25,5.875,6.5,6],"texture":"#1"},"east":{"uv":[3.625,1.125,4.125,1.25],"texture":"#1"},"south":{"uv":[6.375,4.875,6.625,5],"texture":"#1"},"west":{"uv":[5.25,2.5,5.75,2.625],"texture":"#1"},"up":{"uv":[6,7.875,5.75,7.375],"texture":"#1"},"down":{"uv":[6.375,7.375,6.125,7.875],"texture":"#1"}}},{"from":[10.95,1.26777,-1.06066],"to":[12.95,2.26777,5.93934],"rotation":{"angle":45,"axis":"x","origin":[11.975,1.76777,3.93934]},"faces":{"north":{"uv":[6.75,5.375,7,5.5],"texture":"#1"},"east":{"uv":[7.25,6.625,8.125,6.75],"texture":"#1"},"south":{"uv":[7.5,2.75,7.75,2.875],"texture":"#1"},"west":{"uv":[7.375,5.125,8.25,5.25],"texture":"#1"},"up":{"uv":[3.25,2.375,3,1.5],"texture":"#1"},"down":{"uv":[0.25,7,0,7.875],"texture":"#1"}}},{"from":[3.05,1.26777,-1.06066],"to":[5.05,2.26777,5.93934],"rotation":{"angle":45,"axis":"x","origin":[4.025,1.76777,3.93934]},"faces":{"north":{"uv":[7.5,3,7.75,3.125],"texture":"#1"},"east":{"uv":[7.5,2.25,8.375,2.375],"texture":"#1"},"south":{"uv":[7.5,3.25,7.75,3.375],"texture":"#1"},"west":{"uv":[7.5,2.5,8.375,2.625],"texture":"#1"},"up":{"uv":[7.25,0.875,7,0],"texture":"#1"},"down":{"uv":[7.375,6.875,7.125,7.75],"texture":"#1"}}},{"from":[3.025,5,0],"to":[5.025,10,1],"rotation":{"angle":0,"axis":"y","origin":[16.025,0,0]},"faces":{"north":{"uv":[3,7.375,3.25,8],"texture":"#1"},"east":{"uv":[1.375,7.5,1.5,8.125],"texture":"#1"},"south":{"uv":[3.375,7.375,3.625,8],"texture":"#1"},"west":{"uv":[1.625,7.5,1.75,8.125],"texture":"#1"},"up":{"uv":[7.75,3.625,7.5,3.5],"texture":"#1"},"down":{"uv":[7.75,3.75,7.5,3.875],"texture":"#1"}}},{"from":[3.025,9,1],"to":[5.025,10,5],"rotation":{"angle":0,"axis":"y","origin":[16.025,0,0]},"faces":{"north":{"uv":[6.5,7.5,6.75,7.625],"texture":"#1"},"east":{"uv":[5.875,1.5,6.375,1.625],"texture":"#1"},"south":{"uv":[7.5,6.875,7.75,7],"texture":"#1"},"west":{"uv":[6,3.5,6.5,3.625],"texture":"#1"},"up":{"uv":[0.625,8,0.375,7.5],"texture":"#1"},"down":{"uv":[1,7.5,0.75,8],"texture":"#1"}}}],"gui_light":"front","display":{"thirdperson_righthand":{"rotation":[0,-180,0],"translation":[-1.25,0,-1.5],"scale":[0.5,0.5,0.5]},"thirdperson_lefthand":{"rotation":[0,-180,0],"translation":[-1.25,0,-1.5],"scale":[0.5,0.5,0.5]},"firstperson_righthand":{"rotation":[180,-13.25,180],"translation":[0,2.25,0.25],"scale":[0.5,0.5,0.5]},"firstperson_lefthand":{"rotation":[180,-13.25,180],"translation":[0,2.25,0.25],"scale":[0.5,0.5,0.5]},"ground":{"translation":[0,0.5,0],"scale":[0.5,0.5,0.5]},"gui":{"rotation":[16,-46,0],"translation":[0,0.5,0],"scale":[0.85,0.85,0.85]},"head":{"rotation":[8.25,0,0],"translation":[0,-45,8.5],"scale":[1.6,1.6,1.6]},"fixed":{"rotation":[-16,-180,0],"translation":[0,1,-4.5]}}}