{"credit":"mctowncraft,QQ:1447709546","textures":{"particle":"cosmetic:background/mctown_easter_backpack"},"elements":[{"from":[1,0,4],"to":[15,16,12],"faces":{"north":{"uv":[2.25,2.25,5.75,6.25],"texture":"#particle"},"east":{"uv":[0.25,2.25,2.25,6.25],"texture":"#particle"},"south":{"uv":[7.75,2.25,11.25,6.25],"texture":"#particle"},"west":{"uv":[5.75,2.25,7.75,6.25],"texture":"#particle"},"up":{"uv":[5.75,2.25,2.25,0.25],"texture":"#particle"},"down":{"uv":[5.75,8.25,2.25,6.25],"texture":"#particle"}}},{"from":[3,1,12],"to":[6,16,13],"faces":{"east":{"uv":[12.75,0.5,13,4.25],"texture":"#particle"},"south":{"uv":[12,0.5,12.75,4.25],"texture":"#particle"},"west":{"uv":[11.75,0.5,12,4.25],"texture":"#particle"},"up":{"uv":[12,0.25,12.75,0.5],"texture":"#particle"},"down":{"uv":[12,4.25,12.75,4.5],"texture":"#particle"}}},{"from":[10,1,12],"to":[13,16,13],"faces":{"east":{"uv":[12.75,0.5,13,4.25],"texture":"#particle"},"south":{"uv":[12,0.5,12.75,4.25],"texture":"#particle"},"west":{"uv":[11.75,0.5,12,4.25],"texture":"#particle"},"up":{"uv":[12,0.25,12.75,0.5],"texture":"#particle"},"down":{"uv":[12,4.25,12.75,4.5],"texture":"#particle"}}},{"from":[2,11,3],"to":[14,17,12],"faces":{"north":{"uv":[2.5,11,5.5,12.5],"texture":"#particle"},"east":{"uv":[0.25,11,2.5,12.5],"texture":"#particle"},"south":{"uv":[7.75,11,10.75,12.5],"texture":"#particle"},"west":{"uv":[5.5,11,7.75,12.5],"texture":"#particle"},"up":{"uv":[5.5,11,2.5,8.75],"texture":"#particle"},"down":{"uv":[5.5,14.75,2.5,12.5],"texture":"#particle"}}},{"from":[5,19,11],"to":[11,20,12],"faces":{"north":{"uv":[6.5,0.5,8,0.75],"texture":"#particle"},"east":{"uv":[6.25,0.5,6.5,0.75],"texture":"#particle"},"south":{"uv":[8,1.25,6.5,1],"texture":"#particle"},"west":{"uv":[8,0.5,8.25,0.75],"texture":"#particle"},"up":{"uv":[8,0.5,6.5,0.25],"texture":"#particle"},"down":{"uv":[8,1,6.5,0.75],"texture":"#particle"}}},{"from":[5,17,11],"to":[6,19,12],"faces":{"north":{"uv":[10,8.5,10.25,9],"texture":"#particle"},"east":{"uv":[9.75,8.5,10,9],"texture":"#particle"},"south":{"uv":[10.5,8.5,10.75,9],"texture":"#particle"},"west":{"uv":[10.25,8.5,10.5,9],"texture":"#particle"}}},{"from":[10,17,11],"to":[11,19,12],"faces":{"north":{"uv":[10,8.5,10.25,9],"texture":"#particle"},"east":{"uv":[9.75,8.5,10,9],"texture":"#particle"},"south":{"uv":[10.5,8.5,10.75,9],"texture":"#particle"},"west":{"uv":[10.25,8.5,10.5,9],"texture":"#particle"}}},{"from":[2,17,7],"to":[6,25,9],"faces":{"north":{"uv":[6.75,7.25,7.75,9.25],"texture":"#particle"},"east":{"uv":[6.25,7.25,6.75,9.25],"texture":"#particle"},"south":{"uv":[8.25,7.25,9.25,9.25],"texture":"#particle"},"west":{"uv":[7.75,7.25,8.25,9.25],"texture":"#particle"},"up":{"uv":[7.75,7.25,6.75,6.75],"texture":"#particle"}}},{"from":[10,17,7],"to":[14,25,9],"faces":{"north":{"uv":[7.75,7.25,6.75,9.25],"texture":"#particle"},"east":{"uv":[8.25,7.25,7.75,9.25],"texture":"#particle"},"south":{"uv":[9.25,7.25,8.25,9.25],"texture":"#particle"},"west":{"uv":[6.75,7.25,6.25,9.25],"texture":"#particle"},"up":{"uv":[6.75,7.25,7.75,6.75],"texture":"#particle"}}},{"from":[7,8,3],"to":[9,11,4],"faces":{"north":{"uv":[10,7,10.5,7.75],"texture":"#particle"},"east":{"uv":[9.75,7,10,7.75],"texture":"#particle"},"west":{"uv":[10.5,7,10.75,7.75],"texture":"#particle"},"down":{"uv":[10.5,8,10,7.75],"texture":"#particle"}}},{"from":[1.73569,2.64387,3],"to":[5.73569,7.64387,4],"rotation":{"angle":22.5,"axis":"z","origin":[8,8,8]},"faces":{"north":{"uv":[0.5,9,1.5,10.25],"texture":"#particle"},"east":{"uv":[0.25,9,0.5,10.25],"texture":"#particle"},"west":{"uv":[1.5,9,1.75,10.25],"texture":"#particle"},"up":{"uv":[1.5,9,0.5,8.75],"texture":"#particle"},"down":{"uv":[1.5,10.5,0.5,10.25],"texture":"#particle"}}},{"from":[9.73358,7.33939,3],"to":[12.73358,11.33939,4],"rotation":{"angle":-22.5,"axis":"z","origin":[8,8,8]},"faces":{"north":{"uv":[0.5,7,1.25,8],"texture":"#particle"},"east":{"uv":[0.25,7,0.5,8],"texture":"#particle"},"west":{"uv":[1.25,7,1.5,8],"texture":"#particle"},"up":{"uv":[1.25,7,0.5,6.75],"texture":"#particle"},"down":{"uv":[1.25,8.25,0.5,8],"texture":"#particle"}}}],"display":{"thirdperson_righthand":{"rotation":[67.5,22.5,0],"translation":[0,-0.5,-6],"scale":[0.55,0.55,0.55]},"thirdperson_lefthand":{"rotation":[67.5,22.5,0],"translation":[0,-0.5,-6],"scale":[0.55,0.55,0.55]},"firstperson_righthand":{"rotation":[0,135,0],"translation":[0,-2.5,0],"scale":[0.4,0.4,0.4]},"firstperson_lefthand":{"rotation":[0,135,0],"translation":[0,-2.5,0],"scale":[0.4,0.4,0.4]},"ground":{"translation":[0,1,0],"scale":[0.5,0.5,0.5]},"gui":{"rotation":[30,225,0],"translation":[0,-1.5,0],"scale":[0.5,0.5,0.5]},"head":{"rotation":[0,-180,0],"translation":[0,-55.75,6.5],"scale":[1.06,1.06,1.06]},"fixed":{"rotation":[-90,0,0],"translation":[0,0,-10],"scale":[1.5,1.5,1.5]}}}