{"credit":"MadewithBlockbench","texture_size":[32,32],"textures":{"0":"cosmetic:background/mctown_redpanda_tail","particle":"cosmetic:background/mctown_redpanda_tail"},"elements":[{"from":[6,0,0],"to":[11,4,4],"rotation":{"angle":22.5,"axis":"x","origin":[0,0,0]},"faces":{"north":{"uv":[9,2,11.5,4],"texture":"#0"},"east":{"uv":[11,10,13,12],"texture":"#0"},"south":{"uv":[9,8,11.5,10],"texture":"#0"},"west":{"uv":[11.5,2,13.5,4],"texture":"#0"},"up":{"uv":[2.5,12,0,10],"texture":"#0"},"down":{"uv":[5,10,2.5,12],"texture":"#0"}}},{"from":[5.5,-1.5,3.25],"to":[11.5,3.5,14.25],"faces":{"north":{"uv":[6,0,9,2.5],"texture":"#0"},"east":{"uv":[0,5.5,5.5,8],"texture":"#0"},"south":{"uv":[6,2.5,9,5],"texture":"#0"},"west":{"uv":[5.5,5.5,11,8],"texture":"#0"},"up":{"uv":[3,5.5,0,0],"texture":"#0"},"down":{"uv":[6,0,3,5.5],"texture":"#0"}}},{"from":[5.5,-1.5,14.25],"to":[5.5,3.5,18.25],"faces":{"north":{"uv":[0,0,0,2.5],"texture":"#0"},"east":{"uv":[5,10,7,12.5],"texture":"#0"},"south":{"uv":[0,0,0,2.5],"texture":"#0"},"west":{"uv":[7,10,9,12.5],"texture":"#0"},"up":{"uv":[0,2,0,0],"texture":"#0"},"down":{"uv":[0,0,0,2],"texture":"#0"}}},{"from":[5.5,3.5,14.25],"to":[11.5,3.5,18.25],"faces":{"north":{"uv":[0,0,3,0],"texture":"#0"},"east":{"uv":[0,0,2,0],"texture":"#0"},"south":{"uv":[0,0,3,0],"texture":"#0"},"west":{"uv":[0,0,2,0],"texture":"#0"},"up":{"uv":[3,10,0,8],"texture":"#0"},"down":{"uv":[6,8,3,10],"texture":"#0"}}},{"from":[5.5,-1.5,14.25],"to":[11.5,-1.5,18.25],"faces":{"north":{"uv":[0,0,3,0],"texture":"#0"},"east":{"uv":[0,0,2,0],"texture":"#0"},"south":{"uv":[0,0,3,0],"texture":"#0"},"west":{"uv":[0,0,2,0],"texture":"#0"},"up":{"uv":[9,10,6,8],"texture":"#0"},"down":{"uv":[12,0,9,2],"texture":"#0"}}},{"from":[11.5,-1.5,14.25],"to":[11.5,3.5,18.25],"faces":{"north":{"uv":[0,0,0,2.5],"texture":"#0"},"east":{"uv":[9,10,11,12.5],"texture":"#0"},"south":{"uv":[0,0,0,2.5],"texture":"#0"},"west":{"uv":[11,4,13,6.5],"texture":"#0"},"up":{"uv":[0,2,0,0],"texture":"#0"},"down":{"uv":[0,0,0,2],"texture":"#0"}}}],"display":{"thirdperson_righthand":{"translation":[0.25,5,3],"scale":[0.5,0.5,0.5]},"thirdperson_lefthand":{"translation":[0.25,5,3],"scale":[0.5,0.5,0.5]},"firstperson_righthand":{"translation":[0,3.5,0]},"firstperson_lefthand":{"translation":[0,3.5,0]},"ground":{"translation":[0,3,-0.5],"scale":[0.7,0.7,0.7]},"gui":{"rotation":[28,145,0],"translation":[0,4.75,0]},"head":{"rotation":[-7,0,0],"translation":[-0.5,-47.5,9],"scale":[1.2,1.2,1]},"fixed":{"translation":[0,6.5,0]}}}