{"textures":{"0":"modelengine:entity/deer_spirit"},"elements":[{"from":[6.714286,-3.4285717,4.5714283],"to":[10.142858,10.285714,8.571428],"rotation":{"angle":0.0,"axis":"y","origin":[8.0,8.0,8.0]},"faces":{"east":{"uv":[3.3125,7.4375,3.75,8.9375],"rotation":0,"texture":"#0","tintindex":0},"south":{"uv":[7.0,7.875,7.375,9.375],"rotation":0,"texture":"#0","tintindex":0},"north":{"uv":[6.0625,0.0,6.4375,1.5],"rotation":0,"texture":"#0","tintindex":0},"west":{"uv":[7.4375,5.375,7.875,6.875],"rotation":0,"texture":"#0","tintindex":0},"up":{"uv":[2.9375,11.125,2.5625,10.6875],"rotation":0,"texture":"#0","tintindex":0},"down":{"uv":[3.3125,10.6875,2.9375,11.125],"rotation":0,"texture":"#0","tintindex":0}}},{"from":[5.5714283,-0.14285755,6.714286],"to":[10.142858,8.571428,11.0],"rotation":{"angle":0.0,"axis":"y","origin":[8.0,8.0,8.0]},"faces":{"east":{"uv":[8.8125,7.0625,9.3125,8.0],"rotation":0,"texture":"#0","tintindex":0},"south":{"uv":[3.0,8.9375,3.5,9.875],"rotation":0,"texture":"#0","tintindex":0},"north":{"uv":[8.75,6.125,9.25,7.0625],"rotation":0,"texture":"#0","tintindex":0},"west":{"uv":[9.0,8.0,9.5,8.9375],"rotation":0,"texture":"#0","tintindex":0},"up":{"uv":[6.5625,10.375,6.0625,9.875],"rotation":0,"texture":"#0","tintindex":0},"down":{"uv":[2.6875,9.9375,2.1875,10.4375],"rotation":0,"texture":"#0","tintindex":0}}}],"display":{"head":{"translation":[0.0,-6.4,0.0],"scale":[4.0,4.0,4.0]}}}