{"credit":"MadewithBlockbench","texture_size":[128,128],"textures":{"0":"elitecreature:casino_decoration_v1/casino_table_roulette","particle":"elitecreature:casino_decoration_v1/casino_table_roulette"},"elements":[{"from":[-5,13,-4],"to":[32,16,20],"faces":{"north":{"uv":[0,6,4.625,6.375],"texture":"#0"},"east":{"uv":[0,6.375,3,6.75],"texture":"#0"},"south":{"uv":[0,6,4.625,6.375],"texture":"#0"},"west":{"uv":[0,6.375,3,6.75],"texture":"#0"},"up":{"uv":[4.625,3,0,0],"texture":"#0"},"down":{"uv":[4.625,3,0,6],"texture":"#0"}}},{"from":[-16,13,-1],"to":[-5,16,17],"faces":{"north":{"uv":[4.625,4.5,6,4.875],"texture":"#0"},"south":{"uv":[4.625,4.5,6,4.875],"texture":"#0"},"west":{"uv":[4.625,4.875,6.875,5.25],"texture":"#0"},"up":{"uv":[6,2.25,4.625,0],"texture":"#0"},"down":{"uv":[6,2.25,4.625,4.5],"texture":"#0"}}},{"from":[-12,16,3],"to":[-2,17,13],"faces":{"north":{"uv":[0,8,1.25,8.125],"texture":"#0"},"east":{"uv":[0,8,1.25,8.125],"texture":"#0"},"south":{"uv":[0,8,1.25,8.125],"texture":"#0"},"west":{"uv":[0,8,1.25,8.125],"texture":"#0"},"up":{"uv":[1.25,8,0,6.75],"texture":"#0"}}},{"from":[-12,17,3],"to":[-2,18,4],"faces":{"north":{"uv":[4.625,5.75,5.875,5.875],"texture":"#0"},"east":{"uv":[5.875,5.75,6,5.875],"texture":"#0"},"south":{"uv":[4.625,5.75,5.875,5.875],"texture":"#0"},"west":{"uv":[5.875,5.75,6,5.875],"texture":"#0"},"up":{"uv":[6,6.125,4.75,6],"texture":"#0"}}},{"from":[-12,17,12],"to":[-2,18,13],"rotation":{"angle":0,"axis":"y","origin":[0,0,16]},"faces":{"north":{"uv":[5.875,5.75,4.625,5.875],"texture":"#0"},"east":{"uv":[6,5.75,5.875,5.875],"texture":"#0"},"south":{"uv":[5.875,5.75,4.625,5.875],"texture":"#0"},"west":{"uv":[6,5.75,5.875,5.875],"texture":"#0"},"up":{"uv":[6,6,4.75,6.125],"texture":"#0"}}},{"from":[-3,17,4],"to":[-2,18,12],"faces":{"east":{"uv":[4.75,5.875,5.75,6],"texture":"#0"},"west":{"uv":[4.75,5.875,5.75,6],"texture":"#0"},"up":{"uv":[4.75,6.875,4.625,5.875],"texture":"#0"}}},{"from":[-12,17,4],"to":[-11,18,12],"rotation":{"angle":0,"axis":"y","origin":[16,0,0]},"faces":{"east":{"uv":[5.75,5.875,4.75,6],"texture":"#0"},"west":{"uv":[5.75,5.875,4.75,6],"texture":"#0"},"up":{"uv":[4.625,6.875,4.75,5.875],"texture":"#0"}}},{"from":[-7.5,16.5,7.5],"to":[-6.5,19.5,8.5],"rotation":{"angle":0,"axis":"y","origin":[-7,18,8]},"faces":{"north":{"uv":[6.75,0.375,6.875,0.75],"texture":"#0"},"east":{"uv":[6.75,0.375,6.875,0.75],"texture":"#0"},"south":{"uv":[6.75,0.375,6.875,0.75],"texture":"#0"},"west":{"uv":[6.75,0.375,6.875,0.75],"texture":"#0"},"up":{"uv":[6.875,0.875,6.75,0.75],"texture":"#0"},"down":{"uv":[7,0.75,6.75,1],"texture":"#0"}}},{"from":[30,16,-4],"to":[32,17,20],"faces":{"north":{"uv":[6.25,0,6.5,0.125],"texture":"#0"},"east":{"uv":[6.5,0,9.5,0.125],"texture":"#0"},"south":{"uv":[6.25,0,6.5,0.125],"texture":"#0"},"west":{"uv":[6.5,0,9.5,0.125],"texture":"#0"},"up":{"uv":[6.25,3,6,0],"texture":"#0"}}},{"from":[-5,16,-4],"to":[-3,17,1],"faces":{"north":{"uv":[6.5,0.875,6.75,1],"texture":"#0"},"east":{"uv":[6.75,0.25,7.375,0.375],"texture":"#0"},"south":{"uv":[6.5,0.875,6.75,1],"texture":"#0"},"west":{"uv":[6.75,0.25,7.375,0.375],"texture":"#0"},"up":{"uv":[6.75,0.875,6.5,0.25],"texture":"#0"}}},{"from":[-16,16,-1],"to":[-5,17,1],"faces":{"north":{"uv":[6,5.5,4.625,5.625],"texture":"#0"},"east":{"uv":[4.625,5.625,4.875,5.75],"texture":"#0"},"south":{"uv":[4.625,5.5,6,5.625],"texture":"#0"},"west":{"uv":[4.625,5.625,4.875,5.75],"texture":"#0"},"up":{"uv":[6,5.5,4.625,5.25],"texture":"#0"}}},{"from":[-16,16,1],"to":[-14,17,15],"faces":{"east":{"uv":[6.5,0.125,8.25,0.25],"texture":"#0"},"west":{"uv":[6.5,0.125,8.25,0.25],"texture":"#0"},"up":{"uv":[6.5,1.875,6.25,0.125],"texture":"#0"}}},{"from":[-3,16,-4],"to":[30,17,-2],"faces":{"north":{"uv":[6.25,2.125,10.375,2.25],"texture":"#0"},"south":{"uv":[6.25,2.125,10.375,2.25],"texture":"#0"},"up":{"uv":[10.375,2.125,6.25,1.875],"texture":"#0"}}},{"from":[-3,16,18],"to":[30,17,20],"rotation":{"angle":0,"axis":"y","origin":[0,0,16]},"faces":{"north":{"uv":[10.375,2.125,6.25,2.25],"texture":"#0"},"south":{"uv":[10.375,2.125,6.25,2.25],"texture":"#0"},"up":{"uv":[10.375,1.875,6.25,2.125],"texture":"#0"}}},{"from":[-5,16,15],"to":[-3,17,20],"rotation":{"angle":0,"axis":"y","origin":[0,0,16]},"faces":{"north":{"uv":[6.75,0.875,6.5,1],"texture":"#0"},"east":{"uv":[7.375,0.25,6.75,0.375],"texture":"#0"},"south":{"uv":[6.75,0.875,6.5,1],"texture":"#0"},"west":{"uv":[7.375,0.25,6.75,0.375],"texture":"#0"},"up":{"uv":[6.75,0.25,6.5,0.875],"texture":"#0"}}},{"from":[-16,16,15],"to":[-5,17,17],"rotation":{"angle":0,"axis":"y","origin":[0,0,16]},"faces":{"north":{"uv":[6,5.5,4.625,5.625],"texture":"#0"},"east":{"uv":[4.875,5.625,4.625,5.75],"texture":"#0"},"south":{"uv":[4.625,5.5,6,5.625],"texture":"#0"},"west":{"uv":[4.875,5.625,4.625,5.75],"texture":"#0"},"up":{"uv":[6,5.25,4.625,5.5],"texture":"#0"}}},{"from":[17,3,6],"to":[21,10,10],"rotation":{"angle":0,"axis":"y","origin":[0,16,2]},"faces":{"north":{"uv":[2,6.75,2.5,7.625],"texture":"#0"},"east":{"uv":[2,6.75,2.5,7.625],"texture":"#0"},"south":{"uv":[2,6.75,2.5,7.625],"texture":"#0"},"west":{"uv":[2,6.75,2.5,7.625],"texture":"#0"}}},{"from":[16,10,5],"to":[22,13,11],"rotation":{"angle":0,"axis":"y","origin":[0,0,2]},"faces":{"north":{"uv":[1.25,8.25,2,8.625],"texture":"#0"},"east":{"uv":[1.25,8.25,2,8.625],"texture":"#0"},"south":{"uv":[1.25,8.25,2,8.625],"texture":"#0"},"west":{"uv":[1.25,8.25,2,8.625],"texture":"#0"},"up":{"uv":[2,7.5,1.25,6.75],"texture":"#0"},"down":{"uv":[2,7.5,1.25,8.25],"texture":"#0"}}},{"from":[16,0,5],"to":[22,3,11],"rotation":{"angle":0,"axis":"y","origin":[0,16,2]},"faces":{"north":{"uv":[1.25,8.625,2,8.25],"texture":"#0"},"east":{"uv":[1.25,8.625,2,8.25],"texture":"#0"},"south":{"uv":[1.25,8.625,2,8.25],"texture":"#0"},"west":{"uv":[1.25,8.625,2,8.25],"texture":"#0"},"up":{"uv":[2,8.25,1.25,7.5],"texture":"#0"},"down":{"uv":[4.625,6.375,3.875,7.125],"texture":"#0"}}},{"from":[-6,0,5],"to":[0,3,11],"rotation":{"angle":0,"axis":"y","origin":[16,16,2]},"faces":{"north":{"uv":[2,8.625,1.25,8.25],"texture":"#0"},"east":{"uv":[2,8.625,1.25,8.25],"texture":"#0"},"south":{"uv":[2,8.625,1.25,8.25],"texture":"#0"},"west":{"uv":[2,8.625,1.25,8.25],"texture":"#0"},"up":{"uv":[1.25,8.25,2,7.5],"texture":"#0"},"down":{"uv":[3.875,6.375,4.625,7.125],"texture":"#0"}}},{"from":[-5,3,6],"to":[-1,10,10],"rotation":{"angle":0,"axis":"y","origin":[16,16,2]},"faces":{"north":{"uv":[2.5,6.75,2,7.625],"texture":"#0"},"east":{"uv":[2.5,6.75,2,7.625],"texture":"#0"},"south":{"uv":[2.5,6.75,2,7.625],"texture":"#0"},"west":{"uv":[2.5,6.75,2,7.625],"texture":"#0"}}},{"from":[-6,10,5],"to":[0,13,11],"rotation":{"angle":0,"axis":"y","origin":[16,0,2]},"faces":{"north":{"uv":[2,8.25,1.25,8.625],"texture":"#0"},"east":{"uv":[2,8.25,1.25,8.625],"texture":"#0"},"south":{"uv":[2,8.25,1.25,8.625],"texture":"#0"},"west":{"uv":[2,8.25,1.25,8.625],"texture":"#0"},"up":{"uv":[1.25,7.5,2,6.75],"texture":"#0"},"down":{"uv":[1.25,7.5,2,8.25],"texture":"#0"}}},{"from":[-1,3,7],"to":[17,4,9],"rotation":{"angle":0,"axis":"y","origin":[16,0,2]},"faces":{"north":{"uv":[6.5,1.75,8.75,1.875],"texture":"#0"},"south":{"uv":[6.5,1.75,8.75,1.875],"texture":"#0"},"up":{"uv":[8.75,1.75,6.5,1.5],"texture":"#0"},"down":{"uv":[8.75,1.75,6.5,1.5],"texture":"#0"}}},{"from":[13,0,4.5],"to":[17,2,6.5],"rotation":{"angle":-45,"axis":"y","origin":[16.5,1,5.5]},"faces":{"north":{"uv":[3.5,6.375,3,6.625],"texture":"#0"},"east":{"uv":[3.75,6.375,3.5,6.625],"texture":"#0"},"south":{"uv":[3,6.375,3.5,6.625],"texture":"#0"},"west":{"uv":[3.75,6.375,3.5,6.625],"texture":"#0"},"up":{"uv":[3,6.875,3.5,6.625],"texture":"#0"},"down":{"uv":[3.875,7.125,4.375,7.375],"texture":"#0"}}},{"from":[21,0,9.5],"to":[25,2,11.5],"rotation":{"angle":-45,"axis":"y","origin":[21.5,1.5,10.5]},"faces":{"north":{"uv":[3,6.375,3.5,6.625],"texture":"#0"},"east":{"uv":[3.5,6.375,3.75,6.625],"texture":"#0"},"south":{"uv":[3.5,6.375,3,6.625],"texture":"#0"},"west":{"uv":[3.5,6.375,3.75,6.625],"texture":"#0"},"up":{"uv":[3.5,6.875,3,6.625],"texture":"#0"},"down":{"uv":[4.375,7.125,3.875,7.375],"texture":"#0"}}},{"from":[21,0,4.5],"to":[25,2,6.5],"rotation":{"angle":45,"axis":"y","origin":[21.5,1,5.5]},"faces":{"north":{"uv":[3,6.375,3.5,6.625],"texture":"#0"},"east":{"uv":[3.5,6.375,3.75,6.625],"texture":"#0"},"south":{"uv":[3.5,6.375,3,6.625],"texture":"#0"},"west":{"uv":[3.5,6.375,3.75,6.625],"texture":"#0"},"up":{"uv":[3.5,6.875,3,6.625],"texture":"#0"},"down":{"uv":[4.375,7.125,3.875,7.375],"texture":"#0"}}},{"from":[13,0,9.5],"to":[17,2,11.5],"rotation":{"angle":45,"axis":"y","origin":[16.5,1.5,10.5]},"faces":{"north":{"uv":[3.5,6.375,3,6.625],"texture":"#0"},"east":{"uv":[3.75,6.375,3.5,6.625],"texture":"#0"},"south":{"uv":[3,6.375,3.5,6.625],"texture":"#0"},"west":{"uv":[3.75,6.375,3.5,6.625],"texture":"#0"},"up":{"uv":[3,6.875,3.5,6.625],"texture":"#0"},"down":{"uv":[3.875,7.125,4.375,7.375],"texture":"#0"}}},{"from":[-1,0,4.5],"to":[3,2,6.5],"rotation":{"angle":45,"axis":"y","origin":[-0.5,1,5.5]},"faces":{"north":{"uv":[3,6.375,3.5,6.625],"texture":"#0"},"east":{"uv":[3.5,6.375,3.75,6.625],"texture":"#0"},"south":{"uv":[3.5,6.375,3,6.625],"texture":"#0"},"west":{"uv":[3.5,6.375,3.75,6.625],"texture":"#0"},"up":{"uv":[3.5,6.875,3,6.625],"texture":"#0"},"down":{"uv":[4.375,7.125,3.875,7.375],"texture":"#0"}}},{"from":[-1,0,9.5],"to":[3,2,11.5],"rotation":{"angle":-45,"axis":"y","origin":[-0.5,1.5,10.5]},"faces":{"north":{"uv":[3,6.375,3.5,6.625],"texture":"#0"},"east":{"uv":[3.5,6.375,3.75,6.625],"texture":"#0"},"south":{"uv":[3.5,6.375,3,6.625],"texture":"#0"},"west":{"uv":[3.5,6.375,3.75,6.625],"texture":"#0"},"up":{"uv":[3.5,6.875,3,6.625],"texture":"#0"},"down":{"uv":[4.375,7.125,3.875,7.375],"texture":"#0"}}},{"from":[-9,0,9.5],"to":[-5,2,11.5],"rotation":{"angle":45,"axis":"y","origin":[-5.5,1.5,10.5]},"faces":{"north":{"uv":[3.5,6.375,3,6.625],"texture":"#0"},"east":{"uv":[3.75,6.375,3.5,6.625],"texture":"#0"},"south":{"uv":[3,6.375,3.5,6.625],"texture":"#0"},"west":{"uv":[3.75,6.375,3.5,6.625],"texture":"#0"},"up":{"uv":[3,6.875,3.5,6.625],"texture":"#0"},"down":{"uv":[3.875,7.125,4.375,7.375],"texture":"#0"}}},{"from":[-9,0,4.5],"to":[-5,2,6.5],"rotation":{"angle":-45,"axis":"y","origin":[-5.5,1,5.5]},"faces":{"north":{"uv":[3.5,6.375,3,6.625],"texture":"#0"},"east":{"uv":[3.75,6.375,3.5,6.625],"texture":"#0"},"south":{"uv":[3,6.375,3.5,6.625],"texture":"#0"},"west":{"uv":[3.75,6.375,3.5,6.625],"texture":"#0"},"up":{"uv":[3,6.875,3.5,6.625],"texture":"#0"},"down":{"uv":[3.875,7.125,4.375,7.375],"texture":"#0"}}}],"gui_light":"front","display":{"thirdperson_righthand":{"scale":[0.25,0.25,0.25]},"thirdperson_lefthand":{"scale":[0.25,0.25,0.25]},"firstperson_righthand":{"scale":[0.22,0.22,0.22]},"firstperson_lefthand":{"translation":[-3,0,0],"scale":[0.22,0.22,0.22]},"ground":{"translation":[0,1.75,0],"scale":[0.26,0.26,0.26]},"gui":{"rotation":[31,135,0],"translation":[0.25,-1.25,0],"scale":[0.23,0.23,0.23]},"head":{"translation":[0,-30.5,0],"scale":[1.6,1.6,1.6]},"fixed":{"translation":[0,-2,-6.25],"scale":[0.38,0.38,0.38]}}}