{"credit":"MadewithBlockbench","texture_size":[64,64],"textures":{"0":"elitecreature:casino_decoration_v1/casino_chair_bar_brown","particle":"elitecreature:casino_decoration_v1/casino_chair_bar_brown"},"elements":[{"from":[4,0,4],"to":[12,1,12],"faces":{"north":{"uv":[4,4.25,6,4],"texture":"#0"},"east":{"uv":[4,4.25,6,4],"texture":"#0"},"south":{"uv":[4,4.25,6,4],"texture":"#0"},"west":{"uv":[4,4.25,6,4],"texture":"#0"},"up":{"uv":[2,2,0,0],"texture":"#0"},"down":{"uv":[2,2,0,4],"texture":"#0"}}},{"from":[4,5,4],"to":[12,5,12],"faces":{"north":{"uv":[0,0,2,0],"texture":"#0"},"east":{"uv":[0,0,2,0],"texture":"#0"},"south":{"uv":[0,0,2,0],"texture":"#0"},"west":{"uv":[0,0,2,0],"texture":"#0"},"up":{"uv":[6,2,4,0],"texture":"#0"},"down":{"uv":[6,0,4,2],"texture":"#0"}}},{"from":[4,13,4],"to":[12,15,12],"faces":{"north":{"uv":[4,3.5,6,4],"texture":"#0"},"east":{"uv":[4,3.5,6,4],"texture":"#0"},"south":{"uv":[4,3.5,6,4],"texture":"#0"},"west":{"uv":[4,3.5,6,4],"texture":"#0"},"up":{"uv":[4,2,2,0],"texture":"#0"},"down":{"uv":[4,2,2,4],"texture":"#0"}}},{"from":[4,17,11],"to":[12,21,12],"faces":{"north":{"uv":[0,4,2,5],"texture":"#0"},"east":{"uv":[4.75,2,5,3],"texture":"#0"},"south":{"uv":[2,4,4,5],"texture":"#0"},"west":{"uv":[4.75,2,5,3],"texture":"#0"},"up":{"uv":[2,5.25,0,5],"texture":"#0"},"down":{"uv":[2,5,0,5.25],"texture":"#0"}}},{"from":[7,14,12],"to":[9,19,13],"faces":{"north":{"uv":[4,2,4.5,3.25],"texture":"#0"},"east":{"uv":[4.75,2,4.5,3.25],"texture":"#0"},"south":{"uv":[4,2,4.5,3.25],"texture":"#0"},"west":{"uv":[4.5,2,4.75,3.25],"texture":"#0"},"up":{"uv":[4.5,3.5,4,3.25],"texture":"#0"},"down":{"uv":[4.5,3.25,4,3.5],"texture":"#0"}}},{"from":[7,1,7],"to":[9,14,9],"faces":{"north":{"uv":[6,0,6.5,3.25],"texture":"#0"},"east":{"uv":[6,0,6.5,3.25],"texture":"#0"},"south":{"uv":[6,0,6.5,3.25],"texture":"#0"},"west":{"uv":[6,0,6.5,3.25],"texture":"#0"}}}],"display":{"thirdperson_righthand":{"scale":[0.25,0.25,0.25]},"thirdperson_lefthand":{"scale":[0.25,0.25,0.25]},"firstperson_righthand":{"scale":[0.49,0.49,0.49]},"firstperson_lefthand":{"translation":[-0.5,0,0],"scale":[0.49,0.49,0.49]},"ground":{"translation":[0,1.75,0],"scale":[0.51,0.51,0.51]},"gui":{"rotation":[31,135,0],"translation":[0,-0.75,0],"scale":[0.49,0.49,0.49]},"head":{"rotation":[0,180,0],"translation":[0,-30.5,0],"scale":[1.6,1.6,1.6]},"fixed":{"translation":[0,-2,-3],"scale":[0.68,0.68,0.68]}}}