{"credit":"MadewithBlockbench","texture_size":[64,64],"textures":{"0":"elitecreature:casino_decoration_v1/casino_table_billiards_stick_stand","particle":"elitecreature:casino_decoration_v1/casino_table_billiards_stick_stand"},"elements":[{"from":[0,0,13],"to":[16,1,16],"faces":{"north":{"uv":[4.25,0,8.25,0.25],"texture":"#0"},"east":{"uv":[4.25,0.5,5,0.75],"texture":"#0"},"south":{"uv":[4.25,0,8.25,0.25],"texture":"#0"},"west":{"uv":[4.25,0.5,5,0.75],"texture":"#0"},"up":{"uv":[4.25,0.75,0.25,0],"texture":"#0"},"down":{"uv":[4.25,0.75,0.25,1.5],"texture":"#0"}}},{"from":[0,16,13],"to":[16,17,16],"faces":{"north":{"uv":[4.25,0.75,8.25,1],"texture":"#0"},"east":{"uv":[4.25,1,5,1.25],"texture":"#0"},"south":{"uv":[4.25,0.75,8.25,1],"texture":"#0"},"west":{"uv":[4.25,1,5,1.25],"texture":"#0"},"up":{"uv":[4.25,0.75,0.25,0],"texture":"#0"},"down":{"uv":[4.25,0.75,0.25,1.5],"texture":"#0"}}},{"from":[0,17,15],"to":[16,18,16],"faces":{"north":{"uv":[4.25,0.25,8.25,0.5],"texture":"#0"},"east":{"uv":[5,0.5,5.25,0.75],"texture":"#0"},"south":{"uv":[4.25,0.5,8.25,0.25],"texture":"#0"},"west":{"uv":[5,0.5,5.25,0.75],"texture":"#0"},"up":{"uv":[8.25,0.25,4.25,0.5],"texture":"#0"},"down":{"uv":[8.25,0.25,4.25,0.5],"texture":"#0"}}},{"from":[0,1,15],"to":[16,2,16],"faces":{"north":{"uv":[4.25,0.25,8.25,0.5],"texture":"#0"},"east":{"uv":[5,0.5,5.25,0.75],"texture":"#0"},"south":{"uv":[4.25,0.25,8.25,0.5],"texture":"#0"},"west":{"uv":[5,0.5,5.25,0.75],"texture":"#0"},"up":{"uv":[8.25,0.5,4.25,0.25],"texture":"#0"},"down":{"uv":[8.25,0.25,4.25,0.5],"texture":"#0"}}},{"from":[5,15,15],"to":[11,16,16],"faces":{"north":{"uv":[1.25,2.25,2.75,2.5],"texture":"#0"},"south":{"uv":[1.25,2.5,2.75,2.75],"texture":"#0"},"up":{"uv":[2.75,2.5,1.25,2.25],"texture":"#0"},"down":{"uv":[2.75,2.25,1.25,2.5],"texture":"#0"}}},{"from":[14.75,1,13.5],"to":[15.75,32,14.5],"faces":{"north":{"uv":[0,0.25,0.25,8],"texture":"#0"},"east":{"uv":[0,0.25,0.25,8],"texture":"#0"},"south":{"uv":[0,0.25,0.25,8],"texture":"#0"},"west":{"uv":[0,0.25,0.25,8],"texture":"#0"},"up":{"uv":[0.25,0.25,0,0],"texture":"#0"},"down":{"uv":[0.25,0,0,0.25],"texture":"#0"}}},{"from":[13.5,1,13.5],"to":[14.5,32,14.5],"faces":{"north":{"uv":[0,0.25,0.25,8],"texture":"#0"},"east":{"uv":[0,0.25,0.25,8],"texture":"#0"},"south":{"uv":[0,0.25,0.25,8],"texture":"#0"},"west":{"uv":[0,0.25,0.25,8],"texture":"#0"},"up":{"uv":[0.25,0.25,0,0],"texture":"#0"},"down":{"uv":[0.25,0,0,0.25],"texture":"#0"}}},{"from":[12.25,1,13.5],"to":[13.25,32,14.5],"faces":{"north":{"uv":[0,0.25,0.25,8],"texture":"#0"},"east":{"uv":[0,0.25,0.25,8],"texture":"#0"},"south":{"uv":[0,0.25,0.25,8],"texture":"#0"},"west":{"uv":[0,0.25,0.25,8],"texture":"#0"},"up":{"uv":[0.25,0.25,0,0],"texture":"#0"},"down":{"uv":[0.25,0,0,0.25],"texture":"#0"}}},{"from":[2.75,1,13.5],"to":[3.75,32,14.5],"rotation":{"angle":0,"axis":"y","origin":[16,0,0]},"faces":{"north":{"uv":[0.25,0.25,0,8],"texture":"#0"},"east":{"uv":[0.25,0.25,0,8],"texture":"#0"},"south":{"uv":[0.25,0.25,0,8],"texture":"#0"},"west":{"uv":[0.25,0.25,0,8],"texture":"#0"},"up":{"uv":[0,0.25,0.25,0],"texture":"#0"},"down":{"uv":[0,0,0.25,0.25],"texture":"#0"}}},{"from":[1.5,1,13.5],"to":[2.5,32,14.5],"rotation":{"angle":0,"axis":"y","origin":[16,0,0]},"faces":{"north":{"uv":[0.25,0.25,0,8],"texture":"#0"},"east":{"uv":[0.25,0.25,0,8],"texture":"#0"},"south":{"uv":[0.25,0.25,0,8],"texture":"#0"},"west":{"uv":[0.25,0.25,0,8],"texture":"#0"},"up":{"uv":[0,0.25,0.25,0],"texture":"#0"},"down":{"uv":[0,0,0.25,0.25],"texture":"#0"}}},{"from":[0.25,1,13.5],"to":[1.25,32,14.5],"rotation":{"angle":0,"axis":"y","origin":[16,0,0]},"faces":{"north":{"uv":[0.25,0.25,0,8],"texture":"#0"},"east":{"uv":[0.25,0.25,0,8],"texture":"#0"},"south":{"uv":[0.25,0.25,0,8],"texture":"#0"},"west":{"uv":[0.25,0.25,0,8],"texture":"#0"},"up":{"uv":[0,0.25,0.25,0],"texture":"#0"},"down":{"uv":[0,0,0.25,0.25],"texture":"#0"}}},{"from":[11,1,13],"to":[12,16,16],"faces":{"north":{"uv":[1,1.5,1.25,5.25],"texture":"#0"},"east":{"uv":[1,1.5,0.25,5.25],"texture":"#0"},"south":{"uv":[1,1.5,1.25,5.25],"texture":"#0"},"west":{"uv":[0.25,1.5,1,5.25],"texture":"#0"}}},{"from":[4,1,13],"to":[5,16,16],"rotation":{"angle":0,"axis":"y","origin":[16,0,0]},"faces":{"north":{"uv":[1.25,1.5,1,5.25],"texture":"#0"},"east":{"uv":[1,1.5,0.25,5.25],"texture":"#0"},"south":{"uv":[1.25,1.5,1,5.25],"texture":"#0"},"west":{"uv":[0.25,1.5,1,5.25],"texture":"#0"}}},{"from":[5,3,13.5],"to":[11,4,15.5],"faces":{"north":{"uv":[1.25,2,2.75,2.25],"texture":"#0"},"east":{"uv":[0.25,5.25,0.75,5.5],"texture":"#0"},"south":{"uv":[1.25,2,2.75,2.25],"texture":"#0"},"up":{"uv":[2.75,2,1.25,1.5],"texture":"#0"},"down":{"uv":[2.75,1.5,1.25,2],"texture":"#0"}}},{"from":[5,7,13.5],"to":[11,8,15.5],"faces":{"north":{"uv":[1.25,2,2.75,2.25],"texture":"#0"},"east":{"uv":[0.25,5.25,0.75,5.5],"texture":"#0"},"south":{"uv":[1.25,2,2.75,2.25],"texture":"#0"},"up":{"uv":[2.75,2,1.25,1.5],"texture":"#0"},"down":{"uv":[2.75,1.5,1.25,2],"texture":"#0"}}},{"from":[5,11,13.5],"to":[11,12,15.5],"faces":{"north":{"uv":[1.25,2,2.75,2.25],"texture":"#0"},"east":{"uv":[0.25,5.25,0.75,5.5],"texture":"#0"},"south":{"uv":[1.25,2,2.75,2.25],"texture":"#0"},"up":{"uv":[2.75,2,1.25,1.5],"texture":"#0"},"down":{"uv":[2.75,1.5,1.25,2],"texture":"#0"}}}],"gui_light":"front","display":{"thirdperson_righthand":{"scale":[0.21,0.21,0.21]},"thirdperson_lefthand":{"scale":[0.21,0.21,0.21]},"firstperson_righthand":{"translation":[0,2.25,0],"scale":[0.33,0.33,0.33]},"firstperson_lefthand":{"translation":[0,2.25,0],"scale":[0.33,0.33,0.33]},"ground":{"translation":[0,1.75,0],"scale":[0.51,0.51,0.51]},"gui":{"rotation":[31,135,0],"translation":[-1,-2.25,0],"scale":[0.27,0.27,0.27]},"head":{"rotation":[0,-180,0],"translation":[0,-30.5,0],"scale":[1.6,1.6,1.6]},"fixed":{"translation":[0,-2,-19.75],"scale":[2.58,2.58,2.58]}}}