{"credit":"MadewithBlockbench","texture_size":[128,128],"textures":{"0":"elitecreature:casino_decoration_v1/casino_bush","particle":"elitecreature:casino_decoration_v1/casino_bush"},"elements":[{"from":[-15,0,1],"to":[15,8,15],"faces":{"north":{"uv":[0,6,3.75,7],"texture":"#0"},"east":{"uv":[3.75,6,5.5,7],"texture":"#0"},"south":{"uv":[0,6,3.75,7],"texture":"#0"},"west":{"uv":[3.75,6,5.5,7],"texture":"#0"},"up":{"uv":[3.75,6,0,4.25],"texture":"#0"},"down":{"uv":[3.75,2.5,0,4.25],"texture":"#0"}}},{"from":[-13.2,10,2.8],"to":[13.2,18.2,13.2],"faces":{"north":{"uv":[3.75,3.5625,7.0625,4.5625],"texture":"#0"},"east":{"uv":[7.0625,3.25,8.375,4.25],"texture":"#0"},"south":{"uv":[7.0625,3.5625,3.75,4.5625],"texture":"#0"},"west":{"uv":[7.0625,2.25,8.375,3.25],"texture":"#0"},"up":{"uv":[7.0625,3.5625,3.75,2.25],"texture":"#0"}}},{"from":[-13,10,3],"to":[13,18,13],"faces":{"north":{"uv":[4,1.25,7.25,2.25],"texture":"#0"},"east":{"uv":[7.25,1.25,8.5,2.25],"texture":"#0"},"south":{"uv":[4,1.25,7.25,2.25],"texture":"#0"},"west":{"uv":[7.25,1.25,8.5,2.25],"texture":"#0"},"up":{"uv":[7.25,1.25,4,0],"texture":"#0"}}},{"from":[-16,8,0],"to":[16,10,16],"faces":{"north":{"uv":[0,0,4,0.25],"texture":"#0"},"east":{"uv":[0,2.25,2,2.5],"texture":"#0"},"south":{"uv":[0,0,4,0.25],"texture":"#0"},"west":{"uv":[0,2.25,2,2.5],"texture":"#0"},"up":{"uv":[4,2.25,0,0.25],"texture":"#0"},"down":{"uv":[4,0.25,0,2.25],"texture":"#0"}}}],"gui_light":"front","display":{"thirdperson_righthand":{"translation":[2,0,0],"scale":[0.25,0.25,0.25]},"thirdperson_lefthand":{"translation":[-1.75,0,0],"scale":[0.25,0.25,0.25]},"firstperson_righthand":{"translation":[1.75,0,0],"scale":[0.25,0.25,0.25]},"firstperson_lefthand":{"translation":[-2.75,0,0],"scale":[0.25,0.25,0.25]},"ground":{"translation":[2.25,0,0],"scale":[0.35,0.35,0.35]},"gui":{"rotation":[34,-39,0],"translation":[2.5,-1.5,0],"scale":[0.34,0.34,0.34]},"head":{"translation":[25.75,-30.25,0],"scale":[1.6,1.6,1.6]},"fixed":{"translation":[4.5,0,0],"scale":[0.58,0.58,0.58]}}}