{"credit":"Made by samus2002","textures":{"0":"mount_1:rpg_mount_texture/dragon_nether","particle":"mount_1:rpg_mount_texture/dragon_nether"},"elements":[{"from":[3.5,4.4859,9.91755],"to":[12.5,14.4859,14.91755],"rotation":{"angle":0,"axis":"y","origin":[8,9.4859,12.41755]},"faces":{"north":{"uv":[6.75,5.5,7.3125,6.125],"texture":"#0"},"east":{"uv":[3.25,8.3125,3.5625,8.9375],"texture":"#0"},"south":{"uv":[0,7.125,0.5625,7.75],"texture":"#0"},"west":{"uv":[4.9375,8.3125,5.25,8.9375],"texture":"#0"},"up":{"uv":[8.9375,3.0625,8.375,2.75],"texture":"#0"},"down":{"uv":[4.6875,8.4375,4.125,8.75],"texture":"#0"}}},{"from":[2.5,11.41501,3.53382],"to":[4.5,13.41501,11.53382],"rotation":{"angle":-22.5,"axis":"x","origin":[3.5,12.41501,7.53382]},"faces":{"north":{"uv":[7.9375,10.25,8.0625,10.375],"texture":"#0"},"east":{"uv":[9.5,6.25,10,6.375],"texture":"#0"},"south":{"uv":[8.125,10.25,8.25,10.375],"texture":"#0"},"west":{"uv":[6.625,9.5,7.125,9.625],"texture":"#0"},"up":{"uv":[5,6.125,4.875,5.625],"texture":"#0"},"down":{"uv":[4.8125,6.5,4.6875,7],"texture":"#0"}}},{"from":[2.42836,10.33373,14.10762],"to":[5.42836,13.33373,19.10762],"rotation":{"angle":-22.5,"axis":"y","origin":[3.92836,11.83373,16.60762]},"faces":{"north":{"uv":[9.9375,7.5625,10.125,7.75],"texture":"#0"},"east":{"uv":[6.75,6.1875,7.0625,6.375],"texture":"#0"},"south":{"uv":[10.0625,0,10.25,0.1875],"texture":"#0"},"west":{"uv":[7.4375,5.25,7.75,5.4375],"texture":"#0"},"up":{"uv":[3.8125,9.9375,3.625,9.625],"texture":"#0"},"down":{"uv":[2.375,9.6875,2.1875,10],"texture":"#0"}}},{"from":[-1.50962,10.30873,17.18738],"to":[3.49038,13.30873,20.18738],"rotation":{"angle":22.5,"axis":"y","origin":[0.99038,11.80873,18.68738]},"faces":{"north":{"uv":[9.6875,0,10,0.1875],"texture":"#0"},"east":{"uv":[10.0625,3.875,10.25,4.0625],"texture":"#0"},"south":{"uv":[2.4375,9.6875,2.75,9.875],"texture":"#0"},"west":{"uv":[4.5625,10.0625,4.75,10.25],"texture":"#0"},"up":{"uv":[10,4.0625,9.6875,3.875],"texture":"#0"},"down":{"uv":[6.1875,9.6875,5.875,9.875],"texture":"#0"}}},{"from":[-1.925,13.04097,18.08245],"to":[0.075,15.04097,25.08245],"rotation":{"angle":-45,"axis":"x","origin":[-0.925,14.04097,21.58245]},"faces":{"north":{"uv":[8.3125,10.25,8.4375,10.375],"texture":"#0"},"east":{"uv":[9.875,2.8125,10.3125,2.9375],"texture":"#0"},"south":{"uv":[10.25,10.125,10.375,10.25],"texture":"#0"},"west":{"uv":[9.875,3,10.3125,3.125],"texture":"#0"},"up":{"uv":[6.375,10.125,6.25,9.6875],"texture":"#0"},"down":{"uv":[5.5,9.8125,5.375,10.25],"texture":"#0"}}},{"from":[5.5,6.4859,-2.08245],"to":[5.5,8.4859,6.91755],"rotation":{"angle":0,"axis":"y","origin":[5.5,7.4859,2.41755]},"faces":{"north":{"uv":[4.875,3.375,4.875,3.5],"texture":"#0"},"east":{"uv":[7.25,1.5625,6.6875,1.6875],"texture":"#0"},"south":{"uv":[7.375,4.0625,7.375,4.1875],"texture":"#0"},"west":{"uv":[6.6875,1.5625,7.25,1.6875],"texture":"#0"},"up":{"uv":[5.5,10.875,5.5,10.3125],"texture":"#0"},"down":{"uv":[7,10.3125,7,10.875],"texture":"#0"}}},{"from":[10.5,6.4859,-2.08245],"to":[10.5,8.4859,6.91755],"rotation":{"angle":0,"axis":"y","origin":[10.5,7.4859,2.41755]},"faces":{"north":{"uv":[4.875,3.375,4.875,3.5],"texture":"#0"},"east":{"uv":[7.25,1.5625,6.6875,1.6875],"texture":"#0"},"south":{"uv":[7.375,4.0625,7.375,4.1875],"texture":"#0"},"west":{"uv":[6.6875,1.5625,7.25,1.6875],"texture":"#0"},"up":{"uv":[5.5,10.875,5.5,10.3125],"texture":"#0"},"down":{"uv":[7,10.3125,7,10.875],"texture":"#0"}}},{"from":[5.5,3.4859,-2.08245],"to":[10.5,6.4859,6.91755],"rotation":{"angle":0,"axis":"y","origin":[8,4.9859,2.41755]},"faces":{"north":{"uv":[7.75,9.6875,8.0625,9.875],"texture":"#0"},"east":{"uv":[9.1875,6.8125,9.75,7],"texture":"#0"},"south":{"uv":[8.125,9.6875,8.4375,9.875],"texture":"#0"},"west":{"uv":[9.1875,7.0625,9.75,7.25],"texture":"#0"},"up":{"uv":[7.625,8.9375,7.3125,8.375],"texture":"#0"},"down":{"uv":[0.3125,8.4375,0,9],"texture":"#0"}}},{"from":[8,-1.5141,-2.08245],"to":[8,3.4859,6.91755],"rotation":{"angle":0,"axis":"y","origin":[8,0.9859,2.41755]},"faces":{"north":{"uv":[1.8125,9.4375,1.8125,9.75],"texture":"#0"},"east":{"uv":[8.5,3.125,9.0625,3.4375],"texture":"#0"},"south":{"uv":[1.1875,9.5,1.1875,9.8125],"texture":"#0"},"west":{"uv":[8.5625,0,9.125,0.3125],"texture":"#0"},"up":{"uv":[1.375,10.8125,1.375,10.25],"texture":"#0"},"down":{"uv":[2.9375,10.25,2.9375,10.8125],"texture":"#0"}}},{"from":[5,6.4859,-2.08245],"to":[11,11.4859,6.91755],"rotation":{"angle":0,"axis":"y","origin":[8,8.9859,2.41755]},"faces":{"north":{"uv":[9.0625,5.75,9.4375,6.0625],"texture":"#0"},"east":{"uv":[8.4375,4.1875,9,4.5],"texture":"#0"},"south":{"uv":[9.0625,6.125,9.4375,6.4375],"texture":"#0"},"west":{"uv":[8.4375,4.5625,9,4.875],"texture":"#0"},"up":{"uv":[1.875,8.8125,1.5,8.25],"texture":"#0"},"down":{"uv":[2.3125,8.25,1.9375,8.8125],"texture":"#0"}}},{"from":[4.5,4.02919,5.10785],"to":[11.5,13.02919,12.10785],"rotation":{"angle":-22.5,"axis":"x","origin":[8,8.52919,8.60785]},"faces":{"north":{"uv":[4.9375,7.6875,5.375,8.25],"texture":"#0"},"east":{"uv":[6.0625,7.75,6.5,8.3125],"texture":"#0"},"south":{"uv":[0,7.8125,0.4375,8.375],"texture":"#0"},"west":{"uv":[7.875,0.875,8.3125,1.4375],"texture":"#0"},"up":{"uv":[4.0625,8.8125,3.625,8.375],"texture":"#0"},"down":{"uv":[6.5,8.375,6.0625,8.8125],"texture":"#0"}}},{"from":[8,11.4859,-2.08245],"to":[8,16.4859,6.91755],"rotation":{"angle":0,"axis":"y","origin":[8,13.9859,2.41755]},"faces":{"north":{"uv":[8.75,6.5,8.75,6.8125],"texture":"#0"},"east":{"uv":[9,6.125,8.4375,6.4375],"texture":"#0"},"south":{"uv":[4.0625,8.875,4.0625,9.1875],"texture":"#0"},"west":{"uv":[8.4375,6.125,9,6.4375],"texture":"#0"},"up":{"uv":[0.3125,10.6875,0.3125,10.125],"texture":"#0"},"down":{"uv":[7.3125,10.1875,7.3125,10.75],"texture":"#0"}}},{"from":[3.475,20.0141,15.05664],"to":[5.475,26.0141,17.05664],"rotation":{"angle":-22.5,"axis":"x","origin":[4.475,23.0141,16.05664]},"faces":{"north":{"uv":[3.3125,10.0625,3.4375,10.4375],"texture":"#0"},"east":{"uv":[3.8125,10.0625,3.9375,10.4375],"texture":"#0"},"south":{"uv":[4,10.0625,4.125,10.4375],"texture":"#0"},"west":{"uv":[4.1875,10.0625,4.3125,10.4375],"texture":"#0"},"up":{"uv":[5.0625,10.4375,4.9375,10.3125],"texture":"#0"},"down":{"uv":[5.25,10.3125,5.125,10.4375],"texture":"#0"}}},{"from":[3.5,15.92753,15.46693],"to":[6.5,20.92753,18.46693],"rotation":{"angle":22.5,"axis":"x","origin":[5,18.42753,16.96693]},"faces":{"north":{"uv":[8.5,9.6875,8.6875,10],"texture":"#0"},"east":{"uv":[9.1875,9.6875,9.375,10],"texture":"#0"},"south":{"uv":[9.6875,9.3125,9.875,9.625],"texture":"#0"},"west":{"uv":[9.4375,9.6875,9.625,10],"texture":"#0"},"up":{"uv":[10.25,6.3125,10.0625,6.125],"texture":"#0"},"down":{"uv":[6.625,10.0625,6.4375,10.25],"texture":"#0"}}},{"from":[3.525,12.48018,12.4256],"to":[7.525,16.48018,17.4256],"rotation":{"angle":-45,"axis":"x","origin":[5.525,14.48018,14.9256]},"faces":{"north":{"uv":[4.3125,9.5625,4.5625,9.8125],"texture":"#0"},"east":{"uv":[4.8125,9.5,5.125,9.75],"texture":"#0"},"south":{"uv":[8.875,9.5625,9.125,9.8125],"texture":"#0"},"west":{"uv":[5.1875,9.5,5.5,9.75],"texture":"#0"},"up":{"uv":[3.5625,9.8125,3.3125,9.5],"texture":"#0"},"down":{"uv":[5.8125,9.5,5.5625,9.8125],"texture":"#0"}}},{"from":[5,3.4859,-2.08245],"to":[5,6.4859,6.91755],"rotation":{"angle":0,"axis":"y","origin":[5,4.9859,2.41755]},"faces":{"north":{"uv":[8.875,9.3125,8.875,9.5],"texture":"#0"},"east":{"uv":[9.8125,0.3125,9.25,0.5],"texture":"#0"},"south":{"uv":[8.4375,9.375,8.4375,9.5625],"texture":"#0"},"west":{"uv":[9.25,0.3125,9.8125,0.5],"texture":"#0"},"up":{"uv":[3,10.8125,3,10.25],"texture":"#0"},"down":{"uv":[6.1875,10.25,6.1875,10.8125],"texture":"#0"}}},{"from":[5.5,12.99635,2.42907],"to":[5.5,16.99635,9.42907],"rotation":{"angle":-22.5,"axis":"x","origin":[5.5,14.99635,5.92907]},"faces":{"north":{"uv":[0.1875,10.375,0.1875,10.625],"texture":"#0"},"east":{"uv":[9.625,0,9.1875,0.25],"texture":"#0"},"south":{"uv":[0.375,10.375,0.375,10.625],"texture":"#0"},"west":{"uv":[9.1875,0,9.625,0.25],"texture":"#0"},"up":{"uv":[0.4375,10.8125,0.4375,10.375],"texture":"#0"},"down":{"uv":[0.5,10.375,0.5,10.8125],"texture":"#0"}}},{"from":[11.5,11.41501,3.53382],"to":[13.5,13.41501,11.53382],"rotation":{"angle":-22.5,"axis":"x","origin":[12.5,12.41501,7.53382]},"faces":{"north":{"uv":[6.8125,10.3125,6.9375,10.4375],"texture":"#0"},"east":{"uv":[9.625,1.75,10.125,1.875],"texture":"#0"},"south":{"uv":[7.5,10.3125,7.625,10.4375],"texture":"#0"},"west":{"uv":[9.625,7.8125,10.125,7.9375],"texture":"#0"},"up":{"uv":[5.4375,8.8125,5.3125,8.3125],"texture":"#0"},"down":{"uv":[1,8.375,0.875,8.875],"texture":"#0"}}},{"from":[10.5,12.99635,2.42907],"to":[10.5,16.99635,9.42907],"rotation":{"angle":-22.5,"axis":"x","origin":[10.5,14.99635,5.92907]},"faces":{"north":{"uv":[0.1875,10.375,0.1875,10.625],"texture":"#0"},"east":{"uv":[9.625,0,9.1875,0.25],"texture":"#0"},"south":{"uv":[0.375,10.375,0.375,10.625],"texture":"#0"},"west":{"uv":[9.1875,0,9.625,0.25],"texture":"#0"},"up":{"uv":[0.4375,10.8125,0.4375,10.375],"texture":"#0"},"down":{"uv":[0.5,10.375,0.5,10.8125],"texture":"#0"}}},{"from":[10.475,20.0141,15.05664],"to":[12.475,26.0141,17.05664],"rotation":{"angle":-22.5,"axis":"x","origin":[11.475,23.0141,16.05664]},"faces":{"north":{"uv":[3.4375,10.0625,3.3125,10.4375],"texture":"#0"},"east":{"uv":[4.3125,10.0625,4.1875,10.4375],"texture":"#0"},"south":{"uv":[4.125,10.0625,4,10.4375],"texture":"#0"},"west":{"uv":[3.9375,10.0625,3.8125,10.4375],"texture":"#0"},"up":{"uv":[4.9375,10.4375,5.0625,10.3125],"texture":"#0"},"down":{"uv":[5.125,10.3125,5.25,10.4375],"texture":"#0"}}},{"from":[9.475,15.92753,15.46693],"to":[12.475,20.92753,18.46693],"rotation":{"angle":22.5,"axis":"x","origin":[10.975,18.42753,16.96693]},"faces":{"north":{"uv":[8.6875,9.6875,8.5,10],"texture":"#0"},"east":{"uv":[9.625,9.6875,9.4375,10],"texture":"#0"},"south":{"uv":[9.875,9.3125,9.6875,9.625],"texture":"#0"},"west":{"uv":[9.375,9.6875,9.1875,10],"texture":"#0"},"up":{"uv":[10.0625,6.3125,10.25,6.125],"texture":"#0"},"down":{"uv":[6.4375,10.0625,6.625,10.25],"texture":"#0"}}},{"from":[8.475,12.48018,12.4256],"to":[12.475,16.48018,17.4256],"rotation":{"angle":-45,"axis":"x","origin":[10.475,14.48018,14.9256]},"faces":{"north":{"uv":[4.5625,9.5625,4.3125,9.8125],"texture":"#0"},"east":{"uv":[5.5,9.5,5.1875,9.75],"texture":"#0"},"south":{"uv":[9.125,9.5625,8.875,9.8125],"texture":"#0"},"west":{"uv":[5.125,9.5,4.8125,9.75],"texture":"#0"},"up":{"uv":[3.3125,9.8125,3.5625,9.5],"texture":"#0"},"down":{"uv":[5.5625,9.5,5.8125,9.8125],"texture":"#0"}}},{"from":[-1.925,8.04097,18.08245],"to":[0.075,10.04097,25.08245],"rotation":{"angle":-45,"axis":"x","origin":[-0.925,9.04097,21.58245]},"faces":{"north":{"uv":[8.3125,10.25,8.4375,10.375],"texture":"#0"},"east":{"uv":[9.875,2.8125,10.3125,2.9375],"texture":"#0"},"south":{"uv":[10.25,10.125,10.375,10.25],"texture":"#0"},"west":{"uv":[9.875,3,10.3125,3.125],"texture":"#0"},"up":{"uv":[6.375,10.125,6.25,9.6875],"texture":"#0"},"down":{"uv":[5.5,9.8125,5.375,10.25],"texture":"#0"}}},{"from":[-1.50962,5.30873,17.18738],"to":[3.49038,8.30873,20.18738],"rotation":{"angle":22.5,"axis":"y","origin":[0.99038,6.80873,18.68738]},"faces":{"north":{"uv":[9.6875,0,10,0.1875],"texture":"#0"},"east":{"uv":[10.0625,3.875,10.25,4.0625],"texture":"#0"},"south":{"uv":[2.4375,9.6875,2.75,9.875],"texture":"#0"},"west":{"uv":[4.5625,10.0625,4.75,10.25],"texture":"#0"},"up":{"uv":[10,4.0625,9.6875,3.875],"texture":"#0"},"down":{"uv":[6.1875,9.6875,5.875,9.875],"texture":"#0"}}},{"from":[2.42836,5.33373,14.10762],"to":[5.42836,8.33373,19.10762],"rotation":{"angle":-22.5,"axis":"y","origin":[3.92836,6.83373,16.60762]},"faces":{"north":{"uv":[9.9375,7.5625,10.125,7.75],"texture":"#0"},"east":{"uv":[6.75,6.1875,7.0625,6.375],"texture":"#0"},"south":{"uv":[10.0625,0,10.25,0.1875],"texture":"#0"},"west":{"uv":[7.4375,5.25,7.75,5.4375],"texture":"#0"},"up":{"uv":[3.8125,9.9375,3.625,9.625],"texture":"#0"},"down":{"uv":[2.375,9.6875,2.1875,10],"texture":"#0"}}},{"from":[15.925,13.04097,18.08245],"to":[17.925,15.04097,25.08245],"rotation":{"angle":-45,"axis":"x","origin":[16.925,14.04097,21.58245]},"faces":{"north":{"uv":[8.4375,10.25,8.3125,10.375],"texture":"#0"},"east":{"uv":[10.3125,3,9.875,3.125],"texture":"#0"},"south":{"uv":[10.375,10.125,10.25,10.25],"texture":"#0"},"west":{"uv":[10.3125,2.8125,9.875,2.9375],"texture":"#0"},"up":{"uv":[6.25,10.125,6.375,9.6875],"texture":"#0"},"down":{"uv":[5.375,9.8125,5.5,10.25],"texture":"#0"}}},{"from":[15.925,8.04097,18.08245],"to":[17.925,10.04097,25.08245],"rotation":{"angle":-45,"axis":"x","origin":[16.925,9.04097,21.58245]},"faces":{"north":{"uv":[8.4375,10.25,8.3125,10.375],"texture":"#0"},"east":{"uv":[10.3125,3,9.875,3.125],"texture":"#0"},"south":{"uv":[10.375,10.125,10.25,10.25],"texture":"#0"},"west":{"uv":[10.3125,2.8125,9.875,2.9375],"texture":"#0"},"up":{"uv":[6.25,10.125,6.375,9.6875],"texture":"#0"},"down":{"uv":[5.375,9.8125,5.5,10.25],"texture":"#0"}}},{"from":[12.50962,5.30873,17.18738],"to":[17.50962,8.30873,20.18738],"rotation":{"angle":-22.5,"axis":"y","origin":[15.00962,6.80873,18.68738]},"faces":{"north":{"uv":[10,0,9.6875,0.1875],"texture":"#0"},"east":{"uv":[4.75,10.0625,4.5625,10.25],"texture":"#0"},"south":{"uv":[2.75,9.6875,2.4375,9.875],"texture":"#0"},"west":{"uv":[10.25,3.875,10.0625,4.0625],"texture":"#0"},"up":{"uv":[9.6875,4.0625,10,3.875],"texture":"#0"},"down":{"uv":[5.875,9.6875,6.1875,9.875],"texture":"#0"}}},{"from":[10.57164,5.33373,14.10762],"to":[13.57164,8.33373,19.10762],"rotation":{"angle":22.5,"axis":"y","origin":[12.07164,6.83373,16.60762]},"faces":{"north":{"uv":[10.125,7.5625,9.9375,7.75],"texture":"#0"},"east":{"uv":[7.75,5.25,7.4375,5.4375],"texture":"#0"},"south":{"uv":[10.25,0,10.0625,0.1875],"texture":"#0"},"west":{"uv":[7.0625,6.1875,6.75,6.375],"texture":"#0"},"up":{"uv":[3.625,9.9375,3.8125,9.625],"texture":"#0"},"down":{"uv":[2.1875,9.6875,2.375,10],"texture":"#0"}}},{"from":[10.57164,10.33373,14.10762],"to":[13.57164,13.33373,19.10762],"rotation":{"angle":22.5,"axis":"y","origin":[12.07164,11.83373,16.60762]},"faces":{"north":{"uv":[10.125,7.5625,9.9375,7.75],"texture":"#0"},"east":{"uv":[7.75,5.25,7.4375,5.4375],"texture":"#0"},"south":{"uv":[10.25,0,10.0625,0.1875],"texture":"#0"},"west":{"uv":[7.0625,6.1875,6.75,6.375],"texture":"#0"},"up":{"uv":[3.625,9.9375,3.8125,9.625],"texture":"#0"},"down":{"uv":[2.1875,9.6875,2.375,10],"texture":"#0"}}},{"from":[12.50962,10.30873,17.18738],"to":[17.50962,13.30873,20.18738],"rotation":{"angle":-22.5,"axis":"y","origin":[15.00962,11.80873,18.68738]},"faces":{"north":{"uv":[10,0,9.6875,0.1875],"texture":"#0"},"east":{"uv":[4.75,10.0625,4.5625,10.25],"texture":"#0"},"south":{"uv":[2.75,9.6875,2.4375,9.875],"texture":"#0"},"west":{"uv":[10.25,3.875,10.0625,4.0625],"texture":"#0"},"up":{"uv":[9.6875,4.0625,10,3.875],"texture":"#0"},"down":{"uv":[5.875,9.6875,6.1875,9.875],"texture":"#0"}}},{"from":[11,3.4859,-2.08245],"to":[11,6.4859,6.91755],"rotation":{"angle":0,"axis":"y","origin":[11,4.9859,2.41755]},"faces":{"north":{"uv":[8.875,9.3125,8.875,9.5],"texture":"#0"},"east":{"uv":[9.8125,0.3125,9.25,0.5],"texture":"#0"},"south":{"uv":[8.4375,9.375,8.4375,9.5625],"texture":"#0"},"west":{"uv":[9.25,0.3125,9.8125,0.5],"texture":"#0"},"up":{"uv":[3,10.8125,3,10.25],"texture":"#0"},"down":{"uv":[6.1875,10.25,6.1875,10.8125],"texture":"#0"}}}],"gui_light":"front","display":{"gui":{"rotation":[0,90,0],"translation":[-1.5,-3,0],"scale":[0.55,0.55,0.55]}}}