{"credit":"Made by samus2002","textures":{"0":"mount_1:rpg_mount_texture/manticore_aether","particle":"mount_1:rpg_mount_texture/manticore_aether"},"elements":[{"from":[2,2.00092,4.44664],"to":[14,13.00092,14.44664],"rotation":{"angle":0,"axis":"y","origin":[8,8,8]},"faces":{"north":{"uv":[5.0625,6.125,5.8125,6.8125],"texture":"#0"},"east":{"uv":[6.5625,5.125,7.1875,5.8125],"texture":"#0"},"south":{"uv":[5.875,6.125,6.625,6.8125],"texture":"#0"},"west":{"uv":[0,6.625,0.625,7.3125],"texture":"#0"},"up":{"uv":[6.9375,0.625,6.1875,0],"texture":"#0"},"down":{"uv":[3.125,6.1875,2.375,6.8125],"texture":"#0"}}},{"from":[5.5,2.00092,-0.55336],"to":[10.5,4.00092,4.44664],"rotation":{"angle":0,"axis":"y","origin":[8,8,8]},"faces":{"north":{"uv":[2.375,6,2.6875,6.125],"texture":"#0"},"east":{"uv":[8.5,2.5,8.8125,2.625],"texture":"#0"},"south":{"uv":[9.3125,2.25,9.625,2.375],"texture":"#0"},"west":{"uv":[9.3125,4.1875,9.625,4.3125],"texture":"#0"},"up":{"uv":[0.8125,8.75,0.5,8.4375],"texture":"#0"},"down":{"uv":[4.5,8.5625,4.1875,8.875],"texture":"#0"}}},{"from":[5.5,8.73754,-0.39016],"to":[10.5,12.73754,6.60984],"rotation":{"angle":-22.5,"axis":"x","origin":[8,8,8]},"faces":{"north":{"uv":[3.375,8.8125,3.6875,9.0625],"texture":"#0"},"east":{"uv":[0,8.4375,0.4375,8.6875],"texture":"#0"},"south":{"uv":[3.75,8.8125,4.0625,9.0625],"texture":"#0"},"west":{"uv":[2.5625,8.4375,3,8.6875],"texture":"#0"},"up":{"uv":[1.6875,8.8125,1.375,8.375],"texture":"#0"},"down":{"uv":[5.1875,8.375,4.875,8.8125],"texture":"#0"}}},{"from":[4.5,4.00092,-0.55336],"to":[11.5,8.00092,4.44664],"rotation":{"angle":0,"axis":"y","origin":[8,8,8]},"faces":{"north":{"uv":[3.0625,8.4375,3.5,8.6875],"texture":"#0"},"east":{"uv":[8.8125,5,9.125,5.25],"texture":"#0"},"south":{"uv":[8.4375,4.375,8.875,4.625],"texture":"#0"},"west":{"uv":[5.75,8.8125,6.0625,9.0625],"texture":"#0"},"up":{"uv":[6.625,1,6.1875,0.6875],"texture":"#0"},"down":{"uv":[5.6875,8.375,5.25,8.6875],"texture":"#0"}}},{"from":[-3.53769,3.29591,1.47164],"to":[5.46231,11.29591,1.47164],"rotation":{"angle":22.5,"axis":"z","origin":[8,8,8]},"faces":{"north":{"uv":[5.125,2.8125,5.6875,3.3125],"texture":"#0"},"east":{"uv":[4.9375,3.375,4.9375,3.875],"texture":"#0"},"south":{"uv":[5.6875,2.8125,5.125,3.3125],"texture":"#0"},"west":{"uv":[5,3.375,5,3.875],"texture":"#0"},"up":{"uv":[2.8125,4,2.25,4],"texture":"#0"},"down":{"uv":[2.8125,4.0625,2.25,4.0625],"texture":"#0"}}},{"from":[4.5,1.00092,-0.55336],"to":[4.5,4.00092,4.44664],"rotation":{"angle":0,"axis":"y","origin":[8,8,8]},"faces":{"north":{"uv":[4.9375,3.9375,4.9375,4.125],"texture":"#0"},"east":{"uv":[5.0625,9.3125,4.75,9.5],"texture":"#0"},"south":{"uv":[5,3.9375,5,4.125],"texture":"#0"},"west":{"uv":[4.75,9.3125,5.0625,9.5],"texture":"#0"},"up":{"uv":[5.75,3.125,5.75,2.8125],"texture":"#0"},"down":{"uv":[5.8125,2.8125,5.8125,3.125],"texture":"#0"}}},{"from":[-0.4,6.95092,4.32164],"to":[7.575,11.65092,4.32164],"rotation":{"angle":0,"axis":"y","origin":[8,8,8]},"faces":{"north":{"uv":[8.1875,0.375,8.6875,0.6875],"texture":"#0"},"east":{"uv":[0.625,7.375,0.625,7.6875],"texture":"#0"},"south":{"uv":[8.6875,0.375,8.1875,0.6875],"texture":"#0"},"west":{"uv":[0.5,7.9375,0.5,8.25],"texture":"#0"},"up":{"uv":[5.0625,1.75,4.5625,1.75],"texture":"#0"},"down":{"uv":[5.0625,1.8125,4.5625,1.8125],"texture":"#0"}}},{"from":[0.36907,8.43467,4.07164],"to":[5.36907,10.43467,8.07164],"rotation":{"angle":-22.5,"axis":"z","origin":[8,8,8]},"faces":{"north":{"uv":[9.3125,7,9.625,7.125],"texture":"#0"},"east":{"uv":[9.375,3.75,9.625,3.875],"texture":"#0"},"south":{"uv":[9.3125,7.1875,9.625,7.3125],"texture":"#0"},"west":{"uv":[9.375,3.9375,9.625,4.0625],"texture":"#0"},"up":{"uv":[7.1875,9.0625,6.875,8.8125],"texture":"#0"},"down":{"uv":[1.4375,8.875,1.125,9.125],"texture":"#0"}}},{"from":[-0.5,0.00092,9.44664],"to":[16.5,16.00092,19.44664],"rotation":{"angle":0,"axis":"y","origin":[8,8,8]},"faces":{"north":{"uv":[2.875,2,3.9375,3],"texture":"#0"},"east":{"uv":[5.5,0,6.125,1],"texture":"#0"},"south":{"uv":[2.875,2,3.9375,3],"texture":"#0"},"west":{"uv":[0,5.5625,0.625,6.5625],"texture":"#0"},"up":{"uv":[5.375,6.0625,4.3125,5.4375],"texture":"#0"},"down":{"uv":[5.375,6.0625,4.3125,5.4375],"texture":"#0"}}},{"from":[3,9.63458,9.68044],"to":[13,12.63458,14.68044],"rotation":{"angle":-45,"axis":"x","origin":[8,8,8]},"faces":{"north":{"uv":[8.125,5.0625,8.75,5.25],"texture":"#0"},"east":{"uv":[5.125,9.3125,5.4375,9.5],"texture":"#0"},"south":{"uv":[8.125,5.0625,8.75,5.25],"texture":"#0"},"west":{"uv":[6.0625,9.3125,6.375,9.5],"texture":"#0"},"up":{"uv":[2.5625,8.1875,1.9375,7.875],"texture":"#0"},"down":{"uv":[2.5625,8.1875,1.9375,7.875],"texture":"#0"}}},{"from":[-0.5,14.83728,12.39834],"to":[16.5,14.83728,23.39834],"rotation":{"angle":-22.5,"axis":"x","origin":[8,8,8]},"faces":{"north":{"uv":[7.4375,3.375,8.5,3.375],"texture":"#0"},"east":{"uv":[5.875,4.3125,6.5625,4.3125],"texture":"#0"},"south":{"uv":[8.9375,5.625,10,5.625],"texture":"#0"},"west":{"uv":[9.375,4.125,10.0625,4.125],"texture":"#0"},"up":{"uv":[1.0625,4.6875,0,4],"texture":"#0"},"down":{"uv":[1.0625,4,0,4.6875],"texture":"#0"}}},{"from":[11.29937,4.00092,7.58933],"to":[14.29937,10.00092,13.58933],"rotation":{"angle":22.5,"axis":"y","origin":[8,8,8]},"faces":{"north":{"uv":[1.5,8.875,1.6875,9.25],"texture":"#0"},"east":{"uv":[7.5625,8.3125,7.9375,8.6875],"texture":"#0"},"south":{"uv":[4.8125,8.875,5,9.25],"texture":"#0"},"west":{"uv":[0.9375,8.375,1.3125,8.75],"texture":"#0"},"up":{"uv":[8.0625,9.25,7.875,8.875],"texture":"#0"},"down":{"uv":[8.0625,8.875,7.875,9.25],"texture":"#0"}}},{"from":[0.70163,0.00092,12.58933],"to":[0.70163,16.00092,23.58933],"rotation":{"angle":-22.5,"axis":"y","origin":[8,8,8]},"faces":{"north":{"uv":[7.875,9.5,7.875,10.5],"texture":"#0"},"east":{"uv":[4.25,5.125,3.5625,6.125],"texture":"#0"},"south":{"uv":[7.9375,9.5,7.9375,10.5],"texture":"#0"},"west":{"uv":[3.5625,5.125,4.25,6.125],"texture":"#0"},"up":{"uv":[8,10.1875,8,9.5],"texture":"#0"},"down":{"uv":[8.0625,9.5,8.0625,10.1875],"texture":"#0"}}},{"from":[15.29837,0.00092,12.58933],"to":[15.29837,16.00092,23.58933],"rotation":{"angle":22.5,"axis":"y","origin":[8,8,8]},"faces":{"north":{"uv":[7.875,9.5,7.875,10.5],"texture":"#0"},"east":{"uv":[4.25,5.125,3.5625,6.125],"texture":"#0"},"south":{"uv":[7.9375,9.5,7.9375,10.5],"texture":"#0"},"west":{"uv":[3.5625,5.125,4.25,6.125],"texture":"#0"},"up":{"uv":[8,10.1875,8,9.5],"texture":"#0"},"down":{"uv":[8.0625,9.5,8.0625,10.1875],"texture":"#0"}}},{"from":[1.90681,-1.10076,8.44664],"to":[4.90681,6.89924,11.44664],"rotation":{"angle":-22.5,"axis":"z","origin":[8,8,8]},"faces":{"north":{"uv":[0.9375,7.75,1.125,8.25],"texture":"#0"},"east":{"uv":[4.5625,8.5625,4.75,9.0625],"texture":"#0"},"south":{"uv":[0.9375,7.75,1.125,8.25],"texture":"#0"},"west":{"uv":[4.5625,8.5625,4.75,9.0625],"texture":"#0"},"up":{"uv":[5.6875,9.3125,5.5,9.5],"texture":"#0"},"down":{"uv":[5.6875,9.3125,5.5,9.5],"texture":"#0"}}},{"from":[-1.61209,0.42376,7.94664],"to":[2.38791,2.42376,11.94664],"rotation":{"angle":0,"axis":"y","origin":[8,8,8]},"faces":{"north":{"uv":[9.375,6.1875,9.625,6.3125],"texture":"#0"},"east":{"uv":[9.375,7.375,9.625,7.5],"texture":"#0"},"south":{"uv":[9.375,7.5625,9.625,7.6875],"texture":"#0"},"west":{"uv":[3.25,9.4375,3.5,9.5625],"texture":"#0"},"up":{"uv":[9.5625,1.25,9.3125,1],"texture":"#0"},"down":{"uv":[1.6875,9.3125,1.4375,9.5625],"texture":"#0"}}},{"from":[-1.11209,-6.07624,8.44664],"to":[1.88791,1.92376,11.44664],"rotation":{"angle":0,"axis":"y","origin":[8,8,8]},"faces":{"north":{"uv":[0,8.75,0.1875,9.25],"texture":"#0"},"east":{"uv":[8.75,0.9375,8.9375,1.4375],"texture":"#0"},"south":{"uv":[0,8.75,0.1875,9.25],"texture":"#0"},"west":{"uv":[8.75,0.9375,8.9375,1.4375],"texture":"#0"},"up":{"uv":[9.5,8.3125,9.3125,8.5],"texture":"#0"},"down":{"uv":[9.5,8.3125,9.3125,8.5],"texture":"#0"}}},{"from":[11.09319,-1.10076,8.44664],"to":[14.09319,6.89924,11.44664],"rotation":{"angle":22.5,"axis":"z","origin":[8,8,8]},"faces":{"north":{"uv":[1.125,7.75,0.9375,8.25],"texture":"#0"},"east":{"uv":[4.75,8.5625,4.5625,9.0625],"texture":"#0"},"south":{"uv":[1.125,7.75,0.9375,8.25],"texture":"#0"},"west":{"uv":[4.75,8.5625,4.5625,9.0625],"texture":"#0"},"up":{"uv":[5.5,9.3125,5.6875,9.5],"texture":"#0"},"down":{"uv":[5.5,9.3125,5.6875,9.5],"texture":"#0"}}},{"from":[13.61209,0.42376,7.94664],"to":[17.61209,2.42376,11.94664],"rotation":{"angle":0,"axis":"y","origin":[8,8,8]},"faces":{"north":{"uv":[9.625,6.1875,9.375,6.3125],"texture":"#0"},"east":{"uv":[3.5,9.4375,3.25,9.5625],"texture":"#0"},"south":{"uv":[9.625,7.5625,9.375,7.6875],"texture":"#0"},"west":{"uv":[9.625,7.375,9.375,7.5],"texture":"#0"},"up":{"uv":[9.3125,1.25,9.5625,1],"texture":"#0"},"down":{"uv":[1.4375,9.3125,1.6875,9.5625],"texture":"#0"}}},{"from":[14.11209,-6.07624,8.44664],"to":[17.11209,1.92376,11.44664],"rotation":{"angle":0,"axis":"y","origin":[8,8,8]},"faces":{"north":{"uv":[0.1875,8.75,0,9.25],"texture":"#0"},"east":{"uv":[8.9375,0.9375,8.75,1.4375],"texture":"#0"},"south":{"uv":[0.1875,8.75,0,9.25],"texture":"#0"},"west":{"uv":[8.9375,0.9375,8.75,1.4375],"texture":"#0"},"up":{"uv":[9.3125,8.3125,9.5,8.5],"texture":"#0"},"down":{"uv":[9.3125,8.3125,9.5,8.5],"texture":"#0"}}},{"from":[11.5,1.00092,-0.55336],"to":[11.5,4.00092,4.44664],"rotation":{"angle":0,"axis":"y","origin":[8,8,8]},"faces":{"north":{"uv":[6.5625,5.875,6.5625,6.0625],"texture":"#0"},"east":{"uv":[9.3125,6.5,9.625,6.6875],"texture":"#0"},"south":{"uv":[1.5,6.625,1.5,6.8125],"texture":"#0"},"west":{"uv":[9.3125,6.75,9.625,6.9375],"texture":"#0"},"up":{"uv":[8.375,9.8125,8.375,9.5],"texture":"#0"},"down":{"uv":[8.4375,9.5,8.4375,9.8125],"texture":"#0"}}},{"from":[8.425,6.95092,4.32164],"to":[16.4,11.65092,4.32164],"rotation":{"angle":0,"axis":"y","origin":[8,8,8]},"faces":{"north":{"uv":[8.6875,0.375,8.1875,0.6875],"texture":"#0"},"east":{"uv":[0.5,7.9375,0.5,8.25],"texture":"#0"},"south":{"uv":[8.1875,0.375,8.6875,0.6875],"texture":"#0"},"west":{"uv":[0.625,7.375,0.625,7.6875],"texture":"#0"},"up":{"uv":[4.5625,1.75,5.0625,1.75],"texture":"#0"},"down":{"uv":[4.5625,1.8125,5.0625,1.8125],"texture":"#0"}}},{"from":[-0.5,1.16242,12.39763],"to":[16.5,1.16242,23.39763],"rotation":{"angle":22.5,"axis":"x","origin":[8,8,8]},"faces":{"north":{"uv":[7.4375,3.375,8.5,3.375],"texture":"#0"},"east":{"uv":[5.875,4.3125,6.5625,4.3125],"texture":"#0"},"south":{"uv":[8.9375,5.625,10,5.625],"texture":"#0"},"west":{"uv":[9.375,4.125,10.0625,4.125],"texture":"#0"},"up":{"uv":[1.0625,4.6875,0,4],"texture":"#0"},"down":{"uv":[1.0625,4,0,4.6875],"texture":"#0"}}},{"from":[1.70063,4.00092,7.58933],"to":[4.70063,10.00092,13.58933],"rotation":{"angle":-22.5,"axis":"y","origin":[8,8,8]},"faces":{"north":{"uv":[1.6875,8.875,1.5,9.25],"texture":"#0"},"east":{"uv":[1.3125,8.375,0.9375,8.75],"texture":"#0"},"south":{"uv":[5,8.875,4.8125,9.25],"texture":"#0"},"west":{"uv":[7.9375,8.3125,7.5625,8.6875],"texture":"#0"},"up":{"uv":[7.875,9.25,8.0625,8.875],"texture":"#0"},"down":{"uv":[7.875,8.875,8.0625,9.25],"texture":"#0"}}},{"from":[10.53769,3.29591,1.47164],"to":[19.53769,11.29591,1.47164],"rotation":{"angle":-22.5,"axis":"z","origin":[8,8,8]},"faces":{"north":{"uv":[5.6875,2.8125,5.125,3.3125],"texture":"#0"},"east":{"uv":[5,3.375,5,3.875],"texture":"#0"},"south":{"uv":[5.125,2.8125,5.6875,3.3125],"texture":"#0"},"west":{"uv":[4.9375,3.375,4.9375,3.875],"texture":"#0"},"up":{"uv":[2.25,4,2.8125,4],"texture":"#0"},"down":{"uv":[2.25,4.0625,2.8125,4.0625],"texture":"#0"}}},{"from":[10.63093,8.43467,4.07164],"to":[15.63093,10.43467,8.07164],"rotation":{"angle":22.5,"axis":"z","origin":[8,8,8]},"faces":{"north":{"uv":[9.625,7,9.3125,7.125],"texture":"#0"},"east":{"uv":[9.625,3.9375,9.375,4.0625],"texture":"#0"},"south":{"uv":[9.625,7.1875,9.3125,7.3125],"texture":"#0"},"west":{"uv":[9.625,3.75,9.375,3.875],"texture":"#0"},"up":{"uv":[6.875,9.0625,7.1875,8.8125],"texture":"#0"},"down":{"uv":[1.125,8.875,1.4375,9.125],"texture":"#0"}}},{"from":[5.9022,11.36952,11.42164],"to":[12.9022,22.36952,11.42164],"rotation":{"angle":-22.5,"axis":"z","origin":[8,8,8]},"faces":{"north":{"uv":[5.5,6.875,5.0625,7.5625],"texture":"#0"},"east":{"uv":[3.9375,9.4375,3.9375,10.125],"texture":"#0"},"south":{"uv":[5.0625,6.875,5.5,7.5625],"texture":"#0"},"west":{"uv":[3.875,9.4375,3.875,10.125],"texture":"#0"},"up":{"uv":[3.1875,4.125,3.625,4.125],"texture":"#0"},"down":{"uv":[3.1875,4.1875,3.625,4.1875],"texture":"#0"}}},{"from":[3.0978,11.36952,11.42164],"to":[10.0978,22.36952,11.42164],"rotation":{"angle":22.5,"axis":"z","origin":[8,8,8]},"faces":{"north":{"uv":[5.0625,6.875,5.5,7.5625],"texture":"#0"},"east":{"uv":[3.875,9.4375,3.875,10.125],"texture":"#0"},"south":{"uv":[5.5,6.875,5.0625,7.5625],"texture":"#0"},"west":{"uv":[3.9375,9.4375,3.9375,10.125],"texture":"#0"},"up":{"uv":[3.625,4.125,3.1875,4.125],"texture":"#0"},"down":{"uv":[3.625,4.1875,3.1875,4.1875],"texture":"#0"}}}],"gui_light":"front","display":{"gui":{"rotation":[0,-180,0],"translation":[0,0.5,0],"scale":[0.55,0.55,0.55]}}}