{"textures":{"0":"modelengine:entity/ninetailfox"},"elements":[{"name":"cube","from":[6.3455,-1.6305342,6.184942],"to":[10.8545,9.191065,14.409358],"rotation":{"angle":-22.5,"axis":"x","origin":[4.1661496,2.240463,11.507174]},"faces":{"down":{"uv":[1.1875,4.75,1.421875,5.1796875],"rotation":0,"texture":"#0","tintindex":0},"east":{"uv":[6.0,4.6875,6.4296875,5.25],"rotation":0,"texture":"#0","tintindex":0},"north":{"uv":[7.78125,6.65625,8.015625,7.21875],"rotation":0,"texture":"#0","tintindex":0},"south":{"uv":[7.78125,6.65625,8.015625,7.21875],"rotation":0,"texture":"#0","tintindex":0},"up":{"uv":[1.1875,5.1796875,1.421875,4.75],"rotation":0,"texture":"#0","tintindex":0},"west":{"uv":[6.4296875,4.6875,6.0,5.25],"rotation":0,"texture":"#0","tintindex":0}}}],"display":{"head":{"translation":[0.0,-6.4,0.0],"rotation":[0.0,0.0,0.0],"scale":[3.8095,3.8095,3.8095]}}}