{"textures":{"0":"modelengine:entity/ninetailfox"},"elements":[{"name":"cube","from":[6.0460997,1.9999998,3.2871857],"to":[9.9539,8.012,9.112814],"rotation":{"angle":0.0,"axis":"x","origin":[2.0932097,6.5165815,5.257619]},"faces":{"down":{"uv":[9.171875,0.0,8.96875,0.3046875],"rotation":0,"texture":"#0","tintindex":0},"east":{"uv":[9.0546875,0.375,8.75,0.6875],"rotation":0,"texture":"#0","tintindex":0},"north":{"uv":[9.140625,1.78125,8.9375,2.09375],"rotation":0,"texture":"#0","tintindex":0},"south":{"uv":[8.9375,1.78125,9.140625,2.09375],"rotation":0,"texture":"#0","tintindex":0},"up":{"uv":[9.171875,0.3046875,8.96875,0.0],"rotation":0,"texture":"#0","tintindex":0},"west":{"uv":[8.75,0.375,9.0546875,0.6875],"rotation":0,"texture":"#0","tintindex":0}}},{"name":"cube","from":[6.1963997,-4.0120006,4.1438956],"to":[9.8036,1.9999998,8.2561035],"rotation":{"angle":0.0,"axis":"x","origin":[2.0932097,6.5165815,5.257619]},"faces":{"down":{"uv":[9.6875,4.1875,9.5,4.3984375],"rotation":0,"texture":"#0","tintindex":0},"east":{"uv":[5.1484375,8.15625,4.9375,8.46875],"rotation":0,"texture":"#0","tintindex":0},"north":{"uv":[1.1875,5.46875,1.0,5.78125],"rotation":0,"texture":"#0","tintindex":0},"south":{"uv":[1.1875,5.46875,1.0,5.78125],"rotation":0,"texture":"#0","tintindex":0},"up":{"uv":[8.625,2.0546875,8.4375,1.84375],"rotation":0,"texture":"#0","tintindex":0},"west":{"uv":[4.9375,8.15625,5.1484375,8.46875],"rotation":0,"texture":"#0","tintindex":0}}}],"display":{"head":{"translation":[0.0,-6.4,0.0],"rotation":[0.0,0.0,0.0],"scale":[3.8095,3.8095,3.8095]}}}