{"textures":{"0":"modelengine:entity/ninetailfox"},"elements":[{"name":"cube","from":[6.93047,-3.5429668,1.7610643],"to":[11.43947,7.8798323,13.544585],"rotation":{"angle":0.0,"axis":"x","origin":[19.630821,-1.7292204,7.5731263]},"faces":{"down":{"uv":[3.328125,7.4375,3.09375,8.0546875],"rotation":0,"texture":"#0","tintindex":0},"east":{"uv":[4.9296875,2.5,4.3125,3.09375],"rotation":0,"texture":"#0","tintindex":0},"north":{"uv":[0.65625,4.71875,0.890625,4.125],"rotation":0,"texture":"#0","tintindex":0},"south":{"uv":[0.65625,4.71875,0.890625,4.125],"rotation":0,"texture":"#0","tintindex":0},"up":{"uv":[3.09375,8.0546875,3.328125,7.4375],"rotation":0,"texture":"#0","tintindex":0},"west":{"uv":[4.9296875,1.90625,4.3125,2.5],"rotation":0,"texture":"#0","tintindex":0}}},{"name":"cube","from":[7.26113,-7.519725,4.117768],"to":[11.16893,-0.6059253,12.534568],"rotation":{"angle":-22.5,"axis":"x","origin":[19.630821,-4.062825,8.602133]},"faces":{"down":{"uv":[0.203125,9.25,0.0,8.8125],"rotation":0,"texture":"#0","tintindex":0},"east":{"uv":[7.78125,1.75,7.34375,2.109375],"rotation":0,"texture":"#0","tintindex":0},"north":{"uv":[9.015625,6.953125,8.8125,6.59375],"rotation":0,"texture":"#0","tintindex":0},"south":{"uv":[9.015625,6.59375,8.8125,6.953125],"rotation":0,"texture":"#0","tintindex":0},"up":{"uv":[0.0,9.25,0.203125,8.8125],"rotation":0,"texture":"#0","tintindex":0},"west":{"uv":[7.34375,1.75,7.78125,2.109375],"rotation":0,"texture":"#0","tintindex":0}}}],"display":{"head":{"translation":[0.0,-6.4,0.0],"rotation":[0.0,0.0,0.0],"scale":[3.8095,3.8095,3.8095]}}}