{"textures":{"0":"modelengine:entity/ninetailfox"},"elements":[{"name":"box5","from":[6.850813,-2.286251,4.3466063],"to":[9.093128,0.62282467,11.861608],"rotation":{"angle":45.0,"axis":"x","origin":[7.971971,2.0317469,16.151993]},"faces":{"down":{"uv":[2.4609375,9.359375,2.09375,9.21875],"rotation":90,"texture":"#0","tintindex":0},"east":{"uv":[2.4609375,9.21875,2.09375,9.359375],"rotation":0,"texture":"#0","tintindex":0},"north":{"uv":[0.84375,9.6875,0.9609375,9.828125],"rotation":0,"texture":"#0","tintindex":0},"south":{"uv":[0.84375,9.6875,0.9609375,9.828125],"rotation":0,"texture":"#0","tintindex":0},"up":{"uv":[2.09375,9.359375,2.4609375,9.21875],"rotation":90,"texture":"#0","tintindex":0},"west":{"uv":[2.09375,9.359375,2.4609375,9.21875],"rotation":0,"texture":"#0","tintindex":0}}},{"name":"box6","from":[6.066003,-0.5067532,9.95367],"to":[9.877939,3.701647,15.364471],"rotation":{"angle":22.5,"axis":"x","origin":[7.971971,2.0317469,16.151993]},"faces":{"down":{"uv":[1.484375,9.296875,1.21875,9.09375],"rotation":90,"texture":"#0","tintindex":0},"east":{"uv":[1.484375,9.09375,1.21875,9.296875],"rotation":0,"texture":"#0","tintindex":0},"north":{"uv":[9.4375,7.53125,9.6328125,7.734375],"rotation":0,"texture":"#0","tintindex":0},"south":{"uv":[9.4375,7.53125,9.6328125,7.734375],"rotation":0,"texture":"#0","tintindex":0},"up":{"uv":[1.21875,9.296875,1.484375,9.09375],"rotation":90,"texture":"#0","tintindex":0},"west":{"uv":[1.21875,9.09375,1.484375,9.296875],"rotation":0,"texture":"#0","tintindex":0}}},{"name":"box7","from":[5.1690764,1.5642167,13.430707],"to":[10.774866,8.836906,23.030659],"rotation":{"angle":22.5,"axis":"x","origin":[8.0280285,1.9303293,5.284672]},"faces":{"down":{"uv":[7.65625,4.09375,7.1875,4.4453125],"rotation":90,"texture":"#0","tintindex":0},"east":{"uv":[7.65625,4.09375,7.1875,4.4453125],"rotation":0,"texture":"#0","tintindex":0},"north":{"uv":[8.65625,0.0,8.9453125,0.3515625],"rotation":0,"texture":"#0","tintindex":0},"south":{"uv":[8.65625,0.0,8.9453125,0.3515625],"rotation":0,"texture":"#0","tintindex":0},"up":{"uv":[7.1875,4.4453125,7.65625,4.09375],"rotation":90,"texture":"#0","tintindex":0},"west":{"uv":[7.1875,4.09375,7.65625,4.4453125],"rotation":0,"texture":"#0","tintindex":0}}},{"name":"box8","from":[4.4963818,0.5277357,20.363697],"to":[11.671792,9.836779,32.0],"rotation":{"angle":22.5,"axis":"x","origin":[8.0280285,1.9303293,5.284672]},"faces":{"down":{"uv":[0.0,6.984375,0.375,6.375],"rotation":0,"texture":"#0","tintindex":0},"east":{"uv":[5.984375,5.1875,5.375,5.671875],"rotation":0,"texture":"#0","tintindex":0},"north":{"uv":[6.375,4.6875,6.0,5.171875],"rotation":0,"texture":"#0","tintindex":0},"south":{"uv":[6.375,4.6875,6.0,5.171875],"rotation":0,"texture":"#0","tintindex":0},"up":{"uv":[0.375,6.375,0.0,6.984375],"rotation":0,"texture":"#0","tintindex":0},"west":{"uv":[5.375,5.1875,5.984375,5.671875],"rotation":0,"texture":"#0","tintindex":0}}}],"display":{"head":{"translation":[0.0,-6.4,6.787616],"rotation":[0.0,0.0,0.0],"scale":[3.8095,3.8095,3.8095]}}}