{"textures":{"0":"modelengine:entity/ninetailfox"},"elements":[{"name":"box9","from":[3.6164734,3.5593843,7.8351545],"to":[12.5170355,13.111206,21.403088],"rotation":{"angle":0.0,"axis":"x","origin":[8.011126,13.157017,10.427511]},"faces":{"down":{"uv":[2.140625,4.71875,1.4375,5.21875],"rotation":90,"texture":"#0","tintindex":0},"east":{"uv":[0.703125,5.21875,0.0,4.71875],"rotation":0,"texture":"#0","tintindex":0},"north":{"uv":[4.7734375,2.015625,4.3125,2.515625],"rotation":0,"texture":"#0","tintindex":0},"south":{"uv":[6.15625,0.0,6.6171875,0.5],"rotation":0,"texture":"#0","tintindex":0},"up":{"uv":[1.4375,4.71875,2.140625,5.21875],"rotation":90,"texture":"#0","tintindex":0},"west":{"uv":[0.0,5.21875,0.703125,4.71875],"rotation":0,"texture":"#0","tintindex":0}}},{"name":"box9","from":[4.5065293,0.83715177,17.059725],"to":[11.626979,8.478608,22.486893],"rotation":{"angle":-22.5,"axis":"x","origin":[8.011126,12.557017,10.427511]},"faces":{"down":{"uv":[5.3046875,8.46875,4.9375,8.75],"rotation":0,"texture":"#0","tintindex":0},"east":{"uv":[0.96875,8.28125,0.6875,8.6796875],"rotation":0,"texture":"#0","tintindex":0},"north":{"uv":[7.40625,6.59375,7.7734375,6.9921875],"rotation":0,"texture":"#0","tintindex":0},"south":{"uv":[2.71875,7.4375,3.0859375,7.8359375],"rotation":90,"texture":"#0","tintindex":0},"up":{"uv":[4.9296875,8.75,4.5625,8.46875],"rotation":0,"texture":"#0","tintindex":0},"west":{"uv":[0.6875,8.28125,0.96875,8.6796875],"rotation":0,"texture":"#0","tintindex":0}}},{"name":"box8","from":[5.174072,18.685627,18.779625],"to":[10.736923,24.926876,24.749516],"rotation":{"angle":45.0,"axis":"x","origin":[8.011126,12.557017,10.427511]},"faces":{"down":{"uv":[6.7578125,8.75,6.46875,9.0625],"rotation":0,"texture":"#0","tintindex":0},"east":{"uv":[8.8125,3.140625,8.5,2.8125],"rotation":0,"texture":"#0","tintindex":0},"north":{"uv":[8.5,3.140625,8.8125,2.8125],"rotation":0,"texture":"#0","tintindex":0},"south":{"uv":[8.5,3.140625,8.8125,2.8125],"rotation":0,"texture":"#0","tintindex":0},"up":{"uv":[7.0703125,8.75,6.78125,9.0625],"rotation":0,"texture":"#0","tintindex":0},"west":{"uv":[8.5,3.140625,8.8125,2.8125],"rotation":0,"texture":"#0","tintindex":0}}},{"name":"box7","from":[6.064128,24.739693,18.754051],"to":[9.846867,28.267357,22.813572],"rotation":{"angle":45.0,"axis":"x","origin":[8.011126,12.557017,10.427511]},"faces":{"down":{"uv":[9.6015625,8.1875,9.40625,8.3984375],"rotation":0,"texture":"#0","tintindex":0},"east":{"uv":[3.6171875,8.15625,3.40625,8.34375],"rotation":0,"texture":"#0","tintindex":0},"north":{"uv":[1.5,9.5,1.6953125,9.6875],"rotation":0,"texture":"#0","tintindex":0},"south":{"uv":[9.5,3.625,9.6953125,3.8125],"rotation":0,"texture":"#0","tintindex":0},"up":{"uv":[9.6015625,8.9921875,9.40625,8.78125],"rotation":0,"texture":"#0","tintindex":0},"west":{"uv":[3.40625,8.15625,3.6171875,8.34375],"rotation":0,"texture":"#0","tintindex":0}}},{"name":"box6","from":[6.842927,22.603958,24.002003],"to":[9.068068,25.91056,26.715591],"rotation":{"angle":22.5,"axis":"x","origin":[8.011126,12.557017,10.427511]},"faces":{"down":{"uv":[9.8046875,1.390625,9.6875,1.25],"rotation":0,"texture":"#0","tintindex":0},"east":{"uv":[9.59375,8.40625,9.734375,8.578125],"rotation":0,"texture":"#0","tintindex":0},"north":{"uv":[9.734375,8.40625,9.59375,8.578125],"rotation":0,"texture":"#0","tintindex":0},"south":{"uv":[9.734375,8.40625,9.59375,8.578125],"rotation":0,"texture":"#0","tintindex":0},"up":{"uv":[9.8046875,1.390625,9.6875,1.25],"rotation":0,"texture":"#0","tintindex":0},"west":{"uv":[9.59375,8.40625,9.734375,8.578125],"rotation":0,"texture":"#0","tintindex":0}}}],"display":{"head":{"translation":[0.0,-6.4,0.0],"rotation":[0.0,0.0,0.0],"scale":[3.8095,3.8095,3.8095]}}}