{"textures":{"0":"modelengine:entity/ninetailfox"},"elements":[{"name":"box8","from":[3.5826383,3.326759,7.580176],"to":[12.5519,13.566707,28.137554],"rotation":{"angle":0.0,"axis":"x","origin":[8.011211,10.302284,9.598135]},"faces":{"down":{"uv":[0.9375,3.03125,0.46875,4.1015625],"rotation":0,"texture":"#0","tintindex":0},"east":{"uv":[3.0703125,1.59375,2.0,1.0625],"rotation":0,"texture":"#0","tintindex":0},"north":{"uv":[4.7734375,1.9765625,4.3125,2.5],"rotation":0,"texture":"#0","tintindex":0},"south":{"uv":[6.15625,0.0,6.6171875,0.5],"rotation":0,"texture":"#0","tintindex":0},"up":{"uv":[0.9375,4.1015625,0.46875,3.03125],"rotation":0,"texture":"#0","tintindex":0},"west":{"uv":[2.0,1.59375,3.0703125,1.0625],"rotation":0,"texture":"#0","tintindex":0}}},{"name":"box8","from":[4.479564,0.5081296,24.691387],"to":[11.654974,8.700088,30.50954],"rotation":{"angle":-22.5,"axis":"x","origin":[8.011211,10.302284,15.610134]},"faces":{"down":{"uv":[5.3046875,8.46875,4.9375,8.75],"rotation":0,"texture":"#0","tintindex":0},"east":{"uv":[0.96875,8.28125,0.6875,8.6796875],"rotation":0,"texture":"#0","tintindex":0},"north":{"uv":[5.21875,7.1875,5.59375,7.6171875],"rotation":0,"texture":"#0","tintindex":0},"south":{"uv":[2.71875,7.4375,3.0859375,7.8359375],"rotation":90,"texture":"#0","tintindex":0},"up":{"uv":[4.9296875,8.75,4.5625,8.46875],"rotation":0,"texture":"#0","tintindex":0},"west":{"uv":[0.6875,8.28125,0.96875,8.6796875],"rotation":0,"texture":"#0","tintindex":0}}},{"name":"box7","from":[5.1522593,19.753647,22.75914],"to":[10.758048,25.84452,29.159107],"rotation":{"angle":45.0,"axis":"x","origin":[8.011211,10.302284,15.610134]},"faces":{"down":{"uv":[8.9765625,6.96875,8.6875,7.3046875],"rotation":0,"texture":"#0","tintindex":0},"east":{"uv":[8.8125,3.140625,8.5,2.8125],"rotation":0,"texture":"#0","tintindex":0},"north":{"uv":[8.5,3.140625,8.8125,2.8125],"rotation":0,"texture":"#0","tintindex":0},"south":{"uv":[8.5,3.140625,8.8125,2.8125],"rotation":0,"texture":"#0","tintindex":0},"up":{"uv":[7.0703125,8.75,6.78125,9.0625],"rotation":0,"texture":"#0","tintindex":0},"west":{"uv":[8.5,3.140625,8.8125,2.8125],"rotation":0,"texture":"#0","tintindex":0}}},{"name":"box6","from":[6.0491853,25.643852,22.131725],"to":[9.861122,29.425652,26.4837],"rotation":{"angle":45.0,"axis":"x","origin":[8.011211,9.702284,15.010134]},"faces":{"down":{"uv":[1.3515625,9.3125,1.15625,9.5390625],"rotation":0,"texture":"#0","tintindex":0},"east":{"uv":[3.6171875,8.15625,3.40625,8.34375],"rotation":0,"texture":"#0","tintindex":0},"north":{"uv":[1.5,9.5,1.6953125,9.6875],"rotation":0,"texture":"#0","tintindex":0},"south":{"uv":[9.5,3.625,9.6953125,3.8125],"rotation":0,"texture":"#0","tintindex":0},"up":{"uv":[9.6015625,8.9921875,9.40625,8.78125],"rotation":0,"texture":"#0","tintindex":0},"west":{"uv":[3.40625,8.15625,3.6171875,8.34375],"rotation":0,"texture":"#0","tintindex":0}}},{"name":"box5","from":[6.833996,23.825603,28.997734],"to":[9.076311,27.132202,31.90681],"rotation":{"angle":22.5,"axis":"x","origin":[8.011211,9.702284,15.010134]},"faces":{"down":{"uv":[9.8046875,1.390625,9.6875,1.25],"rotation":0,"texture":"#0","tintindex":0},"east":{"uv":[9.59375,8.40625,9.734375,8.578125],"rotation":0,"texture":"#0","tintindex":0},"north":{"uv":[9.734375,8.40625,9.59375,8.578125],"rotation":0,"texture":"#0","tintindex":0},"south":{"uv":[9.734375,8.40625,9.59375,8.578125],"rotation":0,"texture":"#0","tintindex":0},"up":{"uv":[9.8046875,1.390625,9.6875,1.25],"rotation":0,"texture":"#0","tintindex":0},"west":{"uv":[9.59375,8.40625,9.734375,8.578125],"rotation":0,"texture":"#0","tintindex":0}}}],"display":{"head":{"translation":[0.0,-6.4,0.0],"rotation":[0.0,0.0,0.0],"scale":[3.8095,3.8095,3.8095]}}}