{"textures":{"0":"modelengine:entity/ninetailfox"},"elements":[{"name":"box5","from":[6.8596153,14.735214,6.956706],"to":[9.084756,17.4488,13.966698],"rotation":{"angle":-22.5,"axis":"x","origin":[8.027815,9.901695,27.552464]},"faces":{"down":{"uv":[2.4609375,9.21875,2.09375,9.359375],"rotation":90,"texture":"#0","tintindex":0},"east":{"uv":[2.4609375,9.21875,2.09375,9.359375],"rotation":0,"texture":"#0","tintindex":0},"north":{"uv":[0.84375,9.6875,0.9609375,9.828125],"rotation":0,"texture":"#0","tintindex":0},"south":{"uv":[0.84375,9.6875,0.9609375,9.828125],"rotation":0,"texture":"#0","tintindex":0},"up":{"uv":[2.4609375,9.21875,2.09375,9.359375],"rotation":90,"texture":"#0","tintindex":0},"west":{"uv":[2.4609375,9.21875,2.09375,9.359375],"rotation":0,"texture":"#0","tintindex":0}}},{"name":"box6","from":[6.0808163,7.9278793,11.569721],"to":[9.863555,11.853476,16.616913],"rotation":{"angle":0.0,"axis":"x","origin":[8.027815,9.901695,27.552464]},"faces":{"down":{"uv":[1.484375,9.09375,1.21875,9.296875],"rotation":90,"texture":"#0","tintindex":0},"east":{"uv":[1.21875,9.09375,1.484375,9.296875],"rotation":0,"texture":"#0","tintindex":0},"north":{"uv":[9.4375,7.53125,9.6328125,7.734375],"rotation":0,"texture":"#0","tintindex":0},"south":{"uv":[9.4375,7.53125,9.6328125,7.734375],"rotation":0,"texture":"#0","tintindex":0},"up":{"uv":[1.21875,9.296875,1.484375,9.09375],"rotation":90,"texture":"#0","tintindex":0},"west":{"uv":[1.21875,9.09375,1.484375,9.296875],"rotation":0,"texture":"#0","tintindex":0}}},{"name":"box7","from":[5.19076,1.5121473,16.471018],"to":[10.753611,8.296111,25.42585],"rotation":{"angle":22.5,"axis":"x","origin":[8.027815,9.901695,27.552464]},"faces":{"down":{"uv":[7.65625,4.09375,7.1875,4.4453125],"rotation":90,"texture":"#0","tintindex":0},"east":{"uv":[7.65625,4.09375,7.1875,4.4453125],"rotation":0,"texture":"#0","tintindex":0},"north":{"uv":[8.65625,0.0,8.9453125,0.3515625],"rotation":0,"texture":"#0","tintindex":0},"south":{"uv":[8.65625,0.0,8.9453125,0.3515625],"rotation":0,"texture":"#0","tintindex":0},"up":{"uv":[7.1875,4.4453125,7.65625,4.09375],"rotation":90,"texture":"#0","tintindex":0},"west":{"uv":[7.1875,4.09375,7.65625,4.4453125],"rotation":0,"texture":"#0","tintindex":0}}},{"name":"box8","from":[4.523218,0.54531837,22.93811],"to":[11.643667,8.628794,30.988457],"rotation":{"angle":22.5,"axis":"x","origin":[8.027815,9.901695,27.552464]},"faces":{"down":{"uv":[4.828125,7.140625,4.40625,6.6875],"rotation":90,"texture":"#0","tintindex":0},"east":{"uv":[4.828125,6.6875,4.40625,7.140625],"rotation":0,"texture":"#0","tintindex":0},"north":{"uv":[7.15625,1.28125,7.5234375,1.734375],"rotation":0,"texture":"#0","tintindex":0},"south":{"uv":[7.15625,1.28125,7.5234375,1.734375],"rotation":0,"texture":"#0","tintindex":0},"up":{"uv":[4.40625,6.6875,4.828125,7.140625],"rotation":90,"texture":"#0","tintindex":0},"west":{"uv":[4.40625,6.6875,4.828125,7.140625],"rotation":0,"texture":"#0","tintindex":0}}}],"display":{"head":{"translation":[0.0,-6.4,0.0],"rotation":[0.0,0.0,0.0],"scale":[3.8095,3.8095,3.8095]}}}