{"textures":{"0":"modelengine:entity/ninetailfox"},"elements":[{"name":"box5","from":[6.8508134,6.826598,3.466352],"to":[9.093128,9.735676,10.981353],"rotation":{"angle":-45.0,"axis":"x","origin":[8.0280285,9.704451,5.2846737]},"faces":{"down":{"uv":[2.4609375,9.359375,2.09375,9.21875],"rotation":90,"texture":"#0","tintindex":0},"east":{"uv":[2.4609375,9.21875,2.09375,9.359375],"rotation":0,"texture":"#0","tintindex":0},"north":{"uv":[0.84375,9.6875,0.9609375,9.828125],"rotation":0,"texture":"#0","tintindex":0},"south":{"uv":[6.40625,9.65625,6.5234375,9.8046875],"rotation":0,"texture":"#0","tintindex":0},"up":{"uv":[2.09375,9.359375,2.4609375,9.21875],"rotation":90,"texture":"#0","tintindex":0},"west":{"uv":[2.09375,9.359375,2.4609375,9.21875],"rotation":0,"texture":"#0","tintindex":0}}},{"name":"box6","from":[6.066003,7.895971,9.953671],"to":[9.877939,12.104371,15.364471],"rotation":{"angle":-22.5,"axis":"x","origin":[8.0280285,9.704451,5.2846737]},"faces":{"down":{"uv":[1.484375,9.296875,1.21875,9.09375],"rotation":90,"texture":"#0","tintindex":0},"east":{"uv":[1.484375,9.09375,1.21875,9.296875],"rotation":0,"texture":"#0","tintindex":0},"north":{"uv":[9.4375,7.53125,9.6328125,7.734375],"rotation":0,"texture":"#0","tintindex":0},"south":{"uv":[9.4375,7.53125,9.6328125,7.734375],"rotation":0,"texture":"#0","tintindex":0},"up":{"uv":[1.21875,9.296875,1.484375,9.09375],"rotation":90,"texture":"#0","tintindex":0},"west":{"uv":[1.21875,9.09375,1.484375,9.296875],"rotation":0,"texture":"#0","tintindex":0}}},{"name":"box7","from":[5.1690764,9.338339,13.43071],"to":[10.774866,16.611027,23.030663],"rotation":{"angle":0.0,"axis":"x","origin":[8.0280285,9.704451,5.2846737]},"faces":{"down":{"uv":[7.65625,4.09375,7.1875,4.4453125],"rotation":90,"texture":"#0","tintindex":0},"east":{"uv":[7.65625,4.09375,7.1875,4.4453125],"rotation":0,"texture":"#0","tintindex":0},"north":{"uv":[8.65625,0.0,8.9453125,0.3515625],"rotation":0,"texture":"#0","tintindex":0},"south":{"uv":[8.65625,0.0,8.9453125,0.3515625],"rotation":0,"texture":"#0","tintindex":0},"up":{"uv":[7.1875,4.4453125,7.65625,4.09375],"rotation":90,"texture":"#0","tintindex":0},"west":{"uv":[7.1875,4.09375,7.65625,4.4453125],"rotation":0,"texture":"#0","tintindex":0}}},{"name":"box8","from":[4.4963818,8.301856,20.363697],"to":[11.671792,17.610897,32.0],"rotation":{"angle":0.0,"axis":"x","origin":[8.0280285,9.704451,5.2846737]},"faces":{"down":{"uv":[0.0,6.984375,0.375,6.375],"rotation":0,"texture":"#0","tintindex":0},"east":{"uv":[5.984375,5.1875,5.375,5.671875],"rotation":0,"texture":"#0","tintindex":0},"north":{"uv":[6.375,4.6875,6.0,5.171875],"rotation":0,"texture":"#0","tintindex":0},"south":{"uv":[6.375,4.6875,6.0,5.171875],"rotation":0,"texture":"#0","tintindex":0},"up":{"uv":[0.375,6.375,0.0,6.984375],"rotation":0,"texture":"#0","tintindex":0},"west":{"uv":[5.375,5.1875,5.984375,5.671875],"rotation":0,"texture":"#0","tintindex":0}}}],"display":{"head":{"translation":[0.0,-6.4,10.397888],"rotation":[0.0,0.0,0.0],"scale":[3.8095,3.8095,3.8095]}}}