{"credit":"Made by samus2002","texture_size":[128,128],"textures":{"0":"christmas:christmas_skill_texture/evergreen","particle":"christmas:christmas_skill_texture/evergreen"},"elements":[{"from":[6.5,1,6.5],"to":[9.5,18,9.5],"rotation":{"angle":0,"axis":"y","origin":[8,17.65755,8]},"faces":{"north":{"uv":[0,6.75,0.375,8.875],"texture":"#0"},"east":{"uv":[0.5,6.75,0.875,8.875],"texture":"#0"},"south":{"uv":[1,6.75,1.375,8.875],"texture":"#0"},"west":{"uv":[1.5,6.75,1.875,8.875],"texture":"#0"},"up":{"uv":[7.125,0.375,6.75,0],"texture":"#0"},"down":{"uv":[7.125,0.5,6.75,0.875],"texture":"#0"}}},{"from":[4.5,11.55123,12.09024],"to":[11.5,11.55123,22.09024],"rotation":{"angle":22.5,"axis":"x","origin":[8,17.65755,8]},"faces":{"north":{"uv":[7.25,3.25,8.125,3.25],"texture":"#0"},"east":{"uv":[7.25,4,8.5,4],"texture":"#0"},"south":{"uv":[7.25,4.125,8.125,4.125],"texture":"#0"},"west":{"uv":[7.25,4.25,8.5,4.25],"texture":"#0"},"up":{"uv":[2.875,3.25,2,2],"texture":"#0"},"down":{"uv":[2.875,2,2,3.25],"texture":"#0"}}},{"from":[4.5,8.53736,-3.0615],"to":[11.5,8.53736,6.9385],"rotation":{"angle":-22.5,"axis":"x","origin":[8,8.53736,1.9385]},"faces":{"north":{"uv":[7.25,4.125,8.125,4.125],"texture":"#0"},"east":{"uv":[7.25,4.25,8.5,4.25],"texture":"#0"},"south":{"uv":[7.25,3.25,8.125,3.25],"texture":"#0"},"west":{"uv":[7.25,4,8.5,4],"texture":"#0"},"up":{"uv":[2,2,2.875,3.25],"texture":"#0"},"down":{"uv":[2,3.25,2.875,2],"texture":"#0"}}},{"from":[8.6001,10.857,4.5],"to":[18.6001,10.857,11.5],"rotation":{"angle":-22.5,"axis":"z","origin":[8,8.53736,8]},"faces":{"north":{"uv":[7.25,4,8.5,4],"texture":"#0"},"east":{"uv":[7.25,4.125,8.125,4.125],"texture":"#0"},"south":{"uv":[7.25,4.25,8.5,4.25],"texture":"#0"},"west":{"uv":[7.25,3.25,8.125,3.25],"texture":"#0"},"up":{"uv":[2,2,2.875,3.25],"rotation":90,"texture":"#0"},"down":{"uv":[2,3.25,2.875,2],"rotation":270,"texture":"#0"}}},{"from":[-2.6001,10.857,4.5],"to":[7.3999,10.857,11.5],"rotation":{"angle":22.5,"axis":"z","origin":[8,8.53736,8]},"faces":{"north":{"uv":[7.25,4.25,8.5,4.25],"texture":"#0"},"east":{"uv":[7.25,3.25,8.125,3.25],"texture":"#0"},"south":{"uv":[7.25,4,8.5,4],"texture":"#0"},"west":{"uv":[7.25,4.125,8.125,4.125],"texture":"#0"},"up":{"uv":[2.875,3.25,2,2],"rotation":90,"texture":"#0"},"down":{"uv":[2.875,2,2,3.25],"rotation":270,"texture":"#0"}}},{"from":[4.5,7.58316,8.72202],"to":[11.5,15.58316,8.72202],"rotation":{"angle":45,"axis":"x","origin":[8,17.65755,8]},"faces":{"north":{"uv":[2,4.5,2.875,5.5],"texture":"#0"},"east":{"uv":[6.25,7,6.25,8],"texture":"#0"},"south":{"uv":[2.875,4.5,2,5.5],"texture":"#0"},"west":{"uv":[6.375,7,6.375,8],"texture":"#0"},"up":{"uv":[7.875,6,7,6],"texture":"#0"},"down":{"uv":[7.875,6.125,7,6.125],"texture":"#0"}}},{"from":[4.5,10.41159,5.89359],"to":[11.5,18.41159,5.89359],"rotation":{"angle":45,"axis":"x","origin":[8,17.65755,8]},"faces":{"north":{"uv":[2,3.375,2.875,4.375],"texture":"#0"},"east":{"uv":[6,6.875,6,7.875],"texture":"#0"},"south":{"uv":[2.875,3.375,2,4.375],"texture":"#0"},"west":{"uv":[6.125,6.875,6.125,7.875],"texture":"#0"},"up":{"uv":[7.125,6.875,6.25,6.875],"texture":"#0"},"down":{"uv":[7.875,1.125,7,1.125],"texture":"#0"}}},{"from":[4.5,13.53291,3.77227],"to":[11.5,21.53291,3.77227],"rotation":{"angle":45,"axis":"x","origin":[8,18.65755,8]},"faces":{"north":{"uv":[0,5.625,0.875,6.625],"texture":"#0"},"east":{"uv":[4.75,7.125,4.75,8.125],"texture":"#0"},"south":{"uv":[0.875,5.625,0,6.625],"texture":"#0"},"west":{"uv":[4.875,7.125,4.875,8.125],"texture":"#0"},"up":{"uv":[7.875,6.75,7,6.75],"texture":"#0"},"down":{"uv":[8,3.375,7.125,3.375],"texture":"#0"}}},{"from":[4.5,21.16549,2.29358],"to":[11.5,29.16549,2.29358],"rotation":{"angle":22.5,"axis":"x","origin":[8,17.65755,8]},"faces":{"north":{"uv":[6,2.25,6.875,3.25],"texture":"#0"},"east":{"uv":[7.375,4.375,7.375,5.375],"texture":"#0"},"south":{"uv":[6.875,2.25,6,3.25],"texture":"#0"},"west":{"uv":[7.375,6.875,7.375,7.875],"texture":"#0"},"up":{"uv":[8.125,5.5,7.25,5.5],"texture":"#0"},"down":{"uv":[8.125,5.625,7.25,5.625],"texture":"#0"}}},{"from":[4.5,22.51288,13.11624],"to":[11.5,30.51288,13.11624],"rotation":{"angle":-22.5,"axis":"x","origin":[8,19.81475,11.09179]},"faces":{"north":{"uv":[6,2.25,6.875,3.25],"texture":"#0"},"east":{"uv":[7.375,4.375,7.375,5.375],"texture":"#0"},"south":{"uv":[6.875,2.25,6,3.25],"texture":"#0"},"west":{"uv":[7.375,6.875,7.375,7.875],"texture":"#0"},"up":{"uv":[8.125,5.5,7.25,5.5],"texture":"#0"},"down":{"uv":[8.125,5.625,7.25,5.625],"texture":"#0"}}},{"from":[4.5,16.35096,11.60792],"to":[11.5,24.35096,11.60792],"rotation":{"angle":-45,"axis":"x","origin":[8,20.81475,11.09179]},"faces":{"north":{"uv":[0,5.625,0.875,6.625],"texture":"#0"},"east":{"uv":[4.75,7.125,4.75,8.125],"texture":"#0"},"south":{"uv":[0.875,5.625,0,6.625],"texture":"#0"},"west":{"uv":[4.875,7.125,4.875,8.125],"texture":"#0"},"up":{"uv":[7.875,6.75,7,6.75],"texture":"#0"},"down":{"uv":[8,3.375,7.125,3.375],"texture":"#0"}}},{"from":[4.5,13.22964,9.4866],"to":[11.5,21.22964,9.4866],"rotation":{"angle":-45,"axis":"x","origin":[8,19.81475,11.09179]},"faces":{"north":{"uv":[2,3.375,2.875,4.375],"texture":"#0"},"east":{"uv":[6,6.875,6,7.875],"texture":"#0"},"south":{"uv":[2.875,3.375,2,4.375],"texture":"#0"},"west":{"uv":[6.125,6.875,6.125,7.875],"texture":"#0"},"up":{"uv":[7.125,6.875,6.25,6.875],"texture":"#0"},"down":{"uv":[7.875,1.125,7,1.125],"texture":"#0"}}},{"from":[4.5,10.40121,6.65817],"to":[11.5,18.40121,6.65817],"rotation":{"angle":-45,"axis":"x","origin":[8,19.81475,11.09179]},"faces":{"north":{"uv":[2,4.5,2.875,5.5],"texture":"#0"},"east":{"uv":[6.25,7,6.25,8],"texture":"#0"},"south":{"uv":[2.875,4.5,2,5.5],"texture":"#0"},"west":{"uv":[6.375,7,6.375,8],"texture":"#0"},"up":{"uv":[7.875,6,7,6],"texture":"#0"},"down":{"uv":[7.875,6.125,7,6.125],"texture":"#0"}}},{"from":[3.1191,21.3297,4.5],"to":[3.1191,29.3297,11.5],"rotation":{"angle":-22.5,"axis":"z","origin":[8,19.81475,8]},"faces":{"north":{"uv":[7.375,6.875,7.375,7.875],"texture":"#0"},"east":{"uv":[6,2.25,6.875,3.25],"texture":"#0"},"south":{"uv":[7.375,4.375,7.375,5.375],"texture":"#0"},"west":{"uv":[6.875,2.25,6,3.25],"texture":"#0"},"up":{"uv":[8.125,5.5,7.25,5.5],"rotation":90,"texture":"#0"},"down":{"uv":[8.125,5.625,7.25,5.625],"rotation":270,"texture":"#0"}}},{"from":[5.29764,14.16474,4.5],"to":[5.29764,22.16474,11.5],"rotation":{"angle":-45,"axis":"z","origin":[8,20.81475,8]},"faces":{"north":{"uv":[4.875,7.125,4.875,8.125],"texture":"#0"},"east":{"uv":[0,5.625,0.875,6.625],"texture":"#0"},"south":{"uv":[4.75,7.125,4.75,8.125],"texture":"#0"},"west":{"uv":[0.875,5.625,0,6.625],"texture":"#0"},"up":{"uv":[7.875,6.75,7,6.75],"rotation":90,"texture":"#0"},"down":{"uv":[8,3.375,7.125,3.375],"rotation":270,"texture":"#0"}}},{"from":[7.41896,11.04342,4.5],"to":[7.41896,19.04342,11.5],"rotation":{"angle":-45,"axis":"z","origin":[8,19.81475,8]},"faces":{"north":{"uv":[6.125,6.875,6.125,7.875],"texture":"#0"},"east":{"uv":[2,3.375,2.875,4.375],"texture":"#0"},"south":{"uv":[6,6.875,6,7.875],"texture":"#0"},"west":{"uv":[2.875,3.375,2,4.375],"texture":"#0"},"up":{"uv":[7.125,6.875,6.25,6.875],"rotation":90,"texture":"#0"},"down":{"uv":[7.875,1.125,7,1.125],"rotation":270,"texture":"#0"}}},{"from":[10.24739,8.21499,4.5],"to":[10.24739,16.21499,11.5],"rotation":{"angle":-45,"axis":"z","origin":[8,19.81475,8]},"faces":{"north":{"uv":[6.375,7,6.375,8],"texture":"#0"},"east":{"uv":[2,4.5,2.875,5.5],"texture":"#0"},"south":{"uv":[6.25,7,6.25,8],"texture":"#0"},"west":{"uv":[2.875,4.5,2,5.5],"texture":"#0"},"up":{"uv":[7.875,6,7,6],"rotation":90,"texture":"#0"},"down":{"uv":[7.875,6.125,7,6.125],"rotation":270,"texture":"#0"}}},{"from":[5.75261,8.21499,4.5],"to":[5.75261,16.21499,11.5],"rotation":{"angle":45,"axis":"z","origin":[8,19.81475,8]},"faces":{"north":{"uv":[6.375,7,6.375,8],"texture":"#0"},"east":{"uv":[2,4.5,2.875,5.5],"texture":"#0"},"south":{"uv":[6.25,7,6.25,8],"texture":"#0"},"west":{"uv":[2.875,4.5,2,5.5],"texture":"#0"},"up":{"uv":[7.875,6,7,6],"rotation":90,"texture":"#0"},"down":{"uv":[7.875,6.125,7,6.125],"rotation":270,"texture":"#0"}}},{"from":[8.58104,11.04342,4.5],"to":[8.58104,19.04342,11.5],"rotation":{"angle":45,"axis":"z","origin":[8,19.81475,8]},"faces":{"north":{"uv":[6.125,6.875,6.125,7.875],"texture":"#0"},"east":{"uv":[2,3.375,2.875,4.375],"texture":"#0"},"south":{"uv":[6,6.875,6,7.875],"texture":"#0"},"west":{"uv":[2.875,3.375,2,4.375],"texture":"#0"},"up":{"uv":[7.125,6.875,6.25,6.875],"rotation":90,"texture":"#0"},"down":{"uv":[7.875,1.125,7,1.125],"rotation":270,"texture":"#0"}}},{"from":[10.70236,14.16474,4.5],"to":[10.70236,22.16474,11.5],"rotation":{"angle":45,"axis":"z","origin":[8,20.81475,8]},"faces":{"north":{"uv":[4.875,7.125,4.875,8.125],"texture":"#0"},"east":{"uv":[0,5.625,0.875,6.625],"texture":"#0"},"south":{"uv":[4.75,7.125,4.75,8.125],"texture":"#0"},"west":{"uv":[0.875,5.625,0,6.625],"texture":"#0"},"up":{"uv":[7.875,6.75,7,6.75],"rotation":90,"texture":"#0"},"down":{"uv":[8,3.375,7.125,3.375],"rotation":270,"texture":"#0"}}},{"from":[12.8809,21.3297,4.5],"to":[12.8809,29.3297,11.5],"rotation":{"angle":22.5,"axis":"z","origin":[8,19.81475,8]},"faces":{"north":{"uv":[7.375,6.875,7.375,7.875],"texture":"#0"},"east":{"uv":[6,2.25,6.875,3.25],"texture":"#0"},"south":{"uv":[7.375,4.375,7.375,5.375],"texture":"#0"},"west":{"uv":[6.875,2.25,6,3.25],"texture":"#0"},"up":{"uv":[8.125,5.5,7.25,5.5],"rotation":90,"texture":"#0"},"down":{"uv":[8.125,5.625,7.25,5.625],"rotation":270,"texture":"#0"}}},{"from":[7,18,7],"to":[9,30,9],"rotation":{"angle":0,"axis":"y","origin":[8,17.65755,8]},"faces":{"north":{"uv":[2,6.75,2.25,8.25],"texture":"#0"},"east":{"uv":[2.375,6.75,2.625,8.25],"texture":"#0"},"south":{"uv":[4,6.75,4.25,8.25],"texture":"#0"},"west":{"uv":[4.375,6.75,4.625,8.25],"texture":"#0"},"up":{"uv":[5,7,4.75,6.75],"texture":"#0"},"down":{"uv":[5.375,6.75,5.125,7],"texture":"#0"}}}],"display":{"head":{"translation":[0,-17.5,0],"scale":[4,4,4]}}}