{"credit":"Made by samus2002","texture_size":[64,64],"textures":{"0":"christmas:christmas_skill_texture/elf","particle":"christmas:christmas_skill_texture/elf"},"elements":[{"from":[5,1.56437,3.3623],"to":[11,7.56437,9.3623],"rotation":{"angle":0,"axis":"y","origin":[8,8,8]},"faces":{"north":{"uv":[2,0,3.5,1.5],"texture":"#0"},"east":{"uv":[2,1.75,3.5,3.25],"texture":"#0"},"south":{"uv":[2,3.5,3.5,5],"texture":"#0"},"west":{"uv":[3.75,0,5.25,1.5],"texture":"#0"},"up":{"uv":[5.25,3.25,3.75,1.75],"texture":"#0"},"down":{"uv":[5.25,3.5,3.75,5],"texture":"#0"}}},{"from":[4.5,5.56437,2.8623],"to":[11.5,8.56437,9.8623],"rotation":{"angle":0,"axis":"y","origin":[8,8,8]},"faces":{"north":{"uv":[6.75,3,8.5,3.75],"texture":"#0"},"east":{"uv":[3.5,6.75,5.25,7.5],"texture":"#0"},"south":{"uv":[7,0,8.75,0.75],"texture":"#0"},"west":{"uv":[7,1,8.75,1.75],"texture":"#0"},"up":{"uv":[1.75,1.75,0,0],"texture":"#0"},"down":{"uv":[1.75,2,0,3.75],"texture":"#0"}}},{"from":[5.5,6.68484,3.96599],"to":[10.5,9.68484,8.96599],"rotation":{"angle":22.5,"axis":"x","origin":[8,8,8]},"faces":{"north":{"uv":[1.25,7,2.5,7.75],"texture":"#0"},"east":{"uv":[7,2,8.25,2.75],"texture":"#0"},"south":{"uv":[5.5,7.25,6.75,8],"texture":"#0"},"west":{"uv":[7,7.25,8.25,8],"texture":"#0"},"up":{"uv":[6.75,1.25,5.5,0],"texture":"#0"},"down":{"uv":[6.75,1.5,5.5,2.75],"texture":"#0"}}},{"from":[6.5,8.10537,4.86397],"to":[9.5,11.10537,7.86397],"rotation":{"angle":45,"axis":"x","origin":[8,8,8]},"faces":{"north":{"uv":[8.5,2,9.25,2.75],"texture":"#0"},"east":{"uv":[2.25,8.5,3,9.25],"texture":"#0"},"south":{"uv":[8.5,6.5,9.25,7.25],"texture":"#0"},"west":{"uv":[8.75,3,9.5,3.75],"texture":"#0"},"up":{"uv":[9.5,8.25,8.75,7.5],"texture":"#0"},"down":{"uv":[9.5,8.5,8.75,9.25],"texture":"#0"}}},{"from":[7,9.54738,9.8278],"to":[9,11.54738,11.8278],"rotation":{"angle":-22.5,"axis":"x","origin":[8,8,8]},"faces":{"north":{"uv":[5.25,10,5.75,10.5],"texture":"#0"},"east":{"uv":[10,5.25,10.5,5.75],"texture":"#0"},"south":{"uv":[6,10,6.5,10.5],"texture":"#0"},"west":{"uv":[6.75,10,7.25,10.5],"texture":"#0"},"up":{"uv":[8,10.5,7.5,10],"texture":"#0"},"down":{"uv":[10.75,1.75,10.25,2.25],"texture":"#0"}}},{"from":[2.86346,2.06437,3.78182],"to":[7.86346,7.06437,3.78182],"rotation":{"angle":45,"axis":"y","origin":[8,8,8]},"faces":{"north":{"uv":[3.5,5.25,4.75,6.5],"texture":"#0"},"east":{"uv":[4.25,10.25,4.25,11.5],"texture":"#0"},"south":{"uv":[4.75,5.25,3.5,6.5],"texture":"#0"},"west":{"uv":[2.5,10.5,2.5,11.75],"texture":"#0"},"up":{"uv":[11.75,3,10.5,3],"texture":"#0"},"down":{"uv":[11.75,3.25,10.5,3.25],"texture":"#0"}}},{"from":[8.13654,2.06437,3.78182],"to":[13.13654,7.06437,3.78182],"rotation":{"angle":-45,"axis":"y","origin":[8,8,8]},"faces":{"north":{"uv":[4.75,5.25,3.5,6.5],"texture":"#0"},"east":{"uv":[2.5,10.5,2.5,11.75],"texture":"#0"},"south":{"uv":[3.5,5.25,4.75,6.5],"texture":"#0"},"west":{"uv":[4.25,10.25,4.25,11.5],"texture":"#0"},"up":{"uv":[10.5,3,11.75,3],"texture":"#0"},"down":{"uv":[10.5,3.25,11.75,3.25],"texture":"#0"}}}],"gui_light":"front","display":{"gui":{"rotation":[23,145,0],"translation":[1,1.5,0],"scale":[1.1,1.1,1.1]}}}