{"credit":"HelloWorld Team","texture_size":[256,128],"textures":{"3":"skills_kitetsu:double_vertical_slash/double_vertical_slash_8"},"elements":[{"from":[8,1.75,17.50041],"to":[8,15.75,31.50041],"rotation":{"angle":0,"axis":"x","origin":[8,8,8.00021]},"faces":{"north":{"uv":[0,0,8,16],"texture":"#3"},"east":{"uv":[8,0,0,16],"texture":"#3"},"south":{"uv":[0,0,8,16],"texture":"#3"},"west":{"uv":[0,0,8,16],"texture":"#3"},"up":{"uv":[0,0,8,16],"texture":"#3"},"down":{"uv":[0,0,8,16],"texture":"#3"}}},{"from":[8,-13.25,-16],"to":[8,27.75,25],"rotation":{"angle":0,"axis":"y","origin":[8,8,8.00021]},"faces":{"north":{"uv":[8,0,16,16],"texture":"#3"},"east":{"uv":[16,0,8,16],"texture":"#3"},"south":{"uv":[8,0,16,16],"texture":"#3"},"west":{"uv":[8,0,16,16],"texture":"#3"},"up":{"uv":[8,0,16,16],"texture":"#3"},"down":{"uv":[8,0,16,16],"texture":"#3"}}},{"from":[7.8,-12.25,-15],"to":[7.8,26.75,24],"rotation":{"angle":0,"axis":"y","origin":[8,8,8.00021]},"faces":{"north":{"uv":[8,0,16,16],"texture":"#3"},"east":{"uv":[16,0,8,16],"texture":"#3"},"south":{"uv":[8,0,16,16],"texture":"#3"},"west":{"uv":[8,0,16,16],"texture":"#3"},"up":{"uv":[8,0,16,16],"texture":"#3"},"down":{"uv":[8,0,16,16],"texture":"#3"}}},{"from":[7.8,2.75,18.50041],"to":[7.8,14.75,30.50041],"rotation":{"angle":0,"axis":"x","origin":[8,8,8.00021]},"faces":{"north":{"uv":[0,0,8,16],"texture":"#3"},"east":{"uv":[8,0,0,16],"texture":"#3"},"south":{"uv":[0,0,8,16],"texture":"#3"},"west":{"uv":[0,0,8,16],"texture":"#3"},"up":{"uv":[0,0,8,16],"texture":"#3"},"down":{"uv":[0,0,8,16],"texture":"#3"}}},{"from":[8.2,2.75,18.50041],"to":[8.2,14.75,30.50041],"rotation":{"angle":0,"axis":"x","origin":[8,8,8.00021]},"faces":{"north":{"uv":[0,0,8,16],"texture":"#3"},"east":{"uv":[8,0,0,16],"texture":"#3"},"south":{"uv":[0,0,8,16],"texture":"#3"},"west":{"uv":[0,0,8,16],"texture":"#3"},"up":{"uv":[0,0,8,16],"texture":"#3"},"down":{"uv":[0,0,8,16],"texture":"#3"}}},{"from":[8.2,-12.25,-15],"to":[8.2,26.75,24],"rotation":{"angle":0,"axis":"y","origin":[8,8,8.00021]},"faces":{"north":{"uv":[8,0,16,16],"texture":"#3"},"east":{"uv":[16,0,8,16],"texture":"#3"},"south":{"uv":[8,0,16,16],"texture":"#3"},"west":{"uv":[8,0,16,16],"texture":"#3"},"up":{"uv":[8,0,16,16],"texture":"#3"},"down":{"uv":[8,0,16,16],"texture":"#3"}}}],"gui_light":"front","display":{"thirdperson_righthand":{"rotation":[90,0,0],"translation":[-6,-2,22],"scale":[2,2,2]},"thirdperson_lefthand":{"rotation":[90,0,0],"translation":[-6,-2,57.75],"scale":[4,4,4]},"firstperson_righthand":{"rotation":[0,39.75,0],"translation":[-1.75,5.5,0.5],"scale":[0.19,0.19,0.19]},"firstperson_lefthand":{"rotation":[0,39.75,0],"translation":[-1.75,5.5,0.5],"scale":[0.19,0.19,0.19]},"ground":{"rotation":[0,0,90],"scale":[0.68945,0.68945,0.68945]},"gui":{"rotation":[0,90,0],"translation":[0,0,-2.5],"scale":[0.40039,0.40039,0.40039]},"head":{"translation":[0,28.5,0],"scale":[4,4,4]},"fixed":{"rotation":[0,-90,0],"translation":[0,0,-2.5],"scale":[0.40039,0.40039,0.40039]}}}