{"credit":"MadewithBlockbench","texture_size":[32,32],"textures":{"0":"blossom:blossom_shield","particle":"blossom:blossom_shield"},"elements":[{"from":[6.5,6.5,7],"to":[9.5,9.5,10],"rotation":{"angle":-45,"axis":"z","origin":[8,8,8]},"faces":{"north":{"uv":[6.25,0,7.75,1.5],"texture":"#0"},"east":{"uv":[4.75,0,6.25,1.5],"rotation":270,"texture":"#0"},"south":{"uv":[7.75,0,6.25,1.5],"texture":"#0"},"west":{"uv":[4.75,0,6.25,1.5],"rotation":90,"texture":"#0"},"up":{"uv":[4.75,0,6.25,1.5],"texture":"#0"},"down":{"uv":[4.75,0,6.25,1.5],"rotation":180,"texture":"#0"}}},{"from":[7,9,7.5],"to":[9,19,9.5],"rotation":{"angle":0,"axis":"z","origin":[8.5,9.5,8.5]},"faces":{"north":{"uv":[0,2.5,1,7.5],"texture":"#0"},"east":{"uv":[1,2.5,0,7.5],"texture":"#0"},"south":{"uv":[1,7.5,0,12.5],"texture":"#0"},"west":{"uv":[0,7.5,1,12.5],"texture":"#0"},"up":{"uv":[0,0,2,2],"rotation":90,"texture":"#missing"},"down":{"uv":[0,0,2,2],"rotation":90,"texture":"#missing"}}},{"from":[8,19,7.5],"to":[12,21,9.5],"rotation":{"angle":22.5,"axis":"z","origin":[8.5,19.5,8.5]},"faces":{"north":{"uv":[1,8.5,3,9.5],"rotation":180,"texture":"#0"},"east":{"uv":[1,10.5,2,11.5],"rotation":180,"texture":"#0"},"south":{"uv":[3,8.5,1,9.5],"rotation":180,"texture":"#0"},"west":{"uv":[1,10.5,2,11.5],"rotation":180,"texture":"#0"},"up":{"uv":[3,9.5,5,10.5],"rotation":180,"texture":"#0"},"down":{"uv":[3,9.5,5,10.5],"rotation":180,"texture":"#0"}}},{"from":[10.31911,19,7.5625],"to":[14.31911,21,9.4375],"rotation":{"angle":-22.5,"axis":"z","origin":[13.81911,19.5,8.5]},"faces":{"north":{"uv":[3,8.5,5,9.5],"rotation":180,"texture":"#0"},"east":{"uv":[1,10.5,2,11.5],"rotation":180,"texture":"#0"},"south":{"uv":[5,8.5,3,9.5],"rotation":180,"texture":"#0"},"west":{"uv":[1,10.5,2,11.5],"rotation":180,"texture":"#0"},"up":{"uv":[1,9.5,3,10.4375],"rotation":180,"texture":"#0"},"down":{"uv":[1,9.5,3,10.4375],"rotation":180,"texture":"#0"}}},{"from":[6.5,18.5,7],"to":[9.5,21.5,10],"rotation":{"angle":-45,"axis":"z","origin":[8,20,8]},"faces":{"north":{"uv":[6.25,0,7.75,1.5],"texture":"#0"},"east":{"uv":[4.75,0,6.25,1.5],"rotation":270,"texture":"#0"},"south":{"uv":[7.75,0,6.25,1.5],"texture":"#0"},"west":{"uv":[4.75,0,6.25,1.5],"rotation":90,"texture":"#0"},"up":{"uv":[4.75,0,6.25,1.5],"texture":"#0"},"down":{"uv":[4.75,0,6.25,1.5],"rotation":180,"texture":"#0"}}},{"from":[13.5,17.75,7],"to":[16.5,20.75,10],"rotation":{"angle":-45,"axis":"z","origin":[15,19.25,8]},"faces":{"north":{"uv":[6.25,0,7.75,1.5],"texture":"#0"},"east":{"uv":[4.75,0,6.25,1.5],"rotation":270,"texture":"#0"},"south":{"uv":[7.75,0,6.25,1.5],"texture":"#0"},"west":{"uv":[4.75,0,6.25,1.5],"rotation":90,"texture":"#0"},"up":{"uv":[4.75,0,6.25,1.5],"texture":"#0"},"down":{"uv":[4.75,0,6.25,1.5],"rotation":180,"texture":"#0"}}},{"from":[1.68089,19,7.5625],"to":[5.68089,21,9.4375],"rotation":{"angle":22.5,"axis":"z","origin":[2.18089,19.5,8.5]},"faces":{"north":{"uv":[5,8.5,3,9.5],"rotation":180,"texture":"#0"},"east":{"uv":[2,10.5,1,11.5],"rotation":180,"texture":"#0"},"south":{"uv":[3,8.5,5,9.5],"rotation":180,"texture":"#0"},"west":{"uv":[2,10.5,1,11.5],"rotation":180,"texture":"#0"},"up":{"uv":[3,9.5,1,10.4375],"rotation":180,"texture":"#0"},"down":{"uv":[3,9.5,1,10.4375],"rotation":180,"texture":"#0"}}},{"from":[-0.5,17.75,7],"to":[2.5,20.75,10],"rotation":{"angle":45,"axis":"z","origin":[1,19.25,8]},"faces":{"north":{"uv":[7.75,0,6.25,1.5],"texture":"#0"},"east":{"uv":[4.75,1.5,6.25,0],"rotation":90,"texture":"#0"},"south":{"uv":[6.25,0,7.75,1.5],"texture":"#0"},"west":{"uv":[4.75,1.5,6.25,0],"rotation":270,"texture":"#0"},"up":{"uv":[6.25,0,4.75,1.5],"texture":"#0"},"down":{"uv":[6.25,0,4.75,1.5],"rotation":180,"texture":"#0"}}},{"from":[4,19,7.5],"to":[8,21,9.5],"rotation":{"angle":-22.5,"axis":"z","origin":[7.5,19.5,8.5]},"faces":{"north":{"uv":[3,8.5,1,9.5],"rotation":180,"texture":"#0"},"east":{"uv":[2,10.5,1,11.5],"rotation":180,"texture":"#0"},"south":{"uv":[1,8.5,3,9.5],"rotation":180,"texture":"#0"},"west":{"uv":[2,10.5,1,11.5],"rotation":180,"texture":"#0"},"up":{"uv":[5,9.5,3,10.5],"rotation":180,"texture":"#0"},"down":{"uv":[5,9.5,3,10.5],"rotation":180,"texture":"#0"}}},{"from":[8.53504,18.875,7.00111],"to":[12.03504,21.375,7.02111],"rotation":{"angle":22.5,"axis":"y","origin":[8,20.125,8.5]},"faces":{"north":{"uv":[3.25,3.25,4.5,1.5],"rotation":90,"texture":"#0"},"east":{"uv":[0,16,0.125,15.875],"texture":"#0"},"south":{"uv":[3.25,1.5,4.5,3.25],"rotation":90,"texture":"#0"},"west":{"uv":[0,16,0.125,15.875],"texture":"#0"},"up":{"uv":[0.125,15.875,0,16],"rotation":180,"texture":"#0"},"down":{"uv":[0.125,15.875,0,16],"rotation":180,"texture":"#0"}}},{"from":[6.75,20.66004,7.00111],"to":[9.25,24.16004,7.02111],"rotation":{"angle":-22.5,"axis":"x","origin":[8,20.125,8.5]},"faces":{"north":{"uv":[3.25,1.5,4.5,3.25],"texture":"#0"},"east":{"uv":[0,16,0.125,15.875],"texture":"#0"},"south":{"uv":[4.5,1.5,3.25,3.25],"texture":"#0"},"west":{"uv":[0,16,0.125,15.875],"texture":"#0"},"up":{"uv":[0.125,15.875,0,16],"rotation":180,"texture":"#0"},"down":{"uv":[0.125,15.875,0,16],"rotation":180,"texture":"#0"}}},{"from":[6.75,16.08996,7.00111],"to":[9.25,19.58996,7.02111],"rotation":{"angle":22.5,"axis":"x","origin":[8,20.125,8.5]},"faces":{"north":{"uv":[4.5,3.25,5.75,1.5],"texture":"#0"},"east":{"uv":[0,16,0.125,15.875],"texture":"#0"},"south":{"uv":[5.75,3.25,4.5,1.5],"texture":"#0"},"west":{"uv":[0,16,0.125,15.875],"texture":"#0"},"up":{"uv":[0.125,15.875,0,16],"rotation":180,"texture":"#0"},"down":{"uv":[0.125,15.875,0,16],"rotation":180,"texture":"#0"}}},{"from":[3.96496,18.875,7.00111],"to":[7.46496,21.375,7.02111],"rotation":{"angle":-22.5,"axis":"y","origin":[8,20.125,8.5]},"faces":{"north":{"uv":[4.5,1.5,5.75,3.25],"rotation":90,"texture":"#0"},"east":{"uv":[0,16,0.125,15.875],"texture":"#0"},"south":{"uv":[4.5,3.25,5.75,1.5],"rotation":90,"texture":"#0"},"west":{"uv":[0,16,0.125,15.875],"texture":"#0"},"up":{"uv":[0.125,15.875,0,16],"rotation":180,"texture":"#0"},"down":{"uv":[0.125,15.875,0,16],"rotation":180,"texture":"#0"}}},{"from":[1,4.5,8.5],"to":[15,20.5,8.5],"rotation":{"angle":0,"axis":"y","origin":[8,20,8]},"faces":{"north":{"uv":[9,0,16,8],"texture":"#0"},"east":{"uv":[0,0,0,8],"texture":"#missing"},"south":{"uv":[16,0,9,8],"texture":"#0"},"west":{"uv":[0,0,0,8],"texture":"#missing"},"up":{"uv":[0,0,7,0],"texture":"#missing"},"down":{"uv":[0,0,7,0],"texture":"#missing"}}},{"from":[14.97159,9.62041,8.20446],"to":[17.47159,18.62041,8.22446],"rotation":{"angle":0,"axis":"z","origin":[9.66738,16.86038,8.21446]},"faces":{"north":{"uv":[2.75,7.75,1.5,3.25],"rotation":180,"texture":"#0"},"east":{"uv":[0,15.875,0.125,16],"rotation":180,"texture":"#0"},"south":{"uv":[1.5,7.75,2.75,3.25],"rotation":180,"texture":"#0"},"west":{"uv":[0,15.875,0.125,16],"rotation":180,"texture":"#0"},"up":{"uv":[0,15.875,0.125,16],"rotation":180,"texture":"#0"},"down":{"uv":[0,15.875,0.125,16],"rotation":180,"texture":"#0"}}},{"from":[-1.47159,9.62041,8.20446],"to":[1.02841,18.62041,8.22446],"rotation":{"angle":0,"axis":"z","origin":[6.33262,16.86038,8.21446]},"faces":{"north":{"uv":[1.5,7.75,2.75,3.25],"rotation":180,"texture":"#0"},"east":{"uv":[0.125,15.875,0,16],"rotation":180,"texture":"#0"},"south":{"uv":[2.75,7.75,1.5,3.25],"rotation":180,"texture":"#0"},"west":{"uv":[0.125,15.875,0,16],"rotation":180,"texture":"#0"},"up":{"uv":[0.125,15.875,0,16],"rotation":180,"texture":"#0"},"down":{"uv":[0.125,15.875,0,16],"rotation":180,"texture":"#0"}}},{"from":[12.77931,21.2049,8.20446],"to":[17.27931,22.7049,8.22446],"rotation":{"angle":0,"axis":"z","origin":[14.75,18.37,8.21446]},"faces":{"north":{"uv":[1,3.25,3.25,2.5],"texture":"#0"},"east":{"uv":[0,15.875,0.125,16],"texture":"#0"},"south":{"uv":[3.25,3.25,1,2.5],"texture":"#0"},"west":{"uv":[0,15.875,0.125,16],"texture":"#0"},"up":{"uv":[0.125,16,0,15.875],"texture":"#0"},"down":{"uv":[0.125,16,0,15.875],"texture":"#0"}}},{"from":[12.02931,22.4549,8.20446],"to":[16.52931,23.9549,8.22446],"rotation":{"angle":22.5,"axis":"z","origin":[14,19.62,8.21446]},"faces":{"north":{"uv":[1,3.25,3.25,2.5],"texture":"#0"},"east":{"uv":[0,15.875,0.125,16],"texture":"#0"},"south":{"uv":[3.25,3.25,1,2.5],"texture":"#0"},"west":{"uv":[0,15.875,0.125,16],"texture":"#0"},"up":{"uv":[0.125,16,0,15.875],"texture":"#0"},"down":{"uv":[0.125,16,0,15.875],"texture":"#0"}}},{"from":[-1.27931,21.2049,8.20446],"to":[3.22069,22.7049,8.22446],"rotation":{"angle":0,"axis":"z","origin":[1.25,18.37,8.21446]},"faces":{"north":{"uv":[3.25,3.25,1,2.5],"texture":"#0"},"east":{"uv":[0.125,15.875,0,16],"texture":"#0"},"south":{"uv":[1,3.25,3.25,2.5],"texture":"#0"},"west":{"uv":[0.125,15.875,0,16],"texture":"#0"},"up":{"uv":[0,16,0.125,15.875],"texture":"#0"},"down":{"uv":[0,16,0.125,15.875],"texture":"#0"}}},{"from":[-0.52931,22.4549,8.20446],"to":[3.97069,23.9549,8.22446],"rotation":{"angle":-22.5,"axis":"z","origin":[2,19.62,8.21446]},"faces":{"north":{"uv":[3.25,3.25,1,2.5],"texture":"#0"},"east":{"uv":[0.125,15.875,0,16],"texture":"#0"},"south":{"uv":[1,3.25,3.25,2.5],"texture":"#0"},"west":{"uv":[0.125,15.875,0,16],"texture":"#0"},"up":{"uv":[0,16,0.125,15.875],"texture":"#0"},"down":{"uv":[0,16,0.125,15.875],"texture":"#0"}}},{"from":[12.92953,4.4132,7],"to":[15.92953,7.4132,10],"rotation":{"angle":22.5,"axis":"z","origin":[11.5,3.89298,8.5]},"faces":{"north":{"uv":[6.25,0,7.75,1.5],"texture":"#0"},"east":{"uv":[4.75,0,6.25,1.5],"rotation":270,"texture":"#0"},"south":{"uv":[7.75,0,6.25,1.5],"texture":"#0"},"west":{"uv":[4.75,0,6.25,1.5],"rotation":90,"texture":"#0"},"up":{"uv":[4.75,0,6.25,1.5],"texture":"#0"},"down":{"uv":[4.75,0,6.25,1.5],"rotation":180,"texture":"#0"}}},{"from":[9.47558,2.68595,7.5625],"to":[11.47558,6.68595,9.4375],"rotation":{"angle":-45,"axis":"z","origin":[11.5,3.89298,8.5]},"faces":{"north":{"uv":[3,8.5,5,9.5],"rotation":270,"texture":"#0"},"east":{"uv":[1,9.5,3,10.4375],"rotation":90,"texture":"#0"},"south":{"uv":[5,8.5,3,9.5],"rotation":90,"texture":"#0"},"west":{"uv":[1,9.5,3,10.4375],"rotation":90,"texture":"#0"},"up":{"uv":[1,10.5,2,11.5],"rotation":90,"texture":"#0"},"down":{"uv":[1,10.5,2,11.5],"rotation":90,"texture":"#0"}}},{"from":[4.52442,2.68595,7.5625],"to":[6.52442,6.68595,9.4375],"rotation":{"angle":45,"axis":"z","origin":[4.5,3.89298,8.5]},"faces":{"north":{"uv":[3,9.5,5,8.5],"rotation":270,"texture":"#0"},"east":{"uv":[1,10.4375,3,9.5],"rotation":90,"texture":"#0"},"south":{"uv":[5,9.5,3,8.5],"rotation":90,"texture":"#0"},"west":{"uv":[1,10.4375,3,9.5],"rotation":90,"texture":"#0"},"up":{"uv":[1,11.5,2,10.5],"rotation":90,"texture":"#0"},"down":{"uv":[1,11.5,2,10.5],"rotation":90,"texture":"#0"}}},{"from":[5.37077,3.05674,7.5],"to":[10.62923,5.05674,9.5],"rotation":{"angle":0,"axis":"z","origin":[9.42219,3.03233,8.5]},"faces":{"north":{"uv":[5,9.5,7.75423,8.5],"texture":"#0"},"east":{"uv":[1,11.5,2,10.5],"texture":"#0"},"south":{"uv":[5,9.5,7.75423,8.5],"texture":"#0"},"west":{"uv":[1,11.5,2,10.5],"texture":"#0"},"up":{"uv":[1,10.4375,3,9.5],"texture":"#0"},"down":{"uv":[1,10.4375,3,9.5],"texture":"#0"}}},{"from":[0.07047,4.4132,7],"to":[3.07047,7.4132,10],"rotation":{"angle":-22.5,"axis":"z","origin":[4.5,3.89298,8.5]},"faces":{"north":{"uv":[7.75,0,6.25,1.5],"texture":"#0"},"east":{"uv":[4.75,1.5,6.25,0],"rotation":90,"texture":"#0"},"south":{"uv":[6.25,0,7.75,1.5],"texture":"#0"},"west":{"uv":[4.75,1.5,6.25,0],"rotation":270,"texture":"#0"},"up":{"uv":[6.25,0,4.75,1.5],"texture":"#0"},"down":{"uv":[6.25,0,4.75,1.5],"rotation":180,"texture":"#0"}}},{"from":[5.25,11,9],"to":[11,15,13],"rotation":{"angle":0,"axis":"y","origin":[6,11,9]},"faces":{"north":{"uv":[13,8,16,10],"texture":"#0"},"east":{"uv":[11,8,13,10],"texture":"#0"},"south":{"uv":[13,8,16,10],"texture":"#0"},"west":{"uv":[11,8,13,10],"texture":"#0"},"up":{"uv":[13,10,16,12],"texture":"#0"},"down":{"uv":[13,10,16,12],"texture":"#0"}}}],"gui_light":"front","display":{"thirdperson_righthand":{"rotation":[-171.5,-89.5,98],"translation":[2.75,-1.75,-0.5],"scale":[0.9,0.9,0.9]},"thirdperson_lefthand":{"rotation":[-171.5,-89.5,98],"translation":[2.75,-1.75,-0.5],"scale":[0.9,0.9,0.9]},"firstperson_righthand":{"rotation":[10,0,-20],"translation":[0.25,-0.75,1],"scale":[0.5,0.5,0.5]},"firstperson_lefthand":{"rotation":[10,0,-20],"translation":[0.25,-0.75,1],"scale":[0.5,0.5,0.5]},"ground":{"rotation":[45,0,0],"translation":[0,4,0],"scale":[0.7,0.7,0.7]},"gui":{"rotation":[159,28,-165.36],"translation":[-1,-2.75,0],"scale":[0.6,0.6,0.6]},"head":{"rotation":[-180,0,-180],"translation":[0,-22.75,5]},"fixed":{"translation":[0,-5,-2.25]}}}