{"credit":"Made with Blockbench","texture_size":[64,64],"textures":{"3":"chinese_new_year:decorated_lanterns"},"elements":[{"from":[-16,8,8],"to":[32,21,8],"rotation":{"angle":0,"axis":"y","origin":[0,-3,0]},"faces":{"north":{"uv":[0,0,12,3.25],"texture":"#3"},"east":{"uv":[0,0,0,3.25],"texture":"#3"},"south":{"uv":[0,3.25,12,6.5],"texture":"#3"},"west":{"uv":[0,0,0,3.25],"texture":"#3"},"up":{"uv":[12,0,0,0],"texture":"#3"},"down":{"uv":[12,0,0,0],"texture":"#3"}}},{"from":[3,5,3],"to":[13,11,13],"rotation":{"angle":0,"axis":"y","origin":[0,-10,0]},"faces":{"north":{"uv":[5,9,7.5,10.5],"texture":"#3"},"east":{"uv":[7.5,9,10,10.5],"texture":"#3"},"south":{"uv":[10,6.5,12.5,8],"texture":"#3"},"west":{"uv":[10,8,12.5,9.5],"texture":"#3"},"up":{"uv":[2.5,9,0,6.5],"texture":"#3"},"down":{"uv":[5,6.5,2.5,9],"texture":"#3"}}},{"from":[5,-4,8],"to":[11,3,8],"rotation":{"angle":0,"axis":"y","origin":[8,-0.5,8]},"faces":{"north":{"uv":[12,3,13.5,4.75],"texture":"#3"},"east":{"uv":[0,0,0,1.75],"texture":"#3"},"south":{"uv":[12,4.75,13.5,6.5],"texture":"#3"},"west":{"uv":[0,0,0,1.75],"texture":"#3"},"up":{"uv":[1.5,0,0,0],"texture":"#3"},"down":{"uv":[1.5,0,0,0],"texture":"#3"}}},{"from":[8,-4,5],"to":[8,3,11],"rotation":{"angle":0,"axis":"y","origin":[8,-0.5,8]},"faces":{"north":{"uv":[0,0,0,1.75],"texture":"#3"},"east":{"uv":[5,12,6.5,13.75],"texture":"#3"},"south":{"uv":[0,0,0,1.75],"texture":"#3"},"west":{"uv":[6.5,12,8,13.75],"texture":"#3"},"up":{"uv":[0,1.5,0,0],"texture":"#3"},"down":{"uv":[0,0,0,1.5],"texture":"#3"}}},{"from":[7,2,7],"to":[9,4,9],"rotation":{"angle":45,"axis":"y","origin":[8,3,8]},"faces":{"north":{"uv":[9.5,12,10,12.5],"texture":"#3"},"east":{"uv":[4.5,13,5,13.5],"texture":"#3"},"south":{"uv":[14,7,14.5,7.5],"texture":"#3"},"west":{"uv":[14,7.5,14.5,8],"texture":"#3"},"up":{"uv":[14.5,8.5,14,8],"texture":"#3"},"down":{"uv":[14.5,8.5,14,9],"texture":"#3"}}},{"from":[6,11,6],"to":[10,13,10],"rotation":{"angle":0,"axis":"y","origin":[0,-10,0]},"faces":{"north":{"uv":[13.5,6,14.5,6.5],"texture":"#3"},"east":{"uv":[12.5,13.5,13.5,14],"texture":"#3"},"south":{"uv":[13.5,13.5,14.5,14],"texture":"#3"},"west":{"uv":[4.5,13.75,5.5,14.25],"texture":"#3"},"up":{"uv":[2.5,14,1.5,13],"texture":"#3"},"down":{"uv":[3.5,13,2.5,14],"texture":"#3"}}},{"from":[7,14,7.5],"to":[9,14,8.5],"rotation":{"angle":0,"axis":"y","origin":[0,-10,0]},"faces":{"north":{"uv":[0,0,0.5,0],"texture":"#3"},"east":{"uv":[0,0,0.25,0],"texture":"#3"},"south":{"uv":[0,0,0.5,0],"texture":"#3"},"west":{"uv":[0,0,0.25,0],"texture":"#3"},"up":{"uv":[5,13.75,4.5,13.5],"texture":"#3"},"down":{"uv":[14.5,14,14,14.25],"texture":"#3"}}},{"from":[8,4,7.5],"to":[8,5,8.5],"rotation":{"angle":-45,"axis":"y","origin":[8,5.5,8]},"faces":{"north":{"uv":[0,0,0,0.25],"texture":"#3"},"east":{"uv":[8,14.25,8.25,14.5],"texture":"#3"},"south":{"uv":[0,0,0,0.25],"texture":"#3"},"west":{"uv":[8.25,14.25,8.5,14.5],"texture":"#3"},"up":{"uv":[0,0.25,0,0],"texture":"#3"},"down":{"uv":[0,0,0,0.25],"texture":"#3"}}},{"from":[8,4,7.5],"to":[8,5,8.5],"rotation":{"angle":45,"axis":"y","origin":[8,5.5,8]},"faces":{"north":{"uv":[0,0,0,0.25],"texture":"#3"},"east":{"uv":[7.5,14.25,7.75,14.5],"texture":"#3"},"south":{"uv":[0,0,0,0.25],"texture":"#3"},"west":{"uv":[7.75,14.25,8,14.5],"texture":"#3"},"up":{"uv":[0,0.25,0,0],"texture":"#3"},"down":{"uv":[0,0,0,0.25],"texture":"#3"}}},{"from":[9,13,7.5],"to":[9,14,8.5],"rotation":{"angle":0,"axis":"y","origin":[0,-10,0]},"faces":{"north":{"uv":[0,0,0,0.25],"texture":"#3"},"east":{"uv":[6.5,14.25,6.75,14.5],"texture":"#3"},"south":{"uv":[0,0,0,0.25],"texture":"#3"},"west":{"uv":[6.75,14.25,7,14.5],"texture":"#3"},"up":{"uv":[0,0.25,0,0],"texture":"#3"},"down":{"uv":[0,0,0,0.25],"texture":"#3"}}},{"from":[7,13,7.5],"to":[7,14,8.5],"rotation":{"angle":0,"axis":"y","origin":[0,-10,0]},"faces":{"north":{"uv":[0,0,0,0.25],"texture":"#3"},"east":{"uv":[7,14.25,7.25,14.5],"texture":"#3"},"south":{"uv":[0,0,0,0.25],"texture":"#3"},"west":{"uv":[7.25,14.25,7.5,14.5],"texture":"#3"},"up":{"uv":[0,0.25,0,0],"texture":"#3"},"down":{"uv":[0,0,0,0.25],"texture":"#3"}}},{"from":[20,8,3],"to":[30,14,13],"rotation":{"angle":0,"axis":"y","origin":[17,-7,0]},"faces":{"north":{"uv":[10,9.5,12.5,11],"texture":"#3"},"east":{"uv":[5,10.5,7.5,12],"texture":"#3"},"south":{"uv":[7.5,10.5,10,12],"texture":"#3"},"west":{"uv":[10,11,12.5,12.5],"texture":"#3"},"up":{"uv":[7.5,9,5,6.5],"texture":"#3"},"down":{"uv":[10,6.5,7.5,9],"texture":"#3"}}},{"from":[23,14,6],"to":[27,16,10],"rotation":{"angle":0,"axis":"y","origin":[17,-7,0]},"faces":{"north":{"uv":[5.5,13.75,6.5,14.25],"texture":"#3"},"east":{"uv":[6.5,13.75,7.5,14.25],"texture":"#3"},"south":{"uv":[7.5,13.75,8.5,14.25],"texture":"#3"},"west":{"uv":[8.5,13.75,9.5,14.25],"texture":"#3"},"up":{"uv":[4.5,14,3.5,13],"texture":"#3"},"down":{"uv":[14.5,3,13.5,4],"texture":"#3"}}},{"from":[22,-1,8],"to":[28,6,8],"rotation":{"angle":0,"axis":"y","origin":[25,2.5,8]},"faces":{"north":{"uv":[12.5,8.25,14,10],"texture":"#3"},"east":{"uv":[0,0,0,1.75],"texture":"#3"},"south":{"uv":[9.5,12.5,11,14.25],"texture":"#3"},"west":{"uv":[0,0,0,1.75],"texture":"#3"},"up":{"uv":[1.5,0,0,0],"texture":"#3"},"down":{"uv":[1.5,0,0,0],"texture":"#3"}}},{"from":[24,5,7],"to":[26,7,9],"rotation":{"angle":45,"axis":"y","origin":[25,6,8]},"faces":{"north":{"uv":[14,9,14.5,9.5],"texture":"#3"},"east":{"uv":[14,9.5,14.5,10],"texture":"#3"},"south":{"uv":[14,10,14.5,10.5],"texture":"#3"},"west":{"uv":[14,10.5,14.5,11],"texture":"#3"},"up":{"uv":[14.5,11.5,14,11],"texture":"#3"},"down":{"uv":[14.5,11.5,14,12],"texture":"#3"}}},{"from":[24,17,7.5],"to":[26,17,8.5],"rotation":{"angle":0,"axis":"y","origin":[17,-7,0]},"faces":{"north":{"uv":[0,0,0.5,0],"texture":"#3"},"east":{"uv":[0,0,0.25,0],"texture":"#3"},"south":{"uv":[0,0,0.5,0],"texture":"#3"},"west":{"uv":[0,0,0.25,0],"texture":"#3"},"up":{"uv":[5,14.5,4.5,14.25],"texture":"#3"},"down":{"uv":[5.5,14.25,5,14.5],"texture":"#3"}}},{"from":[26,16,7.5],"to":[26,17,8.5],"rotation":{"angle":0,"axis":"y","origin":[17,-7,0]},"faces":{"north":{"uv":[0,0,0,0.25],"texture":"#3"},"east":{"uv":[10,14.25,10.25,14.5],"texture":"#3"},"south":{"uv":[0,0,0,0.25],"texture":"#3"},"west":{"uv":[10.25,14.25,10.5,14.5],"texture":"#3"},"up":{"uv":[0,0.25,0,0],"texture":"#3"},"down":{"uv":[0,0,0,0.25],"texture":"#3"}}},{"from":[24,16,7.5],"to":[24,17,8.5],"rotation":{"angle":0,"axis":"y","origin":[17,-7,0]},"faces":{"north":{"uv":[0,0,0,0.25],"texture":"#3"},"east":{"uv":[9.5,14.25,9.75,14.5],"texture":"#3"},"south":{"uv":[0,0,0,0.25],"texture":"#3"},"west":{"uv":[9.75,14.25,10,14.5],"texture":"#3"},"up":{"uv":[0,0.25,0,0],"texture":"#3"},"down":{"uv":[0,0,0,0.25],"texture":"#3"}}},{"from":[25,7,7.5],"to":[25,8,8.5],"rotation":{"angle":45,"axis":"y","origin":[25,8.5,8]},"faces":{"north":{"uv":[0,0,0,0.25],"texture":"#3"},"east":{"uv":[9,14.25,9.25,14.5],"texture":"#3"},"south":{"uv":[0,0,0,0.25],"texture":"#3"},"west":{"uv":[9.25,14.25,9.5,14.5],"texture":"#3"},"up":{"uv":[0,0.25,0,0],"texture":"#3"},"down":{"uv":[0,0,0,0.25],"texture":"#3"}}},{"from":[25,7,7.5],"to":[25,8,8.5],"rotation":{"angle":-45,"axis":"y","origin":[25,8.5,8]},"faces":{"north":{"uv":[0,0,0,0.25],"texture":"#3"},"east":{"uv":[8.5,14.25,8.75,14.5],"texture":"#3"},"south":{"uv":[0,0,0,0.25],"texture":"#3"},"west":{"uv":[8.75,14.25,9,14.5],"texture":"#3"},"up":{"uv":[0,0.25,0,0],"texture":"#3"},"down":{"uv":[0,0,0,0.25],"texture":"#3"}}},{"from":[25,-1,5],"to":[25,6,11],"rotation":{"angle":0,"axis":"y","origin":[25,2.5,8]},"faces":{"north":{"uv":[0,0,0,1.75],"texture":"#3"},"east":{"uv":[8,12,9.5,13.75],"texture":"#3"},"south":{"uv":[0,0,0,1.75],"texture":"#3"},"west":{"uv":[12.5,6.5,14,8.25],"texture":"#3"},"up":{"uv":[0,1.5,0,0],"texture":"#3"},"down":{"uv":[0,0,0,1.5],"texture":"#3"}}},{"from":[-14,8,3],"to":[-4,14,13],"rotation":{"angle":0,"axis":"y","origin":[-1,-7,0]},"faces":{"north":{"uv":[0,11.5,2.5,13],"texture":"#3"},"east":{"uv":[2.5,11.5,5,13],"texture":"#3"},"south":{"uv":[12,0,14.5,1.5],"texture":"#3"},"west":{"uv":[12,1.5,14.5,3],"texture":"#3"},"up":{"uv":[2.5,11.5,0,9],"texture":"#3"},"down":{"uv":[5,9,2.5,11.5],"texture":"#3"}}},{"from":[-11,14,6],"to":[-7,16,10],"rotation":{"angle":0,"axis":"y","origin":[-1,-7,0]},"faces":{"north":{"uv":[1.5,14,2.5,14.5],"texture":"#3"},"east":{"uv":[2.5,14,3.5,14.5],"texture":"#3"},"south":{"uv":[3.5,14,4.5,14.5],"texture":"#3"},"west":{"uv":[14,6.5,15,7],"texture":"#3"},"up":{"uv":[14.5,5,13.5,4],"texture":"#3"},"down":{"uv":[14.5,5,13.5,6],"texture":"#3"}}},{"from":[-12,-1,8],"to":[-6,6,8],"rotation":{"angle":0,"axis":"y","origin":[-9,2.5,8]},"faces":{"north":{"uv":[12.5,11.75,14,13.5],"texture":"#3"},"east":{"uv":[0,0,0,1.75],"texture":"#3"},"south":{"uv":[0,13,1.5,14.75],"texture":"#3"},"west":{"uv":[0,0,0,1.75],"texture":"#3"},"up":{"uv":[1.5,0,0,0],"texture":"#3"},"down":{"uv":[1.5,0,0,0],"texture":"#3"}}},{"from":[-10,5,7],"to":[-8,7,9],"rotation":{"angle":-45,"axis":"y","origin":[-9,6,8]},"faces":{"north":{"uv":[14,12,14.5,12.5],"texture":"#3"},"east":{"uv":[12.5,14,13,14.5],"texture":"#3"},"south":{"uv":[14,12.5,14.5,13],"texture":"#3"},"west":{"uv":[13,14,13.5,14.5],"texture":"#3"},"up":{"uv":[14.5,13.5,14,13],"texture":"#3"},"down":{"uv":[14,14,13.5,14.5],"texture":"#3"}}},{"from":[-10,17,7.5],"to":[-8,17,8.5],"rotation":{"angle":0,"axis":"y","origin":[-1,-7,0]},"faces":{"north":{"uv":[0,0,0.5,0],"texture":"#3"},"east":{"uv":[0,0,0.25,0],"texture":"#3"},"south":{"uv":[0,0,0.5,0],"texture":"#3"},"west":{"uv":[0,0,0.25,0],"texture":"#3"},"up":{"uv":[6,14.5,5.5,14.25],"texture":"#3"},"down":{"uv":[6.5,14.25,6,14.5],"texture":"#3"}}},{"from":[-10,16,7.5],"to":[-10,17,8.5],"rotation":{"angle":0,"axis":"y","origin":[-1,-7,0]},"faces":{"north":{"uv":[0,0,0,0.25],"texture":"#3"},"east":{"uv":[12,14.25,12.25,14.5],"texture":"#3"},"south":{"uv":[0,0,0,0.25],"texture":"#3"},"west":{"uv":[12.25,14.25,12.5,14.5],"texture":"#3"},"up":{"uv":[0,0.25,0,0],"texture":"#3"},"down":{"uv":[0,0,0,0.25],"texture":"#3"}}},{"from":[-8,16,7.5],"to":[-8,17,8.5],"rotation":{"angle":0,"axis":"y","origin":[-1,-7,0]},"faces":{"north":{"uv":[0,0,0,0.25],"texture":"#3"},"east":{"uv":[11.5,14.25,11.75,14.5],"texture":"#3"},"south":{"uv":[0,0,0,0.25],"texture":"#3"},"west":{"uv":[11.75,14.25,12,14.5],"texture":"#3"},"up":{"uv":[0,0.25,0,0],"texture":"#3"},"down":{"uv":[0,0,0,0.25],"texture":"#3"}}},{"from":[-9,7,7.5],"to":[-9,8,8.5],"rotation":{"angle":-45,"axis":"y","origin":[-9,8.5,8]},"faces":{"north":{"uv":[0,0,0,0.25],"texture":"#3"},"east":{"uv":[11,14.25,11.25,14.5],"texture":"#3"},"south":{"uv":[0,0,0,0.25],"texture":"#3"},"west":{"uv":[11.25,14.25,11.5,14.5],"texture":"#3"},"up":{"uv":[0,0.25,0,0],"texture":"#3"},"down":{"uv":[0,0,0,0.25],"texture":"#3"}}},{"from":[-9,7,7.5],"to":[-9,8,8.5],"rotation":{"angle":45,"axis":"y","origin":[-9,8.5,8]},"faces":{"north":{"uv":[0,0,0,0.25],"texture":"#3"},"east":{"uv":[10.5,14.25,10.75,14.5],"texture":"#3"},"south":{"uv":[0,0,0,0.25],"texture":"#3"},"west":{"uv":[10.75,14.25,11,14.5],"texture":"#3"},"up":{"uv":[0,0.25,0,0],"texture":"#3"},"down":{"uv":[0,0,0,0.25],"texture":"#3"}}},{"from":[-9,-1,5],"to":[-9,6,11],"rotation":{"angle":0,"axis":"y","origin":[-9,2.5,8]},"faces":{"north":{"uv":[0,0,0,1.75],"texture":"#3"},"east":{"uv":[12.5,10,14,11.75],"texture":"#3"},"south":{"uv":[0,0,0,1.75],"texture":"#3"},"west":{"uv":[11,12.5,12.5,14.25],"texture":"#3"},"up":{"uv":[0,1.5,0,0],"texture":"#3"},"down":{"uv":[0,0,0,1.5],"texture":"#3"}}}],"display":{"thirdperson_righthand":{"rotation":[75,45,0],"translation":[0,2.5,0],"scale":[0.375,0.375,0.375]},"thirdperson_lefthand":{"rotation":[75,45,0],"translation":[0,2.5,0],"scale":[0.375,0.375,0.375]},"firstperson_righthand":{"rotation":[0,45,0],"scale":[0.4,0.4,0.4]},"firstperson_lefthand":{"rotation":[0,225,0],"scale":[0.4,0.4,0.4]},"ground":{"translation":[0,3,0],"scale":[0.25,0.25,0.25]},"gui":{"rotation":[30,225,0],"scale":[0.4,0.4,0.4]},"fixed":{"rotation":[90,0,0],"translation":[0,0,-22],"scale":[2,2,2]}}}