{"credit":"Made with Blockbench","texture_size":[128,128],"textures":{"1":"chinese_new_year:kumquats"},"elements":[{"from":[2,-2,2],"to":[14,0,14],"faces":{"north":{"uv":[5.75,7,7.25,7.25],"texture":"#1"},"east":{"uv":[5.75,7.25,7.25,7.5],"texture":"#1"},"south":{"uv":[7.25,7,8.75,7.25],"texture":"#1"},"west":{"uv":[7.25,7.25,8.75,7.5],"texture":"#1"},"up":{"uv":[6,7,4.5,5.5],"texture":"#1"},"down":{"uv":[7.5,5.5,6,7],"texture":"#1"}}},{"from":[7,-3,7],"to":[9,3,9],"rotation":{"angle":-45,"axis":"y","origin":[8,4.5,8]},"faces":{"north":{"uv":[7.5,5.5,7.75,6.25],"texture":"#1"},"east":{"uv":[5.75,7.5,6,8.25],"texture":"#1"},"south":{"uv":[6,7.5,6.25,8.25],"texture":"#1"},"west":{"uv":[6.25,7.5,6.5,8.25],"texture":"#1"},"up":{"uv":[7.75,6.5,7.5,6.25],"texture":"#1"},"down":{"uv":[6.75,7.5,6.5,7.75],"texture":"#1"}}},{"from":[3,-10,3],"to":[13,-2,13],"faces":{"north":{"uv":[6.75,2.5,8,3.5],"texture":"#1"},"east":{"uv":[6.75,3.5,8,4.5],"texture":"#1"},"south":{"uv":[6.75,4.5,8,5.5],"texture":"#1"},"west":{"uv":[4.5,7,5.75,8],"texture":"#1"},"up":{"uv":[8,1.25,6.75,0],"texture":"#1"},"down":{"uv":[8,1.25,6.75,2.5],"texture":"#1"}}},{"from":[-1,-2,8],"to":[17,20,8],"rotation":{"angle":-45,"axis":"y","origin":[8,4.5,8]},"faces":{"north":{"uv":[0,0,2.25,2.75],"texture":"#1"},"east":{"uv":[0,0,0,2.75],"texture":"#1"},"south":{"uv":[2.25,0,4.5,2.75],"texture":"#1"},"west":{"uv":[0,0,0,2.75],"texture":"#1"},"up":{"uv":[2.25,0,0,0],"texture":"#1"},"down":{"uv":[2.25,0,0,0],"texture":"#1"}}},{"from":[8,0,-1],"to":[8,22,17],"rotation":{"angle":0,"axis":"y","origin":[8,4.5,8]},"faces":{"north":{"uv":[0,0,0,2.75],"texture":"#1"},"east":{"uv":[4.5,0,6.75,2.75],"texture":"#1"},"south":{"uv":[0,0,0,2.75],"texture":"#1"},"west":{"uv":[4.5,2.75,6.75,5.5],"texture":"#1"},"up":{"uv":[0,2.25,0,0],"texture":"#1"},"down":{"uv":[0,0,0,2.25],"texture":"#1"}}},{"from":[-1,0,8],"to":[17,22,8],"rotation":{"angle":0,"axis":"y","origin":[8,11,8]},"faces":{"north":{"uv":[0,5.5,2.25,8.25],"texture":"#1"},"east":{"uv":[0,0,0,2.75],"texture":"#1"},"south":{"uv":[2.25,5.5,4.5,8.25],"texture":"#1"},"west":{"uv":[0,0,0,2.75],"texture":"#1"},"up":{"uv":[2.25,0,0,0],"texture":"#1"},"down":{"uv":[2.25,0,0,0],"texture":"#1"}}},{"from":[8,-2,-1],"to":[8,20,17],"rotation":{"angle":-45,"axis":"y","origin":[8,9,8]},"faces":{"north":{"uv":[0,0,0,2.75],"texture":"#1"},"east":{"uv":[0,2.75,2.25,5.5],"texture":"#1"},"south":{"uv":[0,0,0,2.75],"texture":"#1"},"west":{"uv":[2.25,2.75,4.5,5.5],"texture":"#1"},"up":{"uv":[0,2.25,0,0],"texture":"#1"},"down":{"uv":[0,0,0,2.25],"texture":"#1"}}}],"display":{"thirdperson_righthand":{"rotation":[75,45,0],"translation":[0,2.5,0],"scale":[0.375,0.375,0.375]},"thirdperson_lefthand":{"rotation":[75,45,0],"translation":[0,2.5,0],"scale":[0.375,0.375,0.375]},"firstperson_righthand":{"rotation":[0,45,0],"scale":[0.4,0.4,0.4]},"firstperson_lefthand":{"rotation":[0,225,0],"scale":[0.4,0.4,0.4]},"ground":{"translation":[0,3,0],"scale":[0.25,0.25,0.25]},"gui":{"rotation":[30,225,0],"translation":[0,1,0],"scale":[0.4,0.4,0.4]},"fixed":{"rotation":[-90,0,0],"translation":[0,0,-36],"scale":[2,2,2]}}}