{"credit":"Made with Blockbench","texture_size":[64,64],"textures":{"2":"chinese_new_year:long_lantern"},"elements":[{"from":[3,5,3],"to":[13,11,13],"rotation":{"angle":0,"axis":"y","origin":[0,-10,0]},"faces":{"north":{"uv":[2.5,5,5,6.5],"texture":"#2"},"east":{"uv":[5,2.5,7.5,4],"texture":"#2"},"south":{"uv":[5,4,7.5,5.5],"texture":"#2"},"west":{"uv":[5,5.5,7.5,7],"texture":"#2"},"up":{"uv":[2.5,2.5,0,0],"texture":"#2"},"down":{"uv":[2.5,2.5,0,5],"texture":"#2"}}},{"from":[5,-4,8],"to":[11,3,8],"rotation":{"angle":0,"axis":"y","origin":[8,-0.5,8]},"faces":{"north":{"uv":[7.5,7.5,9,9.25],"texture":"#2"},"east":{"uv":[0,0,0,1.75],"texture":"#2"},"south":{"uv":[2.5,8,4,9.75],"texture":"#2"},"west":{"uv":[0,0,0,1.75],"texture":"#2"},"up":{"uv":[1.5,0,0,0],"texture":"#2"},"down":{"uv":[1.5,0,0,0],"texture":"#2"}}},{"from":[8,-4,5],"to":[8,3,11],"rotation":{"angle":0,"axis":"y","origin":[8,-0.5,8]},"faces":{"north":{"uv":[0,0,0,1.75],"texture":"#2"},"east":{"uv":[4,8.5,5.5,10.25],"texture":"#2"},"south":{"uv":[0,0,0,1.75],"texture":"#2"},"west":{"uv":[5.5,8.5,7,10.25],"texture":"#2"},"up":{"uv":[0,1.5,0,0],"texture":"#2"},"down":{"uv":[0,0,0,1.5],"texture":"#2"}}},{"from":[7,2,7],"to":[9,4,9],"rotation":{"angle":45,"axis":"y","origin":[8,3,8]},"faces":{"north":{"uv":[7,8.5,7.5,9],"texture":"#2"},"east":{"uv":[2,9,2.5,9.5],"texture":"#2"},"south":{"uv":[10,3,10.5,3.5],"texture":"#2"},"west":{"uv":[10,3.5,10.5,4],"texture":"#2"},"up":{"uv":[10.5,4.5,10,4],"texture":"#2"},"down":{"uv":[10.5,4.5,10,5],"texture":"#2"}}},{"from":[6,11,6],"to":[10,13,10],"rotation":{"angle":0,"axis":"y","origin":[0,-10,0]},"faces":{"north":{"uv":[4,8,5,8.5],"texture":"#2"},"east":{"uv":[9,9.5,10,10],"texture":"#2"},"south":{"uv":[2,9.75,3,10.25],"texture":"#2"},"west":{"uv":[3,9.75,4,10.25],"texture":"#2"},"up":{"uv":[1,10,0,9],"texture":"#2"},"down":{"uv":[2,9,1,10],"texture":"#2"}}},{"from":[3,13,3],"to":[13,19,13],"rotation":{"angle":0,"axis":"y","origin":[0,-10,0]},"faces":{"north":{"uv":[7.5,1.5,10,3],"texture":"#2"},"east":{"uv":[7.5,3,10,4.5],"texture":"#2"},"south":{"uv":[7.5,4.5,10,6],"texture":"#2"},"west":{"uv":[7.5,6,10,7.5],"texture":"#2"},"up":{"uv":[2.5,7.5,0,5],"texture":"#2"},"down":{"uv":[7.5,0,5,2.5],"texture":"#2"}}},{"from":[6,19,6],"to":[10,21,10],"rotation":{"angle":0,"axis":"y","origin":[0,-10,0]},"faces":{"north":{"uv":[10,1,11,1.5],"texture":"#2"},"east":{"uv":[10,1.5,11,2],"texture":"#2"},"south":{"uv":[10,2,11,2.5],"texture":"#2"},"west":{"uv":[10,2.5,11,3],"texture":"#2"},"up":{"uv":[8,10.25,7,9.25],"texture":"#2"},"down":{"uv":[9,9.25,8,10.25],"texture":"#2"}}},{"from":[8,4,7.5],"to":[8,5,8.5],"rotation":{"angle":-45,"axis":"y","origin":[8,5.5,8]},"faces":{"north":{"uv":[0,0,0,0.25],"texture":"#2"},"east":{"uv":[10,7.5,10.25,7.75],"texture":"#2"},"south":{"uv":[0,0,0,0.25],"texture":"#2"},"west":{"uv":[10,7.75,10.25,8],"texture":"#2"},"up":{"uv":[0,0.25,0,0],"texture":"#2"},"down":{"uv":[0,0,0,0.25],"texture":"#2"}}},{"from":[8,4,7.5],"to":[8,5,8.5],"rotation":{"angle":45,"axis":"y","origin":[8,5.5,8]},"faces":{"north":{"uv":[0,0,0,0.25],"texture":"#2"},"east":{"uv":[10,7,10.25,7.25],"texture":"#2"},"south":{"uv":[0,0,0,0.25],"texture":"#2"},"west":{"uv":[10,7.25,10.25,7.5],"texture":"#2"},"up":{"uv":[0,0.25,0,0],"texture":"#2"},"down":{"uv":[0,0,0,0.25],"texture":"#2"}}},{"from":[3,21,3],"to":[13,27,13],"rotation":{"angle":0,"axis":"y","origin":[0,6,0]},"faces":{"north":{"uv":[2.5,6.5,5,8],"texture":"#2"},"east":{"uv":[5,7,7.5,8.5],"texture":"#2"},"south":{"uv":[0,7.5,2.5,9],"texture":"#2"},"west":{"uv":[7.5,0,10,1.5],"texture":"#2"},"up":{"uv":[5,2.5,2.5,0],"texture":"#2"},"down":{"uv":[5,2.5,2.5,5],"texture":"#2"}}},{"from":[6,27,6],"to":[10,29,10],"rotation":{"angle":0,"axis":"y","origin":[0,6,0]},"faces":{"north":{"uv":[0,10,1,10.5],"texture":"#2"},"east":{"uv":[10,0,11,0.5],"texture":"#2"},"south":{"uv":[10,0.5,11,1],"texture":"#2"},"west":{"uv":[1,10,2,10.5],"texture":"#2"},"up":{"uv":[10,8.5,9,7.5],"texture":"#2"},"down":{"uv":[10,8.5,9,9.5],"texture":"#2"}}},{"from":[7,30,7.5],"to":[9,30,8.5],"rotation":{"angle":0,"axis":"y","origin":[0,6,0]},"faces":{"north":{"uv":[0,0,0.5,0],"texture":"#2"},"east":{"uv":[0,0,0.25,0],"texture":"#2"},"south":{"uv":[0,0,0.5,0],"texture":"#2"},"west":{"uv":[0,0,0.25,0],"texture":"#2"},"up":{"uv":[7.5,9.25,7,9],"texture":"#2"},"down":{"uv":[2.5,9.5,2,9.75],"texture":"#2"}}},{"from":[9,29,7.5],"to":[9,30,8.5],"rotation":{"angle":0,"axis":"y","origin":[0,6,0]},"faces":{"north":{"uv":[0,0,0,0.25],"texture":"#2"},"east":{"uv":[10,8.5,10.25,8.75],"texture":"#2"},"south":{"uv":[0,0,0,0.25],"texture":"#2"},"west":{"uv":[10,8.75,10.25,9],"texture":"#2"},"up":{"uv":[0,0.25,0,0],"texture":"#2"},"down":{"uv":[0,0,0,0.25],"texture":"#2"}}},{"from":[7,29,7.5],"to":[7,30,8.5],"rotation":{"angle":0,"axis":"y","origin":[0,6,0]},"faces":{"north":{"uv":[0,0,0,0.25],"texture":"#2"},"east":{"uv":[10,8,10.25,8.25],"texture":"#2"},"south":{"uv":[0,0,0,0.25],"texture":"#2"},"west":{"uv":[10,8.25,10.25,8.5],"texture":"#2"},"up":{"uv":[0,0.25,0,0],"texture":"#2"},"down":{"uv":[0,0,0,0.25],"texture":"#2"}}},{"from":[8,30,7.5],"to":[8,32,8.5],"rotation":{"angle":-45,"axis":"y","origin":[8,31.5,8]},"faces":{"north":{"uv":[0,0,0,0.5],"texture":"#2"},"east":{"uv":[10,6,10.25,6.5],"texture":"#2"},"south":{"uv":[0,0,0,0.5],"texture":"#2"},"west":{"uv":[10,6.5,10.25,7],"texture":"#2"},"up":{"uv":[0,0.25,0,0],"texture":"#2"},"down":{"uv":[0,0,0,0.25],"texture":"#2"}}},{"from":[8,30,7.5],"to":[8,32,8.5],"rotation":{"angle":45,"axis":"y","origin":[8,31.5,8]},"faces":{"north":{"uv":[0,0,0,0.5],"texture":"#2"},"east":{"uv":[10,5,10.25,5.5],"texture":"#2"},"south":{"uv":[0,0,0,0.5],"texture":"#2"},"west":{"uv":[10,5.5,10.25,6],"texture":"#2"},"up":{"uv":[0,0.25,0,0],"texture":"#2"},"down":{"uv":[0,0,0,0.25],"texture":"#2"}}}],"display":{"thirdperson_righthand":{"rotation":[75,45,0],"translation":[0,2.5,0],"scale":[0.375,0.375,0.375]},"thirdperson_lefthand":{"rotation":[75,45,0],"translation":[0,2.5,0],"scale":[0.375,0.375,0.375]},"firstperson_righthand":{"rotation":[0,45,0],"scale":[0.4,0.4,0.4]},"firstperson_lefthand":{"rotation":[0,225,0],"scale":[0.4,0.4,0.4]},"ground":{"translation":[0,3,0],"scale":[0.25,0.25,0.25]},"gui":{"rotation":[30,225,0],"translation":[0,-2.25,0],"scale":[0.4,0.4,0.4]},"fixed":{"rotation":[90,0,0],"translation":[0,0,-48],"scale":[2,2,2]}}}