{"credit":"Made with Blockbench","texture_size":[64,64],"textures":{"1":"chinese_new_year:lucky_banner"},"elements":[{"from":[0,29,8],"to":[16,32,11],"faces":{"north":{"uv":[8,0,12,0.75],"texture":"#1"},"east":{"uv":[8,3,8.75,3.75],"texture":"#1"},"south":{"uv":[8,0.75,12,1.5],"texture":"#1"},"west":{"uv":[8,3.75,8.75,4.5],"texture":"#1"},"up":{"uv":[12,2.25,8,1.5],"texture":"#1"},"down":{"uv":[12,2.25,8,3],"texture":"#1"}}},{"from":[0,-16,8],"to":[16,29,8],"faces":{"north":{"uv":[0,0,4,11.25],"texture":"#1"},"east":{"uv":[0,0,0,11.25],"texture":"#1"},"south":{"uv":[4,0,8,11.25],"texture":"#1"},"west":{"uv":[0,0,0,11.25],"texture":"#1"},"up":{"uv":[4,0,0,0],"texture":"#1"},"down":{"uv":[4,0,0,0],"texture":"#1"}}}],"display":{"thirdperson_righthand":{"rotation":[75,45,0],"translation":[0,2.5,0],"scale":[0.375,0.375,0.375]},"thirdperson_lefthand":{"rotation":[75,45,0],"translation":[0,2.5,0],"scale":[0.375,0.375,0.375]},"firstperson_righthand":{"rotation":[0,45,0],"scale":[0.4,0.4,0.4]},"firstperson_lefthand":{"rotation":[0,225,0],"scale":[0.4,0.4,0.4]},"ground":{"translation":[0,3,0],"scale":[0.25,0.25,0.25]},"gui":{"rotation":[30,225,0],"scale":[0.3,0.3,0.3]},"fixed":{"translation":[0,-32.25,-6],"scale":[2,2,2]}}}