{"credit":"Made with Blockbench","texture_size":[32,32],"textures":{"1":"chinese_new_year:wall_coin"},"elements":[{"from":[10,0,6],"to":[16,16,8],"rotation":{"angle":-45,"axis":"z","origin":[8,8,7]},"faces":{"north":{"uv":[0,0,3,8],"texture":"#1"},"east":{"uv":[3,8,4,16],"texture":"#1"},"south":{"uv":[3,0,6,8],"texture":"#1"},"west":{"uv":[4,8,5,16],"texture":"#1"},"up":{"uv":[12,10,9,9],"texture":"#1"},"down":{"uv":[12,10,9,11],"texture":"#1"}}},{"from":[6,0,6],"to":[10,6,8],"rotation":{"angle":-45,"axis":"z","origin":[8,8,7]},"faces":{"north":{"uv":[7,8,9,11],"texture":"#1"},"east":{"uv":[11,2,12,5],"texture":"#1"},"south":{"uv":[9,0,11,3],"texture":"#1"},"west":{"uv":[11,5,12,8],"texture":"#1"},"up":{"uv":[13,9,11,8],"texture":"#1"},"down":{"uv":[11,11,9,12],"texture":"#1"}}},{"from":[6,10,6],"to":[10,16,8],"rotation":{"angle":-45,"axis":"z","origin":[8,8,7]},"faces":{"north":{"uv":[9,3,11,6],"texture":"#1"},"east":{"uv":[7,11,8,14],"texture":"#1"},"south":{"uv":[9,6,11,9],"texture":"#1"},"west":{"uv":[8,11,9,14],"texture":"#1"},"up":{"uv":[13,12,11,11],"texture":"#1"},"down":{"uv":[14,2,12,3],"texture":"#1"}}},{"from":[0,0,6],"to":[6,16,8],"rotation":{"angle":-45,"axis":"z","origin":[8,8,7]},"faces":{"north":{"uv":[6,0,9,8],"texture":"#1"},"east":{"uv":[5,8,6,16],"texture":"#1"},"south":{"uv":[0,8,3,16],"texture":"#1"},"west":{"uv":[6,8,7,16],"texture":"#1"},"up":{"uv":[14,1,11,0],"texture":"#1"},"down":{"uv":[14,1,11,2],"texture":"#1"}}}],"display":{"thirdperson_righthand":{"rotation":[75,45,0],"translation":[0,2.5,0],"scale":[0.375,0.375,0.375]},"thirdperson_lefthand":{"rotation":[75,45,0],"translation":[0,2.5,0],"scale":[0.375,0.375,0.375]},"firstperson_righthand":{"rotation":[0,45,0],"scale":[0.4,0.4,0.4]},"firstperson_lefthand":{"rotation":[0,225,0],"scale":[0.4,0.4,0.4]},"ground":{"translation":[0,3,0],"scale":[0.25,0.25,0.25]},"gui":{"rotation":[30,225,0],"scale":[0.625,0.625,0.625]},"fixed":{"scale":[2,2,2]}}}