{"textures":{"0":"modelengine:entity/ghastling_2"},"elements":[{"name":"cube","from":[9.5,-1.0000005,5.8999996],"to":[12.2,10.700001,8.6],"rotation":{"angle":0.0,"axis":"x","origin":[7.7,8.0,9.5]},"faces":{"down":{"uv":[8.375,0.0,8.0,0.375],"rotation":0,"texture":"#0","tintindex":0},"east":{"uv":[4.375,7.875,4.75,9.5],"rotation":0,"texture":"#0","tintindex":0},"north":{"uv":[4.0,7.875,4.375,9.5],"rotation":0,"texture":"#0","tintindex":0},"south":{"uv":[4.75,7.875,5.125,9.5],"rotation":0,"texture":"#0","tintindex":0},"up":{"uv":[5.875,8.25,5.5,7.875],"rotation":0,"texture":"#0","tintindex":0},"west":{"uv":[5.125,7.875,5.5,9.5],"rotation":0,"texture":"#0","tintindex":0}}}],"display":{"head":{"translation":[0.0,-6.4,0.0],"rotation":[0.0,0.0,0.0],"scale":[3.8095,3.8095,3.8095]}}}