{"credit":"Made with Blockbench","texture_size":[64,64],"textures":{"0":"elitecreatures:office_decoration_v1/office_chair_1","particle":"elitecreatures:office_decoration_v1/office_chair_1"},"elements":[{"from":[2,6,2],"to":[14,9,14],"faces":{"north":{"uv":[3.5,0,6.5,0.75],"texture":"#0"},"east":{"uv":[6.5,0,9.5,0.75],"texture":"#0"},"south":{"uv":[3.5,0,6.5,0.75],"texture":"#0"},"west":{"uv":[6.5,0,9.5,0.75],"texture":"#0"},"up":{"uv":[6.5,3.75,3.5,0.75],"texture":"#0"},"down":{"uv":[6.5,0.75,3.5,3.75],"texture":"#0"}}},{"from":[13,12,2],"to":[14,14,12],"faces":{"north":{"uv":[0.75,4.25,1,4.75],"texture":"#0"},"east":{"uv":[0.5,3.75,3,4.25],"texture":"#0"},"west":{"uv":[0.5,3.75,3,4.25],"texture":"#0"},"up":{"uv":[0.75,6.75,0.5,4.25],"texture":"#0"},"down":{"uv":[0.75,4.25,0.5,6.75],"texture":"#0"}}},{"from":[13,9,2],"to":[14,12,4],"faces":{"north":{"uv":[3.5,3.75,3.75,4.5],"texture":"#0"},"east":{"uv":[3,3.75,3.5,4.5],"texture":"#0"},"south":{"uv":[3.5,3.75,3.75,4.5],"texture":"#0"},"west":{"uv":[3,3.75,3.5,4.5],"texture":"#0"}}},{"from":[2,9,2],"to":[3,12,4],"rotation":{"angle":0,"axis":"y","origin":[16,0,0]},"faces":{"north":{"uv":[3.75,3.75,3.5,4.5],"texture":"#0"},"east":{"uv":[3.5,3.75,3,4.5],"texture":"#0"},"south":{"uv":[3.75,3.75,3.5,4.5],"texture":"#0"},"west":{"uv":[3.5,3.75,3,4.5],"texture":"#0"}}},{"from":[2,12,2],"to":[3,14,12],"rotation":{"angle":0,"axis":"y","origin":[16,0,0]},"faces":{"north":{"uv":[1,4.25,0.75,4.75],"texture":"#0"},"east":{"uv":[3,3.75,0.5,4.25],"texture":"#0"},"west":{"uv":[3,3.75,0.5,4.25],"texture":"#0"},"up":{"uv":[0.5,6.75,0.75,4.25],"texture":"#0"},"down":{"uv":[0.5,4.25,0.75,6.75],"texture":"#0"}}},{"from":[2,9,12],"to":[14,21,14],"faces":{"north":{"uv":[0.5,0,3.5,3],"texture":"#0"},"east":{"uv":[0,0,0.5,3],"texture":"#0"},"south":{"uv":[0.5,0,3.5,3],"texture":"#0"},"west":{"uv":[0,0,0.5,3],"texture":"#0"},"up":{"uv":[3,3.5,0,3],"texture":"#0"},"down":{"uv":[3,3,0,3.5],"texture":"#0"}}},{"from":[7,3,7],"to":[9,6,9],"faces":{"north":{"uv":[3.75,3.75,4.25,4.5],"texture":"#0"},"east":{"uv":[3.75,3.75,4.25,4.5],"texture":"#0"},"south":{"uv":[3.75,3.75,4.25,4.5],"texture":"#0"},"west":{"uv":[3.75,3.75,4.25,4.5],"texture":"#0"}}},{"from":[7,2,2],"to":[9,3,14],"rotation":{"angle":-45,"axis":"y","origin":[8,1.75,8]},"faces":{"north":{"uv":[1,4.25,1.5,4.5],"texture":"#0"},"east":{"uv":[0.5,3.5,3.5,3.75],"texture":"#0"},"south":{"uv":[1,4.25,1.5,4.5],"texture":"#0"},"west":{"uv":[0.5,3.5,3.5,3.75],"texture":"#0"},"up":{"uv":[0.5,6.5,0,3.5],"texture":"#0"},"down":{"uv":[0.5,3.5,0,6.5],"texture":"#0"}}},{"from":[7.5,0,2],"to":[8.5,2,4],"rotation":{"angle":-45,"axis":"y","origin":[8,1.75,8]},"faces":{"north":{"uv":[4.75,3.75,5,4.25],"texture":"#0"},"east":{"uv":[4.25,3.75,4.75,4.25],"texture":"#0"},"south":{"uv":[4.75,3.75,5,4.25],"texture":"#0"},"west":{"uv":[4.25,3.75,4.75,4.25],"texture":"#0"},"up":{"uv":[5,4.25,4.75,3.75],"texture":"#0"},"down":{"uv":[5,3.75,4.75,4.25],"texture":"#0"}}},{"from":[7.5,0,12],"to":[8.5,2,14],"rotation":{"angle":-45,"axis":"y","origin":[8,1.75,8]},"faces":{"north":{"uv":[4.75,3.75,5,4.25],"texture":"#0"},"east":{"uv":[4.25,3.75,4.75,4.25],"texture":"#0"},"south":{"uv":[4.75,3.75,5,4.25],"texture":"#0"},"west":{"uv":[4.25,3.75,4.75,4.25],"texture":"#0"},"up":{"uv":[5,4.25,4.75,3.75],"texture":"#0"},"down":{"uv":[5,3.75,4.75,4.25],"texture":"#0"}}},{"from":[7.5,0,2],"to":[8.5,2,4],"rotation":{"angle":45,"axis":"y","origin":[8,1.75,8]},"faces":{"north":{"uv":[4.75,3.75,5,4.25],"texture":"#0"},"east":{"uv":[4.25,3.75,4.75,4.25],"texture":"#0"},"south":{"uv":[4.75,3.75,5,4.25],"texture":"#0"},"west":{"uv":[4.25,3.75,4.75,4.25],"texture":"#0"},"up":{"uv":[5,4.25,4.75,3.75],"texture":"#0"},"down":{"uv":[5,3.75,4.75,4.25],"texture":"#0"}}},{"from":[7,2,2],"to":[9,3,14],"rotation":{"angle":45,"axis":"y","origin":[8,1.75,8]},"faces":{"north":{"uv":[1,4.25,1.5,4.5],"texture":"#0"},"east":{"uv":[0.5,3.5,3.5,3.75],"texture":"#0"},"south":{"uv":[1,4.25,1.5,4.5],"texture":"#0"},"west":{"uv":[0.5,3.5,3.5,3.75],"texture":"#0"},"up":{"uv":[0.5,6.5,0,3.5],"texture":"#0"},"down":{"uv":[0.5,3.5,0,6.5],"texture":"#0"}}},{"from":[7.5,0,12],"to":[8.5,2,14],"rotation":{"angle":45,"axis":"y","origin":[8,1.75,8]},"faces":{"north":{"uv":[4.75,3.75,5,4.25],"texture":"#0"},"east":{"uv":[4.25,3.75,4.75,4.25],"texture":"#0"},"south":{"uv":[4.75,3.75,5,4.25],"texture":"#0"},"west":{"uv":[4.25,3.75,4.75,4.25],"texture":"#0"},"up":{"uv":[5,4.25,4.75,3.75],"texture":"#0"},"down":{"uv":[5,3.75,4.75,4.25],"texture":"#0"}}}],"gui_light":"front","display":{"thirdperson_righthand":{"translation":[0,2.5,1.5],"scale":[0.33,0.33,0.33]},"thirdperson_lefthand":{"translation":[0,2.5,1.5],"scale":[0.33,0.33,0.33]},"firstperson_righthand":{"translation":[0,1,1.5],"scale":[0.67,0.67,0.67]},"firstperson_lefthand":{"translation":[0,1,1.5],"scale":[0.67,0.67,0.67]},"ground":{"translation":[0.75,2,0],"scale":[0.5,0.5,0.5]},"gui":{"rotation":[30,225,0],"translation":[0.25,-1.75,0],"scale":[0.44,0.44,0.44]},"head":{"rotation":[0,180,0],"translation":[0,-30.25,0],"scale":[1.6,1.6,1.6]},"fixed":{"scale":[0,0,0]}}}