{"credit":"Made with Blockbench","texture_size":[64,64],"textures":{"0":"elitecreatures:office_decoration_v1/office_chair_2","particle":"elitecreatures:office_decoration_v1/office_chair_2"},"elements":[{"from":[2,6,2],"to":[14,9,14],"faces":{"north":{"uv":[0,0,3,0.75],"texture":"#0"},"east":{"uv":[0,0,3,0.75],"texture":"#0"},"south":{"uv":[0,0,3,0.75],"texture":"#0"},"west":{"uv":[0,0,3,0.75],"texture":"#0"},"up":{"uv":[3,3.75,0,0.75],"texture":"#0"},"down":{"uv":[3,3.75,0,6.75],"texture":"#0"}}},{"from":[2,9,12],"to":[14,18,14],"faces":{"north":{"uv":[3,0,6,2.25],"texture":"#0"},"east":{"uv":[6,0,6.5,2.25],"texture":"#0"},"south":{"uv":[3,2.25,6,4.5],"texture":"#0"},"west":{"uv":[6,0,6.5,2.25],"texture":"#0"},"up":{"uv":[3,7.25,0,6.75],"texture":"#0"}}},{"from":[14,12,3],"to":[16,13,14],"faces":{"north":{"uv":[3,4.5,3.5,4.75],"texture":"#0"},"east":{"uv":[3.5,4.5,6.25,4.75],"texture":"#0"},"south":{"uv":[3,4.5,3.5,4.75],"texture":"#0"},"west":{"uv":[3.5,4.5,6.25,4.75],"texture":"#0"},"up":{"uv":[3.5,7.5,3,4.75],"texture":"#0"},"down":{"uv":[3.5,4.75,3,7.5],"texture":"#0"}}},{"from":[14,0,3],"to":[16,12,4],"faces":{"north":{"uv":[3.5,5,4,8],"texture":"#0"},"east":{"uv":[4,4.75,4.25,7.75],"texture":"#0"},"south":{"uv":[3.5,5,4,8],"texture":"#0"},"west":{"uv":[4,4.75,4.25,7.75],"texture":"#0"},"down":{"uv":[4,4.75,3.5,5],"texture":"#0"}}},{"from":[14,0,13],"to":[16,12,14],"rotation":{"angle":0,"axis":"y","origin":[0,0,16]},"faces":{"north":{"uv":[4,5,3.5,8],"texture":"#0"},"east":{"uv":[4.25,4.75,4,7.75],"texture":"#0"},"south":{"uv":[4,5,3.5,8],"texture":"#0"},"west":{"uv":[4.25,4.75,4,7.75],"texture":"#0"},"down":{"uv":[4,5,3.5,4.75],"texture":"#0"}}},{"from":[14,6,4],"to":[16,8,13],"faces":{"east":{"uv":[6.5,0,8.75,0.5],"texture":"#0"},"west":{"uv":[6.5,0,8.75,0.5],"texture":"#0"},"up":{"uv":[6.5,4.5,6,2.25],"texture":"#0"},"down":{"uv":[6.5,2.25,6,4.5],"texture":"#0"}}},{"from":[0,0,3],"to":[2,12,4],"rotation":{"angle":0,"axis":"y","origin":[16,0,0]},"faces":{"north":{"uv":[4,5,3.5,8],"texture":"#0"},"east":{"uv":[4.25,4.75,4,7.75],"texture":"#0"},"south":{"uv":[4,5,3.5,8],"texture":"#0"},"west":{"uv":[4.25,4.75,4,7.75],"texture":"#0"},"down":{"uv":[3.5,4.75,4,5],"texture":"#0"}}},{"from":[0,6,4],"to":[2,8,13],"rotation":{"angle":0,"axis":"y","origin":[16,0,0]},"faces":{"east":{"uv":[8.75,0,6.5,0.5],"texture":"#0"},"west":{"uv":[8.75,0,6.5,0.5],"texture":"#0"},"up":{"uv":[6,4.5,6.5,2.25],"texture":"#0"},"down":{"uv":[6,2.25,6.5,4.5],"texture":"#0"}}},{"from":[0,0,13],"to":[2,12,14],"rotation":{"angle":0,"axis":"y","origin":[16,0,16]},"faces":{"north":{"uv":[3.5,5,4,8],"texture":"#0"},"east":{"uv":[4,4.75,4.25,7.75],"texture":"#0"},"south":{"uv":[3.5,5,4,8],"texture":"#0"},"west":{"uv":[4,4.75,4.25,7.75],"texture":"#0"},"down":{"uv":[3.5,5,4,4.75],"texture":"#0"}}},{"from":[0,12,3],"to":[2,13,14],"rotation":{"angle":0,"axis":"y","origin":[16,0,0]},"faces":{"north":{"uv":[3.5,4.5,3,4.75],"texture":"#0"},"east":{"uv":[6.25,4.5,3.5,4.75],"texture":"#0"},"south":{"uv":[3.5,4.5,3,4.75],"texture":"#0"},"west":{"uv":[6.25,4.5,3.5,4.75],"texture":"#0"},"up":{"uv":[3,7.5,3.5,4.75],"texture":"#0"},"down":{"uv":[3,4.75,3.5,7.5],"texture":"#0"}}}],"gui_light":"front","display":{"thirdperson_righthand":{"translation":[0,2.5,1.5],"scale":[0.33,0.33,0.33]},"thirdperson_lefthand":{"translation":[0,2.5,1.5],"scale":[0.33,0.33,0.33]},"firstperson_righthand":{"translation":[0,1,1.5],"scale":[0.67,0.67,0.67]},"firstperson_lefthand":{"translation":[0,1,1.5],"scale":[0.67,0.67,0.67]},"ground":{"translation":[0.75,2,0],"scale":[0.5,0.5,0.5]},"gui":{"rotation":[30,225,0],"translation":[0.25,-1.25,0],"scale":[0.44,0.44,0.44]},"head":{"rotation":[0,180,0],"translation":[0,-30.25,0],"scale":[1.6,1.6,1.6]},"fixed":{"scale":[0,0,0]}}}