{"credit":"Made with Blockbench","texture_size":[64,64],"textures":{"0":"elitecreatures:office_decoration_v1/office_tv","particle":"elitecreatures:office_decoration_v1/office_tv"},"elements":[{"from":[-16,0,14.5],"to":[16,1,16.5],"faces":{"north":{"uv":[0,7.5,8,7.75],"texture":"#0"},"east":{"uv":[8,7,8.5,7.25],"texture":"#0"},"south":{"uv":[0,7.5,8,7.75],"texture":"#0"},"west":{"uv":[8.5,7,8,7.25],"texture":"#0"},"up":{"uv":[8,7.5,0,7],"texture":"#0"},"down":{"uv":[8,7,0,7.5],"texture":"#0"}}},{"from":[-16,15,14.5],"to":[16,16,16.5],"rotation":{"angle":0,"axis":"y","origin":[0,16,0]},"faces":{"north":{"uv":[0,7.75,8,7.5],"texture":"#0"},"east":{"uv":[8,7.25,8.5,7],"texture":"#0"},"south":{"uv":[0,7.75,8,7.5],"texture":"#0"},"west":{"uv":[8.5,7.25,8,7],"texture":"#0"},"up":{"uv":[8,7.5,0,7],"texture":"#0"},"down":{"uv":[8,7,0,7.5],"texture":"#0"}}},{"from":[15,1,14.5],"to":[16,15,16.5],"faces":{"north":{"uv":[8,0,8.25,3.5],"texture":"#0"},"east":{"uv":[7.5,0,8,3.5],"texture":"#0"},"south":{"uv":[8.25,0,8,3.5],"texture":"#0"},"west":{"uv":[7.5,0,8,3.5],"texture":"#0"}}},{"from":[-16,1,14.5],"to":[-15,15,16.5],"rotation":{"angle":0,"axis":"y","origin":[16,0,0]},"faces":{"north":{"uv":[8.25,0,8,3.5],"texture":"#0"},"east":{"uv":[8,0,7.5,3.5],"texture":"#0"},"south":{"uv":[8,0,8.25,3.5],"texture":"#0"},"west":{"uv":[8,0,7.5,3.5],"texture":"#0"}}},{"from":[-15,1,15.5],"to":[15,15,16.5],"faces":{"north":{"uv":[0,0,7.5,3.5],"texture":"#0"},"south":{"uv":[0,3.5,7.5,7],"texture":"#0"}}}],"gui_light":"front","display":{"thirdperson_righthand":{"rotation":[75,45,0],"translation":[0,2.5,0],"scale":[0.375,0.375,0.375]},"thirdperson_lefthand":{"rotation":[75,45,0],"translation":[-1,1.25,0],"scale":[0.375,0.375,0.375]},"firstperson_righthand":{"rotation":[0,225,0],"translation":[-19.5,3.75,0],"scale":[0.64,0.64,0.64]},"firstperson_lefthand":{"rotation":[0,225,0],"translation":[-11,3.75,0],"scale":[0.4,0.4,0.4]},"ground":{"translation":[4.25,3,-4],"scale":[0.49,0.49,0.49]},"gui":{"rotation":[30,225,0],"translation":[0,-2.5,0],"scale":[0.43,0.43,0.43]},"head":{"rotation":[0,180,0],"translation":[0,-30.25,0],"scale":[1.6,1.6,1.6]},"fixed":{"translation":[0,0,-17.5],"scale":[2,2,2]}}}