{"textures":{"0":"modelengine:entity/wizpiglin_2_rift"},"elements":[{"name":"cube","from":[2.96,7.76,1.6999998],"to":[13.04,7.76,14.3],"rotation":{"angle":0.0,"axis":"x","origin":[8.0,7.76,8.0]},"faces":{"down":{"uv":[10.875,0.0,8.75,2.625],"rotation":0,"texture":"#0","tintindex":0},"east":{"uv":[0.0,0.0,2.625,0.0],"rotation":0,"texture":"#0","tintindex":0},"north":{"uv":[0.0,0.0,2.125,0.0],"rotation":0,"texture":"#0","tintindex":0},"south":{"uv":[0.0,0.0,2.125,0.0],"rotation":0,"texture":"#0","tintindex":0},"up":{"uv":[10.875,2.625,8.75,0.0],"rotation":0,"texture":"#0","tintindex":0},"west":{"uv":[0.0,0.0,2.625,0.0],"rotation":0,"texture":"#0","tintindex":0}}}],"display":{"head":{"translation":[0.0,-6.4,0.0],"rotation":[0.0,0.0,0.0],"scale":[3.8095,3.8095,3.8095]}}}