{"sources":[{"type":"single","resource":"elitecreature:chinese_furniture_v1/chinese_tea_set"},{"type":"single","resource":"amaterasu_item_set:amaterasu_item_set/bow"},{"type":"single","resource":"modelengine:entity/nocsy_fpv2_slender"},{"type":"single","resource":"elitecreatures:modern_furniture_v1/md_table_shelf"},{"type":"single","resource":"modelengine:entity/earth_ant_minion"},{"type":"single","resource":"elitecreatures:modern_furniture_v1/md_lamp"},{"type":"single","resource":"elitecreatures:forest_decoration_v1/forest_storage_axe"},{"type":"single","resource":"modelengine:entity/wolfmob39phase2glow"},{"type":"single","resource":"modelengine:entity/ant_egg"},{"type":"single","resource":"modelengine:entity/smoke_frame15"},{"type":"single","resource":"modelengine:entity/smoke_frame14"},{"type":"single","resource":"elitecreatures:valentines_animated_weapon_and_tool_set_v1/helmet_icon"},{"type":"single","resource":"iawearables:back/red_backpack"},{"type":"single","resource":"modelengine:entity/smoke_frame13"},{"type":"single","resource":"modelengine:entity/smoke_frame12"},{"type":"single","resource":"modelengine:entity/smoke_frame11"},{"type":"single","resource":"modelengine:entity/wolfebersahd"},{"type":"single","resource":"iafestivities:halloween/pumpkin"},{"type":"single","resource":"modelengine:entity/ethereal_reaver_damage"},{"type":"single","resource":"modelengine:entity/ethereal_reaver"},{"type":"single","resource":"modelengine:entity/wolfmob39phase2skill6_e"},{"type":"single","resource":"modelengine:entity/xiddri_lightning"},{"type":"single","resource":"iawearables:hat/glasses"},{"type":"single","resource":"modelengine:entity/wolfmob39glow"},{"type":"single","resource":"elitecreatures:modern_furniture_v1/md_table_shelf_half"},{"type":"single","resource":"modelengine:entity/ezekiel"},{"type":"single","resource":"galaxy:armor/galaxy_chestplate"},{"type":"single","resource":"modelengine:entity/azriel_e"},{"type":"single","resource":"playbox_cherryblossomfurniture:chair"},{"type":"single","resource":"elitecreature:chinese_furniture_v1/chinese_scripture"},{"type":"single","resource":"elitecreatures:wine_decoration_v1/wine_sign"},{"type":"single","resource":"rpg_weapon_model:demon_sword"},{"type":"single","resource":"iafestivities:christmas/candy"},{"type":"single","resource":"modelengine:entity/wolfmob41_lightring"},{"type":"single","resource":"entity/villager/profession/farmer"},{"type":"single","resource":"elitecreature:chinese_furniture_v1/chinese_lamp_road"},{"type":"single","resource":"elitecreatures:vending_decoration_v1/vending_machine_beverage"},{"type":"single","resource":"modelengine:entity/wolfmob39spawn"},{"type":"single","resource":"modelengine:entity/voiddragon"},{"type":"single","resource":"modelengine:entity/wolfmob41_surround_e"},{"type":"single","resource":"modelengine:entity/xiddri"},{"type":"single","resource":"elitecreatures:wine_decoration_v1/steak"},{"type":"single","resource":"modelengine:entity/toro_wither_pool"},{"type":"single","resource":"modelengine:entity/skog_bonsai_birch"},{"type":"single","resource":"modelengine:entity/mso_zeus"},{"type":"single","resource":"elitecreatures:forest_decoration_v1/forest_cargo"},{"type":"single","resource":"modelengine:entity/wolfmob39phase2skill6"},{"type":"single","resource":"amaterasu_item_set:amaterasu_item_set/pickaxe"},{"type":"single","resource":"_iainternal:icons/icon_arrow_chest"},{"type":"single","resource":"modelengine:entity/lr_anubis_mummy"},{"type":"single","resource":"modelengine:entity/slimegirlqueen"},{"type":"single","resource":"modelengine:entity/smoke_frame10"},{"type":"single","resource":"rpg_weapon_model:hailstone_blade"},{"type":"single","resource":"elitecreatures:vending_decoration_v1/vending_machine_claw_big"},{"type":"single","resource":"modelengine:entity/skog_pet"},{"type":"single","resource":"elitecreatures:valentines_animated_weapon_and_tool_set_v1/heartnitro"},{"type":"single","resource":"elitecreatures:forest_decoration_v1/forest_table_big"},{"type":"single","resource":"modelengine:entity/stone_sword"},{"type":"single","resource":"elitecreatures:modern_furniture_v1/md_lamp_short"},{"type":"single","resource":"ninetailboss:entity/ninetailfoxform/ninetailfox"},{"type":"single","resource":"modelengine:entity/lr_anubis_obelisk"},{"type":"single","resource":"modelengine:entity/wizipiglin_2_groundcrack"},{"type":"single","resource":"iawearables:back/black_backpack"},{"type":"single","resource":"modelengine:entity/ethereal_reaver_e"},{"type":"single","resource":"playbox_cherryblossomfurniture:basket"},{"type":"single","resource":"elitecreatures:egyptian_decoration_v1/egyptian_table"},{"type":"single","resource":"ice_set:ice_hoe"},{"type":"single","resource":"elitecreatures:windows_decoration_v1/03_windows_texture"},{"type":"single","resource":"modelengine:entity/redmchs"},{"type":"single","resource":"modelengine:entity/redvinecat"},{"type":"single","resource":"iafestivities:halloween/bones_backpack/skull"},{"type":"single","resource":"elitecreatures:wine_decoration_v1/wine_move_sheet"},{"type":"single","resource":"andromeda:andromeda/shieldfire"},{"type":"single","resource":"modelengine:entity/lightkatanaribbon"},{"type":"single","resource":"elitecreatures:valentines_animated_weapon_and_tool_set_v1/valentine_tex7"},{"type":"single","resource":"modelengine:entity/ethereal_reaver_beam_e"},{"type":"single","resource":"ninetailboss:entity/ninetailhuman/katanaleft"},{"type":"single","resource":"elitecreatures:valentines_animated_weapon_and_tool_set_v1/valentine_tex6"},{"type":"single","resource":"elitecreatures:valentines_animated_weapon_and_tool_set_v1/valentine_tex8"},{"type":"single","resource":"iafestivities:halloween/pumpkin_side"},{"type":"single","resource":"modelengine:entity/lbvfx"},{"type":"single","resource":"modelengine:entity/wolfmob39spawnglow"},{"type":"single","resource":"amaterasu_item_set:amaterasu_item_set/shield"},{"type":"single","resource":"modelengine:entity/oog_prop_rockpile"},{"type":"single","resource":"elitecreatures:valentines_animated_weapon_and_tool_set_v1/valentine_tex3"},{"type":"single","resource":"elitecreatures:valentines_animated_weapon_and_tool_set_v1/valentine_tex2"},{"type":"single","resource":"elitecreatures:valentines_animated_weapon_and_tool_set_v1/valentine_tex5"},{"type":"single","resource":"elitecreatures:valentines_animated_weapon_and_tool_set_v1/valentine_tex4"},{"type":"single","resource":"elitecreatures:modern_furniture_v1/md_bed_blue"},{"type":"single","resource":"elitecreatures:windows_decoration_v1/09_windows_texture"},{"type":"single","resource":"modelengine:entity/wolfmob39skill2circle_e"},{"type":"single","resource":"elitecreatures:valentines_animated_weapon_and_tool_set_v1/valentine_tex1"},{"type":"single","resource":"elitecreatures:wine_decoration_v1/wine_barrel"},{"type":"single","resource":"elitecreatures:windows_decoration_v1/06_windows_texture"},{"type":"single","resource":"ice_set:ice_sword"},{"type":"single","resource":"modelengine:entity/ezekiel_tail"},{"type":"single","resource":"playbox_cherryblossomfurniture:table"},{"type":"single","resource":"modelengine:entity/azriel_book"},{"type":"single","resource":"elitecreature:chinese_furniture_v1/chinese_partition"},{"type":"single","resource":"omstore:woodpack_1/woodtex_2"},{"type":"single","resource":"elitecreatures:egyptian_decoration_v1/egyptian_bed"},{"type":"single","resource":"omstore:woodpack_1/woodtex_1"},{"type":"single","resource":"modelengine:entity/ezekiel_scythe"},{"type":"single","resource":"modelengine:entity/oog_mace_charged"},{"type":"single","resource":"elitecreatures:vending_decoration_v1/vending_machine_drink_2"},{"type":"single","resource":"modelengine:entity/azriel_circle"},{"type":"single","resource":"modelengine:entity/katanarightaura"},{"type":"single","resource":"modelengine:entity/herobrine_shield"},{"type":"single","resource":"elitecreatures:valentines_animated_weapon_and_tool_set_v1/chestplate_icon"},{"type":"single","resource":"iafestivities:halloween/dark_jack_o_lantern_backpack/pumpkin_side"},{"type":"single","resource":"modelengine:entity/azriel_follower"},{"type":"single","resource":"iawearables:back/blue_backpack"},{"type":"single","resource":"modelengine:entity/wolfmob41face"},{"type":"single","resource":"modelengine:entity/herobrine"},{"type":"single","resource":"ice_set:ice_helmet"},{"type":"single","resource":"iafestivities:halloween/pumpkin_stem_connected"},{"type":"single","resource":"modelengine:entity/rabbit_nest"},{"type":"single","resource":"modelengine:entity/wizpiglin_2"},{"type":"single","resource":"modelengine:entity/wizipiglin_2_shot"},{"type":"single","resource":"elitecreatures:egyptian_decoration_v1/egyptian_chair"},{"type":"single","resource":"modelengine:entity/ethereal_reaver_lost_soul"},{"type":"single","resource":"modelengine:entity/nocsy_fpv2_boss"},{"type":"single","resource":"elitecreature:chinese_furniture_v1/chinese_plant_pot_02"},{"type":"single","resource":"modelengine:entity/archangel_sword"},{"type":"single","resource":"elitecreature:chinese_furniture_v1/chinese_plant_pot_01"},{"type":"single","resource":"modelengine:entity/fireanimation"},{"type":"single","resource":"modelengine:entity/xiddri_rock_fly_vfx"},{"type":"single","resource":"elitecreatures:wine_decoration_v1/wine_glass_no_wine"},{"type":"single","resource":"andromeda:andromeda/shovel_jets"},{"type":"single","resource":"modelengine:entity/toro_wither"},{"type":"single","resource":"modelengine:entity/wolfmob41_lightring_e"},{"type":"single","resource":"elitecreatures:wine_decoration_v1/case_wine"},{"type":"single","resource":"iafestivities:halloween/bat_wings"},{"type":"single","resource":"modelengine:entity/wolfmob41dagger"},{"type":"single","resource":"elitecreatures:windows_decoration_v1/27_windows_texture"},{"type":"single","resource":"iafestivities:christmas/christmas_wreath"},{"type":"single","resource":"iawearables:back/black_cat_tail"},{"type":"single","resource":"elitecreatures:wine_decoration_v1/wine_bottle"},{"type":"single","resource":"iafestivities:halloween/dark_jack_o_lantern_backpack/pumpkin_stem_connected"},{"type":"single","resource":"modelengine:entity/lightring"},{"type":"single","resource":"modelengine:entity/skog_roots"},{"type":"single","resource":"_iainternal:icons/icon_left_blue"},{"type":"single","resource":"amaterasu_item_set:amaterasu_item_set/spear"},{"type":"single","resource":"modelengine:entity/lr_anubis_parts"},{"type":"single","resource":"elitecreatures:forest_decoration_v1/forest_clothsline"},{"type":"single","resource":"modelengine:entity/katanaleftaura"},{"type":"single","resource":"elitecreatures:vending_decoration_v1/vending_machine_gumball_mini"},{"type":"single","resource":"modelengine:entity/wolfmob39phase2glow_e"},{"type":"single","resource":"omstore:woodpack_1/camping"},{"type":"single","resource":"modelengine:entity/wolfmob39phase2"},{"type":"single","resource":"modelengine:entity/xiddri_rockvfx_small"},{"type":"single","resource":"modelengine:entity/azriel_circle_e"},{"type":"single","resource":"rpg_weapon_model:skull_axe"},{"type":"single","resource":"iawearables:back/turquoise_backpack"},{"type":"single","resource":"elitecreatures:wine_decoration_v1/tray"},{"type":"single","resource":"modelengine:entity/skog_leaf"},{"type":"single","resource":"andromeda:andromeda/bladefire"},{"type":"single","resource":"modelengine:entity/toro_wither_terror"},{"type":"single","resource":"elitecreature:chinese_furniture_v1/chinese_sword_stand"},{"type":"single","resource":"modelengine:entity/katanaright"},{"type":"single","resource":"elitecreature:chinese_furniture_v1/chinese_chair_single"},{"type":"single","resource":"iafestivities:christmas/christmas_tree/red_orb"},{"type":"single","resource":"elitecreatures:windows_decoration_v1/33_windows_texture"},{"type":"single","resource":"elitecreatures:vending_decoration_v1/vending_machine_gumball"},{"type":"single","resource":"elitecreatures:windows_decoration_v1/18_windows_texture"},{"type":"single","resource":"modelengine:entity/nocsy_fpv2_dog"},{"type":"single","resource":"elitecreatures:modern_furniture_v1/md_plantpot"},{"type":"single","resource":"elitecreatures:windows_decoration_v1/36_windows_texture"},{"type":"single","resource":"elitecreatures:windows_decoration_v1/30_windows_texture"},{"type":"single","resource":"elitecreatures:windows_decoration_v1/21_windows_texture"},{"type":"single","resource":"elitecreatures:windows_decoration_v1/24_windows_texture"},{"type":"single","resource":"elitecreatures:egyptian_decoration_v1/egyptian_decorate_2"},{"type":"single","resource":"elitecreatures:egyptian_decoration_v1/egyptian_decorate_3"},{"type":"single","resource":"modelengine:entity/skog"},{"type":"single","resource":"elitecreatures:windows_decoration_v1/12_windows_texture"},{"type":"single","resource":"elitecreatures:windows_decoration_v1/15_windows_texture"},{"type":"single","resource":"elitecreatures:windows_decoration_v1/40_windows_texture"},{"type":"single","resource":"modelengine:entity/wizpiglin_2_rift"},{"type":"single","resource":"modelengine:entity/invis"},{"type":"single","resource":"elitecreatures:forest_decoration_v1/forest_barrel_01"},{"type":"single","resource":"elitecreature:chinese_furniture_v1/chinese_shel"},{"type":"single","resource":"elitecreatures:wine_decoration_v1/shelf"},{"type":"single","resource":"modelengine:entity/azriel_book_e"},{"type":"single","resource":"omstore:woodpack_1/tent"},{"type":"single","resource":"elitecreature:chinese_furniture_v1/chinese_lantern"},{"type":"single","resource":"modelengine:entity/wolfmob41dagger_e"},{"type":"single","resource":"iawearables:hat/deadmau5_hat"},{"type":"single","resource":"modelengine:entity/healing"},{"type":"single","resource":"modelengine:entity/azriel_weapon"},{"type":"single","resource":"modelengine:entity/lr_anubis_eye"},{"type":"single","resource":"andromeda:andromeda/jets_3"},{"type":"single","resource":"modelengine:entity/azriel_sword"},{"type":"single","resource":"modelengine:entity/herobrine_alex"},{"type":"single","resource":"modelengine:entity/xiddri_fur"},{"type":"single","resource":"modelengine:entity/archangel"},{"type":"single","resource":"iafestivities:christmas/christmas_candle/fire"},{"type":"single","resource":"ninetailboss:entity/ninetailhuman/katanarightblade"},{"type":"single","resource":"modelengine:entity/sword_swing"},{"type":"single","resource":"elitecreature:chinese_furniture_v1/chinese_makeup_mirror"},{"type":"single","resource":"modelengine:entity/ethereal_reaver_flame_e"},{"type":"single","resource":"modelengine:entity/skog_bonsaid"},{"type":"single","resource":"iafestivities:halloween/axe_hat"},{"type":"single","resource":"elitecreatures:modern_furniture_v1/md_sofa_blue_small"},{"type":"single","resource":"elitecreature:chinese_furniture_v1/chinese_cupboard"},{"type":"single","resource":"modelengine:entity/nocsy_fpv2_ghoul"},{"type":"single","resource":"elitecreatures:forest_decoration_v1/forest_log_with_axe"},{"type":"single","resource":"amaterasu_item_set:amaterasu_item_set/mask"},{"type":"single","resource":"amaterasu_item_set:amaterasu_item_set/eff04"},{"type":"single","resource":"modelengine:entity/star_orb"},{"type":"single","resource":"modelengine:entity/siren_head"},{"type":"single","resource":"modelengine:entity/smoke_frame8"},{"type":"single","resource":"modelengine:entity/oog_fx"},{"type":"single","resource":"modelengine:entity/smoke_frame9"},{"type":"single","resource":"modelengine:entity/wolfmob41weapon"},{"type":"single","resource":"elitecreatures:egyptian_decoration_v1/egyptian_artifact"},{"type":"single","resource":"modelengine:entity/stomp_shockwave"},{"type":"single","resource":"modelengine:entity/darkkatanaribbon"},{"type":"single","resource":"iawearables:back/demoniac_red_wings"},{"type":"single","resource":"elitecreatures:windows_decoration_v1/04_wondows_texture"},{"type":"single","resource":"ice_set:ice_leggings"},{"type":"single","resource":"modelengine:entity/smoke_frame1"},{"type":"single","resource":"modelengine:entity/smoke_frame2"},{"type":"single","resource":"modelengine:entity/toro_rabbit"},{"type":"single","resource":"modelengine:entity/smoke_frame3"},{"type":"single","resource":"modelengine:entity/smoke_frame4"},{"type":"single","resource":"iafestivities:halloween/spider_backpack"},{"type":"single","resource":"modelengine:entity/smoke_frame5"},{"type":"single","resource":"rpg_weapon_model:chaos_bow"},{"type":"single","resource":"modelengine:entity/smoke_frame6"},{"type":"single","resource":"elitecreature:chinese_furniture_v1/chinese_cupboard_table"},{"type":"single","resource":"modelengine:entity/smoke_frame7"},{"type":"single","resource":"modelengine:entity/loki"},{"type":"single","resource":"modelengine:entity/concussion_e"},{"type":"single","resource":"ice_set:ice_axe"},{"type":"single","resource":"ninetailboss:entity/ninetailhuman/lightkatanaribbon"},{"type":"single","resource":"modelengine:entity/xiddri_rock_break"},{"type":"single","resource":"playbox_cherryblossomfurniture:lamp"},{"type":"single","resource":"modelengine:entity/wolfmob39skill2circle"},{"type":"single","resource":"elitecreatures:wine_decoration_v1/picture_wine"},{"type":"single","resource":"modelengine:entity/wolfmob41"},{"type":"single","resource":"modelengine:entity/nocsy_fpv2_tombstone"},{"type":"single","resource":"elitecreatures:wine_decoration_v1/wine_glass_red_wine"},{"type":"single","resource":"modelengine:entity/azriel_follower_e"},{"type":"single","resource":"modelengine:entity/earth_element"},{"type":"single","resource":"modelengine:entity/claws"},{"type":"single","resource":"elitecreatures:valentines_animated_weapon_and_tool_set_v1/cameralens1"},{"type":"single","resource":"iawearables:hat/cigar"},{"type":"single","resource":"elitecreatures:valentines_animated_weapon_and_tool_set_v1/leggings_icon"},{"type":"single","resource":"elitecreatures:valentines_animated_weapon_and_tool_set_v1/glassese"},{"type":"single","resource":"modelengine:entity/azriel_weapon_e"},{"type":"single","resource":"modelengine:entity/nocsy_fpv2_ghost"},{"type":"single","resource":"iafestivities:christmas/christmas_tree/green_orb"},{"type":"single","resource":"modelengine:entity/oog_hit"},{"type":"single","resource":"modelengine:entity/wolfmob39skill4"},{"type":"single","resource":"modelengine:entity/wolfmob39skill5"},{"type":"single","resource":"amaterasu_item_set:amaterasu_item_set/shovel"},{"type":"single","resource":"modelengine:entity/wolfmob39skill3"},{"type":"single","resource":"_iainternal:icons/icon_right_blue"},{"type":"single","resource":"amaterasu_item_set:amaterasu_item_set/eff_02"},{"type":"single","resource":"elitecreatures:forest_decoration_v1/forest_table_small"},{"type":"single","resource":"amaterasu_item_set:amaterasu_item_set/eff_01"},{"type":"single","resource":"elitecreatures:forest_decoration_v1/forest_camp_pot"},{"type":"single","resource":"amaterasu_item_set:amaterasu_item_set/eff_03"},{"type":"single","resource":"modelengine:entity/dragon_monk"},{"type":"single","resource":"elitecreatures:vending_decoration_v1/vending_machine_snack"},{"type":"single","resource":"iafestivities:halloween/decorative_pumpkin/fire"},{"type":"single","resource":"elitecreatures:valentines_animated_weapon_and_tool_set_v1/cloudheart"},{"type":"single","resource":"modelengine:entity/wolfmob39"},{"type":"single","resource":"andromeda:andromeda/axe"},{"type":"single","resource":"modelengine:entity/earth_ant"},{"type":"single","resource":"modelengine:entity/azriel_sword_e"},{"type":"single","resource":"elitecreatures:egyptian_decoration_v1/egyptian_wallpeper_3"},{"type":"single","resource":"modelengine:entity/oog_mace_charged_e"},{"type":"single","resource":"elitecreatures:egyptian_decoration_v1/egyptian_wallpeper_2"},{"type":"single","resource":"ice_set:ice_shovel"},{"type":"single","resource":"andromeda:andromeda/bowflame"},{"type":"single","resource":"iawearables:hat/mining_helmet"},{"type":"single","resource":"elitecreatures:modern_furniture_v1/md_guitar"},{"type":"single","resource":"modelengine:entity/mso_tornado"},{"type":"single","resource":"modelengine:entity/nocsy_fpv2_tombstone2"},{"type":"single","resource":"elitecreatures:windows_decoration_v1/10_windows_texture"},{"type":"single","resource":"elitecreatures:vending_decoration_v1/vending_machine_claw"},{"type":"single","resource":"omstore:woodpack_1/beach_chair"},{"type":"single","resource":"elitecreatures:windows_decoration_v1/13_windows_texture"},{"type":"single","resource":"ninetailboss:entity/ninetailhuman/ninetailhuman"},{"type":"single","resource":"elitecreatures:windows_decoration_v1/07_windows_texture"},{"type":"single","resource":"elitecreatures:windows_decoration_v1/16_windows_texture"},{"type":"single","resource":"andromeda:andromeda/sword"},{"type":"single","resource":"elitecreatures:forest_decoration_v1/forest_barrel_beer"},{"type":"single","resource":"modelengine:entity/ninetailhuman"},{"type":"single","resource":"elitecreatures:forest_decoration_v1/forest_stump"},{"type":"single","resource":"_iainternal:icons/icon_next_orange"},{"type":"single","resource":"modelengine:entity/skog_chomp"},{"type":"single","resource":"modelengine:entity/ice_golem"},{"type":"single","resource":"andromeda:andromeda/pickaxe"},{"type":"single","resource":"elitecreature:chinese_furniture_v1/chinese_cupboard_closet"},{"type":"single","resource":"elitecreatures:egyptian_decoration_v1/egyptian_table_3"},{"type":"single","resource":"elitecreatures:egyptian_decoration_v1/egyptian_table_2"},{"type":"single","resource":"elitecreatures:valentines_animated_weapon_and_tool_set_v1/bowfill"},{"type":"single","resource":"rpg_weapon_model:meteor_staff"},{"type":"single","resource":"elitecreatures:vending_decoration_v1/vending_machine_gachapon"},{"type":"single","resource":"playbox_cherryblossomfurniture:leaves"},{"type":"single","resource":"modelengine:entity/ethereal_reaver_flame"},{"type":"single","resource":"modelengine:entity/azriel"},{"type":"single","resource":"elitecreatures:valentines_animated_weapon_and_tool_set_v1/boots_icon"},{"type":"single","resource":"modelengine:entity/azriel_parts_e"},{"type":"single","resource":"omstore:woodpack_1/armchair"},{"type":"single","resource":"iafestivities:christmas/christmas_candle/leaves"},{"type":"single","resource":"elitecreatures:vending_decoration_v1/vending_machine_drink"},{"type":"single","resource":"elitecreature:chinese_furniture_v1/chinese_incense_burner"},{"type":"single","resource":"modelengine:entity/lr_anubis_groundbreak"},{"type":"single","resource":"_iainternal:icons/icon_cancel"},{"type":"single","resource":"elitecreature:chinese_furniture_v1/chinese_lamp_lantern"},{"type":"single","resource":"iawearables:hat/biker_helmet"},{"type":"single","resource":"elitecreatures:windows_decoration_v1/22_windows_texture"},{"type":"single","resource":"elitecreatures:windows_decoration_v1/25_windows_texture"},{"type":"single","resource":"iafestivities:halloween/witch_hat"},{"type":"single","resource":"elitecreatures:windows_decoration_v1/01_windows_texture"},{"type":"single","resource":"modelengine:entity/sword_swing_e"},{"type":"single","resource":"rpg_weapon_model:chaos_arrow"},{"type":"single","resource":"modelengine:entity/horse"},{"type":"single","resource":"elitecreatures:windows_decoration_v1/19_windows_texture"},{"type":"single","resource":"modelengine:entity/skog_pet_birch"},{"type":"single","resource":"iafestivities:halloween/bones_backpack/bone"},{"type":"single","resource":"elitecreatures:modern_furniture_v1/md_carpet"},{"type":"single","resource":"ninetailboss:entity/ninetailhuman/katanaleftaura"},{"type":"single","resource":"elitecreatures:windows_decoration_v1/28_windows_texture"},{"type":"single","resource":"modelengine:entity/wolfmob39skill2root"},{"type":"single","resource":"modelengine:entity/ender_dragon"},{"type":"single","resource":"iawearables:back/white_cat_tail"},{"type":"single","resource":"modelengine:entity/ezekiel_sword"},{"type":"single","resource":"elitecreatures:modern_furniture_v1/md_plantpot_short"},{"type":"single","resource":"modelengine:entity/concussion"},{"type":"single","resource":"iawearables:back/purple_backpack"},{"type":"single","resource":"modelengine:entity/wolfmob39spawnglow_e"},{"type":"single","resource":"modelengine:entity/lr_healthbar"},{"type":"single","resource":"elitecreatures:wine_decoration_v1/wine_opener"},{"type":"single","resource":"elitecreatures:windows_decoration_v1/34_windows_texture"},{"type":"single","resource":"elitecreatures:windows_decoration_v1/31_windows_texture"},{"type":"single","resource":"elitecreatures:windows_decoration_v1/37_windows_texture"},{"type":"single","resource":"omstore:woodpack_1/umbrella"},{"type":"single","resource":"modelengine:entity/katanaleft"},{"type":"single","resource":"modelengine:entity/wolfmob39phase2part"},{"type":"single","resource":"elitecreatures:wine_decoration_v1/base"},{"type":"single","resource":"modelengine:entity/azriel_parts"},{"type":"single","resource":"amaterasu_item_set:amaterasu_item_set/hoe"},{"type":"single","resource":"elitecreatures:wine_decoration_v1/cheese"},{"type":"single","resource":"modelengine:entity/wolfmob41_surround"},{"type":"single","resource":"andromeda:andromeda/hoe"},{"type":"single","resource":"elitecreature:chinese_furniture_v1/chinese_table"},{"type":"single","resource":"elitecreatures:egyptian_decoration_v1/egyptian_decorate"},{"type":"single","resource":"minecraft:iceboss_texture/packed_ice"},{"type":"single","resource":"elitecreatures:wine_decoration_v1/glass_sheet"},{"type":"single","resource":"modelengine:entity/ezekiel_sword_vfx"},{"type":"single","resource":"andromeda:andromeda/shield"},{"type":"single","resource":"modelengine:entity/lr_anubis"},{"type":"single","resource":"playbox_cherryblossomfurniture:roomdivider"},{"type":"single","resource":"ice_set:ice_pickaxe"},{"type":"single","resource":"ninetailboss:entity/ninetailhuman/katanarightaura"},{"type":"single","resource":"iawearables:hat/cat_ears"},{"type":"single","resource":"modelengine:entity/ninetailfox"},{"type":"single","resource":"elitecreatures:forest_decoration_v1/forest_camp_meat"},{"type":"single","resource":"elitecreatures:windows_decoration_v1/39_windows_texture"},{"type":"single","resource":"modelengine:entity/oog_fx_e"},{"type":"single","resource":"elitecreatures:modern_furniture_v1/md_shelf_3"},{"type":"single","resource":"modelengine:entity/archangel_spear"},{"type":"single","resource":"modelengine:entity/ezekiel_scythe_vfx"},{"type":"single","resource":"elitecreatures:egyptian_decoration_v1/egyptian_jar"},{"type":"single","resource":"iawearables:back/demoniac_black_wings"},{"type":"single","resource":"elitecreatures:valentines_animated_weapon_and_tool_set_v1/battery"},{"type":"single","resource":"_iainternal:icons/icon_search"},{"type":"single","resource":"iawearables:back/demoniac_blue_wings"},{"type":"single","resource":"omstore:woodpack_1/firer"},{"type":"single","resource":"modelengine:entity/poppy"},{"type":"single","resource":"elitecreatures:egyptian_decoration_v1/egyptian_plantpot"},{"type":"single","resource":"modelengine:entity/yin_yang_dragon"},{"type":"single","resource":"galaxy:1"},{"type":"single","resource":"galaxy:2"},{"type":"single","resource":"elitecreatures:egyptian_decoration_v1/egyptian_cupboard"},{"type":"single","resource":"galaxy:3"},{"type":"single","resource":"galaxy:4"},{"type":"single","resource":"ice_set:ice_chestplate"},{"type":"single","resource":"galaxy:5"},{"type":"single","resource":"modelengine:entity/xiddri_tooth"},{"type":"single","resource":"galaxy:6"},{"type":"single","resource":"galaxy:7"},{"type":"single","resource":"galaxy:8"},{"type":"single","resource":"galaxy:9"},{"type":"single","resource":"rpg_weapon_model:blue_circle_fx"},{"type":"single","resource":"modelengine:entity/ghastling_2"},{"type":"single","resource":"modelengine:entity/dragon_stone"},{"type":"single","resource":"elitecreatures:valentines_animated_weapon_and_tool_set_v1/heartrotate1"},{"type":"single","resource":"iawearables:hat/cool_sunglasses"},{"type":"single","resource":"modelengine:entity/herobrine_steve"},{"type":"single","resource":"modelengine:entity/xiddri_rock"},{"type":"single","resource":"modelengine:entity/enderlord"},{"type":"single","resource":"modelengine:entity/deer_spirit"},{"type":"single","resource":"modelengine:entity/ethereal_reaver_damage_e"},{"type":"single","resource":"iawearables:back/demoniac_purple_wings"},{"type":"single","resource":"modelengine:entity/hana_horn"},{"type":"single","resource":"amaterasu_item_set:amaterasu_item_set/sickle"},{"type":"single","resource":"ninetailboss:entity/ninetailhuman/katanaright"},{"type":"single","resource":"modelengine:entity/xiddri_debris_vfx"},{"type":"single","resource":"elitecreatures:forest_decoration_v1/forest_lantern"},{"type":"single","resource":"modelengine:entity/wizpiglin_2_rock"},{"type":"single","resource":"modelengine:entity/wolfmob39skill5_e"},{"type":"single","resource":"amaterasu_item_set:amaterasu_item_set/sword"},{"type":"single","resource":"entity/enderdragon/dragon"},{"type":"single","resource":"andromeda:andromeda/bow"},{"type":"single","resource":"modelengine:entity/wolfmob41weapon_e"},{"type":"single","resource":"amaterasu_item_set:amaterasu_item_set/tail"},{"type":"single","resource":"andromeda:andromeda/bowpull3"},{"type":"single","resource":"andromeda:andromeda/bowpull2"},{"type":"single","resource":"modelengine:entity/asteroid"},{"type":"single","resource":"andromeda:andromeda/bowpull1"},{"type":"single","resource":"modelengine:entity/oog_eye"},{"type":"single","resource":"iawearables:back/demoniac_turquoise_wings"},{"type":"single","resource":"elitecreatures:wine_decoration_v1/smoke_sheet"},{"type":"single","resource":"modelengine:entity/lr_anubis_souls"},{"type":"single","resource":"modelengine:entity/herobrine_zombie"},{"type":"single","resource":"modelengine:entity/oog_prop_wood"},{"type":"single","resource":"amaterasu_item_set:amaterasu_item_set/axe"},{"type":"single","resource":"modelengine:entity/fyresalamander"},{"type":"single","resource":"iawearables:back/brown_backpack"},{"type":"single","resource":"modelengine:entity/wolfmob39skill3_e"},{"type":"single","resource":"elitecreatures:forest_decoration_v1/forest_glass"},{"type":"single","resource":"elitecreatures:forest_decoration_v1/forest_table"},{"type":"single","resource":"modelengine:entity/redtarentatek"},{"type":"single","resource":"elitecreatures:forest_decoration_v1/forest_tent"},{"type":"single","resource":"modelengine:entity/starmine"},{"type":"single","resource":"elitecreatures:modern_furniture_v1/md_television"},{"type":"single","resource":"modelengine:entity/oog"},{"type":"single","resource":"elitecreatures:egyptian_decoration_v1/egyptian_cupboard_2"},{"type":"single","resource":"elitecreatures:modern_furniture_v1/md_sofa_blue"},{"type":"single","resource":"elitecreature:chinese_furniture_v1/chinese_lamp_chandelier"},{"type":"single","resource":"rpg_weapon_model:lunar_blade"},{"type":"single","resource":"elitecreature:chinese_furniture_v1/chinese_table_2"},{"type":"single","resource":"iawearables:back/all_black_cat_tail"},{"type":"single","resource":"elitecreatures:vending_decoration_v1/vending_machine_coffe"},{"type":"single","resource":"modelengine:entity/light_beam"},{"type":"single","resource":"elitecreatures:egyptian_decoration_v1/egyptian_chair_4"},{"type":"single","resource":"elitecreatures:egyptian_decoration_v1/egyptian_chair_3"},{"type":"single","resource":"elitecreatures:egyptian_decoration_v1/egyptian_chair_2"},{"type":"single","resource":"modelengine:entity/oog_mace"},{"type":"single","resource":"andromeda:andromeda/shovel"},{"type":"single","resource":"playbox_cherryblossomfurniture:flowerpot"},{"type":"single","resource":"galaxy:17"},{"type":"single","resource":"galaxy:18"},{"type":"single","resource":"elitecreatures:modern_furniture_v1/md_table_shelf_2"},{"type":"single","resource":"galaxy:19"},{"type":"single","resource":"elitecreatures:modern_furniture_v1/md_table_shelf_3"},{"type":"single","resource":"modelengine:entity/lr_anubis_darkmode"},{"type":"single","resource":"elitecreatures:windows_decoration_v1/17_windows_texture"},{"type":"single","resource":"modelengine:entity/knight"},{"type":"single","resource":"modelengine:entity/yin_yang_fx"},{"type":"single","resource":"modelengine:entity/skog_yggdrasil_fruit"},{"type":"single","resource":"modelengine:entity/leather_horse_armor"},{"type":"single","resource":"modelengine:entity/wolfmob41_lightringvfx_e"},{"type":"single","resource":"modelengine:entity/oog_prop_bones"},{"type":"single","resource":"elitecreatures:valentines_animated_weapon_and_tool_set_v1/heartrotate"},{"type":"single","resource":"galaxy:13"},{"type":"single","resource":"elitecreatures:wine_decoration_v1/poster"},{"type":"single","resource":"galaxy:14"},{"type":"single","resource":"ice_set:ice_boots"},{"type":"single","resource":"galaxy:15"},{"type":"single","resource":"galaxy:16"},{"type":"single","resource":"iafestivities:halloween/cave_spider_backpack"},{"type":"single","resource":"galaxy:10"},{"type":"single","resource":"modelengine:entity/herobrine_bits"},{"type":"single","resource":"elitecreatures:egyptian_decoration_v1/egyptian_wallpeper"},{"type":"single","resource":"galaxy:11"},{"type":"single","resource":"galaxy:12"},{"type":"single","resource":"playbox_cherryblossomfurniture:pond"},{"type":"single","resource":"modelengine:entity/wolfmob39skill2a2_e"},{"type":"single","resource":"modelengine:entity/oak_planks"},{"type":"single","resource":"modelengine:entity/skog_roots2"},{"type":"single","resource":"iafestivities:christmas/christmas_tree/leaves"},{"type":"single","resource":"modelengine:entity/ethereal_reaver_lost_soul_e"},{"type":"single","resource":"elitecreatures:wine_decoration_v1/wine_glass"},{"type":"single","resource":"modelengine:entity/water_serpent"},{"type":"single","resource":"galaxy:20"},{"type":"single","resource":"playbox_cherryblossomfurniture:kotatsu"},{"type":"single","resource":"galaxy:21"},{"type":"single","resource":"modelengine:entity/stunned"},{"type":"single","resource":"galaxy:22"},{"type":"single","resource":"playbox_cherryblossomfurniture:sofa"},{"type":"single","resource":"modelengine:entity/venus"},{"type":"single","resource":"elitecreatures:windows_decoration_v1/08_windows_texture"},{"type":"single","resource":"galaxy:armor/galaxy_boots"},{"type":"single","resource":"galaxy:armor/galaxy_leggings"},{"type":"single","resource":"elitecreatures:forest_decoration_v1/forest_flag"},{"type":"single","resource":"modelengine:entity/ezekiel_eye"},{"type":"single","resource":"modelengine:entity/skog_birch"},{"type":"single","resource":"elitecreatures:windows_decoration_v1/29_windows_texture"},{"type":"single","resource":"modelengine:entity/oog_hit_e"},{"type":"single","resource":"modelengine:entity/wolfmob41_lightringvfx"},{"type":"single","resource":"_iainternal:icons/icon_back_orange"},{"type":"single","resource":"iafestivities:halloween/dark_jack_o_lantern_backpack/pumpkin"},{"type":"single","resource":"elitecreatures:egyptian_decoration_v1/egyptian_plantpot_2"},{"type":"single","resource":"modelengine:entity/wolfmob39glow_e"},{"type":"single","resource":"elitecreatures:windows_decoration_v1/35_windows_texture"},{"type":"single","resource":"modelengine:entity/wizpiglin_2_arc"},{"type":"single","resource":"elitecreatures:windows_decoration_v1/20_windows_texture"},{"type":"single","resource":"elitecreatures:windows_decoration_v1/38_windows_texture"},{"type":"single","resource":"iawearables:hat/ruby_pickaxe_hat"},{"type":"single","resource":"elitecreatures:windows_decoration_v1/32_windows_texture"},{"type":"single","resource":"modelengine:entity/wolfmob39skill2a2"},{"type":"single","resource":"ninetailboss:entity/ninetailhuman/darkkatanaribbon"},{"type":"single","resource":"modelengine:entity/katanarightblade"},{"type":"single","resource":"modelengine:entity/wolfmob39skill2a1"},{"type":"single","resource":"elitecreatures:windows_decoration_v1/11_windows_texture"},{"type":"single","resource":"elitecreatures:windows_decoration_v1/26_windows_texture"},{"type":"single","resource":"elitecreatures:windows_decoration_v1/23_windows_texture"},{"type":"single","resource":"modelengine:entity/herobrine_bobber"},{"type":"single","resource":"modelengine:entity/ethereal_reaver_beam"},{"type":"single","resource":"elitecreatures:windows_decoration_v1/14_windows_texture"},{"type":"single","resource":"modelengine:entity/hourglass"},{"type":"single","resource":"elitecreatures:windows_decoration_v1/02_windows_texture"},{"type":"single","resource":"elitecreatures:windows_decoration_v1/05_windows_texture"},{"type":"single","resource":"modelengine:entity/f3267d94f5a35281"},{"type":"single","resource":"elitecreature:chinese_furniture_v1/chinese_chair_double"},{"type":"single","resource":"modelengine:entity/easter_egg3"},{"type":"single","resource":"modelengine:entity/easter_egg1"},{"type":"single","resource":"modelengine:entity/easter_egg2"}]}