{"credit":"Made with Blockbench","texture_size":[64,64],"textures":{"1":"haunted_pack:haunted_pack/sword_haunted"},"elements":[{"from":[7.25,-13,7.5],"to":[8.75,-5,8.5],"rotation":{"angle":0,"axis":"y","origin":[8,-5.5,8]},"faces":{"north":{"uv":[4,1.25,4.375,3.25],"texture":"#1"},"east":{"uv":[5,4.25,5.25,6.25],"texture":"#1"},"south":{"uv":[4,3.25,4.375,5.25],"texture":"#1"},"west":{"uv":[4,5.25,4.25,7.25],"texture":"#1"},"up":{"uv":[7.375,0.75,7,0.5],"texture":"#1"},"down":{"uv":[7.375,5.25,7,5.5],"texture":"#1"}}},{"from":[6.25,-5.25,7],"to":[9.25,-2.25,9],"rotation":{"angle":-45,"axis":"z","origin":[8,-4,8]},"faces":{"north":{"uv":[5,1.25,5.75,2],"texture":"#1"},"east":{"uv":[5.5,0,6,0.75],"texture":"#1"},"south":{"uv":[5,2,5.75,2.75],"texture":"#1"},"west":{"uv":[0,5.75,0.5,6.5],"texture":"#1"},"up":{"uv":[6.25,1.25,5.5,0.75],"texture":"#1"},"down":{"uv":[1.25,5.75,0.5,6.25],"texture":"#1"}}},{"from":[5.25,-4.25,7.25],"to":[8.25,-1.25,8.75],"rotation":{"angle":-45,"axis":"z","origin":[8,-4,8]},"faces":{"north":{"uv":[5,2.75,5.75,3.5],"texture":"#1"},"east":{"uv":[1.25,5.75,1.625,6.5],"texture":"#1"},"south":{"uv":[5,3.5,5.75,4.25],"texture":"#1"},"west":{"uv":[5.75,1.25,6.125,2],"texture":"#1"},"up":{"uv":[6.5,2.375,5.75,2],"texture":"#1"},"down":{"uv":[6.5,2.5,5.75,2.875],"texture":"#1"}}},{"from":[7.75,-1.75,7.5],"to":[8.75,0.25,8.5],"rotation":{"angle":45,"axis":"z","origin":[9,-5.5,8]},"faces":{"north":{"uv":[1,7.25,1.25,7.75],"texture":"#1"},"east":{"uv":[5,7.25,5.25,7.75],"texture":"#1"},"south":{"uv":[5.25,7.25,5.5,7.75],"texture":"#1"},"west":{"uv":[5.5,7.25,5.75,7.75],"texture":"#1"},"up":{"uv":[7.25,1.75,7,1.5],"texture":"#1"},"down":{"uv":[7.5,4.5,7.25,4.75],"texture":"#1"}}},{"from":[5.46447,-3.73223,7.5],"to":[7.96447,-2.73223,8.5],"rotation":{"angle":0,"axis":"z","origin":[11.21447,-2.48223,8]},"faces":{"north":{"uv":[6.25,5.75,6.875,6],"texture":"#1"},"east":{"uv":[7.5,6,7.75,6.25],"texture":"#1"},"south":{"uv":[6.5,6.25,7.125,6.5],"texture":"#1"},"west":{"uv":[7.5,6.25,7.75,6.5],"texture":"#1"},"up":{"uv":[7.125,6.75,6.5,6.5],"texture":"#1"},"down":{"uv":[7.375,0.75,6.75,1],"texture":"#1"}}},{"from":[4.05025,-2.31802,7.5],"to":[5.05025,0.18198,8.5],"rotation":{"angle":0,"axis":"z","origin":[5.30025,-7.56802,8]},"faces":{"north":{"uv":[6.75,1,7,1.625],"texture":"#1"},"east":{"uv":[1.75,6.75,2,7.375],"texture":"#1"},"south":{"uv":[6.75,2,7,2.625],"texture":"#1"},"west":{"uv":[6.75,2.75,7,3.375],"texture":"#1"},"up":{"uv":[6.75,7.75,6.5,7.5],"texture":"#1"},"down":{"uv":[7.75,6.5,7.5,6.75],"texture":"#1"}}},{"from":[1.02737,-3.5151,7.75],"to":[1.52737,-0.0151,8.25],"rotation":{"angle":-22.5,"axis":"z","origin":[1.77737,-7.2651,8]},"faces":{"north":{"uv":[1.5,7.5,1.625,8.375],"texture":"#1"},"east":{"uv":[1.75,7.5,1.875,8.375],"texture":"#1"},"south":{"uv":[7.5,2,7.625,2.875],"texture":"#1"},"west":{"uv":[7.5,3,7.625,3.875],"texture":"#1"},"up":{"uv":[8.125,4.875,8,4.75],"texture":"#1"},"down":{"uv":[5.125,8,5,8.125],"texture":"#1"}}},{"from":[2.51952,-5.51354,7.75],"to":[3.01952,-3.51354,8.25],"rotation":{"angle":0,"axis":"z","origin":[3.26952,-10.76354,8]},"faces":{"north":{"uv":[6.75,7.5,6.875,8],"texture":"#1"},"east":{"uv":[7.5,6.75,7.625,7.25],"texture":"#1"},"south":{"uv":[7.5,7.25,7.625,7.75],"texture":"#1"},"west":{"uv":[7.75,0,7.875,0.5],"texture":"#1"},"up":{"uv":[8.125,5.125,8,5],"texture":"#1"},"down":{"uv":[5.375,8,5.25,8.125],"texture":"#1"}}},{"from":[-0.48048,-5.51354,8],"to":[6.01952,-0.51354,8],"rotation":{"angle":0,"axis":"z","origin":[3.26952,-10.76354,8]},"faces":{"north":{"uv":[3.75,0,5.375,1.25],"texture":"#1"},"east":{"uv":[0,0,0,1.25],"texture":"#1"},"south":{"uv":[2,1.25,3.625,2.5],"texture":"#1"},"west":{"uv":[0,0,0,1.25],"texture":"#1"},"up":{"uv":[1.625,0,0,0],"texture":"#1"},"down":{"uv":[1.625,0,0,0],"texture":"#1"}}},{"from":[1.61854,-3.68867,7.5],"to":[5.11854,-2.68867,8.5],"rotation":{"angle":22.5,"axis":"z","origin":[-2.63146,-3.93867,8]},"faces":{"north":{"uv":[6,0,6.875,0.25],"texture":"#1"},"east":{"uv":[0.5,7.75,0.75,8],"texture":"#1"},"south":{"uv":[6,0.25,6.875,0.5],"texture":"#1"},"west":{"uv":[7.75,0.5,8,0.75],"texture":"#1"},"up":{"uv":[6.875,0.75,6,0.5],"texture":"#1"},"down":{"uv":[6.625,6,5.75,6.25],"texture":"#1"}}},{"from":[-2.24427,-4.54583,7.5],"to":[-1.24427,-1.04583,8.5],"rotation":{"angle":-22.5,"axis":"z","origin":[-0.99427,-8.79583,8]},"faces":{"north":{"uv":[4.25,5.25,4.5,6.125],"texture":"#1"},"east":{"uv":[1.75,5.75,2,6.625],"texture":"#1"},"south":{"uv":[3.75,5.75,4,6.625],"texture":"#1"},"west":{"uv":[0.5,6.25,0.75,7.125],"texture":"#1"},"up":{"uv":[1,8,0.75,7.75],"texture":"#1"},"down":{"uv":[8,0.75,7.75,1],"texture":"#1"}}},{"from":[3.80025,-0.81802,7.25],"to":[5.30025,0.68198,8.75],"rotation":{"angle":22.5,"axis":"z","origin":[4.55025,-0.06802,8]},"faces":{"north":{"uv":[7,0,7.375,0.375],"texture":"#1"},"east":{"uv":[7,1,7.375,1.375],"texture":"#1"},"south":{"uv":[7,2,7.375,2.375],"texture":"#1"},"west":{"uv":[7,2.5,7.375,2.875],"texture":"#1"},"up":{"uv":[7.375,3.375,7,3],"texture":"#1"},"down":{"uv":[4.875,7,4.5,7.375],"texture":"#1"}}},{"from":[10.69975,-0.81802,7.25],"to":[12.19975,0.68198,8.75],"rotation":{"angle":-22.5,"axis":"z","origin":[11.44975,-0.06802,8]},"faces":{"north":{"uv":[7,4.75,7.375,5.125],"texture":"#1"},"east":{"uv":[7,6.75,7.375,7.125],"texture":"#1"},"south":{"uv":[0.5,7.25,0.875,7.625],"texture":"#1"},"west":{"uv":[7.25,1.5,7.625,1.875],"texture":"#1"},"up":{"uv":[4.375,7.625,4,7.25],"texture":"#1"},"down":{"uv":[7.625,4,7.25,4.375],"texture":"#1"}}},{"from":[10.94975,-2.31802,7.5],"to":[11.94975,0.18198,8.5],"rotation":{"angle":0,"axis":"z","origin":[10.69975,-7.56802,8]},"faces":{"north":{"uv":[3.75,6.75,4,7.375],"texture":"#1"},"east":{"uv":[6.75,4.75,7,5.375],"texture":"#1"},"south":{"uv":[6.5,6.75,6.75,7.375],"texture":"#1"},"west":{"uv":[6.75,6.75,7,7.375],"texture":"#1"},"up":{"uv":[1.25,8,1,7.75],"texture":"#1"},"down":{"uv":[8,1,7.75,1.25],"texture":"#1"}}},{"from":[7.25,-1.75,7.5],"to":[8.25,0.25,8.5],"rotation":{"angle":-45,"axis":"z","origin":[7,-5.5,8]},"faces":{"north":{"uv":[5.75,7.25,6,7.75],"texture":"#1"},"east":{"uv":[6,7.25,6.25,7.75],"texture":"#1"},"south":{"uv":[6.25,7.25,6.5,7.75],"texture":"#1"},"west":{"uv":[7.25,6.25,7.5,6.75],"texture":"#1"},"up":{"uv":[8,1.5,7.75,1.25],"texture":"#1"},"down":{"uv":[8,1.5,7.75,1.75],"texture":"#1"}}},{"from":[8.03553,-3.73223,7.5],"to":[10.53553,-2.73223,8.5],"rotation":{"angle":0,"axis":"z","origin":[4.78553,-2.48223,8]},"faces":{"north":{"uv":[6.75,3.5,7.375,3.75],"texture":"#1"},"east":{"uv":[7.75,1.75,8,2],"texture":"#1"},"south":{"uv":[6.75,3.75,7.375,4],"texture":"#1"},"west":{"uv":[7.75,2,8,2.25],"texture":"#1"},"up":{"uv":[7.375,5.75,6.75,5.5],"texture":"#1"},"down":{"uv":[7.375,6,6.75,6.25],"texture":"#1"}}},{"from":[9.98048,-5.51354,8],"to":[16.48048,-0.51354,8],"rotation":{"angle":0,"axis":"z","origin":[12.73048,-10.76354,8]},"faces":{"north":{"uv":[2,1.25,3.625,2.5],"texture":"#1"},"east":{"uv":[0,0,0,1.25],"texture":"#1"},"south":{"uv":[3.75,0,5.375,1.25],"texture":"#1"},"west":{"uv":[0,0,0,1.25],"texture":"#1"},"up":{"uv":[1.625,0,0,0],"texture":"#1"},"down":{"uv":[1.625,0,0,0],"texture":"#1"}}},{"from":[12.98048,-5.51354,7.75],"to":[13.48048,-3.51354,8.25],"rotation":{"angle":0,"axis":"z","origin":[12.73048,-10.76354,8]},"faces":{"north":{"uv":[7.75,2.25,7.875,2.75],"texture":"#1"},"east":{"uv":[7.75,2.75,7.875,3.25],"texture":"#1"},"south":{"uv":[7.75,3.25,7.875,3.75],"texture":"#1"},"west":{"uv":[7.75,3.75,7.875,4.25],"texture":"#1"},"up":{"uv":[8.125,5.375,8,5.25],"texture":"#1"},"down":{"uv":[5.625,8,5.5,8.125],"texture":"#1"}}},{"from":[14.47263,-3.5151,7.75],"to":[14.97263,-0.0151,8.25],"rotation":{"angle":22.5,"axis":"z","origin":[14.22263,-7.2651,8]},"faces":{"north":{"uv":[3.75,7.5,3.875,8.375],"texture":"#1"},"east":{"uv":[4.5,7.5,4.625,8.375],"texture":"#1"},"south":{"uv":[7.5,4.5,7.625,5.375],"texture":"#1"},"west":{"uv":[4.75,7.5,4.875,8.375],"texture":"#1"},"up":{"uv":[5.875,8.125,5.75,8],"texture":"#1"},"down":{"uv":[8.125,5.75,8,5.875],"texture":"#1"}}},{"from":[17.24427,-4.54583,7.5],"to":[18.24427,-1.04583,8.5],"rotation":{"angle":22.5,"axis":"z","origin":[16.99427,-8.79583,8]},"faces":{"north":{"uv":[0.75,6.25,1,7.125],"texture":"#1"},"east":{"uv":[6.25,0.75,6.5,1.625],"texture":"#1"},"south":{"uv":[1,6.25,1.25,7.125],"texture":"#1"},"west":{"uv":[6.25,3,6.5,3.875],"texture":"#1"},"up":{"uv":[4.25,8,4,7.75],"texture":"#1"},"down":{"uv":[4.5,7.75,4.25,8],"texture":"#1"}}},{"from":[10.88146,-3.68867,7.5],"to":[14.38146,-2.68867,8.5],"rotation":{"angle":-22.5,"axis":"z","origin":[18.63146,-3.93867,8]},"faces":{"north":{"uv":[6.25,1.75,7.125,2],"texture":"#1"},"east":{"uv":[7.75,4.25,8,4.5],"texture":"#1"},"south":{"uv":[6.25,4,7.125,4.25],"texture":"#1"},"west":{"uv":[7.75,4.5,8,4.75],"texture":"#1"},"up":{"uv":[7.125,4.5,6.25,4.25],"texture":"#1"},"down":{"uv":[7.125,4.5,6.25,4.75],"texture":"#1"}}},{"from":[8.8146,2.35687,7.75],"to":[9.8146,19.85687,8.25],"rotation":{"angle":0,"axis":"z","origin":[10.8146,7.85687,8]},"faces":{"north":{"uv":[3.75,1.25,4,5.625],"texture":"#1"},"east":{"uv":[2,3.75,2.25,8.125],"texture":"#1"},"south":{"uv":[2.25,3.75,2.5,8.125],"texture":"#1"},"west":{"uv":[2.5,3.75,2.75,8.125],"texture":"#1"},"up":{"uv":[8,5,7.75,4.75],"texture":"#1"},"down":{"uv":[5.25,7.75,5,8],"texture":"#1"}}},{"from":[8.8146,-2.55734,7.75],"to":[9.8146,0.94266,8.25],"rotation":{"angle":0,"axis":"z","origin":[10.8146,0.94266,8]},"faces":{"north":{"uv":[4.25,6.25,4.5,7.125],"texture":"#1"},"east":{"uv":[6.25,4.75,6.5,5.625],"texture":"#1"},"south":{"uv":[5,6.25,5.25,7.125],"texture":"#1"},"west":{"uv":[5.25,6.25,5.5,7.125],"texture":"#1"},"up":{"uv":[8,5.25,7.75,5],"texture":"#1"},"down":{"uv":[5.5,7.75,5.25,8],"texture":"#1"}}},{"from":[7.52171,1.47819,7.75],"to":[8.52171,3.47819,8.25],"rotation":{"angle":45,"axis":"z","origin":[9.52171,4.47819,8]},"faces":{"north":{"uv":[7,7.25,7.25,7.75],"texture":"#1"},"east":{"uv":[7.25,7.25,7.5,7.75],"texture":"#1"},"south":{"uv":[0,7.5,0.25,8],"texture":"#1"},"west":{"uv":[7.5,0,7.75,0.5],"texture":"#1"},"up":{"uv":[8,5.5,7.75,5.25],"texture":"#1"},"down":{"uv":[5.75,7.75,5.5,8],"texture":"#1"}}},{"from":[9.64303,1.94266,7.75],"to":[10.64303,2.94266,8.25],"rotation":{"angle":45,"axis":"z","origin":[11.64303,0.94266,8]},"faces":{"north":{"uv":[5.75,7.75,6,8],"texture":"#1"},"east":{"uv":[6,7.75,6.25,8],"texture":"#1"},"south":{"uv":[7.75,6,8,6.25],"texture":"#1"},"west":{"uv":[6.25,7.75,6.5,8],"texture":"#1"},"up":{"uv":[8,6.5,7.75,6.25],"texture":"#1"},"down":{"uv":[6.75,7.75,6.5,8],"texture":"#1"}}},{"from":[5.35697,1.94266,7.75],"to":[6.35697,2.94266,8.25],"rotation":{"angle":-45,"axis":"z","origin":[4.35697,0.94266,8]},"faces":{"north":{"uv":[7.75,6.5,8,6.75],"texture":"#1"},"east":{"uv":[7.75,6.75,8,7],"texture":"#1"},"south":{"uv":[7,7.75,7.25,8],"texture":"#1"},"west":{"uv":[7.75,7,8,7.25],"texture":"#1"},"up":{"uv":[7.5,8,7.25,7.75],"texture":"#1"},"down":{"uv":[8,7.25,7.75,7.5],"texture":"#1"}}},{"from":[7.47829,1.47819,7.75],"to":[8.47829,3.47819,8.25],"rotation":{"angle":-45,"axis":"z","origin":[6.47829,4.47819,8]},"faces":{"north":{"uv":[0.25,7.5,0.5,8],"texture":"#1"},"east":{"uv":[7.5,0.5,7.75,1],"texture":"#1"},"south":{"uv":[7.5,1,7.75,1.5],"texture":"#1"},"west":{"uv":[1.25,7.5,1.5,8],"texture":"#1"},"up":{"uv":[7.75,8,7.5,7.75],"texture":"#1"},"down":{"uv":[8,7.5,7.75,7.75],"texture":"#1"}}},{"from":[6.1854,-2.55734,7.75],"to":[7.1854,0.94266,8.25],"rotation":{"angle":0,"axis":"z","origin":[5.1854,0.94266,8]},"faces":{"north":{"uv":[5.5,6.25,5.75,7.125],"texture":"#1"},"east":{"uv":[5.75,6.25,6,7.125],"texture":"#1"},"south":{"uv":[6,6.25,6.25,7.125],"texture":"#1"},"west":{"uv":[6.25,6.25,6.5,7.125],"texture":"#1"},"up":{"uv":[8,8,7.75,7.75],"texture":"#1"},"down":{"uv":[0.25,8,0,8.25],"texture":"#1"}}},{"from":[6.1854,2.35687,7.75],"to":[7.1854,19.85687,8.25],"rotation":{"angle":0,"axis":"z","origin":[5.1854,7.85687,8]},"faces":{"north":{"uv":[2.75,3.75,3,8.125],"texture":"#1"},"east":{"uv":[3,3.75,3.25,8.125],"texture":"#1"},"south":{"uv":[3.25,3.75,3.5,8.125],"texture":"#1"},"west":{"uv":[3.5,3.75,3.75,8.125],"texture":"#1"},"up":{"uv":[8.25,0.25,8,0],"texture":"#1"},"down":{"uv":[0.5,8,0.25,8.25],"texture":"#1"}}},{"from":[8.73848,20.23955,7.75],"to":[9.73848,23.73955,8.25],"rotation":{"angle":22.5,"axis":"z","origin":[10.73848,20.23955,8]},"faces":{"north":{"uv":[0,6.5,0.25,7.375],"texture":"#1"},"east":{"uv":[0.25,6.5,0.5,7.375],"texture":"#1"},"south":{"uv":[6.5,0.75,6.75,1.625],"texture":"#1"},"west":{"uv":[1.25,6.5,1.5,7.375],"texture":"#1"},"up":{"uv":[8.25,0.5,8,0.25],"texture":"#1"},"down":{"uv":[0.75,8,0.5,8.25],"texture":"#1"}}},{"from":[9.23848,23.73955,7.75],"to":[9.73848,24.48955,8.25],"rotation":{"angle":22.5,"axis":"z","origin":[10.73848,20.23955,8]},"faces":{"north":{"uv":[8,1.25,8.125,1.5],"texture":"#1"},"east":{"uv":[8,0.5,8.25,0.75],"texture":"#1"},"south":{"uv":[8,1.5,8.125,1.75],"texture":"#1"},"west":{"uv":[0.75,8,1,8.25],"texture":"#1"},"up":{"uv":[8.125,2,8,1.75],"texture":"#1"},"down":{"uv":[8.125,2,8,2.25],"texture":"#1"}}},{"from":[9.48848,24.48955,7.75],"to":[9.73848,24.73955,8.25],"rotation":{"angle":22.5,"axis":"z","origin":[10.73848,20.23955,8]},"faces":{"north":{"uv":[6,8,6.125,8.125],"texture":"#1"},"east":{"uv":[8,2.25,8.25,2.375],"texture":"#1"},"south":{"uv":[8,6,8.125,6.125],"texture":"#1"},"west":{"uv":[8,2.5,8.25,2.625],"texture":"#1"},"up":{"uv":[8.125,3,8,2.75],"texture":"#1"},"down":{"uv":[8.125,3,8,3.25],"texture":"#1"}}},{"from":[6.26152,24.48955,7.75],"to":[6.51152,24.73955,8.25],"rotation":{"angle":-22.5,"axis":"z","origin":[5.26152,20.23955,8]},"faces":{"north":{"uv":[6.25,8,6.375,8.125],"texture":"#1"},"east":{"uv":[8,3.25,8.25,3.375],"texture":"#1"},"south":{"uv":[8,6.25,8.125,6.375],"texture":"#1"},"west":{"uv":[8,3.5,8.25,3.625],"texture":"#1"},"up":{"uv":[8.125,4,8,3.75],"texture":"#1"},"down":{"uv":[4.125,8,4,8.25],"texture":"#1"}}},{"from":[6.26152,23.73955,7.75],"to":[6.76152,24.48955,8.25],"rotation":{"angle":-22.5,"axis":"z","origin":[5.26152,20.23955,8]},"faces":{"north":{"uv":[8,4,8.125,4.25],"texture":"#1"},"east":{"uv":[8,0.75,8.25,1],"texture":"#1"},"south":{"uv":[4.25,8,4.375,8.25],"texture":"#1"},"west":{"uv":[1,8,1.25,8.25],"texture":"#1"},"up":{"uv":[8.125,4.5,8,4.25],"texture":"#1"},"down":{"uv":[8.125,4.5,8,4.75],"texture":"#1"}}},{"from":[6.26152,20.23955,7.75],"to":[7.26152,23.73955,8.25],"rotation":{"angle":-22.5,"axis":"z","origin":[5.26152,20.23955,8]},"faces":{"north":{"uv":[1.5,6.5,1.75,7.375],"texture":"#1"},"east":{"uv":[6.5,2,6.75,2.875],"texture":"#1"},"south":{"uv":[6.5,3,6.75,3.875],"texture":"#1"},"west":{"uv":[6.5,4.75,6.75,5.625],"texture":"#1"},"up":{"uv":[8.25,1.25,8,1],"texture":"#1"},"down":{"uv":[1.5,8,1.25,8.25],"texture":"#1"}}},{"from":[1.5,-12.25,7],"to":[3.5,-10.25,9],"rotation":{"angle":45,"axis":"z","origin":[8,-5.75,8]},"faces":{"north":{"uv":[5.75,3,6.25,3.5],"texture":"#1"},"east":{"uv":[5.75,3.5,6.25,4],"texture":"#1"},"south":{"uv":[5.75,4,6.25,4.5],"texture":"#1"},"west":{"uv":[5.75,4.5,6.25,5],"texture":"#1"},"up":{"uv":[6.25,5.5,5.75,5],"texture":"#1"},"down":{"uv":[6.25,5.5,5.75,6],"texture":"#1"}}},{"from":[6.25,-1,8],"to":[9.75,22,8],"rotation":{"angle":0,"axis":"y","origin":[8,-5.5,8]},"faces":{"north":{"uv":[0,0,0.875,5.75],"texture":"#1"},"east":{"uv":[4.5,1.25,4.625,7],"texture":"#1"},"south":{"uv":[1,0,1.875,5.75],"texture":"#1"},"west":{"uv":[4.75,1.25,4.875,7],"texture":"#1"},"up":{"uv":[7.875,5.875,7,5.75],"texture":"#1"},"down":{"uv":[8.375,5.5,7.5,5.625],"texture":"#1"}}},{"from":[8.75,-8.75,8],"to":[10.75,-5.25,8],"rotation":{"angle":0,"axis":"y","origin":[7.33333,-2.5,8]},"faces":{"north":{"uv":[5.75,5.25,5.25,6.125],"texture":"#1"},"east":{"uv":[0,0,0,0.875],"texture":"#1"},"south":{"uv":[5.25,5.25,5.75,6.125],"texture":"#1"},"west":{"uv":[0,0,0,0.875],"texture":"#1"},"up":{"uv":[0.5,0,0,0],"texture":"#1"},"down":{"uv":[0.5,0,0,0],"texture":"#1"}}}],"gui_light":"front","display":{"thirdperson_righthand":{"rotation":[0,90,0],"translation":[0,11.75,0.5],"scale":[0.83203,0.83203,0.83203]},"thirdperson_lefthand":{"rotation":[0,90,0],"translation":[0,11.75,0.5],"scale":[0.83203,0.83203,0.83203]},"firstperson_righthand":{"rotation":[-7.75,100,0],"translation":[-0.75,8.75,0],"scale":[0.58984,0.58984,0.58984]},"firstperson_lefthand":{"rotation":[-7.75,100,0],"translation":[-0.75,8.75,0],"scale":[0.58984,0.58984,0.58984]},"ground":{"rotation":[71.8,-1.55,-72.72],"translation":[1.5,0,0.75],"scale":[0.65234,0.65234,0.65234]},"gui":{"rotation":[0,0,-45],"translation":[1.5,1.5,0],"scale":[0.54609,0.54609,0.54609]},"head":{"translation":[0,24,0]},"fixed":{"translation":[0,4,-2],"scale":[1.39453,1.39453,1.39453]}}}