{"textures":{"0":"modelengine:entity/ghastling_2"},"elements":[{"name":"cube","from":[6.95,8.15,5.45],"to":[9.950001,9.35,9.65],"rotation":{"angle":0.0,"axis":"x","origin":[8.75,6.35,7.85]},"faces":{"down":{"uv":[0.375,0.5,1.375,1.25],"rotation":0,"texture":"#0","tintindex":0},"east":{"uv":[0.5,0.875,1.375,1.375],"rotation":0,"texture":"#0","tintindex":0},"north":{"uv":[0.0,0.0,0.875,0.5],"rotation":0,"texture":"#0","tintindex":0},"south":{"uv":[2.375,0.125,3.25,0.625],"rotation":0,"texture":"#0","tintindex":0},"up":{"uv":[2.5,0.625,3.5,1.375],"rotation":0,"texture":"#0","tintindex":0},"west":{"uv":[2.5,1.5,3.5,1.75],"rotation":0,"texture":"#0","tintindex":0}}},{"name":"cube","from":[6.95,6.35,7.25],"to":[8.15,8.15,9.65],"rotation":{"angle":0.0,"axis":"x","origin":[8.75,6.35,7.85]},"faces":{"down":{"uv":[2.5,2.75,2.875,3.375],"rotation":0,"texture":"#0","tintindex":0},"east":{"uv":[0.625,0.625,1.375,1.25],"rotation":0,"texture":"#0","tintindex":0},"north":{"uv":[0.625,0.625,1.375,1.25],"rotation":0,"texture":"#0","tintindex":0},"south":{"uv":[2.125,0.5,3.125,1.0],"rotation":0,"texture":"#0","tintindex":0},"up":{"uv":[0.0,0.0,2.0,4.0],"rotation":0,"texture":"#0","tintindex":0},"west":{"uv":[3.125,0.375,3.625,1.25],"rotation":0,"texture":"#0","tintindex":0}}}],"display":{"head":{"translation":[0.0,-6.4,0.0],"rotation":[0.0,0.0,0.0],"scale":[3.8095,3.8095,3.8095]}}}