{"textures":{"0":"modelengine:entity/loki"},"elements":[{"name":"body","from":[5.6,-10.594001,8.1505995],"to":[10.4,8.0060005,8.4506],"rotation":{"angle":0.0,"axis":"x","origin":[8.0,-6.4000006,9.8]},"faces":{"down":{"uv":[15.75,0.5,16.0,1.0],"rotation":0,"texture":"#0","tintindex":0},"east":{"uv":[15.0,1.0,15.25,1.5],"rotation":0,"texture":"#0","tintindex":0},"north":{"uv":[14.5,0.75,14.75,1.25],"rotation":0,"texture":"#0","tintindex":0},"south":{"uv":[14.75,0.75,15.0,1.25],"rotation":0,"texture":"#0","tintindex":0},"up":{"uv":[14.5,1.0,14.75,1.5],"rotation":0,"texture":"#0","tintindex":0},"west":{"uv":[15.0,0.75,15.25,1.25],"rotation":0,"texture":"#0","tintindex":0}}}],"display":{"head":{"translation":[0.0,-6.4,0.0],"rotation":[0.0,0.0,0.0],"scale":[3.8095,3.8095,3.8095]}}}