{"textures":{"0":"modelengine:entity/loki"},"elements":[{"name":"body","from":[6.2,-9.400001,8.15],"to":[9.8,8.0,8.45],"rotation":{"angle":0.0,"axis":"x","origin":[8.6,-6.4000006,9.8]},"faces":{"down":{"uv":[14.75,1.0,15.0,1.5],"rotation":0,"texture":"#0","tintindex":0},"east":{"uv":[14.5,0.5,14.75,1.0],"rotation":0,"texture":"#0","tintindex":0},"north":{"uv":[14.25,1.0,14.5,1.5],"rotation":0,"texture":"#0","tintindex":0},"south":{"uv":[15.75,0.75,16.0,1.25],"rotation":0,"texture":"#0","tintindex":0},"up":{"uv":[0.0,0.0,0.25,0.5],"rotation":0,"texture":"#0","tintindex":0},"west":{"uv":[14.5,0.25,14.75,0.75],"rotation":0,"texture":"#0","tintindex":0}}}],"display":{"head":{"translation":[0.0,-6.4,0.0],"rotation":[0.0,0.0,0.0],"scale":[3.8095,3.8095,3.8095]}}}