{"textures":{"0":"modelengine:entity/loki"},"elements":[{"name":"h_head","from":[5.0,8.0,5.0],"to":[11.0,14.0,10.4],"rotation":{"angle":0.0,"axis":"x","origin":[8.0,-5.8,8.0]},"faces":{"down":{"uv":[3.0,2.75,3.25,3.0],"rotation":0,"texture":"#0","tintindex":0},"east":{"uv":[3.0,2.5,3.25,3.0],"rotation":0,"texture":"#0","tintindex":0},"north":{"uv":[2.0,2.0,4.0,4.0],"rotation":0,"texture":"#0","tintindex":0},"south":{"uv":[3.0,2.75,3.0,3.25],"rotation":0,"texture":"#0","tintindex":0},"up":{"uv":[0.0,0.0,0.25,0.5],"rotation":0,"texture":"#0","tintindex":0},"west":{"uv":[2.75,2.75,3.0,3.25],"rotation":0,"texture":"#0","tintindex":0}}},{"name":"h_head","from":[4.3999996,14.0,4.3999996],"to":[11.6,14.6,11.0],"rotation":{"angle":0.0,"axis":"x","origin":[6.8,-0.40000033,6.8]},"faces":{"down":{"uv":[0.0,0.0,0.25,0.5],"rotation":0,"texture":"#0","tintindex":0},"east":{"uv":[1.0,2.0,1.25,2.5],"rotation":0,"texture":"#0","tintindex":0},"north":{"uv":[6.0,0.0,9.0,0.25],"rotation":0,"texture":"#0","tintindex":0},"south":{"uv":[0.0,0.0,0.25,0.5],"rotation":0,"texture":"#0","tintindex":0},"up":{"uv":[0.0,2.0,2.0,4.0],"rotation":0,"texture":"#0","tintindex":0},"west":{"uv":[0.0,3.0,2.0,3.5],"rotation":0,"texture":"#0","tintindex":0}}},{"name":"h_head","from":[4.3999996,11.6,5.6],"to":[5.0,14.0,10.4],"rotation":{"angle":0.0,"axis":"x","origin":[6.8,-2.8000002,8.0]},"faces":{"down":{"uv":[0.0,0.0,0.25,0.5],"rotation":0,"texture":"#0","tintindex":0},"east":{"uv":[0.0,0.0,0.25,0.5],"rotation":0,"texture":"#0","tintindex":0},"north":{"uv":[0.0,2.75,0.5,4.0],"rotation":0,"texture":"#0","tintindex":0},"south":{"uv":[0.0,0.0,0.25,0.5],"rotation":0,"texture":"#0","tintindex":0},"up":{"uv":[0.0,0.0,0.25,0.5],"rotation":0,"texture":"#0","tintindex":0},"west":{"uv":[0.0,2.5,1.75,3.0],"rotation":0,"texture":"#0","tintindex":0}}},{"name":"h_head","from":[4.3999996,8.0,10.4],"to":[5.0,14.900001,11.6],"rotation":{"angle":0.0,"axis":"x","origin":[6.8,-6.4000006,12.8]},"faces":{"down":{"uv":[0.0,2.75,0.25,3.25],"rotation":0,"texture":"#0","tintindex":0},"east":{"uv":[0.0,3.25,0.25,3.75],"rotation":0,"texture":"#0","tintindex":0},"north":{"uv":[0.0,2.5,1.75,4.0],"rotation":0,"texture":"#0","tintindex":0},"south":{"uv":[0.0,3.0,0.25,3.5],"rotation":0,"texture":"#0","tintindex":0},"up":{"uv":[0.5,2.25,0.75,2.75],"rotation":0,"texture":"#0","tintindex":0},"west":{"uv":[0.25,2.0,0.75,3.5],"rotation":0,"texture":"#0","tintindex":0}}},{"name":"h_head","from":[4.3999996,14.6,4.3999996],"to":[5.0,14.900001,6.8],"rotation":{"angle":0.0,"axis":"x","origin":[6.8,0.19999981,6.8]},"faces":{"down":{"uv":[0.0,0.0,0.25,0.5],"rotation":0,"texture":"#0","tintindex":0},"east":{"uv":[10.5,5.5,10.75,6.0],"rotation":0,"texture":"#0","tintindex":0},"north":{"uv":[12.25,13.0,12.5,13.5],"rotation":0,"texture":"#0","tintindex":0},"south":{"uv":[12.5,13.0,12.75,13.5],"rotation":0,"texture":"#0","tintindex":0},"up":{"uv":[12.25,13.25,12.5,13.75],"rotation":0,"texture":"#0","tintindex":0},"west":{"uv":[1.0,2.75,1.25,3.25],"rotation":0,"texture":"#0","tintindex":0}}},{"name":"h_head","from":[11.0,14.6,4.3999996],"to":[11.6,14.900001,6.8],"rotation":{"angle":0.0,"axis":"x","origin":[13.400001,0.19999981,6.8]},"faces":{"down":{"uv":[0.0,0.0,0.25,0.5],"rotation":0,"texture":"#0","tintindex":0},"east":{"uv":[12.5,13.0,12.75,13.5],"rotation":0,"texture":"#0","tintindex":0},"north":{"uv":[12.25,13.25,12.75,13.5],"rotation":0,"texture":"#0","tintindex":0},"south":{"uv":[12.5,13.25,12.75,13.75],"rotation":0,"texture":"#0","tintindex":0},"up":{"uv":[12.25,13.0,12.5,13.5],"rotation":0,"texture":"#0","tintindex":0},"west":{"uv":[12.5,13.0,12.75,13.5],"rotation":0,"texture":"#0","tintindex":0}}},{"name":"h_head","from":[5.0,14.6,4.3999996],"to":[7.4,14.900001,5.0],"rotation":{"angle":0.0,"axis":"x","origin":[7.4,0.19999981,6.8]},"faces":{"down":{"uv":[0.0,0.0,0.25,0.5],"rotation":0,"texture":"#0","tintindex":0},"east":{"uv":[12.25,13.25,12.5,13.75],"rotation":0,"texture":"#0","tintindex":0},"north":{"uv":[12.25,13.25,13.0,13.5],"rotation":0,"texture":"#0","tintindex":0},"south":{"uv":[12.5,13.25,12.75,13.75],"rotation":0,"texture":"#0","tintindex":0},"up":{"uv":[12.5,13.25,12.75,13.75],"rotation":0,"texture":"#0","tintindex":0},"west":{"uv":[0.0,0.0,0.25,0.5],"rotation":0,"texture":"#0","tintindex":0}}},{"name":"h_head","from":[8.6,14.6,4.3999996],"to":[11.0,14.900001,5.0],"rotation":{"angle":0.0,"axis":"x","origin":[11.0,0.19999981,6.8]},"faces":{"down":{"uv":[0.0,0.0,0.25,0.5],"rotation":0,"texture":"#0","tintindex":0},"east":{"uv":[0.0,0.0,0.25,0.5],"rotation":0,"texture":"#0","tintindex":0},"north":{"uv":[12.25,13.25,12.75,13.5],"rotation":0,"texture":"#0","tintindex":0},"south":{"uv":[12.5,13.25,12.75,13.75],"rotation":0,"texture":"#0","tintindex":0},"up":{"uv":[12.25,13.25,12.5,13.75],"rotation":0,"texture":"#0","tintindex":0},"west":{"uv":[12.5,13.0,12.75,13.5],"rotation":0,"texture":"#0","tintindex":0}}},{"name":"h_head","from":[11.0,8.0,10.4],"to":[11.6,14.900001,11.6],"rotation":{"angle":0.0,"axis":"x","origin":[13.400001,-6.4000006,12.8]},"faces":{"down":{"uv":[0.0,3.5,0.25,4.0],"rotation":0,"texture":"#0","tintindex":0},"east":{"uv":[0.0,3.0,0.0,3.0],"rotation":0,"texture":"#0","tintindex":0},"north":{"uv":[0.0,2.75,0.5,4.0],"rotation":0,"texture":"#0","tintindex":0},"south":{"uv":[0.25,3.0,0.5,3.5],"rotation":0,"texture":"#0","tintindex":0},"up":{"uv":[0.75,3.0,1.0,3.5],"rotation":0,"texture":"#0","tintindex":0},"west":{"uv":[0.0,2.5,0.25,3.0],"rotation":0,"texture":"#0","tintindex":0}}},{"name":"h_head","from":[11.0,11.6,5.6],"to":[11.6,14.0,10.4],"rotation":{"angle":0.0,"axis":"x","origin":[13.400001,-2.8000002,8.0]},"faces":{"down":{"uv":[0.0,0.0,0.25,0.5],"rotation":0,"texture":"#0","tintindex":0},"east":{"uv":[0.25,2.5,2.0,3.5],"rotation":0,"texture":"#0","tintindex":0},"north":{"uv":[0.0,3.0,0.25,4.0],"rotation":0,"texture":"#0","tintindex":0},"south":{"uv":[0.0,0.0,0.25,0.5],"rotation":0,"texture":"#0","tintindex":0},"up":{"uv":[0.0,0.0,0.25,0.5],"rotation":0,"texture":"#0","tintindex":0},"west":{"uv":[0.0,0.0,0.25,0.5],"rotation":0,"texture":"#0","tintindex":0}}},{"name":"h_head","from":[4.3999996,9.8,5.0],"to":[5.0,11.6,10.4],"rotation":{"angle":0.0,"axis":"x","origin":[6.8,-4.6000004,7.4]},"faces":{"down":{"uv":[0.0,0.0,0.25,0.5],"rotation":0,"texture":"#0","tintindex":0},"east":{"uv":[0.0,0.0,0.25,0.5],"rotation":0,"texture":"#0","tintindex":0},"north":{"uv":[0.0,2.5,0.25,4.0],"rotation":0,"texture":"#0","tintindex":0},"south":{"uv":[0.0,0.0,0.25,0.5],"rotation":0,"texture":"#0","tintindex":0},"up":{"uv":[0.75,2.5,1.0,3.0],"rotation":0,"texture":"#0","tintindex":0},"west":{"uv":[0.0,2.5,2.0,3.0],"rotation":0,"texture":"#0","tintindex":0}}},{"name":"h_head","from":[11.0,9.8,5.0],"to":[11.6,11.6,10.4],"rotation":{"angle":0.0,"axis":"x","origin":[13.400001,-4.6000004,7.4]},"faces":{"down":{"uv":[0.0,0.0,0.25,0.5],"rotation":0,"texture":"#0","tintindex":0},"east":{"uv":[0.0,2.25,1.5,3.25],"rotation":0,"texture":"#0","tintindex":0},"north":{"uv":[1.25,3.0,1.5,3.75],"rotation":0,"texture":"#0","tintindex":0},"south":{"uv":[0.0,0.0,0.25,0.5],"rotation":0,"texture":"#0","tintindex":0},"up":{"uv":[1.0,2.75,1.25,3.25],"rotation":0,"texture":"#0","tintindex":0},"west":{"uv":[0.0,0.0,0.25,0.5],"rotation":0,"texture":"#0","tintindex":0}}},{"name":"h_head","from":[4.3999996,8.0,4.3999996],"to":[5.0,9.8,10.4],"rotation":{"angle":0.0,"axis":"x","origin":[6.8,-6.4000006,6.8]},"faces":{"down":{"uv":[6.25,0.0,6.5,0.5],"rotation":0,"texture":"#0","tintindex":0},"east":{"uv":[0.0,0.0,0.25,0.5],"rotation":0,"texture":"#0","tintindex":0},"north":{"uv":[0.0,3.75,0.0,4.0],"rotation":0,"texture":"#0","tintindex":0},"south":{"uv":[0.0,0.0,0.25,0.5],"rotation":0,"texture":"#0","tintindex":0},"up":{"uv":[0.0,3.0,0.25,3.5],"rotation":0,"texture":"#0","tintindex":0},"west":{"uv":[0.0,3.0,2.0,3.5],"rotation":0,"texture":"#0","tintindex":0}}},{"name":"h_head","from":[11.0,8.0,4.3999996],"to":[11.6,9.8,10.4],"rotation":{"angle":0.0,"axis":"x","origin":[13.400001,-6.4000006,6.8]},"faces":{"down":{"uv":[6.25,0.0,6.5,0.5],"rotation":0,"texture":"#0","tintindex":0},"east":{"uv":[0.0,2.5,1.75,3.5],"rotation":0,"texture":"#0","tintindex":0},"north":{"uv":[0.0,3.5,1.0,4.0],"rotation":0,"texture":"#0","tintindex":0},"south":{"uv":[0.0,0.0,0.25,0.5],"rotation":0,"texture":"#0","tintindex":0},"up":{"uv":[0.0,3.0,0.25,3.5],"rotation":0,"texture":"#0","tintindex":0},"west":{"uv":[0.0,0.0,0.25,0.5],"rotation":0,"texture":"#0","tintindex":0}}},{"name":"h_head","from":[5.0,8.0,4.3999996],"to":[5.6,9.8,5.0],"rotation":{"angle":0.0,"axis":"x","origin":[7.4,-6.4000006,6.8]},"faces":{"down":{"uv":[6.0,0.25,6.25,0.75],"rotation":0,"texture":"#0","tintindex":0},"east":{"uv":[0.0,2.75,0.25,4.0],"rotation":0,"texture":"#0","tintindex":0},"north":{"uv":[-0.25,3.75,0.0,4.0],"rotation":0,"texture":"#0","tintindex":0},"south":{"uv":[0.0,0.0,0.25,0.5],"rotation":0,"texture":"#0","tintindex":0},"up":{"uv":[0.0,2.75,0.25,3.25],"rotation":0,"texture":"#0","tintindex":0},"west":{"uv":[0.0,0.0,0.25,0.5],"rotation":0,"texture":"#0","tintindex":0}}},{"name":"h_head","from":[10.4,8.0,4.3999996],"to":[11.0,9.8,5.0],"rotation":{"angle":0.0,"axis":"x","origin":[12.8,-6.4000006,6.8]},"faces":{"down":{"uv":[6.25,0.0,6.5,0.5],"rotation":0,"texture":"#0","tintindex":0},"east":{"uv":[0.0,0.0,0.25,0.5],"rotation":0,"texture":"#0","tintindex":0},"north":{"uv":[0.0,3.75,0.0,4.0],"rotation":0,"texture":"#0","tintindex":0},"south":{"uv":[0.0,0.0,0.25,0.5],"rotation":0,"texture":"#0","tintindex":0},"up":{"uv":[0.0,3.25,0.25,3.75],"rotation":0,"texture":"#0","tintindex":0},"west":{"uv":[1.0,2.75,1.25,3.25],"rotation":0,"texture":"#0","tintindex":0}}},{"name":"h_head","from":[11.0,12.8,5.0],"to":[11.6,14.0,5.6],"rotation":{"angle":0.0,"axis":"x","origin":[13.400001,-1.6000004,7.4]},"faces":{"down":{"uv":[0.75,2.0,1.0,2.5],"rotation":0,"texture":"#0","tintindex":0},"east":{"uv":[0.0,3.0,0.25,3.5],"rotation":0,"texture":"#0","tintindex":0},"north":{"uv":[0.0,0.0,8.0,4.0],"rotation":0,"texture":"#0","tintindex":0},"south":{"uv":[0.0,0.0,0.25,0.5],"rotation":0,"texture":"#0","tintindex":0},"up":{"uv":[0.0,0.0,0.25,0.5],"rotation":0,"texture":"#0","tintindex":0},"west":{"uv":[0.0,0.0,0.25,0.5],"rotation":0,"texture":"#0","tintindex":0}}},{"name":"h_head","from":[4.3999996,12.8,5.0],"to":[5.0,14.0,5.6],"rotation":{"angle":0.0,"axis":"x","origin":[6.8,-1.6000004,7.4]},"faces":{"down":{"uv":[0.0,2.5,0.25,3.0],"rotation":0,"texture":"#0","tintindex":0},"east":{"uv":[0.0,0.0,0.25,0.5],"rotation":0,"texture":"#0","tintindex":0},"north":{"uv":[0.0,0.0,8.0,4.0],"rotation":0,"texture":"#0","tintindex":0},"south":{"uv":[0.0,0.0,0.25,0.5],"rotation":0,"texture":"#0","tintindex":0},"up":{"uv":[0.0,0.0,0.25,0.5],"rotation":0,"texture":"#0","tintindex":0},"west":{"uv":[0.5,3.0,0.75,3.5],"rotation":0,"texture":"#0","tintindex":0}}},{"name":"h_head","from":[4.3999996,12.8,4.3999996],"to":[11.6,14.0,5.0],"rotation":{"angle":0.0,"axis":"x","origin":[12.2,-1.6000004,6.8]},"faces":{"down":{"uv":[6.0,0.0,9.0,0.25],"rotation":0,"texture":"#0","tintindex":0},"east":{"uv":[1.0,2.5,1.25,3.0],"rotation":0,"texture":"#0","tintindex":0},"north":{"uv":[6.0,0.0,9.0,0.5],"rotation":0,"texture":"#0","tintindex":0},"south":{"uv":[0.0,0.0,0.25,0.5],"rotation":0,"texture":"#0","tintindex":0},"up":{"uv":[0.0,0.0,0.25,0.5],"rotation":0,"texture":"#0","tintindex":0},"west":{"uv":[0.0,2.5,0.25,3.0],"rotation":0,"texture":"#0","tintindex":0}}},{"name":"h_head","from":[5.0,8.0,11.0],"to":[11.0,14.900001,11.6],"rotation":{"angle":0.0,"axis":"x","origin":[12.8,-6.4000006,13.400001]},"faces":{"down":{"uv":[0.0,3.25,0.25,3.75],"rotation":0,"texture":"#0","tintindex":0},"east":{"uv":[0.0,0.0,0.25,0.5],"rotation":0,"texture":"#0","tintindex":0},"north":{"uv":[0.0,2.5,1.5,4.0],"rotation":0,"texture":"#0","tintindex":0},"south":{"uv":[6.0,2.0,8.0,4.0],"rotation":0,"texture":"#0","tintindex":0},"up":{"uv":[0.5,3.25,0.75,3.75],"rotation":0,"texture":"#0","tintindex":0},"west":{"uv":[0.0,0.0,0.25,0.5],"rotation":0,"texture":"#0","tintindex":0}}},{"name":"h_head","from":[9.2,13.400001,2.6],"to":[11.0,15.2,4.3999996],"rotation":{"angle":0.0,"axis":"x","origin":[17.0,-1.0000005,5.0]},"faces":{"down":{"uv":[13.25,15.5,13.5,16.0],"rotation":0,"texture":"#0","tintindex":0},"east":{"uv":[12.25,15.5,12.5,16.0],"rotation":0,"texture":"#0","tintindex":0},"north":{"uv":[14.0,15.0,15.0,16.0],"rotation":0,"texture":"#0","tintindex":0},"south":{"uv":[12.0,15.75,13.0,16.0],"rotation":0,"texture":"#0","tintindex":0},"up":{"uv":[15.0,15.25,15.25,15.75],"rotation":0,"texture":"#0","tintindex":0},"west":{"uv":[14.5,14.75,14.75,15.25],"rotation":0,"texture":"#0","tintindex":0}}},{"name":"h_head","from":[5.0,13.400001,2.6],"to":[6.8,15.2,4.3999996],"rotation":{"angle":0.0,"axis":"x","origin":[12.8,-1.0000005,5.0]},"faces":{"down":{"uv":[13.25,15.5,13.5,16.0],"rotation":0,"texture":"#0","tintindex":0},"east":{"uv":[12.25,15.5,12.5,16.0],"rotation":0,"texture":"#0","tintindex":0},"north":{"uv":[14.0,15.0,15.0,16.0],"rotation":0,"texture":"#0","tintindex":0},"south":{"uv":[12.0,15.75,13.0,16.0],"rotation":0,"texture":"#0","tintindex":0},"up":{"uv":[15.0,15.25,15.25,15.75],"rotation":0,"texture":"#0","tintindex":0},"west":{"uv":[14.5,14.75,14.75,15.25],"rotation":0,"texture":"#0","tintindex":0}}},{"name":"h_head","from":[9.2,18.2,2.6],"to":[11.0,20.0,4.3999996],"rotation":{"angle":0.0,"axis":"x","origin":[10.1,19.1,3.4999998]},"faces":{"down":{"uv":[13.25,15.5,13.5,16.0],"rotation":0,"texture":"#0","tintindex":0},"east":{"uv":[12.25,15.5,12.5,16.0],"rotation":0,"texture":"#0","tintindex":0},"north":{"uv":[14.0,15.0,15.0,16.0],"rotation":0,"texture":"#0","tintindex":0},"south":{"uv":[12.0,15.75,13.0,16.0],"rotation":0,"texture":"#0","tintindex":0},"up":{"uv":[15.0,14.5,15.25,15.0],"rotation":0,"texture":"#0","tintindex":0},"west":{"uv":[14.5,14.75,14.75,15.25],"rotation":0,"texture":"#0","tintindex":0}}},{"name":"h_head","from":[5.0,18.2,2.6],"to":[6.8,20.0,4.3999996],"rotation":{"angle":0.0,"axis":"x","origin":[5.8999996,19.1,3.4999998]},"faces":{"down":{"uv":[13.25,15.5,13.5,16.0],"rotation":0,"texture":"#0","tintindex":0},"east":{"uv":[12.25,15.5,12.5,16.0],"rotation":0,"texture":"#0","tintindex":0},"north":{"uv":[14.0,15.0,15.0,16.0],"rotation":0,"texture":"#0","tintindex":0},"south":{"uv":[12.0,15.75,13.0,16.0],"rotation":0,"texture":"#0","tintindex":0},"up":{"uv":[15.0,14.5,15.25,15.0],"rotation":0,"texture":"#0","tintindex":0},"west":{"uv":[14.5,14.75,14.75,15.25],"rotation":0,"texture":"#0","tintindex":0}}},{"name":"h_head","from":[9.2,14.0,1.9999998],"to":[11.0,19.400002,3.7999997],"rotation":{"angle":0.0,"axis":"x","origin":[17.0,-0.40000033,4.3999996]},"faces":{"down":{"uv":[13.25,15.5,13.5,16.0],"rotation":0,"texture":"#0","tintindex":0},"east":{"uv":[12.0,13.75,13.0,15.25],"rotation":0,"texture":"#0","tintindex":0},"north":{"uv":[13.0,13.5,14.0,15.5],"rotation":0,"texture":"#0","tintindex":0},"south":{"uv":[12.0,15.75,13.0,16.0],"rotation":0,"texture":"#0","tintindex":0},"up":{"uv":[15.0,15.25,15.25,15.75],"rotation":0,"texture":"#0","tintindex":0},"west":{"uv":[14.0,13.75,15.0,15.5],"rotation":0,"texture":"#0","tintindex":0}}},{"name":"h_head","from":[5.0,14.0,1.9999998],"to":[6.8,19.400002,3.7999997],"rotation":{"angle":0.0,"axis":"x","origin":[12.8,-0.40000033,4.3999996]},"faces":{"down":{"uv":[13.25,15.5,13.5,16.0],"rotation":0,"texture":"#0","tintindex":0},"east":{"uv":[12.0,13.75,13.0,15.25],"rotation":0,"texture":"#0","tintindex":0},"north":{"uv":[13.0,13.5,14.0,15.5],"rotation":0,"texture":"#0","tintindex":0},"south":{"uv":[12.0,15.75,13.0,16.0],"rotation":0,"texture":"#0","tintindex":0},"up":{"uv":[15.0,15.25,15.25,15.75],"rotation":0,"texture":"#0","tintindex":0},"west":{"uv":[14.0,13.75,15.0,15.5],"rotation":0,"texture":"#0","tintindex":0}}}],"display":{"head":{"translation":[0.0,-6.4,0.0],"rotation":[0.0,0.0,0.0],"scale":[3.8095,3.8095,3.8095]}}}