{"textures":{"0":"modelengine:entity/loki"},"elements":[{"name":"rightleg","from":[6.8,4.3999996,6.8],"to":[9.2,9.8,9.2],"rotation":{"angle":0.0,"axis":"x","origin":[9.139999,4.3999996,8.0]},"faces":{"down":{"uv":[6.0,9.25,7.0,10.25],"rotation":0,"texture":"#0","tintindex":0},"east":{"uv":[4.0,10.25,5.0,13.0],"rotation":0,"texture":"#0","tintindex":0},"north":{"uv":[5.0,13.0,6.0,16.0],"rotation":0,"texture":"#0","tintindex":0},"south":{"uv":[7.0,13.0,8.0,16.0],"rotation":0,"texture":"#0","tintindex":0},"up":{"uv":[5.0,9.25,6.0,10.25],"rotation":0,"texture":"#0","tintindex":0},"west":{"uv":[6.0,13.0,7.0,16.0],"rotation":0,"texture":"#0","tintindex":0}}}],"display":{"head":{"translation":[0.0,-6.4,0.0],"rotation":[0.0,0.0,0.0],"scale":[3.8095,3.8095,3.8095]}}}