{"textures":{"0":"modelengine:entity/loki"},"elements":[{"name":"body","from":[6.74,3.1999998,6.35],"to":[7.94,8.0,6.6499996],"rotation":{"angle":0.0,"axis":"x","origin":[9.139999,-7.000001,7.4]},"faces":{"down":{"uv":[1.75,7.75,2.0,8.25],"rotation":0,"texture":"#0","tintindex":0},"east":{"uv":[1.0,5.25,1.25,5.75],"rotation":0,"texture":"#0","tintindex":0},"north":{"uv":[8.0,10.25,9.0,13.0],"rotation":0,"texture":"#0","tintindex":0},"south":{"uv":[0.0,0.0,0.25,0.5],"rotation":0,"texture":"#0","tintindex":0},"up":{"uv":[8.0,11.0,8.25,11.5],"rotation":0,"texture":"#0","tintindex":0},"west":{"uv":[8.0,10.75,8.25,11.25],"rotation":0,"texture":"#0","tintindex":0}}},{"name":"rightleg","from":[6.8,2.6,6.6499996],"to":[9.2,8.0,9.35],"rotation":{"angle":0.0,"axis":"x","origin":[9.139999,2.6,8.0]},"faces":{"down":{"uv":[5.0,11.25,6.0,12.75],"rotation":0,"texture":"#0","tintindex":0},"east":{"uv":[4.0,10.25,5.0,13.0],"rotation":0,"texture":"#0","tintindex":0},"north":{"uv":[5.0,10.25,6.0,12.75],"rotation":0,"texture":"#0","tintindex":0},"south":{"uv":[11.0,8.0,12.25,9.75],"rotation":0,"texture":"#0","tintindex":0},"up":{"uv":[8.0,10.5,8.25,11.0],"rotation":0,"texture":"#0","tintindex":0},"west":{"uv":[6.0,12.75,7.0,16.0],"rotation":0,"texture":"#0","tintindex":0}}},{"name":"rightleg","from":[6.8,1.9999998,6.8],"to":[9.2,3.1999998,7.4],"rotation":{"angle":0.0,"axis":"x","origin":[9.139999,1.9999998,8.0]},"faces":{"down":{"uv":[0.0,0.0,0.25,0.5],"rotation":0,"texture":"#0","tintindex":0},"east":{"uv":[8.0,10.5,8.25,11.0],"rotation":0,"texture":"#0","tintindex":0},"north":{"uv":[5.25,10.5,6.0,10.75],"rotation":0,"texture":"#0","tintindex":0},"south":{"uv":[0.0,0.0,0.25,0.5],"rotation":0,"texture":"#0","tintindex":0},"up":{"uv":[0.0,0.0,0.25,0.5],"rotation":0,"texture":"#0","tintindex":0},"west":{"uv":[7.75,11.25,8.0,11.75],"rotation":0,"texture":"#0","tintindex":0}}}],"display":{"head":{"translation":[0.0,-6.4,0.0],"rotation":[0.0,0.0,0.0],"scale":[3.8095,3.8095,3.8095]}}}