{
    "bgm.spawn": {
        "sounds": [
            "sweetrice:bgm/spawn"
        ]
    },
    "bgm.1.1": {
        "sounds": [
            "sweetrice:bgm/1.1"
        ]
    },
    "bgm.run": {
        "sounds": [
            "sweetrice:bgm/run"
        ]
    },
    "bgm.ikun": {
        "sounds": [
            "sweetrice:bgm/ikun"
        ]
    },
    "bgm.class": {
        "sounds": [
            "sweetrice:bgm/class"
        ]
    },
    "bgm.run1": {
        "sounds": [
            "sweetrice:bgm/run1"
        ]
    }
}