{"credit":"Made with Blockbench","texture_size":[128,128],"textures":{"1":"elitecreatures:scifi_decoration_v1/scifi_chair_2"},"elements":[{"from":[1,14,1],"to":[15,16,15],"rotation":{"angle":0,"axis":"y","origin":[16,16,0]},"faces":{"north":{"uv":[1.75,12,0,12.25],"texture":"#1"},"east":{"uv":[1.75,12,0,12.25],"texture":"#1"},"south":{"uv":[1.75,12,0,12.25],"texture":"#1"},"west":{"uv":[1.75,12,0,12.25],"texture":"#1"},"up":{"uv":[1.75,12.25,0,14],"texture":"#1"},"down":{"uv":[1.75,12.25,0,14],"texture":"#1"}}},{"from":[1,16,13],"to":[15,21,15],"rotation":{"angle":0,"axis":"y","origin":[16,16,0]},"faces":{"north":{"uv":[2,9,3.75,9.625],"texture":"#1"},"east":{"uv":[1.75,8.75,2,9.375],"texture":"#1"},"south":{"uv":[2,9,3.75,9.625],"texture":"#1"},"west":{"uv":[1.75,8.75,2,9.375],"texture":"#1"},"up":{"uv":[2,8.75,3.75,9],"texture":"#1"},"down":{"uv":[2,8.75,3.75,9],"texture":"#1"}}},{"from":[3,0,3],"to":[13,2,13],"rotation":{"angle":0,"axis":"y","origin":[16,16,0]},"faces":{"north":{"uv":[0,9,1.25,9.25],"texture":"#1"},"east":{"uv":[0,9,1.25,9.25],"texture":"#1"},"south":{"uv":[0,9,1.25,9.25],"texture":"#1"},"west":{"uv":[0,9,1.25,9.25],"texture":"#1"},"up":{"uv":[0,9.25,1.25,10.5],"texture":"#1"},"down":{"uv":[0,9.25,1.25,10.5],"texture":"#1"}}},{"from":[3,12,3],"to":[13,14,13],"rotation":{"angle":0,"axis":"y","origin":[16,16,0]},"faces":{"north":{"uv":[0,10.5,1.25,10.75],"texture":"#1"},"east":{"uv":[0,10.5,1.25,10.75],"texture":"#1"},"south":{"uv":[0,10.5,1.25,10.75],"texture":"#1"},"west":{"uv":[0,10.5,1.25,10.75],"texture":"#1"},"up":{"uv":[0,10.75,1.25,12],"texture":"#1"},"down":{"uv":[0,10.75,1.25,12],"texture":"#1"}}},{"from":[7,2,7],"to":[9,12,9],"rotation":{"angle":0,"axis":"y","origin":[16,16,0]},"faces":{"north":{"uv":[1.5,9,1.25,10.25],"texture":"#1"},"east":{"uv":[1.5,9,1.25,10.25],"texture":"#1"},"south":{"uv":[1.5,9,1.25,10.25],"texture":"#1"},"west":{"uv":[1.5,9,1.25,10.25],"texture":"#1"}}}],"gui_light":"front","display":{"thirdperson_righthand":{"translation":[0,1.25,1.5],"scale":[0.18,0.18,0.18]},"thirdperson_lefthand":{"translation":[0,1.25,1.5],"scale":[0.18,0.18,0.18]},"firstperson_righthand":{"translation":[0,2.75,1.5],"scale":[0.45,0.45,0.45]},"firstperson_lefthand":{"translation":[0,2.75,1.5],"scale":[0.45,0.45,0.45]},"ground":{"translation":[0.75,2,0],"scale":[0.5,0.5,0.5]},"gui":{"rotation":[30,225,0],"translation":[0,-1.25,0],"scale":[0.38,0.38,0.38]},"head":{"rotation":[0,180,0],"translation":[0,-30.25,0],"scale":[1.6,1.6,1.6]},"fixed":{"scale":[0,0,0]}}}