{"credit":"Made with Blockbench","texture_size":[128,128],"textures":{"0":"elitecreatures:scifi_decoration_v1/scifi_gate","particle":"elitecreatures:scifi_decoration_v1/scifi_gate"},"elements":[{"from":[12,0,1],"to":[15,14,31],"rotation":{"angle":0,"axis":"y","origin":[0,16,0]},"faces":{"north":{"uv":[0.375,14.25,0.75,16],"texture":"#0"},"east":{"uv":[0.75,14.25,4.5,16],"texture":"#0"},"south":{"uv":[0.375,14.25,0.75,16],"texture":"#0"},"west":{"uv":[4.5,14.25,0.75,16],"texture":"#0"},"up":{"uv":[0,12.25,0.375,16],"texture":"#0"},"down":{"uv":[0,12.25,0.375,16],"texture":"#0"}}},{"from":[-15,0,1],"to":[-12,14,31],"rotation":{"angle":0,"axis":"y","origin":[16,16,0]},"faces":{"north":{"uv":[0.75,14.25,0.375,16],"texture":"#0"},"east":{"uv":[0.75,14.25,4.5,16],"texture":"#0"},"south":{"uv":[0.75,14.25,0.375,16],"texture":"#0"},"west":{"uv":[4.5,14.25,0.75,16],"texture":"#0"},"up":{"uv":[0.375,12.25,0,16],"texture":"#0"},"down":{"uv":[0.375,12.25,0,16],"texture":"#0"}}},{"from":[-16,14,0],"to":[16,16,32],"rotation":{"angle":0,"axis":"y","origin":[0,16,0]},"faces":{"north":{"uv":[8.375,4.75,12.375,5],"texture":"#0"},"east":{"uv":[8.375,4.5,12.375,4.75],"texture":"#0"},"south":{"uv":[8.375,4.75,12.375,5],"texture":"#0"},"west":{"uv":[8.375,4.5,12.375,4.75],"texture":"#0"},"up":{"uv":[8.375,0.5,12.375,4.5],"texture":"#0"},"down":{"uv":[8.375,0.5,12.375,4.5],"texture":"#0"}}},{"from":[-12,11,2],"to":[12,14,3],"rotation":{"angle":0,"axis":"y","origin":[0,16,0]},"faces":{"north":{"uv":[11.125,0,14.125,0.375],"texture":"#0"},"east":{"uv":[14.125,0,14.25,0.375],"texture":"#0"},"south":{"uv":[11.125,0,14.125,0.375],"texture":"#0"},"west":{"uv":[14.125,0,14.25,0.375],"texture":"#0"},"up":{"uv":[11.125,0.375,14.125,0.5],"texture":"#0"},"down":{"uv":[11.125,0.375,14.125,0.5],"texture":"#0"}}},{"from":[-12,11,29],"to":[12,14,30],"rotation":{"angle":0,"axis":"y","origin":[0,16,0]},"faces":{"north":{"uv":[11.125,0,14.125,0.375],"texture":"#0"},"east":{"uv":[14.125,0,14.25,0.375],"texture":"#0"},"south":{"uv":[11.125,0,14.125,0.375],"texture":"#0"},"west":{"uv":[14.125,0,14.25,0.375],"texture":"#0"},"up":{"uv":[11.125,0.375,14.125,0.5],"texture":"#0"},"down":{"uv":[11.125,0.375,14.125,0.5],"texture":"#0"}}}],"gui_light":"front","display":{"thirdperson_righthand":{"translation":[1.5,1.25,1.5],"scale":[0.18,0.18,0.18]},"thirdperson_lefthand":{"translation":[-1.5,1.25,1.5],"scale":[0.18,0.18,0.18]},"firstperson_righthand":{"translation":[0,2.75,1.5],"scale":[0.3,0.3,0.3]},"firstperson_lefthand":{"rotation":[0,180,0],"translation":[-4.75,2.75,1.5],"scale":[0.45,0.45,0.45]},"ground":{"translation":[4.5,2,-4],"scale":[0.5,0.5,0.5]},"gui":{"rotation":[30,225,0],"translation":[0,-2,0],"scale":[0.26,0.26,0.26]},"head":{"translation":[0,-30.25,-25.75],"scale":[1.6,1.6,1.6]},"fixed":{"scale":[0,0,0]}}}