{"credit":"Made with Blockbench","texture_size":[128,128],"textures":{"0":"elitecreatures:scifi_decoration_v1/scifi_gate","1":"elitecreatures:scifi_decoration_v1/caution_animation","particle":"elitecreatures:scifi_decoration_v1/scifi_gate"},"elements":[{"from":[13,2,7],"to":[15,16,9],"rotation":{"angle":0,"axis":"y","origin":[0,16,0]},"faces":{"north":{"uv":[15.5,6.25,15.75,8],"texture":"#0"},"east":{"uv":[15.375,4,15.625,5.75],"texture":"#0"},"south":{"uv":[15.75,6.25,15.5,8],"texture":"#0"},"west":{"uv":[15.5,6.25,15.75,8],"texture":"#0"},"up":{"uv":[15.5,6,15.75,6.25],"texture":"#0"},"down":{"uv":[15.5,6,15.75,6.25],"texture":"#0"}}},{"from":[10,6,7.5],"to":[11,14,8.5],"rotation":{"angle":0,"axis":"y","origin":[0,16,0]},"faces":{"north":{"uv":[15.375,6,15.5,7],"texture":"#0"},"east":{"uv":[15.375,6,15.5,7],"texture":"#0"},"south":{"uv":[15.375,6,15.5,7],"texture":"#0"},"west":{"uv":[15.375,6,15.5,7],"texture":"#0"},"up":{"uv":[15.375,7,15.5,7.125],"texture":"#0"},"down":{"uv":[15.375,7,15.5,7.125],"texture":"#0"}}},{"from":[-11,6,7.5],"to":[-10,14,8.5],"rotation":{"angle":0,"axis":"y","origin":[0,16,0]},"faces":{"north":{"uv":[15.375,6,15.5,7],"texture":"#0"},"east":{"uv":[15.375,6,15.5,7],"texture":"#0"},"south":{"uv":[15.375,6,15.5,7],"texture":"#0"},"west":{"uv":[15.375,6,15.5,7],"texture":"#0"},"up":{"uv":[15.375,7,15.5,7.125],"texture":"#0"},"down":{"uv":[15.375,7,15.5,7.125],"texture":"#0"}}},{"from":[-8,6,7.5],"to":[-7,14,8.5],"rotation":{"angle":0,"axis":"y","origin":[0,16,0]},"faces":{"north":{"uv":[15.375,6,15.5,7],"texture":"#0"},"east":{"uv":[15.375,6,15.5,7],"texture":"#0"},"south":{"uv":[15.375,6,15.5,7],"texture":"#0"},"west":{"uv":[15.375,6,15.5,7],"texture":"#0"},"up":{"uv":[15.375,7,15.5,7.125],"texture":"#0"},"down":{"uv":[15.375,7,15.5,7.125],"texture":"#0"}}},{"from":[7,6,7.5],"to":[8,14,8.5],"rotation":{"angle":0,"axis":"y","origin":[0,16,0]},"faces":{"north":{"uv":[15.375,6,15.5,7],"texture":"#0"},"east":{"uv":[15.375,6,15.5,7],"texture":"#0"},"south":{"uv":[15.375,6,15.5,7],"texture":"#0"},"west":{"uv":[15.375,6,15.5,7],"texture":"#0"},"up":{"uv":[15.375,7,15.5,7.125],"texture":"#0"},"down":{"uv":[15.375,7,15.5,7.125],"texture":"#0"}}},{"from":[4,6,7.5],"to":[5,14,8.5],"rotation":{"angle":0,"axis":"y","origin":[0,16,0]},"faces":{"north":{"uv":[15.375,6,15.5,7],"texture":"#0"},"east":{"uv":[15.375,6,15.5,7],"texture":"#0"},"south":{"uv":[15.375,6,15.5,7],"texture":"#0"},"west":{"uv":[15.375,6,15.5,7],"texture":"#0"},"up":{"uv":[15.375,7,15.5,7.125],"texture":"#0"},"down":{"uv":[15.375,7,15.5,7.125],"texture":"#0"}}},{"from":[1,6,7.5],"to":[2,14,8.5],"rotation":{"angle":0,"axis":"y","origin":[0,16,0]},"faces":{"north":{"uv":[15.375,6,15.5,7],"texture":"#0"},"east":{"uv":[15.375,6,15.5,7],"texture":"#0"},"south":{"uv":[15.375,6,15.5,7],"texture":"#0"},"west":{"uv":[15.375,6,15.5,7],"texture":"#0"},"up":{"uv":[15.375,7,15.5,7.125],"texture":"#0"},"down":{"uv":[15.375,7,15.5,7.125],"texture":"#0"}}},{"from":[-2,6,7.5],"to":[-1,14,8.5],"rotation":{"angle":0,"axis":"y","origin":[0,16,0]},"faces":{"north":{"uv":[15.375,6,15.5,7],"texture":"#0"},"east":{"uv":[15.375,6,15.5,7],"texture":"#0"},"south":{"uv":[15.375,6,15.5,7],"texture":"#0"},"west":{"uv":[15.375,6,15.5,7],"texture":"#0"},"up":{"uv":[15.375,7,15.5,7.125],"texture":"#0"},"down":{"uv":[15.375,7,15.5,7.125],"texture":"#0"}}},{"from":[-5,6,7.5],"to":[-4,14,8.5],"rotation":{"angle":0,"axis":"y","origin":[0,16,0]},"faces":{"north":{"uv":[15.375,6,15.5,7],"texture":"#0"},"east":{"uv":[15.375,6,15.5,7],"texture":"#0"},"south":{"uv":[15.375,6,15.5,7],"texture":"#0"},"west":{"uv":[15.375,6,15.5,7],"texture":"#0"},"up":{"uv":[15.375,7,15.5,7.125],"texture":"#0"},"down":{"uv":[15.375,7,15.5,7.125],"texture":"#0"}}},{"from":[-13,14,7],"to":[13,16,9],"rotation":{"angle":0,"axis":"y","origin":[0,16,0]},"faces":{"north":{"uv":[15.125,5.125,15.375,8.375],"rotation":90,"texture":"#0"},"east":{"uv":[15.375,5.75,15.625,6],"texture":"#0"},"south":{"uv":[15.125,5.125,15.375,8.375],"rotation":90,"texture":"#0"},"west":{"uv":[15.375,5.75,15.625,6],"texture":"#0"},"up":{"uv":[14.875,5.125,15.125,8.375],"rotation":90,"texture":"#0"},"down":{"uv":[14.875,5.125,15.125,8.375],"rotation":90,"texture":"#0"}}},{"from":[-11,10,6],"to":[11,13,7],"rotation":{"angle":0,"axis":"y","origin":[0,16,0]},"faces":{"north":{"uv":[14.5,6,14.875,8.75],"rotation":90,"texture":"#0"},"east":{"uv":[14.5,5.875,14.875,6],"rotation":90,"texture":"#0"},"south":{"uv":[14.5,6,14.875,8.75],"rotation":90,"texture":"#0"},"west":{"uv":[14.5,5.875,14.875,6],"rotation":90,"texture":"#0"},"up":{"uv":[14.375,6,14.5,8.75],"rotation":90,"texture":"#0"},"down":{"uv":[14.375,6,14.5,8.75],"rotation":90,"texture":"#0"}}},{"from":[-2,16,6],"to":[2,18,10],"rotation":{"angle":0,"axis":"y","origin":[0,16,0]},"faces":{"north":{"uv":[12.375,9.125,12.875,9.375],"texture":"#0"},"east":{"uv":[12.375,9.125,12.875,9.375],"texture":"#0"},"south":{"uv":[12.375,9.125,12.875,9.375],"texture":"#0"},"west":{"uv":[12.375,9.125,12.875,9.375],"texture":"#0"},"up":{"uv":[12.125,9.375,12.625,9.875],"texture":"#0"},"down":{"uv":[12.125,9.375,12.625,9.875],"texture":"#0"}}},{"from":[-1.5,18,6.5],"to":[1.5,20,9.5],"rotation":{"angle":0,"axis":"y","origin":[0,16,0]},"faces":{"north":{"uv":[0,0,16,13.375],"texture":"#1"},"east":{"uv":[0,0,16,13.375],"texture":"#1"},"south":{"uv":[0,0,16,13.375],"texture":"#1"},"west":{"uv":[0,0,16,13.375],"texture":"#1"},"up":{"uv":[0,0,16,16],"texture":"#1"}}},{"from":[-4,4,6.5],"to":[4,10,7.5],"rotation":{"angle":0,"axis":"y","origin":[0,16,0]},"faces":{"north":{"uv":[13,8.625,14,9.375],"texture":"#0"},"east":{"uv":[12.875,8.625,13,9.375],"texture":"#0"},"south":{"uv":[13,8.625,14,9.375],"texture":"#0"},"west":{"uv":[12.875,8.625,13,9.375],"texture":"#0"},"up":{"uv":[13,8.5,14,8.625],"texture":"#0"},"down":{"uv":[13,8.5,14,8.625],"texture":"#0"}}},{"from":[-13,5,7],"to":[13,6,9],"rotation":{"angle":0,"axis":"y","origin":[0,16,0]},"faces":{"north":{"uv":[15.625,2.75,15.75,6],"rotation":90,"texture":"#0"},"east":{"uv":[15.75,1.625,16,1.75],"texture":"#0"},"south":{"uv":[15.625,2.75,15.75,6],"rotation":90,"texture":"#0"},"west":{"uv":[15.75,1.625,16,1.75],"texture":"#0"},"up":{"uv":[15.75,1.75,16,5],"rotation":90,"texture":"#0"},"down":{"uv":[15.75,1.75,16,5],"rotation":90,"texture":"#0"}}},{"from":[12,0,6],"to":[16,2,10],"rotation":{"angle":0,"axis":"y","origin":[0,16,0]},"faces":{"north":{"uv":[12.625,9.375,13.125,9.625],"texture":"#0"},"east":{"uv":[12.625,9.375,13.125,9.625],"texture":"#0"},"south":{"uv":[12.625,9.375,13.125,9.625],"texture":"#0"},"west":{"uv":[12.625,9.375,13.125,9.625],"texture":"#0"},"up":{"uv":[12.625,9.625,13.125,10.125],"texture":"#0"},"down":{"uv":[12.625,9.625,13.125,10.125],"texture":"#0"}}},{"from":[-15,2,7],"to":[-13,16,9],"rotation":{"angle":0,"axis":"y","origin":[16,16,0]},"faces":{"north":{"uv":[15.75,6.25,15.5,8],"texture":"#0"},"east":{"uv":[15.75,6.25,15.5,8],"texture":"#0"},"south":{"uv":[15.5,6.25,15.75,8],"texture":"#0"},"west":{"uv":[15.625,4,15.375,5.75],"texture":"#0"},"up":{"uv":[15.75,6,15.5,6.25],"texture":"#0"},"down":{"uv":[15.75,6,15.5,6.25],"texture":"#0"}}},{"from":[-16,0,6],"to":[-12,2,10],"rotation":{"angle":0,"axis":"y","origin":[16,16,0]},"faces":{"north":{"uv":[13.125,9.375,12.625,9.625],"texture":"#0"},"east":{"uv":[13.125,9.375,12.625,9.625],"texture":"#0"},"south":{"uv":[13.125,9.375,12.625,9.625],"texture":"#0"},"west":{"uv":[13.125,9.375,12.625,9.625],"texture":"#0"},"up":{"uv":[13.125,9.625,12.625,10.125],"texture":"#0"},"down":{"uv":[13.125,9.625,12.625,10.125],"texture":"#0"}}}],"gui_light":"front","display":{"thirdperson_righthand":{"translation":[1.5,1.25,1.5],"scale":[0.18,0.18,0.18]},"thirdperson_lefthand":{"translation":[-1.5,1.25,1.5],"scale":[0.18,0.18,0.18]},"firstperson_righthand":{"translation":[1.5,2.75,1.5],"scale":[0.49,0.49,0.49]},"firstperson_lefthand":{"translation":[-5,2.75,1.5],"scale":[0.49,0.49,0.49]},"ground":{"translation":[3.25,2,0],"scale":[0.5,0.5,0.5]},"gui":{"rotation":[30,225,0],"translation":[-2.25,-1.25,0],"scale":[0.42,0.42,0.42]},"head":{"translation":[-0.25,-30.5,1],"scale":[1.6,1.6,1.6]},"fixed":{"scale":[0,0,0]}}}