{"credit":"Made with Blockbench","texture_size":[128,128],"textures":{"0":"elitecreatures:scifi_decoration_v1/scifi_bin_small","particle":"elitecreatures:scifi_decoration_v1/scifi_bin_small"},"elements":[{"from":[1,0,1],"to":[15,14,15],"rotation":{"angle":0,"axis":"y","origin":[0,16,0]},"faces":{"north":{"uv":[9,10.875,10.75,12.625],"texture":"#0"},"east":{"uv":[9,12.625,10.75,14.375],"texture":"#0"},"south":{"uv":[10.75,10.875,12.5,12.625],"texture":"#0"},"west":{"uv":[10.75,12.625,9,14.375],"texture":"#0"},"up":{"uv":[7.25,10.125,9,11.875],"texture":"#0"},"down":{"uv":[10.75,10.875,12.5,12.625],"texture":"#0"}}},{"from":[1,14,10],"to":[15,24,15],"rotation":{"angle":0,"axis":"y","origin":[0,16,0]},"faces":{"north":{"uv":[5.5,10.625,7.25,11.875],"texture":"#0"},"east":{"uv":[4.5,13.5,5.125,14.75],"texture":"#0"},"south":{"uv":[5.5,10.625,7.25,11.875],"texture":"#0"},"west":{"uv":[5.125,13.5,4.5,14.75],"texture":"#0"},"up":{"uv":[5.5,10,7.25,10.625],"texture":"#0"},"down":{"uv":[5.5,10,7.25,10.625],"texture":"#0"}}},{"from":[2,22,2],"to":[14,22,10],"rotation":{"angle":0,"axis":"y","origin":[7.5,22,10]},"faces":{"up":{"uv":[14.875,12.125,13.375,11.125],"texture":"#0"},"down":{"uv":[16,13.25,12.5,10.75],"texture":"#0"}}},{"from":[2,14,2],"to":[14,22,2],"rotation":{"angle":0,"axis":"y","origin":[7.5,22,10]},"faces":{"north":{"uv":[0.875,9.875,2.375,10.875],"texture":"#0"},"south":{"uv":[3.5,9.875,0,10.875],"texture":"#0"}}},{"from":[14,14,2],"to":[14,22,10],"rotation":{"angle":0,"axis":"y","origin":[7.5,22,10]},"faces":{"east":{"uv":[1.5,10.875,2.5,11.875],"texture":"#0"},"west":{"uv":[2.5,10.875,1.5,11.875],"texture":"#0"}}},{"from":[2,14,2],"to":[2,22,10],"rotation":{"angle":0,"axis":"y","origin":[7.5,22,10]},"faces":{"east":{"uv":[1.5,10.875,2.5,11.875],"texture":"#0"},"west":{"uv":[2.5,10.875,1.5,11.875],"texture":"#0"}}}],"gui_light":"front","display":{"thirdperson_righthand":{"translation":[0,1.25,1.5],"scale":[0.18,0.18,0.18]},"thirdperson_lefthand":{"translation":[0,1.25,1.5],"scale":[0.18,0.18,0.18]},"firstperson_righthand":{"translation":[0,2.75,1.5],"scale":[0.45,0.45,0.45]},"firstperson_lefthand":{"translation":[0,2.75,1.5],"scale":[0.45,0.45,0.45]},"ground":{"translation":[0.75,2,0],"scale":[0.5,0.5,0.5]},"gui":{"rotation":[30,225,0],"translation":[0,-1.25,0],"scale":[0.38,0.38,0.38]},"head":{"rotation":[0,180,0],"translation":[0,-30.25,0],"scale":[1.6,1.6,1.6]},"fixed":{"scale":[0,0,0]}}}