{"credit":"Made with Blockbench","texture_size":[128,128],"textures":{"1":"elitecreatures:scifi_decoration_v1/scifi_chair"},"elements":[{"from":[1,0,1],"to":[15,2,15],"rotation":{"angle":0,"axis":"y","origin":[16,16,0]},"faces":{"north":{"uv":[0,8.75,1.75,9],"texture":"#1"},"east":{"uv":[0,8.75,1.75,9],"texture":"#1"},"south":{"uv":[0,8.75,1.75,9],"texture":"#1"},"west":{"uv":[0,8.75,1.75,9],"texture":"#1"},"up":{"uv":[0.5,7,2.25,8.75],"texture":"#1"},"down":{"uv":[0.5,7,2.25,8.75],"texture":"#1"}}},{"from":[1,14,1],"to":[15,16,15],"rotation":{"angle":0,"axis":"y","origin":[16,16,0]},"faces":{"north":{"uv":[5.75,7,4,7.25],"texture":"#1"},"east":{"uv":[5.75,7,4,7.25],"texture":"#1"},"south":{"uv":[5.75,7,4,7.25],"texture":"#1"},"west":{"uv":[5.75,7,4,7.25],"texture":"#1"},"up":{"uv":[5.75,7.25,4,9],"texture":"#1"},"down":{"uv":[5.75,7.25,4,9],"texture":"#1"}}},{"from":[1,22,13],"to":[15,27,15],"rotation":{"angle":0,"axis":"y","origin":[16,16,0]},"faces":{"north":{"uv":[4.25,9.25,6,9.875],"texture":"#1"},"east":{"uv":[4,9,4.25,9.625],"texture":"#1"},"south":{"uv":[4.25,9.25,6,9.875],"texture":"#1"},"west":{"uv":[4,9,4.25,9.625],"texture":"#1"},"up":{"uv":[4.25,9,6,9.25],"texture":"#1"},"down":{"uv":[4.25,9,6,9.25],"texture":"#1"}}},{"from":[12,15,14],"to":[13,23,16],"rotation":{"angle":0,"axis":"y","origin":[16,16,0]},"faces":{"north":{"uv":[5.75,7,5.875,8],"texture":"#1"},"east":{"uv":[5.75,8,6,9],"texture":"#1"},"south":{"uv":[5.75,7,5.875,8],"texture":"#1"},"west":{"uv":[6,8,5.75,9],"texture":"#1"},"up":{"uv":[5.875,7,6,7.25],"texture":"#1"},"down":{"uv":[5.875,7,6,7.25],"texture":"#1"}}},{"from":[3,15,14],"to":[4,23,16],"rotation":{"angle":0,"axis":"y","origin":[16,16,0]},"faces":{"north":{"uv":[5.75,7,5.875,8],"texture":"#1"},"east":{"uv":[5.75,8,6,9],"texture":"#1"},"south":{"uv":[5.75,7,5.875,8],"texture":"#1"},"west":{"uv":[6,8,5.75,9],"texture":"#1"},"up":{"uv":[5.875,7,6,7.25],"texture":"#1"},"down":{"uv":[5.875,7,6,7.25],"texture":"#1"}}},{"from":[3,2,3],"to":[13,4,13],"rotation":{"angle":0,"axis":"y","origin":[16,16,0]},"faces":{"north":{"uv":[2.25,7,3.5,7.25],"texture":"#1"},"east":{"uv":[2.25,7,3.5,7.25],"texture":"#1"},"south":{"uv":[2.25,7,3.5,7.25],"texture":"#1"},"west":{"uv":[2.25,7,3.5,7.25],"texture":"#1"},"up":{"uv":[2.25,7.25,3.5,8.5],"texture":"#1"},"down":{"uv":[2.25,7.25,3.5,8.5],"texture":"#1"}}},{"from":[6,4,6],"to":[10,14,10],"rotation":{"angle":0,"axis":"y","origin":[16,16,0]},"faces":{"north":{"uv":[4,7,3.5,8.25],"texture":"#1"},"east":{"uv":[4,7,3.5,8.25],"texture":"#1"},"south":{"uv":[4,7,3.5,8.25],"texture":"#1"},"west":{"uv":[4,7,3.5,8.25],"texture":"#1"}}}],"gui_light":"front","display":{"thirdperson_righthand":{"translation":[0,1.25,1.5],"scale":[0.18,0.18,0.18]},"thirdperson_lefthand":{"translation":[0,1.25,1.5],"scale":[0.18,0.18,0.18]},"firstperson_righthand":{"translation":[0,2.75,1.5],"scale":[0.45,0.45,0.45]},"firstperson_lefthand":{"translation":[0,2.75,1.5],"scale":[0.45,0.45,0.45]},"ground":{"translation":[0.75,2,0],"scale":[0.5,0.5,0.5]},"gui":{"rotation":[30,225,0],"translation":[0,-1.75,0],"scale":[0.38,0.38,0.38]},"head":{"rotation":[0,180,0],"translation":[0,-30.25,0],"scale":[1.6,1.6,1.6]},"fixed":{"scale":[0,0,0]}}}