{"credit":"Made with Blockbench","texture_size":[128,128],"textures":{"0":"elitecreatures:scifi_decoration_v1/scifi_gate","particle":"elitecreatures:scifi_decoration_v1/scifi_gate"},"elements":[{"from":[9,0,1],"to":[13,5,5],"rotation":{"angle":0,"axis":"y","origin":[10,0,-1]},"faces":{"north":{"uv":[11.75,12.8125,12.125,13.4375],"texture":"#0"},"east":{"uv":[11.75,12.8125,12.125,13.4375],"texture":"#0"},"south":{"uv":[11.75,12.8125,12.125,13.4375],"texture":"#0"},"west":{"uv":[11.75,12.8125,12.125,13.4375],"texture":"#0"},"up":{"uv":[11.75,12.875,12.25,13.375],"texture":"#0"},"down":{"uv":[11.75,12.875,12.25,13.375],"texture":"#0"}}},{"from":[0,0,12],"to":[4,2,16],"rotation":{"angle":22.5,"axis":"y","origin":[-1,1,11]},"faces":{"north":{"uv":[10.75,12.625,11.25,12.875],"texture":"#0"},"east":{"uv":[10.75,12.625,11.25,12.875],"texture":"#0"},"south":{"uv":[10.75,12.625,11.25,12.875],"texture":"#0"},"west":{"uv":[10.75,12.625,11.25,12.875],"texture":"#0"},"up":{"uv":[10.75,12.875,11.25,13.375],"rotation":90,"texture":"#0"},"down":{"uv":[10.75,12.875,11.25,13.375],"rotation":270,"texture":"#0"}}},{"from":[6,0.5,0],"to":[11,0.5,8],"rotation":{"angle":22.5,"axis":"y","origin":[18.5,1,10]},"faces":{"north":{"uv":[0,0,0.625,0],"texture":"#missing"},"east":{"uv":[0,0,1,0],"texture":"#missing"},"south":{"uv":[0,0,0.625,0],"texture":"#missing"},"west":{"uv":[0,0,1,0],"texture":"#missing"},"up":{"uv":[10.75,13.375,11.375,14.375],"texture":"#0"},"down":{"uv":[10.75,14.375,11.375,13.375],"texture":"#0"}}},{"from":[8,0.25,8],"to":[16,0.25,16],"faces":{"north":{"uv":[0,0,1,0],"texture":"#missing"},"east":{"uv":[0,0,1,0],"texture":"#missing"},"south":{"uv":[0,0,1,0],"texture":"#missing"},"west":{"uv":[0,0,1,0],"texture":"#missing"},"up":{"uv":[10.75,13.375,11.75,14.375],"texture":"#0"},"down":{"uv":[10.75,14.375,11.75,13.375],"texture":"#0"}}},{"from":[10,0,6],"to":[15,2,12],"rotation":{"angle":0,"axis":"y","origin":[10,0,-1]},"faces":{"north":{"uv":[9.875,9.875,10.5,10.125],"texture":"#0"},"east":{"uv":[10.5,9.875,11.25,10.125],"texture":"#0"},"south":{"uv":[10.5,9.875,9.875,10.125],"texture":"#0"},"west":{"uv":[11.25,9.875,10.5,10.125],"texture":"#0"},"up":{"uv":[10.375,10.125,11,10.875],"texture":"#0"},"down":{"uv":[10.375,10.125,11,10.875],"texture":"#0"}}},{"from":[10,1,11.5],"to":[15,1,13.5],"rotation":{"angle":0,"axis":"y","origin":[10,0,-1]},"faces":{"north":{"uv":[0,0,0.625,0],"texture":"#missing"},"east":{"uv":[0,0,0.25,0],"texture":"#missing"},"south":{"uv":[0,0,0.625,0],"texture":"#missing"},"west":{"uv":[0,0,0.25,0],"texture":"#missing"},"up":{"uv":[10.625,9.625,11.25,9.875],"texture":"#0"},"down":{"uv":[10.625,9.875,11.25,9.625],"texture":"#0"}}},{"from":[10,1,5],"to":[15,1,7],"rotation":{"angle":0,"axis":"y","origin":[10,0,15]},"faces":{"north":{"uv":[0.625,0,0,0],"texture":"#missing"},"east":{"uv":[0.25,0,0,0],"texture":"#missing"},"south":{"uv":[0.625,0,0,0],"texture":"#missing"},"west":{"uv":[0.25,0,0,0],"texture":"#missing"},"up":{"uv":[10.625,9.875,11.25,9.625],"texture":"#0"},"down":{"uv":[10.625,9.625,11.25,9.875],"texture":"#0"}}},{"from":[-1,0,11],"to":[4,2,17],"rotation":{"angle":-45,"axis":"y","origin":[12.5,1,12.25]},"faces":{"north":{"uv":[9.125,10.375,9.75,10.625],"texture":"#0"},"east":{"uv":[9,10.625,9.75,10.875],"texture":"#0"},"south":{"uv":[9.75,10.375,9.125,10.625],"texture":"#0"},"west":{"uv":[9.75,10.625,9,10.875],"texture":"#0"},"up":{"uv":[9.75,10.125,10.375,10.875],"texture":"#0"},"down":{"uv":[9.75,10.125,10.375,10.875],"texture":"#0"}}},{"from":[-1,1,16.5],"to":[4,1,18.5],"rotation":{"angle":-45,"axis":"y","origin":[12.5,1,12.25]},"faces":{"north":{"uv":[0,0,0.625,0],"texture":"#missing"},"east":{"uv":[0,0,0.25,0],"texture":"#missing"},"south":{"uv":[0,0,0.625,0],"texture":"#missing"},"west":{"uv":[0,0,0.25,0],"texture":"#missing"},"up":{"uv":[10.625,9.625,11.25,9.875],"texture":"#0"},"down":{"uv":[10.625,9.875,11.25,9.625],"texture":"#0"}}},{"from":[-1,1,10],"to":[4,1,12],"rotation":{"angle":-45,"axis":"y","origin":[12.5,1,12.25]},"faces":{"north":{"uv":[0.625,0,0,0],"texture":"#missing"},"east":{"uv":[0.25,0,0,0],"texture":"#missing"},"south":{"uv":[0.625,0,0,0],"texture":"#missing"},"west":{"uv":[0.25,0,0,0],"texture":"#missing"},"up":{"uv":[10.625,9.875,11.25,9.625],"texture":"#0"},"down":{"uv":[10.625,9.625,11.25,9.875],"texture":"#0"}}}],"gui_light":"front","display":{"thirdperson_righthand":{"translation":[0,1.25,1.5],"scale":[0.18,0.18,0.18]},"thirdperson_lefthand":{"translation":[0,1.25,1.5],"scale":[0.18,0.18,0.18]},"firstperson_righthand":{"translation":[0,5.5,1.5],"scale":[0.45,0.45,0.45]},"firstperson_lefthand":{"translation":[0,5.5,1.5],"scale":[0.45,0.45,0.45]},"ground":{"translation":[0.75,2,0],"scale":[0.5,0.5,0.5]},"gui":{"rotation":[30,6,0],"translation":[0,2,0],"scale":[0.63,0.63,0.63]},"head":{"translation":[0,-30.25,0],"scale":[1.6,1.6,1.6]},"fixed":{"rotation":[-90,0,0],"translation":[0.5,0,-16],"scale":[2,2,2]}}}