{"credit":"Made with Blockbench","texture_size":[128,128],"textures":{"0":"elitecreatures:scifi_decoration_v1/scifi_gate","particle":"elitecreatures:scifi_decoration_v1/scifi_gate"},"elements":[{"from":[22,-16,-1],"to":[32,-12,17],"rotation":{"angle":0,"axis":"y","origin":[0,16,0]},"faces":{"north":{"uv":[6,2.25,7.25,2.75],"texture":"#0"},"east":{"uv":[5.125,1.5,7.375,2],"texture":"#0"},"south":{"uv":[7.25,2.25,6,2.75],"texture":"#0"},"west":{"uv":[5.5,3.75,7.75,4.25],"texture":"#0"},"up":{"uv":[1.25,5,0,2.75],"texture":"#0"},"down":{"uv":[2.5,2.75,1.25,5],"texture":"#0"}}},{"from":[22,-12,-1],"to":[29,-8,17],"rotation":{"angle":0,"axis":"y","origin":[0,16,0]},"faces":{"north":{"uv":[6.375,1,7.25,1.5],"texture":"#0"},"east":{"uv":[5.5,4.25,7.75,4.75],"texture":"#0"},"south":{"uv":[7.25,1,6.375,1.5],"texture":"#0"},"west":{"uv":[5.5,4.75,7.75,5.25],"texture":"#0"},"up":{"uv":[5.125,2.25,4.25,0],"texture":"#0"}}},{"from":[29,-12,3],"to":[31.5,-4,13],"rotation":{"angle":0,"axis":"y","origin":[0,16,0]},"faces":{"north":{"uv":[2.75,6.875,3.0625,7.875],"texture":"#0"},"east":{"uv":[5.125,0.5,6.375,1.5],"texture":"#0"},"south":{"uv":[3.0625,6.875,2.75,7.875],"texture":"#0"},"west":{"uv":[5.5,2.75,6.75,3.75],"texture":"#0"},"up":{"uv":[5.4375,8,5.125,6.75],"texture":"#0"}}},{"from":[22,-8,3],"to":[29,-4,13],"rotation":{"angle":0,"axis":"y","origin":[0,16,0]},"faces":{"north":{"uv":[6.625,6.375,7.5,6.875],"texture":"#0"},"east":{"uv":[5.375,6.25,6.625,6.75],"texture":"#0"},"south":{"uv":[6.75,2.75,7.625,3.25],"texture":"#0"},"west":{"uv":[6.375,0.5,7.625,1],"texture":"#0"},"up":{"uv":[4.875,6.25,4,5],"texture":"#0"}}},{"from":[21,-16,4],"to":[28,2,12],"rotation":{"angle":0,"axis":"y","origin":[0,16,0]},"faces":{"north":{"uv":[0,5,0.875,7.25],"texture":"#0"},"east":{"uv":[3.25,0,4.25,2.25],"texture":"#0"},"south":{"uv":[0.875,5,0,7.25],"texture":"#0"},"west":{"uv":[4,2.75,5,5],"texture":"#0"},"up":{"uv":[6.375,6.25,5.5,5.25],"texture":"#0"},"down":{"uv":[3.125,5.875,2.25,6.875],"texture":"#0"}}},{"from":[22,2,5],"to":[26,27,11],"rotation":{"angle":0,"axis":"y","origin":[0,16,0]},"faces":{"north":{"uv":[1.75,5,2.25,8.125],"texture":"#0"},"east":{"uv":[2.5,2.75,3.25,5.875],"texture":"#0"},"south":{"uv":[5,2.75,5.5,5.875],"texture":"#0"},"west":{"uv":[3.25,2.75,4,5.875],"texture":"#0"},"up":{"uv":[6,7.5,5.5,6.75],"texture":"#0"}}},{"from":[24,-5,4.1],"to":[28,2,11.9],"rotation":{"angle":22.5,"axis":"z","origin":[28,2,8]},"faces":{"north":{"uv":[4.125,6.75,4.625,7.625],"texture":"#0"},"east":{"uv":[3.125,6.25,4.125,7.125],"texture":"#0"},"south":{"uv":[4.625,6.75,4.125,7.625],"texture":"#0"}}},{"from":[22.1,-9,3],"to":[28.9,-4,5],"rotation":{"angle":22.5,"axis":"x","origin":[25.5,-4,3]},"faces":{"north":{"uv":[6.375,5.25,7.25,5.875],"texture":"#0"},"east":{"uv":[2.25,5,2.5,5.625],"texture":"#0"},"west":{"uv":[2.5,5,2.25,5.625],"texture":"#0"}}},{"from":[22.1,-9,11],"to":[28.9,-4,13],"rotation":{"angle":-22.5,"axis":"x","origin":[25.5,-4,13]},"faces":{"east":{"uv":[2.5,5,2.25,5.625],"texture":"#0"},"south":{"uv":[7.25,5.25,6.375,5.875],"texture":"#0"},"west":{"uv":[2.25,5,2.5,5.625],"texture":"#0"}}},{"from":[22,29,5],"to":[26,32,11],"rotation":{"angle":0,"axis":"y","origin":[0,16,0]},"faces":{"north":{"uv":[4.875,5.875,5.375,6.25],"texture":"#0"},"east":{"uv":[3.125,5.875,3.875,6.25],"texture":"#0"},"south":{"uv":[3.125,7.125,3.625,7.5],"texture":"#0"},"west":{"uv":[3.875,5.875,3.125,6.25],"texture":"#0"},"up":{"uv":[6.5,7.5,6,6.75],"texture":"#0"},"down":{"uv":[2.75,6.875,2.25,7.625],"texture":"#0"}}},{"from":[-16,-16,-1],"to":[-6,-12,17],"rotation":{"angle":0,"axis":"y","origin":[16,16,0]},"faces":{"north":{"uv":[7.25,2.25,6,2.75],"texture":"#0"},"east":{"uv":[7.75,3.75,5.5,4.25],"texture":"#0"},"south":{"uv":[6,2.25,7.25,2.75],"texture":"#0"},"west":{"uv":[7.375,1.5,5.125,2],"texture":"#0"},"up":{"uv":[0,5,1.25,2.75],"texture":"#0"},"down":{"uv":[1.25,2.75,2.5,5],"texture":"#0"}}},{"from":[-13,-12,-1],"to":[-6,-8,17],"rotation":{"angle":0,"axis":"y","origin":[16,16,0]},"faces":{"north":{"uv":[7.25,1,6.375,1.5],"texture":"#0"},"east":{"uv":[7.75,4.75,5.5,5.25],"texture":"#0"},"south":{"uv":[6.375,1,7.25,1.5],"texture":"#0"},"west":{"uv":[7.75,4.25,5.5,4.75],"texture":"#0"},"up":{"uv":[4.25,2.25,5.125,0],"texture":"#0"}}},{"from":[-15.5,-12,3],"to":[-13,-4,13],"rotation":{"angle":0,"axis":"y","origin":[16,16,0]},"faces":{"north":{"uv":[3.0625,6.875,2.75,7.875],"texture":"#0"},"east":{"uv":[6.75,2.75,5.5,3.75],"texture":"#0"},"south":{"uv":[2.75,6.875,3.0625,7.875],"texture":"#0"},"west":{"uv":[6.375,0.5,5.125,1.5],"texture":"#0"},"up":{"uv":[5.125,8,5.4375,6.75],"texture":"#0"}}},{"from":[-13,-8,3],"to":[-6,-4,13],"rotation":{"angle":0,"axis":"y","origin":[16,16,0]},"faces":{"north":{"uv":[7.5,6.375,6.625,6.875],"texture":"#0"},"east":{"uv":[7.625,0.5,6.375,1],"texture":"#0"},"south":{"uv":[7.625,2.75,6.75,3.25],"texture":"#0"},"west":{"uv":[6.625,6.25,5.375,6.75],"texture":"#0"},"up":{"uv":[4,6.25,4.875,5],"texture":"#0"}}},{"from":[-12,-16,4],"to":[-5,2,12],"rotation":{"angle":0,"axis":"y","origin":[16,16,0]},"faces":{"north":{"uv":[0.875,5,0,7.25],"texture":"#0"},"east":{"uv":[5,2.75,4,5],"texture":"#0"},"south":{"uv":[0,5,0.875,7.25],"texture":"#0"},"west":{"uv":[4.25,0,3.25,2.25],"texture":"#0"},"up":{"uv":[5.5,6.25,6.375,5.25],"texture":"#0"},"down":{"uv":[2.25,5.875,3.125,6.875],"texture":"#0"}}},{"from":[-10,2,5],"to":[-6,27,11],"rotation":{"angle":0,"axis":"y","origin":[16,16,0]},"faces":{"north":{"uv":[2.25,5,1.75,8.125],"texture":"#0"},"east":{"uv":[4,2.75,3.25,5.875],"texture":"#0"},"south":{"uv":[5.5,2.75,5,5.875],"texture":"#0"},"west":{"uv":[3.25,2.75,2.5,5.875],"texture":"#0"},"up":{"uv":[5.5,7.5,6,6.75],"texture":"#0"}}},{"from":[-12,-5,4.1],"to":[-8,2,11.9],"rotation":{"angle":-22.5,"axis":"z","origin":[-12,2,8]},"faces":{"north":{"uv":[4.625,6.75,4.125,7.625],"texture":"#0"},"south":{"uv":[4.125,6.75,4.625,7.625],"texture":"#0"},"west":{"uv":[4.125,6.25,3.125,7.125],"texture":"#0"}}},{"from":[-12.9,-9,3],"to":[-6.1,-4,5],"rotation":{"angle":22.5,"axis":"x","origin":[-9.5,-4,3]},"faces":{"north":{"uv":[7.25,5.25,6.375,5.875],"texture":"#0"},"east":{"uv":[2.25,5,2.5,5.625],"texture":"#0"},"west":{"uv":[2.5,5,2.25,5.625],"texture":"#0"}}},{"from":[-12.9,-9,11],"to":[-6.1,-4,13],"rotation":{"angle":-22.5,"axis":"x","origin":[-9.5,-4,13]},"faces":{"east":{"uv":[2.5,5,2.25,5.625],"texture":"#0"},"south":{"uv":[6.375,5.25,7.25,5.875],"texture":"#0"},"west":{"uv":[2.25,5,2.5,5.625],"texture":"#0"}}},{"from":[-10,29,5],"to":[-6,32,11],"rotation":{"angle":0,"axis":"y","origin":[16,16,0]},"faces":{"north":{"uv":[5.375,5.875,4.875,6.25],"texture":"#0"},"east":{"uv":[3.125,5.875,3.875,6.25],"texture":"#0"},"south":{"uv":[3.625,7.125,3.125,7.5],"texture":"#0"},"west":{"uv":[3.875,5.875,3.125,6.25],"texture":"#0"},"up":{"uv":[6,7.5,6.5,6.75],"texture":"#0"},"down":{"uv":[2.25,6.875,2.75,7.625],"texture":"#0"}}},{"from":[-16,27,7],"to":[32,31,9],"rotation":{"angle":0,"axis":"y","origin":[0,16,0]},"faces":{"north":{"uv":[0,2.25,6,2.75],"texture":"#0"},"east":{"uv":[3.875,7.125,4.125,7.625],"texture":"#0"},"south":{"uv":[0,2.25,6,2.75],"texture":"#0"},"west":{"uv":[3.875,7.125,4.125,7.625],"texture":"#0"},"up":{"uv":[11.125,0.25,5.125,0],"texture":"#0"},"down":{"uv":[11.125,0.25,5.125,0],"texture":"#0"}}},{"from":[-5,17,7],"to":[21,26,9],"rotation":{"angle":0,"axis":"y","origin":[0,16,0]},"faces":{"north":{"uv":[0,0,3.25,1.125],"texture":"#0"},"east":{"uv":[7.125,6.875,6.875,8],"texture":"#0"},"south":{"uv":[0,1.125,3.25,2.25],"texture":"#0"},"west":{"uv":[6.875,6.875,7.125,8],"texture":"#0"},"up":{"uv":[8.375,2,5.125,2.25],"texture":"#0"},"down":{"uv":[8.375,2,5.125,2.25],"texture":"#0"}}}],"gui_light":"front","display":{"thirdperson_righthand":{"translation":[0,1.25,1.5],"scale":[0.18,0.18,0.18]},"thirdperson_lefthand":{"translation":[0,1.25,1.5],"scale":[0.18,0.18,0.18]},"firstperson_righthand":{"rotation":[0,180,0],"translation":[0,3.75,1.5],"scale":[0.2,0.2,0.2]},"firstperson_lefthand":{"rotation":[0,180,0],"translation":[0,3.75,1.5],"scale":[0.2,0.2,0.2]},"ground":{"translation":[0,11.25,0],"scale":[0.5,0.5,0.5]},"gui":{"rotation":[30,225,0],"translation":[0,0.25,0],"scale":[0.21,0.21,0.21]},"head":{"rotation":[0,180,0],"translation":[0,-5,0],"scale":[1.6,1.6,1.6]},"fixed":{"scale":[0,0,0]}}}