{"credit":"Made with Blockbench","texture_size":[64,64],"textures":{"2":"elitecreatures:scifi_decoration_v1/scifi_generator"},"elements":[{"from":[6,0,29],"to":[10,3,32],"rotation":{"angle":0,"axis":"y","origin":[0,16,0]},"faces":{"north":{"uv":[4.25,8.75,5.25,9.5],"texture":"#2"},"east":{"uv":[7.25,8.75,8,9.5],"texture":"#2"},"south":{"uv":[4.25,8.75,5.25,9.5],"texture":"#2"},"west":{"uv":[8,8.75,7.25,9.5],"texture":"#2"},"up":{"uv":[6.25,9.5,5.25,8.75],"texture":"#2"},"down":{"uv":[7.25,8.75,6.25,9.5],"texture":"#2"}}},{"from":[6,0,-16],"to":[10,3,-13],"rotation":{"angle":0,"axis":"y","origin":[0,16,16]},"faces":{"north":{"uv":[5.25,8.75,4.25,9.5],"texture":"#2"},"east":{"uv":[8,8.75,7.25,9.5],"texture":"#2"},"south":{"uv":[5.25,8.75,4.25,9.5],"texture":"#2"},"west":{"uv":[7.25,8.75,8,9.5],"texture":"#2"},"up":{"uv":[6.25,8.75,5.25,9.5],"texture":"#2"},"down":{"uv":[7.25,9.5,6.25,8.75],"texture":"#2"}}},{"from":[7,0,16],"to":[9,2,29],"rotation":{"angle":0,"axis":"y","origin":[0,16,0]},"faces":{"north":{"uv":[4.75,10,4.25,9.5],"texture":"#2"},"east":{"uv":[8,3.25,11.25,3.75],"texture":"#2"},"south":{"uv":[4.75,10,4.25,9.5],"texture":"#2"},"west":{"uv":[11.25,3.25,8,3.75],"texture":"#2"},"up":{"uv":[4.25,12,3.75,8.75],"texture":"#2"},"down":{"uv":[4.25,8.75,3.75,12],"texture":"#2"}}},{"from":[-1,0,7],"to":[1,2,14],"rotation":{"angle":0,"axis":"y","origin":[0,16,0]},"faces":{"north":{"uv":[4.75,10,4.25,9.5],"texture":"#2"},"east":{"uv":[8,3.25,9.75,3.75],"texture":"#2"},"south":{"uv":[4.75,10,4.25,9.5],"texture":"#2"},"west":{"uv":[9.75,3.25,8,3.75],"texture":"#2"},"up":{"uv":[4.25,10.5,3.75,8.75],"texture":"#2"},"down":{"uv":[4.25,8.75,3.75,10.5],"texture":"#2"}}},{"from":[7,0,-13],"to":[9,2,0],"rotation":{"angle":0,"axis":"y","origin":[0,16,16]},"faces":{"north":{"uv":[4.25,10,4.75,9.5],"texture":"#2"},"east":{"uv":[11.25,3.25,8,3.75],"texture":"#2"},"south":{"uv":[4.25,10,4.75,9.5],"texture":"#2"},"west":{"uv":[8,3.25,11.25,3.75],"texture":"#2"},"up":{"uv":[4.25,8.75,3.75,12],"texture":"#2"},"down":{"uv":[4.25,12,3.75,8.75],"texture":"#2"}}},{"from":[-1,0,16],"to":[9,1.9,18],"rotation":{"angle":-22.5,"axis":"y","origin":[9,1,16]},"faces":{"north":{"uv":[16,14.5,15.5,12],"rotation":90,"texture":"#2"},"east":{"uv":[4.75,10,4.25,9.5],"texture":"#2"},"south":{"uv":[16,12,15.5,14.5],"rotation":90,"texture":"#2"},"west":{"uv":[4.75,10,4.25,9.5],"texture":"#2"},"up":{"uv":[16,14.5,15.5,12],"rotation":270,"texture":"#2"},"down":{"uv":[16,12,15.5,14.5],"rotation":90,"texture":"#2"}}},{"from":[-0.5,0,7],"to":[7.5,1.9,9],"rotation":{"angle":-22.5,"axis":"y","origin":[4,1,7]},"faces":{"north":{"uv":[16,14,15.5,12],"rotation":90,"texture":"#2"},"east":{"uv":[4.75,10,4.25,9.5],"texture":"#2"},"south":{"uv":[16,12,15.5,14],"rotation":90,"texture":"#2"},"west":{"uv":[4.75,10,4.25,9.5],"texture":"#2"},"up":{"uv":[16,14,15.5,12],"rotation":270,"texture":"#2"},"down":{"uv":[16,12,15.5,14],"rotation":90,"texture":"#2"}}},{"from":[9.15,0,4.75],"to":[11.15,2,10.75],"rotation":{"angle":-45,"axis":"y","origin":[11.1,1,4.7]},"faces":{"north":{"uv":[4.75,10,4.25,9.5],"texture":"#2"},"east":{"uv":[16,13.5,15.5,12],"rotation":90,"texture":"#2"},"south":{"uv":[4.75,10,4.25,9.5],"texture":"#2"},"west":{"uv":[16,12,15.5,13.5],"rotation":90,"texture":"#2"},"up":{"uv":[16,13.5,15.5,12],"texture":"#2"},"down":{"uv":[16,12,15.5,13.5],"texture":"#2"}}},{"from":[7,0,0],"to":[9,1.9,6],"rotation":{"angle":22.5,"axis":"y","origin":[7,1,0]},"faces":{"north":{"uv":[4.25,10,4.75,9.5],"texture":"#2"},"east":{"uv":[16,12,15.5,13.5],"rotation":90,"texture":"#2"},"south":{"uv":[4.25,10,4.75,9.5],"texture":"#2"},"west":{"uv":[16,13.5,15.5,12],"rotation":90,"texture":"#2"},"up":{"uv":[15.5,13.5,16,12],"rotation":180,"texture":"#2"},"down":{"uv":[15.5,12,16,13.5],"rotation":180,"texture":"#2"}}},{"from":[5,0.5,13],"to":[11,0.5,29],"rotation":{"angle":0,"axis":"y","origin":[9,1,16]},"faces":{"north":{"uv":[4.75,10,4.25,9.5],"texture":"#2"},"east":{"uv":[16,16,15.5,12],"rotation":90,"texture":"#2"},"south":{"uv":[4.75,10,4.25,9.5],"texture":"#2"},"west":{"uv":[16,12,15.5,16],"rotation":90,"texture":"#2"},"up":{"uv":[15.5,16,14,12],"texture":"#2"},"down":{"uv":[15.5,12,14,16],"texture":"#2"}}},{"from":[-2,0.75,2],"to":[11,0.75,18],"rotation":{"angle":0,"axis":"y","origin":[9,1,16]},"faces":{"north":{"uv":[4.75,10,4.25,9.5],"texture":"#2"},"east":{"uv":[16,16,15.5,12],"rotation":90,"texture":"#2"},"south":{"uv":[4.75,10,4.25,9.5],"texture":"#2"},"west":{"uv":[16,12,15.5,16],"rotation":90,"texture":"#2"},"up":{"uv":[12,16,8.75,12],"texture":"#2"},"down":{"uv":[12,12,8.75,16],"texture":"#2"}}},{"from":[4,0.5,-13],"to":[12,0.5,3],"rotation":{"angle":0,"axis":"y","origin":[9,1,16]},"faces":{"north":{"uv":[4.75,10,4.25,9.5],"texture":"#2"},"east":{"uv":[16,16,15.5,12],"rotation":90,"texture":"#2"},"south":{"uv":[4.75,10,4.25,9.5],"texture":"#2"},"west":{"uv":[16,12,15.5,16],"rotation":90,"texture":"#2"},"up":{"uv":[14,16,12,12],"texture":"#2"},"down":{"uv":[14,12,12,16],"texture":"#2"}}}],"gui_light":"front","display":{"thirdperson_righthand":{"translation":[0,5,4.5],"scale":[0.55,0.55,0.55]},"thirdperson_lefthand":{"translation":[0,5,4.5],"scale":[0.55,0.55,0.55]},"firstperson_righthand":{"translation":[0,6,4.5],"scale":[0.48,0.48,0.48]},"firstperson_lefthand":{"translation":[0,6,4.5],"scale":[0.48,0.48,0.48]},"ground":{"translation":[0,3,0],"scale":[0.25,0.25,0.25]},"gui":{"rotation":[30,225,0],"translation":[0,1.25,0],"scale":[0.31,0.31,0.31]},"head":{"translation":[0,-35.25,0]},"fixed":{"rotation":[-90,0,0],"translation":[0,0,-15.75],"scale":[2,2,2]}}}