{"credit":"Made with Blockbench","texture_size":[64,64],"textures":{"1":"elitecreatures:scifi_decoration_v1/scifi_barrier_3"},"elements":[{"from":[-16,0,4],"to":[16,4,11],"rotation":{"angle":0,"axis":"y","origin":[0,16,0]},"faces":{"north":{"uv":[7,0,15,1],"texture":"#1"},"east":{"uv":[1,7.75,2.75,8.75],"texture":"#1"},"south":{"uv":[0,4.25,8,5.25],"texture":"#1"},"west":{"uv":[1,7.75,2.75,8.75],"texture":"#1"},"up":{"uv":[8,4.25,0,2.5],"texture":"#1"},"down":{"uv":[8,4.25,0,6],"texture":"#1"}}},{"from":[-14,4,7],"to":[14,14,11],"rotation":{"angle":0,"axis":"y","origin":[0,16,0]},"faces":{"north":{"uv":[0,0,7,2.5],"texture":"#1"},"east":{"uv":[0,7.75,1,10.25],"texture":"#1"},"south":{"uv":[0,0,7,2.5],"texture":"#1"},"west":{"uv":[0,7.75,1,10.25],"texture":"#1"},"up":{"uv":[14,2,7,1],"texture":"#1"}}},{"from":[10,14,8],"to":[13,17,10],"rotation":{"angle":0,"axis":"y","origin":[0,16,0]},"faces":{"north":{"uv":[3.25,7.75,4,8.5],"texture":"#1"},"east":{"uv":[4.75,7.75,5.25,8.5],"texture":"#1"},"south":{"uv":[3.25,7.75,4,8.5],"texture":"#1"},"west":{"uv":[4.75,7.75,5.25,8.5],"texture":"#1"}}},{"from":[-13,14,8],"to":[-10,17,10],"rotation":{"angle":0,"axis":"y","origin":[0,16,0]},"faces":{"north":{"uv":[3.25,7.75,4,8.5],"texture":"#1"},"east":{"uv":[4.75,7.75,5.25,8.5],"texture":"#1"},"south":{"uv":[3.25,7.75,4,8.5],"texture":"#1"},"west":{"uv":[4.75,7.75,5.25,8.5],"texture":"#1"}}},{"from":[-16,17,8],"to":[16,24,10],"rotation":{"angle":0,"axis":"y","origin":[0,16,0]},"faces":{"north":{"uv":[0,6,8,7.75],"texture":"#1"},"east":{"uv":[2.75,7.75,3.25,9.5],"texture":"#1"},"south":{"uv":[0,6,8,7.75],"texture":"#1"},"west":{"uv":[2.75,7.75,3.25,9.5],"texture":"#1"},"up":{"uv":[15,2.5,7,2],"texture":"#1"},"down":{"uv":[15,2.5,7,2],"texture":"#1"}}}],"gui_light":"front","display":{"thirdperson_righthand":{"translation":[1.5,1.25,1.5],"scale":[0.18,0.18,0.18]},"thirdperson_lefthand":{"translation":[-1.5,1.25,1.5],"scale":[0.18,0.18,0.18]},"firstperson_righthand":{"translation":[1.5,2.75,1.5],"scale":[0.49,0.49,0.49]},"firstperson_lefthand":{"translation":[-5,2.75,1.5],"scale":[0.49,0.49,0.49]},"ground":{"translation":[3.25,2,0],"scale":[0.5,0.5,0.5]},"gui":{"rotation":[30,225,0],"translation":[-2.25,-1.25,0],"scale":[0.42,0.42,0.42]},"head":{"translation":[-0.25,-30.5,1],"scale":[1.6,1.6,1.6]},"fixed":{"scale":[0,0,0]}}}