{"credit":"Made with Blockbench","texture_size":[64,64],"textures":{"1":"elitecreatures:scifi_decoration_v1/scifi_crate_2"},"elements":[{"from":[1,1,1],"to":[15,15,15],"rotation":{"angle":0,"axis":"y","origin":[16,16,0]},"faces":{"north":{"uv":[0,8,3.5,11.5],"texture":"#1"},"east":{"uv":[0,8,3.5,11.5],"texture":"#1"},"south":{"uv":[0,8,3.5,11.5],"texture":"#1"},"west":{"uv":[0,8,3.5,11.5],"texture":"#1"},"up":{"uv":[3.5,8,7,11.5],"texture":"#1"},"down":{"uv":[3.5,8,7,11.5],"texture":"#1"}}},{"from":[0,12,0],"to":[4,16,4],"rotation":{"angle":0,"axis":"y","origin":[0,16,0]},"faces":{"north":{"uv":[2,12,1,13],"texture":"#1"},"east":{"uv":[2,13,1,14],"texture":"#1"},"south":{"uv":[2,13,1,14],"texture":"#1"},"west":{"uv":[1,12,2,13],"texture":"#1"},"up":{"uv":[3,12,2,13],"texture":"#1"},"down":{"uv":[3,12,2,13],"texture":"#1"}}},{"from":[4,13.5,0.5],"to":[12,15.5,2.5],"rotation":{"angle":0,"axis":"y","origin":[16,16,0]},"faces":{"north":{"uv":[2,11.5,4,12],"texture":"#1"},"east":{"uv":[0,11.5,0.5,12],"texture":"#1"},"south":{"uv":[2,11.5,4,12],"texture":"#1"},"west":{"uv":[0,11.5,0.5,12],"texture":"#1"},"up":{"uv":[0,11.5,2,12],"texture":"#1"},"down":{"uv":[0,11.5,2,12],"texture":"#1"}}},{"from":[12,12,0],"to":[16,16,4],"rotation":{"angle":0,"axis":"y","origin":[16,16,0]},"faces":{"north":{"uv":[1,12,2,13],"texture":"#1"},"east":{"uv":[1,12,2,13],"texture":"#1"},"south":{"uv":[1,13,2,14],"texture":"#1"},"west":{"uv":[2,13,1,14],"texture":"#1"},"up":{"uv":[2,12,3,13],"texture":"#1"},"down":{"uv":[2,12,3,13],"texture":"#1"}}},{"from":[13.5,4,0.5],"to":[15.5,12,2.5],"rotation":{"angle":0,"axis":"y","origin":[16,16,0]},"faces":{"north":{"uv":[0,12.5,0.5,14.5],"texture":"#1"},"east":{"uv":[0.5,12,1,14],"texture":"#1"},"south":{"uv":[0,12.5,0.5,14.5],"texture":"#1"},"west":{"uv":[0.5,12,1,14],"texture":"#1"},"up":{"uv":[0,12,0.5,12.5],"texture":"#1"},"down":{"uv":[0,12,0.5,12.5],"texture":"#1"}}},{"from":[12,0,0],"to":[16,4,4],"rotation":{"angle":0,"axis":"y","origin":[16,0,0]},"faces":{"north":{"uv":[1,13,2,12],"texture":"#1"},"east":{"uv":[1,13,2,12],"texture":"#1"},"south":{"uv":[1,14,2,13],"texture":"#1"},"west":{"uv":[2,14,1,13],"texture":"#1"},"up":{"uv":[2,13,3,12],"texture":"#1"},"down":{"uv":[2,13,3,12],"texture":"#1"}}},{"from":[4,0.5,0.5],"to":[12,2.5,2.5],"rotation":{"angle":0,"axis":"y","origin":[16,0,0]},"faces":{"north":{"uv":[2,12,4,11.5],"texture":"#1"},"east":{"uv":[0,12,0.5,11.5],"texture":"#1"},"south":{"uv":[2,12,4,11.5],"texture":"#1"},"west":{"uv":[0,12,0.5,11.5],"texture":"#1"},"up":{"uv":[0,12,2,11.5],"texture":"#1"},"down":{"uv":[0,12,2,11.5],"texture":"#1"}}},{"from":[0,0,0],"to":[4,4,4],"faces":{"north":{"uv":[2,13,1,12],"texture":"#1"},"east":{"uv":[1,14,2,13],"texture":"#1"},"south":{"uv":[2,14,1,13],"texture":"#1"},"west":{"uv":[1,13,2,12],"texture":"#1"},"up":{"uv":[3,13,2,12],"texture":"#1"},"down":{"uv":[3,13,2,12],"texture":"#1"}}},{"from":[0.5,4,0.5],"to":[2.5,12,2.5],"rotation":{"angle":0,"axis":"y","origin":[0,16,0]},"faces":{"north":{"uv":[0.5,12.5,0,14.5],"texture":"#1"},"east":{"uv":[1,12,0.5,14],"texture":"#1"},"south":{"uv":[0.5,12.5,0,14.5],"texture":"#1"},"west":{"uv":[1,12,0.5,14],"texture":"#1"},"up":{"uv":[0.5,12,0,12.5],"texture":"#1"},"down":{"uv":[0.5,12,0,12.5],"texture":"#1"}}},{"from":[0,12,12],"to":[4,16,16],"rotation":{"angle":0,"axis":"y","origin":[0,16,16]},"faces":{"north":{"uv":[1,13,2,14],"texture":"#1"},"east":{"uv":[1,13,2,14],"texture":"#1"},"south":{"uv":[1,12,2,13],"texture":"#1"},"west":{"uv":[2,12,1,13],"texture":"#1"},"up":{"uv":[3,13,2,12],"texture":"#1"},"down":{"uv":[3,13,2,12],"texture":"#1"}}},{"from":[4,13.5,13.5],"to":[12,15.5,15.5],"rotation":{"angle":0,"axis":"y","origin":[16,16,16]},"faces":{"north":{"uv":[4,11.5,2,12],"texture":"#1"},"east":{"uv":[0.5,11.5,0,12],"texture":"#1"},"south":{"uv":[4,11.5,2,12],"texture":"#1"},"west":{"uv":[0.5,11.5,0,12],"texture":"#1"},"up":{"uv":[0,12,2,11.5],"texture":"#1"},"down":{"uv":[0,12,2,11.5],"texture":"#1"}}},{"from":[12,12,12],"to":[16,16,16],"rotation":{"angle":0,"axis":"y","origin":[16,16,16]},"faces":{"north":{"uv":[2,13,1,14],"texture":"#1"},"east":{"uv":[2,12,1,13],"texture":"#1"},"south":{"uv":[2,12,1,13],"texture":"#1"},"west":{"uv":[1,13,2,14],"texture":"#1"},"up":{"uv":[2,13,3,12],"texture":"#1"},"down":{"uv":[2,13,3,12],"texture":"#1"}}},{"from":[13.5,4,13.5],"to":[15.5,12,15.5],"rotation":{"angle":0,"axis":"y","origin":[16,16,16]},"faces":{"north":{"uv":[0.5,12.5,0,14.5],"texture":"#1"},"east":{"uv":[1,12,0.5,14],"texture":"#1"},"south":{"uv":[0.5,12.5,0,14.5],"texture":"#1"},"west":{"uv":[1,12,0.5,14],"texture":"#1"},"up":{"uv":[0,12.5,0.5,12],"texture":"#1"},"down":{"uv":[0,12.5,0.5,12],"texture":"#1"}}},{"from":[12,0,12],"to":[16,4,16],"rotation":{"angle":0,"axis":"y","origin":[16,0,16]},"faces":{"north":{"uv":[2,14,1,13],"texture":"#1"},"east":{"uv":[2,13,1,12],"texture":"#1"},"south":{"uv":[2,13,1,12],"texture":"#1"},"west":{"uv":[1,14,2,13],"texture":"#1"},"up":{"uv":[2,12,3,13],"texture":"#1"},"down":{"uv":[2,12,3,13],"texture":"#1"}}},{"from":[4,0.5,13.5],"to":[12,2.5,15.5],"rotation":{"angle":0,"axis":"y","origin":[16,0,16]},"faces":{"north":{"uv":[4,12,2,11.5],"texture":"#1"},"east":{"uv":[0.5,12,0,11.5],"texture":"#1"},"south":{"uv":[4,12,2,11.5],"texture":"#1"},"west":{"uv":[0.5,12,0,11.5],"texture":"#1"},"up":{"uv":[0,11.5,2,12],"texture":"#1"},"down":{"uv":[0,11.5,2,12],"texture":"#1"}}},{"from":[13.5,13.5,4],"to":[15.5,15.5,12],"rotation":{"angle":0,"axis":"y","origin":[16,16,16]},"faces":{"north":{"uv":[0.5,11.5,0,12],"texture":"#1"},"east":{"uv":[4,11.5,2,12],"texture":"#1"},"south":{"uv":[0.5,11.5,0,12],"texture":"#1"},"west":{"uv":[4,11.5,2,12],"texture":"#1"},"up":{"uv":[0,12,2,11.5],"rotation":90,"texture":"#1"},"down":{"uv":[0,12,2,11.5],"rotation":270,"texture":"#1"}}},{"from":[13.5,0.5,4],"to":[15.5,2.5,12],"rotation":{"angle":0,"axis":"y","origin":[16,0,16]},"faces":{"north":{"uv":[0.5,12,0,11.5],"texture":"#1"},"east":{"uv":[4,12,2,11.5],"texture":"#1"},"south":{"uv":[0.5,12,0,11.5],"texture":"#1"},"west":{"uv":[4,12,2,11.5],"texture":"#1"},"up":{"uv":[0,11.5,2,12],"rotation":90,"texture":"#1"},"down":{"uv":[0,11.5,2,12],"rotation":270,"texture":"#1"}}},{"from":[0.5,13.5,4],"to":[2.5,15.5,12],"rotation":{"angle":0,"axis":"y","origin":[0,16,16]},"faces":{"north":{"uv":[0,11.5,0.5,12],"texture":"#1"},"east":{"uv":[2,11.5,4,12],"texture":"#1"},"south":{"uv":[0,11.5,0.5,12],"texture":"#1"},"west":{"uv":[2,11.5,4,12],"texture":"#1"},"up":{"uv":[0,11.5,2,12],"rotation":90,"texture":"#1"},"down":{"uv":[0,11.5,2,12],"rotation":270,"texture":"#1"}}},{"from":[0.5,0.5,4],"to":[2.5,2.5,12],"rotation":{"angle":0,"axis":"y","origin":[0,0,16]},"faces":{"north":{"uv":[0,12,0.5,11.5],"texture":"#1"},"east":{"uv":[2,12,4,11.5],"texture":"#1"},"south":{"uv":[0,12,0.5,11.5],"texture":"#1"},"west":{"uv":[2,12,4,11.5],"texture":"#1"},"up":{"uv":[0,12,2,11.5],"rotation":90,"texture":"#1"},"down":{"uv":[0,12,2,11.5],"rotation":270,"texture":"#1"}}},{"from":[0,0,12],"to":[4,4,16],"rotation":{"angle":0,"axis":"y","origin":[0,0,16]},"faces":{"north":{"uv":[1,14,2,13],"texture":"#1"},"east":{"uv":[2,14,1,13],"texture":"#1"},"south":{"uv":[1,13,2,12],"texture":"#1"},"west":{"uv":[2,13,1,12],"texture":"#1"},"up":{"uv":[3,12,2,13],"texture":"#1"},"down":{"uv":[3,12,2,13],"texture":"#1"}}},{"from":[0.5,4,13.5],"to":[2.5,12,15.5],"rotation":{"angle":0,"axis":"y","origin":[0,16,16]},"faces":{"north":{"uv":[0,12.5,0.5,14.5],"texture":"#1"},"east":{"uv":[0.5,12,1,14],"texture":"#1"},"south":{"uv":[0,12.5,0.5,14.5],"texture":"#1"},"west":{"uv":[0.5,12,1,14],"texture":"#1"},"up":{"uv":[0.5,12.5,0,12],"texture":"#1"},"down":{"uv":[0.5,12.5,0,12],"texture":"#1"}}}],"display":{"thirdperson_righthand":{"translation":[0,1.25,1.5],"scale":[0.18,0.18,0.18]},"thirdperson_lefthand":{"translation":[0,1.25,1.5],"scale":[0.18,0.18,0.18]},"firstperson_righthand":{"translation":[0,2.75,1.5],"scale":[0.45,0.45,0.45]},"firstperson_lefthand":{"translation":[0,2.75,1.5],"scale":[0.45,0.45,0.45]},"ground":{"translation":[0,2,0],"scale":[0.5,0.5,0.5]},"gui":{"rotation":[30,225,0],"translation":[0,-0.75,0],"scale":[0.38,0.38,0.38]},"head":{"translation":[0,-30.25,0],"scale":[1.6,1.6,1.6]},"fixed":{"scale":[0,0,0]}}}