{"credit":"Made with Blockbench","texture_size":[128,128],"textures":{"0":"elitecreatures:scifi_decoration_v1/scifi_bin","particle":"elitecreatures:scifi_decoration_v1/scifi_bin"},"elements":[{"from":[12,0,1],"to":[15,14,31],"rotation":{"angle":0,"axis":"y","origin":[0,16,0]},"faces":{"north":{"uv":[0.375,14.25,0.75,16],"texture":"#0"},"east":{"uv":[0.75,14.25,4.5,16],"texture":"#0"},"south":{"uv":[0.375,14.25,0.75,16],"texture":"#0"},"west":{"uv":[0.75,14.25,4.5,16],"texture":"#0"},"up":{"uv":[0,12.25,0.375,16],"texture":"#0"},"down":{"uv":[0,12.25,0.375,16],"texture":"#0"}}},{"from":[-15,0,1],"to":[-12,14,31],"rotation":{"angle":0,"axis":"y","origin":[16,16,0]},"faces":{"north":{"uv":[0.75,14.25,0.375,16],"texture":"#0"},"east":{"uv":[4.5,14.25,0.75,16],"texture":"#0"},"south":{"uv":[0.75,14.25,0.375,16],"texture":"#0"},"west":{"uv":[4.5,14.25,0.75,16],"texture":"#0"},"up":{"uv":[0.375,12.25,0,16],"texture":"#0"},"down":{"uv":[0.375,12.25,0,16],"texture":"#0"}}},{"from":[-12,0,1],"to":[12,3,31],"rotation":{"angle":0,"axis":"y","origin":[0,16,0]},"faces":{"north":{"uv":[5.625,11.875,8.625,12.25],"texture":"#0"},"east":{"uv":[8.625,12.25,9,16],"rotation":90,"texture":"#0"},"south":{"uv":[5.625,11.875,8.625,12.25],"texture":"#0"},"west":{"uv":[8.625,12.25,9,16],"rotation":90,"texture":"#0"},"up":{"uv":[5.625,12.25,8.625,16],"texture":"#0"},"down":{"uv":[5.625,12.25,8.625,16],"texture":"#0"}}},{"from":[-12,3,22],"to":[12,14,31],"rotation":{"angle":0,"axis":"y","origin":[0,16,0]},"faces":{"north":{"uv":[12.25,14.625,15.25,16],"texture":"#0"},"south":{"uv":[12.25,14.625,15.25,16],"texture":"#0"}}},{"from":[-12,3,2],"to":[12,14,4],"rotation":{"angle":0,"axis":"y","origin":[0,16,0]},"faces":{"north":{"uv":[9.25,14.625,12.25,16],"texture":"#0"},"east":{"uv":[9,14.625,9.25,16],"texture":"#0"},"south":{"uv":[9.25,14.625,12.25,16],"texture":"#0"},"west":{"uv":[9,14.625,9.25,16],"texture":"#0"},"up":{"uv":[9,14.375,12,14.625],"texture":"#0"},"down":{"uv":[9,14.375,12,14.625],"texture":"#0"}}},{"from":[-15,14,22],"to":[15,24,31],"rotation":{"angle":0,"axis":"y","origin":[0,16,0]},"faces":{"north":{"uv":[0.375,13,4.125,14.25],"texture":"#0"},"east":{"uv":[4.5,14.75,5.625,16],"texture":"#0"},"south":{"uv":[0.375,13,4.125,14.25],"texture":"#0"},"west":{"uv":[4.5,14.75,5.625,16],"texture":"#0"},"up":{"uv":[0.375,11.875,4.125,13],"texture":"#0"}}},{"from":[4.5,24,24],"to":[9.5,27,29],"rotation":{"angle":0,"axis":"y","origin":[0,16,0]},"faces":{"north":{"uv":[2.5,10.875,3.125,11.25],"texture":"#0"},"east":{"uv":[3.125,11.5,3.75,11.875],"texture":"#0"},"south":{"uv":[2.5,10.875,3.125,11.25],"texture":"#0"},"west":{"uv":[3.125,11.5,3.75,11.875],"texture":"#0"},"up":{"uv":[2.5,11.25,3.125,11.875],"texture":"#0"},"down":{"uv":[2.5,11.25,3.125,11.875],"texture":"#0"}}},{"from":[-14,22,2],"to":[14,22,22],"rotation":{"angle":0,"axis":"y","origin":[7.5,22,22]},"faces":{"up":{"uv":[16,13.25,12.5,10.75],"texture":"#0"},"down":{"uv":[16,13.25,12.5,10.75],"texture":"#0"}}},{"from":[-14,14,2],"to":[14,22,2],"rotation":{"angle":0,"axis":"y","origin":[7.5,22,22]},"faces":{"north":{"uv":[0,9.875,3.5,10.875],"texture":"#0"},"south":{"uv":[3.5,9.875,0,10.875],"texture":"#0"}}},{"from":[14,14,2],"to":[14,22,22],"rotation":{"angle":0,"axis":"y","origin":[7.5,22,22]},"faces":{"east":{"uv":[0,10.875,2.5,11.875],"texture":"#0"},"west":{"uv":[2.5,10.875,0,11.875],"texture":"#0"}}},{"from":[-14,14,2],"to":[-14,22,22],"rotation":{"angle":0,"axis":"y","origin":[7.5,22,22]},"faces":{"east":{"uv":[0,10.875,2.5,11.875],"texture":"#0"},"west":{"uv":[2.5,10.875,0,11.875],"texture":"#0"}}}],"gui_light":"front","display":{"thirdperson_righthand":{"translation":[1.5,1.25,1.5],"scale":[0.18,0.18,0.18]},"thirdperson_lefthand":{"translation":[-1.5,1.25,1.5],"scale":[0.18,0.18,0.18]},"firstperson_righthand":{"translation":[1.5,2.75,1.5],"scale":[0.29,0.29,0.29]},"firstperson_lefthand":{"translation":[-3,2.75,1.5],"scale":[0.29,0.29,0.29]},"ground":{"translation":[3.25,2,-4.25],"scale":[0.5,0.5,0.5]},"gui":{"rotation":[30,225,0],"translation":[0,-2.75,0],"scale":[0.27,0.27,0.27]},"head":{"rotation":[0,180,0],"translation":[-25.5,-28.75,0],"scale":[1.6,1.6,1.6]},"fixed":{"scale":[0,0,0]}}}