{"credit":"MadewithBlockbench","texture_size":[32,32],"textures":{"0":"elitecreatures:egyptian_decoration_v1/egyptian_decorate_3","particle":"elitecreatures:egyptian_decoration_v1/egyptian_decorate_3"},"elements":[{"from":[9,0,8],"to":[13,1,12],"faces":{"north":{"uv":[9,4,11,4.5],"texture":"#0"},"east":{"uv":[9,4.5,11,5],"texture":"#0"},"south":{"uv":[9,4,11,4.5],"texture":"#0"},"west":{"uv":[9,4.5,11,5],"texture":"#0"},"up":{"uv":[7.5,5,5.5,3],"texture":"#0"},"down":{"uv":[7.5,5,5.5,3],"texture":"#0"}}},{"from":[3,0,3],"to":[6,1,6],"faces":{"north":{"uv":[1.5,6,3,6.5],"texture":"#0"},"east":{"uv":[9,8,10.5,8.5],"texture":"#0"},"south":{"uv":[1.5,6,3,6.5],"texture":"#0"},"west":{"uv":[9,8,10.5,8.5],"texture":"#0"},"up":{"uv":[9.5,1.5,8,0],"texture":"#0"},"down":{"uv":[9.5,1.5,8,3],"texture":"#0"}}},{"from":[5.5,1,3],"to":[6,3,6],"faces":{"north":{"uv":[9.5,1.5,9.75,2.5],"texture":"#0"},"east":{"uv":[2,8.5,3.5,9.5],"texture":"#0"},"south":{"uv":[9.5,1.5,9.75,2.5],"texture":"#0"},"west":{"uv":[8.5,7,10,8],"texture":"#0"},"up":{"uv":[9.25,10.5,9,9],"texture":"#0"},"down":{"uv":[9.25,10.5,9,9],"texture":"#0"}}},{"from":[3,1,3],"to":[3.5,3,6],"rotation":{"angle":0,"axis":"y","origin":[16,0,0]},"faces":{"north":{"uv":[9.75,1.5,9.5,2.5],"texture":"#0"},"east":{"uv":[10,7,8.5,8],"texture":"#0"},"south":{"uv":[9.75,1.5,9.5,2.5],"texture":"#0"},"west":{"uv":[3.5,8.5,2,9.5],"texture":"#0"},"up":{"uv":[9,10.5,9.25,9],"texture":"#0"},"down":{"uv":[9,10.5,9.25,9],"texture":"#0"}}},{"from":[3.5,1,3],"to":[5.5,3,3.5],"faces":{"north":{"uv":[7,9,8,10],"texture":"#0"},"east":{"uv":[2,9.5,2.25,10.5],"texture":"#0"},"south":{"uv":[8,9,9,10],"texture":"#0"},"west":{"uv":[2,9.5,2.25,10.5],"texture":"#0"},"up":{"uv":[3.5,9.75,2.5,9.5],"texture":"#0"},"down":{"uv":[3.5,9.75,2.5,9.5],"texture":"#0"}}},{"from":[3.5,1,5.5],"to":[5.5,3,6],"rotation":{"angle":0,"axis":"y","origin":[0,0,16]},"faces":{"north":{"uv":[9,9,8,10],"texture":"#0"},"east":{"uv":[2.25,9.5,2,10.5],"texture":"#0"},"south":{"uv":[8,9,7,10],"texture":"#0"},"west":{"uv":[2.25,9.5,2,10.5],"texture":"#0"},"up":{"uv":[3.5,9.5,2.5,9.75],"texture":"#0"},"down":{"uv":[3.5,9.5,2.5,9.75],"texture":"#0"}}},{"from":[8,1,7],"to":[14,4,13],"faces":{"north":{"uv":[5,0,8,1.5],"texture":"#0"},"east":{"uv":[5,1.5,8,3],"texture":"#0"},"south":{"uv":[5,0,8,1.5],"texture":"#0"},"west":{"uv":[5,1.5,8,3],"texture":"#0"},"up":{"uv":[3,3,0,0],"texture":"#0"},"down":{"uv":[3,3,0,6],"texture":"#0"}}},{"from":[7,2,9],"to":[8,8,11],"faces":{"north":{"uv":[1.5,8.5,2,11.5],"texture":"#0"},"east":{"uv":[3.5,6.5,4.5,9.5],"texture":"#0"},"south":{"uv":[2,8.5,1.5,11.5],"texture":"#0"},"west":{"uv":[4.5,6.5,5.5,9.5],"texture":"#0"},"up":{"uv":[10.25,3,9.75,2],"texture":"#0"},"down":{"uv":[5.5,4,5,3],"texture":"#0"}}},{"from":[12,1,10],"to":[16,9,10],"faces":{"north":{"uv":[3,0,5,4],"texture":"#0"},"south":{"uv":[5,0,3,4],"texture":"#0"}}},{"from":[6,7,9],"to":[7,8,11],"faces":{"north":{"uv":[9.5,1,10,1.5],"texture":"#0"},"east":{"uv":[9,8.5,10,9],"texture":"#0"},"south":{"uv":[10,1,9.5,1.5],"texture":"#0"},"west":{"uv":[9,8.5,10,9],"texture":"#0"},"up":{"uv":[10.5,4,10,3],"texture":"#0"},"down":{"uv":[8,5,7.5,4],"texture":"#0"}}},{"from":[10,6,9],"to":[12,10,11],"faces":{"north":{"uv":[8,4,9,6],"texture":"#0"},"east":{"uv":[6,8,7,10],"texture":"#0"},"south":{"uv":[8,4,9,6],"texture":"#0"},"west":{"uv":[6,8,7,10],"texture":"#0"},"up":{"uv":[10,6,9,5],"texture":"#0"},"down":{"uv":[10,6,9,5],"texture":"#0"}}},{"from":[9,10,8],"to":[13,12,12],"faces":{"north":{"uv":[8,6,10,7],"texture":"#0"},"east":{"uv":[7,8,9,9],"texture":"#0"},"south":{"uv":[8,6,10,7],"texture":"#0"},"west":{"uv":[7,8,9,9],"texture":"#0"},"up":{"uv":[8,7,6,5],"texture":"#0"},"down":{"uv":[3.5,6.5,1.5,8.5],"texture":"#0"}}},{"from":[8.5,4,7.5],"to":[13.5,6,12.5],"faces":{"north":{"uv":[6,7,8.5,8],"texture":"#0"},"east":{"uv":[7.5,3,10,4],"texture":"#0"},"south":{"uv":[6,7,8.5,8],"texture":"#0"},"west":{"uv":[7.5,3,10,4],"texture":"#0"},"up":{"uv":[5.5,6.5,3,4],"texture":"#0"},"down":{"uv":[5.5,6.5,3,4],"texture":"#0"}}}],"gui_light":"front","display":{"thirdperson_righthand":{"translation":[0,3,1],"scale":[0.55,0.55,0.55]},"thirdperson_lefthand":{"translation":[0,3,1],"scale":[0.55,0.55,0.55]},"firstperson_righthand":{"translation":[0,3,1],"scale":[0.55,0.55,0.55]},"firstperson_lefthand":{"translation":[0,3,1],"scale":[0.55,0.55,0.55]},"ground":{"translation":[0,2,0],"scale":[0.5,0.5,0.5]},"gui":{"rotation":[30,47,0],"scale":[0.625,0.625,0.625]},"fixed":{"rotation":[-90,0,0],"translation":[0,0,-16.5],"scale":[2,2,2]}}}