{
	"credit": "MadewithBlockbench",
	"texture_size": [64, 64],
	"textures": {
		"0": "elitecreatures:egyptian_decoration_v1/egyptian_plantpot",
		"particle": "elitecreatures:egyptian_decoration_v1/egyptian_plantpot"
	},
	"elements": [
		{
			"from": [5, 0, 5],
			"to": [11, 1, 11],
			"faces": {
				"north": {"uv": [3.75, 8.5, 5.25, 8.75], "texture": "#0"},
				"east": {"uv": [5.25, 8.5, 6.75, 8.75], "texture": "#0"},
				"south": {"uv": [3.75, 8.5, 5.25, 8.75], "texture": "#0"},
				"west": {"uv": [5.25, 8.5, 6.75, 8.75], "texture": "#0"},
				"up": {"uv": [9, 3, 7.5, 1.5], "texture": "#0"},
				"down": {"uv": [9, 3, 7.5, 1.5], "texture": "#0"}
			}
		},
		{
			"from": [4, 1, 4],
			"to": [12, 3, 12],
			"faces": {
				"north": {"uv": [8.25, 4.5, 10.25, 5], "texture": "#0"},
				"east": {"uv": [8.25, 5, 10.25, 5.5], "texture": "#0"},
				"south": {"uv": [8.25, 4.5, 10.25, 5], "texture": "#0"},
				"west": {"uv": [8.25, 5, 10.25, 5.5], "texture": "#0"},
				"up": {"uv": [8.25, 6.5, 6.25, 4.5], "texture": "#0"},
				"down": {"uv": [8.25, 6.5, 6.25, 4.5], "texture": "#0"}
			}
		},
		{
			"from": [3, 3, 3],
			"to": [13, 9, 13],
			"faces": {
				"north": {"uv": [3.75, 7, 6.25, 8.5], "texture": "#0"},
				"east": {"uv": [7.5, 0, 10, 1.5], "texture": "#0"},
				"south": {"uv": [3.75, 7, 6.25, 8.5], "texture": "#0"},
				"west": {"uv": [7.5, 0, 10, 1.5], "texture": "#0"},
				"up": {"uv": [6.25, 7, 3.75, 4.5], "texture": "#0"},
				"down": {"uv": [6.25, 7, 3.75, 4.5], "texture": "#0"}
			}
		},
		{
			"from": [5, 9, 5],
			"to": [11, 10, 11],
			"faces": {
				"north": {"uv": [6.75, 8.5, 8.25, 8.75], "texture": "#0"},
				"east": {"uv": [3.75, 8.75, 5.25, 9], "texture": "#0"},
				"south": {"uv": [6.75, 8.5, 8.25, 8.75], "texture": "#0"},
				"west": {"uv": [3.75, 8.75, 5.25, 9], "texture": "#0"},
				"up": {"uv": [9, 4.5, 7.5, 3], "texture": "#0"},
				"down": {"uv": [9, 4.5, 7.5, 3], "texture": "#0"}
			}
		},
		{
			"from": [4, 10, 4],
			"to": [12, 11, 12],
			"faces": {
				"north": {"uv": [8.25, 7.5, 10.25, 7.75], "texture": "#0"},
				"east": {"uv": [8.25, 7.75, 10.25, 8], "texture": "#0"},
				"south": {"uv": [8.25, 7.5, 10.25, 7.75], "texture": "#0"},
				"west": {"uv": [8.25, 7.75, 10.25, 8], "texture": "#0"},
				"up": {"uv": [8.25, 8.5, 6.25, 6.5], "texture": "#0"},
				"down": {"uv": [8.25, 8.5, 6.25, 6.5], "texture": "#0"}
			}
		},
		{
			"from": [10, 11, 4],
			"to": [12, 12, 12],
			"faces": {
				"north": {"uv": [8.75, 5.5, 9.25, 5.75], "texture": "#0"},
				"east": {"uv": [8.25, 8, 10.25, 8.25], "texture": "#0"},
				"south": {"uv": [9.25, 5.5, 8.75, 5.75], "texture": "#0"},
				"west": {"uv": [8.25, 8, 10.25, 8.25], "texture": "#0"},
				"up": {"uv": [8.75, 7.5, 8.25, 5.5], "texture": "#0"},
				"down": {"uv": [8.75, 7.5, 8.25, 5.5], "texture": "#0"}
			}
		},
		{
			"from": [4, 11, 4],
			"to": [6, 12, 12],
			"rotation": {"angle": 0, "axis": "y", "origin": [16, 0, 0]},
			"faces": {
				"north": {"uv": [9.25, 5.5, 8.75, 5.75], "texture": "#0"},
				"east": {"uv": [10.25, 8, 8.25, 8.25], "texture": "#0"},
				"south": {"uv": [8.75, 5.5, 9.25, 5.75], "texture": "#0"},
				"west": {"uv": [10.25, 8, 8.25, 8.25], "texture": "#0"},
				"up": {"uv": [8.25, 7.5, 8.75, 5.5], "texture": "#0"},
				"down": {"uv": [8.25, 7.5, 8.75, 5.5], "texture": "#0"}
			}
		},
		{
			"from": [6, 11, 10],
			"to": [10, 12, 12],
			"faces": {
				"north": {"uv": [5.25, 8.75, 6.25, 9], "texture": "#0"},
				"east": {"uv": [8.75, 5.75, 9.25, 6], "texture": "#0"},
				"south": {"uv": [5.25, 8.75, 6.25, 9], "texture": "#0"},
				"west": {"uv": [8.75, 5.75, 9.25, 6], "texture": "#0"},
				"up": {"uv": [9.25, 8.75, 8.25, 8.25], "texture": "#0"},
				"down": {"uv": [9.25, 8.75, 8.25, 8.25], "texture": "#0"}
			}
		},
		{
			"from": [6, 11, 4],
			"to": [10, 12, 6],
			"rotation": {"angle": 0, "axis": "y", "origin": [0, 0, 16]},
			"faces": {
				"north": {"uv": [6.25, 8.75, 5.25, 9], "texture": "#0"},
				"east": {"uv": [9.25, 5.75, 8.75, 6], "texture": "#0"},
				"south": {"uv": [6.25, 8.75, 5.25, 9], "texture": "#0"},
				"west": {"uv": [9.25, 5.75, 8.75, 6], "texture": "#0"},
				"up": {"uv": [9.25, 8.25, 8.25, 8.75], "texture": "#0"},
				"down": {"uv": [9.25, 8.25, 8.25, 8.75], "texture": "#0"}
			}
		},
		{
			"from": [2, 11, 4],
			"to": [17, 29, 4],
			"rotation": {"angle": -45, "axis": "y", "origin": [4, 11, 4]},
			"faces": {
				"north": {"uv": [0, 0, 3.75, 4.5], "texture": "#0"},
				"south": {"uv": [3.75, 0, 0, 4.5], "texture": "#0"}
			}
		},
		{
			"from": [-1, 11, 4],
			"to": [14, 29, 4],
			"rotation": {"angle": 45, "axis": "y", "origin": [12, 11, 4]},
			"faces": {
				"north": {"uv": [0, 0, 3.75, 4.5], "texture": "#0"},
				"south": {"uv": [0, 0, 3.75, 4.5], "texture": "#0"}
			}
		}
	],
	"gui_light": "front",
	"display": {
		"thirdperson_righthand": {
			"translation": [0, 1.25, 1.5],
			"scale": [0.18, 0.18, 0.18]
		},
		"thirdperson_lefthand": {
			"translation": [0, 1.25, 1.5],
			"scale": [0.18, 0.18, 0.18]
		},
		"firstperson_righthand": {
			"translation": [0, 2.75, 1.5],
			"scale": [0.45, 0.45, 0.45]
		},
		"firstperson_lefthand": {
			"translation": [0, 2.75, 1.5],
			"scale": [0.45, 0.45, 0.45]
		},
		"ground": {
			"translation": [0.75, 2, 0],
			"scale": [0.5, 0.5, 0.5]
		},
		"gui": {
			"rotation": [30, 225, 0],
			"translation": [0, -1.25, 0],
			"scale": [0.38, 0.38, 0.38]
		},
		"head": {
			"translation": [0, -30.25, 0],
			"scale": [1.6, 1.6, 1.6]
		},
		"fixed": {
			"scale": [0, 0, 0]
		}
	}
}