{"credit":"MadewithBlockbench","texture_size":[128,128],"textures":{"0":"elitecreatures:egyptian_decoration_v1/egyptian_bed","particle":"elitecreatures:egyptian_decoration_v1/egyptian_bed"},"elements":[{"from":[-15,7,-15],"to":[15,10,31],"faces":{"north":{"uv":[3.5,9.875,7.25,10.25],"texture":"#0"},"east":{"uv":[3.5,9.125,9.25,9.5],"texture":"#0"},"south":{"uv":[7.25,10.125,11,10.5],"texture":"#0"},"west":{"uv":[3.5,9.125,9.25,9.5],"texture":"#0"},"up":{"uv":[3.75,5.75,0,0],"texture":"#0"},"down":{"uv":[7.5,0,3.75,5.75],"texture":"#0"}}},{"from":[-15,10,-15],"to":[15,15,-10],"faces":{"north":{"uv":[7.5,3.75,11.25,4.375],"texture":"#0"},"east":{"uv":[0,10.375,0.625,11],"texture":"#0"},"south":{"uv":[7.5,4.375,11.25,5],"texture":"#0"},"west":{"uv":[0,10.375,0.625,11],"texture":"#0"},"up":{"uv":[11.25,5.625,7.5,5],"texture":"#0"}}},{"from":[-15,10,28],"to":[15,32,31],"faces":{"north":{"uv":[7.125,5.75,10.875,8.5],"texture":"#0"},"east":{"uv":[3.5,10.25,3.875,13],"texture":"#0"},"south":{"uv":[7.5,0,11.25,2.75],"texture":"#0"},"west":{"uv":[3.5,10.25,3.875,13],"texture":"#0"},"up":{"uv":[14,3.125,10.25,2.75],"texture":"#0"},"down":{"uv":[14,3.125,10.25,2.75],"texture":"#0"}}},{"from":[13,15,27],"to":[15,30,28],"faces":{"north":{"uv":[6.625,10.25,6.875,12.125],"texture":"#0"},"east":{"uv":[1.625,10.375,1.75,12.25],"texture":"#0"},"south":{"uv":[6.625,10.25,6.875,12.125],"texture":"#0"},"west":{"uv":[1.625,10.375,1.75,12.25],"texture":"#0"},"up":{"uv":[8.125,10,7.875,9.875],"texture":"#0"},"down":{"uv":[8.125,10,7.875,9.875],"texture":"#0"}}},{"from":[-15,15,27],"to":[-13,30,28],"faces":{"north":{"uv":[6.875,10.25,6.625,12.125],"texture":"#0"},"east":{"uv":[1.625,10.375,1.75,12.25],"texture":"#0"},"south":{"uv":[6.625,10.25,6.875,12.125],"texture":"#0"},"west":{"uv":[1.625,10.375,1.75,12.25],"texture":"#0"},"up":{"uv":[8.125,10,7.875,9.875],"texture":"#0"},"down":{"uv":[8.125,10,7.875,9.875],"texture":"#0"}}},{"from":[4,15,27],"to":[6,30,28],"faces":{"north":{"uv":[6.625,10.25,6.875,12.125],"texture":"#0"},"east":{"uv":[1.625,10.375,1.75,12.25],"texture":"#0"},"south":{"uv":[6.625,10.25,6.875,12.125],"texture":"#0"},"west":{"uv":[1.625,10.375,1.75,12.25],"texture":"#0"},"up":{"uv":[8.125,10,7.875,9.875],"texture":"#0"},"down":{"uv":[8.125,10,7.875,9.875],"texture":"#0"}}},{"from":[-6,15,27],"to":[-4,30,28],"faces":{"north":{"uv":[6.625,10.25,6.875,12.125],"texture":"#0"},"east":{"uv":[1.625,10.375,1.75,12.25],"texture":"#0"},"south":{"uv":[6.625,10.25,6.875,12.125],"texture":"#0"},"west":{"uv":[1.625,10.375,1.75,12.25],"texture":"#0"},"up":{"uv":[8.125,10,7.875,9.875],"texture":"#0"},"down":{"uv":[8.125,10,7.875,9.875],"texture":"#0"}}},{"from":[-15,30,27],"to":[15,32,28],"faces":{"north":{"uv":[10.25,3.5,14,3.75],"texture":"#0"},"east":{"uv":[6.5,10.625,6.625,10.875],"texture":"#0"},"south":{"uv":[10.25,3.5,14,3.75],"texture":"#0"},"west":{"uv":[6.5,10.625,6.625,10.875],"texture":"#0"},"up":{"uv":[11.25,5.75,7.5,5.625],"texture":"#0"},"down":{"uv":[10.625,10.5,6.875,10.625],"texture":"#0"}}},{"from":[-15,10,27],"to":[15,15,28],"faces":{"north":{"uv":[7.125,8.5,10.875,9.125],"texture":"#0"},"east":{"uv":[3.375,10.625,3.5,11.25],"texture":"#0"},"south":{"uv":[7.125,8.5,10.875,9.125],"texture":"#0"},"west":{"uv":[3.375,10.625,3.5,11.25],"texture":"#0"},"up":{"uv":[10.625,10.75,6.875,10.625],"texture":"#0"},"down":{"uv":[10.625,10.75,6.875,10.625],"texture":"#0"}}},{"from":[-14,10,-10],"to":[14,13,27],"faces":{"north":{"uv":[10.25,3.125,13.75,3.5],"texture":"#0"},"east":{"uv":[3.5,9.5,8.125,9.875],"texture":"#0"},"south":{"uv":[10.25,3.125,13.75,3.5],"texture":"#0"},"west":{"uv":[3.5,9.5,8.125,9.875],"texture":"#0"},"up":{"uv":[3.5,10.375,0,5.75],"texture":"#0"},"down":{"uv":[3.5,10.375,0,5.75],"texture":"#0"}}},{"from":[-14.5,10,-10],"to":[14.5,14,17],"faces":{"north":{"uv":[9.25,9.125,12.875,9.625],"texture":"#0"},"east":{"uv":[8.125,9.625,11.5,10.125],"texture":"#0"},"south":{"uv":[9.25,9.125,12.875,9.625],"texture":"#0"},"west":{"uv":[11.5,9.625,8.125,10.125],"texture":"#0"},"up":{"uv":[7.125,9.125,3.5,5.75],"texture":"#0"},"down":{"uv":[7.125,9.125,3.5,5.75],"texture":"#0"}}},{"from":[-11,13,18],"to":[11,16,26],"faces":{"north":{"uv":[3.875,10.25,6.625,10.625],"texture":"#0"},"east":{"uv":[0.625,10.375,1.625,10.75],"texture":"#0"},"south":{"uv":[3.875,10.25,6.625,10.625],"texture":"#0"},"west":{"uv":[0.625,10.375,1.625,10.75],"texture":"#0"},"up":{"uv":[10.25,3.75,7.5,2.75],"texture":"#0"},"down":{"uv":[10.25,3.75,7.5,2.75],"texture":"#0"}}},{"from":[11,5,-15],"to":[15,7,-12],"faces":{"north":{"uv":[3,10.375,3.5,10.625],"texture":"#0"},"east":{"uv":[6.875,10.25,7.25,10.5],"texture":"#0"},"south":{"uv":[3.5,10.375,3,10.625],"texture":"#0"},"west":{"uv":[6.875,10.25,7.25,10.5],"texture":"#0"},"up":{"uv":[2.25,10.75,1.75,10.375],"texture":"#0"},"down":{"uv":[2.25,10.75,1.75,10.375],"texture":"#0"}}},{"from":[11,3,-15],"to":[14,5,-12],"faces":{"north":{"uv":[3,10.625,3.375,10.875],"texture":"#0"},"east":{"uv":[3.875,10.625,4.25,10.875],"texture":"#0"},"south":{"uv":[3,10.625,3.375,10.875],"texture":"#0"},"west":{"uv":[3.875,10.625,4.25,10.875],"texture":"#0"},"up":{"uv":[2.625,10.75,2.25,10.375],"texture":"#0"},"down":{"uv":[2.625,10.75,2.25,10.375],"texture":"#0"}}},{"from":[12,1,-15],"to":[15,3,-12],"faces":{"north":{"uv":[4.25,10.625,4.625,10.875],"texture":"#0"},"east":{"uv":[4.625,10.625,5,10.875],"texture":"#0"},"south":{"uv":[4.25,10.625,4.625,10.875],"texture":"#0"},"west":{"uv":[4.625,10.625,5,10.875],"texture":"#0"},"up":{"uv":[3,10.75,2.625,10.375],"texture":"#0"},"down":{"uv":[3,10.75,2.625,10.375],"texture":"#0"}}},{"from":[-15,5,-15],"to":[-11,7,-12],"rotation":{"angle":0,"axis":"y","origin":[16,0,0]},"faces":{"north":{"uv":[3.5,10.375,3,10.625],"texture":"#0"},"east":{"uv":[7.25,10.25,6.875,10.5],"texture":"#0"},"south":{"uv":[3,10.375,3.5,10.625],"texture":"#0"},"west":{"uv":[7.25,10.25,6.875,10.5],"texture":"#0"},"up":{"uv":[1.75,10.75,2.25,10.375],"texture":"#0"},"down":{"uv":[1.75,10.75,2.25,10.375],"texture":"#0"}}},{"from":[-14,3,-15],"to":[-11,5,-12],"rotation":{"angle":0,"axis":"y","origin":[16,0,0]},"faces":{"north":{"uv":[3.375,10.625,3,10.875],"texture":"#0"},"east":{"uv":[4.25,10.625,3.875,10.875],"texture":"#0"},"south":{"uv":[3.375,10.625,3,10.875],"texture":"#0"},"west":{"uv":[4.25,10.625,3.875,10.875],"texture":"#0"},"up":{"uv":[2.25,10.75,2.625,10.375],"texture":"#0"},"down":{"uv":[2.25,10.75,2.625,10.375],"texture":"#0"}}},{"from":[-15,1,-15],"to":[-12,3,-12],"rotation":{"angle":0,"axis":"y","origin":[16,0,0]},"faces":{"north":{"uv":[4.625,10.625,4.25,10.875],"texture":"#0"},"east":{"uv":[5,10.625,4.625,10.875],"texture":"#0"},"south":{"uv":[4.625,10.625,4.25,10.875],"texture":"#0"},"west":{"uv":[5,10.625,4.625,10.875],"texture":"#0"},"up":{"uv":[2.625,10.75,3,10.375],"texture":"#0"},"down":{"uv":[2.625,10.75,3,10.375],"texture":"#0"}}},{"from":[-15,5,28],"to":[-11,7,31],"rotation":{"angle":0,"axis":"y","origin":[16,0,16]},"faces":{"north":{"uv":[3.5,10.375,3,10.625],"texture":"#0"},"east":{"uv":[6.875,10.25,7.25,10.5],"texture":"#0"},"south":{"uv":[3,10.375,3.5,10.625],"texture":"#0"},"west":{"uv":[6.875,10.25,7.25,10.5],"texture":"#0"},"up":{"uv":[1.75,10.375,2.25,10.75],"texture":"#0"},"down":{"uv":[1.75,10.75,2.25,10.375],"texture":"#0"}}},{"from":[-14,3,28],"to":[-11,5,31],"rotation":{"angle":0,"axis":"y","origin":[16,0,16]},"faces":{"north":{"uv":[3,10.625,3.375,10.875],"texture":"#0"},"east":{"uv":[3.875,10.625,4.25,10.875],"texture":"#0"},"south":{"uv":[3,10.625,3.375,10.875],"texture":"#0"},"west":{"uv":[3.875,10.625,4.25,10.875],"texture":"#0"},"up":{"uv":[2.25,10.375,2.625,10.75],"texture":"#0"},"down":{"uv":[2.25,10.375,2.625,10.75],"texture":"#0"}}},{"from":[-15,1,28],"to":[-12,3,31],"rotation":{"angle":0,"axis":"y","origin":[16,0,16]},"faces":{"north":{"uv":[4.25,10.625,4.625,10.875],"texture":"#0"},"east":{"uv":[4.625,10.625,5,10.875],"texture":"#0"},"south":{"uv":[4.25,10.625,4.625,10.875],"texture":"#0"},"west":{"uv":[4.625,10.625,5,10.875],"texture":"#0"},"up":{"uv":[2.625,10.375,3,10.75],"texture":"#0"},"down":{"uv":[2.625,10.375,3,10.75],"texture":"#0"}}},{"from":[11,5,28],"to":[15,7,31],"rotation":{"angle":0,"axis":"y","origin":[0,0,16]},"faces":{"north":{"uv":[3,10.375,3.5,10.625],"texture":"#0"},"east":{"uv":[7.25,10.25,6.875,10.5],"texture":"#0"},"south":{"uv":[3.5,10.375,3,10.625],"texture":"#0"},"west":{"uv":[7.25,10.25,6.875,10.5],"texture":"#0"},"up":{"uv":[2.25,10.375,1.75,10.75],"texture":"#0"},"down":{"uv":[2.25,10.75,1.75,10.375],"texture":"#0"}}},{"from":[11,3,28],"to":[14,5,31],"rotation":{"angle":0,"axis":"y","origin":[0,0,16]},"faces":{"north":{"uv":[3.375,10.625,3,10.875],"texture":"#0"},"east":{"uv":[4.25,10.625,3.875,10.875],"texture":"#0"},"south":{"uv":[3.375,10.625,3,10.875],"texture":"#0"},"west":{"uv":[4.25,10.625,3.875,10.875],"texture":"#0"},"up":{"uv":[2.625,10.375,2.25,10.75],"texture":"#0"},"down":{"uv":[2.625,10.375,2.25,10.75],"texture":"#0"}}},{"from":[12,1,28],"to":[15,3,31],"rotation":{"angle":0,"axis":"y","origin":[0,0,16]},"faces":{"north":{"uv":[4.625,10.625,4.25,10.875],"texture":"#0"},"east":{"uv":[5,10.625,4.625,10.875],"texture":"#0"},"south":{"uv":[4.625,10.625,4.25,10.875],"texture":"#0"},"west":{"uv":[5,10.625,4.625,10.875],"texture":"#0"},"up":{"uv":[3,10.375,2.625,10.75],"texture":"#0"},"down":{"uv":[3,10.375,2.625,10.75],"texture":"#0"}}},{"from":[9,15,-13],"to":[14,17,-12],"faces":{"north":{"uv":[7.25,9.875,7.875,10.125],"texture":"#0"},"east":{"uv":[1.375,10.75,1.5,11],"texture":"#0"},"south":{"uv":[7.25,9.875,7.875,10.125],"texture":"#0"},"west":{"uv":[1.5,10.75,1.625,11],"texture":"#0"},"up":{"uv":[8.75,9.625,8.125,9.5],"texture":"#0"},"down":{"uv":[8.75,9.625,8.125,9.5],"texture":"#0"}}},{"from":[8,18,-13],"to":[10,18.5,-12],"faces":{"north":{"uv":[2.25,10.75,2.5,10.8125],"texture":"#0"},"east":{"uv":[5.5,10.75,5.625,10.8125],"texture":"#0"},"south":{"uv":[2.25,10.75,2.5,10.8125],"texture":"#0"},"west":{"uv":[5.625,10.75,5.75,10.8125],"texture":"#0"},"up":{"uv":[8.125,10.125,7.875,10],"texture":"#0"},"down":{"uv":[8.125,10.125,7.875,10],"texture":"#0"}}},{"from":[10,17,-13],"to":[12,17.5,-12],"faces":{"north":{"uv":[5.25,10.75,5.5,10.8125],"texture":"#0"},"east":{"uv":[5.875,10.75,6,10.8125],"texture":"#0"},"south":{"uv":[5.25,10.75,5.5,10.8125],"texture":"#0"},"west":{"uv":[6,10.75,6.125,10.8125],"texture":"#0"},"up":{"uv":[2.25,10.875,2,10.75],"texture":"#0"},"down":{"uv":[2.25,10.875,2,10.75],"texture":"#0"}}},{"from":[7.5,17,-13],"to":[10,18,-12],"faces":{"north":{"uv":[5.75,10.625,6.0625,10.75],"texture":"#0"},"east":{"uv":[9.125,9.5,9.25,9.625],"texture":"#0"},"south":{"uv":[6.125,10.625,6.4375,10.75],"texture":"#0"},"west":{"uv":[9.125,9.5,9.25,9.625],"texture":"#0"},"up":{"uv":[10.9375,10.625,10.625,10.5],"texture":"#0"},"down":{"uv":[10.9375,10.625,10.625,10.5],"texture":"#0"}}},{"from":[7,15,-14],"to":[10,16,-13],"faces":{"north":{"uv":[8.75,9.5,9.125,9.625],"texture":"#0"},"east":{"uv":[5.125,10.75,5.25,10.875],"texture":"#0"},"south":{"uv":[5,10.625,5.375,10.75],"texture":"#0"},"west":{"uv":[5.125,10.75,5.25,10.875],"texture":"#0"},"up":{"uv":[5.75,10.75,5.375,10.625],"texture":"#0"},"down":{"uv":[5.75,10.75,5.375,10.625],"texture":"#0"}}},{"from":[11.5,16,-14],"to":[13.5,16.5,-13],"faces":{"north":{"uv":[2.5,10.75,2.75,10.8125],"texture":"#0"},"east":{"uv":[5.75,10.75,5.875,10.8125],"texture":"#0"},"south":{"uv":[2.75,10.75,3,10.8125],"texture":"#0"},"west":{"uv":[5.75,10.75,5.875,10.8125],"texture":"#0"},"up":{"uv":[2,10.875,1.75,10.75],"texture":"#0"},"down":{"uv":[2,10.875,1.75,10.75],"texture":"#0"}}},{"from":[11,15,-14],"to":[13.5,16,-13],"faces":{"north":{"uv":[10.625,10.625,10.9375,10.75],"texture":"#0"},"east":{"uv":[5,10.75,5.125,10.875],"texture":"#0"},"south":{"uv":[0.625,10.75,0.9375,10.875],"texture":"#0"},"west":{"uv":[5,10.75,5.125,10.875],"texture":"#0"},"up":{"uv":[1.3125,10.875,1,10.75],"texture":"#0"},"down":{"uv":[1.3125,10.875,1,10.75],"texture":"#0"}}},{"from":[7,15,-12],"to":[10,16,-11],"rotation":{"angle":0,"axis":"y","origin":[0,0,16]},"faces":{"north":{"uv":[5.375,10.625,5,10.75],"texture":"#0"},"east":{"uv":[5.25,10.75,5.125,10.875],"texture":"#0"},"south":{"uv":[9.125,9.5,8.75,9.625],"texture":"#0"},"west":{"uv":[5.25,10.75,5.125,10.875],"texture":"#0"},"up":{"uv":[5.75,10.625,5.375,10.75],"texture":"#0"},"down":{"uv":[5.75,10.625,5.375,10.75],"texture":"#0"}}},{"from":[11.5,16,-12],"to":[13.5,16.5,-11],"rotation":{"angle":0,"axis":"y","origin":[0,0,16]},"faces":{"north":{"uv":[3,10.75,2.75,10.8125],"texture":"#0"},"east":{"uv":[5.875,10.75,5.75,10.8125],"texture":"#0"},"south":{"uv":[2.75,10.75,2.5,10.8125],"texture":"#0"},"west":{"uv":[5.875,10.75,5.75,10.8125],"texture":"#0"},"up":{"uv":[2,10.75,1.75,10.875],"texture":"#0"},"down":{"uv":[2,10.75,1.75,10.875],"texture":"#0"}}},{"from":[11,15,-12],"to":[13.5,16,-11],"rotation":{"angle":0,"axis":"y","origin":[0,0,16]},"faces":{"north":{"uv":[0.9375,10.75,0.625,10.875],"texture":"#0"},"east":{"uv":[5.125,10.75,5,10.875],"texture":"#0"},"south":{"uv":[10.9375,10.625,10.625,10.75],"texture":"#0"},"west":{"uv":[5.125,10.75,5,10.875],"texture":"#0"},"up":{"uv":[1.3125,10.75,1,10.875],"texture":"#0"},"down":{"uv":[1.3125,10.75,1,10.875],"texture":"#0"}}},{"from":[-10,18,-13],"to":[-8,18.5,-12],"rotation":{"angle":0,"axis":"y","origin":[16,0,0]},"faces":{"north":{"uv":[2.5,10.75,2.25,10.8125],"texture":"#0"},"east":{"uv":[5.75,10.75,5.625,10.8125],"texture":"#0"},"south":{"uv":[2.5,10.75,2.25,10.8125],"texture":"#0"},"west":{"uv":[5.625,10.75,5.5,10.8125],"texture":"#0"},"up":{"uv":[7.875,10.125,8.125,10],"texture":"#0"},"down":{"uv":[7.875,10.125,8.125,10],"texture":"#0"}}},{"from":[-10,17,-13],"to":[-7.5,18,-12],"rotation":{"angle":0,"axis":"y","origin":[16,0,0]},"faces":{"north":{"uv":[6.0625,10.625,5.75,10.75],"texture":"#0"},"east":{"uv":[9.25,9.5,9.125,9.625],"texture":"#0"},"south":{"uv":[6.4375,10.625,6.125,10.75],"texture":"#0"},"west":{"uv":[9.25,9.5,9.125,9.625],"texture":"#0"},"up":{"uv":[10.625,10.625,10.9375,10.5],"texture":"#0"},"down":{"uv":[10.625,10.625,10.9375,10.5],"texture":"#0"}}},{"from":[-12,17,-13],"to":[-10,17.5,-12],"rotation":{"angle":0,"axis":"y","origin":[16,0,0]},"faces":{"north":{"uv":[5.5,10.75,5.25,10.8125],"texture":"#0"},"east":{"uv":[6.125,10.75,6,10.8125],"texture":"#0"},"south":{"uv":[5.5,10.75,5.25,10.8125],"texture":"#0"},"west":{"uv":[6,10.75,5.875,10.8125],"texture":"#0"},"up":{"uv":[2,10.875,2.25,10.75],"texture":"#0"},"down":{"uv":[2,10.875,2.25,10.75],"texture":"#0"}}},{"from":[-14,15,-13],"to":[-9,17,-12],"rotation":{"angle":0,"axis":"y","origin":[16,0,0]},"faces":{"north":{"uv":[7.875,9.875,7.25,10.125],"texture":"#0"},"east":{"uv":[1.625,10.75,1.5,11],"texture":"#0"},"south":{"uv":[7.875,9.875,7.25,10.125],"texture":"#0"},"west":{"uv":[1.5,10.75,1.375,11],"texture":"#0"},"up":{"uv":[8.125,9.625,8.75,9.5],"texture":"#0"},"down":{"uv":[8.125,9.625,8.75,9.5],"texture":"#0"}}},{"from":[-10,15,-12],"to":[-7,16,-11],"rotation":{"angle":0,"axis":"y","origin":[16,0,16]},"faces":{"north":{"uv":[5,10.625,5.375,10.75],"texture":"#0"},"east":{"uv":[5.125,10.75,5.25,10.875],"texture":"#0"},"south":{"uv":[8.75,9.5,9.125,9.625],"texture":"#0"},"west":{"uv":[5.125,10.75,5.25,10.875],"texture":"#0"},"up":{"uv":[5.375,10.625,5.75,10.75],"texture":"#0"},"down":{"uv":[5.375,10.625,5.75,10.75],"texture":"#0"}}},{"from":[-10,15,-14],"to":[-7,16,-13],"rotation":{"angle":0,"axis":"y","origin":[16,0,0]},"faces":{"north":{"uv":[9.125,9.5,8.75,9.625],"texture":"#0"},"east":{"uv":[5.25,10.75,5.125,10.875],"texture":"#0"},"south":{"uv":[5.375,10.625,5,10.75],"texture":"#0"},"west":{"uv":[5.25,10.75,5.125,10.875],"texture":"#0"},"up":{"uv":[5.375,10.75,5.75,10.625],"texture":"#0"},"down":{"uv":[5.375,10.75,5.75,10.625],"texture":"#0"}}},{"from":[-13.5,16,-14],"to":[-11.5,16.5,-13],"rotation":{"angle":0,"axis":"y","origin":[16,0,0]},"faces":{"north":{"uv":[2.75,10.75,2.5,10.8125],"texture":"#0"},"east":{"uv":[5.875,10.75,5.75,10.8125],"texture":"#0"},"south":{"uv":[3,10.75,2.75,10.8125],"texture":"#0"},"west":{"uv":[5.875,10.75,5.75,10.8125],"texture":"#0"},"up":{"uv":[1.75,10.875,2,10.75],"texture":"#0"},"down":{"uv":[1.75,10.875,2,10.75],"texture":"#0"}}},{"from":[-13.5,15,-14],"to":[-11,16,-13],"rotation":{"angle":0,"axis":"y","origin":[16,0,0]},"faces":{"north":{"uv":[10.9375,10.625,10.625,10.75],"texture":"#0"},"east":{"uv":[5.125,10.75,5,10.875],"texture":"#0"},"south":{"uv":[0.9375,10.75,0.625,10.875],"texture":"#0"},"west":{"uv":[5.125,10.75,5,10.875],"texture":"#0"},"up":{"uv":[1,10.875,1.3125,10.75],"texture":"#0"},"down":{"uv":[1,10.875,1.3125,10.75],"texture":"#0"}}},{"from":[-13.5,16,-12],"to":[-11.5,16.5,-11],"rotation":{"angle":0,"axis":"y","origin":[16,0,16]},"faces":{"north":{"uv":[2.75,10.75,3,10.8125],"texture":"#0"},"east":{"uv":[5.75,10.75,5.875,10.8125],"texture":"#0"},"south":{"uv":[2.5,10.75,2.75,10.8125],"texture":"#0"},"west":{"uv":[5.75,10.75,5.875,10.8125],"texture":"#0"},"up":{"uv":[1.75,10.75,2,10.875],"texture":"#0"},"down":{"uv":[1.75,10.75,2,10.875],"texture":"#0"}}},{"from":[-13.5,15,-12],"to":[-11,16,-11],"rotation":{"angle":0,"axis":"y","origin":[16,0,16]},"faces":{"north":{"uv":[0.625,10.75,0.9375,10.875],"texture":"#0"},"east":{"uv":[5,10.75,5.125,10.875],"texture":"#0"},"south":{"uv":[10.625,10.625,10.9375,10.75],"texture":"#0"},"west":{"uv":[5,10.75,5.125,10.875],"texture":"#0"},"up":{"uv":[1,10.75,1.3125,10.875],"texture":"#0"},"down":{"uv":[1,10.75,1.3125,10.875],"texture":"#0"}}}],"gui_light":"front","display":{"thirdperson_righthand":{"translation":[1.5,1.5,1],"scale":[0.18,0.18,0.18]},"thirdperson_lefthand":{"translation":[-1.5,1.5,1],"scale":[0.18,0.18,0.18]},"firstperson_righthand":{"rotation":[0,177,0],"scale":[0.35,0.35,0.35]},"firstperson_lefthand":{"rotation":[0,177,0],"translation":[4,0,0],"scale":[0.35,0.35,0.35]},"ground":{"translation":[4.5,2,0],"scale":[0.5,0.5,0.5]},"gui":{"rotation":[30,225,0],"translation":[-1,-2.5,0],"scale":[0.21,0.21,0.21]},"head":{"rotation":[0,180,0],"translation":[-25.5,-31.75,-25.5],"scale":[1.6,1.6,1.6]},"fixed":{"scale":[0,0,0]}}}