{"textures":{"0":"modelengine:entity/mso_tornado"},"elements":[{"name":"cube","from":[-16.0,-1.128573,-15.999998],"to":[31.999998,17.128572,32.0],"rotation":{"angle":0.0,"axis":"x","origin":[8.685713,8.0,8.685715]},"faces":{"down":{"uv":[8.125,3.625,4.5,7.25],"rotation":0,"texture":"#0","tintindex":0},"east":{"uv":[3.625,10.25,7.25,12.0625],"rotation":0,"texture":"#0","tintindex":0},"north":{"uv":[0.0,9.0,3.625,10.8125],"rotation":0,"texture":"#0","tintindex":0},"south":{"uv":[7.25,10.25,10.875,12.0625],"rotation":0,"texture":"#0","tintindex":0},"up":{"uv":[8.125,3.625,4.5,0.0],"rotation":0,"texture":"#0","tintindex":0},"west":{"uv":[10.5,7.25,14.125,9.0625],"rotation":0,"texture":"#0","tintindex":0}}}],"display":{"head":{"translation":[0.0,-6.4,0.0],"rotation":[0.0,0.0,0.0],"scale":[3.7333333,3.7333333,3.7333333]}}}