{"credit":"Made with Blockbench","texture_size":[128,128],"textures":{"0":"skills_kitetsu:round_slash_red/round_slash_red_1","particle":"skills_kitetsu:round_slash_red/round_slash_red_1"},"elements":[{"from":[-16,13,-16],"to":[32,13,32],"rotation":{"angle":0,"axis":"y","origin":[8,13,8]},"faces":{"north":{"uv":[0,0,6,0],"texture":"#0"},"east":{"uv":[0,0,6,0],"texture":"#0"},"south":{"uv":[0,0,6,0],"texture":"#0"},"west":{"uv":[0,0,6,0],"texture":"#0"},"up":{"uv":[16,16,0,0],"texture":"#0"},"down":{"uv":[16,0,0,16],"texture":"#0"}}}],"display":{"head":{"rotation":[0,0,19],"translation":[0,-54.25,0],"scale":[3,3,3]}}}