{"textures":{"0":"modelengine:entity/flamental","2":"modelengine:entity/flamental_armflame_anim"},"elements":[{"from":[2.8571424,-0.9404154,5.520047],"to":[7.428571,5.3452997,10.662905],"rotation":{"angle":0.0,"axis":"y","origin":[18.285715,-8.940414,5.520047]},"faces":{"east":{"uv":[0.0,3.375,1.125,4.75],"rotation":0,"texture":"#0","tintindex":0},"south":{"uv":[0.0,6.375,1.0,7.75],"rotation":0,"texture":"#0","tintindex":0},"north":{"uv":[6.0,1.0,7.0,2.375],"rotation":0,"texture":"#0","tintindex":0},"west":{"uv":[3.5,1.125,4.625,2.5],"rotation":0,"texture":"#0","tintindex":0},"up":{"uv":[3.125,9.125,2.125,8.0],"rotation":0,"texture":"#0","tintindex":0},"down":{"uv":[4.25,8.0,3.25,9.125],"rotation":0,"texture":"#0","tintindex":0}}},{"from":[2.8571424,2.4881563,5.8057613],"to":[7.428571,8.77387,10.377191],"rotation":{"angle":-22.5,"axis":"z","origin":[5.142857,2.2024417,8.0914755]},"faces":{"east":{"uv":[3.375,6.5,4.375,7.875],"rotation":0,"texture":"#0","tintindex":0},"south":{"uv":[4.5,6.5,5.5,7.875],"rotation":0,"texture":"#0","tintindex":0},"north":{"uv":[2.25,6.5,3.25,7.875],"rotation":0,"texture":"#0","tintindex":0},"west":{"uv":[5.625,6.5,6.625,7.875],"rotation":0,"texture":"#0","tintindex":0},"up":{"uv":[10.25,10.25,9.25,9.25],"rotation":0,"texture":"#0","tintindex":0},"down":{"uv":[10.375,0.0,9.375,1.0],"rotation":0,"texture":"#0","tintindex":0}}},{"from":[2.8571424,-4.368986,6.091476],"to":[7.428571,0.20244169,11.234333],"rotation":{"angle":22.5,"axis":"z","origin":[5.142857,-2.083272,8.0914755]},"faces":{"east":{"uv":[4.375,8.0,5.5,9.0],"rotation":0,"texture":"#0","tintindex":0},"south":{"uv":[8.0,9.375,9.0,10.375],"rotation":0,"texture":"#0","tintindex":0},"north":{"uv":[9.375,1.125,10.375,2.125],"rotation":0,"texture":"#0","tintindex":0},"west":{"uv":[5.625,8.125,6.75,9.125],"rotation":0,"texture":"#0","tintindex":0},"up":{"uv":[9.25,2.125,8.25,1.0],"rotation":0,"texture":"#0","tintindex":0},"down":{"uv":[7.875,8.25,6.875,9.375],"rotation":0,"texture":"#0","tintindex":0}}},{"from":[5.142857,-3.2261295,4.37719],"to":[6.857143,0.20244169,6.091476],"rotation":{"angle":22.5,"axis":"z","origin":[5.142857,-2.083272,8.0914755]},"faces":{"east":{"uv":[11.375,5.875,11.75,6.625],"rotation":0,"texture":"#0","tintindex":0},"south":{"uv":[8.875,11.375,9.25,12.125],"rotation":0,"texture":"#0","tintindex":0},"north":{"uv":[5.5,11.375,5.875,12.125],"rotation":0,"texture":"#0","tintindex":0},"west":{"uv":[9.375,11.375,9.75,12.125],"rotation":0,"texture":"#0","tintindex":0},"up":{"uv":[6.875,12.75,6.5,12.375],"rotation":0,"texture":"#0","tintindex":0},"down":{"uv":[12.375,12.375,12.0,12.75],"rotation":0,"texture":"#0","tintindex":0}}},{"from":[-3.4234343,5.8175793,8.0914755],"to":[5.719424,14.960437,8.0914755],"rotation":{"angle":-22.5,"axis":"z","origin":[10.290853,-10.753851,5.8057613]},"faces":{"east":{"uv":[1.0,0.0,0.0,1.0],"rotation":0,"texture":"#2","tintindex":0},"south":{"uv":[0.0,0.0,16.0,16.0],"rotation":0,"texture":"#2","tintindex":0},"north":{"uv":[16.0,0.0,0.0,16.0],"rotation":0,"texture":"#2","tintindex":0},"west":{"uv":[16.0,0.0,0.0,16.0],"rotation":0,"texture":"#2","tintindex":0},"up":{"uv":[0.0,0.0,0.0,2.0],"rotation":0,"texture":"#2","tintindex":0},"down":{"uv":[0.0,0.0,0.0,2.0],"rotation":0,"texture":"#2","tintindex":0}}}],"display":{"head":{"translation":[0.0,-6.4,0.0],"scale":[4.0,4.0,4.0]}}}