{"textures":{"0":"modelengine:entity/flamental","1":"modelengine:entity/flamental_head_anim"},"elements":[{"from":[5.512968,8.048303,6.146945],"to":[10.084397,12.619732,10.718374],"rotation":{"angle":-45.0,"axis":"y","origin":[8.0,12.1184635,8.633977]},"faces":{"east":{"uv":[8.5,3.375,9.5,4.375],"rotation":0,"texture":"#0","tintindex":0},"south":{"uv":[8.875,7.0,9.875,8.0],"rotation":0,"texture":"#0","tintindex":0},"north":{"uv":[8.5,2.25,9.5,3.25],"rotation":0,"texture":"#0","tintindex":0},"west":{"uv":[9.0,5.875,10.0,6.875],"rotation":0,"texture":"#0","tintindex":0},"up":{"uv":[1.0,10.125,0.0,9.125],"rotation":0,"texture":"#0","tintindex":0},"down":{"uv":[5.375,9.125,4.375,10.125],"rotation":0,"texture":"#0","tintindex":0}}},{"from":[8.301317,9.5054455,6.1326594],"to":[8.501317,9.705445,6.1326594],"rotation":{"angle":45.0,"axis":"y","origin":[8.0,12.1184635,8.633977]},"faces":{"east":{"uv":[9.375,6.625,9.25,6.75],"rotation":0,"texture":"#0","tintindex":0},"south":{"uv":[9.125,3.0,9.25,3.125],"rotation":0,"texture":"#0","tintindex":0},"north":{"uv":[9.25,3.0,9.125,3.125],"rotation":0,"texture":"#0","tintindex":0},"west":{"uv":[9.375,6.625,9.25,6.75],"rotation":0,"texture":"#0","tintindex":0},"up":{"uv":[9.375,6.625,9.25,6.75],"rotation":0,"texture":"#0","tintindex":0},"down":{"uv":[9.375,6.625,9.25,6.75],"rotation":0,"texture":"#0","tintindex":0}}},{"from":[7.284397,9.5054455,6.1326594],"to":[7.484397,9.705445,6.1326594],"rotation":{"angle":-45.0,"axis":"y","origin":[8.0,12.1184635,8.633977]},"faces":{"east":{"uv":[9.25,6.625,9.375,6.75],"rotation":0,"texture":"#0","tintindex":0},"south":{"uv":[9.25,3.0,9.125,3.125],"rotation":0,"texture":"#0","tintindex":0},"north":{"uv":[9.125,3.0,9.25,3.125],"rotation":0,"texture":"#0","tintindex":0},"west":{"uv":[9.25,6.625,9.375,6.75],"rotation":0,"texture":"#0","tintindex":0},"up":{"uv":[9.25,6.625,9.375,6.75],"rotation":0,"texture":"#0","tintindex":0},"down":{"uv":[9.25,6.625,9.375,6.75],"rotation":0,"texture":"#0","tintindex":0}}},{"from":[7.9994287,-6.380269,-1.0260754],"to":[7.9994287,30.19116,29.831068],"rotation":{"angle":0.0,"axis":"y","origin":[8.000746,12.689893,5.175243]},"faces":{"east":{"uv":[0.0,0.0,16.0,16.0],"rotation":0,"texture":"#1","tintindex":0},"south":{"uv":[8.375,4.125,8.375,8.125],"rotation":0,"texture":"#1","tintindex":0},"north":{"uv":[8.375,0.0,8.375,4.0],"rotation":0,"texture":"#1","tintindex":0},"west":{"uv":[16.0,0.0,0.0,16.0],"rotation":0,"texture":"#1","tintindex":0},"up":{"uv":[8.625,4.0,8.625,0.0],"rotation":0,"texture":"#1","tintindex":0},"down":{"uv":[8.625,4.125,8.625,8.125],"rotation":0,"texture":"#1","tintindex":0}}}],"display":{"head":{"translation":[0.0,-6.4,0.0],"scale":[4.0,4.0,4.0]}}}