{"textures":{"0":"modelengine:entity/flamental"},"elements":[{"from":[7.428571,3.6081405,6.557077],"to":[8.571428,8.750998,7.699934],"rotation":{"angle":22.5,"axis":"x","origin":[9.714286,7.608141,5.985648]},"faces":{"east":{"uv":[3.625,10.875,3.875,12.0],"rotation":0,"texture":"#0","tintindex":0},"south":{"uv":[7.375,10.875,7.625,12.0],"rotation":0,"texture":"#0","tintindex":0},"north":{"uv":[3.25,10.875,3.5,12.0],"rotation":0,"texture":"#0","tintindex":0},"west":{"uv":[7.75,11.0,8.0,12.125],"rotation":0,"texture":"#0","tintindex":0},"up":{"uv":[9.75,5.75,9.5,5.5],"rotation":0,"texture":"#0","tintindex":0},"down":{"uv":[11.0,7.375,10.75,7.625],"rotation":0,"texture":"#0","tintindex":0}}},{"from":[7.142857,1.4999995,3.7142854],"to":[8.857143,3.2142854,5.428571],"rotation":{"angle":-22.5,"axis":"x","origin":[9.285714,6.642857,3.142857]},"faces":{"east":{"uv":[11.5,12.0,11.875,12.375],"rotation":0,"texture":"#0","tintindex":0},"south":{"uv":[12.0,11.875,12.375,12.25],"rotation":0,"texture":"#0","tintindex":0},"north":{"uv":[12.0,11.375,12.375,11.75],"rotation":0,"texture":"#0","tintindex":0},"west":{"uv":[3.25,12.125,3.625,12.5],"rotation":0,"texture":"#0","tintindex":0},"up":{"uv":[0.375,12.625,0.0,12.25],"rotation":0,"texture":"#0","tintindex":0},"down":{"uv":[2.875,12.25,2.5,12.625],"rotation":0,"texture":"#0","tintindex":0}}}],"display":{"head":{"translation":[0.0,-6.4,0.0],"scale":[4.0,4.0,4.0]}}}