{"textures":{"0":"modelengine:entity/flamental"},"elements":[{"from":[7.428571,9.142858,8.0],"to":[7.428571,9.142858,9.142858],"rotation":{"angle":-45.0,"axis":"z","origin":[8.0,8.0,8.0]},"faces":{"east":{"uv":[0.125,0.0,0.375,0.25],"rotation":0,"texture":"#0","tintindex":0},"south":{"uv":[4.75,3.25,7.125,3.5],"rotation":0,"texture":"#0","tintindex":0},"north":{"uv":[4.75,3.25,7.125,3.5],"rotation":0,"texture":"#0","tintindex":0},"west":{"uv":[0.125,0.0,0.375,0.25],"rotation":0,"texture":"#0","tintindex":0},"up":{"uv":[4.75,3.25,7.125,3.5],"rotation":0,"texture":"#0","tintindex":0},"down":{"uv":[4.75,3.25,7.125,3.5],"rotation":0,"texture":"#0","tintindex":0}}}],"display":{"head":{"translation":[0.0,-6.4,0.0],"scale":[4.0,4.0,4.0]}}}