{"textures":{"0":"modelengine:entity/flamental"},"elements":[{"from":[8.571428,9.142858,8.0],"to":[8.571428,9.142858,9.142858],"rotation":{"angle":45.0,"axis":"z","origin":[8.0,8.0,8.0]},"faces":{"east":{"uv":[0.0,0.0,0.25,0.25],"rotation":0,"texture":"#0","tintindex":0},"south":{"uv":[4.875,3.25,7.25,3.5],"rotation":0,"texture":"#0","tintindex":0},"north":{"uv":[4.875,3.25,7.25,3.5],"rotation":0,"texture":"#0","tintindex":0},"west":{"uv":[0.0,0.0,0.25,0.25],"rotation":0,"texture":"#0","tintindex":0},"up":{"uv":[4.875,3.25,7.25,3.5],"rotation":0,"texture":"#0","tintindex":0},"down":{"uv":[4.875,3.25,7.25,3.5],"rotation":0,"texture":"#0","tintindex":0}}}],"display":{"head":{"translation":[0.0,-6.4,0.0],"scale":[4.0,4.0,4.0]}}}