{"textures":{"0":"modelengine:entity/flamental"},"elements":[{"from":[7.429659,-3.4036703,7.4291153],"to":[8.5725155,8.024901,8.571973],"rotation":{"angle":0.0,"axis":"y","origin":[8.0,16.0,9.142858]},"faces":{"east":{"uv":[1.75,10.375,2.0,12.875],"rotation":0,"texture":"#0","tintindex":0},"south":{"uv":[2.125,10.375,2.375,12.875],"rotation":0,"texture":"#0","tintindex":0},"north":{"uv":[1.375,10.375,1.625,12.875],"rotation":0,"texture":"#0","tintindex":0},"west":{"uv":[10.375,2.25,10.625,4.75],"rotation":0,"texture":"#0","tintindex":0},"up":{"uv":[12.75,6.625,12.5,6.375],"rotation":0,"texture":"#0","tintindex":0},"down":{"uv":[12.75,6.75,12.5,7.0],"rotation":0,"texture":"#0","tintindex":0}}},{"from":[6.001087,-9.117956,8.000544],"to":[10.001087,-2.2608137,8.000544],"rotation":{"angle":0.0,"axis":"y","origin":[8.0,16.0,9.142858]},"faces":{"east":{"uv":[10.625,12.625,10.625,14.125],"rotation":0,"texture":"#0","tintindex":0},"south":{"uv":[1.125,7.0,2.0,8.5],"rotation":0,"texture":"#0","tintindex":0},"north":{"uv":[6.75,6.5,7.625,8.0],"rotation":0,"texture":"#0","tintindex":0},"west":{"uv":[0.0,12.75,0.0,14.25],"rotation":0,"texture":"#0","tintindex":0},"up":{"uv":[4.625,12.75,3.75,12.75],"rotation":0,"texture":"#0","tintindex":0},"down":{"uv":[13.625,4.25,12.75,4.25],"rotation":0,"texture":"#0","tintindex":0}}}],"display":{"head":{"translation":[0.0,-6.4,0.0],"scale":[4.0,4.0,4.0]}}}