{"textures":{"0":"modelengine:entity/fyresalamander","1":"modelengine:entity/fireanimation"},"elements":[{"name":"cube","from":[7.6090646,6.6148663,8.067622],"to":[10.303861,9.553465,11.432801],"rotation":{"angle":0.0,"axis":"x","origin":[2.8724618,8.552166,5.2106113]},"faces":{"down":{"uv":[3.125,6.5,3.4848819,6.9494095],"rotation":0,"texture":"#0","tintindex":0},"east":{"uv":[3.125,6.5,3.7369094,6.979941],"rotation":0,"texture":"#0","tintindex":0},"north":{"uv":[3.125,6.5,3.7369094,6.979941],"rotation":0,"texture":"#0","tintindex":0},"south":{"uv":[3.125,6.5,3.7369094,6.979941],"rotation":0,"texture":"#0","tintindex":0},"up":{"uv":[3.125,6.5,3.7369094,6.979941],"rotation":0,"texture":"#0","tintindex":0},"west":{"uv":[3.125,6.5,3.7369094,6.979941],"rotation":0,"texture":"#0","tintindex":0}}},{"name":"cube","from":[7.3750644,6.474466,8.820844],"to":[10.537861,9.693865,10.688422],"rotation":{"angle":0.0,"axis":"x","origin":[14.104462,8.552166,5.3086333]},"faces":{"down":{"uv":[4.875,7.3125,5.3098817,7.5306597],"rotation":0,"texture":"#0","tintindex":0},"east":{"uv":[4.875,7.3125,5.3119097,7.5286317],"rotation":90,"texture":"#0","tintindex":0},"north":{"uv":[4.875,7.09375,5.3119097,7.3098817],"rotation":90,"texture":"#0","tintindex":0},"south":{"uv":[4.875,7.09375,5.3119097,7.3098817],"rotation":90,"texture":"#0","tintindex":0},"up":{"uv":[4.875,7.3125,5.3098817,7.5306597],"rotation":0,"texture":"#0","tintindex":0},"west":{"uv":[4.875,7.3125,5.3119097,7.5286317],"rotation":90,"texture":"#0","tintindex":0}}},{"name":"cube","from":[3.109985,7.5976667,6.2091217],"to":[6.927981,7.5976667,12.5695],"rotation":{"angle":22.5,"axis":"y","origin":[5.4464626,7.5976667,6.4318333]},"faces":{"down":{"uv":[4.40625,3.625,4.947382,4.2869096],"rotation":180,"texture":"#0","tintindex":0},"east":{"uv":[3.125,6.5,3.7369094,7.079941],"rotation":0,"texture":"#0","tintindex":0},"north":{"uv":[3.125,6.5,3.7369094,7.079941],"rotation":0,"texture":"#0","tintindex":0},"south":{"uv":[3.125,6.5,3.7369094,7.079941],"rotation":0,"texture":"#0","tintindex":0},"up":{"uv":[4.947382,3.625,4.40625,4.2869096],"rotation":0,"texture":"#0","tintindex":0},"west":{"uv":[3.125,6.5,3.7369094,7.079941],"rotation":0,"texture":"#0","tintindex":0}}},{"name":"cube","from":[3.7057383,8.065666,2.5640254],"to":[9.395735,8.065666,9.860405],"rotation":{"angle":-22.5,"axis":"y","origin":[0.6071358,8.065666,5.931415]},"faces":{"down":{"uv":[0.0,0.0,16.0,16.0],"rotation":270,"texture":"#1","tintindex":0},"east":{"uv":[3.125,6.5,3.7369094,7.079941],"rotation":0,"texture":"#0","tintindex":0},"north":{"uv":[3.125,6.5,3.7369094,7.079941],"rotation":0,"texture":"#0","tintindex":0},"south":{"uv":[3.125,6.5,3.7369094,7.079941],"rotation":0,"texture":"#0","tintindex":0},"up":{"uv":[16.0,0.0,0.0,16.0],"rotation":270,"texture":"#1","tintindex":0},"west":{"uv":[3.125,6.5,3.7369094,7.079941],"rotation":0,"texture":"#0","tintindex":0}}},{"name":"cube","from":[8.7322645,8.383464,7.1316223],"to":[8.7322645,13.194064,11.900802],"rotation":{"angle":0.0,"axis":"x","origin":[14.104462,7.7467628,5.2106113]},"faces":{"down":{"uv":[3.125,6.5,3.4848819,6.9494095],"rotation":0,"texture":"#0","tintindex":0},"east":{"uv":[4.28125,3.6875,5.011191,4.2994094],"rotation":270,"texture":"#0","tintindex":0},"north":{"uv":[3.125,6.5,3.7369094,6.979941],"rotation":0,"texture":"#0","tintindex":0},"south":{"uv":[3.125,6.5,3.7369094,6.979941],"rotation":0,"texture":"#0","tintindex":0},"up":{"uv":[3.125,6.5,3.7369094,6.979941],"rotation":0,"texture":"#0","tintindex":0},"west":{"uv":[4.28125,4.2994094,5.011191,3.6875],"rotation":270,"texture":"#0","tintindex":0}}}],"display":{"head":{"translation":[0.0,-6.4,0.0],"rotation":[0.0,0.0,0.0],"scale":[3.8095,3.8095,3.8095]}}}