{"textures":{"0":"modelengine:entity/fyresalamander","1":"modelengine:entity/fireanimation"},"elements":[{"name":"cube","from":[7.635402,7.6071014,8.049011],"to":[8.364597,8.3929,9.448589],"rotation":{"angle":0.0,"axis":"x","origin":[2.7583997,7.906401,-3.5596008]},"faces":{"down":{"uv":[3.125,6.5,3.2994094,6.604941],"rotation":0,"texture":"#0","tintindex":0},"east":{"uv":[3.125,6.5,3.2994094,6.604941],"rotation":0,"texture":"#0","tintindex":0},"north":{"uv":[3.125,6.5,3.2994094,6.604941],"rotation":0,"texture":"#0","tintindex":0},"south":{"uv":[3.125,6.5,3.2994094,6.604941],"rotation":0,"texture":"#0","tintindex":0},"up":{"uv":[3.125,6.5,3.2994094,6.604941],"rotation":0,"texture":"#0","tintindex":0},"west":{"uv":[3.125,6.5,3.2994094,6.604941],"rotation":0,"texture":"#0","tintindex":0}}}],"display":{"head":{"translation":[0.0,-6.4,0.0],"rotation":[0.0,0.0,0.0],"scale":[3.8095,3.8095,3.8095]}}}