{"textures":{"0":"modelengine:entity/fyresalamander","1":"modelengine:entity/fireanimation"},"elements":[{"name":"cube","from":[7.0318227,7.907486,10.728508],"to":[8.955697,9.489339,10.728508],"rotation":{"angle":0.0,"axis":"x","origin":[8.115599,8.869424,10.728508]},"faces":{"down":{"uv":[10.75,9.5,10.0,9.5],"rotation":0,"texture":"#0","tintindex":0},"east":{"uv":[5.25,10.125,5.25,10.875],"rotation":0,"texture":"#0","tintindex":0},"north":{"uv":[0.75,4.625,1.5,5.375],"rotation":0,"texture":"#0","tintindex":0},"south":{"uv":[4.75,1.625,5.5,2.375],"rotation":0,"texture":"#0","tintindex":0},"up":{"uv":[10.75,2.625,10.0,2.625],"rotation":0,"texture":"#0","tintindex":0},"west":{"uv":[5.625,10.125,5.625,10.875],"rotation":0,"texture":"#0","tintindex":0}}},{"name":"cube","from":[7.326619,9.48705,7.5300646],"to":[8.010664,9.807695,10.736523],"rotation":{"angle":22.5,"axis":"z","origin":[8.080475,9.76107,9.133295]},"faces":{"down":{"uv":[4.0,6.5,3.75,7.75],"rotation":0,"texture":"#0","tintindex":0},"east":{"uv":[8.375,3.375,9.625,3.5],"rotation":0,"texture":"#0","tintindex":0},"north":{"uv":[3.375,2.5,3.625,2.625],"rotation":0,"texture":"#0","tintindex":0},"south":{"uv":[3.61424,6.6414404,3.375,6.5],"rotation":0,"texture":"#0","tintindex":0},"up":{"uv":[3.625,7.75,3.375,6.5],"rotation":0,"texture":"#0","tintindex":0},"west":{"uv":[8.375,3.625,9.625,3.75],"rotation":0,"texture":"#0","tintindex":0}}},{"name":"cube","from":[6.9484015,8.69979,7.5300646],"to":[7.269047,9.626101,10.736523],"rotation":{"angle":-45.0,"axis":"z","origin":[7.034554,9.070961,9.133295]},"faces":{"down":{"uv":[3.75,8.5,3.625,9.75],"rotation":0,"texture":"#0","tintindex":0},"east":{"uv":[6.5,2.5,7.75,2.75],"rotation":0,"texture":"#0","tintindex":0},"north":{"uv":[9.75,9.25,9.875,9.5],"rotation":0,"texture":"#0","tintindex":0},"south":{"uv":[3.5164406,6.9086065,3.375,6.5],"rotation":0,"texture":"#0","tintindex":0},"up":{"uv":[3.5,9.75,3.375,8.5],"rotation":0,"texture":"#0","tintindex":0},"west":{"uv":[3.375,7.53125,3.625,6.5],"rotation":90,"texture":"#0","tintindex":0}}},{"name":"cube","from":[7.361743,7.5402155,7.5300646],"to":[8.003035,7.8608603,10.736523],"rotation":{"angle":-22.5,"axis":"z","origin":[8.115599,7.5868406,9.133295]},"faces":{"down":{"uv":[11.09375,3.25,11.34375,4.5],"rotation":0,"texture":"#0","tintindex":0},"east":{"uv":[8.375,3.875,9.625,4.0],"rotation":0,"texture":"#0","tintindex":0},"north":{"uv":[1.5,8.625,1.75,8.75],"rotation":0,"texture":"#0","tintindex":0},"south":{"uv":[11.65625,4.5625,11.939132,4.703941],"rotation":0,"texture":"#0","tintindex":0},"up":{"uv":[1.625,7.875,1.375,6.625],"rotation":0,"texture":"#0","tintindex":0},"west":{"uv":[8.375,4.125,9.625,4.25],"rotation":0,"texture":"#0","tintindex":0}}},{"name":"cube","from":[6.9922743,7.721808,7.5300646],"to":[7.31292,8.3631,10.736523],"rotation":{"angle":45.0,"axis":"z","origin":[7.0784273,8.276947,9.133295]},"faces":{"down":{"uv":[3.40625,7.78125,3.65625,6.53125],"rotation":0,"texture":"#0","tintindex":0},"east":{"uv":[3.40625,7.78125,3.65625,6.53125],"rotation":0,"texture":"#0","tintindex":0},"north":{"uv":[3.40625,7.78125,3.65625,6.53125],"rotation":0,"texture":"#0","tintindex":0},"south":{"uv":[3.40625,7.78125,3.65625,6.53125],"rotation":0,"texture":"#0","tintindex":0},"up":{"uv":[3.40625,7.78125,3.65625,6.53125],"rotation":0,"texture":"#0","tintindex":0},"west":{"uv":[3.375,7.53125,3.625,6.5],"rotation":90,"texture":"#0","tintindex":0}}},{"name":"cube","from":[6.7204514,8.274756,7.5300646],"to":[7.041097,8.916049,10.736523],"rotation":{"angle":22.5,"axis":"z","origin":[6.8330154,8.869424,9.133295]},"faces":{"down":{"uv":[3.40625,7.78125,3.65625,6.53125],"rotation":0,"texture":"#0","tintindex":0},"east":{"uv":[3.40625,7.78125,3.65625,6.53125],"rotation":0,"texture":"#0","tintindex":0},"north":{"uv":[3.40625,7.78125,3.65625,6.53125],"rotation":0,"texture":"#0","tintindex":0},"south":{"uv":[3.40625,7.78125,3.65625,6.53125],"rotation":0,"texture":"#0","tintindex":0},"up":{"uv":[3.40625,7.78125,3.65625,6.53125],"rotation":0,"texture":"#0","tintindex":0},"west":{"uv":[3.375,7.53125,3.625,6.5],"rotation":90,"texture":"#0","tintindex":0}}},{"name":"cube","from":[8.003035,7.6334662,7.5300646],"to":[8.644325,7.9541116,10.736523],"rotation":{"angle":22.5,"axis":"z","origin":[8.115599,7.5868406,9.133295]},"faces":{"down":{"uv":[11.09375,3.25,11.34375,4.5],"rotation":0,"texture":"#0","tintindex":0},"east":{"uv":[9.625,4.125,8.375,4.25],"rotation":0,"texture":"#0","tintindex":0},"north":{"uv":[1.75,8.625,1.5,8.75],"rotation":0,"texture":"#0","tintindex":0},"south":{"uv":[11.65625,4.5625,11.939131,4.703941],"rotation":0,"texture":"#0","tintindex":0},"up":{"uv":[1.375,7.875,1.625,6.625],"rotation":0,"texture":"#0","tintindex":0},"west":{"uv":[9.625,3.875,8.375,4.0],"rotation":0,"texture":"#0","tintindex":0}}},{"name":"cube","from":[8.745972,7.5495033,7.5300646],"to":[9.066618,8.190794,10.736523],"rotation":{"angle":-45.0,"axis":"z","origin":[9.15277,8.276947,9.133295]},"faces":{"down":{"uv":[3.40625,7.78125,3.65625,6.53125],"rotation":0,"texture":"#0","tintindex":0},"east":{"uv":[3.375,7.53125,3.625,6.5],"rotation":90,"texture":"#0","tintindex":0},"north":{"uv":[3.40625,7.78125,3.65625,6.53125],"rotation":0,"texture":"#0","tintindex":0},"south":{"uv":[3.40625,7.78125,3.65625,6.53125],"rotation":0,"texture":"#0","tintindex":0},"up":{"uv":[3.40625,7.78125,3.65625,6.53125],"rotation":0,"texture":"#0","tintindex":0},"west":{"uv":[3.375,7.53125,3.625,6.5],"rotation":90,"texture":"#0","tintindex":0}}},{"name":"cube","from":[8.964972,8.181505,7.5300646],"to":[9.285618,8.822798,10.736523],"rotation":{"angle":-22.5,"axis":"z","origin":[9.398182,8.869424,9.133295]},"faces":{"down":{"uv":[3.40625,7.78125,3.65625,6.53125],"rotation":0,"texture":"#0","tintindex":0},"east":{"uv":[3.375,7.53125,3.625,6.5],"rotation":90,"texture":"#0","tintindex":0},"north":{"uv":[3.40625,7.78125,3.65625,6.53125],"rotation":0,"texture":"#0","tintindex":0},"south":{"uv":[3.40625,7.78125,3.65625,6.53125],"rotation":0,"texture":"#0","tintindex":0},"up":{"uv":[3.40625,7.78125,3.65625,6.53125],"rotation":0,"texture":"#0","tintindex":0},"west":{"uv":[3.375,7.53125,3.625,6.5],"rotation":90,"texture":"#0","tintindex":0}}},{"name":"cube","from":[8.7898445,8.872097,7.5300646],"to":[9.11049,9.798407,10.736523],"rotation":{"angle":45.0,"axis":"z","origin":[9.196644,9.070961,9.133295]},"faces":{"down":{"uv":[3.625,8.5,3.75,9.75],"rotation":0,"texture":"#0","tintindex":0},"east":{"uv":[3.375,7.53125,3.625,6.5],"rotation":90,"texture":"#0","tintindex":0},"north":{"uv":[9.875,9.25,9.75,9.5],"rotation":0,"texture":"#0","tintindex":0},"south":{"uv":[3.5476906,6.9086065,3.40625,6.5],"rotation":0,"texture":"#0","tintindex":0},"up":{"uv":[3.375,9.75,3.5,8.5],"rotation":0,"texture":"#0","tintindex":0},"west":{"uv":[7.75,2.5,6.5,2.75],"rotation":0,"texture":"#0","tintindex":0}}},{"name":"cube","from":[8.004154,9.393797,7.5300646],"to":[8.688199,9.714444,10.736523],"rotation":{"angle":-22.5,"axis":"z","origin":[8.1594715,9.76107,9.133295]},"faces":{"down":{"uv":[3.75,6.5,4.0,7.75],"rotation":0,"texture":"#0","tintindex":0},"east":{"uv":[9.625,3.625,8.375,3.75],"rotation":0,"texture":"#0","tintindex":0},"north":{"uv":[3.625,2.5,3.375,2.625],"rotation":0,"texture":"#0","tintindex":0},"south":{"uv":[3.625,5.125,3.375,5.25],"rotation":0,"texture":"#0","tintindex":0},"up":{"uv":[3.375,7.75,3.625,6.5],"rotation":0,"texture":"#0","tintindex":0},"west":{"uv":[9.625,3.375,8.375,3.5],"rotation":0,"texture":"#0","tintindex":0}}},{"name":"cube","from":[7.9981346,9.34976,9.211674],"to":[7.9981346,10.489834,10.594014],"rotation":{"angle":0.0,"axis":"x","origin":[8.714949,9.777288,9.724707]},"faces":{"down":{"uv":[1.0,7.628125,1.25,7.875],"rotation":0,"texture":"#0","tintindex":0},"east":{"uv":[0.625,7.875,0.875,7.625],"rotation":180,"texture":"#0","tintindex":0},"north":{"uv":[6.25,5.625,6.0,5.625],"rotation":0,"texture":"#0","tintindex":0},"south":{"uv":[7.75,6.125,7.5,6.125],"rotation":0,"texture":"#0","tintindex":0},"up":{"uv":[0.625,7.875,0.875,7.625],"rotation":0,"texture":"#0","tintindex":0},"west":{"uv":[1.0,7.628125,1.25,7.875],"rotation":0,"texture":"#0","tintindex":0}}},{"name":"cube","from":[8.169146,9.492269,7.6440725],"to":[8.169146,10.632343,9.1689205],"rotation":{"angle":0.0,"axis":"x","origin":[8.119974,10.489834,8.691516]},"faces":{"down":{"uv":[1.0,7.628125,1.25,7.875],"rotation":0,"texture":"#0","tintindex":0},"east":{"uv":[0.625,7.875,0.875,7.625],"rotation":180,"texture":"#0","tintindex":0},"north":{"uv":[6.25,5.625,6.0,5.625],"rotation":0,"texture":"#0","tintindex":0},"south":{"uv":[7.75,6.125,7.5,6.125],"rotation":0,"texture":"#0","tintindex":0},"up":{"uv":[0.625,7.875,0.875,7.625],"rotation":0,"texture":"#0","tintindex":0},"west":{"uv":[1.0,7.628125,1.25,7.875],"rotation":0,"texture":"#0","tintindex":0}}},{"name":"cube","from":[7.7429156,10.175378,6.9420714],"to":[7.7429156,12.438653,9.870922],"rotation":{"angle":22.5,"axis":"z","origin":[8.04114,11.583779,-9.726458]},"faces":{"down":{"uv":[1.0,7.628125,1.25,7.875],"rotation":0,"texture":"#1","tintindex":0},"east":{"uv":[0.625,7.875,0.875,7.625],"rotation":180,"texture":"#1","tintindex":0},"north":{"uv":[6.25,5.625,6.0,5.625],"rotation":0,"texture":"#1","tintindex":0},"south":{"uv":[7.75,6.125,7.5,6.125],"rotation":0,"texture":"#1","tintindex":0},"up":{"uv":[0.625,7.875,0.875,7.625],"rotation":0,"texture":"#1","tintindex":0},"west":{"uv":[0.0,0.0,16.0,16.0],"rotation":0,"texture":"#1","tintindex":0}}},{"name":"cube","from":[7.5719047,10.032869,8.509674],"to":[7.5719047,12.296142,11.296013],"rotation":{"angle":22.5,"axis":"z","origin":[8.04114,11.583779,-9.726458]},"faces":{"down":{"uv":[1.0,7.628125,1.25,7.875],"rotation":0,"texture":"#1","tintindex":0},"east":{"uv":[0.625,7.875,0.875,7.625],"rotation":180,"texture":"#1","tintindex":0},"north":{"uv":[6.25,5.625,6.0,5.625],"rotation":0,"texture":"#1","tintindex":0},"south":{"uv":[7.75,6.125,7.5,6.125],"rotation":0,"texture":"#1","tintindex":0},"up":{"uv":[0.625,7.875,0.875,7.625],"rotation":0,"texture":"#1","tintindex":0},"west":{"uv":[0.0,0.0,16.0,16.0],"rotation":0,"texture":"#1","tintindex":0}}},{"name":"cube","from":[9.596767,10.362713,6.9420714],"to":[9.596767,12.625988,9.870922],"rotation":{"angle":-22.5,"axis":"z","origin":[7.1710243,12.570631,-9.726458]},"faces":{"down":{"uv":[1.0,7.628125,1.25,7.875],"rotation":0,"texture":"#1","tintindex":0},"east":{"uv":[0.625,7.875,0.875,7.625],"rotation":180,"texture":"#1","tintindex":0},"north":{"uv":[6.25,5.625,6.0,5.625],"rotation":0,"texture":"#1","tintindex":0},"south":{"uv":[7.75,6.125,7.5,6.125],"rotation":0,"texture":"#1","tintindex":0},"up":{"uv":[0.625,7.875,0.875,7.625],"rotation":0,"texture":"#1","tintindex":0},"west":{"uv":[0.0,0.0,16.0,16.0],"rotation":0,"texture":"#1","tintindex":0}}},{"name":"cube","from":[9.425756,10.220204,8.509674],"to":[9.425756,12.483478,11.296013],"rotation":{"angle":-22.5,"axis":"z","origin":[7.1710243,12.570631,-9.726458]},"faces":{"down":{"uv":[1.0,7.628125,1.25,7.875],"rotation":0,"texture":"#1","tintindex":0},"east":{"uv":[0.625,7.875,0.875,7.625],"rotation":180,"texture":"#1","tintindex":0},"north":{"uv":[6.25,5.625,6.0,5.625],"rotation":0,"texture":"#1","tintindex":0},"south":{"uv":[7.75,6.125,7.5,6.125],"rotation":0,"texture":"#1","tintindex":0},"up":{"uv":[0.625,7.875,0.875,7.625],"rotation":0,"texture":"#1","tintindex":0},"west":{"uv":[0.0,0.0,16.0,16.0],"rotation":0,"texture":"#1","tintindex":0}}},{"name":"cube","from":[7.0810995,9.253877,9.211674],"to":[7.0810995,10.108931,10.308994],"rotation":{"angle":22.5,"axis":"z","origin":[7.273325,9.854387,1.138525]},"faces":{"down":{"uv":[1.0,7.628125,1.25,7.875],"rotation":0,"texture":"#0","tintindex":0},"east":{"uv":[0.625,7.875,0.875,7.625],"rotation":180,"texture":"#0","tintindex":0},"north":{"uv":[6.25,5.625,6.0,5.625],"rotation":0,"texture":"#0","tintindex":0},"south":{"uv":[7.75,6.125,7.5,6.125],"rotation":0,"texture":"#0","tintindex":0},"up":{"uv":[0.625,7.875,0.875,7.625],"rotation":0,"texture":"#0","tintindex":0},"west":{"uv":[1.0,7.628125,1.25,7.875],"rotation":0,"texture":"#0","tintindex":0}}},{"name":"cube","from":[7.2521105,9.396385,7.6440725],"to":[7.2521105,10.25144,8.883903],"rotation":{"angle":22.5,"axis":"z","origin":[7.273325,9.854387,1.138525]},"faces":{"down":{"uv":[1.0,7.628125,1.25,7.875],"rotation":0,"texture":"#0","tintindex":0},"east":{"uv":[0.625,7.875,0.875,7.625],"rotation":180,"texture":"#0","tintindex":0},"north":{"uv":[6.25,5.625,6.0,5.625],"rotation":0,"texture":"#0","tintindex":0},"south":{"uv":[7.75,6.125,7.5,6.125],"rotation":0,"texture":"#0","tintindex":0},"up":{"uv":[0.625,7.875,0.875,7.625],"rotation":0,"texture":"#0","tintindex":0},"west":{"uv":[1.0,7.628125,1.25,7.875],"rotation":0,"texture":"#0","tintindex":0}}},{"name":"cube","from":[8.719955,9.018114,9.211674],"to":[8.719955,10.01568,10.308994],"rotation":{"angle":-22.5,"axis":"z","origin":[8.91218,9.711876,1.138525]},"faces":{"down":{"uv":[1.0,7.628125,1.25,7.875],"rotation":0,"texture":"#0","tintindex":0},"east":{"uv":[0.625,7.875,0.875,7.625],"rotation":180,"texture":"#0","tintindex":0},"north":{"uv":[6.25,5.625,6.0,5.625],"rotation":0,"texture":"#0","tintindex":0},"south":{"uv":[7.75,6.125,7.5,6.125],"rotation":0,"texture":"#0","tintindex":0},"up":{"uv":[0.625,7.875,0.875,7.625],"rotation":0,"texture":"#0","tintindex":0},"west":{"uv":[1.0,7.628125,1.25,7.875],"rotation":0,"texture":"#0","tintindex":0}}},{"name":"cube","from":[8.890966,9.160625,7.6440725],"to":[8.890966,10.158189,8.883903],"rotation":{"angle":-22.5,"axis":"z","origin":[8.91218,9.711876,1.138525]},"faces":{"down":{"uv":[1.0,7.628125,1.25,7.875],"rotation":0,"texture":"#0","tintindex":0},"east":{"uv":[0.625,7.875,0.875,7.625],"rotation":180,"texture":"#0","tintindex":0},"north":{"uv":[6.25,5.625,6.0,5.625],"rotation":0,"texture":"#0","tintindex":0},"south":{"uv":[7.75,6.125,7.5,6.125],"rotation":0,"texture":"#0","tintindex":0},"up":{"uv":[0.625,7.875,0.875,7.625],"rotation":0,"texture":"#0","tintindex":0},"west":{"uv":[1.0,7.628125,1.25,7.875],"rotation":0,"texture":"#0","tintindex":0}}},{"name":"cube","from":[7.4142046,8.081912,9.596003],"to":[8.535147,9.443505,10.779028],"rotation":{"angle":0.0,"axis":"x","origin":[8.78405,9.083559,9.133295]},"faces":{"down":{"uv":[6.71875,8.0625,6.375,7.5],"rotation":0,"texture":"#0","tintindex":0},"east":{"uv":[6.71875,8.0625,6.375,7.5],"rotation":0,"texture":"#0","tintindex":0},"north":{"uv":[6.71875,8.0625,6.375,7.5],"rotation":0,"texture":"#0","tintindex":0},"south":{"uv":[6.71875,8.0625,6.375,7.5],"rotation":0,"texture":"#0","tintindex":0},"up":{"uv":[6.71875,8.0625,6.375,7.5],"rotation":0,"texture":"#0","tintindex":0},"west":{"uv":[6.71875,8.0625,6.375,7.5],"rotation":0,"texture":"#0","tintindex":0}}},{"name":"cube","from":[6.145275,8.852127,7.957593],"to":[7.427858,8.852127,8.912405],"rotation":{"angle":-22.5,"axis":"z","origin":[6.8328433,8.904987,-2.1574526]},"faces":{"down":{"uv":[1.25,7.625,1.0,7.875],"rotation":0,"texture":"#0","tintindex":0},"east":{"uv":[11.375,5.375,10.125,5.375],"rotation":0,"texture":"#0","tintindex":0},"north":{"uv":[6.25,5.625,6.0,5.625],"rotation":0,"texture":"#0","tintindex":0},"south":{"uv":[7.75,6.125,7.5,6.125],"rotation":0,"texture":"#0","tintindex":0},"up":{"uv":[0.875,7.875,0.625,7.625],"rotation":0,"texture":"#0","tintindex":0},"west":{"uv":[11.375,2.125,10.125,2.125],"rotation":0,"texture":"#0","tintindex":0}}},{"name":"cube","from":[6.145275,8.852127,9.240175],"to":[7.242596,8.852127,10.052477],"rotation":{"angle":-22.5,"axis":"z","origin":[6.8328433,8.904987,-2.1574526]},"faces":{"down":{"uv":[1.25,7.625,1.0,7.875],"rotation":0,"texture":"#0","tintindex":0},"east":{"uv":[11.375,5.375,10.125,5.375],"rotation":0,"texture":"#0","tintindex":0},"north":{"uv":[6.25,5.625,6.0,5.625],"rotation":0,"texture":"#0","tintindex":0},"south":{"uv":[7.75,6.125,7.5,6.125],"rotation":0,"texture":"#0","tintindex":0},"up":{"uv":[0.875,7.875,0.625,7.625],"rotation":0,"texture":"#0","tintindex":0},"west":{"uv":[11.375,2.125,10.125,2.125],"rotation":0,"texture":"#0","tintindex":0}}},{"name":"cube","from":[8.663481,9.164992,9.240175],"to":[9.760801,9.164992,10.052477],"rotation":{"angle":22.5,"axis":"z","origin":[9.376728,9.124604,-2.1574526]},"faces":{"down":{"uv":[1.0,7.628125,1.25,7.875],"rotation":0,"texture":"#0","tintindex":0},"east":{"uv":[11.375,5.375,10.125,5.375],"rotation":0,"texture":"#0","tintindex":0},"north":{"uv":[6.25,5.625,6.0,5.625],"rotation":0,"texture":"#0","tintindex":0},"south":{"uv":[7.75,6.125,7.5,6.125],"rotation":0,"texture":"#0","tintindex":0},"up":{"uv":[0.625,7.875,0.875,7.625],"rotation":0,"texture":"#0","tintindex":0},"west":{"uv":[11.375,2.125,10.125,2.125],"rotation":0,"texture":"#0","tintindex":0}}},{"name":"cube","from":[8.663481,9.164992,7.957593],"to":[9.946064,9.164992,8.912405],"rotation":{"angle":22.5,"axis":"z","origin":[9.376728,9.124604,-2.1574526]},"faces":{"down":{"uv":[1.0,7.628125,1.25,7.875],"rotation":0,"texture":"#0","tintindex":0},"east":{"uv":[11.375,5.375,10.125,5.375],"rotation":0,"texture":"#0","tintindex":0},"north":{"uv":[6.25,5.625,6.0,5.625],"rotation":0,"texture":"#0","tintindex":0},"south":{"uv":[7.75,6.125,7.5,6.125],"rotation":0,"texture":"#0","tintindex":0},"up":{"uv":[0.625,7.875,0.875,7.625],"rotation":0,"texture":"#0","tintindex":0},"west":{"uv":[11.375,2.125,10.125,2.125],"rotation":0,"texture":"#0","tintindex":0}}}],"display":{"head":{"translation":[0.0,-6.4,0.0],"rotation":[0.0,0.0,0.0],"scale":[3.8095,3.8095,3.8095]}}}