{"textures":{"0":"modelengine:entity/fyresalamander","1":"modelengine:entity/fireanimation"},"elements":[{"name":"cube","from":[5.4200115,7.872996,15.610593],"to":[10.346596,11.923742,15.610593],"rotation":{"angle":0.0,"axis":"x","origin":[7.883304,10.336287,15.610593]},"faces":{"down":{"uv":[10.75,9.5,10.0,9.5],"rotation":0,"texture":"#0","tintindex":0},"east":{"uv":[5.25,10.125,5.25,10.875],"rotation":0,"texture":"#0","tintindex":0},"north":{"uv":[0.75,4.625,1.5,5.375],"rotation":0,"texture":"#0","tintindex":0},"south":{"uv":[4.75,1.625,5.5,2.375],"rotation":0,"texture":"#0","tintindex":0},"up":{"uv":[10.75,2.625,10.0,2.625],"rotation":0,"texture":"#0","tintindex":0},"west":{"uv":[5.625,10.125,5.625,10.875],"rotation":0,"texture":"#0","tintindex":0}}},{"name":"cube","from":[6.1511655,11.798482,7.420146],"to":[7.90284,12.619579,15.63112],"rotation":{"angle":22.5,"axis":"z","origin":[7.79336,12.619579,11.525633]},"faces":{"down":{"uv":[4.0,6.5,3.75,7.75],"rotation":0,"texture":"#0","tintindex":0},"east":{"uv":[8.375,3.375,9.625,3.5],"rotation":0,"texture":"#0","tintindex":0},"north":{"uv":[3.375,2.5,3.625,2.625],"rotation":0,"texture":"#0","tintindex":0},"south":{"uv":[3.61424,6.6414404,3.375,6.5],"rotation":0,"texture":"#0","tintindex":0},"up":{"uv":[3.625,7.75,3.375,6.5],"rotation":0,"texture":"#0","tintindex":0},"west":{"uv":[8.375,3.625,9.625,3.75],"rotation":0,"texture":"#0","tintindex":0}}},{"name":"cube","from":[5.1150064,10.122515,7.420146],"to":[5.936104,12.494574,15.63112],"rotation":{"angle":-45.0,"axis":"z","origin":[5.1150064,10.852379,11.525633]},"faces":{"down":{"uv":[3.75,8.5,3.625,9.75],"rotation":0,"texture":"#0","tintindex":0},"east":{"uv":[6.5,2.5,7.75,2.75],"rotation":0,"texture":"#0","tintindex":0},"north":{"uv":[9.75,9.25,9.875,9.5],"rotation":0,"texture":"#0","tintindex":0},"south":{"uv":[3.5164406,6.9086065,3.375,6.5],"rotation":0,"texture":"#0","tintindex":0},"up":{"uv":[3.5,9.75,3.375,8.5],"rotation":0,"texture":"#0","tintindex":0},"west":{"uv":[3.375,7.53125,3.625,6.5],"rotation":90,"texture":"#0","tintindex":0}}},{"name":"cube","from":[6.241109,7.051898,7.420146],"to":[7.883304,7.872996,15.63112],"rotation":{"angle":-22.5,"axis":"z","origin":[7.883304,7.051898,11.525633]},"faces":{"down":{"uv":[11.09375,3.25,11.34375,4.5],"rotation":0,"texture":"#0","tintindex":0},"east":{"uv":[8.375,3.875,9.625,4.0],"rotation":0,"texture":"#0","tintindex":0},"north":{"uv":[1.5,8.625,1.75,8.75],"rotation":0,"texture":"#0","tintindex":0},"south":{"uv":[11.65625,4.5625,11.939132,4.703941],"rotation":0,"texture":"#0","tintindex":0},"up":{"uv":[1.625,7.875,1.375,6.625],"rotation":0,"texture":"#0","tintindex":0},"west":{"uv":[8.375,4.125,9.625,4.25],"rotation":0,"texture":"#0","tintindex":0}}},{"name":"cube","from":[5.227355,7.176902,7.420146],"to":[6.0484524,8.8190975,15.63112],"rotation":{"angle":45.0,"axis":"z","origin":[5.227355,8.8190975,11.525633]},"faces":{"down":{"uv":[11.375,4.4375,11.625,5.6875],"rotation":90,"texture":"#0","tintindex":0},"east":{"uv":[11.375,4.4375,11.625,5.6875],"rotation":90,"texture":"#0","tintindex":0},"north":{"uv":[11.375,4.4375,11.625,5.6875],"rotation":90,"texture":"#0","tintindex":0},"south":{"uv":[11.375,4.4375,11.625,5.6875],"rotation":90,"texture":"#0","tintindex":0},"up":{"uv":[11.375,4.4375,11.625,5.6875],"rotation":90,"texture":"#0","tintindex":0},"west":{"uv":[11.375,4.4375,11.625,5.6875],"rotation":90,"texture":"#0","tintindex":0}}},{"name":"cube","from":[4.5989146,8.694094,7.420146],"to":[5.4200115,10.336287,15.63112],"rotation":{"angle":22.5,"axis":"z","origin":[4.5989146,10.336287,11.525633]},"faces":{"down":{"uv":[3.40625,7.78125,3.65625,6.53125],"rotation":0,"texture":"#0","tintindex":0},"east":{"uv":[3.40625,7.78125,3.65625,6.53125],"rotation":0,"texture":"#0","tintindex":0},"north":{"uv":[3.40625,7.78125,3.65625,6.53125],"rotation":0,"texture":"#0","tintindex":0},"south":{"uv":[3.40625,7.78125,3.65625,6.53125],"rotation":0,"texture":"#0","tintindex":0},"up":{"uv":[3.40625,7.78125,3.65625,6.53125],"rotation":0,"texture":"#0","tintindex":0},"west":{"uv":[3.375,7.53125,3.625,6.5],"rotation":90,"texture":"#0","tintindex":0}}},{"name":"cube","from":[7.883304,7.051898,7.420146],"to":[9.525499,7.872996,15.63112],"rotation":{"angle":22.5,"axis":"z","origin":[7.883304,7.051898,11.525633]},"faces":{"down":{"uv":[11.09375,3.25,11.34375,4.5],"rotation":0,"texture":"#0","tintindex":0},"east":{"uv":[9.625,4.125,8.375,4.25],"rotation":0,"texture":"#0","tintindex":0},"north":{"uv":[1.75,8.625,1.5,8.75],"rotation":0,"texture":"#0","tintindex":0},"south":{"uv":[11.65625,4.5625,11.939131,4.703941],"rotation":0,"texture":"#0","tintindex":0},"up":{"uv":[1.375,7.875,1.625,6.625],"rotation":0,"texture":"#0","tintindex":0},"west":{"uv":[9.625,3.875,8.375,4.0],"rotation":0,"texture":"#0","tintindex":0}}},{"name":"cube","from":[9.718155,7.176902,7.420146],"to":[10.539253,8.8190975,15.63112],"rotation":{"angle":-45.0,"axis":"z","origin":[10.539253,8.8190975,11.525633]},"faces":{"down":{"uv":[11.375,4.4375,11.625,5.6875],"rotation":90,"texture":"#0","tintindex":0},"east":{"uv":[11.09375,4.496875,12.34375,4.71875],"rotation":0,"texture":"#0","tintindex":0},"north":{"uv":[11.375,4.4375,11.625,5.6875],"rotation":90,"texture":"#0","tintindex":0},"south":{"uv":[11.375,4.4375,11.625,5.6875],"rotation":90,"texture":"#0","tintindex":0},"up":{"uv":[11.375,4.4375,11.625,5.6875],"rotation":90,"texture":"#0","tintindex":0},"west":{"uv":[11.375,4.4375,11.625,5.6875],"rotation":90,"texture":"#0","tintindex":0}}},{"name":"cube","from":[10.346596,8.694094,7.420146],"to":[11.167694,10.336287,15.63112],"rotation":{"angle":-22.5,"axis":"z","origin":[11.167694,10.336287,11.525633]},"faces":{"down":{"uv":[3.40625,7.78125,3.65625,6.53125],"rotation":0,"texture":"#0","tintindex":0},"east":{"uv":[3.40625,6.7505603,4.502801,6.53125],"rotation":0,"texture":"#0","tintindex":0},"north":{"uv":[3.40625,7.78125,3.65625,6.53125],"rotation":0,"texture":"#0","tintindex":0},"south":{"uv":[3.40625,7.78125,3.65625,6.53125],"rotation":0,"texture":"#0","tintindex":0},"up":{"uv":[3.40625,7.78125,3.65625,6.53125],"rotation":0,"texture":"#0","tintindex":0},"west":{"uv":[3.375,7.53125,3.625,6.5],"rotation":90,"texture":"#0","tintindex":0}}},{"name":"cube","from":[9.830503,10.122515,7.420146],"to":[10.651602,12.494574,15.63112],"rotation":{"angle":45.0,"axis":"z","origin":[10.651602,10.852379,11.525633]},"faces":{"down":{"uv":[3.625,8.5,3.75,9.75],"rotation":0,"texture":"#0","tintindex":0},"east":{"uv":[3.40625,6.8480315,4.502801,6.53125],"rotation":0,"texture":"#0","tintindex":0},"north":{"uv":[9.875,9.25,9.75,9.5],"rotation":0,"texture":"#0","tintindex":0},"south":{"uv":[3.5476906,6.9086065,3.40625,6.5],"rotation":0,"texture":"#0","tintindex":0},"up":{"uv":[3.375,9.75,3.5,8.5],"rotation":0,"texture":"#0","tintindex":0},"west":{"uv":[7.75,2.5,6.5,2.75],"rotation":0,"texture":"#0","tintindex":0}}},{"name":"cube","from":[7.8861723,11.798482,7.420146],"to":[9.637847,12.619579,15.63112],"rotation":{"angle":-22.5,"axis":"z","origin":[7.995652,12.619579,11.525633]},"faces":{"down":{"uv":[3.75,6.5,4.0,7.75],"rotation":0,"texture":"#0","tintindex":0},"east":{"uv":[9.625,3.625,8.375,3.75],"rotation":0,"texture":"#0","tintindex":0},"north":{"uv":[3.625,2.5,3.375,2.625],"rotation":0,"texture":"#0","tintindex":0},"south":{"uv":[3.625,5.125,3.375,5.25],"rotation":0,"texture":"#0","tintindex":0},"up":{"uv":[3.375,7.75,3.625,6.5],"rotation":0,"texture":"#0","tintindex":0},"west":{"uv":[9.625,3.375,8.375,3.5],"rotation":0,"texture":"#0","tintindex":0}}},{"name":"cube","from":[7.8945065,11.566314,11.726345],"to":[7.8945065,14.48577,15.266189],"rotation":{"angle":0.0,"axis":"x","origin":[9.4180975,12.66111,13.040102]},"faces":{"down":{"uv":[1.0,7.628125,1.25,7.875],"rotation":0,"texture":"#0","tintindex":0},"east":{"uv":[0.625,7.875,0.875,7.625],"rotation":180,"texture":"#0","tintindex":0},"north":{"uv":[6.25,5.625,6.0,5.625],"rotation":0,"texture":"#0","tintindex":0},"south":{"uv":[7.75,6.125,7.5,6.125],"rotation":0,"texture":"#0","tintindex":0},"up":{"uv":[0.625,7.875,0.875,7.625],"rotation":0,"texture":"#0","tintindex":0},"west":{"uv":[1.0,7.628125,1.25,7.875],"rotation":0,"texture":"#0","tintindex":0}}},{"name":"cube","from":[8.332424,11.931245,7.712092],"to":[8.332424,14.850701,11.616866],"rotation":{"angle":0.0,"axis":"x","origin":[7.8945065,14.48577,10.394343]},"faces":{"down":{"uv":[1.0,7.628125,1.25,7.875],"rotation":0,"texture":"#0","tintindex":0},"east":{"uv":[0.625,7.875,0.875,7.625],"rotation":180,"texture":"#0","tintindex":0},"north":{"uv":[6.25,5.625,6.0,5.625],"rotation":0,"texture":"#0","tintindex":0},"south":{"uv":[7.75,6.125,7.5,6.125],"rotation":0,"texture":"#0","tintindex":0},"up":{"uv":[0.625,7.875,0.875,7.625],"rotation":0,"texture":"#0","tintindex":0},"west":{"uv":[1.0,7.628125,1.25,7.875],"rotation":0,"texture":"#0","tintindex":0}}},{"name":"cube","from":[7.9061947,12.614354,7.010092],"to":[7.9061947,16.657013,12.318866],"rotation":{"angle":22.5,"axis":"z","origin":[8.103975,12.248931,26.815144]},"faces":{"down":{"uv":[1.0,7.628125,1.25,7.875],"rotation":0,"texture":"#1","tintindex":0},"east":{"uv":[0.625,7.875,0.875,7.625],"rotation":180,"texture":"#1","tintindex":0},"north":{"uv":[6.25,5.625,6.0,5.625],"rotation":0,"texture":"#1","tintindex":0},"south":{"uv":[7.75,6.125,7.5,6.125],"rotation":0,"texture":"#1","tintindex":0},"up":{"uv":[0.625,7.875,0.875,7.625],"rotation":0,"texture":"#1","tintindex":0},"west":{"uv":[0.0,0.0,16.0,16.0],"rotation":0,"texture":"#1","tintindex":0}}},{"name":"cube","from":[7.4682765,12.249423,11.024345],"to":[7.4682765,16.29208,15.968187],"rotation":{"angle":22.5,"axis":"z","origin":[8.103975,12.248931,26.815144]},"faces":{"down":{"uv":[1.0,7.628125,1.25,7.875],"rotation":0,"texture":"#1","tintindex":0},"east":{"uv":[0.625,7.875,0.875,7.625],"rotation":180,"texture":"#1","tintindex":0},"north":{"uv":[6.25,5.625,6.0,5.625],"rotation":0,"texture":"#1","tintindex":0},"south":{"uv":[7.75,6.125,7.5,6.125],"rotation":0,"texture":"#1","tintindex":0},"up":{"uv":[0.625,7.875,0.875,7.625],"rotation":0,"texture":"#1","tintindex":0},"west":{"uv":[0.0,0.0,16.0,16.0],"rotation":0,"texture":"#1","tintindex":0}}},{"name":"cube","from":[9.760046,12.801689,7.010092],"to":[9.760046,16.844347,12.318866],"rotation":{"angle":-22.5,"axis":"z","origin":[7.2338605,13.23578,26.815144]},"faces":{"down":{"uv":[1.0,7.628125,1.25,7.875],"rotation":0,"texture":"#1","tintindex":0},"east":{"uv":[0.625,7.875,0.875,7.625],"rotation":180,"texture":"#1","tintindex":0},"north":{"uv":[6.25,5.625,6.0,5.625],"rotation":0,"texture":"#1","tintindex":0},"south":{"uv":[7.75,6.125,7.5,6.125],"rotation":0,"texture":"#1","tintindex":0},"up":{"uv":[0.625,7.875,0.875,7.625],"rotation":0,"texture":"#1","tintindex":0},"west":{"uv":[0.0,0.0,16.0,16.0],"rotation":0,"texture":"#1","tintindex":0}}},{"name":"cube","from":[9.322128,12.436758,11.024345],"to":[9.322128,16.479416,15.968187],"rotation":{"angle":-22.5,"axis":"z","origin":[7.2338605,13.23578,26.815144]},"faces":{"down":{"uv":[1.0,7.628125,1.25,7.875],"rotation":0,"texture":"#1","tintindex":0},"east":{"uv":[0.625,7.875,0.875,7.625],"rotation":180,"texture":"#1","tintindex":0},"north":{"uv":[6.25,5.625,6.0,5.625],"rotation":0,"texture":"#1","tintindex":0},"south":{"uv":[7.75,6.125,7.5,6.125],"rotation":0,"texture":"#1","tintindex":0},"up":{"uv":[0.625,7.875,0.875,7.625],"rotation":0,"texture":"#1","tintindex":0},"west":{"uv":[0.0,0.0,16.0,16.0],"rotation":0,"texture":"#1","tintindex":0}}},{"name":"cube","from":[5.5224476,11.201382,11.726345],"to":[5.5224476,13.390973,14.536323],"rotation":{"angle":22.5,"axis":"z","origin":[5.726441,12.8585415,-8.947062]},"faces":{"down":{"uv":[1.0,7.628125,1.25,7.875],"rotation":0,"texture":"#0","tintindex":0},"east":{"uv":[0.625,7.875,0.875,7.625],"rotation":180,"texture":"#0","tintindex":0},"north":{"uv":[6.25,5.625,6.0,5.625],"rotation":0,"texture":"#0","tintindex":0},"south":{"uv":[7.75,6.125,7.5,6.125],"rotation":0,"texture":"#0","tintindex":0},"up":{"uv":[0.625,7.875,0.875,7.625],"rotation":0,"texture":"#0","tintindex":0},"west":{"uv":[1.0,7.628125,1.25,7.875],"rotation":0,"texture":"#0","tintindex":0}}},{"name":"cube","from":[5.960366,11.566314,7.712092],"to":[5.960366,13.755907,10.887001],"rotation":{"angle":22.5,"axis":"z","origin":[5.726441,12.8585415,-8.947062]},"faces":{"down":{"uv":[1.0,7.628125,1.25,7.875],"rotation":0,"texture":"#0","tintindex":0},"east":{"uv":[0.625,7.875,0.875,7.625],"rotation":180,"texture":"#0","tintindex":0},"north":{"uv":[6.25,5.625,6.0,5.625],"rotation":0,"texture":"#0","tintindex":0},"south":{"uv":[7.75,6.125,7.5,6.125],"rotation":0,"texture":"#0","tintindex":0},"up":{"uv":[0.625,7.875,0.875,7.625],"rotation":0,"texture":"#0","tintindex":0},"west":{"uv":[1.0,7.628125,1.25,7.875],"rotation":0,"texture":"#0","tintindex":0}}},{"name":"cube","from":[9.719168,10.836449,11.726345],"to":[9.719168,13.390973,14.536323],"rotation":{"angle":-22.5,"axis":"z","origin":[9.923161,12.493609,-8.947062]},"faces":{"down":{"uv":[1.0,7.628125,1.25,7.875],"rotation":0,"texture":"#0","tintindex":0},"east":{"uv":[0.625,7.875,0.875,7.625],"rotation":180,"texture":"#0","tintindex":0},"north":{"uv":[6.25,5.625,6.0,5.625],"rotation":0,"texture":"#0","tintindex":0},"south":{"uv":[7.75,6.125,7.5,6.125],"rotation":0,"texture":"#0","tintindex":0},"up":{"uv":[0.625,7.875,0.875,7.625],"rotation":0,"texture":"#0","tintindex":0},"west":{"uv":[1.0,7.628125,1.25,7.875],"rotation":0,"texture":"#0","tintindex":0}}},{"name":"cube","from":[10.157085,11.201382,7.712092],"to":[10.157085,13.755907,10.887001],"rotation":{"angle":-22.5,"axis":"z","origin":[9.923161,12.493609,-8.947062]},"faces":{"down":{"uv":[1.0,7.628125,1.25,7.875],"rotation":0,"texture":"#0","tintindex":0},"east":{"uv":[0.625,7.875,0.875,7.625],"rotation":180,"texture":"#0","tintindex":0},"north":{"uv":[6.25,5.625,6.0,5.625],"rotation":0,"texture":"#0","tintindex":0},"south":{"uv":[7.75,6.125,7.5,6.125],"rotation":0,"texture":"#0","tintindex":0},"up":{"uv":[0.625,7.875,0.875,7.625],"rotation":0,"texture":"#0","tintindex":0},"west":{"uv":[1.0,7.628125,1.25,7.875],"rotation":0,"texture":"#0","tintindex":0}}},{"name":"cube","from":[6.3991995,8.319656,12.71052],"to":[9.269667,11.806372,15.739968],"rotation":{"angle":0.0,"axis":"x","origin":[9.595049,10.884634,11.525633]},"faces":{"down":{"uv":[6.71875,8.0625,6.375,7.5],"rotation":0,"texture":"#0","tintindex":0},"east":{"uv":[6.71875,8.0625,6.375,7.5],"rotation":0,"texture":"#0","tintindex":0},"north":{"uv":[6.71875,8.0625,6.375,7.5],"rotation":0,"texture":"#0","tintindex":0},"south":{"uv":[6.71875,8.0625,6.375,7.5],"rotation":0,"texture":"#0","tintindex":0},"up":{"uv":[6.71875,8.0625,6.375,7.5],"rotation":0,"texture":"#0","tintindex":0},"west":{"uv":[6.71875,8.0625,6.375,7.5],"rotation":0,"texture":"#0","tintindex":0}}},{"name":"cube","from":[3.1260252,10.411389,8.514942],"to":[6.410414,10.411389,10.959988],"rotation":{"angle":-22.5,"axis":"z","origin":[4.5984726,10.427361,-17.38728]},"faces":{"down":{"uv":[1.25,7.625,1.0,7.875],"rotation":0,"texture":"#0","tintindex":0},"east":{"uv":[11.375,5.375,10.125,5.375],"rotation":0,"texture":"#0","tintindex":0},"north":{"uv":[6.25,5.625,6.0,5.625],"rotation":0,"texture":"#0","tintindex":0},"south":{"uv":[7.75,6.125,7.5,6.125],"rotation":0,"texture":"#0","tintindex":0},"up":{"uv":[0.875,7.875,0.625,7.625],"rotation":0,"texture":"#0","tintindex":0},"west":{"uv":[11.375,2.125,10.125,2.125],"rotation":0,"texture":"#0","tintindex":0}}},{"name":"cube","from":[3.1260252,10.411389,11.799332],"to":[5.9360027,10.411389,13.879446],"rotation":{"angle":-22.5,"axis":"z","origin":[4.5984726,10.427361,-17.38728]},"faces":{"down":{"uv":[1.25,7.625,1.0,7.875],"rotation":0,"texture":"#0","tintindex":0},"east":{"uv":[11.375,5.375,10.125,5.375],"rotation":0,"texture":"#0","tintindex":0},"north":{"uv":[6.25,5.625,6.0,5.625],"rotation":0,"texture":"#0","tintindex":0},"south":{"uv":[7.75,6.125,7.5,6.125],"rotation":0,"texture":"#0","tintindex":0},"up":{"uv":[0.875,7.875,0.625,7.625],"rotation":0,"texture":"#0","tintindex":0},"west":{"uv":[11.375,2.125,10.125,2.125],"rotation":0,"texture":"#0","tintindex":0}}},{"name":"cube","from":[9.574549,10.973772,11.799332],"to":[12.384526,10.973772,13.879446],"rotation":{"angle":22.5,"axis":"z","origin":[11.112757,10.989742,-17.38728]},"faces":{"down":{"uv":[1.0,7.628125,1.25,7.875],"rotation":0,"texture":"#0","tintindex":0},"east":{"uv":[11.375,5.375,10.125,5.375],"rotation":0,"texture":"#0","tintindex":0},"north":{"uv":[6.25,5.625,6.0,5.625],"rotation":0,"texture":"#0","tintindex":0},"south":{"uv":[7.75,6.125,7.5,6.125],"rotation":0,"texture":"#0","tintindex":0},"up":{"uv":[0.625,7.875,0.875,7.625],"rotation":0,"texture":"#0","tintindex":0},"west":{"uv":[11.375,2.125,10.125,2.125],"rotation":0,"texture":"#0","tintindex":0}}},{"name":"cube","from":[9.574549,10.973772,8.514942],"to":[12.858937,10.973772,10.959988],"rotation":{"angle":22.5,"axis":"z","origin":[11.112757,10.989742,-17.38728]},"faces":{"down":{"uv":[1.0,7.628125,1.25,7.875],"rotation":0,"texture":"#0","tintindex":0},"east":{"uv":[11.375,5.375,10.125,5.375],"rotation":0,"texture":"#0","tintindex":0},"north":{"uv":[6.25,5.625,6.0,5.625],"rotation":0,"texture":"#0","tintindex":0},"south":{"uv":[7.75,6.125,7.5,6.125],"rotation":0,"texture":"#0","tintindex":0},"up":{"uv":[0.625,7.875,0.875,7.625],"rotation":0,"texture":"#0","tintindex":0},"west":{"uv":[11.375,2.125,10.125,2.125],"rotation":0,"texture":"#0","tintindex":0}}}],"display":{"head":{"translation":[0.0,-6.4,0.0],"rotation":[0.0,0.0,0.0],"scale":[3.8095,3.8095,3.8095]}}}