{"textures":{"0":"modelengine:entity/fyresalamander","1":"modelengine:entity/fireanimation"},"elements":[{"name":"cube","from":[5.6503534,8.034468,4.7767015],"to":[11.340349,8.034468,12.073081],"rotation":{"angle":22.5,"axis":"y","origin":[11.490552,8.034468,4.6808915]},"faces":{"down":{"uv":[0.0,0.0,16.0,16.0],"rotation":90,"texture":"#1","tintindex":0},"east":{"uv":[3.125,6.5,3.7369094,7.079941],"rotation":0,"texture":"#0","tintindex":0},"north":{"uv":[3.125,6.5,3.7369094,7.079941],"rotation":0,"texture":"#0","tintindex":0},"south":{"uv":[3.125,6.5,3.7369094,7.079941],"rotation":0,"texture":"#0","tintindex":0},"up":{"uv":[16.0,0.0,0.0,16.0],"rotation":90,"texture":"#1","tintindex":0},"west":{"uv":[3.125,6.5,3.7369094,7.079941],"rotation":0,"texture":"#0","tintindex":0}}},{"name":"cube","from":[5.6231575,6.5836678,8.18868],"to":[8.317953,9.522266,11.553859],"rotation":{"angle":0.0,"axis":"x","origin":[0.8865547,8.5209675,5.331669]},"faces":{"down":{"uv":[3.125,6.5,3.4848819,6.9494095],"rotation":0,"texture":"#0","tintindex":0},"east":{"uv":[3.125,6.5,3.7369094,6.979941],"rotation":0,"texture":"#0","tintindex":0},"north":{"uv":[3.125,6.5,3.7369094,6.979941],"rotation":0,"texture":"#0","tintindex":0},"south":{"uv":[3.125,6.5,3.7369094,6.979941],"rotation":0,"texture":"#0","tintindex":0},"up":{"uv":[3.125,6.5,3.7369094,6.979941],"rotation":0,"texture":"#0","tintindex":0},"west":{"uv":[3.125,6.5,3.7369094,6.979941],"rotation":0,"texture":"#0","tintindex":0}}},{"name":"cube","from":[5.710478,7.7536683,12.554581],"to":[9.528475,7.7536683,18.914959],"rotation":{"angle":22.5,"axis":"y","origin":[-7.7714443,7.5664682,6.552891]},"faces":{"down":{"uv":[4.947382,3.625,4.40625,4.2869096],"rotation":180,"texture":"#0","tintindex":0},"east":{"uv":[3.125,6.5,3.7369094,7.079941],"rotation":0,"texture":"#0","tintindex":0},"north":{"uv":[3.125,6.5,3.7369094,7.079941],"rotation":0,"texture":"#0","tintindex":0},"south":{"uv":[3.125,6.5,3.7369094,7.079941],"rotation":0,"texture":"#0","tintindex":0},"up":{"uv":[4.40625,3.625,4.947382,4.2869096],"rotation":0,"texture":"#0","tintindex":0},"west":{"uv":[3.125,6.5,3.7369094,7.079941],"rotation":0,"texture":"#0","tintindex":0}}},{"name":"cube","from":[5.3891573,6.443267,8.941901],"to":[8.551953,9.662666,10.809481],"rotation":{"angle":0.0,"axis":"x","origin":[0.8865547,8.5209675,5.4296913]},"faces":{"down":{"uv":[4.875,7.3125,5.3098817,7.5306597],"rotation":0,"texture":"#0","tintindex":0},"east":{"uv":[4.875,7.3125,5.3119097,7.5286317],"rotation":90,"texture":"#0","tintindex":0},"north":{"uv":[4.875,7.09375,5.3119097,7.3098817],"rotation":90,"texture":"#0","tintindex":0},"south":{"uv":[4.875,7.09375,5.3119097,7.3098817],"rotation":90,"texture":"#0","tintindex":0},"up":{"uv":[4.875,7.3125,5.3098817,7.5306597],"rotation":0,"texture":"#0","tintindex":0},"west":{"uv":[4.875,7.3125,5.3098817,7.5306597],"rotation":0,"texture":"#0","tintindex":0}}},{"name":"cube","from":[7.0739574,8.352265,7.2526803],"to":[7.0739574,13.162865,12.021859],"rotation":{"angle":0.0,"axis":"x","origin":[0.8865547,7.715564,5.331669]},"faces":{"down":{"uv":[3.125,6.5,3.4848819,6.9494095],"rotation":0,"texture":"#0","tintindex":0},"east":{"uv":[4.28125,3.6875,5.011191,4.2994094],"rotation":270,"texture":"#0","tintindex":0},"north":{"uv":[3.125,6.5,3.7369094,6.979941],"rotation":0,"texture":"#0","tintindex":0},"south":{"uv":[3.125,6.5,3.7369094,6.979941],"rotation":0,"texture":"#0","tintindex":0},"up":{"uv":[3.125,6.5,3.7369094,6.979941],"rotation":0,"texture":"#0","tintindex":0},"west":{"uv":[4.28125,4.2994094,5.011191,3.6875],"rotation":270,"texture":"#0","tintindex":0}}}],"display":{"head":{"translation":[0.0,-6.4,0.0],"rotation":[0.0,0.0,0.0],"scale":[3.8095,3.8095,3.8095]}}}