{"textures":{"0":"modelengine:entity/fyresalamander","1":"modelengine:entity/fireanimation"},"elements":[{"name":"cube","from":[6.7206964,7.9680915,11.775898],"to":[9.262814,10.058277,11.775898],"rotation":{"angle":0.0,"axis":"x","origin":[8.152746,9.239151,11.775898]},"faces":{"down":{"uv":[10.75,9.5,10.0,9.5],"rotation":0,"texture":"#0","tintindex":0},"east":{"uv":[5.25,10.125,5.25,10.875],"rotation":0,"texture":"#0","tintindex":0},"north":{"uv":[0.75,4.625,1.5,5.375],"rotation":0,"texture":"#0","tintindex":0},"south":{"uv":[4.75,1.625,5.5,2.375],"rotation":0,"texture":"#0","tintindex":0},"up":{"uv":[10.75,2.625,10.0,2.625],"rotation":0,"texture":"#0","tintindex":0},"west":{"uv":[5.625,10.125,5.625,10.875],"rotation":0,"texture":"#0","tintindex":0}}},{"name":"cube","from":[7.110226,10.055252,7.549627],"to":[8.01409,10.478937,11.78649],"rotation":{"angle":22.5,"axis":"z","origin":[8.106336,10.417329,9.668058]},"faces":{"down":{"uv":[4.0,6.5,3.75,7.75],"rotation":0,"texture":"#0","tintindex":0},"east":{"uv":[8.375,3.375,9.625,3.5],"rotation":0,"texture":"#0","tintindex":0},"north":{"uv":[3.375,2.5,3.625,2.625],"rotation":0,"texture":"#0","tintindex":0},"south":{"uv":[3.61424,6.6414404,3.375,6.5],"rotation":0,"texture":"#0","tintindex":0},"up":{"uv":[3.625,7.75,3.375,6.5],"rotation":0,"texture":"#0","tintindex":0},"west":{"uv":[8.375,3.625,9.625,3.75],"rotation":0,"texture":"#0","tintindex":0}}},{"name":"cube","from":[6.610467,9.015006,7.549627],"to":[7.034153,10.238989,11.78649],"rotation":{"angle":-45.0,"axis":"z","origin":[6.724305,9.505455,9.668058]},"faces":{"down":{"uv":[3.75,8.5,3.625,9.75],"rotation":0,"texture":"#0","tintindex":0},"east":{"uv":[6.5,2.5,7.75,2.75],"rotation":0,"texture":"#0","tintindex":0},"north":{"uv":[9.75,9.25,9.875,9.5],"rotation":0,"texture":"#0","tintindex":0},"south":{"uv":[3.5164406,6.9086065,3.375,6.5],"rotation":0,"texture":"#0","tintindex":0},"up":{"uv":[3.5,9.75,3.375,8.5],"rotation":0,"texture":"#0","tintindex":0},"west":{"uv":[3.375,7.53125,3.625,6.5],"rotation":90,"texture":"#0","tintindex":0}}},{"name":"cube","from":[7.156637,7.4827957,7.549627],"to":[8.004009,7.9064837,11.78649],"rotation":{"angle":-22.5,"axis":"z","origin":[8.152746,7.544406,9.668058]},"faces":{"down":{"uv":[11.09375,3.25,11.34375,4.5],"rotation":0,"texture":"#0","tintindex":0},"east":{"uv":[8.375,3.875,9.625,4.0],"rotation":0,"texture":"#0","tintindex":0},"north":{"uv":[1.5,8.625,1.75,8.75],"rotation":0,"texture":"#0","tintindex":0},"south":{"uv":[11.65625,4.5625,11.939132,4.703941],"rotation":0,"texture":"#0","tintindex":0},"up":{"uv":[1.625,7.875,1.375,6.625],"rotation":0,"texture":"#0","tintindex":0},"west":{"uv":[8.375,4.125,9.625,4.25],"rotation":0,"texture":"#0","tintindex":0}}},{"name":"cube","from":[6.668439,7.7227464,7.549627],"to":[7.092125,8.57012,11.78649],"rotation":{"angle":45.0,"axis":"z","origin":[6.782277,8.456281,9.668058]},"faces":{"down":{"uv":[3.40625,7.78125,3.65625,6.53125],"rotation":0,"texture":"#0","tintindex":0},"east":{"uv":[3.40625,7.78125,3.65625,6.53125],"rotation":0,"texture":"#0","tintindex":0},"north":{"uv":[3.40625,7.78125,3.65625,6.53125],"rotation":0,"texture":"#0","tintindex":0},"south":{"uv":[3.40625,7.78125,3.65625,6.53125],"rotation":0,"texture":"#0","tintindex":0},"up":{"uv":[3.40625,7.78125,3.65625,6.53125],"rotation":0,"texture":"#0","tintindex":0},"west":{"uv":[3.375,7.53125,3.625,6.5],"rotation":90,"texture":"#0","tintindex":0}}},{"name":"cube","from":[6.3092647,8.453387,7.549627],"to":[6.7329507,9.300758,11.78649],"rotation":{"angle":22.5,"axis":"z","origin":[6.458002,9.239151,9.668058]},"faces":{"down":{"uv":[3.40625,7.78125,3.65625,6.53125],"rotation":0,"texture":"#0","tintindex":0},"east":{"uv":[3.40625,7.78125,3.65625,6.53125],"rotation":0,"texture":"#0","tintindex":0},"north":{"uv":[3.40625,7.78125,3.65625,6.53125],"rotation":0,"texture":"#0","tintindex":0},"south":{"uv":[3.40625,7.78125,3.65625,6.53125],"rotation":0,"texture":"#0","tintindex":0},"up":{"uv":[3.40625,7.78125,3.65625,6.53125],"rotation":0,"texture":"#0","tintindex":0},"west":{"uv":[3.375,7.53125,3.625,6.5],"rotation":90,"texture":"#0","tintindex":0}}},{"name":"cube","from":[8.004009,7.6060143,7.549627],"to":[8.851382,8.029699,11.78649],"rotation":{"angle":22.5,"axis":"z","origin":[8.152746,7.544406,9.668058]},"faces":{"down":{"uv":[11.09375,3.25,11.34375,4.5],"rotation":0,"texture":"#0","tintindex":0},"east":{"uv":[9.625,4.125,8.375,4.25],"rotation":0,"texture":"#0","tintindex":0},"north":{"uv":[1.75,8.625,1.5,8.75],"rotation":0,"texture":"#0","tintindex":0},"south":{"uv":[11.65625,4.5625,11.939131,4.703941],"rotation":0,"texture":"#0","tintindex":0},"up":{"uv":[1.375,7.875,1.625,6.625],"rotation":0,"texture":"#0","tintindex":0},"west":{"uv":[9.625,3.875,8.375,4.0],"rotation":0,"texture":"#0","tintindex":0}}},{"name":"cube","from":[8.985691,7.4950686,7.549627],"to":[9.409378,8.342442,11.78649],"rotation":{"angle":-45.0,"axis":"z","origin":[9.523216,8.456281,9.668058]},"faces":{"down":{"uv":[3.40625,7.78125,3.65625,6.53125],"rotation":0,"texture":"#0","tintindex":0},"east":{"uv":[3.375,7.53125,3.625,6.5],"rotation":90,"texture":"#0","tintindex":0},"north":{"uv":[3.40625,7.78125,3.65625,6.53125],"rotation":0,"texture":"#0","tintindex":0},"south":{"uv":[3.40625,7.78125,3.65625,6.53125],"rotation":0,"texture":"#0","tintindex":0},"up":{"uv":[3.40625,7.78125,3.65625,6.53125],"rotation":0,"texture":"#0","tintindex":0},"west":{"uv":[3.375,7.53125,3.625,6.5],"rotation":90,"texture":"#0","tintindex":0}}},{"name":"cube","from":[9.275068,8.330169,7.549627],"to":[9.698755,9.177542,11.78649],"rotation":{"angle":-22.5,"axis":"z","origin":[9.847492,9.239151,9.668058]},"faces":{"down":{"uv":[3.40625,7.78125,3.65625,6.53125],"rotation":0,"texture":"#0","tintindex":0},"east":{"uv":[3.375,7.53125,3.625,6.5],"rotation":90,"texture":"#0","tintindex":0},"north":{"uv":[3.40625,7.78125,3.65625,6.53125],"rotation":0,"texture":"#0","tintindex":0},"south":{"uv":[3.40625,7.78125,3.65625,6.53125],"rotation":0,"texture":"#0","tintindex":0},"up":{"uv":[3.40625,7.78125,3.65625,6.53125],"rotation":0,"texture":"#0","tintindex":0},"west":{"uv":[3.375,7.53125,3.625,6.5],"rotation":90,"texture":"#0","tintindex":0}}},{"name":"cube","from":[9.043663,9.2426815,7.549627],"to":[9.46735,10.466667,11.78649],"rotation":{"angle":45.0,"axis":"z","origin":[9.581188,9.505455,9.668058]},"faces":{"down":{"uv":[3.625,8.5,3.75,9.75],"rotation":0,"texture":"#0","tintindex":0},"east":{"uv":[3.375,7.53125,3.625,6.5],"rotation":90,"texture":"#0","tintindex":0},"north":{"uv":[9.875,9.25,9.75,9.5],"rotation":0,"texture":"#0","tintindex":0},"south":{"uv":[3.5476906,6.9086065,3.40625,6.5],"rotation":0,"texture":"#0","tintindex":0},"up":{"uv":[3.375,9.75,3.5,8.5],"rotation":0,"texture":"#0","tintindex":0},"west":{"uv":[7.75,2.5,6.5,2.75],"rotation":0,"texture":"#0","tintindex":0}}},{"name":"cube","from":[8.005489,9.932034,7.549627],"to":[8.909353,10.3557205,11.78649],"rotation":{"angle":-22.5,"axis":"z","origin":[8.210718,10.417329,9.668058]},"faces":{"down":{"uv":[3.75,6.5,4.0,7.75],"rotation":0,"texture":"#0","tintindex":0},"east":{"uv":[9.625,3.625,8.375,3.75],"rotation":0,"texture":"#0","tintindex":0},"north":{"uv":[3.625,2.5,3.375,2.625],"rotation":0,"texture":"#0","tintindex":0},"south":{"uv":[3.625,5.125,3.375,5.25],"rotation":0,"texture":"#0","tintindex":0},"up":{"uv":[3.375,7.75,3.625,6.5],"rotation":0,"texture":"#0","tintindex":0},"west":{"uv":[9.625,3.375,8.375,3.5],"rotation":0,"texture":"#0","tintindex":0}}},{"name":"cube","from":[7.997535,9.873844,9.7716255],"to":[7.997535,11.380282,11.598186],"rotation":{"angle":0.0,"axis":"x","origin":[8.9447,10.438759,10.449526]},"faces":{"down":{"uv":[1.0,7.628125,1.25,7.875],"rotation":0,"texture":"#0","tintindex":0},"east":{"uv":[0.625,7.875,0.875,7.625],"rotation":180,"texture":"#0","tintindex":0},"north":{"uv":[6.25,5.625,6.0,5.625],"rotation":0,"texture":"#0","tintindex":0},"south":{"uv":[7.75,6.125,7.5,6.125],"rotation":0,"texture":"#0","tintindex":0},"up":{"uv":[0.625,7.875,0.875,7.625],"rotation":0,"texture":"#0","tintindex":0},"west":{"uv":[1.0,7.628125,1.25,7.875],"rotation":0,"texture":"#0","tintindex":0}}},{"name":"cube","from":[8.223501,10.06215,7.7002726],"to":[8.223501,11.568588,9.715136],"rotation":{"angle":0.0,"axis":"x","origin":[8.158527,11.380282,9.084314]},"faces":{"down":{"uv":[1.0,7.628125,1.25,7.875],"rotation":0,"texture":"#0","tintindex":0},"east":{"uv":[0.625,7.875,0.875,7.625],"rotation":180,"texture":"#0","tintindex":0},"north":{"uv":[6.25,5.625,6.0,5.625],"rotation":0,"texture":"#0","tintindex":0},"south":{"uv":[7.75,6.125,7.5,6.125],"rotation":0,"texture":"#0","tintindex":0},"up":{"uv":[0.625,7.875,0.875,7.625],"rotation":0,"texture":"#0","tintindex":0},"west":{"uv":[1.0,7.628125,1.25,7.875],"rotation":0,"texture":"#0","tintindex":0}}},{"name":"cube","from":[7.7972713,10.745259,6.998271],"to":[7.7972713,13.374899,10.417134],"rotation":{"angle":22.5,"axis":"z","origin":[8.078287,11.719506,-3.2970653]},"faces":{"down":{"uv":[1.0,7.628125,1.25,7.875],"rotation":0,"texture":"#1","tintindex":0},"east":{"uv":[0.625,7.875,0.875,7.625],"rotation":180,"texture":"#1","tintindex":0},"north":{"uv":[6.25,5.625,6.0,5.625],"rotation":0,"texture":"#1","tintindex":0},"south":{"uv":[7.75,6.125,7.5,6.125],"rotation":0,"texture":"#1","tintindex":0},"up":{"uv":[0.625,7.875,0.875,7.625],"rotation":0,"texture":"#1","tintindex":0},"west":{"uv":[0.0,0.0,16.0,16.0],"rotation":0,"texture":"#1","tintindex":0}}},{"name":"cube","from":[7.5713053,10.556953,9.069627],"to":[7.5713053,13.186593,12.300184],"rotation":{"angle":22.5,"axis":"z","origin":[8.078287,11.719506,-3.2970653]},"faces":{"down":{"uv":[1.0,7.628125,1.25,7.875],"rotation":0,"texture":"#1","tintindex":0},"east":{"uv":[0.625,7.875,0.875,7.625],"rotation":180,"texture":"#1","tintindex":0},"north":{"uv":[6.25,5.625,6.0,5.625],"rotation":0,"texture":"#1","tintindex":0},"south":{"uv":[7.75,6.125,7.5,6.125],"rotation":0,"texture":"#1","tintindex":0},"up":{"uv":[0.625,7.875,0.875,7.625],"rotation":0,"texture":"#1","tintindex":0},"west":{"uv":[0.0,0.0,16.0,16.0],"rotation":0,"texture":"#1","tintindex":0}}},{"name":"cube","from":[9.651123,10.932594,6.998271],"to":[9.651123,13.562234,10.417134],"rotation":{"angle":-22.5,"axis":"z","origin":[7.2081723,12.706358,-3.2970653]},"faces":{"down":{"uv":[1.0,7.628125,1.25,7.875],"rotation":0,"texture":"#1","tintindex":0},"east":{"uv":[0.625,7.875,0.875,7.625],"rotation":180,"texture":"#1","tintindex":0},"north":{"uv":[6.25,5.625,6.0,5.625],"rotation":0,"texture":"#1","tintindex":0},"south":{"uv":[7.75,6.125,7.5,6.125],"rotation":0,"texture":"#1","tintindex":0},"up":{"uv":[0.625,7.875,0.875,7.625],"rotation":0,"texture":"#1","tintindex":0},"west":{"uv":[0.0,0.0,16.0,16.0],"rotation":0,"texture":"#1","tintindex":0}}},{"name":"cube","from":[9.425158,10.744289,9.069627],"to":[9.425158,13.373928,12.300184],"rotation":{"angle":-22.5,"axis":"z","origin":[7.2081723,12.706358,-3.2970653]},"faces":{"down":{"uv":[1.0,7.628125,1.25,7.875],"rotation":0,"texture":"#1","tintindex":0},"east":{"uv":[0.625,7.875,0.875,7.625],"rotation":180,"texture":"#1","tintindex":0},"north":{"uv":[6.25,5.625,6.0,5.625],"rotation":0,"texture":"#1","tintindex":0},"south":{"uv":[7.75,6.125,7.5,6.125],"rotation":0,"texture":"#1","tintindex":0},"up":{"uv":[0.625,7.875,0.875,7.625],"rotation":0,"texture":"#1","tintindex":0},"west":{"uv":[0.0,0.0,16.0,16.0],"rotation":0,"texture":"#1","tintindex":0}}},{"name":"cube","from":[6.7858076,9.747147,9.7716255],"to":[6.7858076,10.876978,11.221576],"rotation":{"angle":22.5,"axis":"z","origin":[7.0398054,10.540634,-0.8958521]},"faces":{"down":{"uv":[1.0,7.628125,1.25,7.875],"rotation":0,"texture":"#0","tintindex":0},"east":{"uv":[0.625,7.875,0.875,7.625],"rotation":180,"texture":"#0","tintindex":0},"north":{"uv":[6.25,5.625,6.0,5.625],"rotation":0,"texture":"#0","tintindex":0},"south":{"uv":[7.75,6.125,7.5,6.125],"rotation":0,"texture":"#0","tintindex":0},"up":{"uv":[0.625,7.875,0.875,7.625],"rotation":0,"texture":"#0","tintindex":0},"west":{"uv":[1.0,7.628125,1.25,7.875],"rotation":0,"texture":"#0","tintindex":0}}},{"name":"cube","from":[7.011773,9.935452,7.7002726],"to":[7.011773,11.065282,9.338526],"rotation":{"angle":22.5,"axis":"z","origin":[7.0398054,10.540634,-0.8958521]},"faces":{"down":{"uv":[1.0,7.628125,1.25,7.875],"rotation":0,"texture":"#0","tintindex":0},"east":{"uv":[0.625,7.875,0.875,7.625],"rotation":180,"texture":"#0","tintindex":0},"north":{"uv":[6.25,5.625,6.0,5.625],"rotation":0,"texture":"#0","tintindex":0},"south":{"uv":[7.75,6.125,7.5,6.125],"rotation":0,"texture":"#0","tintindex":0},"up":{"uv":[0.625,7.875,0.875,7.625],"rotation":0,"texture":"#0","tintindex":0},"west":{"uv":[1.0,7.628125,1.25,7.875],"rotation":0,"texture":"#0","tintindex":0}}},{"name":"cube","from":[8.951315,9.435625,9.7716255],"to":[8.951315,10.753759,11.221576],"rotation":{"angle":-22.5,"axis":"z","origin":[9.205313,10.352329,-0.8958521]},"faces":{"down":{"uv":[1.0,7.628125,1.25,7.875],"rotation":0,"texture":"#0","tintindex":0},"east":{"uv":[0.625,7.875,0.875,7.625],"rotation":180,"texture":"#0","tintindex":0},"north":{"uv":[6.25,5.625,6.0,5.625],"rotation":0,"texture":"#0","tintindex":0},"south":{"uv":[7.75,6.125,7.5,6.125],"rotation":0,"texture":"#0","tintindex":0},"up":{"uv":[0.625,7.875,0.875,7.625],"rotation":0,"texture":"#0","tintindex":0},"west":{"uv":[1.0,7.628125,1.25,7.875],"rotation":0,"texture":"#0","tintindex":0}}},{"name":"cube","from":[9.177281,9.62393,7.7002726],"to":[9.177281,10.942066,9.338526],"rotation":{"angle":-22.5,"axis":"z","origin":[9.205313,10.352329,-0.8958521]},"faces":{"down":{"uv":[1.0,7.628125,1.25,7.875],"rotation":0,"texture":"#0","tintindex":0},"east":{"uv":[0.625,7.875,0.875,7.625],"rotation":180,"texture":"#0","tintindex":0},"north":{"uv":[6.25,5.625,6.0,5.625],"rotation":0,"texture":"#0","tintindex":0},"south":{"uv":[7.75,6.125,7.5,6.125],"rotation":0,"texture":"#0","tintindex":0},"up":{"uv":[0.625,7.875,0.875,7.625],"rotation":0,"texture":"#0","tintindex":0},"west":{"uv":[1.0,7.628125,1.25,7.875],"rotation":0,"texture":"#0","tintindex":0}}},{"name":"cube","from":[7.225957,8.198568,10.279459],"to":[8.707117,9.997715,11.842656],"rotation":{"angle":0.0,"axis":"x","origin":[9.036007,9.522099,9.668058]},"faces":{"down":{"uv":[6.71875,8.0625,6.375,7.5],"rotation":0,"texture":"#0","tintindex":0},"east":{"uv":[6.71875,8.0625,6.375,7.5],"rotation":0,"texture":"#0","tintindex":0},"north":{"uv":[6.71875,8.0625,6.375,7.5],"rotation":0,"texture":"#0","tintindex":0},"south":{"uv":[6.71875,8.0625,6.375,7.5],"rotation":0,"texture":"#0","tintindex":0},"up":{"uv":[6.71875,8.0625,6.375,7.5],"rotation":0,"texture":"#0","tintindex":0},"west":{"uv":[6.71875,8.0625,6.375,7.5],"rotation":0,"texture":"#0","tintindex":0}}},{"name":"cube","from":[5.549254,9.216294,8.114542],"to":[7.2439985,9.216294,9.376186],"rotation":{"angle":-22.5,"axis":"z","origin":[6.457774,9.286144,-5.2510033]},"faces":{"down":{"uv":[1.25,7.625,1.0,7.875],"rotation":0,"texture":"#0","tintindex":0},"east":{"uv":[11.375,5.375,10.125,5.375],"rotation":0,"texture":"#0","tintindex":0},"north":{"uv":[6.25,5.625,6.0,5.625],"rotation":0,"texture":"#0","tintindex":0},"south":{"uv":[7.75,6.125,7.5,6.125],"rotation":0,"texture":"#0","tintindex":0},"up":{"uv":[0.875,7.875,0.625,7.625],"rotation":0,"texture":"#0","tintindex":0},"west":{"uv":[11.375,2.125,10.125,2.125],"rotation":0,"texture":"#0","tintindex":0}}},{"name":"cube","from":[5.549254,9.216294,9.809288],"to":[6.999202,9.216294,10.882626],"rotation":{"angle":-22.5,"axis":"z","origin":[6.457774,9.286144,-5.2510033]},"faces":{"down":{"uv":[1.25,7.625,1.0,7.875],"rotation":0,"texture":"#0","tintindex":0},"east":{"uv":[11.375,5.375,10.125,5.375],"rotation":0,"texture":"#0","tintindex":0},"north":{"uv":[6.25,5.625,6.0,5.625],"rotation":0,"texture":"#0","tintindex":0},"south":{"uv":[7.75,6.125,7.5,6.125],"rotation":0,"texture":"#0","tintindex":0},"up":{"uv":[0.875,7.875,0.625,7.625],"rotation":0,"texture":"#0","tintindex":0},"west":{"uv":[11.375,2.125,10.125,2.125],"rotation":0,"texture":"#0","tintindex":0}}},{"name":"cube","from":[8.876692,9.6297035,9.809288],"to":[10.32664,9.6297035,10.882626],"rotation":{"angle":22.5,"axis":"z","origin":[9.819144,9.576334,-5.2510033]},"faces":{"down":{"uv":[1.0,7.628125,1.25,7.875],"rotation":0,"texture":"#0","tintindex":0},"east":{"uv":[11.375,5.375,10.125,5.375],"rotation":0,"texture":"#0","tintindex":0},"north":{"uv":[6.25,5.625,6.0,5.625],"rotation":0,"texture":"#0","tintindex":0},"south":{"uv":[7.75,6.125,7.5,6.125],"rotation":0,"texture":"#0","tintindex":0},"up":{"uv":[0.625,7.875,0.875,7.625],"rotation":0,"texture":"#0","tintindex":0},"west":{"uv":[11.375,2.125,10.125,2.125],"rotation":0,"texture":"#0","tintindex":0}}},{"name":"cube","from":[8.876692,9.6297035,8.114542],"to":[10.571436,9.6297035,9.376186],"rotation":{"angle":22.5,"axis":"z","origin":[9.819144,9.576334,-5.2510033]},"faces":{"down":{"uv":[1.0,7.628125,1.25,7.875],"rotation":0,"texture":"#0","tintindex":0},"east":{"uv":[11.375,5.375,10.125,5.375],"rotation":0,"texture":"#0","tintindex":0},"north":{"uv":[6.25,5.625,6.0,5.625],"rotation":0,"texture":"#0","tintindex":0},"south":{"uv":[7.75,6.125,7.5,6.125],"rotation":0,"texture":"#0","tintindex":0},"up":{"uv":[0.625,7.875,0.875,7.625],"rotation":0,"texture":"#0","tintindex":0},"west":{"uv":[11.375,2.125,10.125,2.125],"rotation":0,"texture":"#0","tintindex":0}}}],"display":{"head":{"translation":[0.0,-6.4,0.0],"rotation":[0.0,0.0,0.0],"scale":[3.8095,3.8095,3.8095]}}}