{"textures":{"0":"modelengine:entity/fyresalamander","1":"modelengine:entity/fireanimation"},"elements":[{"name":"cube","from":[5.767211,5.828335,14.728383],"to":[10.088776,9.38162,14.728383],"rotation":{"angle":0.0,"axis":"x","origin":[7.9279933,7.9891167,14.728383]},"faces":{"down":{"uv":[10.75,9.5,10.0,9.5],"rotation":0,"texture":"#0","tintindex":0},"east":{"uv":[5.25,10.125,5.25,10.875],"rotation":0,"texture":"#0","tintindex":0},"north":{"uv":[0.75,4.625,1.5,5.375],"rotation":0,"texture":"#0","tintindex":0},"south":{"uv":[4.75,1.625,5.5,2.375],"rotation":0,"texture":"#0","tintindex":0},"up":{"uv":[10.75,2.625,10.0,2.625],"rotation":0,"texture":"#0","tintindex":0},"west":{"uv":[5.625,10.125,5.625,10.875],"rotation":0,"texture":"#0","tintindex":0}}},{"name":"cube","from":[6.4085736,9.271744,7.5437813],"to":[7.9451303,9.992004,14.74639],"rotation":{"angle":22.5,"axis":"z","origin":[7.8490953,9.992004,11.145086]},"faces":{"down":{"uv":[4.0,6.5,3.75,7.75],"rotation":0,"texture":"#0","tintindex":0},"east":{"uv":[8.375,3.375,9.625,3.5],"rotation":0,"texture":"#0","tintindex":0},"north":{"uv":[3.375,2.5,3.625,2.625],"rotation":0,"texture":"#0","tintindex":0},"south":{"uv":[3.61424,6.6414404,3.375,6.5],"rotation":0,"texture":"#0","tintindex":0},"up":{"uv":[3.625,7.75,3.375,6.5],"rotation":0,"texture":"#0","tintindex":0},"west":{"uv":[8.375,3.625,9.625,3.75],"rotation":0,"texture":"#0","tintindex":0}}},{"name":"cube","from":[5.4996624,7.8015985,7.5437813],"to":[6.219923,9.882352,14.74639],"rotation":{"angle":-45.0,"axis":"z","origin":[5.4996624,8.441829,11.145086]},"faces":{"down":{"uv":[3.75,8.5,3.625,9.75],"rotation":0,"texture":"#0","tintindex":0},"east":{"uv":[6.5,2.5,7.75,2.75],"rotation":0,"texture":"#0","tintindex":0},"north":{"uv":[9.75,9.25,9.875,9.5],"rotation":0,"texture":"#0","tintindex":0},"south":{"uv":[3.5164406,6.9086065,3.375,6.5],"rotation":0,"texture":"#0","tintindex":0},"up":{"uv":[3.5,9.75,3.375,8.5],"rotation":0,"texture":"#0","tintindex":0},"west":{"uv":[3.375,7.53125,3.625,6.5],"rotation":90,"texture":"#0","tintindex":0}}},{"name":"cube","from":[6.4874716,5.108073,7.5437813],"to":[7.9279933,5.828335,14.74639],"rotation":{"angle":-22.5,"axis":"z","origin":[7.9279933,5.108073,11.145086]},"faces":{"down":{"uv":[11.09375,3.25,11.34375,4.5],"rotation":0,"texture":"#0","tintindex":0},"east":{"uv":[8.375,3.875,9.625,4.0],"rotation":0,"texture":"#0","tintindex":0},"north":{"uv":[1.5,8.625,1.75,8.75],"rotation":0,"texture":"#0","tintindex":0},"south":{"uv":[11.65625,4.5625,11.939132,4.703941],"rotation":0,"texture":"#0","tintindex":0},"up":{"uv":[1.625,7.875,1.375,6.625],"rotation":0,"texture":"#0","tintindex":0},"west":{"uv":[8.375,4.125,9.625,4.25],"rotation":0,"texture":"#0","tintindex":0}}},{"name":"cube","from":[5.5982137,5.2177258,7.5437813],"to":[6.318475,6.658249,14.74639],"rotation":{"angle":45.0,"axis":"z","origin":[5.5982137,6.658249,11.145086]},"faces":{"down":{"uv":[7.461887,6.25,6.5,6.4423776],"rotation":0,"texture":"#0","tintindex":0},"east":{"uv":[7.461887,6.25,6.5,6.4423776],"rotation":0,"texture":"#0","tintindex":0},"north":{"uv":[7.461887,6.25,6.5,6.4423776],"rotation":0,"texture":"#0","tintindex":0},"south":{"uv":[7.461887,6.25,6.5,6.4423776],"rotation":0,"texture":"#0","tintindex":0},"up":{"uv":[7.461887,6.25,6.5,6.4423776],"rotation":0,"texture":"#0","tintindex":0},"west":{"uv":[11.65625,4.5625,11.848627,5.524387],"rotation":90,"texture":"#0","tintindex":0}}},{"name":"cube","from":[5.04695,6.5485964,7.5437813],"to":[5.767211,7.9891167,14.74639],"rotation":{"angle":22.5,"axis":"z","origin":[5.04695,7.9891167,11.145086]},"faces":{"down":{"uv":[3.40625,7.78125,3.65625,6.53125],"rotation":0,"texture":"#0","tintindex":0},"east":{"uv":[3.40625,7.78125,3.65625,6.53125],"rotation":0,"texture":"#0","tintindex":0},"north":{"uv":[3.40625,7.78125,3.65625,6.53125],"rotation":0,"texture":"#0","tintindex":0},"south":{"uv":[3.40625,7.78125,3.65625,6.53125],"rotation":0,"texture":"#0","tintindex":0},"up":{"uv":[3.40625,7.78125,3.65625,6.53125],"rotation":0,"texture":"#0","tintindex":0},"west":{"uv":[3.375,7.53125,3.625,6.5],"rotation":90,"texture":"#0","tintindex":0}}},{"name":"cube","from":[7.9279933,5.108073,7.5437813],"to":[9.368515,5.828335,14.74639],"rotation":{"angle":22.5,"axis":"z","origin":[7.9279933,5.108073,11.145086]},"faces":{"down":{"uv":[11.09375,3.25,11.34375,4.5],"rotation":0,"texture":"#0","tintindex":0},"east":{"uv":[9.625,4.125,8.375,4.25],"rotation":0,"texture":"#0","tintindex":0},"north":{"uv":[1.75,8.625,1.5,8.75],"rotation":0,"texture":"#0","tintindex":0},"south":{"uv":[11.65625,4.5625,11.939131,4.703941],"rotation":0,"texture":"#0","tintindex":0},"up":{"uv":[1.375,7.875,1.625,6.625],"rotation":0,"texture":"#0","tintindex":0},"west":{"uv":[9.625,3.875,8.375,4.0],"rotation":0,"texture":"#0","tintindex":0}}},{"name":"cube","from":[9.537513,5.2177258,7.5437813],"to":[10.257773,6.658249,14.74639],"rotation":{"angle":-45.0,"axis":"z","origin":[10.257773,6.658249,11.145086]},"faces":{"down":{"uv":[7.461887,6.25,6.5,6.4423776],"rotation":0,"texture":"#0","tintindex":0},"east":{"uv":[11.09375,4.496875,12.34375,4.71875],"rotation":0,"texture":"#0","tintindex":0},"north":{"uv":[7.461887,6.25,6.5,6.4423776],"rotation":0,"texture":"#0","tintindex":0},"south":{"uv":[7.461887,6.25,6.5,6.4423776],"rotation":0,"texture":"#0","tintindex":0},"up":{"uv":[7.461887,6.25,6.5,6.4423776],"rotation":0,"texture":"#0","tintindex":0},"west":{"uv":[7.461887,6.25,6.5,6.4423776],"rotation":0,"texture":"#0","tintindex":0}}},{"name":"cube","from":[10.088776,6.5485964,7.5437813],"to":[10.809037,7.9891167,14.74639],"rotation":{"angle":-22.5,"axis":"z","origin":[10.809037,7.9891167,11.145086]},"faces":{"down":{"uv":[3.40625,7.78125,3.65625,6.53125],"rotation":0,"texture":"#0","tintindex":0},"east":{"uv":[3.40625,6.7236276,4.368137,6.53125],"rotation":0,"texture":"#0","tintindex":0},"north":{"uv":[3.40625,7.78125,3.65625,6.53125],"rotation":0,"texture":"#0","tintindex":0},"south":{"uv":[3.40625,7.78125,3.65625,6.53125],"rotation":0,"texture":"#0","tintindex":0},"up":{"uv":[3.40625,7.78125,3.65625,6.53125],"rotation":0,"texture":"#0","tintindex":0},"west":{"uv":[3.375,7.53125,3.625,6.5],"rotation":90,"texture":"#0","tintindex":0}}},{"name":"cube","from":[9.636064,7.8015985,7.5437813],"to":[10.356324,9.882352,14.74639],"rotation":{"angle":45.0,"axis":"z","origin":[10.356324,8.441829,11.145086]},"faces":{"down":{"uv":[3.625,8.5,3.75,9.75],"rotation":0,"texture":"#0","tintindex":0},"east":{"uv":[3.40625,6.8091283,4.368137,6.53125],"rotation":0,"texture":"#0","tintindex":0},"north":{"uv":[9.875,9.25,9.75,9.5],"rotation":0,"texture":"#0","tintindex":0},"south":{"uv":[3.5476906,6.9086065,3.40625,6.5],"rotation":0,"texture":"#0","tintindex":0},"up":{"uv":[3.375,9.75,3.5,8.5],"rotation":0,"texture":"#0","tintindex":0},"west":{"uv":[7.75,2.5,6.5,2.75],"rotation":0,"texture":"#0","tintindex":0}}},{"name":"cube","from":[7.9305096,9.271744,7.5437813],"to":[9.467066,9.992004,14.74639],"rotation":{"angle":-22.5,"axis":"z","origin":[8.026545,9.992004,11.145086]},"faces":{"down":{"uv":[3.75,6.5,4.0,7.75],"rotation":0,"texture":"#0","tintindex":0},"east":{"uv":[9.625,3.625,8.375,3.75],"rotation":0,"texture":"#0","tintindex":0},"north":{"uv":[3.625,2.5,3.375,2.625],"rotation":0,"texture":"#0","tintindex":0},"south":{"uv":[3.625,5.125,3.375,5.25],"rotation":0,"texture":"#0","tintindex":0},"up":{"uv":[3.375,7.75,3.625,6.5],"rotation":0,"texture":"#0","tintindex":0},"west":{"uv":[9.625,3.375,8.375,3.5],"rotation":0,"texture":"#0","tintindex":0}}},{"name":"cube","from":[7.93782,9.068087,11.32115],"to":[7.93782,11.629016,14.426274],"rotation":{"angle":0.0,"axis":"x","origin":[9.274303,10.028436,12.473567]},"faces":{"down":{"uv":[1.0,7.628125,1.25,7.875],"rotation":0,"texture":"#0","tintindex":0},"east":{"uv":[0.625,7.875,0.875,7.625],"rotation":180,"texture":"#0","tintindex":0},"north":{"uv":[6.25,5.625,6.0,5.625],"rotation":0,"texture":"#0","tintindex":0},"south":{"uv":[7.75,6.125,7.5,6.125],"rotation":0,"texture":"#0","tintindex":0},"up":{"uv":[0.625,7.875,0.875,7.625],"rotation":0,"texture":"#0","tintindex":0},"west":{"uv":[1.0,7.628125,1.25,7.875],"rotation":0,"texture":"#0","tintindex":0}}},{"name":"cube","from":[8.321959,9.388203,7.7998743],"to":[8.321959,11.94913,11.225115],"rotation":{"angle":0.0,"axis":"x","origin":[7.93782,11.629016,10.152727]},"faces":{"down":{"uv":[1.0,7.628125,1.25,7.875],"rotation":0,"texture":"#0","tintindex":0},"east":{"uv":[0.625,7.875,0.875,7.625],"rotation":180,"texture":"#0","tintindex":0},"north":{"uv":[6.25,5.625,6.0,5.625],"rotation":0,"texture":"#0","tintindex":0},"south":{"uv":[7.75,6.125,7.5,6.125],"rotation":0,"texture":"#0","tintindex":0},"up":{"uv":[0.625,7.875,0.875,7.625],"rotation":0,"texture":"#0","tintindex":0},"west":{"uv":[1.0,7.628125,1.25,7.875],"rotation":0,"texture":"#0","tintindex":0}}},{"name":"cube","from":[7.895729,10.071312,7.097874],"to":[7.895729,13.75544,11.927115],"rotation":{"angle":22.5,"axis":"z","origin":[8.134334,9.861073,19.21782]},"faces":{"down":{"uv":[1.0,7.628125,1.25,7.875],"rotation":0,"texture":"#1","tintindex":0},"east":{"uv":[0.625,7.875,0.875,7.625],"rotation":180,"texture":"#1","tintindex":0},"north":{"uv":[6.25,5.625,6.0,5.625],"rotation":0,"texture":"#1","tintindex":0},"south":{"uv":[7.75,6.125,7.5,6.125],"rotation":0,"texture":"#1","tintindex":0},"up":{"uv":[0.625,7.875,0.875,7.625],"rotation":0,"texture":"#1","tintindex":0},"west":{"uv":[0.0,0.0,16.0,16.0],"rotation":0,"texture":"#1","tintindex":0}}},{"name":"cube","from":[7.51159,9.751198,10.61915],"to":[7.51159,13.435324,15.128274],"rotation":{"angle":22.5,"axis":"z","origin":[8.134334,9.861073,19.21782]},"faces":{"down":{"uv":[1.0,7.628125,1.25,7.875],"rotation":0,"texture":"#1","tintindex":0},"east":{"uv":[0.625,7.875,0.875,7.625],"rotation":180,"texture":"#1","tintindex":0},"north":{"uv":[6.25,5.625,6.0,5.625],"rotation":0,"texture":"#1","tintindex":0},"south":{"uv":[7.75,6.125,7.5,6.125],"rotation":0,"texture":"#1","tintindex":0},"up":{"uv":[0.625,7.875,0.875,7.625],"rotation":0,"texture":"#1","tintindex":0},"west":{"uv":[0.0,0.0,16.0,16.0],"rotation":0,"texture":"#1","tintindex":0}}},{"name":"cube","from":[9.74958,10.258648,7.097874],"to":[9.74958,13.942775,11.927115],"rotation":{"angle":-22.5,"axis":"z","origin":[7.264219,10.847924,19.21782]},"faces":{"down":{"uv":[1.0,7.628125,1.25,7.875],"rotation":0,"texture":"#1","tintindex":0},"east":{"uv":[0.625,7.875,0.875,7.625],"rotation":180,"texture":"#1","tintindex":0},"north":{"uv":[6.25,5.625,6.0,5.625],"rotation":0,"texture":"#1","tintindex":0},"south":{"uv":[7.75,6.125,7.5,6.125],"rotation":0,"texture":"#1","tintindex":0},"up":{"uv":[0.625,7.875,0.875,7.625],"rotation":0,"texture":"#1","tintindex":0},"west":{"uv":[0.0,0.0,16.0,16.0],"rotation":0,"texture":"#1","tintindex":0}}},{"name":"cube","from":[9.365442,9.938531,10.61915],"to":[9.365442,13.622659,15.128274],"rotation":{"angle":-22.5,"axis":"z","origin":[7.264219,10.847924,19.21782]},"faces":{"down":{"uv":[1.0,7.628125,1.25,7.875],"rotation":0,"texture":"#1","tintindex":0},"east":{"uv":[0.625,7.875,0.875,7.625],"rotation":180,"texture":"#1","tintindex":0},"north":{"uv":[6.25,5.625,6.0,5.625],"rotation":0,"texture":"#1","tintindex":0},"south":{"uv":[7.75,6.125,7.5,6.125],"rotation":0,"texture":"#1","tintindex":0},"up":{"uv":[0.625,7.875,0.875,7.625],"rotation":0,"texture":"#1","tintindex":0},"west":{"uv":[0.0,0.0,16.0,16.0],"rotation":0,"texture":"#1","tintindex":0}}},{"name":"cube","from":[5.8570666,8.7479725,11.32115],"to":[5.8570666,10.668667,13.786042],"rotation":{"angle":22.5,"axis":"z","origin":[6.0360084,10.201622,-6.8134193]},"faces":{"down":{"uv":[1.0,7.628125,1.25,7.875],"rotation":0,"texture":"#0","tintindex":0},"east":{"uv":[0.625,7.875,0.875,7.625],"rotation":180,"texture":"#0","tintindex":0},"north":{"uv":[6.25,5.625,6.0,5.625],"rotation":0,"texture":"#0","tintindex":0},"south":{"uv":[7.75,6.125,7.5,6.125],"rotation":0,"texture":"#0","tintindex":0},"up":{"uv":[0.625,7.875,0.875,7.625],"rotation":0,"texture":"#0","tintindex":0},"west":{"uv":[1.0,7.628125,1.25,7.875],"rotation":0,"texture":"#0","tintindex":0}}},{"name":"cube","from":[6.241205,9.068087,7.7998743],"to":[6.241205,10.988783,10.584883],"rotation":{"angle":22.5,"axis":"z","origin":[6.0360084,10.201622,-6.8134193]},"faces":{"down":{"uv":[1.0,7.628125,1.25,7.875],"rotation":0,"texture":"#0","tintindex":0},"east":{"uv":[0.625,7.875,0.875,7.625],"rotation":180,"texture":"#0","tintindex":0},"north":{"uv":[6.25,5.625,6.0,5.625],"rotation":0,"texture":"#0","tintindex":0},"south":{"uv":[7.75,6.125,7.5,6.125],"rotation":0,"texture":"#0","tintindex":0},"up":{"uv":[0.625,7.875,0.875,7.625],"rotation":0,"texture":"#0","tintindex":0},"west":{"uv":[1.0,7.628125,1.25,7.875],"rotation":0,"texture":"#0","tintindex":0}}},{"name":"cube","from":[9.5384,8.4278555,11.32115],"to":[9.5384,10.668667,13.786042],"rotation":{"angle":-22.5,"axis":"z","origin":[9.717342,9.881505,-6.8134193]},"faces":{"down":{"uv":[1.0,7.628125,1.25,7.875],"rotation":0,"texture":"#0","tintindex":0},"east":{"uv":[0.625,7.875,0.875,7.625],"rotation":180,"texture":"#0","tintindex":0},"north":{"uv":[6.25,5.625,6.0,5.625],"rotation":0,"texture":"#0","tintindex":0},"south":{"uv":[7.75,6.125,7.5,6.125],"rotation":0,"texture":"#0","tintindex":0},"up":{"uv":[0.625,7.875,0.875,7.625],"rotation":0,"texture":"#0","tintindex":0},"west":{"uv":[1.0,7.628125,1.25,7.875],"rotation":0,"texture":"#0","tintindex":0}}},{"name":"cube","from":[9.922539,8.7479725,7.7998743],"to":[9.922539,10.988783,10.584883],"rotation":{"angle":-22.5,"axis":"z","origin":[9.717342,9.881505,-6.8134193]},"faces":{"down":{"uv":[1.0,7.628125,1.25,7.875],"rotation":0,"texture":"#0","tintindex":0},"east":{"uv":[0.625,7.875,0.875,7.625],"rotation":180,"texture":"#0","tintindex":0},"north":{"uv":[6.25,5.625,6.0,5.625],"rotation":0,"texture":"#0","tintindex":0},"south":{"uv":[7.75,6.125,7.5,6.125],"rotation":0,"texture":"#0","tintindex":0},"up":{"uv":[0.625,7.875,0.875,7.625],"rotation":0,"texture":"#0","tintindex":0},"west":{"uv":[1.0,7.628125,1.25,7.875],"rotation":0,"texture":"#0","tintindex":0}}},{"name":"cube","from":[6.6261473,6.220144,12.184461],"to":[9.1441,9.278665,14.841871],"rotation":{"angle":0.0,"axis":"x","origin":[9.429523,8.470123,11.145086]},"faces":{"down":{"uv":[6.71875,8.0625,6.375,7.5],"rotation":0,"texture":"#0","tintindex":0},"east":{"uv":[6.71875,8.0625,6.375,7.5],"rotation":0,"texture":"#0","tintindex":0},"north":{"uv":[6.71875,8.0625,6.375,7.5],"rotation":0,"texture":"#0","tintindex":0},"south":{"uv":[6.71875,8.0625,6.375,7.5],"rotation":0,"texture":"#0","tintindex":0},"up":{"uv":[6.71875,8.0625,6.375,7.5],"rotation":0,"texture":"#0","tintindex":0},"west":{"uv":[6.71875,8.0625,6.375,7.5],"rotation":0,"texture":"#0","tintindex":0}}},{"name":"cube","from":[3.7549422,8.054996,8.504129],"to":[6.635985,8.054996,10.648907],"rotation":{"angle":-22.5,"axis":"z","origin":[5.046562,8.069006,-14.217116]},"faces":{"down":{"uv":[1.25,7.625,1.0,7.875],"rotation":0,"texture":"#0","tintindex":0},"east":{"uv":[11.375,5.375,10.125,5.375],"rotation":0,"texture":"#0","tintindex":0},"north":{"uv":[6.25,5.625,6.0,5.625],"rotation":0,"texture":"#0","tintindex":0},"south":{"uv":[7.75,6.125,7.5,6.125],"rotation":0,"texture":"#0","tintindex":0},"up":{"uv":[0.875,7.875,0.625,7.625],"rotation":0,"texture":"#0","tintindex":0},"west":{"uv":[11.375,2.125,10.125,2.125],"rotation":0,"texture":"#0","tintindex":0}}},{"name":"cube","from":[3.7549422,8.054996,11.385173],"to":[6.2198343,8.054996,13.209834],"rotation":{"angle":-22.5,"axis":"z","origin":[5.046562,8.069006,-14.217116]},"faces":{"down":{"uv":[1.25,7.625,1.0,7.875],"rotation":0,"texture":"#0","tintindex":0},"east":{"uv":[11.375,5.375,10.125,5.375],"rotation":0,"texture":"#0","tintindex":0},"north":{"uv":[6.25,5.625,6.0,5.625],"rotation":0,"texture":"#0","tintindex":0},"south":{"uv":[7.75,6.125,7.5,6.125],"rotation":0,"texture":"#0","tintindex":0},"up":{"uv":[0.875,7.875,0.625,7.625],"rotation":0,"texture":"#0","tintindex":0},"west":{"uv":[11.375,2.125,10.125,2.125],"rotation":0,"texture":"#0","tintindex":0}}},{"name":"cube","from":[9.411542,8.548316,11.385173],"to":[11.876433,8.548316,13.209834],"rotation":{"angle":22.5,"axis":"z","origin":[10.760847,8.562324,-14.217116]},"faces":{"down":{"uv":[1.0,7.628125,1.25,7.875],"rotation":0,"texture":"#0","tintindex":0},"east":{"uv":[11.375,5.375,10.125,5.375],"rotation":0,"texture":"#0","tintindex":0},"north":{"uv":[6.25,5.625,6.0,5.625],"rotation":0,"texture":"#0","tintindex":0},"south":{"uv":[7.75,6.125,7.5,6.125],"rotation":0,"texture":"#0","tintindex":0},"up":{"uv":[0.625,7.875,0.875,7.625],"rotation":0,"texture":"#0","tintindex":0},"west":{"uv":[11.375,2.125,10.125,2.125],"rotation":0,"texture":"#0","tintindex":0}}},{"name":"cube","from":[9.411542,8.548316,8.504129],"to":[12.292584,8.548316,10.648907],"rotation":{"angle":22.5,"axis":"z","origin":[10.760847,8.562324,-14.217116]},"faces":{"down":{"uv":[1.0,7.628125,1.25,7.875],"rotation":0,"texture":"#0","tintindex":0},"east":{"uv":[11.375,5.375,10.125,5.375],"rotation":0,"texture":"#0","tintindex":0},"north":{"uv":[6.25,5.625,6.0,5.625],"rotation":0,"texture":"#0","tintindex":0},"south":{"uv":[7.75,6.125,7.5,6.125],"rotation":0,"texture":"#0","tintindex":0},"up":{"uv":[0.625,7.875,0.875,7.625],"rotation":0,"texture":"#0","tintindex":0},"west":{"uv":[11.375,2.125,10.125,2.125],"rotation":0,"texture":"#0","tintindex":0}}}],"display":{"head":{"translation":[0.0,-6.4,0.0],"rotation":[0.0,0.0,0.0],"scale":[3.8095,3.8095,3.8095]}}}