{"textures":{"0":"modelengine:entity/fyresalamander","1":"modelengine:entity/fireanimation"},"elements":[{"name":"cube","from":[6.3250017,6.5774994,8.095811],"to":[9.674997,9.422499,11.97579],"rotation":{"angle":0.0,"axis":"x","origin":[1.9159995,8.467999,1.9160001]},"faces":{"down":{"uv":[3.125,6.5,3.572382,7.0181594],"rotation":0,"texture":"#0","tintindex":0},"east":{"uv":[3.125,6.5,3.6431594,6.879941],"rotation":0,"texture":"#0","tintindex":0},"north":{"uv":[3.125,6.5,3.6431594,6.879941],"rotation":0,"texture":"#0","tintindex":0},"south":{"uv":[3.125,6.5,3.6431594,6.879941],"rotation":0,"texture":"#0","tintindex":0},"up":{"uv":[3.125,6.5,3.4739578,6.9041643],"rotation":0,"texture":"#0","tintindex":0},"west":{"uv":[3.125,6.5,3.6431594,6.879941],"rotation":0,"texture":"#0","tintindex":0}}},{"name":"cube","from":[7.307802,6.0627003,8.095811],"to":[8.692198,9.937298,11.50779],"rotation":{"angle":0.0,"axis":"x","origin":[13.148,8.467999,1.9160001]},"faces":{"down":{"uv":[4.875,7.34375,5.3119097,7.4973817],"rotation":90,"texture":"#0","tintindex":0},"east":{"uv":[3.125,6.5,3.7369094,6.979941],"rotation":0,"texture":"#0","tintindex":0},"north":{"uv":[3.125,6.5,3.7369094,6.979941],"rotation":0,"texture":"#0","tintindex":0},"south":{"uv":[3.125,6.5,3.7369094,6.979941],"rotation":0,"texture":"#0","tintindex":0},"up":{"uv":[4.875,7.34375,5.3119097,7.4973817],"rotation":90,"texture":"#0","tintindex":0},"west":{"uv":[4.875,7.1875,5.3119097,7.3411317],"rotation":90,"texture":"#0","tintindex":0}}}],"display":{"head":{"translation":[0.0,-6.4,0.0],"rotation":[0.0,0.0,0.0],"scale":[3.8095,3.8095,3.8095]}}}