{"textures":{"0":"modelengine:entity/fyresalamander","1":"modelengine:entity/fireanimation"},"elements":[{"name":"cube","from":[5.0431557,5.407501,6.5777397],"to":[10.265152,10.592499,8.492119],"rotation":{"angle":45.0,"axis":"y","origin":[7.3733535,8.0,7.464728]},"faces":{"down":{"uv":[4.875,7.3125,5.3098817,7.5306597],"rotation":0,"texture":"#0","tintindex":0},"east":{"uv":[4.875,7.3125,5.304941,7.5181594],"rotation":90,"texture":"#0","tintindex":0},"north":{"uv":[4.875,7.3125,5.3098817,7.5306597],"rotation":0,"texture":"#0","tintindex":0},"south":{"uv":[4.875,7.3125,5.3098817,7.5306597],"rotation":0,"texture":"#0","tintindex":0},"up":{"uv":[4.875,7.3125,5.3098817,7.5306597],"rotation":0,"texture":"#0","tintindex":0},"west":{"uv":[4.875,7.3125,5.3098817,7.5306597],"rotation":0,"texture":"#0","tintindex":0}}},{"name":"cube","from":[5.0614023,5.407501,6.57481],"to":[10.002598,10.592499,8.489189],"rotation":{"angle":-22.5,"axis":"y","origin":[7.532,8.0,7.5320005]},"faces":{"down":{"uv":[4.875,7.3125,5.3098817,7.5306597],"rotation":0,"texture":"#0","tintindex":0},"east":{"uv":[4.875,7.3125,5.304941,7.5181594],"rotation":90,"texture":"#0","tintindex":0},"north":{"uv":[4.875,7.3125,5.3098817,7.5306597],"rotation":0,"texture":"#0","tintindex":0},"south":{"uv":[4.875,7.3125,5.3098817,7.5306597],"rotation":0,"texture":"#0","tintindex":0},"up":{"uv":[4.875,7.3125,5.3098817,7.5306597],"rotation":0,"texture":"#0","tintindex":0},"west":{"uv":[4.875,7.3125,5.3098817,7.5306597],"rotation":0,"texture":"#0","tintindex":0}}}],"display":{"head":{"translation":[0.0,-6.4,0.0],"rotation":[0.0,0.0,0.0],"scale":[3.8095,3.8095,3.8095]}}}