{"textures":{"0":"modelengine:entity/fyresalamander","1":"modelengine:entity/fireanimation"},"elements":[{"name":"cube","from":[9.924021,11.684082,-2.1457095],"to":[9.924021,16.10043,3.6628757],"rotation":{"angle":-22.5,"axis":"z","origin":[7.7296844,11.5239935,29.623455]},"faces":{"down":{"uv":[1.0,7.628125,1.25,7.875],"rotation":0,"texture":"#1","tintindex":0},"east":{"uv":[0.625,7.875,0.875,7.625],"rotation":180,"texture":"#1","tintindex":0},"north":{"uv":[6.25,5.625,6.0,5.625],"rotation":0,"texture":"#1","tintindex":0},"south":{"uv":[7.75,6.125,7.5,6.125],"rotation":0,"texture":"#1","tintindex":0},"up":{"uv":[0.625,7.875,0.875,7.625],"rotation":0,"texture":"#1","tintindex":0},"west":{"uv":[0.0,0.0,16.0,16.0],"rotation":0,"texture":"#1","tintindex":0}}},{"name":"cube","from":[10.271915,9.078409,-0.5380938],"to":[13.976705,9.078409,2.2199175],"rotation":{"angle":22.5,"axis":"z","origin":[12.007014,9.096422,-29.755798]},"faces":{"down":{"uv":[1.0,7.628125,1.25,7.875],"rotation":0,"texture":"#0","tintindex":0},"east":{"uv":[11.375,5.375,10.125,5.375],"rotation":0,"texture":"#0","tintindex":0},"north":{"uv":[6.25,5.625,6.0,5.625],"rotation":0,"texture":"#0","tintindex":0},"south":{"uv":[7.75,6.125,7.5,6.125],"rotation":0,"texture":"#0","tintindex":0},"up":{"uv":[0.625,7.875,0.875,7.625],"rotation":0,"texture":"#0","tintindex":0},"west":{"uv":[11.375,2.125,10.125,2.125],"rotation":0,"texture":"#0","tintindex":0}}},{"name":"cube","from":[10.929017,9.33515,-1.4437108],"to":[10.929017,12.216654,2.1375885],"rotation":{"angle":-22.5,"axis":"z","origin":[10.66515,10.792784,-20.235233]},"faces":{"down":{"uv":[1.0,7.628125,1.25,7.875],"rotation":0,"texture":"#0","tintindex":0},"east":{"uv":[0.625,7.875,0.875,7.625],"rotation":180,"texture":"#0","tintindex":0},"north":{"uv":[6.25,5.625,6.0,5.625],"rotation":0,"texture":"#0","tintindex":0},"south":{"uv":[7.75,6.125,7.5,6.125],"rotation":0,"texture":"#0","tintindex":0},"up":{"uv":[0.625,7.875,0.875,7.625],"rotation":0,"texture":"#0","tintindex":0},"west":{"uv":[1.0,7.628125,1.25,7.875],"rotation":0,"texture":"#0","tintindex":0}}},{"name":"cube","from":[8.496399,10.813638,-1.4437108],"to":[8.496399,14.106785,2.9608755],"rotation":{"angle":0.0,"axis":"x","origin":[8.376827,13.039942,1.5818692]},"faces":{"down":{"uv":[1.0,7.628125,1.25,7.875],"rotation":0,"texture":"#0","tintindex":0},"east":{"uv":[0.625,7.875,0.875,7.625],"rotation":180,"texture":"#0","tintindex":0},"north":{"uv":[6.25,5.625,6.0,5.625],"rotation":0,"texture":"#0","tintindex":0},"south":{"uv":[7.75,6.125,7.5,6.125],"rotation":0,"texture":"#0","tintindex":0},"up":{"uv":[0.625,7.875,0.875,7.625],"rotation":0,"texture":"#0","tintindex":0},"west":{"uv":[1.0,7.628125,1.25,7.875],"rotation":0,"texture":"#0","tintindex":0}}},{"name":"cube","from":[8.070169,11.496747,-2.1457095],"to":[8.070169,15.913095,3.6628757],"rotation":{"angle":22.5,"axis":"z","origin":[8.599799,10.537144,29.623455]},"faces":{"down":{"uv":[1.0,7.628125,1.25,7.875],"rotation":0,"texture":"#1","tintindex":0},"east":{"uv":[0.625,7.875,0.875,7.625],"rotation":180,"texture":"#1","tintindex":0},"north":{"uv":[6.25,5.625,6.0,5.625],"rotation":0,"texture":"#1","tintindex":0},"south":{"uv":[7.75,6.125,7.5,6.125],"rotation":0,"texture":"#1","tintindex":0},"up":{"uv":[0.625,7.875,0.875,7.625],"rotation":0,"texture":"#1","tintindex":0},"west":{"uv":[0.0,0.0,16.0,16.0],"rotation":0,"texture":"#1","tintindex":0}}},{"name":"cube","from":[2.9979806,8.44404,-0.5380938],"to":[6.702771,8.44404,2.2199175],"rotation":{"angle":-22.5,"axis":"z","origin":[4.658901,8.462055,-29.755798]},"faces":{"down":{"uv":[1.25,7.625,1.0,7.875],"rotation":0,"texture":"#0","tintindex":0},"east":{"uv":[11.375,5.375,10.125,5.375],"rotation":0,"texture":"#0","tintindex":0},"north":{"uv":[6.25,5.625,6.0,5.625],"rotation":0,"texture":"#0","tintindex":0},"south":{"uv":[7.75,6.125,7.5,6.125],"rotation":0,"texture":"#0","tintindex":0},"up":{"uv":[0.875,7.875,0.625,7.625],"rotation":0,"texture":"#0","tintindex":0},"west":{"uv":[11.375,2.125,10.125,2.125],"rotation":0,"texture":"#0","tintindex":0}}},{"name":"cube","from":[6.1951165,9.746794,-1.4437108],"to":[6.1951165,12.216654,2.1375885],"rotation":{"angle":22.5,"axis":"z","origin":[5.931249,11.204429,-20.235233]},"faces":{"down":{"uv":[1.0,7.628125,1.25,7.875],"rotation":0,"texture":"#0","tintindex":0},"east":{"uv":[0.625,7.875,0.875,7.625],"rotation":180,"texture":"#0","tintindex":0},"north":{"uv":[6.25,5.625,6.0,5.625],"rotation":0,"texture":"#0","tintindex":0},"south":{"uv":[7.75,6.125,7.5,6.125],"rotation":0,"texture":"#0","tintindex":0},"up":{"uv":[0.625,7.875,0.875,7.625],"rotation":0,"texture":"#0","tintindex":0},"west":{"uv":[1.0,7.628125,1.25,7.875],"rotation":0,"texture":"#0","tintindex":0}}},{"name":"cube","from":[4.9945908,4.8417325,2.7197747],"to":[11.667386,11.196732,9.782153],"rotation":{"angle":45.0,"axis":"z","origin":[8.401189,8.089431,1.0795629]},"faces":{"down":{"uv":[9.0,0.0,16.0,16.0],"rotation":0,"texture":"#1","tintindex":0},"east":{"uv":[0.0,15.170059,1.2994095,16.0],"rotation":0,"texture":"#0","tintindex":0},"north":{"uv":[0.0,15.170059,1.2994095,16.0],"rotation":0,"texture":"#0","tintindex":0},"south":{"uv":[0.0,15.170059,1.2994095,16.0],"rotation":0,"texture":"#0","tintindex":0},"up":{"uv":[0.0,15.170059,1.2994095,16.0],"rotation":0,"texture":"#0","tintindex":0},"west":{"uv":[0.0,0.0,9.0,16.0],"rotation":90,"texture":"#1","tintindex":0}}},{"name":"cube","from":[5.1349907,4.9821334,3.3281748],"to":[11.667386,11.196732,7.582554],"rotation":{"angle":45.0,"axis":"z","origin":[8.401189,8.089431,1.0795629]},"faces":{"down":{"uv":[11.09375,3.25,11.966132,3.8181596],"rotation":0,"texture":"#0","tintindex":0},"east":{"uv":[3.125,6.5,3.6931596,7.329941],"rotation":0,"texture":"#0","tintindex":0},"north":{"uv":[3.125,6.5,3.997382,7.329941],"rotation":0,"texture":"#0","tintindex":0},"south":{"uv":[11.09375,3.25,11.34375,4.5],"rotation":0,"texture":"#0","tintindex":0},"up":{"uv":[3.125,6.5,3.997382,7.0681596],"rotation":0,"texture":"#0","tintindex":0},"west":{"uv":[11.09375,3.25,11.923691,3.8181596],"rotation":90,"texture":"#0","tintindex":0}}},{"name":"cube","from":[5.1349907,4.9821334,-2.1474261],"to":[11.667386,11.196732,3.3705535],"rotation":{"angle":45.0,"axis":"z","origin":[8.401189,8.089431,1.0795629]},"faces":{"down":{"uv":[11.09375,3.25,11.966132,4.5494094],"rotation":0,"texture":"#0","tintindex":0},"east":{"uv":[3.125,6.5,3.8619094,7.329941],"rotation":0,"texture":"#0","tintindex":0},"north":{"uv":[3.125,6.5,3.997382,7.329941],"rotation":0,"texture":"#0","tintindex":0},"south":{"uv":[11.09375,3.25,11.34375,4.5],"rotation":0,"texture":"#0","tintindex":0},"up":{"uv":[3.125,6.5,3.997382,7.2369094],"rotation":0,"texture":"#0","tintindex":0},"west":{"uv":[11.09375,3.25,11.923691,4.5494094],"rotation":90,"texture":"#0","tintindex":0}}},{"name":"cube","from":[10.929017,9.662751,2.3938894],"to":[10.929017,12.544254,5.9751887],"rotation":{"angle":-22.5,"axis":"z","origin":[10.66515,11.120382,-16.397636]},"faces":{"down":{"uv":[1.0,7.628125,1.25,7.875],"rotation":0,"texture":"#0","tintindex":0},"east":{"uv":[0.625,7.875,0.875,7.625],"rotation":180,"texture":"#0","tintindex":0},"north":{"uv":[6.25,5.625,6.0,5.625],"rotation":0,"texture":"#0","tintindex":0},"south":{"uv":[7.75,6.125,7.5,6.125],"rotation":0,"texture":"#0","tintindex":0},"up":{"uv":[0.625,7.875,0.875,7.625],"rotation":0,"texture":"#0","tintindex":0},"west":{"uv":[1.0,7.628125,1.25,7.875],"rotation":0,"texture":"#0","tintindex":0}}},{"name":"cube","from":[9.924021,12.011681,1.6918905],"to":[9.924021,16.428028,7.500476],"rotation":{"angle":-22.5,"axis":"z","origin":[7.7296844,11.5239935,29.623455]},"faces":{"down":{"uv":[1.0,7.628125,1.25,7.875],"rotation":0,"texture":"#1","tintindex":0},"east":{"uv":[0.625,7.875,0.875,7.625],"rotation":180,"texture":"#1","tintindex":0},"north":{"uv":[6.25,5.625,6.0,5.625],"rotation":0,"texture":"#1","tintindex":0},"south":{"uv":[7.75,6.125,7.5,6.125],"rotation":0,"texture":"#1","tintindex":0},"up":{"uv":[0.625,7.875,0.875,7.625],"rotation":0,"texture":"#1","tintindex":0},"west":{"uv":[0.0,0.0,16.0,16.0],"rotation":0,"texture":"#1","tintindex":0}}},{"name":"cube","from":[8.496399,11.141236,2.3938894],"to":[8.496399,14.434386,6.7984753],"rotation":{"angle":0.0,"axis":"x","origin":[8.376827,13.36754,5.4194694]},"faces":{"down":{"uv":[1.0,7.628125,1.25,7.875],"rotation":0,"texture":"#0","tintindex":0},"east":{"uv":[0.625,7.875,0.875,7.625],"rotation":180,"texture":"#0","tintindex":0},"north":{"uv":[6.25,5.625,6.0,5.625],"rotation":0,"texture":"#0","tintindex":0},"south":{"uv":[7.75,6.125,7.5,6.125],"rotation":0,"texture":"#0","tintindex":0},"up":{"uv":[0.625,7.875,0.875,7.625],"rotation":0,"texture":"#0","tintindex":0},"west":{"uv":[1.0,7.628125,1.25,7.875],"rotation":0,"texture":"#0","tintindex":0}}},{"name":"cube","from":[6.1951165,10.074392,2.3938894],"to":[6.1951165,12.544254,5.9751887],"rotation":{"angle":22.5,"axis":"z","origin":[5.931249,11.532027,-16.397636]},"faces":{"down":{"uv":[1.0,7.628125,1.25,7.875],"rotation":0,"texture":"#0","tintindex":0},"east":{"uv":[0.625,7.875,0.875,7.625],"rotation":180,"texture":"#0","tintindex":0},"north":{"uv":[6.25,5.625,6.0,5.625],"rotation":0,"texture":"#0","tintindex":0},"south":{"uv":[7.75,6.125,7.5,6.125],"rotation":0,"texture":"#0","tintindex":0},"up":{"uv":[0.625,7.875,0.875,7.625],"rotation":0,"texture":"#0","tintindex":0},"west":{"uv":[1.0,7.628125,1.25,7.875],"rotation":0,"texture":"#0","tintindex":0}}},{"name":"cube","from":[8.070169,11.8243475,1.6918905],"to":[8.070169,16.240694,7.500476],"rotation":{"angle":22.5,"axis":"z","origin":[8.599799,10.537144,29.623455]},"faces":{"down":{"uv":[1.0,7.628125,1.25,7.875],"rotation":0,"texture":"#1","tintindex":0},"east":{"uv":[0.625,7.875,0.875,7.625],"rotation":180,"texture":"#1","tintindex":0},"north":{"uv":[6.25,5.625,6.0,5.625],"rotation":0,"texture":"#1","tintindex":0},"south":{"uv":[7.75,6.125,7.5,6.125],"rotation":0,"texture":"#1","tintindex":0},"up":{"uv":[0.625,7.875,0.875,7.625],"rotation":0,"texture":"#1","tintindex":0},"west":{"uv":[0.0,0.0,16.0,16.0],"rotation":0,"texture":"#1","tintindex":0}}},{"name":"cube","from":[2.9979806,8.771641,3.299505],"to":[6.702771,8.771641,6.0575175],"rotation":{"angle":-22.5,"axis":"z","origin":[4.658901,8.789654,-25.918198]},"faces":{"down":{"uv":[1.25,7.625,1.0,7.875],"rotation":0,"texture":"#0","tintindex":0},"east":{"uv":[11.375,5.375,10.125,5.375],"rotation":0,"texture":"#0","tintindex":0},"north":{"uv":[6.25,5.625,6.0,5.625],"rotation":0,"texture":"#0","tintindex":0},"south":{"uv":[7.75,6.125,7.5,6.125],"rotation":0,"texture":"#0","tintindex":0},"up":{"uv":[0.875,7.875,0.625,7.625],"rotation":0,"texture":"#0","tintindex":0},"west":{"uv":[11.375,2.125,10.125,2.125],"rotation":0,"texture":"#0","tintindex":0}}},{"name":"cube","from":[10.271915,9.406008,3.299505],"to":[13.976705,9.406008,6.0575175],"rotation":{"angle":22.5,"axis":"z","origin":[12.007014,9.424023,-25.918198]},"faces":{"down":{"uv":[1.0,7.628125,1.25,7.875],"rotation":0,"texture":"#0","tintindex":0},"east":{"uv":[11.375,5.375,10.125,5.375],"rotation":0,"texture":"#0","tintindex":0},"north":{"uv":[6.25,5.625,6.0,5.625],"rotation":0,"texture":"#0","tintindex":0},"south":{"uv":[7.75,6.125,7.5,6.125],"rotation":0,"texture":"#0","tintindex":0},"up":{"uv":[0.625,7.875,0.875,7.625],"rotation":0,"texture":"#0","tintindex":0},"west":{"uv":[11.375,2.125,10.125,2.125],"rotation":0,"texture":"#0","tintindex":0}}}],"display":{"head":{"translation":[0.0,-6.4,0.0],"rotation":[0.0,0.0,0.0],"scale":[3.8095,3.8095,3.8095]}}}