{"textures":{"0":"modelengine:entity/fyresalamander","1":"modelengine:entity/fireanimation"},"elements":[{"name":"cube","from":[5.919419,9.835003,-1.4513893],"to":[7.8953075,10.761201,7.810589],"rotation":{"angle":22.5,"axis":"z","origin":[7.7718143,10.761201,3.1796002]},"faces":{"down":{"uv":[4.0,6.5,3.75,7.75],"rotation":0,"texture":"#0","tintindex":0},"east":{"uv":[8.375,3.375,9.625,3.5],"rotation":0,"texture":"#0","tintindex":0},"north":{"uv":[2.6869671,5.84375,2.40625,5.975336],"rotation":0,"texture":"#0","tintindex":0},"south":{"uv":[3.61424,6.6414404,3.375,6.5],"rotation":0,"texture":"#0","tintindex":0},"up":{"uv":[3.625,7.75,3.375,6.5],"rotation":0,"texture":"#0","tintindex":0},"west":{"uv":[8.375,3.625,9.625,3.75],"rotation":0,"texture":"#0","tintindex":0}}},{"name":"cube","from":[4.7506313,7.9445124,-1.4513893],"to":[5.6768293,10.620195,7.810589],"rotation":{"angle":-45.0,"axis":"z","origin":[4.7506313,8.7678,3.1796002]},"faces":{"down":{"uv":[3.75,8.5,3.625,9.75],"rotation":0,"texture":"#0","tintindex":0},"east":{"uv":[6.5,2.5,7.75,2.75],"rotation":0,"texture":"#0","tintindex":0},"north":{"uv":[2.537836,5.84375,2.40625,6.223888],"rotation":0,"texture":"#0","tintindex":0},"south":{"uv":[3.5164406,6.9086065,3.375,6.5],"rotation":0,"texture":"#0","tintindex":0},"up":{"uv":[3.5,9.75,3.375,8.5],"rotation":0,"texture":"#0","tintindex":0},"west":{"uv":[3.375,7.53125,3.625,6.5],"rotation":90,"texture":"#0","tintindex":0}}},{"name":"cube","from":[10.651865,6.333253,-1.4513893],"to":[11.578062,8.185648,7.810589],"rotation":{"angle":-22.5,"axis":"z","origin":[11.578062,8.185648,3.1796002]},"faces":{"down":{"uv":[7.7369094,6.25,6.5,6.4973817],"rotation":0,"texture":"#0","tintindex":0},"east":{"uv":[3.375,7.53125,3.625,6.5],"rotation":90,"texture":"#0","tintindex":0},"north":{"uv":[7.7369094,6.25,6.5,6.4973817],"rotation":0,"texture":"#0","tintindex":0},"south":{"uv":[7.7369094,6.25,6.5,6.4973817],"rotation":0,"texture":"#0","tintindex":0},"up":{"uv":[7.7369094,6.25,6.5,6.4973817],"rotation":0,"texture":"#0","tintindex":0},"west":{"uv":[7.7369094,6.25,6.5,6.4973817],"rotation":0,"texture":"#0","tintindex":0}}},{"name":"cube","from":[5.2102246,9.161474,3.4060032],"to":[5.2102246,11.631334,6.575659],"rotation":{"angle":22.5,"axis":"z","origin":[5.4403296,11.03075,-19.913597]},"faces":{"down":{"uv":[1.0,7.628125,1.25,7.875],"rotation":0,"texture":"#0","tintindex":0},"east":{"uv":[0.625,7.875,0.875,7.625],"rotation":180,"texture":"#0","tintindex":0},"north":{"uv":[6.25,5.625,6.0,5.625],"rotation":0,"texture":"#0","tintindex":0},"south":{"uv":[7.75,6.125,7.5,6.125],"rotation":0,"texture":"#0","tintindex":0},"up":{"uv":[0.625,7.875,0.875,7.625],"rotation":0,"texture":"#0","tintindex":0},"west":{"uv":[1.0,7.628125,1.25,7.875],"rotation":0,"texture":"#0","tintindex":0}}},{"name":"cube","from":[6.1992016,5.9108877,4.5161524],"to":[9.437088,9.8439045,7.93337],"rotation":{"angle":0.0,"axis":"x","origin":[9.804119,8.804186,3.1796002]},"faces":{"down":{"uv":[6.71875,8.0625,6.375,7.5],"rotation":0,"texture":"#0","tintindex":0},"east":{"uv":[6.71875,8.0625,6.375,7.5],"rotation":0,"texture":"#0","tintindex":0},"north":{"uv":[6.71875,8.0625,6.375,7.5],"rotation":0,"texture":"#0","tintindex":0},"south":{"uv":[6.71875,8.0625,6.375,7.5],"rotation":0,"texture":"#0","tintindex":0},"up":{"uv":[6.71875,8.0625,6.375,7.5],"rotation":0,"texture":"#0","tintindex":0},"west":{"uv":[6.71875,8.0625,6.375,7.5],"rotation":0,"texture":"#0","tintindex":0}}},{"name":"cube","from":[8.026307,10.228318,3.4060032],"to":[8.026307,13.521465,7.3989453],"rotation":{"angle":0.0,"axis":"x","origin":[9.604519,10.808048,4.8879204]},"faces":{"down":{"uv":[1.0,7.628125,1.25,7.875],"rotation":0,"texture":"#0","tintindex":0},"east":{"uv":[0.625,7.875,0.875,7.625],"rotation":180,"texture":"#0","tintindex":0},"north":{"uv":[6.25,5.625,6.0,5.625],"rotation":0,"texture":"#0","tintindex":0},"south":{"uv":[7.75,6.125,7.5,6.125],"rotation":0,"texture":"#0","tintindex":0},"up":{"uv":[0.625,7.875,0.875,7.625],"rotation":0,"texture":"#0","tintindex":0},"west":{"uv":[1.0,7.628125,1.25,7.875],"rotation":0,"texture":"#0","tintindex":0}}},{"name":"cube","from":[7.600077,10.9114275,2.7040043],"to":[7.600077,15.327776,8.100946],"rotation":{"angle":22.5,"axis":"z","origin":[8.108879,10.035868,26.10749]},"faces":{"down":{"uv":[1.0,7.628125,1.25,7.875],"rotation":0,"texture":"#1","tintindex":0},"east":{"uv":[0.625,7.875,0.875,7.625],"rotation":180,"texture":"#1","tintindex":0},"north":{"uv":[6.25,5.625,6.0,5.625],"rotation":0,"texture":"#1","tintindex":0},"south":{"uv":[7.75,6.125,7.5,6.125],"rotation":0,"texture":"#1","tintindex":0},"up":{"uv":[0.625,7.875,0.875,7.625],"rotation":0,"texture":"#1","tintindex":0},"west":{"uv":[0.0,0.0,16.0,16.0],"rotation":0,"texture":"#1","tintindex":0}}},{"name":"cube","from":[9.453929,11.0987625,2.7040043],"to":[9.453929,15.515109,8.100946],"rotation":{"angle":-22.5,"axis":"z","origin":[7.238765,11.0227165,26.10749]},"faces":{"down":{"uv":[1.0,7.628125,1.25,7.875],"rotation":0,"texture":"#1","tintindex":0},"east":{"uv":[0.625,7.875,0.875,7.625],"rotation":180,"texture":"#1","tintindex":0},"north":{"uv":[6.25,5.625,6.0,5.625],"rotation":0,"texture":"#1","tintindex":0},"south":{"uv":[7.75,6.125,7.5,6.125],"rotation":0,"texture":"#1","tintindex":0},"up":{"uv":[0.625,7.875,0.875,7.625],"rotation":0,"texture":"#1","tintindex":0},"west":{"uv":[0.0,0.0,16.0,16.0],"rotation":0,"texture":"#1","tintindex":0}}},{"name":"cube","from":[9.944124,8.74983,3.4060032],"to":[9.944124,11.631334,6.575659],"rotation":{"angle":-22.5,"axis":"z","origin":[10.174231,10.619106,-19.913597]},"faces":{"down":{"uv":[1.0,7.628125,1.25,7.875],"rotation":0,"texture":"#0","tintindex":0},"east":{"uv":[0.625,7.875,0.875,7.625],"rotation":180,"texture":"#0","tintindex":0},"north":{"uv":[6.25,5.625,6.0,5.625],"rotation":0,"texture":"#0","tintindex":0},"south":{"uv":[7.75,6.125,7.5,6.125],"rotation":0,"texture":"#0","tintindex":0},"up":{"uv":[0.625,7.875,0.875,7.625],"rotation":0,"texture":"#0","tintindex":0},"west":{"uv":[1.0,7.628125,1.25,7.875],"rotation":0,"texture":"#0","tintindex":0}}},{"name":"cube","from":[9.780995,8.904731,3.488332],"to":[12.950649,8.904731,5.8347006],"rotation":{"angle":22.5,"axis":"z","origin":[11.516094,8.922747,-29.434162]},"faces":{"down":{"uv":[1.0,7.628125,1.25,7.875],"rotation":0,"texture":"#0","tintindex":0},"east":{"uv":[11.375,5.375,10.125,5.375],"rotation":0,"texture":"#0","tintindex":0},"north":{"uv":[6.25,5.625,6.0,5.625],"rotation":0,"texture":"#0","tintindex":0},"south":{"uv":[7.75,6.125,7.5,6.125],"rotation":0,"texture":"#0","tintindex":0},"up":{"uv":[0.625,7.875,0.875,7.625],"rotation":0,"texture":"#0","tintindex":0},"west":{"uv":[11.375,2.125,10.125,2.125],"rotation":0,"texture":"#0","tintindex":0}}},{"name":"cube","from":[6.020875,4.480857,-1.4513893],"to":[7.873271,5.407055,7.810589],"rotation":{"angle":-22.5,"axis":"z","origin":[7.873271,4.480857,3.1796002]},"faces":{"down":{"uv":[11.09375,3.25,11.34375,4.5],"rotation":0,"texture":"#0","tintindex":0},"east":{"uv":[8.375,3.875,9.625,4.0],"rotation":0,"texture":"#0","tintindex":0},"north":{"uv":[11.09375,4.40625,11.225336,4.669422],"rotation":90,"texture":"#0","tintindex":0},"south":{"uv":[11.65625,4.5625,11.939132,4.703941],"rotation":0,"texture":"#0","tintindex":0},"up":{"uv":[1.625,7.875,1.375,6.625],"rotation":0,"texture":"#0","tintindex":0},"west":{"uv":[8.375,4.125,9.625,4.25],"rotation":0,"texture":"#0","tintindex":0}}},{"name":"cube","from":[4.877361,4.621862,-1.4513893],"to":[5.803559,6.4742575,7.810589],"rotation":{"angle":45.0,"axis":"z","origin":[4.877361,6.4742575,3.1796002]},"faces":{"down":{"uv":[8.25,8.5,8.125,9.75],"rotation":0,"texture":"#0","tintindex":0},"east":{"uv":[6.625,5.375,7.875,5.625],"rotation":0,"texture":"#0","tintindex":0},"north":{"uv":[11.09375,4.40625,11.356922,4.537836],"rotation":90,"texture":"#0","tintindex":0},"south":{"uv":[11.65625,4.5625,11.79769,4.8453813],"rotation":0,"texture":"#0","tintindex":0},"up":{"uv":[4.5,9.75,4.375,8.5],"rotation":0,"texture":"#0","tintindex":0},"west":{"uv":[11.09375,4.40625,11.34375,5.65625],"rotation":90,"texture":"#0","tintindex":0}}},{"name":"cube","from":[2.5070612,8.270365,3.488332],"to":[5.676715,8.270365,5.8347006],"rotation":{"angle":-22.5,"axis":"z","origin":[4.1679816,8.288378,-29.434162]},"faces":{"down":{"uv":[1.25,7.625,1.0,7.875],"rotation":0,"texture":"#0","tintindex":0},"east":{"uv":[11.375,5.375,10.125,5.375],"rotation":0,"texture":"#0","tintindex":0},"north":{"uv":[6.25,5.625,6.0,5.625],"rotation":0,"texture":"#0","tintindex":0},"south":{"uv":[7.75,6.125,7.5,6.125],"rotation":0,"texture":"#0","tintindex":0},"up":{"uv":[0.875,7.875,0.625,7.625],"rotation":0,"texture":"#0","tintindex":0},"west":{"uv":[11.375,2.125,10.125,2.125],"rotation":0,"texture":"#0","tintindex":0}}},{"name":"cube","from":[4.1684794,6.333253,-1.4513893],"to":[5.0946774,8.185648,7.810589],"rotation":{"angle":22.5,"axis":"z","origin":[4.1684794,8.185648,3.1796002]},"faces":{"down":{"uv":[3.40625,7.78125,3.65625,6.53125],"rotation":0,"texture":"#0","tintindex":0},"east":{"uv":[3.375,7.53125,3.625,6.5],"rotation":90,"texture":"#0","tintindex":0},"north":{"uv":[3.40625,7.78125,3.65625,6.53125],"rotation":0,"texture":"#0","tintindex":0},"south":{"uv":[3.40625,7.78125,3.65625,6.53125],"rotation":0,"texture":"#0","tintindex":0},"up":{"uv":[3.40625,7.78125,3.65625,6.53125],"rotation":0,"texture":"#0","tintindex":0},"west":{"uv":[3.278632,6.96875,3.03125,8.20566],"rotation":90,"texture":"#0","tintindex":0}}},{"name":"cube","from":[7.873271,4.480857,-1.4513893],"to":[9.725666,5.407055,7.810589],"rotation":{"angle":22.5,"axis":"z","origin":[7.873271,4.480857,3.1796002]},"faces":{"down":{"uv":[11.09375,3.25,11.34375,4.5],"rotation":0,"texture":"#0","tintindex":0},"east":{"uv":[9.625,4.125,8.375,4.25],"rotation":0,"texture":"#0","tintindex":0},"north":{"uv":[11.09375,4.40625,11.225336,4.669422],"rotation":90,"texture":"#0","tintindex":0},"south":{"uv":[11.65625,4.5625,11.939131,4.703941],"rotation":0,"texture":"#0","tintindex":0},"up":{"uv":[1.375,7.875,1.625,6.625],"rotation":0,"texture":"#0","tintindex":0},"west":{"uv":[9.625,3.875,8.375,4.0],"rotation":0,"texture":"#0","tintindex":0}}},{"name":"cube","from":[9.942984,4.621862,-1.4513893],"to":[10.869182,6.4742575,7.810589],"rotation":{"angle":-45.0,"axis":"z","origin":[10.869182,6.4742575,3.1796002]},"faces":{"down":{"uv":[8.125,8.5,8.25,9.75],"rotation":0,"texture":"#0","tintindex":0},"east":{"uv":[11.09375,4.496875,12.34375,4.71875],"rotation":0,"texture":"#0","tintindex":0},"north":{"uv":[11.09375,4.40625,11.356922,4.537836],"rotation":90,"texture":"#0","tintindex":0},"south":{"uv":[11.65625,4.5625,11.79769,4.8453813],"rotation":0,"texture":"#0","tintindex":0},"up":{"uv":[4.375,9.75,4.5,8.5],"rotation":0,"texture":"#0","tintindex":0},"west":{"uv":[7.875,5.375,6.625,5.625],"rotation":0,"texture":"#0","tintindex":0}}},{"name":"cube","from":[10.069713,7.9445124,-1.4513893],"to":[10.995911,10.620195,7.810589],"rotation":{"angle":45.0,"axis":"z","origin":[10.995911,8.7678,3.1796002]},"faces":{"down":{"uv":[3.40625,7.78125,3.65625,6.53125],"rotation":0,"texture":"#0","tintindex":0},"east":{"uv":[3.40625,6.8480315,4.502801,6.53125],"rotation":0,"texture":"#0","tintindex":0},"north":{"uv":[3.40625,7.78125,3.65625,6.53125],"rotation":0,"texture":"#0","tintindex":0},"south":{"uv":[3.40625,7.78125,3.65625,6.53125],"rotation":0,"texture":"#0","tintindex":0},"up":{"uv":[3.40625,7.78125,3.65625,6.53125],"rotation":0,"texture":"#0","tintindex":0},"west":{"uv":[4.28125,6.96875,3.03125,7.21875],"rotation":90,"texture":"#0","tintindex":0}}},{"name":"cube","from":[7.8765073,9.835003,-1.4513893],"to":[9.852396,10.761201,7.810589],"rotation":{"angle":-22.5,"axis":"z","origin":[8.0,10.761201,3.1796002]},"faces":{"down":{"uv":[3.75,6.5,4.0,7.75],"rotation":0,"texture":"#0","tintindex":0},"east":{"uv":[9.625,3.625,8.375,3.75],"rotation":0,"texture":"#0","tintindex":0},"north":{"uv":[2.6869671,5.84375,2.40625,5.975336],"rotation":0,"texture":"#0","tintindex":0},"south":{"uv":[3.625,5.125,3.375,5.25],"rotation":0,"texture":"#0","tintindex":0},"up":{"uv":[3.375,7.75,3.625,6.5],"rotation":0,"texture":"#0","tintindex":0},"west":{"uv":[9.625,3.375,8.375,3.5],"rotation":0,"texture":"#0","tintindex":0}}}],"display":{"head":{"translation":[0.0,-6.4,0.0],"rotation":[0.0,0.0,0.0],"scale":[3.8095,3.8095,3.8095]}}}