{"textures":{"0":"modelengine:entity/fyresalamander","1":"modelengine:entity/fireanimation"},"elements":[{"name":"cube","from":[7.6305013,7.525201,8.060711],"to":[8.359697,8.311,9.460289],"rotation":{"angle":0.0,"axis":"x","origin":[2.7534988,7.8245,-3.5479016]},"faces":{"down":{"uv":[3.125,6.5,3.3119094,6.604941],"rotation":0,"texture":"#0","tintindex":0},"east":{"uv":[3.125,6.5,3.3119094,6.604941],"rotation":0,"texture":"#0","tintindex":0},"north":{"uv":[3.125,6.5,3.3119094,6.604941],"rotation":0,"texture":"#0","tintindex":0},"south":{"uv":[3.125,6.5,3.3119094,6.604941],"rotation":0,"texture":"#0","tintindex":0},"up":{"uv":[3.125,6.5,3.2223818,6.6869097],"rotation":0,"texture":"#0","tintindex":0},"west":{"uv":[3.125,6.5,3.3119094,6.604941],"rotation":0,"texture":"#0","tintindex":0}}}],"display":{"head":{"translation":[0.0,-6.4,0.0],"rotation":[0.0,0.0,0.0],"scale":[3.8095,3.8095,3.8095]}}}