{"textures":{"0":"modelengine:entity/fyresalamander","1":"modelengine:entity/fireanimation"},"elements":[{"name":"cube","from":[6.6899967,7.527032,7.681758],"to":[8.7903805,8.481752,8.318239],"rotation":{"angle":22.5,"axis":"z","origin":[7.998776,8.585074,10.004911]},"faces":{"down":{"uv":[3.125,6.5,3.4055,6.6275],"rotation":0,"texture":"#0","tintindex":0},"east":{"uv":[3.125,6.5,3.4055,6.6275],"rotation":0,"texture":"#0","tintindex":0},"north":{"uv":[3.125,6.5,3.4055,6.6275],"rotation":0,"texture":"#0","tintindex":0},"south":{"uv":[3.125,6.5,3.4055,6.6275],"rotation":0,"texture":"#0","tintindex":0},"up":{"uv":[3.125,6.5,3.4055,6.6275],"rotation":0,"texture":"#0","tintindex":0},"west":{"uv":[3.125,6.5,3.4055,6.6275],"rotation":0,"texture":"#0","tintindex":0}}}],"display":{"head":{"translation":[0.0,-6.4,0.0],"rotation":[0.0,0.0,0.0],"scale":[3.8095,3.8095,3.8095]}}}