{"textures":{"0":"modelengine:entity/fyresalamander","1":"modelengine:entity/fireanimation"},"elements":[{"name":"cube","from":[6.7518406,6.5176764,7.782569],"to":[8.63624,7.6048307,8.217431],"rotation":{"angle":45.0,"axis":"z","origin":[7.6940413,7.18752,8.0]},"faces":{"down":{"uv":[2.5625,6.78125,2.7076862,7.032906],"rotation":90,"texture":"#0","tintindex":0},"east":{"uv":[2.5625,6.78125,2.7076862,7.032906],"rotation":90,"texture":"#0","tintindex":0},"north":{"uv":[2.5625,6.78125,2.7076862,7.032906],"rotation":90,"texture":"#0","tintindex":0},"south":{"uv":[2.5625,6.78125,2.7076862,7.032906],"rotation":90,"texture":"#0","tintindex":0},"up":{"uv":[2.5625,6.78125,2.7076862,7.032906],"rotation":90,"texture":"#0","tintindex":0},"west":{"uv":[2.5625,6.78125,2.7076862,7.032906],"rotation":90,"texture":"#0","tintindex":0}}},{"name":"cube","from":[-3.211156,3.9286153,7.9275227],"to":[6.2821207,4.146046,8.072476],"rotation":{"angle":45.0,"axis":"z","origin":[3.447262,6.52709,8.0]},"faces":{"down":{"uv":[1.021875,7.8702703,1.0540886,7.85],"rotation":0,"texture":"#0","tintindex":0},"east":{"uv":[1.021875,7.8702703,1.0540886,7.85],"rotation":0,"texture":"#0","tintindex":0},"north":{"uv":[1.021875,7.8702703,1.0540886,7.85],"rotation":0,"texture":"#0","tintindex":0},"south":{"uv":[1.021875,7.8702703,1.0540886,7.85],"rotation":0,"texture":"#0","tintindex":0},"up":{"uv":[1.021875,7.8702703,1.0540886,7.85],"rotation":0,"texture":"#0","tintindex":0},"west":{"uv":[1.021875,7.8702703,1.0540886,7.85],"rotation":0,"texture":"#0","tintindex":0}}}],"display":{"head":{"translation":[0.0,-6.4,0.0],"rotation":[0.0,0.0,0.0],"scale":[3.8095,3.8095,3.8095]}}}